document_id,publication_document_id,model,corpus,topic_id,topic_probability,hdbscan_membership_strength,bertopic_topic_distribution_max,bertopic_second_topic_id,bertopic_second_distribution,probability_margin,outlier_score,is_outlier,is_ambiguous,year,language,title,doi,source,corpus_unit,topic_original,topic_after_outlier_reduction,outlier_reassigned,original_topic,suggested_topic,reassignment_method,reassignment_confidence,accepted_reassignment,relevance_status,relevance_score,silhouette,distance_to_centroid,local_consistency,nearest_topic,nearest_centroid_similarity,second_nearest_topic,second_nearest_centroid_similarity,assignment_margin,semantic_distance_to_centroid
doi:10.14409/ie.2023.19.e0054,doi:10.14409/ie.2023.19.e0054,BERTopic-ARGENTINA-2020-2026,metadata,0,1.0,1.0,1.0,1,1.536936512921307e-308,1.0,0.0,False,False,2023,es,«Una aspiración que asusta»,10.14409/ie.2023.19.e0054,OpenAlex,metadata,0,0,False,0,,,,False,alta,9,-0.147682,1.661646,0.8,0,0.799139,1,0.758085,0.041055,0.200861
doi:10.14507/epaa.28.4147,doi:10.14507/epaa.28.4147,BERTopic-ARGENTINA-2020-2026,metadata,0,0.9195046971291481,0.919505,0.7306276376009377,2,0.1133926109074403,0.6172350266934974,0.202491,False,False,2020,es,Políticas y prácticas en la formación de directivos escolares en Argentina. Tensiones discursivas y experienciales,10.14507/epaa.28.4147,OpenAlex,metadata,0,0,False,0,,,,False,alta,21,0.136584,1.174873,0.6,0,0.901886,2,0.842328,0.059559,0.098113
doi:10.14507/epaa.28.4162,doi:10.14507/epaa.28.4162,BERTopic-ARGENTINA-2020-2026,metadata,0,0.9717403872790584,0.97174,0.4144994867511522,1,0.2967584713662474,0.11774101538490483,0.157186,False,False,2020,es,Alianza estado-sociedad C=civil: Debates y desafíos en la co-gestión de políticas de inclusión educativa en Uruguay y Argentina,10.14507/epaa.28.4162,OpenAlex,metadata,0,0,False,0,,,,False,alta,6,0.254019,1.049255,0.7,0,0.881001,2,0.825853,0.055148,0.118999
doi:10.14679/5036,doi:10.14679/5036,BERTopic-ARGENTINA-2020-2026,metadata,0,1.0,1.0,1.0,1,1.3487582082463296e-308,1.0,0.0,False,False,2026,es,"La inclusión gerenciada. Dirección escolar, políticas educativas y territorio",10.14679/5036,OpenAlex,metadata,0,0,False,0,,,,False,alta,12,0.081671,1.318867,1.0,2,0.874395,0,0.870903,0.003491,0.129097
doi:10.15366/reice2021.19.1.005,doi:10.15366/reice2021.19.1.005,BERTopic-ARGENTINA-2020-2026,metadata,0,1.0,1.0,1.0,1,1.232658664494018e-308,1.0,0.0,False,False,2020,es,Liderazgo Directivo en Escuelas que Superan las Barreras del Contexto,10.15366/reice2021.19.1.005,OpenAlex,metadata,0,0,False,0,,,,False,alta,14,-0.112238,2.029229,1.0,2,0.79257,0,0.785346,0.007224,0.214654
doi:10.15366/reps2022.7.2.009,doi:10.15366/reps2022.7.2.009,BERTopic-ARGENTINA-2020-2026,metadata,-1,0.0,0.0,0.5806295970802896,2,0.18371321981836475,0.39691637726192486,0.259482,True,False,2022,es,"Filantropía empresarial, Estado y formación de directivos de escuelas secundarias en Argentina. Estudio de caso sobre la Fundación Córdoba Mejora",10.15366/reps2022.7.2.009,OpenAlex,metadata,-1,-1,False,-1,0,nearest_semantic_centroid,0.832081,False,alta,14,,,0.4,0,0.832081,2,0.782814,0.049267,
doi:10.15366/tp2021.37.002,doi:10.15366/tp2021.37.002,BERTopic-ARGENTINA-2020-2026,metadata,2,1.0,1.0,1.0,0,8.102577064486975e-309,1.0,0.0,False,False,2020,es,Programas educativos dirigidos a poblaciones de los territorios rurales. Experiencias en Argentina y México,10.15366/tp2021.37.002,OpenAlex,metadata,2,2,False,2,,,,False,alta,9,0.595502,0.639947,1.0,2,0.91728,0,0.859393,0.057886,0.08272
doi:10.15448/1984-7289.2022.1.41864,doi:10.15448/1984-7289.2022.1.41864,BERTopic-ARGENTINA-2020-2026,metadata,0,0.9868444029343455,0.986844,0.4373216442602596,2,0.2903768608983702,0.14694478336188938,0.144086,False,False,2022,es,Las desigualdades educativas en Argentina,10.15448/1984-7289.2022.1.41864,OpenAlex,metadata,0,0,False,0,,,,False,alta,9,0.108956,1.79855,1.0,0,0.830153,2,0.816695,0.013458,0.169847
doi:10.17163/alt.v18n2.2023.06,doi:10.17163/alt.v18n2.2023.06,BERTopic-ARGENTINA-2020-2026,metadata,0,1.0,1.0,1.0,1,1.403367714235054e-308,1.0,0.0,False,False,2023,en,Diagnóstico de las competencias de liderazgo escolar en directivos salesianos,10.17163/alt.v18n2.2023.06,OpenAlex,metadata,0,0,False,0,,,,False,alta,21,-0.241688,2.396554,1.0,0,0.693057,1,0.677563,0.015494,0.306943
doi:10.17632/vtc55dyc4n,doi:10.17632/vtc55dyc4n,BERTopic-ARGENTINA-2020-2026,metadata,0,0.9868444029343455,0.986844,0.45150367563541105,2,0.28396139336120085,0.1675422822742102,0.144086,False,False,2026,es,"Impacto de la Inteligencia Artificial en Procesos Educativos en Latinoamérica: Rendimiento Académico, Motivación y Autorregulación del Aprendizaje",10.17632/vtc55dyc4n,OpenAlex,metadata,0,0,False,0,,,,False,alta,9,0.134017,1.70984,0.9,0,0.736697,2,0.698257,0.03844,0.263303
doi:10.19137/els-2026-262609,doi:10.19137/els-2026-262609,BERTopic-ARGENTINA-2020-2026,metadata,0,1.0,1.0,1.0,1,1.0193585859285385e-308,1.0,0.0,False,False,2026,es,School management and learning improvement. The pedagogical a dimension of the management work,10.19137/els-2026-262609,OpenAlex,metadata,0,0,False,0,,,,False,alta,21,-0.013567,1.937802,0.9,2,0.781079,0,0.751222,0.029857,0.248778
doi:10.21573/vol42n12026.139503,doi:10.21573/vol42n12026.139503,BERTopic-ARGENTINA-2020-2026,metadata,0,1.0,1.0,1.0,1,1.316846968706164e-308,1.0,0.0,False,False,2026,es,Elogio al liderazgo escolar. Un revisión crítica,10.21573/vol42n12026.139503,OpenAlex,metadata,0,0,False,0,,,,False,alta,23,-0.164986,2.146583,1.0,0,0.81289,2,0.783485,0.029404,0.18711
doi:10.22201/iisue.24486167e.2025.47.61920,doi:10.22201/iisue.24486167e.2025.47.61920,BERTopic-ARGENTINA-2020-2026,metadata,0,1.0,1.0,1.0,1,1.3310065830933253e-308,1.0,0.0,False,False,2025,es,¿Volverse el error de la matrix?,10.22201/iisue.24486167e.2025.47.61920,OpenAlex,metadata,0,0,False,0,,,,False,alta,14,-0.21668,2.414703,1.0,0,0.727801,2,0.676257,0.051545,0.272199
doi:10.22529/dp.2021.19(38)11,doi:10.22529/dp.2021.19(38)11,BERTopic-ARGENTINA-2020-2026,metadata,0,1.0,1.0,1.0,2,1.1795470052011797e-308,1.0,0.0,False,False,2021,es,La dirección escolar en la normativa vigente de la provincia de Córdoba,10.22529/dp.2021.19(38)11,OpenAlex,metadata,0,0,False,0,,,,False,alta,17,0.148231,1.273387,0.8,0,0.818507,2,0.764975,0.053532,0.181493
doi:10.30972/riie.16228016,doi:10.30972/riie.16228016,BERTopic-ARGENTINA-2020-2026,metadata,-1,0.0,0.0,0.19259067833126836,0,0.1181352682040166,0.07445541012725176,0.663213,True,False,2024,es,Escuelas rurales santafesinas en tiempo de pandemia: innovación en las prácticas institucionales,10.30972/riie.16228016,OpenAlex,metadata,-1,-1,False,-1,2,nearest_semantic_centroid,0.838579,False,alta,14,,,1.0,2,0.838579,0,0.773754,0.064826,
doi:10.30972/riie.16228044,doi:10.30972/riie.16228044,BERTopic-ARGENTINA-2020-2026,metadata,-1,0.0,0.0,0.5544949694744147,2,0.22813584813647175,0.3263591213379429,0.276365,True,False,2024,es,"La gestión educativa de la escuela secundaria: aportes desde la perspectiva de directivos de la provincia de Buenos Aires, entre 2010 y 2020",10.30972/riie.16228044,OpenAlex,metadata,-1,-1,False,-1,0,nearest_semantic_centroid,0.865644,False,alta,19,,,0.2,0,0.865644,2,0.846785,0.018859,
doi:10.30972/riie.16228046,doi:10.30972/riie.16228046,BERTopic-ARGENTINA-2020-2026,metadata,0,1.0,1.0,1.0,1,1.072313849307562e-308,1.0,0.0,False,False,2024,es,"Las palabras permanecen, ¿Cambian los significados? Un análisis acerca de la progresiva consolidación del enfoque de la gestión escolar",10.30972/riie.16228046,OpenAlex,metadata,0,0,False,0,,,,False,alta,21,0.044443,1.640537,1.0,0,0.815174,2,0.759517,0.055657,0.184826
doi:10.32541/recie.2020.v4i1.pp20-33,doi:10.32541/recie.2020.v4i1.pp20-33,BERTopic-ARGENTINA-2020-2026,metadata,0,1.0,1.0,1.0,2,1.1111572065336086e-308,1.0,0.0,False,False,2020,es,Régimen Académico y Educación Secundaria: Procesos de recontextualización y tensiones en la gestión y culturas escolares,10.32541/recie.2020.v4i1.pp20-33,OpenAlex,metadata,0,0,False,0,,,,False,alta,14,0.153538,1.396053,1.0,0,0.820653,2,0.769107,0.051547,0.179347
doi:10.33255/26184141/1568e0018,doi:10.33255/26184141/1568e0018,BERTopic-ARGENTINA-2020-2026,metadata,0,1.0,1.0,1.0,1,1.1197118163674985e-308,1.0,0.0,False,False,2023,es,"El trabajo de dirigir: apuntes conceptuales sobre la dirección escolar en Argentina, 2001- 2020",10.33255/26184141/1568e0018,OpenAlex,metadata,0,0,False,0,,,,False,alta,16,-0.01906,1.810019,1.0,0,0.848746,2,0.79549,0.053256,0.151254
doi:10.33255/26184141/2437e0066,doi:10.33255/26184141/2437e0066,BERTopic-ARGENTINA-2020-2026,metadata,-1,0.0,0.0,0.39355327210995955,0,0.3195888937594654,0.07396437835049413,0.235456,True,False,2026,es,"Corporaciones, petróleo y educación en Neuquén. El caso de Pan American Energy",10.33255/26184141/2437e0066,OpenAlex | CONICET Digital,metadata,-1,-1,False,-1,2,nearest_semantic_centroid,0.686976,False,alta,10,,,1.0,2,0.686976,0,0.684021,0.002956,
doi:10.33881/2027-1786.rip.13105,doi:10.33881/2027-1786.rip.13105,BERTopic-ARGENTINA-2020-2026,metadata,1,1.0,1.0,1.0,0,1.039271643641238e-308,1.0,0.0,False,False,2020,es,Incidencia del clima familiar y escolar en la conducta de ciberacoso: Estudio con adolescentes de Córdoba (Argentina),10.33881/2027-1786.rip.13105,OpenAlex,metadata,1,1,False,1,,,,False,alta,9,0.721904,0.546897,1.0,1,0.839013,2,0.739447,0.099566,0.160987
doi:10.34096/bol.rav.n56.10876,doi:10.34096/bol.rav.n56.10876,BERTopic-ARGENTINA-2020-2026,metadata,0,1.0,1.0,1.0,1,2.063794785219761e-308,1.0,0.0,False,False,2022,es,"Política, género y formación: las críticas al normalismo en su período de expansión (1884-1920)",10.34096/bol.rav.n56.10876,OpenAlex,metadata,0,0,False,0,,,,False,alta,6,-0.218836,1.682839,0.9,0,0.758725,1,0.703296,0.055429,0.241275
doi:10.34096/iice.n47.9641,doi:10.34096/iice.n47.9641,BERTopic-ARGENTINA-2020-2026,metadata,0,1.0,1.0,1.0,1,1.236763706418213e-308,1.0,0.0,False,False,2020,es,Hacia una genealogía de la experiencia: La gestión escolar en una escuela de creación (2009-2015),10.34096/iice.n47.9641,OpenAlex,metadata,0,0,False,0,,,,False,alta,11,-0.112507,1.987963,1.0,2,0.754473,0,0.750276,0.004197,0.249724
doi:10.35305/revista.vi43.206,doi:10.35305/revista.vi43.206,BERTopic-ARGENTINA-2020-2026,metadata,0,1.0,1.0,1.0,1,1.571236170734614e-308,1.0,0.0,False,False,2022,es,participación de los niños en la gestión escolar:,10.35305/revista.vi43.206,OpenAlex,metadata,0,0,False,0,,,,False,alta,11,-0.192093,1.802041,1.0,1,0.808199,0,0.802066,0.006134,0.197934
doi:10.35537/10915/111583,doi:10.35537/10915/111583,BERTopic-ARGENTINA-2020-2026,metadata,0,1.0,1.0,1.0,1,1.0652978734545433e-308,1.0,0.0,False,False,2020,es,Administración de la Educación : Modelos y racionalidades de gestión,10.35537/10915/111583,OpenAlex,metadata,0,0,False,0,,,,False,alta,6,0.007663,1.909357,1.0,0,0.682204,2,0.664756,0.017448,0.317796
doi:10.35537/10915/187532,doi:10.35537/10915/187532,BERTopic-ARGENTINA-2020-2026,metadata,0,1.0,1.0,1.0,1,1.0338941228676603e-308,1.0,0.0,False,False,2025,es,Las radios universitarias: la gestión de su institución educativa,10.35537/10915/187532,OpenAlex,metadata,0,0,False,0,,,,False,alta,8,0.132783,1.539104,1.0,0,0.689553,2,0.653804,0.03575,0.310446
doi:10.37811/cl_rcm.v7i2.6016,doi:10.37811/cl_rcm.v7i2.6016,BERTopic-ARGENTINA-2020-2026,metadata,-1,0.0,0.0,0.45196881018118706,0,0.1957911377592307,0.2561776724219563,0.39515,True,False,2023,es,Cualificación docente en habilidades blandas como factor de mejora de la gestión escolar en tres Instituciones Educativas Rurales de Montería,10.37811/cl_rcm.v7i2.6016,OpenAlex,metadata,-1,-1,False,-1,2,nearest_semantic_centroid,0.847743,False,alta,11,,,0.2,2,0.847743,0,0.800009,0.047734,
doi:10.47069/estudios-ambientales.v9i2.1291,doi:10.47069/estudios-ambientales.v9i2.1291,BERTopic-ARGENTINA-2020-2026,metadata,-1,0.0,0.0,0.49734743100039086,0,0.2736767934480576,0.22367063755233324,0.275025,True,False,2021,es,"Educación para el desarrollo sostenible ¿Cuánto saben los jóvenes sobre temas ambientales? Estudio de caso en Lujan, Argentina",10.47069/estudios-ambientales.v9i2.1291,OpenAlex,metadata,-1,-1,False,-1,2,nearest_semantic_centroid,0.756329,False,alta,9,,,1.0,2,0.756329,0,0.730876,0.025453,
doi:10.48102/riber.v1i1.13,doi:10.48102/riber.v1i1.13,BERTopic-ARGENTINA-2020-2026,metadata,2,1.0,1.0,1.0,0,8.73144692748087e-309,1.0,0.0,False,False,2024,es,Formación de docentes para la gestión de escuelas rurales en Argentina,10.48102/riber.v1i1.13,OpenAlex,metadata,2,2,False,2,,,,False,alta,9,0.616624,0.57197,1.0,2,0.896937,0,0.794108,0.102829,0.103063
doi:10.52501/cc.310.11,doi:10.52501/cc.310.11,BERTopic-ARGENTINA-2020-2026,metadata,-1,0.0,0.0,0.48304345003128724,0,0.2638685558196165,0.21917489421167075,0.235456,True,False,2025,es,Del Programa Aprendizajes Clave a la Nueva Escuela Mexicana,10.52501/cc.310.11,OpenAlex,metadata,-1,-1,False,-1,0,nearest_semantic_centroid,0.803885,False,alta,5,,,1.0,0,0.803885,2,0.772005,0.03188,
doi:10.59427/rcli/2023/v23cs.3717-3724,doi:10.59427/rcli/2023/v23cs.3717-3724,BERTopic-ARGENTINA-2020-2026,metadata,0,1.0,1.0,1.0,1,1.189400738694599e-308,1.0,0.0,False,False,2023,es,Relación entre la gestión escolar y el liderazgo directivo con el perfil de egreso en los estudiantes de la red educativa Santa Cruz,10.59427/rcli/2023/v23cs.3717-3724,OpenAlex,metadata,0,0,False,0,,,,False,alta,21,-0.057453,1.833135,1.0,0,0.829665,2,0.812502,0.017164,0.170335
doi:10.61616/rvdc.v7i2.1622,doi:10.61616/rvdc.v7i2.1622,BERTopic-ARGENTINA-2020-2026,metadata,2,0.9621096443228815,0.96211,0.6236020747182313,0,0.20957366572410982,0.4140284089941214,0.03789,False,False,2026,es,La gestión del tiempo en la Jornada Escolar Extendida: Un análisis de su impacto y desafíos en los niveles Primario y Secundario en Iberoamérica,10.61616/rvdc.v7i2.1622,OpenAlex,metadata,2,2,False,2,,,,False,alta,4,0.486618,0.726559,0.7,2,0.77497,0,0.760177,0.014792,0.22503
record:f3a18c3c527d013ac23d2cb5,record:f3a18c3c527d013ac23d2cb5,BERTopic-ARGENTINA-2020-2026,metadata,0,1.0,1.0,1.0,1,1.3884857393747375e-308,1.0,0.0,False,False,2026,es,150 años de la Ley de Educación de 1875 y la cuestión vigente de la participación comunitaria,,CONICET Digital,metadata,0,0,False,0,,,,False,alta,9,-0.046352,1.641526,1.0,0,0.733248,2,0.731745,0.001503,0.266752
record:e8c0d916f16a1aa2841f1067,record:e8c0d916f16a1aa2841f1067,BERTopic-ARGENTINA-2020-2026,metadata,0,0.9086834606886537,0.908683,0.3614978606007949,2,0.2818170963566518,0.07968076424414311,0.211877,False,False,2026,es,A heart failure program in low-income patients in Argentina(COMM-HF),,CONICET Digital,metadata,0,0,False,0,,,,False,alta,6,0.16421,1.121889,0.9,0,0.365526,2,0.345551,0.019975,0.634474
record:e477d8dc4c31b515c980e27b,record:e477d8dc4c31b515c980e27b,BERTopic-ARGENTINA-2020-2026,metadata,-1,0.0,0.0,0.28725582098541985,0,0.26217790053495516,0.025077920450464697,0.464693,True,False,2022,es,ABP en la escuela secundaria: análisis de la gestión de un proyecto sobre el crecimiento de plantas y sus vínculos con la matemática,,CONICET Digital,metadata,-1,-1,False,-1,2,nearest_semantic_centroid,0.705343,False,alta,4,,,0.4,2,0.705343,0,0.683265,0.022078,
record:abbefc8ae70b4bfc2c362e75,record:abbefc8ae70b4bfc2c362e75,BERTopic-ARGENTINA-2020-2026,metadata,0,0.9492174077934378,0.949217,0.40409405742759014,2,0.2911443622180447,0.11294969520954545,0.176721,False,False,2026,es,Acceso de los pueblos indígenas del Chaco a la cultura escrita en el contexto de la Educación Bilingüe Intercultural (1987/2015),,CONICET Digital,metadata,0,0,False,0,,,,False,alta,9,0.141105,1.53546,1.0,0,0.709318,2,0.616839,0.092479,0.290682
record:4c160eca9b8a3ac3112bde69,record:4c160eca9b8a3ac3112bde69,BERTopic-ARGENTINA-2020-2026,metadata,-1,0.0,0.0,0.24026609257324968,2,0.21163675361863,0.028629338954619693,0.484076,True,False,2022,es,Acceso y uso de las Tecnologías de la Información y Comunicación (TIC) en la Escuela Secundaria en diferentes contextos socioeconómicos en Argentina,,CONICET Digital,metadata,-1,-1,False,-1,2,nearest_semantic_centroid,0.726781,False,alta,9,,,1.0,2,0.726781,0,0.70724,0.019541,
record:31b9a14e899b4de05b6ceabd,record:31b9a14e899b4de05b6ceabd,BERTopic-ARGENTINA-2020-2026,metadata,2,1.0,1.0,1.0,0,9.218508686018996e-309,1.0,0.0,False,False,2024,es,Acerca de las particularidades de las prácticas docentes de les maestres de apoyo a la inclusión en contextos de ruralidad en la provincia de Chubut,,CONICET Digital,metadata,2,2,False,2,,,,False,alta,14,0.570747,0.729368,0.9,2,0.79712,0,0.762582,0.034538,0.20288
record:c7a1e68c1207c39bf8d539e6,record:c7a1e68c1207c39bf8d539e6,BERTopic-ARGENTINA-2020-2026,metadata,1,1.0,1.0,1.0,0,9.99319440902477e-309,1.0,0.0,False,False,2021,es,Acerca del autoconcepto en adolescentes de escuelas secundarias. Un análisis en contextos vulnerables,,CONICET Digital,metadata,1,1,False,1,,,,False,alta,1,0.766619,0.338763,1.0,1,0.844679,2,0.594569,0.25011,0.155321
record:1a028c34058e093da8271c1f,record:1a028c34058e093da8271c1f,BERTopic-ARGENTINA-2020-2026,metadata,1,1.0,1.0,1.0,0,9.15541699837007e-309,1.0,0.0,False,False,2022,es,Activities in adolescence: Optimal experiences and self-perceptions,,CONICET Digital,metadata,1,1,False,1,,,,False,alta,5,0.746993,0.509205,1.0,1,0.681192,2,0.482658,0.198534,0.318808
record:9e5b1809a081cc46f347d0f6,record:9e5b1809a081cc46f347d0f6,BERTopic-ARGENTINA-2020-2026,metadata,-1,0.0,0.0,0.37642302987769805,0,0.32707932346298746,0.049343706414710586,0.235456,True,False,2021,es,Actores y estrategias en la construcción del texto ley para la educación técnico profesional en Argentina,,CONICET Digital,metadata,-1,-1,False,-1,0,nearest_semantic_centroid,0.793019,False,alta,10,,,1.0,0,0.793019,2,0.715304,0.077715,
record:2ba46103c486d9b38f2ecc5c,record:2ba46103c486d9b38f2ecc5c,BERTopic-ARGENTINA-2020-2026,metadata,-1,0.0,0.0,0.5387334585397333,1,0.21613370382739613,0.32259975471233715,0.280196,True,False,2024,es,Adaptación y Validación del Cuestionario de Dimensiones y Facilitadores del Compromiso Escolar para la escolaridad primaria,,CONICET Digital,metadata,-1,-1,False,-1,2,nearest_semantic_centroid,0.767343,False,alta,1,,,0.1,2,0.767343,1,0.737743,0.0296,
record:db890c9a004909f8c4dd6b54,record:db890c9a004909f8c4dd6b54,BERTopic-ARGENTINA-2020-2026,metadata,1,1.0,1.0,1.0,0,9.67203251697688e-309,1.0,0.0,False,False,2023,en,Adolescent loneliness assessment,,CONICET Digital,metadata,1,1,False,1,,,,False,alta,5,0.758727,0.421048,1.0,1,0.668183,2,0.42081,0.247374,0.331817
record:048a367bdf16eff245e01f7a,record:048a367bdf16eff245e01f7a,BERTopic-ARGENTINA-2020-2026,metadata,0,0.9492174077934378,0.949217,0.3650276142216026,0,0.3208324599086006,0.04419515431300203,0.176721,False,False,2024,es,Adolescentes inmigrantes en escuelas medias de Buenos Aires: Experiencias de discriminación y barreras para la integración,,CONICET Digital,metadata,0,0,False,0,,,,False,alta,5,0.194588,1.483025,0.9,0,0.802288,2,0.774938,0.02735,0.197712
record:4b1119dea012d8b6c9ab0ee8,record:4b1119dea012d8b6c9ab0ee8,BERTopic-ARGENTINA-2020-2026,metadata,-1,0.0,0.0,0.41299056987833754,2,0.3718181816069655,0.04117238827137204,0.275025,True,False,2026,en,Advancing Management of the Main Predatory Sharks Along the Argentine Coast: Leveraging Habitat Use Knowledge and Historical Catch Data,,CONICET Digital,metadata,-1,-1,False,-1,0,nearest_semantic_centroid,0.333394,False,alta,0,,,1.0,0,0.333394,2,0.276703,0.056691,
record:80fee599008a0e8a13066486,record:80fee599008a0e8a13066486,BERTopic-ARGENTINA-2020-2026,metadata,-1,0.0,0.0,0.3159496719427953,1,0.29472863442777797,0.021221037515017305,0.230007,True,False,2023,pt,"Afecto, confianza y autoridad pedagógica en los procesos de transversalización de la Educación Sexual Integral en las escuelas en Argentina",,CONICET Digital,metadata,-1,-1,False,-1,0,nearest_semantic_centroid,0.700742,False,alta,9,,,0.6,0,0.700742,1,0.683685,0.017057,
record:25166a84ae7190e80aa881cd,record:25166a84ae7190e80aa881cd,BERTopic-ARGENTINA-2020-2026,metadata,0,1.0,1.0,1.0,2,7.40874631757112e-309,1.0,0.0,False,False,2024,es,"Alberdi y Sarmiento: Usos y apropiaciones en el espacio politico-educativo, 1880-1912",,CONICET Digital,metadata,0,0,False,0,,,,False,alta,9,0.301964,1.10858,1.0,0,0.888676,2,0.754182,0.134494,0.111324
record:13ad2b0a742a398effc843a2,record:13ad2b0a742a398effc843a2,BERTopic-ARGENTINA-2020-2026,metadata,-1,0.0,0.0,0.5097602974323033,0,0.17964693453495323,0.3301133628973501,0.378722,True,False,2024,es,Alcances y límites de la Economía Circular de los residuos en Argentina: Análisis crítico (y aún preliminar) desde sus narrativas,,CONICET Digital,metadata,-1,-1,False,-1,2,nearest_semantic_centroid,0.620611,False,alta,4,,,0.4,2,0.620611,0,0.615445,0.005166,
record:59f7a4f0ce9e18a610ba51b3,record:59f7a4f0ce9e18a610ba51b3,BERTopic-ARGENTINA-2020-2026,metadata,0,0.9492174077934378,0.949217,0.35037798243559726,0,0.3375449099847866,0.012833072450810667,0.176721,False,False,2022,es,Algunas consideraciones sobre el proceso de enseñanza de español a migrantes senegaleses en Buenos Aires,,CONICET Digital,metadata,0,0,False,0,,,,False,alta,9,0.210425,1.509728,1.0,0,0.763122,2,0.710636,0.052486,0.236879
record:2e702710ae1535cbe3185fab,record:2e702710ae1535cbe3185fab,BERTopic-ARGENTINA-2020-2026,metadata,-1,0.0,0.0,0.4172053167451987,0,0.36869128666035955,0.04851403008483912,0.275025,True,False,2024,es,Ambientes acuáticos de la provincia de Santa Fe: Protocolos de monitoreo con perspectiva socioecológica,,CONICET Digital,metadata,-1,-1,False,-1,0,nearest_semantic_centroid,0.549797,False,alta,6,,,1.0,0,0.549797,2,0.522676,0.027121,
record:532948f0b21718512e4c0f68,record:532948f0b21718512e4c0f68,BERTopic-ARGENTINA-2020-2026,metadata,-1,0.0,0.0,0.6088890794472701,0,0.15254966482539098,0.4563394146218791,0.348382,True,False,2024,en,Analysis of internal and external validity criteria for a computerized visual search task: A pilot study,,CONICET Digital,metadata,-1,-1,False,-1,1,nearest_semantic_centroid,0.302198,False,alta,1,,,0.1,1,0.302198,0,0.278956,0.023243,
record:925f09cd2e31e9ed51b2673b,record:925f09cd2e31e9ed51b2673b,BERTopic-ARGENTINA-2020-2026,metadata,-1,0.0,0.0,0.45031608823218827,0,0.3343250832872267,0.11599100494496156,0.275025,True,False,2021,en,Anticipating the Flood. Community-based cartography for disaster flood events in Argentina,,CONICET Digital,metadata,-1,-1,False,-1,0,nearest_semantic_centroid,0.439129,False,alta,4,,,1.0,0,0.439129,2,0.42102,0.01811,
record:86ee7d9a85bc56a3de2e09f8,record:86ee7d9a85bc56a3de2e09f8,BERTopic-ARGENTINA-2020-2026,metadata,1,1.0,1.0,1.0,0,2.1792228964533224e-308,1.0,0.0,False,False,2024,pt,Anudamientos y cabos sin atar: Experiencias de estudiantes jóvenes y adultos/as en una escuela gestada por una organización política,,CONICET Digital,metadata,1,1,False,1,,,,False,alta,1,0.563414,0.87314,0.7,1,0.821596,0,0.800752,0.020845,0.178404
record:c0138837d9c63f14f2ae83fe,record:c0138837d9c63f14f2ae83fe,BERTopic-ARGENTINA-2020-2026,metadata,1,1.0,1.0,1.0,0,1.0492593071301656e-308,1.0,0.0,False,False,2023,en,Análisis comportamenal aplicado (ACA) y trastornos generalizados del desarrollo (TGD): su evaluación en Argentina,,CONICET Digital,metadata,1,1,False,1,,,,False,alta,4,0.67947,0.882313,1.0,1,0.547333,0,0.464051,0.083282,0.452667
record:b3abbdeb2220003ba9927916,record:b3abbdeb2220003ba9927916,BERTopic-ARGENTINA-2020-2026,metadata,-1,0.0,0.0,0.5305743941837486,1,0.15525568457308098,0.37531870961066766,0.345486,True,False,2020,es,Análisis de la gestión de un dispositivo didáctico formulado en el marco de la TAD,,CONICET Digital,metadata,-1,-1,False,-1,0,nearest_semantic_centroid,0.448858,False,alta,4,,,0.3,0,0.448858,2,0.446984,0.001875,
record:384c73e92cbb0d70335e91ad,record:384c73e92cbb0d70335e91ad,BERTopic-ARGENTINA-2020-2026,metadata,-1,0.0,0.0,0.5659760888759745,2,0.14492238951271313,0.42105369936326137,0.329227,True,False,2020,es,Análisis de la Gestión de un Dispositivo Didáctico por un Estudiante de Profesorado en Matemática,,CONICET Digital,metadata,-1,-1,False,-1,0,nearest_semantic_centroid,0.535288,False,alta,4,,,0.4,0,0.535288,2,0.506576,0.028712,
record:5450f08f343d41d946b00d67,record:5450f08f343d41d946b00d67,BERTopic-ARGENTINA-2020-2026,metadata,0,0.9717403872790584,0.97174,0.3879647870138087,2,0.29397699017423495,0.09398779683957376,0.157186,False,False,2021,es,"Análisis del acceso y permanencia en cinco cohortes (2005 al 2009), del nivel secundario en Argentina y Colombia, para el periodo 2005 al 2014",,CONICET Digital,metadata,0,0,False,0,,,,False,alta,4,0.167658,1.117484,0.8,0,0.752711,2,0.748597,0.004114,0.247289
record:20e228c85da8f29db422febc,record:20e228c85da8f29db422febc,BERTopic-ARGENTINA-2020-2026,metadata,-1,0.0,0.0,0.5081845487288918,0,0.26805703496386796,0.2401275137650239,0.275025,True,False,2022,es,Análisis sobre Educación Ambiental en escuelas primarias municipales del Partido de General Pueyrredon (Argentina),,CONICET Digital,metadata,-1,-1,False,-1,2,nearest_semantic_centroid,0.763691,False,alta,9,,,1.0,2,0.763691,0,0.727454,0.036237,
record:1a4fdeaa9af40af9e1c295d6,record:1a4fdeaa9af40af9e1c295d6,BERTopic-ARGENTINA-2020-2026,metadata,-1,0.0,0.0,0.4732870722488371,0,0.26987992444677195,0.20340714780206515,0.235456,True,False,2022,es,Aprendizaje Basado en Proyectos en la escuela secundaria argentina: un estudio exploratorio sobre la experiencia de profesoras y profesores en servicio,,CONICET Digital,metadata,-1,-1,False,-1,2,nearest_semantic_centroid,0.818867,False,alta,4,,,0.9,2,0.818867,0,0.815262,0.003605,
record:2cfab5bc6b7ea65abe6ee3a2,record:2cfab5bc6b7ea65abe6ee3a2,BERTopic-ARGENTINA-2020-2026,metadata,-1,0.0,0.0,0.44566170236104025,0,0.2898774961508806,0.15578420621015965,0.235456,True,False,2021,es,Aprendizaje-servicio en escuelas argentinas de Bachillerato Internacional,,CONICET Digital,metadata,-1,-1,False,-1,0,nearest_semantic_centroid,0.793989,False,alta,5,,,0.9,0,0.793989,2,0.726164,0.067825,
record:dc49da8a35209981dcf994ab,record:dc49da8a35209981dcf994ab,BERTopic-ARGENTINA-2020-2026,metadata,-1,0.0,0.0,0.516730992035672,2,0.212691770219548,0.304039221816124,0.220034,True,False,2024,es,Argentina 2015-2019 o cuando la política educativa es evaluar: La evaluación estandarizada como instrumento de acción pública,,CONICET Digital,metadata,-1,-1,False,-1,0,nearest_semantic_centroid,0.836197,False,alta,9,,,0.4,0,0.836197,2,0.779853,0.056344,
record:d7642ea8f4cff97aa106f32b,record:d7642ea8f4cff97aa106f32b,BERTopic-ARGENTINA-2020-2026,metadata,0,0.9492174077934378,0.949217,0.37491953032200165,1,0.30106177565009246,0.07385775467190919,0.176721,False,False,2024,en,Argentina: Minority Indigenous Teachers of Bilingual Intercultural Education,,CONICET Digital,metadata,0,0,False,0,,,,False,alta,5,0.19675,1.464666,1.0,0,0.745755,2,0.669486,0.076269,0.254245
record:e242227ab5fce1c6abfcadd0,record:e242227ab5fce1c6abfcadd0,BERTopic-ARGENTINA-2020-2026,metadata,0,1.0,1.0,1.0,2,7.444378925089887e-309,1.0,0.0,False,False,2022,es,Argentina y España: representaciones de la juventud y la cultura física argentinas en imágenes del no-do español,,CONICET Digital,metadata,0,0,False,0,,,,False,alta,5,0.184318,1.675013,1.0,0,0.718449,2,0.600081,0.118368,0.281551
record:403b69362663c08a5e3cb29d,record:403b69362663c08a5e3cb29d,BERTopic-ARGENTINA-2020-2026,metadata,0,1.0,1.0,1.0,2,7.16954989184082e-309,1.0,0.0,False,False,2022,es,Arqueología Forense: La vía argentina,,CONICET Digital,metadata,0,0,False,0,,,,False,alta,5,0.068099,2.514853,1.0,0,0.628552,2,0.478835,0.149716,0.371448
record:ef507d9095fd4b64fa4e0d86,record:ef507d9095fd4b64fa4e0d86,BERTopic-ARGENTINA-2020-2026,metadata,0,1.0,1.0,1.0,2,7.35050084717887e-309,1.0,0.0,False,False,2024,es,"Arqueología, patrimonio y público en el Parque Las Heras: Una primera aproximación",,CONICET Digital,metadata,0,0,False,0,,,,False,alta,4,0.069381,2.434343,1.0,0,0.578259,2,0.498828,0.079431,0.421741
record:b514b87a192fa48b16617529,record:b514b87a192fa48b16617529,BERTopic-ARGENTINA-2020-2026,metadata,0,1.0,1.0,0.8159626749745068,2,0.1139735100477357,0.7019891649267711,0.036321,False,False,2024,es,Arqueología y cómics: Ciencia y educación en la comunicación sobre el pasado ancestral de Tucumán en las aulas,,CONICET Digital,metadata,0,0,False,0,,,,False,alta,5,0.166457,1.8486,1.0,0,0.63566,2,0.51419,0.12147,0.364339
record:cb8235d8c531770e49703800,record:cb8235d8c531770e49703800,BERTopic-ARGENTINA-2020-2026,metadata,-1,0.0,0.0,0.3622226661504378,2,0.3338120278054915,0.028410638344946282,0.347469,True,False,2023,es,Arquitectura oficial contemporánea y espacio social en las escuelas rurales de montaña en el contexto de las comunidades indígenas tucumanas (Argentina),,CONICET Digital,metadata,-1,-1,False,-1,2,nearest_semantic_centroid,0.814432,False,alta,5,,,0.6,2,0.814432,0,0.790499,0.023933,
record:a1dad4fea5d1d1c14f53146d,record:a1dad4fea5d1d1c14f53146d,BERTopic-ARGENTINA-2020-2026,metadata,-1,0.0,0.0,0.27436446061639547,0,0.1680552701525511,0.10630919046384438,0.549885,True,False,2024,es,Arraigo y proyectos de futuro de jóvenes del Delta Bonaerense del Paraná (Argentina),,CONICET Digital,metadata,-1,-1,False,-1,0,nearest_semantic_centroid,0.800575,False,alta,5,,,0.8,0,0.800575,2,0.79596,0.004615,
record:1ad61eb4d669c45d4cfd239f,record:1ad61eb4d669c45d4cfd239f,BERTopic-ARGENTINA-2020-2026,metadata,0,1.0,1.0,1.0,2,7.65791975760352e-309,1.0,0.0,False,False,2021,es,Arte rupestre y experiencias comunicativas en la construcción de vínculos con el público escolar del valle inferior del río Manso y El Foyel (Río Negro),,CONICET Digital,metadata,0,0,False,0,,,,False,alta,0,0.090332,2.127103,1.0,0,0.67769,2,0.604145,0.073546,0.32231
record:e58e3e1beb684efd71c3247f,record:e58e3e1beb684efd71c3247f,BERTopic-ARGENTINA-2020-2026,metadata,0,1.0,1.0,1.0,1,1.463590929045126e-308,1.0,0.0,False,False,2024,es,Articulaciones locales en la implementación del programa Red Comunitaria de Apoyo Escolar: sentidos y representaciones de los actores según sus posiciones en el territorio,,CONICET Digital,metadata,0,0,False,0,,,,False,alta,14,-0.071051,1.562115,1.0,2,0.762387,0,0.723403,0.038985,0.276597
record:bd35f001f72d57f030ab8719,record:bd35f001f72d57f030ab8719,BERTopic-ARGENTINA-2020-2026,metadata,-1,0.0,0.0,0.3884183423783181,0,0.33948813305233944,0.04893020932597869,0.235456,True,False,2022,pt,Asistir a clase: ¿Placer u obligación? Tensiones docentes en torno al registro de la asistencia estudiantil en un Bachillerato Popular,,CONICET Digital,metadata,-1,-1,False,-1,0,nearest_semantic_centroid,0.670556,False,alta,5,,,0.9,0,0.670556,1,0.643741,0.026814,
record:7bbc958a83c2b520813dbdad,record:7bbc958a83c2b520813dbdad,BERTopic-ARGENTINA-2020-2026,metadata,0,0.9291560971333206,0.929156,0.42268750505611685,2,0.2702766928865874,0.15241081216952945,0.19412,False,False,2025,es,Aula de literatura e inclusión socioeducativa: Un estudio en escuelas primarias de Tucumán,,CONICET Digital,metadata,0,0,False,0,,,,False,alta,1,0.27819,0.893701,0.9,0,0.854674,2,0.778947,0.075727,0.145326
record:f6ae5627a1db3b132181120c,record:f6ae5627a1db3b132181120c,BERTopic-ARGENTINA-2020-2026,metadata,1,1.0,1.0,1.0,0,1.1599641128453363e-308,1.0,0.0,False,False,2021,es,Autoconcepto y percepción infantil de las pautas parentales de crianza,,CONICET Digital,metadata,1,1,False,1,,,,False,alta,5,0.665856,0.867805,0.9,1,0.667294,0,0.537937,0.129357,0.332706
record:a395e818f2ceac5b59253d05,record:a395e818f2ceac5b59253d05,BERTopic-ARGENTINA-2020-2026,metadata,-1,0.0,0.0,0.4696181039376256,0,0.31666792949572176,0.15295017444190384,0.275025,True,False,2023,es,"Avances en el diseño e implementación de un esquema de colaboración abierta distribuida y en la cuantificación de la vulnerabilidad: Caso de estudio: Inundaciones urbanas en Villa Páez, Córdoba, Argentina",,CONICET Digital,metadata,-1,-1,False,-1,2,nearest_semantic_centroid,0.553991,False,alta,5,,,1.0,2,0.553991,0,0.543002,0.010989,
record:b2c179158b0c3fca7e44e053,record:b2c179158b0c3fca7e44e053,BERTopic-ARGENTINA-2020-2026,metadata,0,1.0,1.0,1.0,2,8.074364003288364e-309,1.0,0.0,False,False,2026,es,"Ave símbolo de la Provincia de Córdoba (Argentina): Desarrollo, aprendizajes y proyecciones",,CONICET Digital,metadata,0,0,False,0,,,,False,alta,9,0.154894,1.576161,1.0,0,0.776184,2,0.669117,0.107067,0.223816
record:6bece7262f7251d3eab3bf97,record:6bece7262f7251d3eab3bf97,BERTopic-ARGENTINA-2020-2026,metadata,-1,0.0,0.0,0.1860494364466397,0,0.12112325040692247,0.06492618603971724,0.663213,True,False,2024,es,Años  luz  de  distancia  educativa:  las  desigualdades  tecnológicas  entre escuelas primarias públicas y privadas después de la pandemia,,CONICET Digital,metadata,-1,-1,False,-1,2,nearest_semantic_centroid,0.656103,False,alta,5,,,1.0,2,0.656103,0,0.624252,0.031851,
record:f23dec4cd537605eff387c92,record:f23dec4cd537605eff387c92,BERTopic-ARGENTINA-2020-2026,metadata,-1,0.0,0.0,0.28615367119386115,2,0.2590890397131156,0.02706463148074556,0.432396,True,False,2022,es,Bachilleratos Populares en Argentina: educación desde los Movimientos Sociales,,CONICET Digital,metadata,-1,-1,False,-1,0,nearest_semantic_centroid,0.828774,False,alta,4,,,0.7,0,0.828774,2,0.769002,0.059771,
record:e377f8c4dc50a31b0754f88d,record:e377f8c4dc50a31b0754f88d,BERTopic-ARGENTINA-2020-2026,metadata,2,0.9589039091577243,0.958904,0.6061880005242818,0,0.2075669805018151,0.3986210200224667,0.041096,False,False,2024,es,Base de datos construida a partir de la encuesta aplicada a estudiantes de escuelas secundarias de gestión pública de CABA,,CONICET Digital,metadata,2,2,False,2,,,,False,alta,1,0.470083,0.818825,0.6,2,0.580203,0,0.524374,0.055829,0.419796
record:b7ec8ffbb25a55e313e6d039,record:b7ec8ffbb25a55e313e6d039,BERTopic-ARGENTINA-2020-2026,metadata,0,0.9291560971333206,0.929156,0.37618050401051706,1,0.276773397267645,0.09940710674287206,0.19412,False,False,2022,en,Becoming TED speakers in school: student development through participation in TED-Ed clubs,,CONICET Digital,metadata,0,0,False,0,,,,False,alta,5,0.256463,0.986054,1.0,0,0.522196,1,0.516016,0.00618,0.477804
record:9597b26dd6f6ccce321da52b,record:9597b26dd6f6ccce321da52b,BERTopic-ARGENTINA-2020-2026,metadata,0,1.0,1.0,1.0,2,7.61234776013607e-309,1.0,0.0,False,False,2025,es,Breve expedición del Prof. Martín Doello-Jurado a Dolores: hallazgos y vínculos locales. Un claro ejemplo del modelo de trabajo de campo implementado en su primer año como director del MACN,,CONICET Digital,metadata,0,0,False,0,,,,False,alta,9,0.213719,1.462451,1.0,0,0.645952,2,0.598288,0.047664,0.354048
record:5b0071c563bd9a48b38d86dd,record:5b0071c563bd9a48b38d86dd,BERTopic-ARGENTINA-2020-2026,metadata,2,1.0,1.0,1.0,0,7.621772445302886e-309,1.0,0.0,False,True,2023,es,¿Cambian los flujos de nitrógeno en maíz fertilizado seguido por un cultivo de cobertura ante diferentes condiciones hídricas?,,CONICET Digital,metadata,2,2,False,2,,,,False,alta,5,0.469255,1.408618,0.7,2,0.335666,0,0.234721,0.100945,0.664334
record:e332428d4d9a9a101e14edb8,record:e332428d4d9a9a101e14edb8,BERTopic-ARGENTINA-2020-2026,metadata,-1,0.0,0.0,0.37894271701580523,0,0.3236360103125599,0.055306706703245334,0.235456,True,False,2021,es,"Cambios y permanencias en las prácticas de enseñanza con TIC, Neuquén, Argentina",,CONICET Digital,metadata,-1,-1,False,-1,0,nearest_semantic_centroid,0.788257,False,alta,5,,,1.0,0,0.788257,2,0.743927,0.044331,
record:89c644c5b9afc894eb612638,record:89c644c5b9afc894eb612638,BERTopic-ARGENTINA-2020-2026,metadata,0,1.0,1.0,1.0,2,7.48354288420099e-309,1.0,0.0,False,False,2023,es,"""Caminando sobre gliptodontes y tigres diente de sable"": Talleres educativos sobre paleontología y conservación del patriminio fósil",,CONICET Digital,metadata,0,0,False,0,,,,False,alta,5,0.018737,2.6998,1.0,0,0.560446,2,0.448984,0.111462,0.439554
record:d10ccccb9779cf088fd95b79,record:d10ccccb9779cf088fd95b79,BERTopic-ARGENTINA-2020-2026,metadata,1,1.0,1.0,1.0,0,1.344163166833269e-308,1.0,0.0,False,False,2024,pt,"Campo escolar y juventudes: un análisis sobre estrategias estudiantiles, recorridos institucionales, concepciones, y expectativas",,CONICET Digital,metadata,1,1,False,1,,,,False,alta,1,0.696977,0.543812,1.0,1,0.786335,2,0.724644,0.061691,0.213665
record:b60bb032e86d067fc3829cb2,record:b60bb032e86d067fc3829cb2,BERTopic-ARGENTINA-2020-2026,metadata,1,1.0,1.0,1.0,0,1.118429914690408e-308,1.0,0.0,False,False,2020,es,Caracterización del perfeccionismo disfuncional en la niñez tardía,,CONICET Digital,metadata,1,1,False,1,,,,False,alta,9,0.678508,0.839769,1.0,1,0.61915,0,0.431685,0.187465,0.38085
record:66ba2ccb0f52c2e85b2eb9c4,record:66ba2ccb0f52c2e85b2eb9c4,BERTopic-ARGENTINA-2020-2026,metadata,2,1.0,1.0,1.0,0,7.987950091415875e-309,1.0,0.0,False,False,2026,es,Cartografía del presente escolar: injusticias socioambientales y educativas,,CONICET Digital,metadata,2,2,False,2,,,,False,alta,9,0.540952,0.997572,1.0,2,0.829304,0,0.787592,0.041711,0.170696
record:85dec2e86f5b626bb12fd785,record:85dec2e86f5b626bb12fd785,BERTopic-ARGENTINA-2020-2026,metadata,0,0.9492174077934378,0.949217,0.5197862945254823,2,0.2661116211752164,0.2536746733502659,0.176721,False,False,2020,es,Castas invisibles de la nueva nación: Prisioneros indígenas de la Campaña del Desierto en el registro parroquial de Mendoza,,CONICET Digital,metadata,0,0,False,0,,,,False,alta,4,0.068865,1.67921,1.0,0,0.703463,2,0.623935,0.079528,0.296537
record:1979f5af870cfbf83f531fec,record:1979f5af870cfbf83f531fec,BERTopic-ARGENTINA-2020-2026,metadata,0,1.0,1.0,0.6099541212907553,2,0.2391437727824356,0.37081034850831973,0.101927,False,False,2020,es,Catolicismo y gobierno de la educación en las provincias argentinas (1999-2016),,CONICET Digital,metadata,0,0,False,0,,,,False,alta,1,0.272021,1.307743,1.0,0,0.818123,2,0.747249,0.070873,0.181877
record:c6056b4758de0c551d63ea76,record:c6056b4758de0c551d63ea76,BERTopic-ARGENTINA-2020-2026,metadata,-1,0.0,0.0,0.2590203332171062,0,0.2578251618959734,0.0011951713211328374,0.447091,True,False,2024,es,"Cecilia Grierson, las feministas y sus propuestas educativas: origen y desarrollo de las Escuelas Profesionales de mujeres y las Escuelas Técnicas del Hogar (Buenos Aires, 1900-1930)",,CONICET Digital,metadata,-1,-1,False,-1,0,nearest_semantic_centroid,0.742332,False,alta,5,,,0.7,0,0.742332,2,0.70334,0.038992,
record:23d7a20437c1aebcfd9b4a81,record:23d7a20437c1aebcfd9b4a81,BERTopic-ARGENTINA-2020-2026,metadata,-1,0.0,0.0,0.20545920469431303,0,0.11236741459989989,0.09309179009441314,0.663213,True,False,2023,en,"Changes in the prevalence of undernutrition, overweight and obesity in children and adolescents from Buenos Aires, Mendoza, and Misiones provinces (Argentina) over the last two decades",,CONICET Digital,metadata,-1,-1,False,-1,0,nearest_semantic_centroid,0.518063,False,alta,5,,,1.0,0,0.518063,2,0.516086,0.001976,
record:6a8fe0fba4b5504345bd3d18,record:6a8fe0fba4b5504345bd3d18,BERTopic-ARGENTINA-2020-2026,metadata,-1,0.0,0.0,0.3954688021363643,0,0.300120333738595,0.09534846839776934,0.235456,True,False,2024,es,Circuitos de formación para el trabajo en las sociedades de empresa: un estudio de la distribución urbana de las orientaciones desde la perspectiva de estudiantes de escuelas secundarias en Caleta Olivia (Santa Cruz),,CONICET Digital,metadata,-1,-1,False,-1,2,nearest_semantic_centroid,0.746081,False,alta,1,,,1.0,2,0.746081,0,0.687708,0.058372,
record:268117dc622d938f31d2da41,record:268117dc622d938f31d2da41,BERTopic-ARGENTINA-2020-2026,metadata,-1,0.0,0.0,0.19481369104504903,0,0.11656649802425298,0.07824719302079605,0.663213,True,False,2025,es,Claroscuros de la continuidad pedagógica en tiempos de pandemia. Experiencias de directores de escuelas secundarias de dos provincias del noroeste argentino,,CONICET Digital,metadata,-1,-1,False,-1,0,nearest_semantic_centroid,0.818413,False,alta,14,,,1.0,0,0.818413,2,0.814038,0.004375,
record:ef49402cf6d7b248aaaa1792,record:ef49402cf6d7b248aaaa1792,BERTopic-ARGENTINA-2020-2026,metadata,-1,0.0,0.0,0.3643401431331599,0,0.24813876973375848,0.1162013733994014,0.410643,True,False,2025,es,"Comedores escolares en Villa Regina, Río Negro: Un reflejo de la fragmentación entre las chacras y la ciudad",,CONICET Digital,metadata,-1,-1,False,-1,0,nearest_semantic_centroid,0.753761,False,alta,14,,,0.7,0,0.753761,2,0.753569,0.000192,
record:0e4f2c72f650544b8e58ad71,record:0e4f2c72f650544b8e58ad71,BERTopic-ARGENTINA-2020-2026,metadata,1,1.0,1.0,1.0,0,1.0640701590816627e-308,1.0,0.0,False,False,2020,es,Como inspirar emociones positivas en los niños: una guía para la escuela y la familia,,CONICET Digital,metadata,1,1,False,1,,,,False,alta,4,0.715845,0.649848,1.0,1,0.774865,0,0.551506,0.223359,0.225135
record:12bea9f0695e87f0f3fa44b9,record:12bea9f0695e87f0f3fa44b9,BERTopic-ARGENTINA-2020-2026,metadata,0,0.9291560971333206,0.929156,0.3606618522964898,1,0.30305333820935454,0.05760851408713524,0.19412,False,False,2020,en,Comprensión de textos en contextos desfavorecidos: El efecto de un programa de intervención sobre la habilidad de detectar errores e incongruencias en textos escritos,,CONICET Digital,metadata,0,0,False,0,,,,False,alta,1,0.205828,1.537344,1.0,1,0.566455,0,0.566264,0.000191,0.433736
record:d0a0884b9027031e2f4dc080,record:d0a0884b9027031e2f4dc080,BERTopic-ARGENTINA-2020-2026,metadata,0,0.9291560971333206,0.929156,0.3637568039087216,1,0.2970899550309434,0.06666684887777824,0.19412,False,False,2023,en,Comprensión oral y escrita: Efectos de la estructura textual,,CONICET Digital,metadata,0,0,False,0,,,,False,alta,5,0.197752,1.516952,1.0,0,0.45611,1,0.453755,0.002355,0.54389
record:8905d23adaf2e0876216a9b9,record:8905d23adaf2e0876216a9b9,BERTopic-ARGENTINA-2020-2026,metadata,0,0.9492174077934378,0.949217,0.36404445195063057,0,0.31909968808896466,0.044944763861665904,0.176721,False,False,2021,es,Condición migratoria y resultados de aprendizaje,,CONICET Digital,metadata,0,0,False,0,,,,False,alta,4,0.170335,1.60942,0.9,2,0.668983,0,0.653457,0.015526,0.346543
record:19331634c627e04df0cc6625,record:19331634c627e04df0cc6625,BERTopic-ARGENTINA-2020-2026,metadata,-1,0.0,0.0,0.8851185356521702,0,0.0277531431253429,0.8573653925268273,0.258791,True,False,2023,en,Conducta prosocial y consumo de marihuana en jóvenes de género femenino y masculino,,CONICET Digital,metadata,-1,-1,False,-1,1,nearest_semantic_centroid,0.628775,False,alta,4,,,0.2,1,0.628775,2,0.522504,0.106271,
record:e97e1bd4f1887f27789d3180,record:e97e1bd4f1887f27789d3180,BERTopic-ARGENTINA-2020-2026,metadata,-1,0.0,0.0,0.4579139812442327,0,0.33409534319436474,0.12381863804986798,0.275025,True,False,2024,es,"Construcción colectiva de conocimiento para la protección de manantiales en Vichigasta, La Rioja",,CONICET Digital,metadata,-1,-1,False,-1,2,nearest_semantic_centroid,0.611912,False,alta,9,,,1.0,2,0.611912,0,0.601709,0.010203,
record:c466a61632f814e562bc774f,record:c466a61632f814e562bc774f,BERTopic-ARGENTINA-2020-2026,metadata,0,1.0,1.0,0.42848418473424865,2,0.36227087897414817,0.06621330576010048,0.101927,False,False,2022,es,Construir la educación común en Argentina: una aproximación desde el caso sanjuanino (1884-1887),,CONICET Digital,metadata,0,0,False,0,,,,False,alta,9,0.213293,0.972221,0.8,0,0.878143,2,0.8456,0.032543,0.121857
record:8ecff0ec830b23f4423aab85,record:8ecff0ec830b23f4423aab85,BERTopic-ARGENTINA-2020-2026,metadata,0,1.0,1.0,0.44321202308991475,2,0.28685298439463786,0.1563590386952769,0.126315,False,False,2023,es,Continuidad de la acción externa subnacional a través de los cambios políticos del Estado. Jujuy: ¿la provincia que entendió la relación con China?,,CONICET Digital,metadata,0,0,False,0,,,,False,alta,4,0.302775,1.098638,1.0,0,0.557436,2,0.460905,0.096531,0.442564
record:c3242479791105c820ca88bd,record:c3242479791105c820ca88bd,BERTopic-ARGENTINA-2020-2026,metadata,0,1.0,1.0,0.5793444826422203,2,0.22072712118929225,0.358617361452928,0.126315,False,False,2024,es,"Control social y acciones estatales durante el conflicto docente (Bahía Blanca, Argentina)",,CONICET Digital,metadata,0,0,False,0,,,,False,alta,14,0.266261,1.176949,0.8,0,0.826423,2,0.771907,0.054516,0.173577
record:da738074dcb157100c735dc1,record:da738074dcb157100c735dc1,BERTopic-ARGENTINA-2020-2026,metadata,-1,0.0,0.0,0.6113355546611194,2,0.1289052668376243,0.4824302878234952,0.323191,True,False,2024,es,Control y performance: Nuevos criterios de regulación del trabajo cotidiano del director escolar en escuelas técnicas de Argentina y Brasil,,CONICET Digital,metadata,-1,-1,False,-1,0,nearest_semantic_centroid,0.733264,False,alta,17,,,0.2,0,0.733264,2,0.715961,0.017303,
record:978b12f0da0cd10f51c9195e,record:978b12f0da0cd10f51c9195e,BERTopic-ARGENTINA-2020-2026,metadata,0,0.9319618261223422,0.931962,0.4561146867607431,0,0.2871206134655727,0.1689940732951704,0.191687,False,False,2026,pt,Convivir en la escuela: conflictos e intervenciones en secundarias de la Provincia de Buenos Aires (Argentina),,CONICET Digital,metadata,0,0,False,0,,,,False,alta,5,-0.187779,1.290512,0.8,0,0.876289,2,0.848334,0.027955,0.123711
record:a0d0e142fb36fe63286d9abd,record:a0d0e142fb36fe63286d9abd,BERTopic-ARGENTINA-2020-2026,metadata,0,0.9492174077934378,0.949217,0.5299967518501766,2,0.2661156772645133,0.2638810745856633,0.176721,False,False,2026,es,"Cuerpo a cuerpo: Reflexiones en torno a una experiencia etnográfica en un Parque Educativo de Córdoba, Argentina",,CONICET Digital,metadata,0,0,False,0,,,,False,alta,6,0.057316,1.541183,1.0,0,0.814754,2,0.736779,0.077975,0.185246
record:f01704ab80794349c58ed7ad,record:f01704ab80794349c58ed7ad,BERTopic-ARGENTINA-2020-2026,metadata,2,1.0,1.0,1.0,0,7.64889794783535e-309,1.0,0.0,False,False,2022,es,Cuerpos que importan en el patio de atrás: Precaridad y hacer escuela especial en contextos de pobreza urbana,,CONICET Digital,metadata,2,2,False,2,,,,False,alta,4,0.574264,0.933736,1.0,2,0.865895,0,0.760782,0.105113,0.134105
record:3834e377f42d2795fee3f0d5,record:3834e377f42d2795fee3f0d5,BERTopic-ARGENTINA-2020-2026,metadata,-1,0.0,0.0,0.31767818017938804,0,0.2916390308492687,0.02603914933011936,0.334035,True,False,2022,pt,Currículum y justicia escolar en contextos pluriculturales,,CONICET Digital,metadata,-1,-1,False,-1,0,nearest_semantic_centroid,0.821988,False,alta,1,,,0.4,0,0.821988,2,0.773637,0.048351,
record:19856fd4488df92b9ae9b15a,record:19856fd4488df92b9ae9b15a,BERTopic-ARGENTINA-2020-2026,metadata,-1,0.0,0.0,0.3360492418243772,1,0.24864853017636623,0.08740071164801094,0.379775,True,False,2025,es,Dar es dar: Configuraciones de sentido sobre la participación en TECHO de mujeres “líderes” de un colegio de clases altas,,CONICET Digital,metadata,-1,-1,False,-1,0,nearest_semantic_centroid,0.682188,False,alta,9,,,0.0,0,0.682188,1,0.64786,0.034328,
record:4c668ec22779ede8eb34885d,record:4c668ec22779ede8eb34885d,BERTopic-ARGENTINA-2020-2026,metadata,0,0.9520895733717529,0.95209,0.5959396047621217,2,0.1998889607371237,0.396050644024998,0.17423,False,False,2024,es,De docentes a héroes: la profesión docente en medio de micro conflictos bélicos urbanos en el marco de las políticas de la vida contemporáneas,,CONICET Digital,metadata,0,0,False,0,,,,False,alta,5,-0.001029,1.492029,0.9,0,0.70997,2,0.684021,0.025949,0.29003
record:cfb0cc8662276052d131a961,record:cfb0cc8662276052d131a961,BERTopic-ARGENTINA-2020-2026,metadata,2,1.0,1.0,1.0,0,7.29602164747776e-309,1.0,0.0,False,False,2024,es,"""Decidí portarme bien, rescatarme..."": la escuela y el ""rescate"" en contextos de pobreza urbana",,CONICET Digital,metadata,2,2,False,2,,,,False,alta,1,0.572569,0.971719,1.0,2,0.755004,0,0.717192,0.037812,0.244996
record:dbef221db66ac75cd4681685,record:dbef221db66ac75cd4681685,BERTopic-ARGENTINA-2020-2026,metadata,2,1.0,1.0,1.0,0,8.430140800672917e-309,1.0,0.0,False,False,2023,es,Del derecho a la educación en el medio rural: Experiencias de un hacer escuela en la provincia de Corrientes (Argentina),,CONICET Digital,metadata,2,2,False,2,,,,False,alta,4,0.6184,0.540432,1.0,2,0.871497,0,0.823384,0.048113,0.128504
record:787f449fcd189517118a9b57,record:787f449fcd189517118a9b57,BERTopic-ARGENTINA-2020-2026,metadata,-1,0.0,0.0,0.37688109252743435,0,0.33713914036781484,0.03974195215961951,0.235456,True,False,2020,es,Del discurso a la práctica: La trayectoria de la política educativa para la Educación Técnico Profesional en Argentina y Brasil (2004-2015),,CONICET Digital,metadata,-1,-1,False,-1,0,nearest_semantic_centroid,0.846496,False,alta,9,,,1.0,0,0.846496,2,0.789979,0.056517,
record:347091ab0ccd5f8d3bd98a20,record:347091ab0ccd5f8d3bd98a20,BERTopic-ARGENTINA-2020-2026,metadata,0,0.9492174077934378,0.949217,0.41273357532607086,2,0.31345369644532767,0.09927987888074319,0.176721,False,False,2024,pt,"Demandas indígenas de educación en la provincia del Chaco, Argentina (1987-2015)",,CONICET Digital,metadata,0,0,False,0,,,,False,alta,4,0.051032,1.498278,1.0,0,0.805483,2,0.772338,0.033145,0.194517
record:8877bd6861133fbcdab8bf3c,record:8877bd6861133fbcdab8bf3c,BERTopic-ARGENTINA-2020-2026,metadata,-1,0.0,0.0,0.3249854503517449,0,0.31419656366399057,0.010788886687754351,0.324582,True,False,2022,pt,"Demandas, ámbitos y fronteras de la participación estudiantil en escuelas secundarias de ciudad de Buenos Aires",,CONICET Digital,metadata,-1,-1,False,-1,0,nearest_semantic_centroid,0.836694,False,alta,9,,,0.2,0,0.836694,2,0.812145,0.02455,
record:96d3630222d796a3f1f77245,record:96d3630222d796a3f1f77245,BERTopic-ARGENTINA-2020-2026,metadata,2,1.0,1.0,1.0,0,8.210649353770436e-309,1.0,0.0,False,False,2020,pt,Denuncias sobre lo oculto y demandas de espacios escolares de jóvenes en contextos de pobreza en Argentina,,CONICET Digital,metadata,2,2,False,2,,,,False,alta,5,0.524195,1.067209,1.0,2,0.842714,0,0.820883,0.021831,0.157286
record:20eba2cfc90646c258c32a19,record:20eba2cfc90646c258c32a19,BERTopic-ARGENTINA-2020-2026,metadata,-1,0.0,0.0,0.5005764740854916,2,0.19786551247182885,0.30271096161366273,0.295442,True,False,2024,es,"Desarrollo, educación y financiamiento: Análisis de los canjes de deuda por inversión social como instrumento de financiamiento extra-presupuestario de la educación",,CONICET Digital,metadata,-1,-1,False,-1,2,nearest_semantic_centroid,0.622844,False,alta,4,,,0.6,2,0.622844,0,0.56959,0.053255,
record:e76a9ffa022434b0b039cdb4,record:e76a9ffa022434b0b039cdb4,BERTopic-ARGENTINA-2020-2026,metadata,0,0.9868444029343455,0.986844,0.44835882748002004,2,0.2927092173196378,0.15564961016038226,0.144086,False,False,2020,es,"Desigualdad Educativa en contextos de obligatoriedad de la Educación Secundaria: Un estudio sobre el comportamiento de la matrícula y los indicadores de eficiencia interna en el país y en la provincia de Buenos Aires, durante el período 2001/2015",,CONICET Digital,metadata,0,0,False,0,,,,False,alta,4,0.134499,1.796094,1.0,2,0.776455,0,0.741052,0.035403,0.258948
record:ccef5d0c03818ab679a2bf31,record:ccef5d0c03818ab679a2bf31,BERTopic-ARGENTINA-2020-2026,metadata,0,0.9868444029343455,0.986844,0.44219973792776907,2,0.28008986028699656,0.1621098776407725,0.144086,False,False,2024,es,Desigualdad en la educación primaria: percepciones sobre circuitos educativos en el centro y la periferia de Bahía Blanca,,CONICET Digital,metadata,0,0,False,0,,,,False,alta,9,0.099243,1.889052,1.0,2,0.797523,0,0.753585,0.043938,0.246415
record:41e6855c4eded3d9387ad7a9,record:41e6855c4eded3d9387ad7a9,BERTopic-ARGENTINA-2020-2026,metadata,-1,0.0,0.0,0.2395216608864392,2,0.2127148222387847,0.026806838647654485,0.484076,True,False,2024,es,"Desigualdades vinculadas a las Tecnologías de la Información y la Comunicación (TIC): Diferencias entre escuelas públicas y privadas en Bahía Blanca, Argentina",,CONICET Digital,metadata,-1,-1,False,-1,2,nearest_semantic_centroid,0.705435,False,alta,9,,,1.0,2,0.705435,0,0.704764,0.000671,
record:8dee5c32759e7ab759387b77,record:8dee5c32759e7ab759387b77,BERTopic-ARGENTINA-2020-2026,metadata,-1,0.0,0.0,0.5144144768889721,1,0.19932798102674631,0.3150864958622258,0.342881,True,False,2023,es,Development of punishment justifications: Individual conceptualisation or appropriation of collective knowledge?,,CONICET Digital,metadata,-1,-1,False,-1,1,nearest_semantic_centroid,0.622745,False,alta,5,,,0.1,1,0.622745,0,0.601029,0.021716,
record:9d07ead57d44767b9c894d07,record:9d07ead57d44767b9c894d07,BERTopic-ARGENTINA-2020-2026,metadata,-1,0.0,0.0,0.19375664456419656,0,0.11751180655346542,0.07624483801073113,0.663213,True,False,2024,es,Devenir de la escolarización secundaria: un estudio en tiempos de (post) pandemia en la ciudad de Caleta Olivia,,CONICET Digital,metadata,-1,-1,False,-1,2,nearest_semantic_centroid,0.809854,False,alta,5,,,1.0,2,0.809854,0,0.79033,0.019524,
record:a51dcfa152f4372ce5d17ab9,record:a51dcfa152f4372ce5d17ab9,BERTopic-ARGENTINA-2020-2026,metadata,-1,0.0,0.0,0.41862175393298773,2,0.36724642924492407,0.05137532468806366,0.275025,True,False,2020,es,Diagnóstico etno-zoológico y biogeográfico del ensamble de murciélagos del dique de escaba: implicancias para su conservación,,CONICET Digital,metadata,-1,-1,False,-1,2,nearest_semantic_centroid,0.351249,False,alta,9,,,1.0,2,0.351249,0,0.346158,0.005091,
record:4ea4de1379125f0ac1c9550f,record:4ea4de1379125f0ac1c9550f,BERTopic-ARGENTINA-2020-2026,metadata,-1,0.0,0.0,0.21693824997219663,1,0.20697052762356824,0.009967722348628388,0.506338,True,False,2025,pt,Dilemas de las políticas de inclusión de la escuela secundaria en contextos rurales e indígenas,,CONICET Digital,metadata,-1,-1,False,-1,2,nearest_semantic_centroid,0.85644,False,alta,5,,,0.6,2,0.85644,0,0.816813,0.039627,
record:7b5a71d90522d4a42cd4a9a4,record:7b5a71d90522d4a42cd4a9a4,BERTopic-ARGENTINA-2020-2026,metadata,0,0.9291560971333206,0.929156,0.37472445235442897,2,0.28780589142326235,0.08691856093116662,0.19412,False,False,2026,pt,Directio narrans: figuras retóricas en épocas de ¿crisis de la narración?. Un estudio sobre las prácticas de directoras/es escolares en el conurbano bonaerense,,CONICET Digital,metadata,0,0,False,0,,,,False,alta,14,0.232965,1.091219,1.0,0,0.740732,1,0.673758,0.066974,0.259268
record:aff2acccade6cd47bebd6444,record:aff2acccade6cd47bebd6444,BERTopic-ARGENTINA-2020-2026,metadata,1,1.0,1.0,1.0,0,8.22183217853359e-309,1.0,0.0,False,False,2023,es,Discursos en torno a las violencias y la autoridad en escuelas medias públicas: entre la desubjetivación y la integración normativa,,CONICET Digital,metadata,1,1,False,1,,,,False,alta,10,0.68291,1.022327,1.0,1,0.72732,0,0.656215,0.071105,0.27268
record:5923c3c241e6ce53cc870a2b,record:5923c3c241e6ce53cc870a2b,BERTopic-ARGENTINA-2020-2026,metadata,0,1.0,1.0,1.0,1,1.0742300227255865e-308,1.0,0.0,False,False,2023,es,"Diseño y aplicación de estrategias innovadoras de gestión escolar orientadas a la instalación de modelos ﬂexibles del uso del tiempo, el espacio y los recursos",,CONICET Digital,metadata,0,0,False,0,,,,False,alta,16,-0.080013,1.923205,0.6,2,0.7647,0,0.712605,0.052095,0.287395
record:5b8ba3ee89da306dbb1e8ed8,record:5b8ba3ee89da306dbb1e8ed8,BERTopic-ARGENTINA-2020-2026,metadata,-1,0.0,0.0,0.5942908130626232,0,0.21835928312891018,0.37593152993371304,0.275025,True,False,2024,es,"Diseño y selección de alternativas de gestión de residuos sólidos urbanos en localidad de Santa Eufemia, Córdoba",,CONICET Digital,metadata,-1,-1,False,-1,2,nearest_semantic_centroid,0.519816,False,alta,4,,,0.9,2,0.519816,0,0.454717,0.0651,
record:1d81a2894fdf3f21d05b6f8d,record:1d81a2894fdf3f21d05b6f8d,BERTopic-ARGENTINA-2020-2026,metadata,0,1.0,1.0,0.4340663025431975,0,0.3787400123060556,0.05532629023714192,0.108963,False,False,2026,es,"Distribuir la escuela, organizar el territorio. Notas sobre la escolarización en la ciudad de Buenos Aires (Argentina, 1899-1915)",,CONICET Digital,metadata,0,0,False,0,,,,False,alta,4,0.008929,1.239401,0.9,2,0.87826,0,0.843154,0.035106,0.156846
record:a9bff09307c6662831035aba,record:a9bff09307c6662831035aba,BERTopic-ARGENTINA-2020-2026,metadata,0,0.9067620857575733,0.906762,0.5365918336828093,0,0.27654409124404067,0.2600477424387686,0.213543,False,True,2023,pt,"Docente avatar de la in/exclusión: El gobierno de sí, autogestión y discursos de odio",,CONICET Digital,metadata,0,0,False,0,,,,False,alta,4,-0.377268,1.825987,0.2,1,0.595141,0,0.554882,0.040259,0.445118
record:ecddd17d1a8c3dba3e9b3c61,record:ecddd17d1a8c3dba3e9b3c61,BERTopic-ARGENTINA-2020-2026,metadata,0,0.9492174077934378,0.949217,0.45149035723440556,2,0.34001464621839933,0.11147571101600623,0.176721,False,False,2025,en,"Ecological Indigenous (EIK) and Scientific (ESK) Knowledge Integration as a Tool for Sustainable Development in Indigenous Communities. Experience in Misiones, Argentina",,CONICET Digital,metadata,0,0,False,0,,,,False,alta,0,-0.099745,1.798452,0.8,2,0.583707,0,0.575711,0.007996,0.424289
record:98c85023e3e6183065c9e79c,record:98c85023e3e6183065c9e79c,BERTopic-ARGENTINA-2020-2026,metadata,2,1.0,1.0,1.0,0,8.132879485034447e-309,1.0,0.0,False,False,2022,es,"Edificaciones escolares, equipamiento de escuelas y perfeccionamiento docente en el marco del Programa EMER  (Entre Ríos 1981-1987)",,CONICET Digital,metadata,2,2,False,2,,,,False,alta,5,0.629361,0.462669,1.0,2,0.780931,0,0.691906,0.089024,0.21907
record:b7a117c1e84f610e3d7cbe55,record:b7a117c1e84f610e3d7cbe55,BERTopic-ARGENTINA-2020-2026,metadata,-1,0.0,0.0,0.3698053852347345,0,0.3306042898468813,0.03920109538785321,0.235456,True,False,2024,en,EdTech in a Broken World: Breaking and Repairing in Argentinian and German Schools,,CONICET Digital,metadata,-1,-1,False,-1,0,nearest_semantic_centroid,0.727646,False,alta,4,,,1.0,0,0.727646,2,0.713296,0.01435,
record:4b38b39f76d8f0a8d9bbb08d,record:4b38b39f76d8f0a8d9bbb08d,BERTopic-ARGENTINA-2020-2026,metadata,-1,0.0,0.0,0.19111806160953046,0,0.11781197374795066,0.0733060878615798,0.663213,True,False,2022,es,Educación en tiempos de pandemia,,CONICET Digital,metadata,-1,-1,False,-1,2,nearest_semantic_centroid,0.726874,False,alta,6,,,1.0,2,0.726874,0,0.709543,0.017331,
record:a6fccb5ebbc2ee99324ba894,record:a6fccb5ebbc2ee99324ba894,BERTopic-ARGENTINA-2020-2026,metadata,0,1.0,1.0,1.0,2,6.427736157273335e-309,1.0,0.0,False,False,2022,es,Educación estética / educación artística: Perspectivas curriculares superpuestas de la enseñanza del arte en la escuela primaria de la provincia de Buenos Aires (1984-1999),,CONICET Digital,metadata,0,0,False,0,,,,False,alta,5,0.132515,2.197939,1.0,0,0.722061,2,0.651986,0.070075,0.277939
record:82bf40aa723f1ca48d38c717,record:82bf40aa723f1ca48d38c717,BERTopic-ARGENTINA-2020-2026,metadata,0,0.9492174077934378,0.949217,0.3506288383203031,1,0.33569376897634795,0.014935069343955165,0.176721,False,False,2020,es,Educación intercultural como política pública: el análisis de la experiencia de la provincia de Buenos Aires,,CONICET Digital,metadata,0,0,False,0,,,,False,alta,9,0.254257,1.116802,0.7,0,0.864597,2,0.77074,0.093856,0.135403
record:013ccf624fae51867363dc19,record:013ccf624fae51867363dc19,BERTopic-ARGENTINA-2020-2026,metadata,0,0.9868444029343455,0.986844,0.453906593677598,2,0.2959925130452882,0.15791408063230983,0.144086,False,False,2023,es,"Educación privada y segregación por nivel socioeconómico en la Provincia de Buenos Aires, Argentina",,CONICET Digital,metadata,0,0,False,0,,,,False,alta,1,0.128361,1.864383,1.0,0,0.793002,2,0.788542,0.004461,0.206998
record:016008fbee8c770bcd320803,record:016008fbee8c770bcd320803,BERTopic-ARGENTINA-2020-2026,metadata,-1,0.0,0.0,0.38722122090158906,0,0.30226827226381453,0.08495294863777453,0.235456,True,False,2021,pt,"Educación, trabajo y redes de escolarización en el capitalismo flexible: Un estudio en localidades del Golfo San Jorge",,CONICET Digital,metadata,-1,-1,False,-1,2,nearest_semantic_centroid,0.713666,False,alta,4,,,1.0,2,0.713666,0,0.686056,0.02761,
record:80af7d73f0bf81d5a573a7bc,record:80af7d73f0bf81d5a573a7bc,BERTopic-ARGENTINA-2020-2026,metadata,0,1.0,1.0,0.4731000992217762,2,0.325888067898617,0.1472120313231592,0.101927,False,False,2022,es,"Educación y finanzas, el cobro de matrículas en escuelas públicas (Argentina, fines del siglo XIX)",,CONICET Digital,metadata,0,0,False,0,,,,False,alta,11,0.174235,1.329322,0.7,0,0.789741,2,0.771775,0.017967,0.210259
record:c65f85d22d180d90e202f667,record:c65f85d22d180d90e202f667,BERTopic-ARGENTINA-2020-2026,metadata,0,1.0,1.0,0.6239293568277123,2,0.23580875537312299,0.3881206014545894,0.101927,False,False,2025,es,"Educación y masonería: cruces entre la Escuela Normal Popular ""Rosa Turner de Estrugamou” y la Logia A.G. Adams Nº185: (Santa Fe – Argentina, primeras décadas s. XX)",,CONICET Digital,metadata,0,0,False,0,,,,False,alta,6,0.225659,1.405805,1.0,0,0.802305,2,0.719741,0.082564,0.197695
record:ee95d973a75473ccfb89299a,record:ee95d973a75473ccfb89299a,BERTopic-ARGENTINA-2020-2026,metadata,-1,0.0,0.0,0.2461910000651724,0,0.24285316584521896,0.0033378342199534283,0.498426,True,False,2021,es,Efectos de la estructura productiva desequilibrada y de los esquemas cambiarios sobre el ciclo del empleo en la Argentina,,CONICET Digital,metadata,-1,-1,False,-1,0,nearest_semantic_centroid,0.598174,False,alta,5,,,1.0,0,0.598174,2,0.571716,0.026458,
record:7696c8bffe0efd8dacff6551,record:7696c8bffe0efd8dacff6551,BERTopic-ARGENTINA-2020-2026,metadata,0,0.9868444029343455,0.986844,0.41526431762934446,2,0.30705488991180896,0.1082094277175355,0.144086,False,False,2024,es,Efectos de la terminalidad del secundario en las condiciones de reproducción de los alumnos de la educación de jóvenes y adultos en Argentina,,CONICET Digital,metadata,0,0,False,0,,,,False,alta,5,0.127145,1.533646,0.9,2,0.693384,1,0.68719,0.006193,0.31616
record:8c465967f03c6e7f4ffd8340,record:8c465967f03c6e7f4ffd8340,BERTopic-ARGENTINA-2020-2026,metadata,0,0.9289193683649033,0.928919,0.3560607945006109,1,0.30452782134089335,0.051532973159717554,0.194326,False,False,2022,es,Efectos de un programa de intervención en vocabulario y conciencia fonológica en nivel inicial sobre el nivel lector en primer grado,,CONICET Digital,metadata,0,0,False,0,,,,False,alta,5,0.203892,1.544034,1.0,1,0.46427,0,0.439974,0.024296,0.560026
record:aa3cf09687b28f070a592c52,record:aa3cf09687b28f070a592c52,BERTopic-ARGENTINA-2020-2026,metadata,-1,0.0,0.0,0.8538339651441359,0,0.015636483996172873,0.838197481147963,0.237,True,False,2024,es,Effects of a social norms intervention to reduce alcohol drinking behaviors in Argentinean adolescents,,CONICET Digital,metadata,-1,-1,False,-1,1,nearest_semantic_centroid,0.68052,False,alta,11,,,0.2,1,0.68052,0,0.609951,0.070568,
record:f4d36dbe8b19693c27afcb29,record:f4d36dbe8b19693c27afcb29,BERTopic-ARGENTINA-2020-2026,metadata,2,1.0,1.0,1.0,0,8.02074998247762e-309,1.0,0.0,False,False,2020,es,Eficiencia energética de escuelas rurales en Santiago del Estero,,CONICET Digital,metadata,2,2,False,2,,,,False,alta,9,0.654956,0.343922,1.0,2,0.751643,0,0.592124,0.159518,0.248357
record:35e2ba52e78accced489a75b,record:35e2ba52e78accced489a75b,BERTopic-ARGENTINA-2020-2026,metadata,2,1.0,1.0,1.0,0,8.189001945022795e-309,1.0,0.0,False,False,2023,pt,"El agro y sus técnicos en una región semiárida de Argentina: Formación de recursos humanos, inserción laboral y circulación de saberes (1958-1974)",,CONICET Digital,metadata,2,2,False,2,,,,False,alta,0,0.512923,1.090996,0.9,2,0.72363,0,0.696918,0.026712,0.27637
record:a980400da401010fe7d38f5f,record:a980400da401010fe7d38f5f,BERTopic-ARGENTINA-2020-2026,metadata,0,1.0,1.0,1.0,2,7.457662128136124e-309,1.0,0.0,False,False,2024,es,El centenario de Brasil: un homenaje musical escolar en Buenos Aires,,CONICET Digital,metadata,0,0,False,0,,,,False,alta,5,0.210012,1.539693,1.0,0,0.630168,2,0.516056,0.114112,0.369832
record:056e55e3de54660e5705bdf6,record:056e55e3de54660e5705bdf6,BERTopic-ARGENTINA-2020-2026,metadata,0,0.9717403872790584,0.97174,0.42550231396862204,1,0.2761756664359005,0.1493266475327215,0.157186,False,False,2021,pt,El ciclo de las políticas como enfoque teórico y metodológico para el estudio de programas de terminalidad educativa en Argentina: Recepción y puesta en acto del Plan FinEs,,CONICET Digital,metadata,0,0,False,0,,,,False,alta,5,0.212185,1.153544,0.7,0,0.75867,2,0.69699,0.061679,0.24133
record:a3b73dd15d7bd41ef8f39a3d,record:a3b73dd15d7bd41ef8f39a3d,BERTopic-ARGENTINA-2020-2026,metadata,0,1.0,1.0,0.5346420282664862,2,0.2919329124154352,0.24270911585105104,0.116241,False,False,2024,es,"El derecho a la información en clave pedagógica: De los indicadores socioeducativos a las narrativas de docentes de escuelas secundarias de la ciudad de Mar del Plata, Argentina",,CONICET Digital,metadata,0,0,False,0,,,,False,alta,5,0.268875,0.901716,0.9,0,0.843323,2,0.785798,0.057525,0.156677
record:264d78bb2339c5856d331e2f,record:264d78bb2339c5856d331e2f,BERTopic-ARGENTINA-2020-2026,metadata,-1,0.0,0.0,0.504855439827777,2,0.2309750879880654,0.2738803518397116,0.237466,True,False,2022,es,"El Director Urien y el inspector Berrutti: Una aproximación a la política de escuelas populares en la provincia de Buenos Aires, 1912-1914",,CONICET Digital,metadata,-1,-1,False,-1,0,nearest_semantic_centroid,0.81279,False,alta,9,,,0.2,0,0.81279,2,0.777014,0.035776,
record:06d2afd76120b77cc0d2cc13,record:06d2afd76120b77cc0d2cc13,BERTopic-ARGENTINA-2020-2026,metadata,-1,0.0,0.0,0.188668511170964,0,0.11875087043919642,0.06991764073176758,0.663213,True,False,2021,es,El enfoque comunitario como recurso pedagógico para el cambio de concepciones preexistentes en salud en estudiantes universitarios,,CONICET Digital,metadata,-1,-1,False,-1,1,nearest_semantic_centroid,0.680964,False,alta,6,,,1.0,1,0.680964,0,0.670542,0.010422,
record:86b0497e4fc7194e1e9515a4,record:86b0497e4fc7194e1e9515a4,BERTopic-ARGENTINA-2020-2026,metadata,-1,0.0,0.0,0.38212374884746814,0,0.3116630134827306,0.07046073536473751,0.235456,True,False,2021,es,El espacio de Formación en Ambiente de Trabajo en escuelas técnicas de Córdoba: el mercado como agente regulador,,CONICET Digital,metadata,-1,-1,False,-1,0,nearest_semantic_centroid,0.767023,False,alta,5,,,1.0,0,0.767023,2,0.758314,0.008709,
record:d975bf76cfb766cc1fa1f4a8,record:d975bf76cfb766cc1fa1f4a8,BERTopic-ARGENTINA-2020-2026,metadata,2,1.0,1.0,1.0,0,8.005350567387477e-309,1.0,0.0,False,False,2026,es,El espacio y la arquitectura escolar en las comunidades rurales,,CONICET Digital,metadata,2,2,False,2,,,,False,alta,4,0.652127,0.174433,1.0,2,0.848358,0,0.743921,0.104438,0.151642
record:636fbc50f6e21659ddf4d748,record:636fbc50f6e21659ddf4d748,BERTopic-ARGENTINA-2020-2026,metadata,0,1.0,1.0,0.4181503566770007,0,0.38192932284889086,0.03622103382810982,0.101927,False,False,2024,es,El formato escolar de los Centros Educativos de Nivel Secundario en la provincia de Buenos Aires desde una perspectiva histórica (1970-2018),,CONICET Digital,metadata,0,0,False,0,,,,False,alta,5,0.087341,1.249163,1.0,0,0.835491,2,0.834763,0.000728,0.164509
record:8e5409adc8f98b91890882db,record:8e5409adc8f98b91890882db,BERTopic-ARGENTINA-2020-2026,metadata,-1,0.0,0.0,0.49268566769551614,2,0.2180120071996657,0.2746736604958504,0.30358,True,False,2021,en,El fracaso escolar en el nivel medio argentino: ¿Es menos frecuente en las escuelas de gestión privada debido a su administración?,,CONICET Digital,metadata,-1,-1,False,-1,2,nearest_semantic_centroid,0.810897,False,alta,9,,,0.2,2,0.810897,0,0.803398,0.007498,
record:9ff5257ddd2575f40d1fc776,record:9ff5257ddd2575f40d1fc776,BERTopic-ARGENTINA-2020-2026,metadata,0,1.0,1.0,0.4961219520652256,2,0.25784571502061754,0.23827623704460804,0.126315,False,False,2023,es,"El gobierno como problema: ¿Autonomía negativa, libertad gerenciada o contraconductas? Tramas socio estatales en la configuración de las Escuelas Públicas de Gestión Social (Chaco, Argentina)",,CONICET Digital,metadata,0,0,False,0,,,,False,alta,9,0.302884,1.140452,0.9,0,0.753017,2,0.705564,0.047453,0.246983
record:e0db8bd2bbfff3fd591cf485,record:e0db8bd2bbfff3fd591cf485,BERTopic-ARGENTINA-2020-2026,metadata,0,0.9291560971333206,0.929156,0.40218843979986885,2,0.2645111765788542,0.13767726322101465,0.19412,False,False,2021,es,El habla en las Tertulias Dialógicas Literarias: un estudio con docentes y estudiantes de 6to grado de la provincia de Santa Fe,,CONICET Digital,metadata,0,0,False,0,,,,False,alta,1,0.245157,1.187196,1.0,0,0.734567,2,0.629557,0.10501,0.265433
record:bf47170f122080749747727c,record:bf47170f122080749747727c,BERTopic-ARGENTINA-2020-2026,metadata,-1,0.0,0.0,0.6498878990144612,2,0.17536284104980743,0.4745250579646538,0.248734,True,False,2022,es,El hacedor o la paratopía creadora,,CONICET Digital,metadata,-1,-1,False,-1,0,nearest_semantic_centroid,0.601214,False,alta,5,,,0.2,0,0.601214,2,0.46918,0.132034,
record:3365db004a512c8112e80dba,record:3365db004a512c8112e80dba,BERTopic-ARGENTINA-2020-2026,metadata,0,1.0,1.0,1.0,2,8.48426868847414e-309,1.0,0.0,False,False,2025,es,El largo camino del cuarteto a las aulas de la ciudad de Córdoba (Argentina),,CONICET Digital,metadata,0,0,False,0,,,,False,alta,4,0.177814,1.305122,1.0,0,0.807348,2,0.732792,0.074557,0.192651
record:7191fa71e57157815bde0f88,record:7191fa71e57157815bde0f88,BERTopic-ARGENTINA-2020-2026,metadata,0,1.0,1.0,0.48576875788729773,2,0.34870051656467593,0.1370682413226218,0.101927,False,False,2024,es,"El maestro, los trabajadores rurales y la deserción escolar en Unzué ( Bolívar, provincia de Buenos Aires, 1914)",,CONICET Digital,metadata,0,0,False,0,,,,False,alta,5,0.086372,0.990073,0.8,2,0.807891,0,0.805012,0.002879,0.194988
record:65c8d571842278ea265f7a5f,record:65c8d571842278ea265f7a5f,BERTopic-ARGENTINA-2020-2026,metadata,0,0.9291560971333206,0.929156,0.512763951199105,2,0.23250031699061502,0.28026363420849,0.19412,False,False,2022,es,"“El mercado es como la marea”: Editoriales, editores/as y literatura juvenil en Argentina",,CONICET Digital,metadata,0,0,False,0,,,,False,alta,4,0.286698,0.911356,0.7,0,0.732414,1,0.605006,0.127408,0.267586
record:d8cfb59c5857580292f656ea,record:d8cfb59c5857580292f656ea,BERTopic-ARGENTINA-2020-2026,metadata,0,0.9492174077934378,0.949217,0.504094870967205,2,0.29965674898370087,0.20443812198350408,0.176721,False,False,2022,es,"El patrimonio en su lugar: Programa de investigaciónacción y educación sobre pasado y presente indígena en escuelas rurales de la Provincia de Buenos Aires, Argentina",,CONICET Digital,metadata,0,0,False,0,,,,False,alta,4,-0.057724,1.510892,0.7,0,0.818253,2,0.814728,0.003525,0.181747
record:c9890312a13124f2684ba1d7,record:c9890312a13124f2684ba1d7,BERTopic-ARGENTINA-2020-2026,metadata,0,1.0,1.0,1.0,2,6.88012110882719e-309,1.0,0.0,False,False,2023,pt,"“El principal vehículo de su suerte…”: Nombre, archivo y americanismo conservador en el prólogo de primer número de la revista Runa",,CONICET Digital,metadata,0,0,False,0,,,,False,alta,5,0.301476,1.298047,1.0,0,0.526831,2,0.399132,0.127699,0.473169
record:49607450e7ddd60d196f7622,record:49607450e7ddd60d196f7622,BERTopic-ARGENTINA-2020-2026,metadata,0,0.9492174077934378,0.949217,0.36427685273972754,1,0.3152846783017646,0.04899217443796294,0.176721,False,False,2023,es,El refugio y los refugiados en la enseñanza de las Ciencias Sociales: El caso de la provincia de Buenos Aires,,CONICET Digital,metadata,0,0,False,0,,,,False,alta,4,0.223526,1.265487,0.9,0,0.787452,2,0.703912,0.08354,0.212548
record:4d9866b1c42cf49138d3e78f,record:4d9866b1c42cf49138d3e78f,BERTopic-ARGENTINA-2020-2026,metadata,0,1.0,1.0,0.45443831036768745,2,0.3535627876380094,0.10087552272967804,0.101927,False,False,2025,es,El Reglamento General de Instituciones Educativas en la Provincia de Buenos Aires y las transformaciones de la organización escolar,,CONICET Digital,metadata,0,0,False,0,,,,False,alta,4,0.175952,1.185988,0.8,0,0.850579,2,0.807009,0.04357,0.149421
record:e467aa16583c5b47c2184e79,record:e467aa16583c5b47c2184e79,BERTopic-ARGENTINA-2020-2026,metadata,-1,0.0,0.0,0.43544259282707315,0,0.30105930860057867,0.13438328422649448,0.227343,True,False,2022,pt,"¿El retorno de las políticas de desconcentración?: Mutaciones en el Programa Nacional de Formación Permanente (PNFP). Córdoba, Argentina",,CONICET Digital,metadata,-1,-1,False,-1,0,nearest_semantic_centroid,0.7457,False,alta,11,,,0.6,0,0.7457,2,0.696754,0.048946,
record:10d975f644818d6426732c59,record:10d975f644818d6426732c59,BERTopic-ARGENTINA-2020-2026,metadata,-1,0.0,0.0,0.3778668326949895,0,0.3191338522145748,0.0587329804804147,0.235456,True,False,2026,es,"El rol de las fundaciones empresariales en la formación de estudiantes técnicos en la Provincia de Neuquén, Argentina",,CONICET Digital,metadata,-1,-1,False,-1,2,nearest_semantic_centroid,0.669698,False,alta,10,,,1.0,2,0.669698,0,0.659484,0.010214,
record:7863a34d9e7811dc2cc3a76f,record:7863a34d9e7811dc2cc3a76f,BERTopic-ARGENTINA-2020-2026,metadata,-1,0.0,0.0,0.24252658183254625,2,0.20867998557513423,0.033846596257412015,0.484076,True,False,2020,es,El uso del Google Classroom como complemento de la capacitación presencial a docentes de nivel primario,,CONICET Digital,metadata,-1,-1,False,-1,0,nearest_semantic_centroid,0.530872,False,alta,5,,,1.0,0,0.530872,2,0.521313,0.009559,
record:b765e17107687c100922699c,record:b765e17107687c100922699c,BERTopic-ARGENTINA-2020-2026,metadata,-1,0.0,0.0,0.43776461700712654,2,0.2806622895740966,0.15710232743302993,0.22681,True,False,2023,pt,El viejo problema del analfabetismo sigue en pie: El escenario educativo en la provincia de Buenos Aires durante la década del ’40,,CONICET Digital,metadata,-1,-1,False,-1,0,nearest_semantic_centroid,0.727716,False,alta,4,,,0.3,0,0.727716,2,0.690184,0.037532,
record:36602f118f91832729e1f488,record:36602f118f91832729e1f488,BERTopic-ARGENTINA-2020-2026,metadata,0,1.0,1.0,0.8539439512472671,2,0.08702303363158255,0.7669209176156845,0.037224,False,False,2024,es,"Elaboraciones del conflicto social y político en un contexto de configuración del campo cultural, 1917-1946",,CONICET Digital,metadata,0,0,False,0,,,,False,alta,5,0.257731,1.394165,1.0,0,0.758187,1,0.615709,0.142478,0.241812
record:8156f319014be51d6a6f379a,record:8156f319014be51d6a6f379a,BERTopic-ARGENTINA-2020-2026,metadata,1,1.0,1.0,1.0,0,7.97268398991141e-309,1.0,0.0,False,False,2023,en,Elaboración de escalas de valoración de obstáculos y medidas para abordar la violencia de género en las escuelas,,CONICET Digital,metadata,1,1,False,1,,,,False,alta,9,0.684745,1.04141,1.0,1,0.703625,0,0.584539,0.119086,0.296376
record:d416af1212698afc46f3db5e,record:d416af1212698afc46f3db5e,BERTopic-ARGENTINA-2020-2026,metadata,0,1.0,1.0,0.6448698370939343,2,0.191634366336015,0.4532354707579193,0.114726,False,False,2025,es,En busca de signos de acción política: una aproximación a los memorandos del Servicio de Inteligencia de la Prefectura Naval Argentina (Zona Mar Atlántico Norte),,CONICET Digital,metadata,0,0,False,0,,,,False,alta,5,0.320695,1.270999,1.0,0,0.626812,1,0.481042,0.14577,0.373188
record:dde3d923e12cd2976d3c0771,record:dde3d923e12cd2976d3c0771,BERTopic-ARGENTINA-2020-2026,metadata,0,1.0,1.0,0.8401018983200124,2,0.1001826509412775,0.7399192473787348,0.067985,False,False,2024,es,"Enrique Carlos Romero Brest. Entre viajes, producción de saberes, gestiones y redes transnacionales",,CONICET Digital,metadata,0,0,False,0,,,,False,alta,9,0.192267,1.251304,0.9,0,0.746917,2,0.662862,0.084055,0.253083
record:ef37c7d24bd6a53bd86bb263,record:ef37c7d24bd6a53bd86bb263,BERTopic-ARGENTINA-2020-2026,metadata,0,1.0,1.0,0.6095986692728024,2,0.23735737681615302,0.3722412924566494,0.101927,False,False,2025,es,"Enseñanza religiosa y liberalismo: Una aproximación a la educación común bonaerense, 1850-1880",,CONICET Digital,metadata,0,0,False,0,,,,False,alta,4,0.265656,1.483555,1.0,0,0.668823,2,0.608834,0.059988,0.331177
record:5f5a879c8abba628cf9ffabd,record:5f5a879c8abba628cf9ffabd,BERTopic-ARGENTINA-2020-2026,metadata,-1,0.0,0.0,0.312579180863404,1,0.29833741658168994,0.014241764281714087,0.230007,True,False,2024,es,Enseñar Educación Sexual Integral en Contexto de Pandemia Covid 19: un análisis de los abordajes educativos del Nivel Inicial de la Provincia de Jujuy en el Noroeste de Argentina,,CONICET Digital,metadata,-1,-1,False,-1,0,nearest_semantic_centroid,0.664947,False,alta,5,,,0.6,0,0.664947,2,0.613959,0.050988,
record:cd31408dbc3469fec499252e,record:cd31408dbc3469fec499252e,BERTopic-ARGENTINA-2020-2026,metadata,0,1.0,1.0,1.0,2,6.28797619408053e-309,1.0,0.0,False,False,2022,es,"""Enseñar en las fábricas el amor a lo bello"": Artes industriales y academia a comienzos del siglo XX en Argentina",,CONICET Digital,metadata,0,0,False,0,,,,False,alta,5,0.173668,2.107829,1.0,0,0.745135,2,0.649164,0.095971,0.254865
record:1ac9fe1339f40523fd3da128,record:1ac9fe1339f40523fd3da128,BERTopic-ARGENTINA-2020-2026,metadata,0,1.0,1.0,1.0,2,6.95605405237029e-309,1.0,0.0,False,False,2020,es,"Entre amores clandestinos y cesantías: La maestra y el director, Argentina 1920-1928",,CONICET Digital,metadata,0,0,False,0,,,,False,alta,5,0.303666,1.18657,0.9,0,0.839341,2,0.703714,0.135627,0.160659
record:848bb0146acc9e11375322fd,record:848bb0146acc9e11375322fd,BERTopic-ARGENTINA-2020-2026,metadata,1,1.0,1.0,1.0,0,9.92238248238701e-309,1.0,0.0,False,False,2020,en,"Entre la escuela, las redes sociales y los espacios de ocio nocturno. Los conflictos entre jóvenes de educación secundaria",,CONICET Digital,metadata,1,1,False,1,,,,False,alta,1,0.731517,0.626496,1.0,1,0.816593,0,0.618834,0.197759,0.183408
record:52d00ea81a5e5abe1485c9ef,record:52d00ea81a5e5abe1485c9ef,BERTopic-ARGENTINA-2020-2026,metadata,1,1.0,1.0,1.0,0,1.6404124725865504e-308,1.0,0.0,False,False,2026,es,Entre la gestión y el control: La evaluación de las habilidades socioemocionales como estrategia de reconversión global de la educación. Apropiaciones locales en Argentina,,CONICET Digital,metadata,1,1,False,1,,,,False,alta,1,0.611826,0.919128,0.8,1,0.784201,0,0.728075,0.056126,0.2158
record:d6e6cd53e70089ca6e611ca5,record:d6e6cd53e70089ca6e611ca5,BERTopic-ARGENTINA-2020-2026,metadata,0,0.9746486895015559,0.974649,0.48565940274979125,0,0.2889778970735588,0.19668150567623244,0.154664,False,False,2026,pt,Entre lo deseado y lo posible: Sentidos en tensión sobre la escuela secundaria en el periurbano hortícola platense,,CONICET Digital,metadata,0,0,False,0,,,,False,alta,1,-0.202273,1.180766,0.8,2,0.786597,0,0.757974,0.028623,0.242026
record:0416d5c4e72853f88e5b4852,record:0416d5c4e72853f88e5b4852,BERTopic-ARGENTINA-2020-2026,metadata,-1,0.0,0.0,0.3766968583275896,0,0.32081637931613866,0.055880479011450934,0.235456,True,False,2025,es,"Entrevistas a actores educativos de escuela técnica de Añelo, Neuquén",,CONICET Digital,metadata,-1,-1,False,-1,0,nearest_semantic_centroid,0.629855,False,alta,10,,,1.0,0,0.629855,2,0.583143,0.046712,
record:3ecd1c97e580bc7961f76b9d,record:3ecd1c97e580bc7961f76b9d,BERTopic-ARGENTINA-2020-2026,metadata,-1,0.0,0.0,0.3278797471094256,2,0.24241141304479608,0.0854683340646295,0.373741,True,False,2024,es,Entrevistas estudiantes de Posgrado de la Universidad Nacional de Rosario: problemáticas en escritura científica,,CONICET Digital,metadata,-1,-1,False,-1,0,nearest_semantic_centroid,0.697623,False,alta,8,,,0.2,0,0.697623,1,0.616713,0.080909,
record:2beda15cd083e24c224a7157,record:2beda15cd083e24c224a7157,BERTopic-ARGENTINA-2020-2026,metadata,0,0.9868444029343455,0.986844,0.4388053544011434,2,0.28279179310141817,0.1560135612997252,0.144086,False,False,2022,pt,Equidad en la educación superior latinoamericana: Dimensiones e indicadores,,CONICET Digital,metadata,0,0,False,0,,,,False,alta,5,0.166506,1.738745,1.0,0,0.747717,2,0.694357,0.05336,0.252283
record:40434fe899e9e645e8fa0595,record:40434fe899e9e645e8fa0595,BERTopic-ARGENTINA-2020-2026,metadata,-1,0.0,0.0,0.5952374981978485,0,0.21510661653391178,0.38013088166393677,0.213837,True,False,2026,es,Escala de Competencias Parentales Percibidas para Niños Escolarizados (ECPP-n): Adaptación y Validación Argentina,,CONICET Digital,metadata,-1,-1,False,-1,0,nearest_semantic_centroid,0.743493,False,alta,5,,,0.1,0,0.743493,1,0.735004,0.00849,
record:41c8f3908db51124a47fc4d5,record:41c8f3908db51124a47fc4d5,BERTopic-ARGENTINA-2020-2026,metadata,1,1.0,1.0,1.0,0,1.6173506883431207e-308,1.0,0.0,False,False,2021,es,Escala de Funcionamiento Ejecutivo para Escolares: Análisis de las Propiedades Psicométricas,,CONICET Digital,metadata,1,1,False,1,,,,False,alta,1,0.601509,1.01671,0.8,1,0.757345,0,0.600238,0.157108,0.242655
record:ff9ced2f4c0824dd97eeb7e9,record:ff9ced2f4c0824dd97eeb7e9,BERTopic-ARGENTINA-2020-2026,metadata,-1,0.0,0.0,0.39344355501727984,2,0.3375136046557801,0.055929950361499725,0.220708,True,False,2020,es,Escenas de la vida escolar entrerriana a mediados del siglo XIX,,CONICET Digital,metadata,-1,-1,False,-1,0,nearest_semantic_centroid,0.821973,False,alta,4,,,0.2,0,0.821973,2,0.787403,0.034569,
record:4982790a39947725e37a420f,record:4982790a39947725e37a420f,BERTopic-ARGENTINA-2020-2026,metadata,2,1.0,1.0,1.0,0,8.39788822510522e-309,1.0,0.0,False,False,2022,es,Escolarizaciones intermitentes y la construcción del lugar escuela,,CONICET Digital,metadata,2,2,False,2,,,,False,alta,1,0.637379,0.321209,1.0,2,0.83064,0,0.710204,0.120436,0.16936
record:dab775d1f7cc6c7437fe1ccb,record:dab775d1f7cc6c7437fe1ccb,BERTopic-ARGENTINA-2020-2026,metadata,-1,0.0,0.0,0.2432328742041645,2,0.21405420351176976,0.029178670692394743,0.532097,True,False,2022,es,"Escuela Media, Trabajo Joven, y hegemonía en la Argentina neodesarrollista: una mirada estructural",,CONICET Digital,metadata,-1,-1,False,-1,0,nearest_semantic_centroid,0.821044,False,alta,4,,,0.6,0,0.821044,2,0.743688,0.077356,
record:3fc90922a8eb400e6b343b08,record:3fc90922a8eb400e6b343b08,BERTopic-ARGENTINA-2020-2026,metadata,0,1.0,1.0,1.0,1,2.550256902873436e-308,1.0,0.0,False,False,2020,es,Escuela media y formación para el mundo político. Diálogos entre generaciones y tradiciones,,CONICET Digital,metadata,0,0,False,0,,,,False,alta,10,-0.285981,1.7124,0.6,0,0.801559,2,0.787601,0.013958,0.198441
record:259cbd71073c2a87b7697e12,record:259cbd71073c2a87b7697e12,BERTopic-ARGENTINA-2020-2026,metadata,0,1.0,1.0,1.0,2,7.12722205481243e-309,1.0,0.0,False,False,2023,es,"Escuela Nueva y relato autobiográfico: Análisis de la trayectoria de Gerarda Scolamieri, una docente argentina",,CONICET Digital,metadata,0,0,False,0,,,,False,alta,14,0.294246,1.17525,0.8,0,0.762514,2,0.631946,0.130567,0.237486
record:bf83a2642d5301e103e50fd8,record:bf83a2642d5301e103e50fd8,BERTopic-ARGENTINA-2020-2026,metadata,-1,0.0,0.0,0.33509250558930664,1,0.2794653861645699,0.05562711942473675,0.230007,True,False,2025,es,"Escuela, pobreza y género en la Ciudad de Buenos Aires: políticas y percepciones docentes en la educación diferenciada según “sexo”",,CONICET Digital,metadata,-1,-1,False,-1,0,nearest_semantic_centroid,0.774935,False,alta,1,,,0.6,0,0.774935,2,0.771254,0.003681,
record:6bbfe5dac26c9df2dd4dbe14,record:6bbfe5dac26c9df2dd4dbe14,BERTopic-ARGENTINA-2020-2026,metadata,0,0.9868444029343455,0.986844,0.46454792427056396,2,0.2897604963346004,0.17478742793596358,0.144086,False,False,2024,es,Escuela pública y privada en Argentina: Una comparación de las condiciones de escolarización en el nivel medio,,CONICET Digital,metadata,0,0,False,0,,,,False,alta,9,0.130523,1.871012,1.0,2,0.808598,0,0.804301,0.004297,0.1957
record:9a0de4841617516c294d9bbb,record:9a0de4841617516c294d9bbb,BERTopic-ARGENTINA-2020-2026,metadata,0,0.9492174077934378,0.949217,0.34214605180595764,0,0.3404908485848916,0.0016552032210660483,0.176721,False,False,2022,es,"Escuela y diversidad cultural en la educación primaria de personas jóvenes y adultas en Santiago del Estero, Argentina",,CONICET Digital,metadata,0,0,False,0,,,,False,alta,9,0.195745,1.310944,0.9,0,0.828273,2,0.781171,0.047102,0.171727
record:be29cd174129e0814f9c2700,record:be29cd174129e0814f9c2700,BERTopic-ARGENTINA-2020-2026,metadata,2,1.0,1.0,1.0,0,7.981068146438464e-309,1.0,0.0,False,False,2022,es,Escuelas secundarias parroquiales en barrios precarios: Segregación residencial e inclusión educativa,,CONICET Digital,metadata,2,2,False,2,,,,False,alta,9,0.568069,0.936537,1.0,2,0.818614,0,0.743653,0.074961,0.181386
record:c42e60d625d01bd5fc43dfd5,record:c42e60d625d01bd5fc43dfd5,BERTopic-ARGENTINA-2020-2026,metadata,0,1.0,1.0,0.496410052497972,0,0.3160802941931774,0.18032975830479459,0.101927,False,False,2020,es,"Esta es una escuela, pero no la intemperie: Redefiniendo las fronteras entre el adentro y el afuera en una escuela de reingreso en la Ciudad de Buenos Aires",,CONICET Digital,metadata,0,0,False,0,,,,False,alta,4,-0.087529,1.061557,1.0,0,0.84145,2,0.822156,0.019295,0.15855
record:6f978c1f4a66c42c88d9962b,record:6f978c1f4a66c42c88d9962b,BERTopic-ARGENTINA-2020-2026,metadata,-1,0.0,0.0,0.5982909660358559,0,0.17156287005873805,0.4267280959771178,0.307498,True,False,2023,es,Estado del arte: Escolaridad primaria y jornada escolar en el contexto internacional. Estudio de casos en Europa y América Latina,,CONICET Digital,metadata,-1,-1,False,-1,0,nearest_semantic_centroid,0.831725,False,alta,4,,,0.4,0,0.831725,2,0.780019,0.051706,
record:d824f491305b62fba490cab7,record:d824f491305b62fba490cab7,BERTopic-ARGENTINA-2020-2026,metadata,-1,0.0,0.0,0.24054869179806782,2,0.21071320293960216,0.029835488858465653,0.484076,True,False,2023,es,Estado e imaginario tecnológico: un análisis de las reconfiguraciones en las políticas educativas nacionales de incorporación de TIC,,CONICET Digital,metadata,-1,-1,False,-1,0,nearest_semantic_centroid,0.646318,False,alta,4,,,1.0,0,0.646318,2,0.619806,0.026511,
record:ea01af7d207cc469ad18f87f,record:ea01af7d207cc469ad18f87f,BERTopic-ARGENTINA-2020-2026,metadata,0,0.9492174077934378,0.949217,0.3690867479048317,0,0.31822378545699825,0.05086296244783345,0.176721,False,False,2024,es,Estar y no estar: Sentidos y prácticas en torno a las migraciones e identificaciones étnico-nacionales en el espacio escolar,,CONICET Digital,metadata,0,0,False,0,,,,False,alta,9,0.143517,1.691833,0.9,0,0.742226,1,0.703727,0.038499,0.257774
record:7933c669c07a12e665b9eed7,record:7933c669c07a12e665b9eed7,BERTopic-ARGENTINA-2020-2026,metadata,-1,0.0,0.0,0.370784052559564,2,0.15913837710981052,0.21164567544975346,0.475885,True,False,2025,pt,"“Estoy arme y arme, arme y arme”: Estrategias de migrantes peruanas ante la segregación laboral y espacial",,CONICET Digital,metadata,-1,-1,False,-1,0,nearest_semantic_centroid,0.674165,False,alta,5,,,0.3,0,0.674165,2,0.599593,0.074573,
record:0f9706b778493537af05c889,record:0f9706b778493537af05c889,BERTopic-ARGENTINA-2020-2026,metadata,2,1.0,1.0,1.0,0,7.586633478585117e-309,1.0,0.0,False,False,2025,es,Estrategia de Extensión público-privada para mejorar la sustentabilidad de la producción lechera en empresas familiares,,CONICET Digital,metadata,2,2,False,2,,,,False,alta,0,0.470628,1.362461,0.7,2,0.466312,0,0.410275,0.056038,0.533688
record:7371c50acd2c1016dffa45e0,record:7371c50acd2c1016dffa45e0,BERTopic-ARGENTINA-2020-2026,metadata,-1,0.0,0.0,0.4533443529292188,0,0.285091195064517,0.1682531578647018,0.235456,True,False,2021,es,Estrategias de inserción laboral de profesores principiantes en escuelas públicas de Buenos Aires,,CONICET Digital,metadata,-1,-1,False,-1,0,nearest_semantic_centroid,0.819336,False,alta,1,,,0.9,0,0.819336,2,0.818663,0.000673,
record:da6aa91f299ea15764bced3c,record:da6aa91f299ea15764bced3c,BERTopic-ARGENTINA-2020-2026,metadata,-1,0.0,0.0,0.18827768708554965,0,0.11867727199927233,0.06960041508627732,0.663213,True,False,2024,es,Estrés en profesores argentinos de educación secundaria durante la pandemia por Covid-19,,CONICET Digital,metadata,-1,-1,False,-1,0,nearest_semantic_centroid,0.769952,False,alta,9,,,1.0,0,0.769952,2,0.715251,0.054701,
record:fc4e66c0184b591fd244c53d,record:fc4e66c0184b591fd244c53d,BERTopic-ARGENTINA-2020-2026,metadata,-1,0.0,0.0,0.20814002682684254,0,0.11102939042877848,0.09711063639806407,0.663213,True,False,2020,es,Estudios de dieta total en escolares del noroeste argentino.,,CONICET Digital,metadata,-1,-1,False,-1,2,nearest_semantic_centroid,0.68739,False,alta,5,,,1.0,2,0.68739,0,0.647041,0.040348,
record:d81f6f9f8507cf160a05e48a,record:d81f6f9f8507cf160a05e48a,BERTopic-ARGENTINA-2020-2026,metadata,-1,0.0,0.0,0.43125240556720423,2,0.24951012344854206,0.18174228211866217,0.336576,True,False,2026,es,Ethopolítica del hacer docente en la escuela secundaria: problematizaciones en y desde las prácticas de directoras/es del conurbano bonaerense,,CONICET Digital,metadata,-1,-1,False,-1,0,nearest_semantic_centroid,0.833005,False,alta,9,,,0.3,0,0.833005,2,0.814055,0.01895,
record:f9a71cbf2ea372a08ef21c7e,record:f9a71cbf2ea372a08ef21c7e,BERTopic-ARGENTINA-2020-2026,metadata,0,0.9492174077934378,0.949217,0.469469953737989,2,0.31814076141610814,0.15132919232188086,0.176721,False,False,2020,es,Etnobotánica de comunidades inmigrantes bolivianas asentadas en la provincia de Jujuy (Argentina): estudio del cambio y la flexibilidad,,CONICET Digital,metadata,0,0,False,0,,,,False,alta,5,-0.045177,1.783029,0.9,0,0.668159,2,0.641376,0.026783,0.331841
record:d8a65a8fe708057d44933788,record:d8a65a8fe708057d44933788,BERTopic-ARGENTINA-2020-2026,metadata,1,1.0,1.0,1.0,0,1.1253038038956755e-308,1.0,0.0,False,False,2023,es,Evaluación de la calidad de la amistad en niños argentinos,,CONICET Digital,metadata,1,1,False,1,,,,False,alta,5,0.7441,0.379478,1.0,1,0.720264,0,0.614812,0.105451,0.279737
record:b4993733429ecf22115c82e1,record:b4993733429ecf22115c82e1,BERTopic-ARGENTINA-2020-2026,metadata,2,1.0,1.0,1.0,0,8.31751609570731e-309,1.0,0.0,False,False,2020,es,"Evaluación etnobotánica de los recursos vegetales combustibles actuales y potenciales de la Ribera Platense (Provincia de Buenos Aires, Argentina)",,CONICET Digital,metadata,2,2,False,2,,,,False,alta,9,0.450563,1.395894,0.7,2,0.512272,0,0.469878,0.042394,0.487728
record:ef0542fe517b847cd9c05d1f,record:ef0542fe517b847cd9c05d1f,BERTopic-ARGENTINA-2020-2026,metadata,1,1.0,1.0,1.0,0,9.624795887614087e-309,1.0,0.0,False,False,2020,es,Evaluación informal y conflictividad en la escuela media: sentidos y prácticas de docentes y alumnos en sus interacciones,,CONICET Digital,metadata,1,1,False,1,,,,False,alta,4,0.73411,0.657474,1.0,1,0.846443,0,0.700178,0.146265,0.153557
record:f4cb8e4dcb895fbbf5ea6fba,record:f4cb8e4dcb895fbbf5ea6fba,BERTopic-ARGENTINA-2020-2026,metadata,-1,0.0,0.0,0.4361055981808455,0,0.3528683388505231,0.08323725933032239,0.275025,True,False,2026,es,Evaluación integral de aguas subterráneas en la Llanura Pampeana Argentina mediante índices y análisis discriminante,,CONICET Digital,metadata,-1,-1,False,-1,0,nearest_semantic_centroid,0.571789,False,alta,9,,,1.0,0,0.571789,2,0.533986,0.037803,
record:6be69bdd3b51d640828b858a,record:6be69bdd3b51d640828b858a,BERTopic-ARGENTINA-2020-2026,metadata,-1,0.0,0.0,0.49582179545379146,0,0.2957707172269791,0.20005107822681234,0.275025,True,False,2022,es,"Evaluación integral de la gestión del agua subterránea en escuelas rurales en Tandil, Argentina",,CONICET Digital,metadata,-1,-1,False,-1,2,nearest_semantic_centroid,0.77404,False,alta,4,,,1.0,2,0.77404,0,0.710234,0.063806,
record:d549f21df41384c4c186c308,record:d549f21df41384c4c186c308,BERTopic-ARGENTINA-2020-2026,metadata,0,1.0,1.0,0.5729158374067205,2,0.23295191734343837,0.33996392006328213,0.126315,False,False,2026,es,Evaluación y dinámicas de privatización educativa en Argentina: Entre la medición de aprendizajes y la intervención de organizaciones no gubernamentales,,CONICET Digital,metadata,0,0,False,0,,,,False,alta,9,0.20504,1.335403,0.6,0,0.773991,2,0.754191,0.019801,0.226009
record:93dc241b7872ed11d83134fd,record:93dc241b7872ed11d83134fd,BERTopic-ARGENTINA-2020-2026,metadata,-1,0.0,0.0,0.3041904769149608,2,0.19901519004699553,0.10517528686796529,0.471725,True,False,2022,es,Exactas Programa: llevando la programación a cada rincón de la ciencia,,CONICET Digital,metadata,-1,-1,False,-1,0,nearest_semantic_centroid,0.489651,False,alta,5,,,0.3,0,0.489651,2,0.47654,0.013111,
record:e23479ddb40354f52176ccff,record:e23479ddb40354f52176ccff,BERTopic-ARGENTINA-2020-2026,metadata,0,0.9492174077934378,0.949217,0.4444016326118926,2,0.3507270709108063,0.09367456170108629,0.176721,False,False,2024,es,Exotic species in the formal educational sphere in Argentina,,CONICET Digital,metadata,0,0,False,0,,,,False,alta,0,-0.135243,1.717986,0.8,0,0.687105,2,0.625987,0.061119,0.312895
record:c3aa35b12fc27567280b2f90,record:c3aa35b12fc27567280b2f90,BERTopic-ARGENTINA-2020-2026,metadata,0,0.9944813364793312,0.994481,0.6530989137231035,1,0.23649181443676665,0.4166070992863368,0.137462,False,False,2023,es,Experiencia educativa focalizada en el personal docente para promover el compromiso escolar: Percepciones de estudiantes,,CONICET Digital,metadata,0,0,False,0,,,,False,alta,4,-0.291952,2.251859,0.9,1,0.755548,0,0.692029,0.063519,0.307971
record:59c4c31b09ae932e629afa13,record:59c4c31b09ae932e629afa13,BERTopic-ARGENTINA-2020-2026,metadata,0,0.9492174077934378,0.949217,0.47929261480225077,2,0.29317835489709015,0.18611425990516062,0.176721,False,False,2025,es,Experiencias comunitarias en San Eduardo (Santa Fe): Construcción de conocimientos y saberes en torno a la presencia de pueblos originarios,,CONICET Digital,metadata,0,0,False,0,,,,False,alta,5,0.031805,1.755323,1.0,0,0.685429,2,0.637729,0.047701,0.314571
record:15a511be0b5ab35a9f82bd98,record:15a511be0b5ab35a9f82bd98,BERTopic-ARGENTINA-2020-2026,metadata,-1,0.0,0.0,0.193457424362191,0,0.11697909439489887,0.07647832996729212,0.663213,True,False,2024,es,Experiencias escolares de jóvenes wichí en contexto de pandemia,,CONICET Digital,metadata,-1,-1,False,-1,1,nearest_semantic_centroid,0.772802,False,alta,5,,,1.0,1,0.772802,2,0.755269,0.017533,
record:f8310da85aa344b1442157aa,record:f8310da85aa344b1442157aa,BERTopic-ARGENTINA-2020-2026,metadata,0,0.9291560971333206,0.929156,0.38008061837835067,1,0.2779772766664619,0.10210334171188878,0.19412,False,False,2023,es,Experiencias que favorecen la inclusión educativa: cuando el aprendizaje se construye en el interjuego de voces,,CONICET Digital,metadata,0,0,False,0,,,,False,alta,1,0.249051,1.042318,1.0,1,0.699132,0,0.697779,0.001352,0.30222
record:eaf2af2a857bb6586783e09f,record:eaf2af2a857bb6586783e09f,BERTopic-ARGENTINA-2020-2026,metadata,0,0.9868444029343455,0.986844,0.42880205990475895,2,0.3015877901747133,0.12721426973004563,0.144086,False,False,2023,es,Factores asociados a los logros académicos en el último año de la escuela secundaria en Argentina,,CONICET Digital,metadata,0,0,False,0,,,,False,alta,5,0.116783,1.682822,1.0,0,0.735256,2,0.70791,0.027346,0.264744
record:1e7e85892c0116795caec2cd,record:1e7e85892c0116795caec2cd,BERTopic-ARGENTINA-2020-2026,metadata,0,0.9868444029343455,0.986844,0.46364695278479,2,0.3015206688605131,0.16212628392427691,0.144086,False,False,2022,es,Factores socioeconómicos del hogar en la elección del tipo de gestión del establecimiento educativo en Argentina,,CONICET Digital,metadata,0,0,False,0,,,,False,alta,1,0.116223,1.820792,0.9,2,0.833908,0,0.783068,0.05084,0.216932
record:4d06cfdc11f09a05adcee4e4,record:4d06cfdc11f09a05adcee4e4,BERTopic-ARGENTINA-2020-2026,metadata,-1,0.0,0.0,0.35306261378673887,2,0.2872323955172596,0.06583021826947927,0.382551,True,False,2025,es,Formación en el campo de la PPD en Profesorados Universitarios en Matemática de Argentina,,CONICET Digital,metadata,-1,-1,False,-1,0,nearest_semantic_centroid,0.72253,False,alta,6,,,0.8,0,0.72253,2,0.645399,0.077131,
record:e68f46939c961131cdfe095d,record:e68f46939c961131cdfe095d,BERTopic-ARGENTINA-2020-2026,metadata,-1,0.0,0.0,0.5022788656213475,0,0.2688892616424171,0.23338960397893038,0.275025,True,False,2026,es,Fortaleciendo el vínculo entre universidad y escuela: Educación ambiental a través de la extensión universitaria,,CONICET Digital,metadata,-1,-1,False,-1,2,nearest_semantic_centroid,0.707028,False,alta,5,,,1.0,2,0.707028,0,0.672461,0.034567,
record:6df58fef2a2c0f7d377c6abd,record:6df58fef2a2c0f7d377c6abd,BERTopic-ARGENTINA-2020-2026,metadata,-1,0.0,0.0,0.2029033092016896,0,0.11312405441063876,0.08977925479105085,0.663213,True,False,2022,es,Fracaso antropométrico y altitud geográfica en escolares jujeños que recibían asistencia alimentaria.,,CONICET Digital,metadata,-1,-1,False,-1,2,nearest_semantic_centroid,0.638605,False,alta,5,,,1.0,2,0.638605,1,0.568518,0.070087,
record:c227c498377a2fb70344f794,record:c227c498377a2fb70344f794,BERTopic-ARGENTINA-2020-2026,metadata,-1,0.0,0.0,0.4696359116065142,1,0.33541256726629853,0.13422334434021566,0.275457,True,False,2020,es,Frente al límite del enfoque de derechos: la educación como política de prevención social del riesgo,,CONICET Digital,metadata,-1,-1,False,-1,0,nearest_semantic_centroid,0.746965,False,alta,1,,,0.3,0,0.746965,2,0.722918,0.024047,
record:2c79da33e6b83346ee547098,record:2c79da33e6b83346ee547098,BERTopic-ARGENTINA-2020-2026,metadata,2,1.0,1.0,1.0,0,9.215040586788924e-309,1.0,0.0,False,False,2025,es,"Funcionarias en el ""territorio"" y políticas de educación rural en Entre Ríos: Una mirada desde la implementación de dos programas con financiamiento externo",,CONICET Digital,metadata,2,2,False,2,,,,False,alta,9,0.560669,0.642182,1.0,2,0.807155,0,0.763859,0.043296,0.192845
record:16895264c3d1fe8befac6ba2,record:16895264c3d1fe8befac6ba2,BERTopic-ARGENTINA-2020-2026,metadata,1,1.0,1.0,1.0,0,1.522383923845889e-308,1.0,0.0,False,False,2022,es,"Fórmulas de infancia: niñez romántica, niñez combatiente. Itinerarios visuales de la participación (en) política",,CONICET Digital,metadata,1,1,False,1,,,,False,alta,1,0.660799,0.668041,1.0,1,0.820031,0,0.698129,0.121903,0.179968
record:4472efdda1a8612380b138cb,record:4472efdda1a8612380b138cb,BERTopic-ARGENTINA-2020-2026,metadata,0,0.9868444029343455,0.986844,0.5406061429079659,2,0.2610408730818903,0.27956526982607566,0.144086,False,True,2022,pt,Gestión de las políticas educativas de la escuela secundaria en Argentina,,CONICET Digital,metadata,0,0,False,0,,,,False,alta,11,0.181797,1.264212,0.5,0,0.85036,2,0.82987,0.020491,0.14964
record:c7d34a1d206d5e9ee232f957,record:c7d34a1d206d5e9ee232f957,BERTopic-ARGENTINA-2020-2026,metadata,-1,0.0,0.0,0.5083406270455235,0,0.2877415346842411,0.22059909236128245,0.275025,True,False,2021,es,Gestión del agua subterránea en una escuela agroindustrial en Argentina,,CONICET Digital,metadata,-1,-1,False,-1,2,nearest_semantic_centroid,0.706413,False,alta,0,,,1.0,2,0.706413,0,0.655078,0.051335,
record:bd1a22de7a5e080ba82a14e3,record:bd1a22de7a5e080ba82a14e3,BERTopic-ARGENTINA-2020-2026,metadata,0,1.0,1.0,1.0,1,1.140801452486005e-308,1.0,0.0,False,False,2021,es,Gestión del self y pedagogías uno a uno: espacio-tiempo dislocados en la era del gerenciamiento,,CONICET Digital,metadata,0,0,False,0,,,,False,alta,4,-0.066728,2.03101,1.0,0,0.612956,1,0.591868,0.021088,0.387044
record:8ca7f7410096d0d8706d7fe7,record:8ca7f7410096d0d8706d7fe7,BERTopic-ARGENTINA-2020-2026,metadata,0,1.0,1.0,1.0,2,6.625536787667335e-309,1.0,0.0,False,False,2022,es,"Gestión, militancia y políticas de la memoria: la creación del “Faro de la Memoria” en Mar del Plata",,CONICET Digital,metadata,0,0,False,0,,,,False,alta,4,0.287714,1.422933,1.0,0,0.592391,2,0.473379,0.119012,0.407609
record:8dfdd6f26ece758f0a655af2,record:8dfdd6f26ece758f0a655af2,BERTopic-ARGENTINA-2020-2026,metadata,0,0.9145834093433526,0.914583,0.40487156871516605,2,0.3602784657289101,0.04459310298625596,0.20676,False,False,2025,en,"Gestión participativa aplicada a la comunidad: la interpretación patrimonial en Amaná (La Rioja, Argentina) entre 2022-2023",,CONICET Digital,metadata,0,0,False,0,,,,False,alta,0,-0.096137,1.833498,0.8,0,0.725679,2,0.670127,0.055552,0.274321
record:3172e428f6993751f33762ed,record:3172e428f6993751f33762ed,BERTopic-ARGENTINA-2020-2026,metadata,-1,0.0,0.0,0.4133040460771681,2,0.27559775853879087,0.13770628753837721,0.301366,True,False,2025,es,"Gestión social educativa en Argentina: análisis del primer informe del Relevamiento Nacional de Experiencias Educativas Comunitarias, Cooperativas y de Gestión Social, 2021",,CONICET Digital,metadata,-1,-1,False,-1,0,nearest_semantic_centroid,0.834303,False,alta,1,,,0.0,0,0.834303,2,0.808108,0.026195,
record:7c43d6a1cef900cc54231798,record:7c43d6a1cef900cc54231798,BERTopic-ARGENTINA-2020-2026,metadata,0,1.0,1.0,0.5347923094868248,2,0.24329674415393684,0.2914955653328879,0.126315,False,False,2026,es,"“Gobernar a través de las comunidades”: dispositivos socio-estatales, proactividad comunitaria y economización de la educación. Un estudio sobre las Escuelas Públicas de Gestión Social de la provincia de Chaco",,CONICET Digital,metadata,0,0,False,0,,,,False,alta,3,0.281922,1.147094,0.9,2,0.812519,0,0.804658,0.007861,0.195342
record:d4a0e7a432419113e21aabfc,record:d4a0e7a432419113e21aabfc,BERTopic-ARGENTINA-2020-2026,metadata,2,1.0,1.0,1.0,0,8.872641295611577e-309,1.0,0.0,False,False,2024,es,Gobernar la incertidumbre: la continuidad pedagógica en escuelas secundarias rurales de Argentina,,CONICET Digital,metadata,2,2,False,2,,,,False,alta,14,0.616689,0.503258,1.0,2,0.861344,0,0.837173,0.024171,0.138656
record:939ac9e679533909b2b1d864,record:939ac9e679533909b2b1d864,BERTopic-ARGENTINA-2020-2026,metadata,-1,0.0,0.0,0.42665953142636676,2,0.2113371533456986,0.21532237808066815,0.41548,True,False,2020,es,Grafitis en escuelas secundarias de Córdoba. Paredes y muebles que hablan,,CONICET Digital,metadata,-1,-1,False,-1,0,nearest_semantic_centroid,0.681345,False,alta,1,,,0.3,0,0.681345,2,0.654665,0.02668,
record:88d6ebc043dedaaefbbd584f,record:88d6ebc043dedaaefbbd584f,BERTopic-ARGENTINA-2020-2026,metadata,0,1.0,1.0,1.0,2,6.510452653361417e-309,1.0,0.0,False,False,2023,es,"Grotowski en la Argentina: A propósito de El rayo misterioso, el Grupo de Teatro Laboratorio de Rosario",,CONICET Digital,metadata,0,0,False,0,,,,False,alta,5,0.198425,1.928413,1.0,0,0.609211,2,0.473461,0.135751,0.390789
record:f00c615b2b2b1b9724dbb0dc,record:f00c615b2b2b1b9724dbb0dc,BERTopic-ARGENTINA-2020-2026,metadata,0,0.9868444029343455,0.986844,0.4331740388427027,2,0.2798089607265732,0.15336507811612954,0.144086,False,False,2026,es,Género y liderazgo en la educación superior Argentina,,CONICET Digital,metadata,0,0,False,0,,,,False,alta,6,0.182271,1.674326,1.0,0,0.73638,2,0.654369,0.082011,0.26362
record:2f0744b61033b65f23099679,record:2f0744b61033b65f23099679,BERTopic-ARGENTINA-2020-2026,metadata,-1,0.0,0.0,0.44531722897902926,2,0.1880467984786058,0.2572704305004234,0.389332,True,False,2020,es,"Habilidades de planificación y organización, relación con la resolución de problemas matemáticos en escolares argentinos",,CONICET Digital,metadata,-1,-1,False,-1,0,nearest_semantic_centroid,0.666238,False,alta,1,,,0.5,0,0.666238,2,0.651993,0.014245,
record:266f0f464727de40300bf2cf,record:266f0f464727de40300bf2cf,BERTopic-ARGENTINA-2020-2026,metadata,-1,0.0,0.0,0.39915749081403606,1,0.2126496921671641,0.18650779864687198,0.380157,True,False,2020,es,Hacer escuela con palabras: directores de escuela media frente a la desigualdad,,CONICET Digital,metadata,-1,-1,False,-1,2,nearest_semantic_centroid,0.78523,False,alta,10,,,0.4,2,0.78523,0,0.754026,0.031204,
record:a039c3cdae362313deb548d8,record:a039c3cdae362313deb548d8,BERTopic-ARGENTINA-2020-2026,metadata,-1,0.0,0.0,0.4152194429381751,2,0.20516044081249082,0.21005900212568426,0.390411,True,False,2022,pt,"''Hacer escuela, hacer colectivo'': Movimientos sociales, jóvenes y experiencias educativas desde una perspectiva antropológica (Rosario, Argentina)",,CONICET Digital,metadata,-1,-1,False,-1,0,nearest_semantic_centroid,0.865044,False,alta,4,,,0.2,0,0.865044,2,0.789292,0.075751,
record:923cae852c12b31cff843d19,record:923cae852c12b31cff843d19,BERTopic-ARGENTINA-2020-2026,metadata,-1,0.0,0.0,0.3217639013690626,1,0.3003819969129702,0.021381904456092393,0.230007,True,False,2024,es,Hacia la construcción de una escuela secundaria para adultxs inclusiva y con perspectiva de género,,CONICET Digital,metadata,-1,-1,False,-1,0,nearest_semantic_centroid,0.732035,False,alta,5,,,0.6,0,0.732035,2,0.725426,0.006609,
record:6ef92dac2d4b497cdb3ddc07,record:6ef92dac2d4b497cdb3ddc07,BERTopic-ARGENTINA-2020-2026,metadata,-1,0.0,0.0,0.19789521808196275,0,0.11492592634677773,0.08296929173518502,0.663213,True,False,2025,pt,Hacia un enfoque ecosistémico para dengue con un protagonismo creciente de la educación no formal,,CONICET Digital,metadata,-1,-1,False,-1,2,nearest_semantic_centroid,0.551862,False,alta,9,,,1.0,2,0.551862,0,0.513821,0.038041,
record:3f8ba088d80e28b8406f7b85,record:3f8ba088d80e28b8406f7b85,BERTopic-ARGENTINA-2020-2026,metadata,-1,0.0,0.0,0.31436606629617114,1,0.3077675359169174,0.006598530379253731,0.361679,True,False,2025,es,"Hacia una Cartografía de la Inclusión. Debates, Descontentos, y Perspectivas Desde el Sur Global",,CONICET Digital,metadata,-1,-1,False,-1,0,nearest_semantic_centroid,0.707414,False,alta,1,,,0.5,0,0.707414,2,0.629335,0.078079,
record:55319c444cdbf104bb8eae21,record:55319c444cdbf104bb8eae21,BERTopic-ARGENTINA-2020-2026,metadata,0,0.9513372448870493,0.951337,0.7730418582869291,1,0.09257414935118671,0.6804677089357424,0.174882,False,False,2020,es,Hacia una contextualización de la enseñanza de la Química: contenidos articulados en torno a problemáticas sociocientíficas como ejes temáticos.,,CONICET Digital,metadata,0,0,False,0,,,,False,alta,5,0.096953,1.499459,1.0,0,0.677194,2,0.644076,0.033118,0.322806
record:45946a36062483d2fb54d091,record:45946a36062483d2fb54d091,BERTopic-ARGENTINA-2020-2026,metadata,0,1.0,1.0,0.4683443748356293,2,0.35963681934379976,0.10870755549182953,0.101927,False,False,2024,es,Historia de la Escuela Normal de Paraná (1871-1969),,CONICET Digital,metadata,0,0,False,0,,,,False,alta,5,0.087625,1.342211,0.9,0,0.800412,2,0.722832,0.077581,0.199587
record:ee35c1394c15986f45f3401b,record:ee35c1394c15986f45f3401b,BERTopic-ARGENTINA-2020-2026,metadata,0,1.0,1.0,1.0,2,7.230096493480883e-309,1.0,0.0,False,False,2022,es,"Historia de la paleobotánica en la Argentina: jesuitas, exploradores y científicos",,CONICET Digital,metadata,0,0,False,0,,,,False,alta,5,0.04223,2.661035,1.0,0,0.556324,2,0.417289,0.139035,0.443676
record:4f5fb4d8cc697eed45d2c87b,record:4f5fb4d8cc697eed45d2c87b,BERTopic-ARGENTINA-2020-2026,metadata,0,0.9291560971333206,0.929156,0.3933782716596205,2,0.2853111560378232,0.10806711562179733,0.19412,False,False,2022,es,Historias escolares y relatos de estudiantes del Profesorado de Inglés: Amor por la docencia,,CONICET Digital,metadata,0,0,False,0,,,,False,alta,5,0.250413,1.007347,1.0,0,0.780122,1,0.688405,0.091717,0.219878
record:15238c5cdbeaeb168f108677,record:15238c5cdbeaeb168f108677,BERTopic-ARGENTINA-2020-2026,metadata,-1,0.0,0.0,0.31772453007214907,1,0.301161740919895,0.016562789152254065,0.230007,True,False,2021,es,"Identidad de género: desafíos y límites a las políticas de inclusión en la escuela secundaria de la Ciudad de Buenos Aires, Argentina",,CONICET Digital,metadata,-1,-1,False,-1,0,nearest_semantic_centroid,0.696142,False,alta,1,,,0.6,0,0.696142,1,0.649471,0.046671,
record:aba731bb6ca192495aba4161,record:aba731bb6ca192495aba4161,BERTopic-ARGENTINA-2020-2026,metadata,-1,0.0,0.0,0.1885022866670453,0,0.11894368206538793,0.06955860460165737,0.663213,True,False,2023,es,Identificando relaciones reales y posibles entre educación y salud en una comunidad en situación de vulnerabilidad social,,CONICET Digital,metadata,-1,-1,False,-1,2,nearest_semantic_centroid,0.712499,False,alta,5,,,1.0,2,0.712499,1,0.702698,0.009801,
record:eeeaae0c76f6a80ea51e35f2,record:eeeaae0c76f6a80ea51e35f2,BERTopic-ARGENTINA-2020-2026,metadata,0,0.9868444029343455,0.986844,0.4196858071579369,2,0.29644342121612816,0.12324238594180875,0.144086,False,False,2021,pt,Igualdad de posiciones para las juventudes rurales: educación y tecnología en la provincia de Salta (Argentina),,CONICET Digital,metadata,0,0,False,0,,,,False,alta,5,0.088717,1.837576,1.0,2,0.781234,0,0.728045,0.053189,0.271955
record:6c0d168f99d396cf8df80261,record:6c0d168f99d396cf8df80261,BERTopic-ARGENTINA-2020-2026,metadata,0,0.9291560971333206,0.929156,0.37823421716178,1,0.2910494234718357,0.0871847936899443,0.19412,False,False,2023,en,Implementation of a Study and Co-Disciplinary Research Course: Management of the Dialects on “Theme and Out of Theme”,,CONICET Digital,metadata,0,0,False,0,,,,False,alta,4,0.237779,1.387484,1.0,0,0.640667,2,0.531588,0.109079,0.359333
record:891481c98f5fdaaf64218d27,record:891481c98f5fdaaf64218d27,BERTopic-ARGENTINA-2020-2026,metadata,0,0.9236663310589176,0.923666,0.40051383874012625,1,0.3507373420144136,0.04977649672571266,0.198882,False,True,2020,es,"Inclusión, convivencia democrática y políticas de cuidado en la escuela secundaria",,CONICET Digital,metadata,0,0,False,0,,,,False,alta,14,-0.006216,1.369447,0.5,0,0.813536,2,0.774316,0.03922,0.186464
record:c8688b451c7dc33a5f0d820e,record:c8688b451c7dc33a5f0d820e,BERTopic-ARGENTINA-2020-2026,metadata,-1,0.0,0.0,0.3871602076867641,1,0.20205421875571614,0.185105988931048,0.388128,True,False,2025,es,"Indicadores Clave de la Educación: Calidad, Trato docente y Ayuda en la Tarea Escolar. Barómetro de la Deuda Social de la Infancia. Serie Agenda para la Equidad (2017- 2023)",,CONICET Digital,metadata,-1,-1,False,-1,2,nearest_semantic_centroid,0.767263,False,alta,9,,,0.5,2,0.767263,0,0.740353,0.026909,
record:642428ffa33890923fe05c49,record:642428ffa33890923fe05c49,BERTopic-ARGENTINA-2020-2026,metadata,0,0.9868444029343455,0.986844,0.4418011863608934,2,0.28642734391130265,0.15537384244959074,0.144086,False,False,2023,es,Inequalities in Argentine secondary school: School trajectories and educational projections,,CONICET Digital,metadata,0,0,False,0,,,,False,alta,5,0.125535,1.8831,1.0,0,0.789802,2,0.783653,0.006149,0.210198
record:71c0077a594cd53392d37a00,record:71c0077a594cd53392d37a00,BERTopic-ARGENTINA-2020-2026,metadata,1,1.0,1.0,1.0,0,1.0919856483807e-308,1.0,0.0,False,False,2024,es,Inhibición cognitiva y motora en niños con trastorno por déficit de atención con hiperactividad,,CONICET Digital,metadata,1,1,False,1,,,,False,alta,5,0.660303,0.954099,1.0,1,0.481132,0,0.296701,0.184431,0.518868
record:d9896c98bf25fdded3849e28,record:d9896c98bf25fdded3849e28,BERTopic-ARGENTINA-2020-2026,metadata,0,1.0,1.0,0.4133190127146881,2,0.385432823491141,0.02788618922354713,0.101927,False,False,2023,es,Iniciativas oficiales para la edificación de escuelas primarias en la ciudad de Buenos Aires durante el siglo XIX,,CONICET Digital,metadata,0,0,False,0,,,,False,alta,4,0.138746,1.27418,1.0,2,0.769049,0,0.754074,0.014975,0.245926
record:72b6eafd4b776f663da987f3,record:72b6eafd4b776f663da987f3,BERTopic-ARGENTINA-2020-2026,metadata,0,0.9492174077934378,0.949217,0.3623442306497922,0,0.32077829736859287,0.04156593328119934,0.176721,False,False,2023,es,Inmovilidades y turismo estudiantil: restricciones económicas para acceder al viaje de egresados,,CONICET Digital,metadata,0,0,False,0,,,,False,alta,9,0.200811,1.468402,0.9,2,0.658873,0,0.654127,0.004746,0.345873
record:b4d271e0b63e6cf1a74026cd,record:b4d271e0b63e6cf1a74026cd,BERTopic-ARGENTINA-2020-2026,metadata,-1,0.0,0.0,0.2534663798165536,2,0.20231757534520217,0.05114880447135145,0.484076,True,False,2020,es,"Institución escolar y programa Conectar Igualdad: las escuelas secundarias en su dimensión tecnológica, subjetiva e inter-subjetiva: Un análisis desde las representaciones estudiantiles y docentes (Argentina, 2015)",,CONICET Digital,metadata,-1,-1,False,-1,0,nearest_semantic_centroid,0.745516,False,alta,1,,,0.9,0,0.745516,2,0.742582,0.002933,
record:ec7efa097bdada9339fa698d,record:ec7efa097bdada9339fa698d,BERTopic-ARGENTINA-2020-2026,metadata,-1,0.0,0.0,0.2428202837812588,2,0.20620799169101467,0.036612292090244136,0.484076,True,False,2021,es,Institución escolar y Programa Conectar Igualdad: representaciones de docentes respecto de las normas de uso de las tecnologías digitales,,CONICET Digital,metadata,-1,-1,False,-1,0,nearest_semantic_centroid,0.683363,False,alta,1,,,1.0,0,0.683363,2,0.682467,0.000895,
record:3b19bbe3e58815f394e5659d,record:3b19bbe3e58815f394e5659d,BERTopic-ARGENTINA-2020-2026,metadata,-1,0.0,0.0,0.2034965518169212,0,0.11348652859916672,0.09001002321775448,0.663213,True,False,2026,pt,"Instrucciones para armar una burbuja: gestión, enseñanza y vínculos en el regreso escolar pospandemia en el AMBA",,CONICET Digital,metadata,-1,-1,False,-1,2,nearest_semantic_centroid,0.685721,False,alta,9,,,1.0,2,0.685721,0,0.680659,0.005062,
record:5d031af7a3c52c18296dbdfb,record:5d031af7a3c52c18296dbdfb,BERTopic-ARGENTINA-2020-2026,metadata,1,1.0,1.0,1.0,0,1.1900535046608395e-308,1.0,0.0,False,False,2026,en,Inteligencia emocional y desgaste profesional en docentes de educación primaria,,CONICET Digital,metadata,1,1,False,1,,,,False,alta,9,0.686862,0.765893,1.0,1,0.719678,0,0.563289,0.156389,0.280322
record:85787b9e716d3854ae5a08ab,record:85787b9e716d3854ae5a08ab,BERTopic-ARGENTINA-2020-2026,metadata,0,0.9291560971333206,0.929156,0.36485078283749683,1,0.2925176110440853,0.07233317179341153,0.19412,False,False,2022,es,Intervenciones docentes en la tarea de leer para responder cuestionarios,,CONICET Digital,metadata,0,0,False,0,,,,False,alta,9,0.196545,1.465057,1.0,0,0.626067,1,0.615953,0.010114,0.373933
record:249625bcc9c6394226d28331,record:249625bcc9c6394226d28331,BERTopic-ARGENTINA-2020-2026,metadata,1,1.0,1.0,1.0,0,9.707892723831076e-309,1.0,0.0,False,False,2020,es,Intervención psicosocial sobre problemáticas actuales en adolescentes de una escuela media de la comuna 3 de la CABA,,CONICET Digital,metadata,1,1,False,1,,,,False,alta,4,0.748136,0.464597,1.0,1,0.876448,0,0.680937,0.195512,0.123552
record:4eae4cdd2027054375927080,record:4eae4cdd2027054375927080,BERTopic-ARGENTINA-2020-2026,metadata,-1,0.0,0.0,0.2427151665227931,2,0.20746884209904987,0.03524632442374323,0.484076,True,False,2022,es,Irrupción de las nuevas tecnologías en las escuelas secundarias y desafíos de la formación docente en el siglo XXI,,CONICET Digital,metadata,-1,-1,False,-1,2,nearest_semantic_centroid,0.674036,False,alta,1,,,1.0,2,0.674036,1,0.638478,0.035558,
record:4f79add920b1a1fd17cec3a3,record:4f79add920b1a1fd17cec3a3,BERTopic-ARGENTINA-2020-2026,metadata,0,1.0,1.0,1.0,2,7.299178620750743e-309,1.0,0.0,False,False,2025,es,"José A. Quirno Costa: Espiritualismo, sentimientos y preparación para la vida en la escuela primaria Argentina (1933-1938)",,CONICET Digital,metadata,0,0,False,0,,,,False,alta,9,0.28797,1.249059,0.9,0,0.786618,2,0.685944,0.100674,0.213382
record:3ec4d20c09dc257ef534ca3a,record:3ec4d20c09dc257ef534ca3a,BERTopic-ARGENTINA-2020-2026,metadata,0,0.9374407140166292,0.937441,0.378084157217436,1,0.30236505372373257,0.07571910349370342,0.186935,False,False,2021,es,Jóvenes e inclusión educativa: El caso del programa Vos podés en la provincia de La Pampa,,CONICET Digital,metadata,0,0,False,0,,,,False,alta,5,0.136406,0.993179,0.7,0,0.830209,2,0.796827,0.033382,0.169791
record:a20fd658fb1f19aa3f9ca49e,record:a20fd658fb1f19aa3f9ca49e,BERTopic-ARGENTINA-2020-2026,metadata,2,1.0,1.0,1.0,0,7.72661604417391e-309,1.0,0.0,False,False,2023,es,"Jóvenes, escuela técnica y trabajo: experiencias de escolarización en contextos de pobreza urbana (Rosario, Santa Fe)",,CONICET Digital,metadata,2,2,False,2,,,,False,alta,4,0.554552,0.98083,1.0,2,0.860318,0,0.769572,0.090746,0.139682
record:cd7a9e2cd8f07671086780b5,record:cd7a9e2cd8f07671086780b5,BERTopic-ARGENTINA-2020-2026,metadata,1,1.0,1.0,1.0,0,2.134415829502077e-308,1.0,0.0,False,False,2025,es,"Jóvenes, (in)seguridad y derechos humanos: La mirada institucional de la politización en escuelas secundarias de gestión privada (Río Cuarto, 2020-2021)",,CONICET Digital,metadata,1,1,False,1,,,,False,alta,1,0.569193,0.870856,0.7,1,0.806819,0,0.757716,0.049103,0.193181
record:4059c35d0501853330ccef81,record:4059c35d0501853330ccef81,BERTopic-ARGENTINA-2020-2026,metadata,1,1.0,1.0,1.0,0,8.504885245615984e-309,1.0,0.0,False,False,2023,es,"Jóvenes, violencia y escuela: un análisis de las relaciones entre grupos de pares en dos escuelas secundarias de la Argentina",,CONICET Digital,metadata,1,1,False,1,,,,False,alta,1,0.706568,0.890363,1.0,1,0.814431,0,0.690313,0.124118,0.185569
record:3d3b4b6a5640f7d3c85983a1,record:3d3b4b6a5640f7d3c85983a1,BERTopic-ARGENTINA-2020-2026,metadata,-1,0.0,0.0,0.428457483616898,1,0.1789791664518232,0.2494783171650748,0.434899,True,False,2022,es,La argumentación en textos de circulación social,,CONICET Digital,metadata,-1,-1,False,-1,0,nearest_semantic_centroid,0.729729,False,alta,4,,,0.1,0,0.729729,1,0.716717,0.013012,
record:ee2eff51f779db1125ab8525,record:ee2eff51f779db1125ab8525,BERTopic-ARGENTINA-2020-2026,metadata,1,1.0,1.0,1.0,0,1.191859914298708e-308,1.0,0.0,False,False,2020,es,La comunidad escolar como medio para el desarrollo socioemocional. Un estudio de caso en Argentina,,CONICET Digital,metadata,1,1,False,1,,,,False,alta,9,0.729918,0.443046,1.0,1,0.871498,0,0.76598,0.105518,0.128502
record:cc06dc965f8dd89191622c69,record:cc06dc965f8dd89191622c69,BERTopic-ARGENTINA-2020-2026,metadata,-1,0.0,0.0,0.40332062762065296,0,0.3069484203120879,0.09637220730856505,0.235456,True,False,2022,es,"La configuración de la Dirección Nacional de Educación Física, Deportes y Recreación de la República Argentina: Entre las problemáticas locales y los lineamientos internacionales (1963-1983)",,CONICET Digital,metadata,-1,-1,False,-1,0,nearest_semantic_centroid,0.722874,False,alta,5,,,1.0,0,0.722874,2,0.659123,0.063751,
record:a89915dd86cb7d8d5ca9f7db,record:a89915dd86cb7d8d5ca9f7db,BERTopic-ARGENTINA-2020-2026,metadata,0,1.0,1.0,0.42824992483640933,0,0.3916787188472305,0.036571205989178845,0.101927,False,False,2026,en,"La construcción de Escuelas Nacionales en Mendoza, Argentina (1905-1978). Actores y etapas en su gestión",,CONICET Digital,metadata,0,0,False,0,,,,False,alta,4,0.041434,1.106477,0.9,0,0.85226,2,0.831491,0.020769,0.14774
record:8baa513c56c7ac3f24e24690,record:8baa513c56c7ac3f24e24690,BERTopic-ARGENTINA-2020-2026,metadata,0,1.0,1.0,0.7619676177848036,2,0.13747493302213012,0.6244926847626735,0.055208,False,False,2023,es,"La construcción de identidades político-profesionales en la Dirección General de Cultura y Educación de la Provincia de Buenos Aires: Perfiles, trayectorias y discursos de la gestión educativa de la Alianza Cambiemos",,CONICET Digital,metadata,0,0,False,0,,,,False,alta,11,0.329459,0.975472,0.9,0,0.843319,2,0.716634,0.126685,0.156681
record:e7d1ebdfa07a3315a21f4bf0,record:e7d1ebdfa07a3315a21f4bf0,BERTopic-ARGENTINA-2020-2026,metadata,-1,0.0,0.0,0.7356639303204117,2,0.11311068040108702,0.6225532499193247,0.259298,True,False,2021,pt,La construcción de masculinidades en los internados del Colegio Nacional de La Plata (1910-1920),,CONICET Digital,metadata,-1,-1,False,-1,0,nearest_semantic_centroid,0.686072,False,alta,5,,,0.1,0,0.686072,1,0.615766,0.070306,
record:5b2407ce67d8190b7000316f,record:5b2407ce67d8190b7000316f,BERTopic-ARGENTINA-2020-2026,metadata,0,1.0,1.0,0.5922906831782292,2,0.21658377640457632,0.37570690677365287,0.114726,False,False,2022,es,La cultura física en la integración de mujeres a las fuerzas de seguridad: un estudio de la Prefectura Naval Argentina,,CONICET Digital,metadata,0,0,False,0,,,,False,alta,5,0.323291,1.148609,1.0,0,0.500609,1,0.450833,0.049775,0.499391
record:8a176dd7caab0369916ee8dd,record:8a176dd7caab0369916ee8dd,BERTopic-ARGENTINA-2020-2026,metadata,-1,0.0,0.0,0.4209880969007417,0,0.3171475582409427,0.10384053865979898,0.297472,True,False,2021,es,"La Cátedra Gestión y Desarrollo de la Vivienda Popular - GDVP de la FAU UNNE Una experiencia educativa innovadora enfocada en lo formativo, cuyo contenido es el abordaje de la problemática del hábitat social desde la perspectiva de la complejidad",,CONICET Digital,metadata,-1,-1,False,-1,2,nearest_semantic_centroid,0.708497,False,alta,6,,,0.5,2,0.708497,0,0.704267,0.00423,
record:5800e897bf74abcb3f739221,record:5800e897bf74abcb3f739221,BERTopic-ARGENTINA-2020-2026,metadata,0,1.0,1.0,0.6506424227408092,2,0.18963218225000322,0.46101024049080597,0.114726,False,False,2022,es,La dimensión económica de la lucha antisubversiva de la última dictadura argentina: el lucro en la ESMA,,CONICET Digital,metadata,0,0,False,0,,,,False,alta,5,0.314586,1.34667,1.0,0,0.647069,2,0.529599,0.117471,0.352931
record:2b07c3b74256c07ddfb8c5e8,record:2b07c3b74256c07ddfb8c5e8,BERTopic-ARGENTINA-2020-2026,metadata,-1,0.0,0.0,0.4733745354046213,2,0.22054341614814635,0.25283111925647495,0.346094,True,False,2024,es,La Dirección Nacional de Educación del Adulto durante la conducción ministerial de Jorge Taiana (1973-1974),,CONICET Digital,metadata,-1,-1,False,-1,0,nearest_semantic_centroid,0.808448,False,alta,4,,,0.3,0,0.808448,2,0.710516,0.097931,
record:64acb2c351b1d6db09958e78,record:64acb2c351b1d6db09958e78,BERTopic-ARGENTINA-2020-2026,metadata,0,1.0,1.0,0.595023115287298,2,0.24626670463957145,0.34875641064772656,0.101927,False,False,2024,es,La educación común en los gobiernos radicales: usos de Sarmiento en textos escolares (1916-1930),,CONICET Digital,metadata,0,0,False,0,,,,False,alta,5,0.297949,1.050616,1.0,0,0.788779,2,0.693298,0.095481,0.211221
record:df1f4af3196eedc3b1ee7924,record:df1f4af3196eedc3b1ee7924,BERTopic-ARGENTINA-2020-2026,metadata,0,1.0,1.0,0.5988209322961174,2,0.24540038956261448,0.353420542733503,0.101927,False,False,2022,es,"La educación común sanjuanina, ¿religiosa o laica? Un balance desde los albores del sistema educativo",,CONICET Digital,metadata,0,0,False,0,,,,False,alta,5,0.258002,1.485963,1.0,0,0.773112,2,0.726208,0.046903,0.226888
record:95605e39355caff99f581a27,record:95605e39355caff99f581a27,BERTopic-ARGENTINA-2020-2026,metadata,-1,0.0,0.0,0.4884514366483272,1,0.25282701453607326,0.23562442211225393,0.267087,True,False,2023,es,La educación de jóvenes y adultos bajo la gestión kirchnerista: Aportes para un análisis crítico del programa fines 2,,CONICET Digital,metadata,-1,-1,False,-1,0,nearest_semantic_centroid,0.776181,False,alta,4,,,0.2,0,0.776181,1,0.756565,0.019616,
record:0e64a96fe728ecc063a320bf,record:0e64a96fe728ecc063a320bf,BERTopic-ARGENTINA-2020-2026,metadata,0,1.0,1.0,1.0,2,6.28304875308186e-309,1.0,0.0,False,False,2020,es,La educación de los artistas,,CONICET Digital,metadata,0,0,False,0,,,,False,alta,5,0.139272,2.198382,1.0,0,0.659415,2,0.58172,0.077696,0.340585
record:eb2753a2a7c3a9f0db5d808c,record:eb2753a2a7c3a9f0db5d808c,BERTopic-ARGENTINA-2020-2026,metadata,-1,0.0,0.0,0.26591698403238556,0,0.20989965010915027,0.056017333923235296,0.548525,True,False,2023,es,"La educación en la provincia de Entre Ríos: funcionarios, instituciones y políticas (1886:2008)",,CONICET Digital,metadata,-1,-1,False,-1,0,nearest_semantic_centroid,0.806914,False,alta,9,,,0.4,0,0.806914,2,0.763656,0.043258,
record:2f0cf353e6ebabf7a4d6bdec,record:2f0cf353e6ebabf7a4d6bdec,BERTopic-ARGENTINA-2020-2026,metadata,-1,0.0,0.0,0.3772805945615779,0,0.27649773015732476,0.10078286440425316,0.35541,True,False,2026,pt,La educación física como parte del proyecto de la escuela normal de Paraná: reconstruyendo actores y sentidos (1871-1885),,CONICET Digital,metadata,-1,-1,False,-1,0,nearest_semantic_centroid,0.698369,False,alta,5,,,0.9,0,0.698369,2,0.678046,0.020323,
record:6a8356c7245dd2cc429093e7,record:6a8356c7245dd2cc429093e7,BERTopic-ARGENTINA-2020-2026,metadata,0,1.0,1.0,0.42383033076708615,2,0.367873714763269,0.05595661600381713,0.101927,False,False,2022,es,"La educación primaria en la provincia de Buenos Aires: política, instituciones y administración (1955-1966)",,CONICET Digital,metadata,0,0,False,0,,,,False,alta,4,0.196211,1.197541,1.0,0,0.849751,2,0.80812,0.04163,0.15025
record:c91d181b33cb399c18195177,record:c91d181b33cb399c18195177,BERTopic-ARGENTINA-2020-2026,metadata,0,0.9492174077934378,0.949217,0.4026104473792763,2,0.3180573425957495,0.08455310478352679,0.176721,False,False,2024,es,La educación pública de gestión comunitaria indígena en Chaco: Análisis desde la internacionalización de los derechos indígenas,,CONICET Digital,metadata,0,0,False,0,,,,False,alta,4,0.05032,1.460379,0.9,0,0.731527,2,0.690198,0.041329,0.268473
record:11f26da02bda05513340c4cd,record:11f26da02bda05513340c4cd,BERTopic-ARGENTINA-2020-2026,metadata,0,0.9868444029343455,0.986844,0.45358236165823396,2,0.3042383295230861,0.14934403213514785,0.144086,False,False,2021,es,"La educación secundaria en Argentina: obligatoriedad, inclusión y producción de nuevas/viejas desigualdades escolares",,CONICET Digital,metadata,0,0,False,0,,,,False,alta,1,0.176044,1.492703,0.9,0,0.857432,2,0.820078,0.037354,0.142568
record:60380adf136074a9a6a5b50f,record:60380adf136074a9a6a5b50f,BERTopic-ARGENTINA-2020-2026,metadata,0,1.0,1.0,0.618893189150741,2,0.24505747318694804,0.37383571596379295,0.101927,False,False,2024,es,«La Enciclopedia Escolar Argentina. Periódico quincenal de educación» (1879‒1881) Arena de la disputa por el control de la educación,,CONICET Digital,metadata,0,0,False,0,,,,False,alta,9,0.22545,0.865727,0.8,0,0.847088,2,0.758117,0.08897,0.152912
record:c1c8db88e81fd8c6b62dd406,record:c1c8db88e81fd8c6b62dd406,BERTopic-ARGENTINA-2020-2026,metadata,0,0.9492174077934378,0.949217,0.3936575199910997,1,0.298369030991541,0.09528848899955872,0.176721,False,False,2020,es,La enseñanza de la gramática inglesa en los Diseños Curriculares de la Provincia de Buenos Aires: Una mirada crítica desde la neurolingüística,,CONICET Digital,metadata,0,0,False,0,,,,False,alta,5,0.253657,1.406472,1.0,0,0.724729,2,0.622436,0.102292,0.275271
record:a90113edd0a2976950b0ecf5,record:a90113edd0a2976950b0ecf5,BERTopic-ARGENTINA-2020-2026,metadata,0,1.0,1.0,0.8451879730546957,2,0.08845548891525903,0.7567324841394367,0.037539,False,False,2023,es,La enseñanza de la historia reciente como herramienta clave de la educación política: narrativas escolares y memorias sociales del pasado dictatorial argentino en las representaciones de jóvenes estudiantes de la Ciudad de Buenos Aires y conurbano (2010-2011),,CONICET Digital,metadata,0,0,False,0,,,,False,alta,4,0.299358,1.272517,1.0,0,0.818811,2,0.69961,0.119201,0.181189
record:64cf4fe3bae22ec0ce3017a3,record:64cf4fe3bae22ec0ce3017a3,BERTopic-ARGENTINA-2020-2026,metadata,-1,0.0,0.0,0.1904046292407048,0,0.11828041211549015,0.07212421712521466,0.663213,True,False,2026,es,La escolarización de la educación secundaria en pandemia: Un modelo de análisis de recursos y estrategias atravesados por desigualdades sociales y educativas,,CONICET Digital,metadata,-1,-1,False,-1,2,nearest_semantic_centroid,0.763332,False,alta,5,,,1.0,2,0.763332,0,0.757988,0.005344,
record:bea26aaee5f4cca7e0da3932,record:bea26aaee5f4cca7e0da3932,BERTopic-ARGENTINA-2020-2026,metadata,2,1.0,1.0,1.0,0,8.22088814549674e-309,1.0,0.0,False,False,2020,es,La escuela: entre la contingencia y la aporía. Ilegalismos populares y pobreza urbana,,CONICET Digital,metadata,2,2,False,2,,,,False,alta,4,0.531988,1.053925,1.0,2,0.852441,0,0.795647,0.056795,0.147559
record:186aac9ea41c337cd1d2ce13,record:186aac9ea41c337cd1d2ce13,BERTopic-ARGENTINA-2020-2026,metadata,2,1.0,1.0,1.0,0,7.897234426309163e-309,1.0,0.0,False,False,2025,es,"La escuela rural como tema de concurso: experimentación, síntesis y vanguardia en la provincialización de Misiones",,CONICET Digital,metadata,2,2,False,2,,,,False,alta,4,0.646885,0.426677,1.0,2,0.814846,0,0.740762,0.074085,0.185154
record:dbc093286064c76a71be4eb7,record:dbc093286064c76a71be4eb7,BERTopic-ARGENTINA-2020-2026,metadata,-1,0.0,0.0,0.38262196483126826,0,0.30961722037223893,0.07300474445902932,0.235456,True,False,2022,es,La escuela técnica y la pasantía en empresas: Aspectos generales sobre su puesta en acto y sus efectos en las expectativas laborales de los alumnos,,CONICET Digital,metadata,-1,-1,False,-1,2,nearest_semantic_centroid,0.615299,False,alta,14,,,1.0,2,0.615299,0,0.60216,0.013139,
record:c30bda6a2801ed2ece2e2879,record:c30bda6a2801ed2ece2e2879,BERTopic-ARGENTINA-2020-2026,metadata,-1,0.0,0.0,0.3814115875670384,0,0.33844048509855434,0.04297110246848407,0.238466,True,False,2026,es,La ESI en tensión y disputa de conocimientos: entre el conocimiento popular (cultural) y el conocimiento científico,,CONICET Digital,metadata,-1,-1,False,-1,0,nearest_semantic_centroid,0.592311,False,alta,14,,,0.2,0,0.592311,1,0.54205,0.050261,
record:9a386271024248d2a85e4fc6,record:9a386271024248d2a85e4fc6,BERTopic-ARGENTINA-2020-2026,metadata,-1,0.0,0.0,0.3542048740734087,2,0.3331610643577814,0.021043809715627304,0.227922,True,False,2024,es,La especificidad del desarrollo de la secundaria para jóvenes y adultos en la provincia de Buenos Aires en la historia reciente,,CONICET Digital,metadata,-1,-1,False,-1,0,nearest_semantic_centroid,0.836875,False,alta,5,,,0.2,0,0.836875,2,0.809484,0.027391,
record:7dfc05cb25f892068dafa116,record:7dfc05cb25f892068dafa116,BERTopic-ARGENTINA-2020-2026,metadata,0,1.0,1.0,0.6271294582991195,2,0.20082031976230713,0.42630913853681235,0.114726,False,False,2022,es,La estructura represiva de la Armada Argentina desde una perspectiva regional: Apuntes y consideraciones sobre la Fuerza de Tareas 6 durante la última dictadura militar en Argentina,,CONICET Digital,metadata,0,0,False,0,,,,False,alta,4,0.31364,1.339664,1.0,0,0.637908,2,0.484182,0.153726,0.362092
record:8b810f3229d6c8d24e6fbb7f,record:8b810f3229d6c8d24e6fbb7f,BERTopic-ARGENTINA-2020-2026,metadata,1,1.0,1.0,1.0,0,1.043962151095058e-308,1.0,0.0,False,False,2022,en,La evaluación de la serenidad infantil: Alternativas de autoinforme y reporte de observado,,CONICET Digital,metadata,1,1,False,1,,,,False,alta,5,0.699831,0.787436,1.0,1,0.738356,0,0.497715,0.240641,0.261644
record:eb5fdcc70b1e7571c74da0e4,record:eb5fdcc70b1e7571c74da0e4,BERTopic-ARGENTINA-2020-2026,metadata,-1,0.0,0.0,0.3151034316572001,1,0.2973234747680223,0.017779956889177828,0.230007,True,False,2022,es,"La experiencia de estudiar sexualidades en contextos escolares: Un ejercicio de reflexividad epistemológica, ética y afectiva para una etnografía feminista",,CONICET Digital,metadata,-1,-1,False,-1,1,nearest_semantic_centroid,0.629039,False,alta,5,,,0.6,1,0.629039,0,0.594862,0.034177,
record:8b798612f7487697aaeb8451,record:8b798612f7487697aaeb8451,BERTopic-ARGENTINA-2020-2026,metadata,2,1.0,1.0,1.0,0,9.887366235106075e-309,1.0,0.0,False,False,2023,es,"La fabricación artesanal del trabajo docente como estrategia de configuración de las escuelas en el siglo XXI. El caso de dos escuelas en Chaco, Argentina",,CONICET Digital,metadata,2,2,False,2,,,,False,alta,4,0.553305,0.535658,0.9,2,0.810985,0,0.763606,0.047379,0.189015
record:0eaa7ee9397dfbe625bdf34b,record:0eaa7ee9397dfbe625bdf34b,BERTopic-ARGENTINA-2020-2026,metadata,-1,0.0,0.0,0.2617084983966055,2,0.1926501602571991,0.06905833813940637,0.522289,True,False,2021,es,La formación de investigadores: Prácticas de enseñanza y aprendizaje en el camino de doctorando a investigador,,CONICET Digital,metadata,-1,-1,False,-1,0,nearest_semantic_centroid,0.535985,False,alta,5,,,0.6,0,0.535985,2,0.514154,0.021831,
record:3cec51efbac5234e35fa4456,record:3cec51efbac5234e35fa4456,BERTopic-ARGENTINA-2020-2026,metadata,0,1.0,1.0,1.0,1,1.413329383321312e-308,1.0,0.0,False,False,2022,es,La formación de liderazgo en tiempos de gerenciamiento: La perspectiva de estudiantes en una escuela secundaria de elite del norte del conurbano bonaerense,,CONICET Digital,metadata,0,0,False,0,,,,False,alta,4,-0.259755,2.479743,1.0,0,0.71291,2,0.686342,0.026567,0.28709
record:c35d6d7df0719a54403c03f6,record:c35d6d7df0719a54403c03f6,BERTopic-ARGENTINA-2020-2026,metadata,0,1.0,1.0,1.0,2,6.60227807487181e-309,1.0,0.0,False,False,2022,es,"La formación de patriotas: Gutiérrez, Sarmiento y González: El uso de la ficción en la dirigencia política Argentina",,CONICET Digital,metadata,0,0,False,0,,,,False,alta,4,0.319634,1.270118,1.0,0,0.737844,2,0.566585,0.171259,0.262156
record:23584235152e5ac1cc7ce922,record:23584235152e5ac1cc7ce922,BERTopic-ARGENTINA-2020-2026,metadata,0,1.0,1.0,0.6864650031676455,2,0.19509808607673237,0.49136691709091307,0.008999,False,False,2026,es,La gestión directiva en las prácticas pedagógicas para la ESI: Un análisis de las complejidades desde la perspectiva de las y los directores de nivel primario de la Provincia de Jujuy,,CONICET Digital,metadata,0,0,False,0,,,,False,alta,14,0.037537,1.289158,0.7,0,0.723051,2,0.680859,0.042192,0.276949
record:195d2b6db46d830c526a55b0,record:195d2b6db46d830c526a55b0,BERTopic-ARGENTINA-2020-2026,metadata,0,1.0,1.0,1.0,2,7.036364016857385e-309,1.0,0.0,False,False,2023,es,“La Guerra y la Paz” en la revista Mundo Argentino (1914-1918),,CONICET Digital,metadata,0,0,False,0,,,,False,alta,5,0.314711,1.127017,1.0,0,0.707951,2,0.573815,0.134136,0.292048
record:1662382994af8240d56bba67,record:1662382994af8240d56bba67,BERTopic-ARGENTINA-2020-2026,metadata,0,1.0,1.0,0.5028824364307265,2,0.33425168872381605,0.16863074770691044,0.101927,False,False,2022,pt,"La huelga de profesores en las escuelas normales: los directores, entre la adhesión y la denuncia (Santa Fe, Argentina, 1921)",,CONICET Digital,metadata,0,0,False,0,,,,False,alta,5,0.134072,0.985371,0.9,0,0.803012,2,0.731258,0.071754,0.196988
record:bb11ccce4efa338874888989,record:bb11ccce4efa338874888989,BERTopic-ARGENTINA-2020-2026,metadata,0,1.0,1.0,1.0,2,6.79700069496207e-309,1.0,0.0,False,False,2022,es,La imagen y el museo: espacios educativos y redes culturales a partir del Museo Municipal de Bellas Artes «Juan. B. Castagnino» (1937-1946),,CONICET Digital,metadata,0,0,False,0,,,,False,alta,4,0.144641,2.050062,1.0,0,0.739283,2,0.649816,0.089467,0.260718
record:4551037e2bf740c34a7aac0c,record:4551037e2bf740c34a7aac0c,BERTopic-ARGENTINA-2020-2026,metadata,-1,0.0,0.0,0.3840201149937105,0,0.3078179536727362,0.07620216132097435,0.235456,True,False,2023,es,La integralidad en la formación de las trayectorias laborales de egresados de la escuela secundaria técnica: la configuración de los procesos de inserción laboral en distintas jurisdicciones de Argentina,,CONICET Digital,metadata,-1,-1,False,-1,0,nearest_semantic_centroid,0.815462,False,alta,4,,,1.0,0,0.815462,2,0.782854,0.032608,
record:f9046195430e2f8333f1c22e,record:f9046195430e2f8333f1c22e,BERTopic-ARGENTINA-2020-2026,metadata,0,0.9492174077934378,0.949217,0.36867004538681564,0,0.321413265839708,0.047256779547107663,0.176721,False,False,2020,es,La interculturalidad en un aula de primaria: tensiones durante el tratamiento de la categoría inmigrante,,CONICET Digital,metadata,0,0,False,0,,,,False,alta,5,0.175678,1.518235,0.9,0,0.737147,1,0.711522,0.025625,0.262853
record:2573deca28dc9bcf057f1a58,record:2573deca28dc9bcf057f1a58,BERTopic-ARGENTINA-2020-2026,metadata,-1,0.0,0.0,0.3180773609817025,1,0.2905827522833807,0.027494608698321765,0.334035,True,False,2022,pt,La interpelación de las políticas de inclusión a la gramática escolar de la escuela secundaria Argentina,,CONICET Digital,metadata,-1,-1,False,-1,0,nearest_semantic_centroid,0.840883,False,alta,5,,,0.4,0,0.840883,2,0.754827,0.086056,
record:f7556aebebff837c39c18f7f,record:f7556aebebff837c39c18f7f,BERTopic-ARGENTINA-2020-2026,metadata,-1,0.0,0.0,0.36100986584058026,2,0.1605041167915585,0.20050574904902177,0.476627,True,False,2022,es,"La negación de la maternidad de las detenidas-desaparecidas embarazadas (Escuela de Mecánica de la Armada, 1976-1983)",,CONICET Digital,metadata,-1,-1,False,-1,0,nearest_semantic_centroid,0.521031,False,alta,4,,,0.4,0,0.521031,1,0.473935,0.047096,
record:fd9b8f11a8323cf85b664d51,record:fd9b8f11a8323cf85b664d51,BERTopic-ARGENTINA-2020-2026,metadata,-1,0.0,0.0,0.18830546924952693,0,0.11916131423923403,0.0691441550102929,0.663213,True,False,2022,es,La pandemia y el año que enseñamos por WhatsApp: el recursotecnológico más utilizado en las secundarias pobres de Bahía Blanca durante el 2020,,CONICET Digital,metadata,-1,-1,False,-1,1,nearest_semantic_centroid,0.567097,False,alta,5,,,1.0,1,0.567097,2,0.563953,0.003144,
record:d6a097b8a8dace1e9d4a2351,record:d6a097b8a8dace1e9d4a2351,BERTopic-ARGENTINA-2020-2026,metadata,0,1.0,1.0,1.0,2,6.562222555552775e-309,1.0,0.0,False,False,2023,es,La «parrhesía» y un nuevo «reparto de lo sensible»: las experiencias de memoria y justicia en el barrio de La Boca y la praxis político-pedagógica del Bachillerato Popular Germán Abdala,,CONICET Digital,metadata,0,0,False,0,,,,False,alta,1,0.322474,1.268989,1.0,0,0.726677,2,0.571414,0.155262,0.273323
record:3169a82a88ff8c6d52988120,record:3169a82a88ff8c6d52988120,BERTopic-ARGENTINA-2020-2026,metadata,1,1.0,1.0,1.0,0,8.52050741970026e-309,1.0,0.0,False,False,2026,es,La percepción de un futuro significativo y su relación con el consumo de alcohol en la adolescencia,,CONICET Digital,metadata,1,1,False,1,,,,False,alta,5,0.719564,0.668939,0.7,1,0.701946,0,0.552885,0.14906,0.298054
record:d117b8f1c385eebef5a74fca,record:d117b8f1c385eebef5a74fca,BERTopic-ARGENTINA-2020-2026,metadata,0,0.9091379425229094,0.909138,0.6299967231938643,1,0.1426420388847277,0.48735468430913664,0.211483,False,False,2023,es,"La permeabilidad del territorio: Un análisis de lo contextual, institucional y subjetivo en tres instituciones educativas del AMBA (2017-2019)",,CONICET Digital,metadata,0,0,False,0,,,,False,alta,4,0.069382,1.293796,1.0,0,0.75245,2,0.727172,0.025277,0.24755
record:ae5d7f4b7148712bc5915f4d,record:ae5d7f4b7148712bc5915f4d,BERTopic-ARGENTINA-2020-2026,metadata,0,1.0,1.0,0.5028001469466191,2,0.2646335984757172,0.2381665484709019,0.114726,False,False,2023,es,La política social desde una mirada diacrónica: del Argentina Trabaja-Programa Ingreso Social con Trabajo al Hacemos Futuro (2009-2018),,CONICET Digital,metadata,0,0,False,0,,,,False,alta,4,0.290656,0.972124,1.0,0,0.79042,2,0.711054,0.079367,0.209579
record:c249ab6b3fb3a8a7cb2bb6c9,record:c249ab6b3fb3a8a7cb2bb6c9,BERTopic-ARGENTINA-2020-2026,metadata,-1,0.0,0.0,0.505828151022098,0,0.21557631460280574,0.29025183641929225,0.341801,True,False,2026,es,La resignificación curricular en el acompañamiento a las trayectorias escolares en educación secundaria en Zona Norte de Santa Cruz,,CONICET Digital,metadata,-1,-1,False,-1,0,nearest_semantic_centroid,0.809489,False,alta,5,,,0.6,0,0.809489,2,0.787447,0.022041,
record:8f11d8f2c08442a20f0f62b7,record:8f11d8f2c08442a20f0f62b7,BERTopic-ARGENTINA-2020-2026,metadata,0,0.9995800577451294,0.99958,0.8010069005870025,2,0.12013854088149371,0.6808683597055089,0.13304,False,False,2022,es,"La ""revolución seroterápica"" en Buenos Aires: Tensiones y articulaciones políticas y profesionales en torno a la investigación científica y la producción de sueros (1894-1904)",,CONICET Digital,metadata,0,0,False,0,,,,False,alta,9,0.227919,1.803185,1.0,0,0.686499,2,0.596262,0.090237,0.313502
record:a564d30a8491a933f9f4ad2f,record:a564d30a8491a933f9f4ad2f,BERTopic-ARGENTINA-2020-2026,metadata,0,0.9492174077934378,0.949217,0.39692933429511384,1,0.28669638102314704,0.1102329532719668,0.176721,False,False,2023,en,Language dispute and social change in new multilingual institutions in Chaco (Argentina),,CONICET Digital,metadata,0,0,False,0,,,,False,alta,4,0.225328,1.525333,1.0,0,0.740317,2,0.631258,0.109059,0.259683
record:5e8b8c2d25410f0ac3bc64e2,record:5e8b8c2d25410f0ac3bc64e2,BERTopic-ARGENTINA-2020-2026,metadata,0,0.9252164453669262,0.925216,0.3627458467585986,2,0.3037715248981362,0.05897432186046242,0.197537,False,False,2024,es,Las condiciones de reproducción de los estudiantes de la secundaria para jóvenes y adultos en Argentina en el siglo XXI,,CONICET Digital,metadata,0,0,False,0,,,,False,alta,5,0.128112,1.596717,0.8,2,0.705,1,0.701199,0.003802,0.304948
record:60425b74d552fdfdc38e80ee,record:60425b74d552fdfdc38e80ee,BERTopic-ARGENTINA-2020-2026,metadata,0,0.9868444029343455,0.986844,0.42697606227224094,2,0.2904074614497912,0.13656860082244976,0.144086,False,False,2023,pt,Las desigualdades educativas en Argentina: análisis sincrónico de la situación y trayectoria escolar de diferentes cohortes de niños y adolescentes,,CONICET Digital,metadata,0,0,False,0,,,,False,alta,9,0.13701,1.874036,1.0,0,0.795981,2,0.782095,0.013886,0.204019
record:cce41ef239584cd85fb47a57,record:cce41ef239584cd85fb47a57,BERTopic-ARGENTINA-2020-2026,metadata,1,1.0,1.0,1.0,0,1.0896519009631736e-308,1.0,0.0,False,False,2023,es,"Las emociones en la escuela secundaria: Entre la formación para el trabajo, la inclusión social y la innovación educativa",,CONICET Digital,metadata,1,1,False,1,,,,False,alta,5,0.727897,0.55765,1.0,1,0.811215,0,0.640565,0.17065,0.188785
record:11093b28b280fce5a5729db7,record:11093b28b280fce5a5729db7,BERTopic-ARGENTINA-2020-2026,metadata,-1,0.0,0.0,0.19127000420681112,0,0.1176574948579227,0.07361250934888841,0.663213,True,False,2023,es,Las encrucijadas de la pandemia: desigualdades y tensiones en las transiciones laborales de los/as docentes de nivel secundario,,CONICET Digital,metadata,-1,-1,False,-1,0,nearest_semantic_centroid,0.783293,False,alta,10,,,1.0,0,0.783293,2,0.74643,0.036863,
record:47383cc724e5557b9b1f8516,record:47383cc724e5557b9b1f8516,BERTopic-ARGENTINA-2020-2026,metadata,0,1.0,1.0,1.0,2,7.145338586337587e-309,1.0,0.0,False,False,2023,pt,Las maestras norteamericanas que trajo Sarmiento y las que vinieron después: Su trabajo en Argentina (1869-1910),,CONICET Digital,metadata,0,0,False,0,,,,False,alta,9,0.292096,1.20631,1.0,0,0.785802,2,0.66629,0.119512,0.214198
record:8206322e125641a928a36dc1,record:8206322e125641a928a36dc1,BERTopic-ARGENTINA-2020-2026,metadata,-1,0.0,0.0,0.24213905627254356,2,0.2099534848119329,0.03218557146061066,0.484076,True,False,2024,es,Las políticas de formación docente en ejercicio con inclusión digital: la provincia de Mendoza y el plan Escuelas de Innovación (2011-2015),,CONICET Digital,metadata,-1,-1,False,-1,0,nearest_semantic_centroid,0.760798,False,alta,6,,,1.0,0,0.760798,2,0.741337,0.019461,
record:56236f305904b171a78b8187,record:56236f305904b171a78b8187,BERTopic-ARGENTINA-2020-2026,metadata,0,1.0,1.0,1.0,1,1.09279642749949e-308,1.0,0.0,False,False,2023,es,Las políticas socioeducativas: un recorrido y análisis histórico a partir de los programas de orquestas infanto juveniles,,CONICET Digital,metadata,0,0,False,0,,,,False,alta,4,0.114461,1.566114,1.0,0,0.680942,1,0.661872,0.01907,0.319058
record:2afc17f8fa9c2347305c482c,record:2afc17f8fa9c2347305c482c,BERTopic-ARGENTINA-2020-2026,metadata,1,1.0,1.0,1.0,0,2.287958196030653e-308,1.0,0.0,False,False,2020,es,Las representaciones sociales de la política y la democracia de adolescentes escolarizados de la Ciudad Autónoma de Buenos Aires,,CONICET Digital,metadata,1,1,False,1,,,,False,alta,9,0.505672,1.025971,0.7,0,0.744417,1,0.744276,0.000141,0.255724
record:770e08a94c3f571db46bcfce,record:770e08a94c3f571db46bcfce,BERTopic-ARGENTINA-2020-2026,metadata,-1,0.0,0.0,0.24064598957216254,2,0.2072983628786053,0.03334762669355723,0.484076,True,False,2022,es,Las TIC en la intersección áulica: desafíos y tensiones de la alfabetización digital en la escuela media,,CONICET Digital,metadata,-1,-1,False,-1,0,nearest_semantic_centroid,0.603656,False,alta,5,,,1.0,0,0.603656,2,0.599555,0.004101,
record:551dd8fdefdc5b1079ed88bc,record:551dd8fdefdc5b1079ed88bc,BERTopic-ARGENTINA-2020-2026,metadata,0,0.9269080388094377,0.926908,0.43163456694208185,2,0.32991876058717085,0.10171580635491101,0.19607,False,False,2026,pt,"Las tramas fundacionales de las escuelas normales provinciales en el Sur Santafesino (Argentina, primeras décadas del siglo XX)",,CONICET Digital,metadata,0,0,False,0,,,,False,alta,9,0.113149,1.385507,1.0,0,0.806832,2,0.795107,0.011725,0.193167
record:ea72606af033cdff75d80b38,record:ea72606af033cdff75d80b38,BERTopic-ARGENTINA-2020-2026,metadata,0,1.0,1.0,0.8306155766323068,2,0.09463355830807986,0.7359820183242269,0.114726,False,False,2020,es,"Las últimas palabras y la sentencia inminente. Análisis semiótico de las estrategias de inversión de acusados en juicios por crímenes de lesa humanidad en Córdoba, Argentina",,CONICET Digital,metadata,0,0,False,0,,,,False,alta,5,0.330628,1.267231,1.0,0,0.597084,2,0.479014,0.11807,0.402916
record:49ec0906e97d57c9c51ef5de,record:49ec0906e97d57c9c51ef5de,BERTopic-ARGENTINA-2020-2026,metadata,0,0.9978587081443345,0.997859,0.7962618149245407,2,0.1210713517875972,0.6751904631369435,0.134533,False,False,2026,es,Letters on the moral and religious state of South America: el método lancasteriano y su relación con la gramaticografía argentina a través de la correspondencia de James Thomson,,CONICET Digital,metadata,0,0,False,0,,,,False,alta,9,0.279477,1.400882,1.0,0,0.677882,2,0.542023,0.135859,0.322118
record:97e115f27439b2dfe83ef207,record:97e115f27439b2dfe83ef207,BERTopic-ARGENTINA-2020-2026,metadata,-1,0.0,0.0,0.19921802725111756,0,0.11481545315109444,0.08440257410002312,0.663213,True,False,2024,es,Llovido sobre mojado: pandemia y segmentación educativa en una ciudad intermedia de Argentina,,CONICET Digital,metadata,-1,-1,False,-1,0,nearest_semantic_centroid,0.81324,False,alta,14,,,1.0,0,0.81324,2,0.794058,0.019182,
record:4d5a5222bbe8beebcaf2ec36,record:4d5a5222bbe8beebcaf2ec36,BERTopic-ARGENTINA-2020-2026,metadata,0,0.9291560971333206,0.929156,0.4352187851874012,2,0.2779196293542124,0.15729915583318882,0.19412,False,False,2022,pt,Lo que cuesta llegar al aula: estrategias y tensiones entre presos y penitenciarios en la gestión de un taller de alfabetización alojado en una cárcel bonaerense,,CONICET Digital,metadata,0,0,False,0,,,,False,alta,4,0.246492,0.89001,0.8,0,0.674441,2,0.641024,0.033417,0.325559
record:69a560483c4bd884619f59f6,record:69a560483c4bd884619f59f6,BERTopic-ARGENTINA-2020-2026,metadata,-1,0.0,0.0,0.19324903202880728,0,0.11761946673627088,0.0756295652925364,0.663213,True,False,2025,es,Los desafíos de la gestión directiva en pandemia como claves para pensar la configuración desigual del sistema educativo del nivel secundario en CABA,,CONICET Digital,metadata,-1,-1,False,-1,2,nearest_semantic_centroid,0.710461,False,alta,14,,,1.0,2,0.710461,0,0.694685,0.015776,
record:9f9b618b575fec990d6a8fdb,record:9f9b618b575fec990d6a8fdb,BERTopic-ARGENTINA-2020-2026,metadata,-1,0.0,0.0,0.5083180944589326,2,0.24013223228916628,0.26818586216976636,0.257397,True,False,2025,es,Los discursos internacionales en la construcción de la agenda de las políticas educativas de evaluación en Argentina (1990-2019),,CONICET Digital,metadata,-1,-1,False,-1,0,nearest_semantic_centroid,0.824517,False,alta,4,,,0.3,0,0.824517,2,0.760778,0.063739,
record:ef4e34a18d53619c557d06fc,record:ef4e34a18d53619c557d06fc,BERTopic-ARGENTINA-2020-2026,metadata,2,1.0,1.0,1.0,0,7.98019539986895e-309,1.0,0.0,False,False,2022,es,Los efectos de los ilegalismos sobre la materialidad de la escuela: El caso de una escuela emplazada en un contexto de pobreza urbana del conurbano bonaerense,,CONICET Digital,metadata,2,2,False,2,,,,False,alta,5,0.534062,1.071055,1.0,2,0.811691,0,0.7265,0.085191,0.188308
record:a4c72b70e75e7956d52262c1,record:a4c72b70e75e7956d52262c1,BERTopic-ARGENTINA-2020-2026,metadata,-1,0.0,0.0,0.3808632958838565,0,0.31831155518804954,0.06255174069580693,0.235456,True,False,2025,es,Los entornos formativos en la educación técnica argentina: Estudio exploratorio sobre el sector automotriz,,CONICET Digital,metadata,-1,-1,False,-1,0,nearest_semantic_centroid,0.748956,False,alta,9,,,1.0,0,0.748956,2,0.736237,0.01272,
record:882b8da9b51d0b0c6d96e70e,record:882b8da9b51d0b0c6d96e70e,BERTopic-ARGENTINA-2020-2026,metadata,-1,0.0,0.0,0.49310720290254256,0,0.2967139427573306,0.19639326014521197,0.275025,True,False,2026,es,"Los guardianes del agua: una etnografía de los canaleros de la Dirección Provincial de Hidráulica (provincia de Buenos Aires, Argentina)",,CONICET Digital,metadata,-1,-1,False,-1,0,nearest_semantic_centroid,0.69159,False,alta,4,,,1.0,0,0.69159,2,0.626428,0.065163,
record:d1a2b63cd8d61cf411209188,record:d1a2b63cd8d61cf411209188,BERTopic-ARGENTINA-2020-2026,metadata,0,1.0,1.0,0.7191113141694965,2,0.1759384728543657,0.5431728413151308,0.101927,False,False,2026,es,"Los letrados y la educación: Gestiones educativas, culturales y científicas de Gregorio Tagle y Manuel Moreno en el Río de la Plata (1817-1833)",,CONICET Digital,metadata,0,0,False,0,,,,False,alta,8,0.212073,0.992532,0.8,0,0.828978,2,0.737501,0.091477,0.171021
record:054723722c6425948ab2bc51,record:054723722c6425948ab2bc51,BERTopic-ARGENTINA-2020-2026,metadata,-1,0.0,0.0,0.40293241587540357,2,0.31954520316278234,0.08338721271262123,0.275177,True,False,2022,es,"Los manuales de economía doméstica en la escuela: contabilidad hogareña, educación de las emociones y enseñanza práctica para el hogar (Argentina, fines del siglo XIX y principios del XX)",,CONICET Digital,metadata,-1,-1,False,-1,0,nearest_semantic_centroid,0.673381,False,alta,5,,,0.2,0,0.673381,2,0.643282,0.030098,
record:39888a270b1e2ce434e024a6,record:39888a270b1e2ce434e024a6,BERTopic-ARGENTINA-2020-2026,metadata,2,1.0,1.0,1.0,0,8.988414005676023e-309,1.0,0.0,False,False,2021,es,Los organismos financieros internacionales y la educación rural en Argentina: un estudio del programa EMER en la provincia de Entre Ríos (1978-1992),,CONICET Digital,metadata,2,2,False,2,,,,False,alta,5,0.567378,0.683434,0.9,2,0.777243,0,0.729233,0.048009,0.222758
record:74632bf784a07e67c6fab298,record:74632bf784a07e67c6fab298,BERTopic-ARGENTINA-2020-2026,metadata,0,0.9069059659388874,0.906906,0.4444992715955381,2,0.3040607245336081,0.14043854706192999,0.213419,False,False,2024,es,Los orígenes del normalismo en la provincia de Santa Fe (1879-1920),,CONICET Digital,metadata,0,0,False,0,,,,False,alta,5,0.131301,1.447075,1.0,0,0.628933,2,0.574726,0.054206,0.371067
record:c2f52b0ed46dfe4ac998885a,record:c2f52b0ed46dfe4ac998885a,BERTopic-ARGENTINA-2020-2026,metadata,-1,0.0,0.0,0.44487393340547665,0,0.28988568441229107,0.15498824899318558,0.235456,True,False,2021,es,Los profesores principiantes y su inserción laboral en las escuelas secundarias de la Ciudad de Buenos Aires,,CONICET Digital,metadata,-1,-1,False,-1,0,nearest_semantic_centroid,0.838212,False,alta,1,,,0.8,0,0.838212,2,0.826036,0.012176,
record:748f939077886e6cf82d9675,record:748f939077886e6cf82d9675,BERTopic-ARGENTINA-2020-2026,metadata,0,0.9492174077934378,0.949217,0.701961850437601,2,0.15303433763835245,0.5489275127992486,0.176721,False,False,2021,es,"Los “últimos caciques” de Cuyo: Tierras, política y memorias indígenas en la Argentina criolla (Mogna, siglos XVII-XIX)",,CONICET Digital,metadata,0,0,False,0,,,,False,alta,4,0.147288,1.679205,1.0,0,0.609968,2,0.502482,0.107486,0.390032
record:d4ead93fecd1eea7c7ffb9a6,record:d4ead93fecd1eea7c7ffb9a6,BERTopic-ARGENTINA-2020-2026,metadata,-1,0.0,0.0,0.4062562433970471,0,0.30359623917406975,0.10266000422297733,0.235456,True,False,2026,pt,Los/as profesores/as de Educación Física y sus incorporaciones en el ámbito laboral en la Argentina contemporánea,,CONICET Digital,metadata,-1,-1,False,-1,0,nearest_semantic_centroid,0.805812,False,alta,5,,,1.0,0,0.805812,2,0.762252,0.04356,
record:4e54f2f20bc321952fafefac,record:4e54f2f20bc321952fafefac,BERTopic-ARGENTINA-2020-2026,metadata,-1,0.0,0.0,0.1869975340513519,0,0.11927032871523172,0.06772720533612017,0.663213,True,False,2023,es,Luces y sombras: La educación escolar en contextos de interculturalidad de Neuquén y Salta a partir de la pandemia de COVID-19,,CONICET Digital,metadata,-1,-1,False,-1,0,nearest_semantic_centroid,0.74677,False,alta,5,,,1.0,0,0.74677,2,0.69479,0.05198,
record:58c5bf239537fb8f7177cfd4,record:58c5bf239537fb8f7177cfd4,BERTopic-ARGENTINA-2020-2026,metadata,0,1.0,1.0,1.0,2,6.22866707343168e-309,1.0,0.0,False,False,2024,es,Lucrecia Moyano: creación e innovación en el arte y el diseño a mediados del siglo XX,,CONICET Digital,metadata,0,0,False,0,,,,False,alta,5,0.143549,2.268695,1.0,0,0.494823,2,0.405434,0.089389,0.505177
record:d1f9514a3931039365c10b25,record:d1f9514a3931039365c10b25,BERTopic-ARGENTINA-2020-2026,metadata,-1,0.0,0.0,0.38506351986831766,2,0.26329094556241206,0.1217725743059056,0.318453,True,False,2022,es,Management estratégico y gestión pública: el caso del turismo en Mendoza y Argentina (2005-2015),,CONICET Digital,metadata,-1,-1,False,-1,0,nearest_semantic_centroid,0.69652,False,alta,-3,,,0.3,0,0.69652,2,0.626907,0.069613,
record:e980ba35e590ea7616313d83,record:e980ba35e590ea7616313d83,BERTopic-ARGENTINA-2020-2026,metadata,-1,0.0,0.0,0.40599283610671477,2,0.21023591925830878,0.195756916848406,0.371266,True,False,2021,en,Management times as moral regulation in Argentina. A study at the everyday work of a secondary school principal,,CONICET Digital,metadata,-1,-1,False,-1,0,nearest_semantic_centroid,0.752666,False,alta,21,,,0.5,0,0.752666,2,0.709105,0.043561,
record:f496d997eb41961410a1336c,record:f496d997eb41961410a1336c,BERTopic-ARGENTINA-2020-2026,metadata,1,1.0,1.0,1.0,0,1.3925898432288797e-308,1.0,0.0,False,True,2026,es,Medición de la inhibición perceptual: criterios de validez convergente y clínica de la tarea de búsqueda visual,,CONICET Digital,metadata,1,1,False,1,,,,False,alta,1,0.589416,1.093067,0.8,1,0.336452,0,0.292747,0.043705,0.663549
record:63bebf598465d420752ab3c1,record:63bebf598465d420752ab3c1,BERTopic-ARGENTINA-2020-2026,metadata,0,1.0,1.0,0.6407710800176388,2,0.21705089340033556,0.42372018661730326,0.101927,False,False,2023,es,"Memorias colectivas, ideas de provincia y catolicismo en los debates de la última Ley de Educación de Chaco (2008-2010)",,CONICET Digital,metadata,0,0,False,0,,,,False,alta,1,0.280788,1.391857,1.0,0,0.75013,2,0.646055,0.104075,0.24987
record:11708562231ade9be8eb19c3,record:11708562231ade9be8eb19c3,BERTopic-ARGENTINA-2020-2026,metadata,0,1.0,1.0,1.0,2,6.667527266347777e-309,1.0,0.0,False,False,2024,es,Memorias recientes y pasados en conflicto: ¿cómo enseñar historia reciente en la escuela?,,CONICET Digital,metadata,0,0,False,0,,,,False,alta,4,0.286863,1.399242,1.0,0,0.666276,1,0.593734,0.072542,0.333724
record:a766d38f935f179b85c4bc08,record:a766d38f935f179b85c4bc08,BERTopic-ARGENTINA-2020-2026,metadata,1,1.0,1.0,1.0,0,1.0805847322523635e-308,1.0,0.0,False,False,2021,es,Mens sana in corpore exhausto: Emociones y gestión de sí en escuelas secundarias del sur global,,CONICET Digital,metadata,1,1,False,1,,,,False,alta,9,0.734705,0.5248,1.0,1,0.810189,0,0.646411,0.163778,0.189811
record:5988a605b44af15babf05ed8,record:5988a605b44af15babf05ed8,BERTopic-ARGENTINA-2020-2026,metadata,-1,0.0,0.0,0.3255319507423618,1,0.29322467340639735,0.032307277335964446,0.333985,True,False,2024,pt,Metainvestigación en el campo de estudios de políticas de inclusión educativa en la Argentina (2003-2021),,CONICET Digital,metadata,-1,-1,False,-1,0,nearest_semantic_centroid,0.828025,False,alta,5,,,0.3,0,0.828025,2,0.748887,0.079138,
record:aa17d8283012769275540da9,record:aa17d8283012769275540da9,BERTopic-ARGENTINA-2020-2026,metadata,0,0.9492174077934378,0.949217,0.36238111522623306,0,0.32117138176037235,0.04120973346586071,0.176721,False,False,2025,es,Migraciones y escuela: Representaciones sociales sobre el estudiantado extranjero en Buenos Aires,,CONICET Digital,metadata,0,0,False,0,,,,False,alta,9,0.197769,1.495725,0.9,0,0.78942,2,0.749468,0.039953,0.21058
record:fa8198c244ee27ee2b468610,record:fa8198c244ee27ee2b468610,BERTopic-ARGENTINA-2020-2026,metadata,-1,0.0,0.0,0.38791902209039086,2,0.2439100008909783,0.14400902119941256,0.318453,True,False,2025,es,"Militar, trabajar e investigar a la vez: reflexiones en torno a los modos de ser y estar en el campo",,CONICET Digital,metadata,-1,-1,False,-1,0,nearest_semantic_centroid,0.601688,False,alta,9,,,0.2,0,0.601688,2,0.555187,0.046501,
record:ac4a6b632f453bb2be732fcb,record:ac4a6b632f453bb2be732fcb,BERTopic-ARGENTINA-2020-2026,metadata,0,0.9962591886648917,0.996259,0.43337574243697197,2,0.29123387588005606,0.1421418665569159,0.13592,False,False,2021,es,Mirando hacia el Sudeste de Asia: gestión externa provincial desde la Región Centro (2015-2019),,CONICET Digital,metadata,0,0,False,0,,,,False,alta,4,0.288551,1.101612,0.9,0,0.585194,2,0.524296,0.060899,0.414805
record:e0167a9af2c459715ec8c614,record:e0167a9af2c459715ec8c614,BERTopic-ARGENTINA-2020-2026,metadata,2,1.0,1.0,1.0,0,8.836814559006283e-309,1.0,0.0,False,False,2025,es,Modelos pedagógico-organizacionales y estrategias de afrontamiento de la continuidad pedagógica en escuelas secundarias rurales argentinas,,CONICET Digital,metadata,2,2,False,2,,,,False,alta,5,0.635678,0.42928,1.0,2,0.880397,0,0.812593,0.067804,0.119604
record:864abb79204e4e05dd083623,record:864abb79204e4e05dd083623,BERTopic-ARGENTINA-2020-2026,metadata,1,1.0,1.0,1.0,0,9.964870777315055e-309,1.0,0.0,False,False,2021,es,Modos de abordar las humillaciones entre estudiantes: Un estudio desde la perspectiva de alumnos de educación secundaria,,CONICET Digital,metadata,1,1,False,1,,,,False,alta,5,0.759323,0.42445,1.0,1,0.68932,0,0.493097,0.196223,0.310679
record:a3f8152edc7f9de9afc2a5bb,record:a3f8152edc7f9de9afc2a5bb,BERTopic-ARGENTINA-2020-2026,metadata,1,1.0,1.0,1.0,0,2.338082439167942e-308,1.0,0.0,False,True,2022,es,Movimientos sociales y educación: Experiencias de jóvenes en una escuela secundaria para adultos de “gestión social”,,CONICET Digital,metadata,1,1,False,1,,,,False,alta,1,0.497348,0.967641,0.4,1,0.781623,0,0.7344,0.047223,0.218377
record:0d977f7ccf965c06a15a558a,record:0d977f7ccf965c06a15a558a,BERTopic-ARGENTINA-2020-2026,metadata,0,0.9291560971333206,0.929156,0.43846686006548996,2,0.26364739078315275,0.17481946928233721,0.19412,False,False,2024,es,Mujeres que escribieron «Evita me ama»: Autoras de libros escolares (1952-1955),,CONICET Digital,metadata,0,0,False,0,,,,False,alta,4,0.271825,1.009506,0.9,0,0.591291,1,0.539908,0.051382,0.408709
record:55d98c5121cb5ce46eccc9c2,record:55d98c5121cb5ce46eccc9c2,BERTopic-ARGENTINA-2020-2026,metadata,-1,0.0,0.0,0.28490946962804387,2,0.2797219620438648,0.005187507584179074,0.407963,True,False,2025,es,"Mujeres que estudian en Escuelas Normales, profesionales, comerciales y liceos (Buenos Aires, 1880-1940)",,CONICET Digital,metadata,-1,-1,False,-1,0,nearest_semantic_centroid,0.762541,False,alta,5,,,0.5,0,0.762541,2,0.729047,0.033494,
record:1e103517f968b76190a15251,record:1e103517f968b76190a15251,BERTopic-ARGENTINA-2020-2026,metadata,0,0.9492174077934378,0.949217,0.42444980680991456,1,0.2671154436879597,0.15733436312195487,0.176721,False,False,2024,es,Más allá del hispanismo: lingüistas y filólogos extranjeros en la Argentina peronista (1946-1955),,CONICET Digital,metadata,0,0,False,0,,,,False,alta,5,0.24673,1.516791,1.0,0,0.743123,2,0.579068,0.164055,0.256877
record:43d9982db86de1b05a0b18eb,record:43d9982db86de1b05a0b18eb,BERTopic-ARGENTINA-2020-2026,metadata,0,0.9846128803647406,0.984613,0.6716492620806713,2,0.17361297486615104,0.4980362872145203,0.146021,False,False,2024,es,Nacimiento de la modernidad y gubernamentalización del Estado: Historia geo-política de las artes de gobernar en Michel Foucault,,CONICET Digital,metadata,0,0,False,0,,,,False,alta,9,0.331522,1.078581,0.9,0,0.657433,2,0.525678,0.131755,0.342567
record:efd56b0c6fb751a9e9d7ea91,record:efd56b0c6fb751a9e9d7ea91,BERTopic-ARGENTINA-2020-2026,metadata,0,1.0,1.0,0.4888936694014128,0,0.3286673435468946,0.16022632585451824,0.101927,False,False,2024,en,Nada se tira todo se transforma: Devenir docente-ciruja: gestión de la precariedad cotidiana en el Area Metropolitana de Buenos Aires,,CONICET Digital,metadata,0,0,False,0,,,,False,alta,1,-0.044634,0.975663,0.9,0,0.849707,2,0.800061,0.049646,0.150293
record:d826190ae15c1370685c4447,record:d826190ae15c1370685c4447,BERTopic-ARGENTINA-2020-2026,metadata,0,0.9291560971333206,0.929156,0.3637278482329981,2,0.29007666638751706,0.07365118184548103,0.19412,False,False,2021,es,"Narrativa transmedia pedagógica: Etapas, contextos y dimensiones para su inclusión en el aula",,CONICET Digital,metadata,0,0,False,0,,,,False,alta,5,0.248207,1.044013,1.0,0,0.703794,1,0.644659,0.059135,0.296206
record:997634952d5014609c9e497d,record:997634952d5014609c9e497d,BERTopic-ARGENTINA-2020-2026,metadata,1,1.0,1.0,1.0,0,1.2472159157821045e-308,1.0,0.0,False,False,2023,es,Necesidades psicológicas básicas y compromiso académico en estudiantes secundarios de Entre Ríos,,CONICET Digital,metadata,1,1,False,1,,,,False,alta,1,0.663394,0.73254,1.0,1,0.817567,0,0.73395,0.083617,0.182433
record:628f06efc5f6dc8cedaa5fd4,record:628f06efc5f6dc8cedaa5fd4,BERTopic-ARGENTINA-2020-2026,metadata,0,1.0,1.0,0.6377677540716635,2,0.19627909633435114,0.4414886577373124,0.114726,False,False,2024,es,"Neoliberalismo, derechas políticas e intervención social: Algunas notas rápidas del gobierno de La Libertad Avanza en Argentina",,CONICET Digital,metadata,0,0,False,0,,,,False,alta,9,0.320199,1.21464,1.0,0,0.660251,2,0.541889,0.118362,0.339749
record:c377caeaf33e0599ee4ec353,record:c377caeaf33e0599ee4ec353,BERTopic-ARGENTINA-2020-2026,metadata,-1,0.0,0.0,0.3735150304892659,0,0.18431115386524588,0.18920387662402,0.473072,True,False,2022,es,"Neoliberalismo y capital cultural: un estudio de caso sobre la resistencia estudiantil en una escuela secundaria de la ciudad de Tandil, Buenos Aires - Argentina",,CONICET Digital,metadata,-1,-1,False,-1,0,nearest_semantic_centroid,0.72062,False,alta,4,,,0.5,0,0.72062,2,0.668,0.05262,
record:a284213fc3971753b78bf660,record:a284213fc3971753b78bf660,BERTopic-ARGENTINA-2020-2026,metadata,0,1.0,1.0,1.0,2,7.377431333363157e-309,1.0,0.0,False,False,2024,es,“Nos perdimos en el monte al regreso”: Los viajes del Dr. Salvador Bucca a Formosa en los años sesenta,,CONICET Digital,metadata,0,0,False,0,,,,False,alta,5,0.261742,1.303918,1.0,0,0.674683,2,0.55673,0.117953,0.325317
record:4408f7100c2c576f256e4024,record:4408f7100c2c576f256e4024,BERTopic-ARGENTINA-2020-2026,metadata,0,1.0,1.0,1.0,2,7.106467222399057e-309,1.0,0.0,False,False,2024,es,Novedades y conflictos durante la era del progreso (1890-1930),,CONICET Digital,metadata,0,0,False,0,,,,False,alta,5,0.27968,1.302748,1.0,0,0.65261,2,0.599463,0.053147,0.34739
record:9eb742af25bf719c77ce2266,record:9eb742af25bf719c77ce2266,BERTopic-ARGENTINA-2020-2026,metadata,0,0.9355378094492088,0.935538,0.7254346948728313,2,0.1078552766344688,0.6175794182383625,0.188585,False,True,2022,es,Nuevas necesidades educativas una aproximaxión a los acondicionantes del sistema educativo en épocas de confinamiento social,,CONICET Digital,metadata,0,0,False,0,,,,False,alta,6,0.119223,1.476946,0.5,2,0.797181,0,0.779445,0.017737,0.220555
record:dbfbb579b31ceeae3f0a540c,record:dbfbb579b31ceeae3f0a540c,BERTopic-ARGENTINA-2020-2026,metadata,-1,0.0,0.0,0.20591177263186106,0,0.1118019230769199,0.09410984955494116,0.663213,True,False,2021,es,"Nuevos tapabocas para viejas invisibilidades: representaciones de la niñez y adolescencia en medios periodísticos durante la pandemia en Mendoza, Argentina",,CONICET Digital,metadata,-1,-1,False,-1,0,nearest_semantic_centroid,0.677576,False,alta,5,,,1.0,0,0.677576,1,0.590454,0.087122,
record:7564ef46e079b89a3977f12b,record:7564ef46e079b89a3977f12b,BERTopic-ARGENTINA-2020-2026,metadata,-1,0.0,0.0,0.20504466118973175,0,0.11257895647124878,0.09246570471848296,0.663213,True,False,2025,en,"Nutritional status of schoolchildren before and after confinement by COVID-19 (2019–2021) in Jujuy, Argentina",,CONICET Digital,metadata,-1,-1,False,-1,2,nearest_semantic_centroid,0.534416,False,alta,9,,,1.0,2,0.534416,1,0.514269,0.020147,
record:825260e8d014aea1483693bf,record:825260e8d014aea1483693bf,BERTopic-ARGENTINA-2020-2026,metadata,2,1.0,1.0,1.0,0,7.91452071944882e-309,1.0,0.0,False,False,2023,pt,O Status do Ensino de Nematologia nos Cursos de Agronomia e Engenharia Agronômica no Brasil,,CONICET Digital,metadata,2,2,False,2,,,,False,alta,4,0.47403,1.34744,0.7,2,0.629325,0,0.601329,0.027996,0.370676
record:a25595a68b81ebc8f6130a50,record:a25595a68b81ebc8f6130a50,BERTopic-ARGENTINA-2020-2026,metadata,0,1.0,1.0,0.4386900247530249,2,0.358769560379479,0.07992046437354589,0.120347,False,False,2023,es,Objeciones a la ley de educación de la provincia de Buenos Aires y sus objeciones (1882-1894): Una aproximación a las intervenciones de funcionarios de la Dirección General de Escuelas,,CONICET Digital,metadata,0,0,False,0,,,,False,alta,4,0.214166,1.117638,0.9,0,0.823404,2,0.755579,0.067825,0.176596
record:c7a6ae0a4594345b3327a978,record:c7a6ae0a4594345b3327a978,BERTopic-ARGENTINA-2020-2026,metadata,0,0.9492174077934378,0.949217,0.39801707560415894,1,0.27746248697666176,0.12055458862749718,0.176721,False,False,2025,es,"Oralidad, fortalecimiento lingüístico y escuela: Los materiales de “Voces Tobas” como un aporte para la Educación Intercultural Bilingüe en Chaco",,CONICET Digital,metadata,0,0,False,0,,,,False,alta,4,0.199437,1.554172,1.0,0,0.666028,2,0.5857,0.080328,0.333972
record:74370a66e3e8a817adec8189,record:74370a66e3e8a817adec8189,BERTopic-ARGENTINA-2020-2026,metadata,0,0.9717403872790584,0.97174,0.4525254041550974,1,0.2880407615173072,0.16448464263779022,0.157186,False,False,2024,es,Otras formas de construir políticas para la educación permanente de jóvenes y adultos: El caso de la provincia de Corrientes,,CONICET Digital,metadata,0,0,False,0,,,,False,alta,11,0.18001,1.024387,0.6,0,0.794843,2,0.790707,0.004136,0.205157
record:4a33ed4e3ec99646194f5219,record:4a33ed4e3ec99646194f5219,BERTopic-ARGENTINA-2020-2026,metadata,1,1.0,1.0,1.0,0,2.6423899393357603e-308,1.0,0.0,False,False,2025,es,Participacion política en las escuelas secundarias catamarqueñas,,CONICET Digital,metadata,1,1,False,1,,,,False,alta,5,0.493327,1.034866,0.6,0,0.80182,2,0.756586,0.045235,0.253413
record:88ae1ebeb6101c043b538517,record:88ae1ebeb6101c043b538517,BERTopic-ARGENTINA-2020-2026,metadata,0,0.9717403872790584,0.97174,0.4376213042245474,2,0.2692762427167697,0.16834506150777773,0.157186,False,False,2023,pt,Participación y gestión escolar en Argentina y Brasil: Una comparación de políticas subnacionales,,CONICET Digital,metadata,0,0,False,0,,,,False,alta,16,0.278139,1.12756,0.9,0,0.834784,2,0.78053,0.054254,0.165216
record:7f1366aa39eaf66239a4ee91,record:7f1366aa39eaf66239a4ee91,BERTopic-ARGENTINA-2020-2026,metadata,-1,0.0,0.0,0.47832698960412706,0,0.31329900583260933,0.16502798377151773,0.275025,True,False,2022,pt,“Patria o fuego”: Análisis discursivo de una Carta Abierta en torno de incendios en islas del Delta paranaense (año 2020),,CONICET Digital,metadata,-1,-1,False,-1,0,nearest_semantic_centroid,0.598296,False,alta,4,,,1.0,0,0.598296,2,0.535465,0.062831,
record:322c7288206b1b5ea8cdd6a8,record:322c7288206b1b5ea8cdd6a8,BERTopic-ARGENTINA-2020-2026,metadata,-1,0.0,0.0,0.4226930473852351,0,0.30993928343290866,0.11275376395232645,0.235456,True,False,2024,es,Pedagogías y narrativas sobre la gestión del aprendizaje-servicio en escuelas estatales y privadas adheridas al Bachillerato Internacional en Argentina,,CONICET Digital,metadata,-1,-1,False,-1,0,nearest_semantic_centroid,0.784922,False,alta,9,,,1.0,0,0.784922,2,0.72772,0.057202,
record:9e65e992d55d8a02aa55588e,record:9e65e992d55d8a02aa55588e,BERTopic-ARGENTINA-2020-2026,metadata,0,1.0,1.0,0.7830514527284033,2,0.12380928945916901,0.6592421632692342,0.091151,False,False,2021,es,"Penitenciarismo justicialista for export. El asesoramiento técnico de Roberto Pettinato en la construcción de la Penitenciaría del Litoral (Ecuador, Mayo-Septiembre 1954)",,CONICET Digital,metadata,0,0,False,0,,,,False,alta,9,0.316382,1.181801,1.0,0,0.611686,2,0.559225,0.052461,0.388314
record:333fbfcf13f9413405360b0a,record:333fbfcf13f9413405360b0a,BERTopic-ARGENTINA-2020-2026,metadata,-1,0.0,0.0,0.5011458492599572,0,0.2694604855308149,0.23168536372914228,0.275025,True,False,2022,es,Percepciones de docentes y directores sobre los factores que promueven u obstaculizan la educación ambiental en escuelas del Área Metropolitana de Buenos Aires,,CONICET Digital,metadata,-1,-1,False,-1,2,nearest_semantic_centroid,0.767653,False,alta,5,,,1.0,2,0.767653,0,0.750738,0.016915,
record:cd19dcd7c79399e827bdc41b,record:cd19dcd7c79399e827bdc41b,BERTopic-ARGENTINA-2020-2026,metadata,-1,0.0,0.0,0.19016672750038552,0,0.11821019137772336,0.07195653612266216,0.663213,True,False,2024,pt,Percepciones del aprendizaje y emociones de estudiantes de ciencias económicas en pandemia: Aportes para la virtualización de la educación superior,,CONICET Digital,metadata,-1,-1,False,-1,1,nearest_semantic_centroid,0.553545,False,alta,5,,,1.0,1,0.553545,0,0.532384,0.02116,
record:247c79b23f261b03771c7e2d,record:247c79b23f261b03771c7e2d,BERTopic-ARGENTINA-2020-2026,metadata,1,1.0,1.0,1.0,0,9.9811921689022e-309,1.0,0.0,False,False,2026,es,Perfil neuropsicológico en escolares de seis y siete años: comparación entre niños mendocinos y niños mexicanos y colombianos,,CONICET Digital,metadata,1,1,False,1,,,,False,alta,1,0.680916,0.895454,1.0,1,0.681475,0,0.533909,0.147566,0.318525
record:3e7eb5ad1e076d5dca49a034,record:3e7eb5ad1e076d5dca49a034,BERTopic-ARGENTINA-2020-2026,metadata,0,1.0,1.0,1.0,2,7.27365634891077e-309,1.0,0.0,False,False,2023,es,Permanecer en el recuerdo: el Premio a la Canción Escolar de 1921 para tres obras de Julián Aguirre,,CONICET Digital,metadata,0,0,False,0,,,,False,alta,5,0.205097,1.606131,1.0,0,0.65002,2,0.544425,0.105594,0.349981
record:7fa384bdb7c4dac09640d140,record:7fa384bdb7c4dac09640d140,BERTopic-ARGENTINA-2020-2026,metadata,0,0.9801668004847254,0.980167,0.420948072205484,2,0.2911788893334356,0.12976918287204842,0.149878,False,False,2021,es,Perspectiva productiva solidaria : generación de alianzas inter-institucionales y espacios de contención de capacidades locales,,CONICET Digital,metadata,0,0,False,0,,,,False,alta,5,0.256958,0.997058,0.8,0,0.562169,2,0.554154,0.008015,0.437831
record:dcdc5d3366bc737b5492845b,record:dcdc5d3366bc737b5492845b,BERTopic-ARGENTINA-2020-2026,metadata,0,1.0,1.0,0.4538382282625732,2,0.29197568231973603,0.16186254594283717,0.114726,False,False,2024,es,"Policías, vecinos y jóvenes de las barriadas de Cuyo en situación pandémica",,CONICET Digital,metadata,0,0,False,0,,,,False,alta,5,0.279932,0.987075,0.6,0,0.585693,2,0.553845,0.031848,0.414307
record:0ee92ee9d0244f74f6ee96cf,record:0ee92ee9d0244f74f6ee96cf,BERTopic-ARGENTINA-2020-2026,metadata,0,1.0,1.0,0.5838048675833525,2,0.22554373393846694,0.35826113364488554,0.126315,False,False,2025,es,"Política de subvención a la educación de gestión privada en la Provincia de Catamarca: Análisis micro, meso y macro",,CONICET Digital,metadata,0,0,False,0,,,,False,alta,6,0.218854,1.300821,0.7,2,0.717525,0,0.71426,0.003265,0.28574
record:196dceea41dda94ff4cc7cdc,record:196dceea41dda94ff4cc7cdc,BERTopic-ARGENTINA-2020-2026,metadata,0,1.0,1.0,0.5247555918263537,2,0.3028177195005394,0.2219378723258143,0.101927,False,False,2023,es,Política educativa y textos escolares en la provincia de Buenos Aires durante la gestión de Julio C. Avanza,,CONICET Digital,metadata,0,0,False,0,,,,False,alta,4,0.24773,0.960141,1.0,0,0.879204,2,0.79397,0.085233,0.120796
record:3ce5c50df722248471fd0827,record:3ce5c50df722248471fd0827,BERTopic-ARGENTINA-2020-2026,metadata,-1,0.0,0.0,0.25401103064085034,1,0.250652685580154,0.0033583450606963217,0.412847,True,False,2024,es,Política educativo-lingüística en torno a la creación de las Escuelas Públicas de Gestión Social Indígenas: Aproximación al estudio del caso de la escuela secundaria del barrio Mapic,,CONICET Digital,metadata,-1,-1,False,-1,0,nearest_semantic_centroid,0.756345,False,alta,1,,,0.3,0,0.756345,2,0.730272,0.026072,
record:2c81cffe6a6a7f8c9e516c3d,record:2c81cffe6a6a7f8c9e516c3d,BERTopic-ARGENTINA-2020-2026,metadata,0,1.0,1.0,0.6711161201465636,2,0.19195053020405356,0.4791655899425101,0.129229,False,False,2020,es,Política y educación en la provincia de Buenos Aires durante el primer peronismo: reestructuración institucional e incorporación de nuevos actores (1946-1952),,CONICET Digital,metadata,0,0,False,0,,,,False,alta,4,0.322816,1.049906,0.9,0,0.821852,2,0.727138,0.094714,0.178148
record:83485e1163951fc8cabf1b72,record:83485e1163951fc8cabf1b72,BERTopic-ARGENTINA-2020-2026,metadata,0,1.0,1.0,1.0,1,1.2647849567522356e-308,1.0,0.0,False,False,2021,es,Políticas basadas en ficción: las buenas prácticas en la dirección de escuelas secundarias,,CONICET Digital,metadata,0,0,False,0,,,,False,alta,14,-0.015421,1.669059,1.0,1,0.720927,0,0.704677,0.01625,0.295323
record:4ddb6a0bd4823deb682504e5,record:4ddb6a0bd4823deb682504e5,BERTopic-ARGENTINA-2020-2026,metadata,-1,0.0,0.0,0.23971913027467284,2,0.2110412417685493,0.028677888506123544,0.484076,True,False,2021,es,"Políticas de diseminación tecnológica, escuelas y hogares: sentidos de las TIC en el campo y la ciudad (Salta, Argentina, 2017)",,CONICET Digital,metadata,-1,-1,False,-1,2,nearest_semantic_centroid,0.770871,False,alta,5,,,1.0,2,0.770871,0,0.717451,0.05342,
record:66725fe1decf6de24a2cb5c4,record:66725fe1decf6de24a2cb5c4,BERTopic-ARGENTINA-2020-2026,metadata,-1,0.0,0.0,0.31620319601392854,1,0.2817354466472688,0.03446774936665975,0.353983,True,False,2026,pt,Políticas de In/Exclusión y discapacidad: una perspectiva comparada entre Brasil y Argentina,,CONICET Digital,metadata,-1,-1,False,-1,0,nearest_semantic_centroid,0.622825,False,alta,4,,,0.3,0,0.622825,2,0.541861,0.080964,
record:2b13f1ca0d0c7660f38685d4,record:2b13f1ca0d0c7660f38685d4,BERTopic-ARGENTINA-2020-2026,metadata,0,1.0,1.0,0.48525479017784223,2,0.3290532568038516,0.15620153337399062,0.110215,False,False,2023,es,"Políticas de selección y circulación del libro escolar en la Argentina decimonónica: Un estudio de caso (Santa Fe, 1870)",,CONICET Digital,metadata,0,0,False,0,,,,False,alta,6,0.230248,0.980526,0.9,0,0.770191,2,0.67796,0.092232,0.229809
record:808f13698c69bfa61ee02a59,record:808f13698c69bfa61ee02a59,BERTopic-ARGENTINA-2020-2026,metadata,-1,0.0,0.0,0.24122251851243356,2,0.2126008764603637,0.02862164205206985,0.484076,True,False,2025,es,Políticas educativas de inclusión tecnológica en la pospandemia: un análisis comparativo entre Jaén (Andalucía-España) y Catamarca (noroeste-Argentina),,CONICET Digital,metadata,-1,-1,False,-1,0,nearest_semantic_centroid,0.777779,False,alta,5,,,1.0,0,0.777779,2,0.743162,0.034616,
record:cff1e33f969dcb9f114965ad,record:cff1e33f969dcb9f114965ad,BERTopic-ARGENTINA-2020-2026,metadata,0,0.9868444029343455,0.986844,0.4385177341526592,2,0.2825565758882618,0.15596115826439744,0.144086,False,False,2022,es,"Políticas educativas, desigualdades y nivel secundario en la Argentina del siglo XXI: de la ampliación de derechos al ajuste y la meritocracia (2003-2019)",,CONICET Digital,metadata,0,0,False,0,,,,False,alta,4,0.195078,1.60536,1.0,0,0.822023,2,0.756227,0.065796,0.177977
record:55c8bc1e3787f7e5b89e3995,record:55c8bc1e3787f7e5b89e3995,BERTopic-ARGENTINA-2020-2026,metadata,-1,0.0,0.0,0.41379896497677343,2,0.3705584499815189,0.04324051499525455,0.275025,True,False,2023,en,Population-scale habitat use by school sharks Galeorhinus galeus (Triakidae) in the Southwest Atlantic: insights from temporally explicit niche modelling and habitat associations,,CONICET Digital,metadata,-1,-1,False,-1,0,nearest_semantic_centroid,0.330243,False,alta,4,,,1.0,0,0.330243,2,0.321342,0.008901,
record:69f1ac7ee5aeb45b3aa7b9e8,record:69f1ac7ee5aeb45b3aa7b9e8,BERTopic-ARGENTINA-2020-2026,metadata,1,1.0,1.0,1.0,0,1.4695459014995596e-308,1.0,0.0,False,False,2023,es,Por escrito: tensiones sobre las representaciones de los y las jovenes de sectores populares en la escuela,,CONICET Digital,metadata,1,1,False,1,,,,False,alta,9,0.668377,0.648349,1.0,1,0.84136,0,0.768271,0.073089,0.158639
record:63bd116bf07c43fc9821bf28,record:63bd116bf07c43fc9821bf28,BERTopic-ARGENTINA-2020-2026,metadata,0,1.0,1.0,0.588543265581527,2,0.254469325528816,0.334073940052711,0.101927,False,False,2020,es,"“Por la educacion publica”: El clero y las comunidades locales en la conformación del sistema escolar bonaerense: Campaña sur de Buenos Aires, 1854-1875",,CONICET Digital,metadata,0,0,False,0,,,,False,alta,6,0.267785,1.258257,1.0,0,0.85313,2,0.800259,0.05287,0.146871
record:c4e56bf0e94ede3838429106,record:c4e56bf0e94ede3838429106,BERTopic-ARGENTINA-2020-2026,metadata,-1,0.0,0.0,0.23688736742162264,2,0.21672083123155808,0.02016653619006456,0.484076,True,False,2022,es,Potencialidades de las Tecnologías de la Información Geográfica a la gestión escolar: un estudio de caso,,CONICET Digital,metadata,-1,-1,False,-1,2,nearest_semantic_centroid,0.759706,False,alta,16,,,1.0,2,0.759706,0,0.731425,0.028282,
record:9df7342920bfdce97c9a2a63,record:9df7342920bfdce97c9a2a63,BERTopic-ARGENTINA-2020-2026,metadata,0,1.0,1.0,0.5746335023720067,2,0.21625226953331844,0.3583812328386883,0.13044,False,False,2021,es,Precariedad y autonomía en el trabajo docente: Demandas e impugnaciones en la política sindical cordobesa,,CONICET Digital,metadata,0,0,False,0,,,,False,alta,4,0.2697,1.213951,0.9,0,0.769039,2,0.691785,0.077254,0.230962
record:5c2b89ba12d4b768ba0a10b9,record:5c2b89ba12d4b768ba0a10b9,BERTopic-ARGENTINA-2020-2026,metadata,1,1.0,1.0,1.0,0,1.001023450071049e-308,1.0,0.0,False,False,2023,es,Predictores de la autoestima global en niños de escuela primaria de la Ciudad de Buenos Aires: Diferencias en función del sexo y la edad,,CONICET Digital,metadata,1,1,False,1,,,,False,alta,5,0.748723,0.483947,1.0,1,0.728028,0,0.584539,0.143489,0.271972
record:0651e9f5d665d214ee32a82e,record:0651e9f5d665d214ee32a82e,BERTopic-ARGENTINA-2020-2026,metadata,1,1.0,1.0,1.0,0,8.083344884992947e-309,1.0,0.0,False,False,2023,pt,Predictores de la intención de consumo intensivo episódico de alcohol en adolescentes,,CONICET Digital,metadata,1,1,False,1,,,,False,alta,5,0.689554,0.827586,0.7,1,0.687436,0,0.508866,0.17857,0.312564
record:f37c75869d6db624fd57ad60,record:f37c75869d6db624fd57ad60,BERTopic-ARGENTINA-2020-2026,metadata,0,1.0,1.0,0.6689733340565145,2,0.19835472957129738,0.4706186044852171,0.101927,False,False,2022,es,Priests and politics at ground level. The trajectory of the parish priest of Monteros (Tucumán) during the first peronism. Curas y política a ras del suelo. La trayectoria del párroco de Monteros (Tucumán) durante el primer peronismo,,CONICET Digital,metadata,0,0,False,0,,,,False,alta,9,0.295944,1.291691,1.0,0,0.580562,2,0.483584,0.096978,0.419438
record:350dd9ef1c2d2764a53741e3,record:350dd9ef1c2d2764a53741e3,BERTopic-ARGENTINA-2020-2026,metadata,2,1.0,1.0,1.0,0,8.67313831535931e-309,1.0,0.0,False,False,2021,pt,"Procesos de apropiación local del programa de expansión y mejoramiento de la educación rural en los años '80 (Entre Ríos, Argentina)",,CONICET Digital,metadata,2,2,False,2,,,,False,alta,5,0.582551,0.661281,0.9,2,0.849167,0,0.780286,0.068881,0.150833
record:328bef76094139c3100ca9a8,record:328bef76094139c3100ca9a8,BERTopic-ARGENTINA-2020-2026,metadata,2,1.0,1.0,1.0,0,8.374882111193475e-309,1.0,0.0,False,False,2023,es,"Procesos de escolarización secundaria de jóvenes Wichí: Desigualdad, obligatoriedad y perspectivas a futuro",,CONICET Digital,metadata,2,2,False,2,,,,False,alta,5,0.526463,1.066799,1.0,2,0.808503,1,0.755661,0.052842,0.191497
record:17b317c7d31b54219be5060b,record:17b317c7d31b54219be5060b,BERTopic-ARGENTINA-2020-2026,metadata,0,1.0,1.0,1.0,2,6.3186008918456e-309,1.0,0.0,False,False,2022,es,Procesos de legitimación del teatro callejero en el campo de las artes escénicas: el caso del curso de Formación del Actor-Actriz para la Actuación en los Espacios Abiertos (EMAD),,CONICET Digital,metadata,0,0,False,0,,,,False,alta,5,0.170884,2.081583,1.0,0,0.54271,2,0.467022,0.075688,0.457289
record:5c55709d86a2c08e3d2a8758,record:5c55709d86a2c08e3d2a8758,BERTopic-ARGENTINA-2020-2026,metadata,2,1.0,1.0,1.0,0,7.46295540192941e-309,1.0,0.0,False,False,2022,es,Procesos dis-continuos y trabajo cotidiano con los conocimientos.: Acerca de las experiencias escolares de jóvenes en contextos de pobreza urbana,,CONICET Digital,metadata,2,2,False,2,,,,False,alta,1,0.574445,0.953552,1.0,2,0.756258,1,0.686596,0.069662,0.243742
record:90ee8434942736f688d89a91,record:90ee8434942736f688d89a91,BERTopic-ARGENTINA-2020-2026,metadata,-1,0.0,0.0,0.20023314174380222,0,0.11435776926835942,0.0858753724754428,0.663213,True,False,2024,es,"Procesos escolares en pandemia: Un análisis del trabajo docente en contextos de pobreza urbana (Rosario, Argentina)",,CONICET Digital,metadata,-1,-1,False,-1,2,nearest_semantic_centroid,0.835666,False,alta,5,,,1.0,2,0.835666,0,0.785539,0.050127,
record:4f5c34f614ed4007237d7729,record:4f5c34f614ed4007237d7729,BERTopic-ARGENTINA-2020-2026,metadata,2,1.0,1.0,1.0,0,1.2358785402123676e-308,1.0,0.0,False,True,2024,es,"Producciones escolares, ciudadanía y sostenimiento de la escolaridad: Perspectivas de las directoras de dos escuelas secundarias orientadas de la ciudad de Rafaela (Santa Fe)",,CONICET Digital,metadata,2,2,False,2,,,,False,alta,5,0.385647,0.931353,0.5,2,0.862641,0,0.852305,0.010336,0.137359
record:c821f79c72d663ba57ad0060,record:c821f79c72d663ba57ad0060,BERTopic-ARGENTINA-2020-2026,metadata,-1,0.0,0.0,0.3587152265954241,2,0.27052890831528553,0.08818631828013856,0.224496,True,False,2024,es,Programa Conectar Igualdad en Argentina desde las voces de sus protagonistas: Un análisis de su estructura de gestión y su trama decisional,,CONICET Digital,metadata,-1,-1,False,-1,0,nearest_semantic_centroid,0.751198,False,alta,4,,,0.0,0,0.751198,2,0.660572,0.090626,
record:6bdec4b47aebbbcf4786a332,record:6bdec4b47aebbbcf4786a332,BERTopic-ARGENTINA-2020-2026,metadata,-1,0.0,0.0,0.2687851830447267,2,0.2686651938517185,0.00011998919300820754,0.391013,True,False,2025,es,Programa de Inclusión y Terminalidad de la Educación Secundaria para Jóvenes de 14 a 17 años (PIT): Córdoba (Argentina),,CONICET Digital,metadata,-1,-1,False,-1,2,nearest_semantic_centroid,0.813191,False,alta,9,,,0.2,2,0.813191,0,0.807679,0.005512,
record:05d69cd40c83d74b42055493,record:05d69cd40c83d74b42055493,BERTopic-ARGENTINA-2020-2026,metadata,0,0.9717403872790584,0.97174,0.40457807806585944,1,0.3096141823107952,0.09496389575506425,0.157186,False,False,2020,es,Programas articulados de terminalidad secundaria y formación profesional: alternativas institucionales y su incidencia sobre las subjetividades y trayectorias de los jóvenes y adultos,,CONICET Digital,metadata,0,0,False,0,,,,False,alta,9,0.175798,1.225096,0.7,1,0.608759,2,0.546362,0.062397,0.458721
record:aff1025c81f15ff8d6405870,record:aff1025c81f15ff8d6405870,BERTopic-ARGENTINA-2020-2026,metadata,-1,0.0,0.0,0.24130432639829644,2,0.20866000768295181,0.03264431871534462,0.484076,True,False,2020,es,Programas de Educación Digital en la provincia de Misiones,,CONICET Digital,metadata,-1,-1,False,-1,2,nearest_semantic_centroid,0.718984,False,alta,4,,,1.0,2,0.718984,0,0.717238,0.001746,
record:d10645b76a28175ce260d7b1,record:d10645b76a28175ce260d7b1,BERTopic-ARGENTINA-2020-2026,metadata,0,1.0,1.0,1.0,2,1.188390982463207e-308,1.0,0.0,False,False,2023,es,Programas socioeducativos y regulación del trabajo docente en el nivel secundario,,CONICET Digital,metadata,0,0,False,0,,,,False,alta,14,0.122793,1.411776,0.6,0,0.836694,2,0.828403,0.008291,0.163306
record:c8a3dadd3f8de4b780e39a83,record:c8a3dadd3f8de4b780e39a83,BERTopic-ARGENTINA-2020-2026,metadata,-1,0.0,0.0,0.47782975960350343,0,0.3236088045390401,0.15422095506446332,0.276888,True,False,2023,es,"Propuesta didáctica innovadora para la enseñanza del humedal costero de Villa del Mar, Buenos Aires",,CONICET Digital,metadata,-1,-1,False,-1,0,nearest_semantic_centroid,0.728743,False,alta,5,,,1.0,0,0.728743,2,0.688914,0.039829,
record:7e2ffd38c3bd2fa15d2490e7,record:7e2ffd38c3bd2fa15d2490e7,BERTopic-ARGENTINA-2020-2026,metadata,-1,0.0,0.0,0.29445418656679684,0,0.25594416548157806,0.03851002108521878,0.380439,True,False,2023,es,Propuestas de escolarización de las infancias indígenas en el Territorio Nacional de Neuquén (1930-1938),,CONICET Digital,metadata,-1,-1,False,-1,0,nearest_semantic_centroid,0.710986,False,alta,9,,,0.4,0,0.710986,2,0.700553,0.010433,
record:66f0cd081d8e8ce719bd0845,record:66f0cd081d8e8ce719bd0845,BERTopic-ARGENTINA-2020-2026,metadata,0,1.0,1.0,1.0,1,1.1802399295576257e-308,1.0,0.0,False,False,2022,es,Proyectar la interdisciplina,,CONICET Digital,metadata,0,0,False,0,,,,False,alta,4,0.111041,1.399044,0.9,0,0.749355,2,0.682715,0.06664,0.250645
record:fd097260fbd78f33dc917427,record:fd097260fbd78f33dc917427,BERTopic-ARGENTINA-2020-2026,metadata,0,1.0,1.0,1.0,2,7.49189794347286e-309,1.0,0.0,False,False,2021,es,Proyectos educativos en torno del pasado local y el patrimonio cultural en Argentina: Un caso de estudio en el centro de la provincia de Buenos Aires,,CONICET Digital,metadata,0,0,False,0,,,,False,alta,9,0.188693,1.645844,1.0,0,0.853837,2,0.768579,0.085258,0.146163
record:17c08d99a6386c00b7ebb6ae,record:17c08d99a6386c00b7ebb6ae,BERTopic-ARGENTINA-2020-2026,metadata,0,1.0,1.0,1.0,2,7.40719393504065e-309,1.0,0.0,False,False,2024,es,"Práctica Arqueológica y Comunicación Pública de la Ciencia en Barrancas (Puna de Jujuy, Argentina)",,CONICET Digital,metadata,0,0,False,0,,,,False,alta,0,0.073606,2.386017,1.0,0,0.676563,2,0.577948,0.098615,0.323437
record:9ba81d05d40ff511d9f434cf,record:9ba81d05d40ff511d9f434cf,BERTopic-ARGENTINA-2020-2026,metadata,2,1.0,1.0,1.0,0,8.256796700465536e-309,1.0,0.0,False,False,2025,es,"Prácticas económicas diversas desarrolladas en escuelas rurales de alternancia, Argentina",,CONICET Digital,metadata,2,2,False,2,,,,False,alta,4,0.653528,0.277125,1.0,2,0.919549,0,0.802201,0.117348,0.080451
record:2dd1b0a6798db446a90932f3,record:2dd1b0a6798db446a90932f3,BERTopic-ARGENTINA-2020-2026,metadata,-1,0.0,0.0,0.32112679987490383,0,0.16746203950824956,0.15366476036665427,0.532196,True,False,2023,es,"Prácticas estudiantiles de diferenciación social vinculadas a la concepción de juventud, sus problemáticas y consumos culturales en el campo escolar de Tandil, provincia de Buenos Aires, Argentina",,CONICET Digital,metadata,-1,-1,False,-1,1,nearest_semantic_centroid,0.812489,False,alta,1,,,0.5,1,0.812489,0,0.808814,0.003675,
record:b65bd01fa5d1ead2e787905d,record:b65bd01fa5d1ead2e787905d,BERTopic-ARGENTINA-2020-2026,metadata,2,1.0,1.0,1.0,0,9.116818485343233e-309,1.0,0.0,False,False,2026,es,Prácticas y saberes docentes en torno a procesos del enseñar y el aprender en las intersecciones entre Educación Especial y Educación Rural: Un estudio con maestras/os de apoyo a la inclusión y docentes de aula en una escuela rural,,CONICET Digital,metadata,2,2,False,2,,,,False,alta,14,0.588663,0.67321,1.0,2,0.800906,0,0.716198,0.084708,0.199094
record:fb9250e7d157142633457333,record:fb9250e7d157142633457333,BERTopic-ARGENTINA-2020-2026,metadata,-1,0.0,0.0,0.5128469664971504,2,0.2158423895305456,0.29700457696660487,0.227686,True,False,2026,es,Psicología desde las escuelas: Los aportes de José Natale a la alfabetización a comienzos del siglo XX en Buenos Aires,,CONICET Digital,metadata,-1,-1,False,-1,0,nearest_semantic_centroid,0.81684,False,alta,6,,,0.4,0,0.81684,1,0.72359,0.09325,
record:7124507ad5ce89a256ba33a6,record:7124507ad5ce89a256ba33a6,BERTopic-ARGENTINA-2020-2026,metadata,0,0.9868444029343455,0.986844,0.44058479558792707,2,0.3039287027212071,0.13665609286671998,0.144086,False,False,2025,es,¿Quiénes asisten a la escuela privada en Argentina?: Análisis de los factores explicativos según localización geográfica,,CONICET Digital,metadata,0,0,False,0,,,,False,alta,1,0.123439,1.974051,1.0,0,0.807499,2,0.79812,0.009379,0.192501
record:211642c79da2f992497a1fa1,record:211642c79da2f992497a1fa1,BERTopic-ARGENTINA-2020-2026,metadata,0,1.0,1.0,0.4301485083379779,2,0.2981136294673089,0.132034878870669,0.129951,False,False,2024,es,¿Qué necesita nuestra región para fortalecer políticas públicas sobre bebidas azucaradas?: Diálogo de decisores,,CONICET Digital,metadata,0,0,False,0,,,,False,alta,9,0.256045,1.00167,0.9,0,0.654836,2,0.587619,0.067217,0.345164
record:70804002c04d6730be42a068,record:70804002c04d6730be42a068,BERTopic-ARGENTINA-2020-2026,metadata,0,1.0,1.0,0.8151509771195726,2,0.11111563807512075,0.7040353390444519,0.068429,False,False,2023,es,"Raza, raciología y racismo en la obra de Marcelo Bórmida",,CONICET Digital,metadata,0,0,False,0,,,,False,alta,5,0.256773,1.350498,1.0,0,0.634626,2,0.497455,0.137171,0.365374
record:e88ca0f5c8c6c8d5c00f734c,record:e88ca0f5c8c6c8d5c00f734c,BERTopic-ARGENTINA-2020-2026,metadata,-1,0.0,0.0,0.5285691278649329,0,0.29016353039914694,0.238405597465786,0.241865,True,False,2020,pt,"Recepción y puesta en acto de la reforma de la escuela secundaria obligatoria. Aportes de Stephen Ball para estudiar las políticas educativas en escuelas de la provincia de Santa Cruz, Argentina",,CONICET Digital,metadata,-1,-1,False,-1,0,nearest_semantic_centroid,0.813016,False,alta,1,,,0.5,0,0.813016,2,0.784369,0.028647,
record:c2496f6b77956d3ac0f9a9d5,record:c2496f6b77956d3ac0f9a9d5,BERTopic-ARGENTINA-2020-2026,metadata,-1,0.0,0.0,0.43954102738555073,0,0.2617243687490622,0.17781665863648854,0.350157,True,False,2021,es,Recepción y puesta en acto de la reforma del curriculum: Un estudio del devenir de la reforma en escuelas secundarias públicas de Santa Cruz,,CONICET Digital,metadata,-1,-1,False,-1,0,nearest_semantic_centroid,0.796191,False,alta,10,,,0.6,0,0.796191,2,0.764959,0.031232,
record:f1626267df5d7e42440a7aa9,record:f1626267df5d7e42440a7aa9,BERTopic-ARGENTINA-2020-2026,metadata,-1,0.0,0.0,0.4683301812772858,2,0.217413938785581,0.25091624249170486,0.322038,True,False,2024,pt,Reclutamiento ministerial en el gobierno provincial de María Eugenia Vidal (2015-2019),,CONICET Digital,metadata,-1,-1,False,-1,0,nearest_semantic_centroid,0.668081,False,alta,4,,,0.1,0,0.668081,2,0.569099,0.098982,
record:ccc157f58cfcbc973020c0f2,record:ccc157f58cfcbc973020c0f2,BERTopic-ARGENTINA-2020-2026,metadata,0,0.9492174077934378,0.949217,0.5018179165541311,2,0.28513013194674797,0.21668778460738314,0.176721,False,False,2023,es,"Redes sociales y campos de negociación en una colonia pastoril indígena (Emilio Mitre, La Pampa, principios del siglo XX)",,CONICET Digital,metadata,0,0,False,0,,,,False,alta,5,0.03029,1.719763,1.0,0,0.635043,2,0.614963,0.02008,0.364957
record:2ac329eff33d29afb2ba705a,record:2ac329eff33d29afb2ba705a,BERTopic-ARGENTINA-2020-2026,metadata,-1,0.0,0.0,0.18764659264222885,0,0.11897802211237066,0.0686685705298582,0.663213,True,False,2023,es,Reflexiones sobre el rol del clima escolar ante la pandemia de Covid-19: El caso de las escuelas secundarias técnicas en Bahía Blanca,,CONICET Digital,metadata,-1,-1,False,-1,2,nearest_semantic_centroid,0.641019,False,alta,9,,,1.0,2,0.641019,0,0.628284,0.012735,
record:d069f4cb545b7a8aaaebffd8,record:d069f4cb545b7a8aaaebffd8,BERTopic-ARGENTINA-2020-2026,metadata,-1,0.0,0.0,0.3995540432993479,0,0.17386597870027315,0.22568806459907476,0.468934,True,False,2022,es,Reflexividad y trabajo de campo: Apuntes de investigación sobre prácticas de socialización juvenil en un colegio de clases altas de la Ciudad de Buenos Aires,,CONICET Digital,metadata,-1,-1,False,-1,1,nearest_semantic_centroid,0.819622,False,alta,4,,,0.5,1,0.819622,0,0.756476,0.063146,
record:5dedd30342ac283b47c60a63,record:5dedd30342ac283b47c60a63,BERTopic-ARGENTINA-2020-2026,metadata,2,1.0,1.0,1.0,0,9.437104902395827e-309,1.0,0.0,False,False,2022,es,"Regulación del espacio urbano, espacio escolar y dinámicas de solidaridad en la vida cotidiana: Estudios de caso en dos provincias argentinas",,CONICET Digital,metadata,2,2,False,2,,,,False,alta,1,0.457204,1.125347,1.0,2,0.812153,0,0.794901,0.017252,0.187847
record:3b2a59c692c867e24a253e17,record:3b2a59c692c867e24a253e17,BERTopic-ARGENTINA-2020-2026,metadata,0,1.0,1.0,0.42591491202333503,2,0.28791077944039695,0.1380041325829381,0.126315,False,False,2021,es,Relaciones intergubernamentales y gestión pública de salud: Argentina y el caso de la Provincia de Córdoba,,CONICET Digital,metadata,0,0,False,0,,,,False,alta,9,0.27088,1.109937,0.9,0,0.719602,2,0.647494,0.072108,0.280398
record:292db96378245c5103dd5a9b,record:292db96378245c5103dd5a9b,BERTopic-ARGENTINA-2020-2026,metadata,-1,0.0,0.0,0.4157397200890265,2,0.37203549557063886,0.043704224518387624,0.275025,True,False,2025,es,Relevancia de los estudios geomorfológicos en el monitoreo y gestión territorial de áreas protegidas cordilleranas de Chubut,,CONICET Digital,metadata,-1,-1,False,-1,0,nearest_semantic_centroid,0.415061,False,alta,4,,,1.0,0,0.415061,2,0.387464,0.027598,
record:874fa1e273d55ae64db73a25,record:874fa1e273d55ae64db73a25,BERTopic-ARGENTINA-2020-2026,metadata,-1,0.0,0.0,0.18960016316100956,0,0.11843978133283128,0.07116038182817827,0.663213,True,False,2025,es,"Representaciones docentes sobre las trayectorias estudiantiles en el nivel secundario durante la pandemia: “desenganche”, vínculo pedagógico y modos de evaluación",,CONICET Digital,metadata,-1,-1,False,-1,0,nearest_semantic_centroid,0.721637,False,alta,9,,,1.0,0,0.721637,1,0.715724,0.005914,
record:303f2c7e0c9b5a06575fe463,record:303f2c7e0c9b5a06575fe463,BERTopic-ARGENTINA-2020-2026,metadata,-1,0.0,0.0,0.8782532987463084,0,0.026658061310494224,0.8515952374358142,0.265755,True,False,2024,es,"Resultados de encuesta sobre usos y patrones de consumo de sustancias psicoactivas en estudiantes secundarios de la ciudad de Rosario (Santa Fe, Argentina)",,CONICET Digital,metadata,-1,-1,False,-1,1,nearest_semantic_centroid,0.672527,False,alta,5,,,0.2,1,0.672527,0,0.621271,0.051256,
record:c3f481693a40551974500f8f,record:c3f481693a40551974500f8f,BERTopic-ARGENTINA-2020-2026,metadata,2,1.0,1.0,1.0,0,7.555424056871783e-309,1.0,0.0,False,False,2023,es,Returns to managerial ability: dairy farms in Argentina,,CONICET Digital,metadata,2,2,False,2,,,,False,alta,0,0.476522,1.362193,0.7,2,0.587082,0,0.530371,0.056711,0.412918
record:f5794c137d196fee985fb55b,record:f5794c137d196fee985fb55b,BERTopic-ARGENTINA-2020-2026,metadata,-1,0.0,0.0,0.46727778119672386,0,0.3176944551228194,0.14958332607390445,0.275025,True,False,2024,es,"Riesgo ambiental en tierras secas: mapeo participativo con estudiantes de una escuela primaria: El caso de La Rinconada, San Juan (Argentina)",,CONICET Digital,metadata,-1,-1,False,-1,2,nearest_semantic_centroid,0.761172,False,alta,4,,,1.0,2,0.761172,0,0.724536,0.036636,
record:d11ed028ff2989cd86bf7324,record:d11ed028ff2989cd86bf7324,BERTopic-ARGENTINA-2020-2026,metadata,0,1.0,1.0,1.0,2,7.315983524790643e-309,1.0,0.0,False,False,2024,es,Rodrigo Bonome: Amor con amor se paga,,CONICET Digital,metadata,0,0,False,0,,,,False,alta,5,0.240462,1.438253,1.0,0,0.593341,2,0.451599,0.141742,0.40666
record:cced705cbbed7713e4bd0f75,record:cced705cbbed7713e4bd0f75,BERTopic-ARGENTINA-2020-2026,metadata,-1,0.0,0.0,0.3979776464283267,0,0.377466494158096,0.020511152270230704,0.275025,True,False,2025,en,Rural children know cavity-nesting birds of the Atlantic Forest but may underappreciate their critical habitat,,CONICET Digital,metadata,-1,-1,False,-1,2,nearest_semantic_centroid,0.404785,False,alta,0,,,1.0,2,0.404785,1,0.35502,0.049766,
record:fa598a3f9b4cf6ab05c59baa,record:fa598a3f9b4cf6ab05c59baa,BERTopic-ARGENTINA-2020-2026,metadata,-1,0.0,0.0,0.6931704961311009,0,0.146101171319512,0.547069324811589,0.249052,True,False,2020,es,"Ruralidad y estado nutricional: Un estudio en la población de Magdalena (provincia de Buenos Aires, Argentina)",,CONICET Digital,metadata,-1,-1,False,-1,2,nearest_semantic_centroid,0.679138,False,alta,5,,,0.1,2,0.679138,0,0.60729,0.071848,
record:9a56f46987ef84cc35f8241d,record:9a56f46987ef84cc35f8241d,BERTopic-ARGENTINA-2020-2026,metadata,-1,0.0,0.0,0.6224639153306557,0,0.1922240666228916,0.4302398487077641,0.246682,True,False,2023,pt,"Ruralidades, Escuela y Comunidades: configuración de deseos en jóvenes de la Escuela “Las Aves” de Colombia",,CONICET Digital,metadata,-1,-1,False,-1,2,nearest_semantic_centroid,0.823866,False,alta,6,,,0.3,2,0.823866,0,0.775218,0.048648,
record:f648475348a6c642fc4a0860,record:f648475348a6c642fc4a0860,BERTopic-ARGENTINA-2020-2026,metadata,0,1.0,1.0,0.4716996278436568,0,0.3518539177336351,0.11984571011002171,0.101927,False,False,2022,es,Régimen académico y obligatoriedad de la educación secundaria en Córdoba y Santa Cruz (Argentina). Sistemas de acción concretos en escuelas emplazadas en barrios populares.,,CONICET Digital,metadata,0,0,False,0,,,,False,alta,10,-0.025372,1.14525,0.9,0,0.844161,2,0.840134,0.004027,0.155839
record:4db47713fed561bc9c48523c,record:4db47713fed561bc9c48523c,BERTopic-ARGENTINA-2020-2026,metadata,-1,0.0,0.0,0.4669042429814934,0,0.305567516532718,0.1613367264487754,0.275025,True,False,2026,es,Saberes cotidianos infantiles sobre el ambiente: un aporte para la educación ambiental,,CONICET Digital,metadata,-1,-1,False,-1,2,nearest_semantic_centroid,0.673892,False,alta,5,,,1.0,2,0.673892,0,0.576731,0.09716,
record:8f285957a965292fdf283088,record:8f285957a965292fdf283088,BERTopic-ARGENTINA-2020-2026,metadata,-1,0.0,0.0,0.3745123260849766,0,0.2469190498486528,0.1275932762363238,0.37898,True,False,2023,es,Saberes docentes sobre convivencia en las escuelas secundarias: Un análisis de dos instituciones de la Ciudad Autónoma de Buenos Aires,,CONICET Digital,metadata,-1,-1,False,-1,0,nearest_semantic_centroid,0.853326,False,alta,4,,,0.3,0,0.853326,2,0.839459,0.013868,
record:25bea22e7939a7c7c0a02836,record:25bea22e7939a7c7c0a02836,BERTopic-ARGENTINA-2020-2026,metadata,-1,0.0,0.0,0.3121667209038045,0,0.15952765479647837,0.1526390661073261,0.547645,True,False,2026,es,Salir con la escuela. (in)movilidades y experiencias deportivas y culturales entre jóvenes de familias hortícolas,,CONICET Digital,metadata,-1,-1,False,-1,2,nearest_semantic_centroid,0.713765,False,alta,1,,,0.5,2,0.713765,1,0.707437,0.006328,
record:e09fcab493edff46652b8e3a,record:e09fcab493edff46652b8e3a,BERTopic-ARGENTINA-2020-2026,metadata,0,1.0,1.0,1.0,2,6.710098961211194e-309,1.0,0.0,False,False,2022,es,Sarmiento y el Facundo: discutir su recepción dentro de la élite política e intelectual argentina entre 1890 y 1912,,CONICET Digital,metadata,0,0,False,0,,,,False,alta,5,0.297718,1.350577,1.0,0,0.745663,2,0.562889,0.182774,0.254337
record:ed223620246c822551f7cc77,record:ed223620246c822551f7cc77,BERTopic-ARGENTINA-2020-2026,metadata,0,1.0,1.0,1.0,2,6.338323394912244e-309,1.0,0.0,False,False,2023,es,Schools of arts and crafts in Buenos Aires: The training of artisans and workers in the Industrial Education Society,,CONICET Digital,metadata,0,0,False,0,,,,False,alta,5,0.140629,2.20279,1.0,0,0.679413,2,0.675332,0.004082,0.320587
record:a5f912eee46773f6f3026a22,record:a5f912eee46773f6f3026a22,BERTopic-ARGENTINA-2020-2026,metadata,0,0.9492174077934378,0.949217,0.41956578246384735,2,0.29531990680787534,0.124245875655972,0.176721,False,False,2024,es,Secuencia didáctica: Diálogos para la construcción de la historia comunitaria del pueblo moqoit,,CONICET Digital,metadata,0,0,False,0,,,,False,alta,5,0.114552,1.535966,1.0,0,0.74082,2,0.693115,0.047705,0.25918
record:2d529200bb470bcbaf4cd0b2,record:2d529200bb470bcbaf4cd0b2,BERTopic-ARGENTINA-2020-2026,metadata,2,1.0,1.0,1.0,0,7.9955433430449e-309,1.0,0.0,False,False,2021,en,Self-made school and the everyday making in Buenos Aires slums,,CONICET Digital,metadata,2,2,False,2,,,,False,alta,4,0.599519,0.722059,1.0,2,0.812794,0,0.744902,0.067893,0.187206
record:ad10380edce00c407354c434,record:ad10380edce00c407354c434,BERTopic-ARGENTINA-2020-2026,metadata,0,1.0,1.0,0.6357321493942717,2,0.2120168652301491,0.42371528416412263,0.020936,False,False,2021,es,Sentidos sobre el uso obligatorio del guardapolvo blanco en escuelas de Catamarca,,CONICET Digital,metadata,0,0,False,0,,,,False,alta,1,0.212424,1.147581,0.7,0,0.744874,2,0.725155,0.019719,0.255126
record:dd6786bfb061c1a027e37c7e,record:dd6786bfb061c1a027e37c7e,BERTopic-ARGENTINA-2020-2026,metadata,-1,0.0,0.0,0.20859404249608215,0,0.11064699740279738,0.09794704509328478,0.663213,True,False,2025,es,"Sentidos, tensiones y disputas en la docencia secundaria rural durante la pandemia: el caso de la provincia de Mendoza (Argentina) en el período 2020-2022",,CONICET Digital,metadata,-1,-1,False,-1,0,nearest_semantic_centroid,0.789735,False,alta,5,,,1.0,0,0.789735,2,0.787667,0.002069,
record:1770dd6579bf1e6cceb1f3d4,record:1770dd6579bf1e6cceb1f3d4,BERTopic-ARGENTINA-2020-2026,metadata,1,1.0,1.0,1.0,0,1.0149524016005684e-308,1.0,0.0,False,False,2022,es,"Sentidos y usos del ""mirar mal"" como eje de conflicto entre estudiantes",,CONICET Digital,metadata,1,1,False,1,,,,False,alta,1,0.735311,0.602305,1.0,1,0.749601,0,0.597992,0.151609,0.250399
record:259653bbc04efdf0b80a3f33,record:259653bbc04efdf0b80a3f33,BERTopic-ARGENTINA-2020-2026,metadata,0,0.9492174077934378,0.949217,0.43574662900368605,2,0.3040740901489128,0.13167253885477326,0.176721,False,False,2023,es,"Sentirse parte de la lucha: Participación juvenil y procesos de reivindicación de la comunidad indígena Las Cuevas, pueblo Tastil",,CONICET Digital,metadata,0,0,False,0,,,,False,alta,1,0.067931,1.469458,0.9,0,0.671154,1,0.649503,0.021651,0.328846
record:7417189f380c5871ddb661cc,record:7417189f380c5871ddb661cc,BERTopic-ARGENTINA-2020-2026,metadata,0,1.0,1.0,0.71004866108374,2,0.15917294434823853,0.5508757167355014,0.114726,False,False,2023,en,"Showing the ""Crime Scene"": statements of ESMA perpetrators and the memory of Argentina's Dictatorship",,CONICET Digital,metadata,0,0,False,0,,,,False,alta,5,0.320441,1.353453,1.0,0,0.6278,1,0.49579,0.13201,0.3722
record:83267030a4ff4490c38a2242,record:83267030a4ff4490c38a2242,BERTopic-ARGENTINA-2020-2026,metadata,0,0.9185716764050504,0.918572,0.46904738963230763,1,0.3488390096768311,0.12020837995547651,0.203301,False,True,2023,es,Singularidades y vida en común: Las (in)justicias y lo público en instituciones de educación superior no universitaria,,CONICET Digital,metadata,0,0,False,0,,,,False,alta,6,-0.210454,1.506383,0.4,0,0.686081,1,0.662491,0.02359,0.313919
record:650f5a6fa15387748d4b4059,record:650f5a6fa15387748d4b4059,BERTopic-ARGENTINA-2020-2026,metadata,0,0.9492174077934378,0.949217,0.4158684071359581,1,0.27130817240112376,0.14456023473483431,0.176721,False,False,2025,es,"Sistematización de las tecnologías lingüísticas para el guaraní en el norte de Salta, Argentina",,CONICET Digital,metadata,0,0,False,0,,,,False,alta,4,0.233856,1.543767,1.0,0,0.594605,2,0.539645,0.05496,0.405395
record:271f08a705fdc35226fb4d8d,record:271f08a705fdc35226fb4d8d,BERTopic-ARGENTINA-2020-2026,metadata,0,1.0,1.0,0.9102426196379321,2,0.06069296668529618,0.8495496529526358,0.054889,False,False,2025,es,Sobral y la geología del Ñirihuau,,CONICET Digital,metadata,0,0,False,0,,,,False,alta,5,-0.006612,2.787787,1.0,0,0.482711,2,0.403708,0.079003,0.517289
record:e367420acf012fa948c18763,record:e367420acf012fa948c18763,BERTopic-ARGENTINA-2020-2026,metadata,0,1.0,1.0,1.0,2,7.234340288409094e-309,1.0,0.0,False,False,2023,pt,"“Sociedad Ameghiniana de Ciencias Naturales e Instituto de Historia  Americana”, un fragmento de historia desconocida de la paleontología  argentina del siglo XX",,CONICET Digital,metadata,0,0,False,0,,,,False,alta,5,0.04422,2.64801,1.0,0,0.578502,2,0.457,0.121502,0.421498
record:b6ab5135f29e85ebb2296985,record:b6ab5135f29e85ebb2296985,BERTopic-ARGENTINA-2020-2026,metadata,1,1.0,1.0,1.0,0,1.022521557662271e-308,1.0,0.0,False,False,2022,pt,Sociodinámica de los conflictos juveniles en el espacio escolar,,CONICET Digital,metadata,1,1,False,1,,,,False,alta,1,0.728292,0.634727,1.0,1,0.873291,0,0.684648,0.188643,0.126709
record:3fa39d9ca86ad0e03c99cd25,record:3fa39d9ca86ad0e03c99cd25,BERTopic-ARGENTINA-2020-2026,metadata,-1,0.0,0.0,0.19142207741932207,0,0.11787860899795438,0.07354346842136769,0.663213,True,False,2020,en,Socioeconomic status and COPD among low- and middle-income countries,,CONICET Digital,metadata,-1,-1,False,-1,2,nearest_semantic_centroid,0.357931,False,alta,5,,,1.0,2,0.357931,1,0.336259,0.021672,
record:c03803d5b6e48a34b81dd86e,record:c03803d5b6e48a34b81dd86e,BERTopic-ARGENTINA-2020-2026,metadata,0,1.0,1.0,1.0,2,6.791060384039045e-309,1.0,0.0,False,False,2022,es,"Sociología, círculos católicos y dictadura: Conflicto en el Departamento de Sociología de la UCA durante la ""Revolución Argentina""",,CONICET Digital,metadata,0,0,False,0,,,,False,alta,10,0.30403,1.310437,1.0,0,0.730601,2,0.593826,0.136775,0.269399
record:85cdd6c28422c8f681b84e38,record:85cdd6c28422c8f681b84e38,BERTopic-ARGENTINA-2020-2026,metadata,2,0.9621096443228815,0.96211,0.6694224670087419,0,0.1712278148595666,0.49819465214917524,0.03789,False,False,2024,es,"Sostener trayectorias escolares de nivel primario: articulaciones locales entre familias, apoyos escolares y escuelas en un barrio popular de la CABA",,CONICET Digital,metadata,2,2,False,2,,,,False,alta,14,0.495468,0.742433,0.7,2,0.832686,0,0.782786,0.049901,0.167314
record:35f749a4b958fc0d0fc9010a,record:35f749a4b958fc0d0fc9010a,BERTopic-ARGENTINA-2020-2026,metadata,-1,0.0,0.0,0.4277239147884042,2,0.35614304987731565,0.07158086491108856,0.275025,True,False,2026,en,Spatio-temporal feeding patterns of the Atlantic chub mackerel (Scomber colias) in a Southwest Atlantic coastal marine ecosystem (39–42°S),,CONICET Digital,metadata,-1,-1,False,-1,0,nearest_semantic_centroid,0.117288,False,alta,4,,,1.0,0,0.117288,2,0.095458,0.02183,
record:cec24d6463ae80212b25f767,record:cec24d6463ae80212b25f767,BERTopic-ARGENTINA-2020-2026,metadata,-1,0.0,0.0,0.4515495846376558,0,0.32529828430810626,0.12625130032954957,0.275025,True,False,2025,en,Strategies for teaching natural hazards to children in rural communities,,CONICET Digital,metadata,-1,-1,False,-1,2,nearest_semantic_centroid,0.638523,False,alta,4,,,1.0,2,0.638523,0,0.555898,0.082624,
record:0743d1fbb294560c10f36809,record:0743d1fbb294560c10f36809,BERTopic-ARGENTINA-2020-2026,metadata,-1,0.0,0.0,0.4833234120038458,2,0.1809022234715849,0.3024211885322609,0.334403,True,False,2025,es,Subjetividades ‘fit’ en el hacer escuela secundaria en contextos de desigualdades: Relatos del devenir managers de docentes y directivos en el conurbano bonaerense,,CONICET Digital,metadata,-1,-1,False,-1,2,nearest_semantic_centroid,0.787162,False,alta,9,,,0.6,2,0.787162,0,0.758403,0.02876,
record:25b8488d58de6a39fef1ac72,record:25b8488d58de6a39fef1ac72,BERTopic-ARGENTINA-2020-2026,metadata,0,1.0,1.0,1.0,2,7.310667052338535e-309,1.0,0.0,False,False,2023,es,"Síntesis de la historia ornitológica de la provincia de La Pampa, Argentina",,CONICET Digital,metadata,0,0,False,0,,,,False,alta,0,0.023895,2.737126,1.0,0,0.533373,2,0.439519,0.093854,0.466627
record:5a2abc2323eb578bc76b4d70,record:5a2abc2323eb578bc76b4d70,BERTopic-ARGENTINA-2020-2026,metadata,-1,0.0,0.0,0.3855275433707942,2,0.25736829645653814,0.12815924691425606,0.336183,True,False,2023,pt,"¿Sólo van a trabajar si reciben los fondos? Management, regulación moral y escuelas en la periferia metropolitana (Córdoba, Argentina)",,CONICET Digital,metadata,-1,-1,False,-1,0,nearest_semantic_centroid,0.788663,False,alta,14,,,0.3,0,0.788663,2,0.782022,0.00664,
record:36eb03b8800dd498141e4f37,record:36eb03b8800dd498141e4f37,BERTopic-ARGENTINA-2020-2026,metadata,0,0.9291560971333206,0.929156,0.3755114309715902,1,0.2785009474464936,0.09701048352509656,0.19412,False,False,2022,en,Tareas de lectura y escritura y el interés por aprender en estudiantes secundarios del último año,,CONICET Digital,metadata,0,0,False,0,,,,False,alta,4,0.152427,1.384315,0.9,1,0.704508,0,0.689034,0.015473,0.310966
record:990cec5f703b8c7cf42e50f4,record:990cec5f703b8c7cf42e50f4,BERTopic-ARGENTINA-2020-2026,metadata,-1,0.0,0.0,0.18832169967198215,0,0.12005458132376808,0.06826711834821407,0.663213,True,False,2023,es,Tecnologías en escuelas medias de Ciudad de Buenos Aires y Ciudad de México: un enfoque comparado durante la pandemia,,CONICET Digital,metadata,-1,-1,False,-1,2,nearest_semantic_centroid,0.711357,False,alta,5,,,1.0,2,0.711357,0,0.687754,0.023603,
record:d2e5aacd9d0fb5c460217a90,record:d2e5aacd9d0fb5c460217a90,BERTopic-ARGENTINA-2020-2026,metadata,-1,0.0,0.0,0.24538779881476783,2,0.21420195382701865,0.03118584498774918,0.484076,True,False,2023,es,Televisión + Internet: la historia de los proyectos interactivos del canal educativo Encuentro de Argentina,,CONICET Digital,metadata,-1,-1,False,-1,0,nearest_semantic_centroid,0.682649,False,alta,4,,,1.0,0,0.682649,2,0.616263,0.066386,
record:f396aa55d4c5b71f78abf634,record:f396aa55d4c5b71f78abf634,BERTopic-ARGENTINA-2020-2026,metadata,-1,0.0,0.0,0.4338856291559558,2,0.3507524078655513,0.08313322129040451,0.275025,True,False,2023,en,Temperature conditions in the Argentine chub mackerel (Scomber japonicus) fishing ground: Implications for fishery management,,CONICET Digital,metadata,-1,-1,False,-1,0,nearest_semantic_centroid,0.236616,False,alta,4,,,1.0,0,0.236616,2,0.219544,0.017072,
record:16d9b3efa12617033eb66a17,record:16d9b3efa12617033eb66a17,BERTopic-ARGENTINA-2020-2026,metadata,0,1.0,1.0,0.5021648261567869,2,0.2588994929116817,0.24326533324510524,0.126315,False,False,2023,es,Tendencias nacionales y subnacionales en la reforma del gobierno escolar: Argentina y Brasil 1990-2010,,CONICET Digital,metadata,0,0,False,0,,,,False,alta,16,0.277092,1.167092,0.9,0,0.786996,2,0.731785,0.055211,0.213004
record:78c4ef1cc2f9afddb64743f6,record:78c4ef1cc2f9afddb64743f6,BERTopic-ARGENTINA-2020-2026,metadata,0,0.9492174077934378,0.949217,0.4445723592511478,2,0.2950608911501605,0.1495114681009873,0.176721,False,False,2022,es,"""Tenemos la fuerza que nos da la comunidad, la organización"": Resistencia indígena, escuela media y trabajo docente en el Chaco (1994-2010)",,CONICET Digital,metadata,0,0,False,0,,,,False,alta,4,0.08363,1.5536,1.0,0,0.77045,2,0.718047,0.052403,0.22955
record:bf73a075c7e10aa4db8d6a54,record:bf73a075c7e10aa4db8d6a54,BERTopic-ARGENTINA-2020-2026,metadata,1,1.0,1.0,1.0,0,9.750327593301384e-309,1.0,0.0,False,False,2023,es,Tensiones en las experiencias escolares de jóvenes entre la lucha por el reconocimiento y la confianza instituyente,,CONICET Digital,metadata,1,1,False,1,,,,False,alta,5,0.75623,0.475342,1.0,1,0.807253,0,0.620705,0.186548,0.192747
record:b373b4115102e8a0898e9809,record:b373b4115102e8a0898e9809,BERTopic-ARGENTINA-2020-2026,metadata,1,1.0,1.0,1.0,0,7.985552176403175e-309,1.0,0.0,False,False,2022,es,Tensiones en torno a la Violencia Escolar. Notas sobre la performatividad y los modos de concebir a las y los jóvenes,,CONICET Digital,metadata,1,1,False,1,,,,False,alta,5,0.689219,1.015332,1.0,1,0.820139,0,0.647399,0.172739,0.179861
record:90ec4973082cc314a60fd081,record:90ec4973082cc314a60fd081,BERTopic-ARGENTINA-2020-2026,metadata,0,1.0,1.0,0.4950117448484933,0,0.34245688737132757,0.15255485747716574,0.101927,False,False,2025,es,Tensiones y traducciones de las reformas educativas. La experiencia docente en la implementación de la Secundaria del Futuro en la Ciudad Autónoma de Buenos Aires,,CONICET Digital,metadata,0,0,False,0,,,,False,alta,1,-0.066073,1.089496,0.8,0,0.905884,2,0.857139,0.048744,0.094116
record:65b81cb45ef5e4e8b9788814,record:65b81cb45ef5e4e8b9788814,BERTopic-ARGENTINA-2020-2026,metadata,2,1.0,1.0,1.0,0,9.04047780631483e-309,1.0,0.0,False,False,2023,en,Territories of schooling and schooling territories in contexts of extreme urban poverty in Argentina: Between management and abjection,,CONICET Digital,metadata,2,2,False,2,,,,False,alta,4,0.469732,1.134253,1.0,2,0.844453,0,0.799771,0.044681,0.155547
record:ce781a68b37c1b1015947b1c,record:ce781a68b37c1b1015947b1c,BERTopic-ARGENTINA-2020-2026,metadata,-1,0.0,0.0,0.2389429717934091,2,0.21167189362694663,0.02727107816646246,0.484076,True,False,2023,pt,"Territorios digitales: El camino a la sociedad de la innovacion. El caso de San Luis, Argentina",,CONICET Digital,metadata,-1,-1,False,-1,0,nearest_semantic_centroid,0.643991,False,alta,9,,,1.0,0,0.643991,2,0.599861,0.044131,
record:a40eabf2ccc4e19aeeb35e9f,record:a40eabf2ccc4e19aeeb35e9f,BERTopic-ARGENTINA-2020-2026,metadata,0,1.0,1.0,1.0,2,6.42273852642777e-309,1.0,0.0,False,False,2026,es,Textile as an Affair of State: Decorative Arts and Industry in Argentina (1910-1927),,CONICET Digital,metadata,0,0,False,0,,,,False,alta,5,0.157003,2.1139,1.0,0,0.625305,2,0.542185,0.08312,0.374695
record:37f380eff082772fb4aee3ec,record:37f380eff082772fb4aee3ec,BERTopic-ARGENTINA-2020-2026,metadata,0,0.9492174077934378,0.949217,0.4018707001183327,1,0.2859106257243543,0.11596007439397843,0.176721,False,False,2025,es,The challenge of teaching Spanish L1 as pluricentric language from a critical linguistic perspective,,CONICET Digital,metadata,0,0,False,0,,,,False,alta,4,0.238844,1.546979,1.0,0,0.688134,2,0.57285,0.115284,0.311866
record:342b8cb31357e4273e7cfc76,record:342b8cb31357e4273e7cfc76,BERTopic-ARGENTINA-2020-2026,metadata,-1,0.0,0.0,0.43498022094723343,0,0.34069180053000825,0.09428842041722518,0.275025,True,False,2026,en,The perspectives of local children about living in a protected area in the drylands of Mendoza,,CONICET Digital,metadata,-1,-1,False,-1,2,nearest_semantic_centroid,0.68957,False,alta,0,,,1.0,2,0.68957,0,0.61358,0.07599,
record:08b16ccd92016fe3e7e5aed5,record:08b16ccd92016fe3e7e5aed5,BERTopic-ARGENTINA-2020-2026,metadata,0,1.0,1.0,0.9090535618681618,2,0.05862678380299551,0.8504267780651663,0.073426,False,False,2020,es,¡Todo me gustó! Los niños y sus  percepciones de una actividad  educativa en un museo,,CONICET Digital,metadata,0,0,False,0,,,,False,alta,1,0.091461,2.021154,1.0,0,0.563882,1,0.535148,0.028734,0.436118
record:eb5812aed2a566d2e6043525,record:eb5812aed2a566d2e6043525,BERTopic-ARGENTINA-2020-2026,metadata,-1,0.0,0.0,0.3929997547959777,0,0.30469848362135776,0.08830127117461994,0.235456,True,False,2026,pt,Trabajadoras de la educación en el nivel inicial en CABA y la doble jornada laboral: cuidados entre lo remunerado y lo no remunerado,,CONICET Digital,metadata,-1,-1,False,-1,2,nearest_semantic_centroid,0.582652,False,alta,4,,,1.0,2,0.582652,0,0.565038,0.017614,
record:d16713836c5a0ef076a89ddb,record:d16713836c5a0ef076a89ddb,BERTopic-ARGENTINA-2020-2026,metadata,-1,0.0,0.0,0.41153013345808304,0,0.32276828573571886,0.08876184772236417,0.235456,True,False,2025,es,"Trabajo manual educativo: Un concepto renovador en la circulación internacional de ideas y educadores (Argentina, 1888-1900)",,CONICET Digital,metadata,-1,-1,False,-1,0,nearest_semantic_centroid,0.841342,False,alta,4,,,1.0,0,0.841342,2,0.77712,0.064222,
record:7d688659d2ea61df16a49440,record:7d688659d2ea61df16a49440,BERTopic-ARGENTINA-2020-2026,metadata,-1,0.0,0.0,0.3158523308771118,1,0.29310201848194334,0.02275031239516845,0.230007,True,False,2024,es,Transformaciones en las relaciones de enseñanza y aprendizaje en el camino a la integralidad de la educación sexual: Una mirada desde la Ciudad de Buenos Aires,,CONICET Digital,metadata,-1,-1,False,-1,0,nearest_semantic_centroid,0.67988,False,alta,14,,,0.6,0,0.67988,1,0.638078,0.041802,
record:d17215ab620f8cef733b62e0,record:d17215ab620f8cef733b62e0,BERTopic-ARGENTINA-2020-2026,metadata,0,1.0,1.0,1.0,1,1.5832156978410107e-308,1.0,0.0,False,False,2024,en,Transformational Leadership and Collective Teacher Self-Efficacy: The Mediating Role of Satisfaction with Job Resources,,CONICET Digital,metadata,0,0,False,0,,,,False,alta,14,-0.285491,2.459292,1.0,1,0.567516,0,0.531622,0.035894,0.468378
record:10218c31ca0d6fa19a2c8d45,record:10218c31ca0d6fa19a2c8d45,BERTopic-ARGENTINA-2020-2026,metadata,0,1.0,1.0,0.4867809052989586,2,0.26742862370871245,0.21935228159024617,0.114726,False,False,2023,es,"Trayectorias de los inspectores y directores generales de Sanidad en el Ejército: De las guerras y conflictos político-militares a las carreras profesionales en tiempo de paz(Argentina, décadas de 1860-1930)",,CONICET Digital,metadata,0,0,False,0,,,,False,alta,5,0.303661,1.06511,0.9,0,0.604982,2,0.477898,0.127084,0.395018
record:8288a59a161c5b81ee5cf942,record:8288a59a161c5b81ee5cf942,BERTopic-ARGENTINA-2020-2026,metadata,0,1.0,1.0,0.5074869052666431,2,0.2592733041907382,0.2482136010759049,0.114726,False,False,2020,es,Trayectorias policiales: producción de instituciones y agentes sociales en la Policía Federal Argentina,,CONICET Digital,metadata,0,0,False,0,,,,False,alta,4,0.302598,1.103729,0.9,0,0.639594,2,0.54588,0.093713,0.360406
record:7df826d8f8d6e4fd01d5938a,record:7df826d8f8d6e4fd01d5938a,BERTopic-ARGENTINA-2020-2026,metadata,-1,0.0,0.0,0.18739147928567523,0,0.11927615702846815,0.06811532225720708,0.663213,True,False,2025,es,Tres historias en tiempos de COVID-19 (Argentina),,CONICET Digital,metadata,-1,-1,False,-1,0,nearest_semantic_centroid,0.618588,False,alta,5,,,1.0,0,0.618588,2,0.506844,0.111744,
record:5f8518fc3c5df69a9aa962e8,record:5f8518fc3c5df69a9aa962e8,BERTopic-ARGENTINA-2020-2026,metadata,0,1.0,1.0,0.48784696912610315,0,0.33175532092075205,0.1560916482053511,0.101927,False,False,2021,es,Tres tensiones en la construcción de prácticas pedagógicas en escuelas de nivel primario de la Ciudad Autónoma de Buenos Aires,,CONICET Digital,metadata,0,0,False,0,,,,False,alta,4,-0.176722,1.282761,0.8,0,0.8596,2,0.831951,0.02765,0.1404
record:3ade85caac4c5492d8da609b,record:3ade85caac4c5492d8da609b,BERTopic-ARGENTINA-2020-2026,metadata,0,0.9868444029343455,0.986844,0.45543541652598624,2,0.3013380988468857,0.1540973176791005,0.144086,False,False,2026,es,"Un acercamiento a las condiciones materiales de escolarización en la educación secundaria, el caso de la provincia de Buenos Aires",,CONICET Digital,metadata,0,0,False,0,,,,False,alta,4,0.12873,1.644664,1.0,2,0.848665,0,0.816232,0.032433,0.183768
record:9bfd74668f681ee778665e1f,record:9bfd74668f681ee778665e1f,BERTopic-ARGENTINA-2020-2026,metadata,0,1.0,1.0,0.4140437439521786,0,0.36283275387627095,0.051210990075907625,0.110351,False,False,2026,pt,"Un acercamiento a las trayectorias escolares en la provincia de Buenos Aires, Argentina",,CONICET Digital,metadata,0,0,False,0,,,,False,alta,9,0.070921,1.029062,0.7,0,0.893498,2,0.858626,0.034873,0.106502
record:5298222dd94523baca114efc,record:5298222dd94523baca114efc,BERTopic-ARGENTINA-2020-2026,metadata,-1,0.0,0.0,0.4312045260088482,2,0.23055089651500152,0.20065362949384666,0.390622,True,False,2020,es,"Un algarrobo como paisaje cultural. Configuraciones de sentido en torno al “algarrobo- edificio escolar” en el Barrio Mapic (Resistencia, Chaco)",,CONICET Digital,metadata,-1,-1,False,-1,0,nearest_semantic_centroid,0.710764,False,alta,5,,,0.3,0,0.710764,2,0.691904,0.01886,
record:2d4569286f673ead0d3d2eb2,record:2d4569286f673ead0d3d2eb2,BERTopic-ARGENTINA-2020-2026,metadata,1,1.0,1.0,1.0,0,9.140114692077675e-309,1.0,0.0,False,False,2022,es,Un análisis crítico de la noción de bullying a partir de un caso de estudio: reflexiones sobre las luchas simbólicas en los actos de nominación en el ámbito escolar,,CONICET Digital,metadata,1,1,False,1,,,,False,alta,1,0.723024,0.757554,1.0,1,0.717032,0,0.563571,0.153461,0.282968
record:26a8217f45e87d3c89bfaf1d,record:26a8217f45e87d3c89bfaf1d,BERTopic-ARGENTINA-2020-2026,metadata,-1,0.0,0.0,0.24076608706855632,2,0.18374509857059387,0.057020988497962444,0.518715,True,False,2020,es,Un Monstruo Deseable: Las redes heterogéneas alrededor del Programa Conectar Igualdad,,CONICET Digital,metadata,-1,-1,False,-1,0,nearest_semantic_centroid,0.723269,False,alta,1,,,0.3,0,0.723269,2,0.690259,0.03301,
record:76c190b2ecf5c6f25f280c62,record:76c190b2ecf5c6f25f280c62,BERTopic-ARGENTINA-2020-2026,metadata,0,0.9492174077934378,0.949217,0.40043708034110737,2,0.2914560054820841,0.10898107485902325,0.176721,False,False,2025,es,Una aproximación a las representaciones sobre lenguas en una escuela rural con estudiantes Moqoit,,CONICET Digital,metadata,0,0,False,0,,,,False,alta,5,0.141774,1.548554,1.0,0,0.629985,2,0.609398,0.020587,0.370015
record:84724070ae01136950ffc2e6,record:84724070ae01136950ffc2e6,BERTopic-ARGENTINA-2020-2026,metadata,-1,0.0,0.0,0.4440866399140815,2,0.2581148385007799,0.1859718014133016,0.309957,True,False,2026,es,"Una educación contra los peligros de la miseria y el vicio: la Escuela Profesional de Mujeres de Azul, Provincia de Buenos Aires (1928-1939)",,CONICET Digital,metadata,-1,-1,False,-1,0,nearest_semantic_centroid,0.840043,False,alta,4,,,0.4,0,0.840043,2,0.793144,0.046899,
record:f06305e4d51d9cc17459aa00,record:f06305e4d51d9cc17459aa00,BERTopic-ARGENTINA-2020-2026,metadata,0,1.0,1.0,0.626558324029549,2,0.22819659152947688,0.3983617325000721,0.101927,False,False,2024,es,¿Una enseñanza religiosa interpretada laica? Aproximaciones a la ley de educación de la provincia de Buenos Aires (1875),,CONICET Digital,metadata,0,0,False,0,,,,False,alta,5,0.261916,1.453146,1.0,0,0.786816,2,0.696624,0.090192,0.213184
record:c258058543ed985f25f612de,record:c258058543ed985f25f612de,BERTopic-ARGENTINA-2020-2026,metadata,-1,0.0,0.0,0.40341810497542524,0,0.4028965142688003,0.0005215907066249414,0.288985,True,False,2023,es,Una escuela en la frontera. Experiencias educativas gestadas por movimientos sociales en el camino hacia el reconocimiento estatal,,CONICET Digital,metadata,-1,-1,False,-1,2,nearest_semantic_centroid,0.810227,False,alta,1,,,0.2,2,0.810227,0,0.810022,0.000205,
record:8428faa8dd7503cd22360e1e,record:8428faa8dd7503cd22360e1e,BERTopic-ARGENTINA-2020-2026,metadata,-1,0.0,0.0,0.3504989998273672,2,0.3059725394213166,0.04452646040605063,0.227982,True,False,2021,es,Una investigación sobre los obstáculos para el aprendizaje del modelo de evolución por selección natural en estudiantes de escuela secundaria de Argentina,,CONICET Digital,metadata,-1,-1,False,-1,0,nearest_semantic_centroid,0.612295,False,alta,5,,,0.1,0,0.612295,2,0.583528,0.028767,
record:0e003f10134dd9020c89385c,record:0e003f10134dd9020c89385c,BERTopic-ARGENTINA-2020-2026,metadata,-1,0.0,0.0,0.37887743041534183,2,0.35051683565099845,0.028360594764343383,0.274243,True,False,2023,es,Una mirada sobre la educación Argentina en los niveles primario y secundario entre 1862 y 1900: Las dificultades de la implantación de la enseñanza técnico manual,,CONICET Digital,metadata,-1,-1,False,-1,0,nearest_semantic_centroid,0.826493,False,alta,4,,,0.3,0,0.826493,2,0.788809,0.037684,
record:9e7ec6e72b5bcfa19ee3e032,record:9e7ec6e72b5bcfa19ee3e032,BERTopic-ARGENTINA-2020-2026,metadata,-1,0.0,0.0,0.41801688504042983,0,0.3126239247215765,0.10539296031885331,0.277583,True,False,2021,es,Una pedagogización de los deportes: La figura de Benigno Rodríguez Jurado y sus políticas sobre cultura física y deportes,,CONICET Digital,metadata,-1,-1,False,-1,0,nearest_semantic_centroid,0.630345,False,alta,9,,,1.0,0,0.630345,2,0.551045,0.0793,
record:b8416ca97894f18768898d34,record:b8416ca97894f18768898d34,BERTopic-ARGENTINA-2020-2026,metadata,-1,0.0,0.0,0.41658195486006,2,0.24797918953093862,0.16860276532912138,0.302838,True,False,2025,es,¿Una política de Estado para la función pública? Aciertos y desaciertos en la formación y capacitación de cuadros políticos en democracia,,CONICET Digital,metadata,-1,-1,False,-1,0,nearest_semantic_centroid,0.641943,False,alta,4,,,0.1,0,0.641943,2,0.567386,0.074556,
record:d07d97585db8ff9a5aa9ad1b,record:d07d97585db8ff9a5aa9ad1b,BERTopic-ARGENTINA-2020-2026,metadata,0,0.9492174077934378,0.949217,0.3946550867503935,1,0.29533649748025664,0.09931858927013687,0.176721,False,False,2024,es,Una política lingüística para la Ciudad de Buenos Aires: Análisis de la Guía para la Inclusión de Alumnos Hablantes de Lenguas Distintas del Español en las Escuelas de la Ciudad,,CONICET Digital,metadata,0,0,False,0,,,,False,alta,4,0.245905,1.475802,1.0,0,0.790983,2,0.690411,0.100572,0.209017
record:9a2e71fd673ce81848a18425,record:9a2e71fd673ce81848a18425,BERTopic-ARGENTINA-2020-2026,metadata,1,1.0,1.0,1.0,0,1.001406497312934e-308,1.0,0.0,False,False,2024,es,Una problemática a resolver: soledad y aislamiento adolescente,,CONICET Digital,metadata,1,1,False,1,,,,False,alta,4,0.769681,0.320081,1.0,1,0.764076,2,0.52187,0.242206,0.235924
record:0205abf3b2b8ccc9d5cea0d7,record:0205abf3b2b8ccc9d5cea0d7,BERTopic-ARGENTINA-2020-2026,metadata,-1,0.0,0.0,0.5083453161204201,0,0.29125487293276003,0.21709044318766008,0.275025,True,False,2024,es,"Uso y apropiación de zonas ribereñas en la localidad de Villa Ventana (Prov. de Buenos Aires, República Argentina)",,CONICET Digital,metadata,-1,-1,False,-1,2,nearest_semantic_centroid,0.70343,False,alta,9,,,1.0,2,0.70343,0,0.681548,0.021882,
record:f57383125869d6868d2985cf,record:f57383125869d6868d2985cf,BERTopic-ARGENTINA-2020-2026,metadata,-1,0.0,0.0,0.520363891616901,0,0.2750706025585821,0.24529328905831888,0.275025,True,False,2024,pt,Valorización de adolescentes sobre el uso del agua en el periurbano marplatense,,CONICET Digital,metadata,-1,-1,False,-1,1,nearest_semantic_centroid,0.66057,False,alta,4,,,1.0,1,0.66057,2,0.655921,0.004649,
record:c0f070b71580f9215487a77f,record:c0f070b71580f9215487a77f,BERTopic-ARGENTINA-2020-2026,metadata,-1,0.0,0.0,0.3920586817342804,0,0.34898504453313084,0.04307363720114954,0.341562,True,False,2023,es,"Venimos a pensar la educación del siglo XXI: Movimientos sociales y creación de escuelas (Rosario, Santa Fe)",,CONICET Digital,metadata,-1,-1,False,-1,0,nearest_semantic_centroid,0.800857,False,alta,1,,,0.2,0,0.800857,2,0.786257,0.0146,
record:da5713016fb12f86271d3e21,record:da5713016fb12f86271d3e21,BERTopic-ARGENTINA-2020-2026,metadata,1,1.0,1.0,1.0,0,7.960565652913837e-309,1.0,0.0,False,False,2021,es,Violencia en las escuelas secundarias: Hacia una cartografía contemporánea de las investigaciones en Argentina,,CONICET Digital,metadata,1,1,False,1,,,,False,alta,4,0.682851,1.050394,1.0,1,0.784224,0,0.738438,0.045785,0.215776
record:9f40aa5c4422367939ab8b81,record:9f40aa5c4422367939ab8b81,BERTopic-ARGENTINA-2020-2026,metadata,1,1.0,1.0,1.0,0,8.193440502933743e-309,1.0,0.0,False,False,2023,es,Violencias y climas sociales en escuelas medias: experiencias de docentes y directivos,,CONICET Digital,metadata,1,1,False,1,,,,False,alta,5,0.691455,0.993103,1.0,1,0.792276,0,0.634678,0.157599,0.207724
record:431f3561e9de21750f9fece4,record:431f3561e9de21750f9fece4,BERTopic-ARGENTINA-2020-2026,metadata,0,0.9868444029343455,0.986844,0.46810077781143394,2,0.29414364280793204,0.1739571350035019,0.144086,False,False,2021,es,"Virajes en las políticas de inclusión social y educativa para garantizar la Educación Secundaria Obligatoria: Un estudio en Ciudades-Barrios de Córdoba, Argentina",,CONICET Digital,metadata,0,0,False,0,,,,False,alta,9,0.187649,1.198067,0.7,0,0.83744,2,0.829025,0.008414,0.16256
record:ee176d6a28d2ab3031f834ab,record:ee176d6a28d2ab3031f834ab,BERTopic-ARGENTINA-2020-2026,metadata,0,1.0,1.0,0.4656615680200783,2,0.27608331913964634,0.18957824888043195,0.114726,False,False,2024,en,Voluntary audits: Experimental evidence on a new approach to monitoring front-line bureaucrats,,CONICET Digital,metadata,0,0,False,0,,,,False,alta,10,0.277109,1.182869,0.7,0,0.402431,1,0.364182,0.038249,0.597569
record:4d562c5f3445bf2aa16d0e90,record:4d562c5f3445bf2aa16d0e90,BERTopic-ARGENTINA-2020-2026,metadata,0,1.0,1.0,1.0,1,1.3635102297443346e-308,1.0,0.0,False,False,2026,es,"¿Volverse el error de la matrix?: Un estudio crítico en torno a los discursos de liderazgo
para la dirección escolar en tiempos gerenciales",,CONICET Digital,metadata,0,0,False,0,,,,False,alta,21,-0.241501,2.468853,1.0,0,0.692332,1,0.654941,0.037391,0.307668
record:ce2d9cb3cdbb3e447937198e,record:ce2d9cb3cdbb3e447937198e,BERTopic-ARGENTINA-2020-2026,metadata,1,1.0,1.0,1.0,0,1.2634178911378613e-308,1.0,0.0,False,False,2021,es,Vínculos generacionales y experiencias emocionales en el ámbito de una escuela rural albergue,,CONICET Digital,metadata,1,1,False,1,,,,False,alta,1,0.704788,0.491016,1.0,1,0.77142,2,0.716978,0.054442,0.22858
record:2efefe97d9fcd3dcd962ce07,record:2efefe97d9fcd3dcd962ce07,BERTopic-ARGENTINA-2020-2026,metadata,2,1.0,1.0,1.0,0,8.06508693159935e-309,1.0,0.0,False,False,2023,es,"“Y yo digo que es por el líquido"": Saberes cotidianos críticos de docentes rurales en torno a las fumigaciones",,CONICET Digital,metadata,2,2,False,2,,,,False,alta,5,0.578514,0.808023,1.0,2,0.755283,0,0.69348,0.061803,0.244717
record:958de086a12084b2d78f348b,record:958de086a12084b2d78f348b,BERTopic-ARGENTINA-2020-2026,metadata,-1,0.0,0.0,0.44486874159168555,0,0.3406570375929816,0.10421170399870394,0.275025,True,False,2026,es,"Zonificación del riesgo sísmico en la urbanización del valle de Andorra, Ushuaia, Tierra del Fuego (Argentina)",,CONICET Digital,metadata,-1,-1,False,-1,2,nearest_semantic_centroid,0.523545,False,alta,5,,,1.0,2,0.523545,0,0.509468,0.014077,
doi:10.37177/unicen/eb31-287,doi:10.37177/unicen/eb31-287,BERTopic-ARGENTINA-2020-2026,metadata,0,1.0,1.0,1.0,1,1.2442685795334346e-308,1.0,0.0,False,False,2021,es,El paradigma de la convivencia en la gestión escolar: políticas educativas y marco legal,10.37177/unicen/eb31-287,CONICET Digital | OpenAlex,metadata,0,0,False,0,,,,False,alta,11,0.031692,1.574062,1.0,0,0.85429,2,0.831823,0.022467,0.14571
record:3a7d056d2a66b8e58dd41a05,record:3a7d056d2a66b8e58dd41a05,BERTopic-ARGENTINA-2020-2026,metadata,0,1.0,1.0,1.0,2,1.015829150455825e-308,1.0,0.0,False,False,2020,en,La formación de directores ¿puede mejorar la gestión escolar? evidencia a corto plazo de un experimento en Argentina,,OpenAlex,metadata,0,0,False,0,,,,False,alta,21,0.040094,1.693487,0.9,0,0.829163,2,0.828783,0.00038,0.170837
doi:10.37177/unicen/eb31-292,doi:10.37177/unicen/eb31-292,BERTopic-ARGENTINA-2020-2026,metadata,0,0.9736362320486337,0.973636,0.5215105230555601,2,0.2289648027968573,0.29254572025870285,0.155542,False,False,2020,es,Autonomía y gobierno en la gestión educativa social y cooperativa de la provincia de Chaco desde la Ley Nacional de Educación a la actualidad,10.37177/unicen/eb31-292,OpenAlex,metadata,0,0,False,0,,,,False,alta,14,0.284798,1.176573,0.8,0,0.856361,2,0.8157,0.040661,0.14364
record:95f3ef8e8494318f999611f2,record:95f3ef8e8494318f999611f2,BERTopic-ARGENTINA-2020-2026,metadata,-1,0.0,0.0,0.19080430363216838,0,0.11797244076937251,0.07283186286279587,0.663213,True,False,2021,es,“Escuelas WhatsApp y Escuelas Zoom” Desigualdad y segregación educativa durante la pandemia Covid 19 en Argentina,,OpenAlex,metadata,-1,-1,False,-1,0,nearest_semantic_centroid,0.815476,False,alta,9,,,1.0,0,0.815476,2,0.783487,0.03199,
record:73dd974e329ba05758a2c66e,record:73dd974e329ba05758a2c66e,BERTopic-ARGENTINA-2020-2026,metadata,0,1.0,1.0,1.0,1,1.071302825571299e-308,1.0,0.0,False,False,2026,en,Desafíos y estrategias en las trayectorias escolares del secundario del equipo directivo.,,OpenAlex | CONICET Digital,metadata,0,0,False,0,,,,False,alta,23,-0.007399,1.991637,1.0,1,0.747168,2,0.741532,0.005635,0.260747
record:9f7ce1d295c412061c163c33,record:9f7ce1d295c412061c163c33,BERTopic-ARGENTINA-2020-2026,metadata,0,1.0,1.0,0.4596958708224842,0,0.34853678305173924,0.11115908777074496,0.101927,False,False,2020,es,Práctica reflexiva y gestión escolar : una mirada crítica de la experiencia en clave de cambio,,OpenAlex,metadata,0,0,False,0,,,,False,alta,11,0.023757,1.037006,0.9,0,0.880875,2,0.819007,0.061869,0.119124
record:247553b963eebb6c3bfa63f0,record:247553b963eebb6c3bfa63f0,BERTopic-ARGENTINA-2020-2026,metadata,0,1.0,1.0,0.419723110593106,0,0.38428562278181616,0.03543748781128986,0.101927,False,False,2022,es,Investigación sobre las características que influyen en la elección de la gestión escolar por provincia,,OpenAlex,metadata,0,0,False,0,,,,False,alta,11,0.116796,1.059195,1.0,0,0.813928,2,0.76882,0.045108,0.186072
record:9e6b279c3690576201ad6ee8,record:9e6b279c3690576201ad6ee8,BERTopic-ARGENTINA-2020-2026,metadata,0,1.0,1.0,0.4454517110696221,0,0.36257745344391723,0.08287425762570488,0.101927,False,False,2020,es,La gestión escolar en contextos de pobreza : el caso de una escuela del conurbano bonaerense,,OpenAlex,metadata,0,0,False,0,,,,False,alta,11,0.043476,1.132993,1.0,2,0.855792,0,0.846627,0.009165,0.153373
record:04832233edd96abdbd6ad792,record:04832233edd96abdbd6ad792,BERTopic-ARGENTINA-2020-2026,metadata,2,0.9598432174742322,0.959843,0.6749190182773424,0,0.16158634587088722,0.5133326724064551,0.040157,False,False,2025,es,"Proyecto de dirección para un centro educativo de educación primaria en Santa Cruz la Laguna, Sololá, Guatemala",,OpenAlex,metadata,2,2,False,2,,,,False,alta,9,0.543722,0.470899,0.9,2,0.870803,0,0.8354,0.035403,0.129197
record:1a93bf6bf4ff7bb171b19b19,record:1a93bf6bf4ff7bb171b19b19,BERTopic-ARGENTINA-2020-2026,metadata,0,1.0,1.0,1.0,1,1.160390223781971e-308,1.0,0.0,False,False,2026,es,Conceptualizaciones contemporáneas sobre la dirección escolar,,OpenAlex,metadata,0,0,False,0,,,,False,alta,21,-0.09107,2.033537,1.0,0,0.744042,2,0.699442,0.0446,0.255958
record:d005f86778f49513514d7bc9,record:d005f86778f49513514d7bc9,BERTopic-ARGENTINA-2020-2026,metadata,0,1.0,1.0,1.0,1,1.0959489269413353e-308,1.0,0.0,False,False,2025,es,Ethopolitics of Teaching Practice in Secondary School: Problematisations inandfromthe Practices of Headteachers in the Buenos Aires Suburbs,,OpenAlex,metadata,0,0,False,0,,,,False,alta,9,0.029494,1.682193,1.0,0,0.849036,2,0.817575,0.031461,0.150964
record:d8c52c89a8c95bafc7989c63,record:d8c52c89a8c95bafc7989c63,BERTopic-ARGENTINA-2020-2026,metadata,0,1.0,1.0,1.0,1,1.3886450459489136e-308,1.0,0.0,False,False,2025,es,Become the error in the matrix?: A critical study of leadership discourses for school management in managerial times,,OpenAlex,metadata,0,0,False,0,,,,False,alta,21,-0.23904,2.41759,1.0,0,0.760771,1,0.721875,0.038896,0.239229
record:0e803845efbe9a2e2ba8ef83,record:0e803845efbe9a2e2ba8ef83,BERTopic-ARGENTINA-2020-2026,metadata,0,0.9291560971333206,0.929156,0.401042292847059,2,0.2681909530587532,0.13285133978830582,0.19412,False,False,2026,es,Directio narrans: rhetorical figures in times of (alleged) narrative crisis? A study on the practices of school principals in Greater Buenos Aires,,OpenAlex,metadata,0,0,False,0,,,,False,alta,17,0.186839,1.149912,0.8,0,0.792652,1,0.761955,0.030696,0.207348
