publication_document_id,title,year,language,corpus,stm_model,stm_topic,stm_probability,bertopic_model,bertopic_topic,bertopic_probability,bertopic_outlier,relationship,combined_alignment,ambiguous,human_review_status
doi:10.1016/j.edumed.2025.101070,Propuesta metodológica para la mejora educativa de una facultad de medicina a partir del análisis comparativo entre la evaluación externa y evaluación interna,2025,es,metadata,STM-METADATA-ES,9,0.36126450710302677,BERTopic-METADATA-MULTILINGUAL,6,0.24435040809431458,False,weak_match,0.013603,True,pending
doi:10.11144/javeriana.10554.219,"Diseño de una estrategia de gestión educativa para mejorar los niveles de convivencia en el Colegio Rafael Uribe Uribe de Ciudad Bolívar, en la jornada de la mañana",2020,es,metadata,STM-METADATA-ES,12,0.29258208742443026,BERTopic-METADATA-MULTILINGUAL,3,0.9689228538954657,False,weak_match,0.01249,True,pending
doi:10.11144/javeriana.10554.51923,Orientaciones para la gestión del Sistema Educativo de la Arquidiócesis de Bogotá (SEAB). Sistema Educativo de la Arquidiócesis de Bogotá (SEAB) : modelos de gestión educativa,2020,es,metadata,STM-METADATA-ES,11,0.4641435382516174,BERTopic-METADATA-MULTILINGUAL,3,0.8535840532713838,False,partial_overlap,0.052823,False,pending
doi:10.11144/javeriana.m16.icge,Impacto del COVID-19 en la gestión de escuelas rurales de Chile,2023,es,metadata,STM-METADATA-ES,11,0.4302895270304867,BERTopic-METADATA-MULTILINGUAL,6,0.732584956776584,False,weak_match,0.017236,True,pending
doi:10.11144/javerianacali.ppsi19.rcce,Revisión del concepto de calidad educativa y modelos de bienestar desde una perspectiva psicológica,2021,es,metadata,STM-METADATA-ES,3,0.5955402888107257,BERTopic-METADATA-MULTILINGUAL,-1,0.0,True,language_specific_match,0.026975,False,pending
doi:10.12795/revistafuentes.2022.19797,Tendencias investigativas sobre liderazgo y dirección escolar. Revisión sistemática de la producción científica.,2022,es,metadata,STM-METADATA-ES,3,0.5550031766589906,BERTopic-METADATA-MULTILINGUAL,0,0.9029625803828202,False,language_specific_match,0.038262,False,pending
doi:10.12795/revistafuentes.2026.28418,Patrones de significado sobre la educación inclusiva desde la dirección escolar chilena.,2026,es,metadata,STM-METADATA-ES,3,0.7699121550748491,BERTopic-METADATA-MULTILINGUAL,5,1.0,False,weak_match,0.017744,False,pending
doi:10.13042/bordon.2020.01.63135,"Buenas prácticas en la organización, gestión y dirección de los centros educativos",2020,es,metadata,STM-METADATA-ES,12,0.4885321946598569,BERTopic-METADATA-MULTILINGUAL,0,0.7966359442704086,False,STM_split_by_BERTopic,0.140676,True,pending
doi:10.13042/bordon.2026.117112,Liderazgos y desarrollo profesional docente en EMTP en Chile: casos múltiples,2026,es,metadata,STM-METADATA-ES,6,0.5661830059117914,BERTopic-METADATA-MULTILINGUAL,-1,0.0,True,language_specific_match,0.043382,False,pending
doi:10.1344/der.2026.48.94-111,Visión pedagógica de la plataformización en Educación Primaria: discursos docentes y problemáticas emergentes en la Comunidad Valenciana,2026,es,metadata,STM-METADATA-ES,7,0.6782874224152878,BERTopic-METADATA-MULTILINGUAL,2,0.687841113212218,False,BERTopic_combines_STM,0.15443,True,pending
doi:10.1344/reire.47045,Estrategias de gestión educativa basadas en los factores que afectan el rendimiento académico y la calidad de la educación,2025,es,metadata,STM-METADATA-ES,16,0.30264091236247603,BERTopic-METADATA-MULTILINGUAL,1,1.0,False,language_specific_match,0.044019,False,pending
doi:10.1344/tempseducacio2022.63.18,L'ètica organitzacional a l'escola des de la direcció escolar,2022,es,metadata,STM-METADATA-ES,5,0.9198268179609849,BERTopic-METADATA-MULTILINGUAL,-1,0.0,True,weak_match,0.015385,False,pending
doi:10.14201/aula2021276179,La evolución de una revista en papel a digital: de Organización y Gestión Educativa (OGE) a Dirección y Liderazgo Educativo (DYLE) del Fórum Europeo de administradores de la Educación,2021,es,metadata,STM-METADATA-ES,3,0.91405943414107,BERTopic-METADATA-MULTILINGUAL,-1,0.0,True,language_specific_match,0.026975,False,pending
doi:10.14393/er-v27nea2020-1,"Percepción, disposición y compromiso docente de las prácticas de gestión educativa en universidades mexicanas",2020,es,metadata,STM-METADATA-ES,4,0.31636602630526117,BERTopic-METADATA-MULTILINGUAL,7,1.0,False,weak_match,0.002522,True,pending
doi:10.14393/ufu.di.2020.3928,Dimensões do ensino fundamental público no âmbito não-estatal em Uberlândia -MG: em foco a gestão escolar e o trabalho docente.,2020,es,metadata,STM-METADATA-ES,5,0.5412272866271427,BERTopic-METADATA-MULTILINGUAL,3,0.8094981469850546,False,weak_match,0.00745,True,pending
doi:10.14409/ie.2023.19.e0054,«Una aspiración que asusta»,2023,es,metadata,STM-METADATA-ES,3,0.3775452009214803,BERTopic-METADATA-MULTILINGUAL,-1,0.0,True,language_specific_match,0.026975,True,pending
doi:10.14483/22486798.22039,Inteligencia artificial (IA) en las escuelas: una revisión sistemática (2019-2023),2024,es,metadata,STM-METADATA-ES,7,0.6664746862484925,BERTopic-METADATA-MULTILINGUAL,9,1.0,False,one_to_one,0.257086,False,pending
doi:10.14507/epaa.28.4147,Políticas y prácticas en la formación de directivos escolares en Argentina. Tensiones discursivas y experienciales,2020,es,metadata,STM-METADATA-ES,3,0.6378563547179759,BERTopic-METADATA-MULTILINGUAL,12,1.0,False,language_specific_match,0.049164,False,pending
doi:10.14507/epaa.28.4162,Alianza estado-sociedad C=civil: Debates y desafíos en la co-gestión de políticas de inclusión educativa en Uruguay y Argentina,2020,es,metadata,STM-METADATA-ES,11,0.4811694014725197,BERTopic-METADATA-MULTILINGUAL,-1,0.0,True,weak_match,0.019231,False,pending
doi:10.14507/epaa.28.4554,Recontextualización de la política de gestión en escuelas indígenas de tiempo completo en Baja California,2020,es,metadata,STM-METADATA-ES,11,0.40083602931328693,BERTopic-METADATA-MULTILINGUAL,3,1.0,False,partial_overlap,0.052823,False,pending
doi:10.14507/epaa.29.6261,Migración de estudiantes internacionales a Chile: Desafíos de la nueva educación públic,2021,es,metadata,STM-METADATA-ES,11,0.5353117720810733,BERTopic-METADATA-MULTILINGUAL,-1,0.0,True,weak_match,0.019231,False,pending
doi:10.14507/epaa.30.6660,Políticas implementadas en escuelas rurales: Análisis bibliométrico internacional (2001-2020),2022,es,metadata,STM-METADATA-ES,3,0.92810471841207,BERTopic-METADATA-MULTILINGUAL,3,1.0,False,language_specific_match,0.027015,False,pending
doi:10.14679/3793,La cultura de la infancia como pilar de la organización escolar,2025,es,metadata,STM-METADATA-ES,16,0.4243501906252568,BERTopic-METADATA-MULTILINGUAL,-1,0.0,True,weak_match,0.018935,True,pending
doi:10.14679/4469,Innovar para gobernar: Reflexiones académicas sobre el liderazgo educativo,2025,es,metadata,STM-METADATA-ES,6,0.5491773757838919,BERTopic-METADATA-MULTILINGUAL,-1,0.0,True,language_specific_match,0.043382,False,pending
doi:10.14679/4644,"Liderazgo y transformación: Prácticas, políticas y perspectivas para una nueva gestión educativa",2025,es,metadata,STM-METADATA-ES,6,0.6298559286723798,BERTopic-METADATA-MULTILINGUAL,0,0.8868424607494243,False,language_specific_match,0.048248,False,pending
doi:10.15332/dt.inv.2020.01232,"El liderazgo en la gestión educativa, una proeza del director educativo desde la perspectiva latina",2020,es,metadata,STM-METADATA-ES,16,0.5889129537810074,BERTopic-METADATA-MULTILINGUAL,-1,0.0,True,weak_match,0.018935,False,pending
doi:10.15359/ree.25-3.28,"Prevalencia del síndrome de burnout en la dirección de instituciones educativas públicas en Barrios Altos, Lima - Perú",2021,es,metadata,STM-METADATA-ES,5,0.7433308076494869,BERTopic-METADATA-MULTILINGUAL,-1,0.0,True,weak_match,0.015385,False,pending
doi:10.15359/ree.26-1.6,Proceso profesionalizante: Una intervención en enseñanza superior,2021,es,metadata,STM-METADATA-ES,15,0.8118546329811464,BERTopic-METADATA-MULTILINGUAL,-1,0.0,True,language_specific_match,0.020611,False,pending
doi:10.15366/jospoe2020.11.005,LOS ESPACIOS OLVIDADOS DE PARTICIPACIÓN Y AUTONOMÍA ESCOLAR FRENTE A LOS PROCESOS DE RENDICIÓN DE CUENTAS Y BUROCRACIA EN MÉXICO,2020,es,metadata,STM-METADATA-ES,3,0.66092369225130565,BERTopic-METADATA-MULTILINGUAL,-1,0.0,True,language_specific_match,0.026975,False,pending
doi:10.15366/reice2005.3.1.003,Aprendizaje colectivo en las escuelas descrito: construir capacidad de aprendizaje colectivo,2023,es,metadata,STM-METADATA-ES,15,0.46073327278703036,BERTopic-METADATA-MULTILINGUAL,-1,0.0,True,language_specific_match,0.020611,False,pending
doi:10.15366/reice2025.23.3.002,La Retención de la Dirección Escolar. Diseño de un Modelo Bioecológico sobre la Retención Directiva,2025,es,metadata,STM-METADATA-ES,12,0.4686017924862728,BERTopic-METADATA-MULTILINGUAL,0,0.9572141006741471,False,STM_split_by_BERTopic,0.140676,False,pending
doi:10.15366/reps2022.7.2.009,"Filantropía empresarial, Estado y formación de directivos de escuelas secundarias en Argentina. Estudio de caso sobre la Fundación Córdoba Mejora",2022,es,metadata,STM-METADATA-ES,2,0.8512252895397573,BERTopic-METADATA-MULTILINGUAL,-1,0.0,True,weak_match,0.015961,False,pending
doi:10.15366/riee2022.15.2.002,Percepciones y Sesgos Cognoscitivos en la Educación Básica,2022,es,metadata,STM-METADATA-ES,12,0.5569370428684084,BERTopic-METADATA-MULTILINGUAL,-1,0.0,True,language_specific_match,0.03338,False,pending
doi:10.15366/riejs2021.10.1.014,Niveles de Progresión de Gestión de la Convivencia Escolar a Nivel Intermedio en Chile,2021,es,metadata,STM-METADATA-ES,12,0.8256028406854821,BERTopic-METADATA-MULTILINGUAL,-1,0.0,True,language_specific_match,0.03338,False,pending
doi:10.15366/tp2021.37.002,Programas educativos dirigidos a poblaciones de los territorios rurales. Experiencias en Argentina y México,2020,es,metadata,STM-METADATA-ES,3,0.7057260427442485,BERTopic-METADATA-MULTILINGUAL,3,1.0,False,language_specific_match,0.027015,False,pending
doi:10.15381/dds.n9.20324,"""Cuando el problema no es la inclusión"": Límites y posibilidades en la implementación del enfoque inclusivo en la educación",2022,es,metadata,STM-METADATA-ES,3,0.3338898588240605,BERTopic-METADATA-MULTILINGUAL,5,1.0,False,weak_match,0.017744,True,pending
doi:10.15381/rpiiedu.v1i1.20670,Estilos de liderazgo del director educativo,2021,es,metadata,STM-METADATA-ES,10,0.9203540876494595,BERTopic-METADATA-MULTILINGUAL,0,1.0,False,language_specific_match,0.023905,False,pending
doi:10.15381/rpiiedu.v1i3.21473,"Gestión educativa y desempeño. Estudio correlacional en la provincia de Recuay, Perú",2021,es,metadata,STM-METADATA-ES,4,0.31218380712300314,BERTopic-METADATA-MULTILINGUAL,-1,0.0,True,language_specific_match,0.035398,True,pending
doi:10.15381/rpiiedu.v3i1.23676,"Gestión Educativa, una forma de alcanzar la calidad en los servicios educativos",2023,es,metadata,STM-METADATA-ES,16,0.6414322356050194,BERTopic-METADATA-MULTILINGUAL,1,1.0,False,language_specific_match,0.044019,False,pending
doi:10.15443/tde1002,Acompañamiento y saber docente: desafíos de la nueva gestión escolar,2024,es,metadata,STM-METADATA-ES,13,0.44757419798857434,BERTopic-METADATA-MULTILINGUAL,-1,0.0,True,language_specific_match,0.020513,False,pending
doi:10.15443/tde1003,Resignificar el sentido de la gestión educativa: un desafío pendiente,2024,es,metadata,STM-METADATA-ES,3,0.42079935964787163,BERTopic-METADATA-MULTILINGUAL,7,1.0,False,weak_match,0.016485,False,pending
doi:10.15443/tde1006,Cultura de trabajo docente y gestión del cambio: del aislamiento a la colaboración,2024,es,metadata,STM-METADATA-ES,3,0.3405237836718024,BERTopic-METADATA-MULTILINGUAL,0,0.7643443595107466,False,language_specific_match,0.038262,True,pending
doi:10.15443/tde655,Presencia del enfoque de género en la gestión escolar chilena: significados y experiencias,2024,es,metadata,STM-METADATA-ES,12,0.881231885032448,BERTopic-METADATA-MULTILINGUAL,8,1.0,False,language_specific_match,0.023409,False,pending
doi:10.15446/innovar.v30n77.87453,El perfil de gestión del directivo docente de Antioquia y los enfoques de gestión administrativa,2020,es,metadata,STM-METADATA-ES,10,0.37440287067109435,BERTopic-METADATA-MULTILINGUAL,-1,0.0,True,language_specific_match,0.03007,False,pending
doi:10.15446/rsap.v25n6.108806,Percepción de padres de familia sobre la gestión en salud escolar,2023,es,metadata,STM-METADATA-ES,9,0.5527900190661862,BERTopic-METADATA-MULTILINGUAL,10,0.4094968273800361,False,STM_split_by_BERTopic,0.134907,False,pending
doi:10.15448/1984-7289.2022.1.41864,Las desigualdades educativas en Argentina,2022,es,metadata,STM-METADATA-ES,3,0.770764205516109,BERTopic-METADATA-MULTILINGUAL,3,0.8473852980507565,False,language_specific_match,0.027015,False,pending
doi:10.15517/revedu.v45i1.40537,"Análisis del modelo de gestión escolar en instituciones educativas públicas multigrado de San Ignacio, Perú",2021,es,metadata,STM-METADATA-ES,10,0.4715202618419231,BERTopic-METADATA-MULTILINGUAL,-1,0.0,True,language_specific_match,0.03007,False,pending
doi:10.15517/revedu.v47i1.49904,Gestión administrativa en unidades de gestión educativa: una revisión literaria,2023,es,metadata,STM-METADATA-ES,14,0.6762990342820878,BERTopic-METADATA-MULTILINGUAL,1,0.9462430277346507,False,partial_overlap,0.05166,False,pending
doi:10.15517/revedu.v47i1.51724,Alimentación escolar y educación alimentaria: tendencias recientes en la investigación en América Latina entre 2005 y 2021,2023,es,metadata,STM-METADATA-ES,3,0.4856541703331404,BERTopic-METADATA-MULTILINGUAL,-1,0.0,True,language_specific_match,0.026975,False,pending
doi:10.15517/revedu.v47i2.53991,Análisis de las creencias docentes acerca de la formación gubernamental en el Departamento del Cauca-Colombia,2023,es,metadata,STM-METADATA-ES,13,0.3534160893777536,BERTopic-METADATA-MULTILINGUAL,-1,0.0,True,language_specific_match,0.020513,False,pending
doi:10.15517/rge.v10i1.56268,"Cartografía, una herramienta para interpretar el liderazgo escolar. Estudio de caso Brasil",2023,es,metadata,STM-METADATA-ES,3,0.7912515776635632,BERTopic-METADATA-MULTILINGUAL,-1,0.0,True,language_specific_match,0.026975,False,pending
doi:10.15517/rge.v10i1.57522,"Gestión de los centros educativos de secundaria con recursos en la potestad discrecional, el quehacer de la coordinación académica y el liderazgo educativo",2023,es,metadata,STM-METADATA-ES,16,0.6650903342483662,BERTopic-METADATA-MULTILINGUAL,-1,0.0,True,weak_match,0.018935,False,pending
doi:10.15517/rge.v10i2.59283,Gestión directiva frente al uso de las TIC en una institución educativa del cantón Sucre,2024,es,metadata,STM-METADATA-ES,7,0.4805917679653594,BERTopic-METADATA-MULTILINGUAL,2,0.983420178888007,False,BERTopic_combines_STM,0.15443,False,pending
doi:10.15517/rge.v11i1.60745,La supervisión escolar y la evaluación de la calidad educativa en el marco del objetivo 4 para el desarrollo sostenible de la agenda 2030: desafíos y propuestas.,2025,es,metadata,STM-METADATA-ES,6,0.3459368625295437,BERTopic-METADATA-MULTILINGUAL,4,0.835559865404112,False,weak_match,0.004384,False,pending
doi:10.15517/rge.v11i1.62048,Desarrollo de la investigación para el fortalecimiento y transformación de la Gestión Escolar,2025,es,metadata,STM-METADATA-ES,16,0.32977857081050715,BERTopic-METADATA-MULTILINGUAL,7,0.9796717113752156,False,weak_match,0.014189,True,pending
doi:10.15517/rge.v8i1.51764,Gestión educativa. Una mirada desde el paradigma de la complejidad,2022,es,metadata,STM-METADATA-ES,11,0.8350974641179812,BERTopic-METADATA-MULTILINGUAL,7,1.0,False,partial_overlap,0.051921,False,pending
doi:10.15517/rge.v9i1.52635,Liderazgo y Gestión en Educación Media Superior Tecnológica:un estudio desde la percepción docente en el estado de Tlaxcala,2023,es,metadata,STM-METADATA-ES,15,0.569986117461148,BERTopic-METADATA-MULTILINGUAL,0,0.7819206530202514,False,language_specific_match,0.03975,True,pending
doi:10.15517/rge.v9i1.53602,De la administración al liderazgo educativo. Nociones sobre el liderazgo y la dirección de primaria en México durante la reforma 2013,2023,es,metadata,STM-METADATA-ES,3,0.49020984537801054,BERTopic-METADATA-MULTILINGUAL,-1,0.0,True,language_specific_match,0.026975,False,pending
doi:10.15517/rge.v9i1.53603,La gestión administrativa en un centro educativo indígena: Caso de Ujarrás,2023,es,metadata,STM-METADATA-ES,15,0.7130604418026302,BERTopic-METADATA-MULTILINGUAL,3,0.9017829039829365,False,weak_match,0.015288,False,pending
doi:10.15517/rge.v9i2.55445,Propuesta de plan de intervención autoevaluativa: Manual de evaluación interna de los procesos de inclusión en el sistema educativo regular,2023,es,metadata,STM-METADATA-ES,8,0.30700669947116943,BERTopic-METADATA-MULTILINGUAL,5,1.0,False,STM_split_by_BERTopic,0.114836,False,pending
doi:10.15648/cedotic.1.2021.2853,"Educación Inclusiva en instituciones de básica secundaria del municipio de Malambo- Atlántico, Colombia",2021,es,metadata,STM-METADATA-ES,14,0.4219161928261869,BERTopic-METADATA-MULTILINGUAL,5,1.0,False,weak_match,0.016565,False,pending
doi:10.15649/2346030x.3815,Hacia una gestión educativa integral desde la teoría de la complejidad: Jornadas educativas regulares y extendidas,2024,es,metadata,STM-METADATA-ES,11,0.9525222356850909,BERTopic-METADATA-MULTILINGUAL,7,1.0,False,partial_overlap,0.051921,False,pending
doi:10.15658/rev.electron.educ.pedagog21.11050909,Educar para la salud como motor de cambio social en el estilo de vida,2021,es,metadata,STM-METADATA-ES,12,0.4137551685341626,BERTopic-METADATA-MULTILINGUAL,-1,0.0,True,language_specific_match,0.03338,False,pending
doi:10.1590/2175-6236123295vs01,Liderazgo como Aprendizaje: propuesta formativa centrada en el estudiante,2023,es,metadata,STM-METADATA-ES,12,0.6868306625346576,BERTopic-METADATA-MULTILINGUAL,0,0.994108981360563,False,STM_split_by_BERTopic,0.140676,False,pending
doi:10.1590/es.275574,RELACIONES DEMOCRÁTICAS ENTRE ESCUELA Y COMUNIDAD: ANÁLISIS DE UN PROCESO DELIBERATIVO,2024,es,metadata,STM-METADATA-ES,12,0.2684361015258574,BERTopic-METADATA-MULTILINGUAL,-1,0.0,True,language_specific_match,0.03338,True,pending
doi:10.1590/es.304076,CONVIVENCIA ESCOLAR Y RACIONALIDAD PUNITIVA EN LA LEY AULA SEGURA,2026,es,metadata,STM-METADATA-ES,3,0.48688181576934153,BERTopic-METADATA-MULTILINGUAL,-1,0.0,True,language_specific_match,0.026975,False,pending
doi:10.1590/s0104-403620210002902889,Evaluación del proceso de gestión educativa para la integración de modelos didácticos mediados por TIC: un estudio de caso múltiple,2021,es,metadata,STM-METADATA-ES,11,0.2791364393920974,BERTopic-METADATA-MULTILINGUAL,2,1.0,False,weak_match,0.004195,True,pending
doi:10.1590/s0104-40362026003405015,Complejidad y liderazgo distribuido en la dirección escolar española: perfiles directivos y desafíos de gestión en el contexto educativo actual,2026,es,metadata,STM-METADATA-ES,6,0.785015915726903,BERTopic-METADATA-MULTILINGUAL,0,1.0,False,language_specific_match,0.048248,False,pending
doi:10.1590/s1413-24782024290050,La dirección escolar y su funcionamiento desde la mirada de la identidad profesional,2024,es,metadata,STM-METADATA-ES,12,0.9741613061493434,BERTopic-METADATA-MULTILINGUAL,0,0.841145722700564,False,STM_split_by_BERTopic,0.140676,False,pending
doi:10.1590/s1678-4634202450263419es,Desafíos de la relación familia-escuela en contexto mapuche: aproximación desde los profesores,2024,es,metadata,STM-METADATA-ES,11,0.8494622090847752,BERTopic-METADATA-MULTILINGUAL,3,1.0,False,partial_overlap,0.052823,False,pending
doi:10.1590/scielopreprints.15420,Gestión escolar en el logro de aprendizajes matemáticos: revisión sistemática,2026,es,metadata,STM-METADATA-ES,8,0.460392263972205,BERTopic-METADATA-MULTILINGUAL,-1,0.0,True,language_specific_match,0.035878,True,pending
doi:10.17060/ijodaep.2022.n1.v2.2333,Satisfacción del profesorado y alumnado con la calidad de la educación superior,2022,es,metadata,STM-METADATA-ES,13,0.24699061028590022,BERTopic-METADATA-MULTILINGUAL,1,1.0,False,weak_match,0.007075,True,pending
doi:10.17081/eduhum.28.50.8331,Gestión escolar e inclusión de estudiantes migrantes: tensiones y desafíos en la implementación de políticas educativas,2026,es,metadata,STM-METADATA-ES,8,0.4129569793844783,BERTopic-METADATA-MULTILINGUAL,-1,0.0,True,language_specific_match,0.035878,False,pending
doi:10.17151/hpsal.2022.27.1.3,"Directores escolares ante el síndrome de burnout: dimensiones, factores de riesgo y sintomatología",2022,es,metadata,STM-METADATA-ES,12,0.6410891790347866,BERTopic-METADATA-MULTILINGUAL,-1,0.0,True,language_specific_match,0.03338,False,pending
doi:10.17163/uni.n35.2021.02,Educomunicación e interculturalidad a partir de la gestión educativa con la radio,2021,es,metadata,STM-METADATA-ES,11,0.9486971806472273,BERTopic-METADATA-MULTILINGUAL,-1,0.0,True,weak_match,0.019231,False,pending
doi:10.17227/rce.num91-16727,Variables influyentes en la percepción y predisposición al uso de TIC. Estudio exploratorio,2024,es,metadata,STM-METADATA-ES,15,0.2826590699082327,BERTopic-METADATA-MULTILINGUAL,2,1.0,False,language_specific_match,0.03951,True,pending
doi:10.17268/rev.cyt.2020.03.13,"Citizen participation and improvement of basic education in the districts of Laredo, Simbal and Poroto. Trujillo Province",2020,es,metadata,STM-METADATA-ES,11,0.7879262877350212,BERTopic-METADATA-MULTILINGUAL,-1,0.0,True,weak_match,0.019231,False,pending
doi:10.17268/sciendo.2022.012,The success of a public educational institution depends on the educational management training of its managers,2022,es,metadata,STM-METADATA-ES,14,0.6661535277210202,BERTopic-METADATA-MULTILINGUAL,1,0.9462430277346507,False,partial_overlap,0.05166,False,pending
doi:10.17268/sciendo.v29n1.013,Desempeño del personal docente y su relación en la gestión escolar de un centro educativo experimental,2026,es,metadata,STM-METADATA-ES,4,0.5870739563872275,BERTopic-METADATA-MULTILINGUAL,4,0.8442405090453733,False,STM_split_by_BERTopic,0.142531,False,pending
doi:10.17271/rlass.v4i15.4520,Proyecto RenovAção: alianza multisectorial que promueve la educación ambiental en Escuelas de Educación Primaria,2023,es,metadata,STM-METADATA-ES,5,0.4102281018230148,BERTopic-METADATA-MULTILINGUAL,-1,0.0,True,weak_match,0.015385,True,pending
doi:10.17533/udea.ikala.362875,Participación en la gestión escolar: configuraciones discursivas en la Nueva Educación Pública en Chile,2026,es,metadata,STM-METADATA-ES,6,0.4059091622966182,BERTopic-METADATA-MULTILINGUAL,12,1.0,False,weak_match,0.009546,True,pending
doi:10.17583/ijelm.2021.6366,Liderazgo y Dirección Escolar para Atender al Alumnado con Necesidades Educativas Especiales,2021,es,metadata,STM-METADATA-ES,12,0.40797467927924974,BERTopic-METADATA-MULTILINGUAL,0,0.8588353948333562,False,STM_split_by_BERTopic,0.140676,True,pending
doi:10.17583/ijelm.9597,La autopercepción del liderazgo docente,2022,es,metadata,STM-METADATA-ES,12,0.7359875049041588,BERTopic-METADATA-MULTILINGUAL,0,1.0,False,STM_split_by_BERTopic,0.140676,False,pending
doi:10.17605/osf.io/9536p,SCHOOL MANAGEMENT IN THE ACHIEVEMENT OF MATHEMATICAL LEARNING: SYSTEMATIC REVIEW,2025,es,metadata,STM-METADATA-ES,14,0.4538860092246828,BERTopic-METADATA-MULTILINGUAL,-1,0.0,True,language_specific_match,0.020149,True,pending
doi:10.17613/gyff3-kt794,EL CICLO ABIERTO DE LA GESTIÓN ESCOLAR INCLUSIVA: DIAGNÓSTICO EN INSTITUCIONES EDUCATIVAS PÚBLICAS URBANAS DE COLOMBIA,2026,es,metadata,STM-METADATA-ES,9,0.9331670438738389,BERTopic-METADATA-MULTILINGUAL,3,1.0,False,language_specific_match,0.033863,False,pending
doi:10.17632/vtc55dyc4n,"Impacto de la Inteligencia Artificial en Procesos Educativos en Latinoamérica: Rendimiento Académico, Motivación y Autorregulación del Aprendizaje",2026,es,metadata,STM-METADATA-ES,7,0.690981833357433,BERTopic-METADATA-MULTILINGUAL,9,1.0,False,one_to_one,0.257086,False,pending
doi:10.18004/pdfce/2076-054x/2026.032.62.007,Brechas de aprendizaje en Paraguay: un análisis aplicado de determinantes y desigualdades con datos del SNEPE 2018,2026,es,metadata,STM-METADATA-ES,8,0.8710738548738973,BERTopic-METADATA-MULTILINGUAL,3,0.8884850304899375,False,language_specific_match,0.043692,False,pending
doi:10.18004/riics.2025.diciembre.193,Educação sem filtro: aspectos e perspectivas da legislação educacional no que versa sobre a gestão educacional democrática e participativa no contexto da diversidade na comunidade escolar,2025,es,metadata,STM-METADATA-ES,6,0.44147731760621556,BERTopic-METADATA-MULTILINGUAL,-1,0.0,True,language_specific_match,0.043382,False,pending
doi:10.18041/1900-3803/entramado.1.7505,Logro educativo de las instituciones con estudiantes de minorías étnicas en Colombia,2022,es,metadata,STM-METADATA-ES,10,0.30523080404473657,BERTopic-METADATA-MULTILINGUAL,3,0.7888779409667224,False,weak_match,0.010807,True,pending
doi:10.18050/eduser.v10n2a2,Competencias directivas y gestión escolar en la educación básica regular,2023,es,metadata,STM-METADATA-ES,10,0.39470563714738144,BERTopic-METADATA-MULTILINGUAL,-1,0.0,True,language_specific_match,0.03007,False,pending
doi:10.18050/eduser.v9n2a2,Gestión educacional y desempeño de los profesores en una escuela pública por convenio,2022,es,metadata,STM-METADATA-ES,4,0.28425641427918474,BERTopic-METADATA-MULTILINGUAL,-1,0.0,True,language_specific_match,0.035398,True,pending
doi:10.18050/revucv-scientia.v15n1a4,"Gestión escolar en la educación inclusiva de estudiantes de EBR, Lima 2022",2023,es,metadata,STM-METADATA-ES,10,0.49286321033342523,BERTopic-METADATA-MULTILINGUAL,5,1.0,False,weak_match,0.006123,True,pending
doi:10.18050/ucv-scientia.v11i1.2403,"Gestión educativa que desarrollan los directores de las instituciones públicas de educación básica regular en el distrito de Trujillo, 2016.",2020,es,metadata,STM-METADATA-ES,10,0.6544213420203377,BERTopic-METADATA-MULTILINGUAL,-1,0.0,True,language_specific_match,0.03007,False,pending
doi:10.18235/0003684,Recomendaciones para consolidar un marco de buenas prácticas para la dirección escolar,2021,es,metadata,STM-METADATA-ES,3,0.36634399450282934,BERTopic-METADATA-MULTILINGUAL,0,0.8588353948333562,False,language_specific_match,0.038262,False,pending
doi:10.18235/0004632,"Gestión local y mejora educativa: evaluación, apoyo pedagógico y accountability interno en Brasil",2022,es,metadata,STM-METADATA-ES,13,0.6494216097754054,BERTopic-METADATA-MULTILINGUAL,3,0.8697513842909433,False,weak_match,0.012983,False,pending
doi:10.18537/ripa.15.02,La gestión educativa en el currículo de la asignatura de Educación Cultural y Artística,2024,es,metadata,STM-METADATA-ES,15,0.2975904491255053,BERTopic-METADATA-MULTILINGUAL,7,0.9999788921939083,False,language_specific_match,0.034166,True,pending
doi:10.18634/doctrabajo/75,El modelo de escuela eficiente y de gestión escolar: el principio de igualdad,2020,es,metadata,STM-METADATA-ES,13,0.38281391649043967,BERTopic-METADATA-MULTILINGUAL,-1,0.0,True,language_specific_match,0.020513,False,pending
doi:10.18634/sophiaj.20v.1i.1363,"Valoración del índice de inclusión en cinco colegios del municipio de Cajicá-Cundinamarca, Colombia",2024,es,metadata,STM-METADATA-ES,8,0.4383068998388911,BERTopic-METADATA-MULTILINGUAL,5,1.0,False,STM_split_by_BERTopic,0.114836,False,pending
doi:10.18764/2178-2229.v27n4p315-336,GESTÃO DEMOCRÁTICA: uma reflexão a partir da percepção dos gestores escolares,2020,es,metadata,STM-METADATA-ES,1,0.9491737989177568,BERTopic-METADATA-MULTILINGUAL,-1,0.0,True,weak_match,0.016227,False,pending
doi:10.18779/csye.v9i2.1110,Gestión educativa transformadora: modelos administrativos para instituciones innovadoras,2025,es,metadata,STM-METADATA-ES,6,0.8357484207962205,BERTopic-METADATA-MULTILINGUAL,-1,0.0,True,language_specific_match,0.043382,False,pending
doi:10.18800/cige2020,Repensando la gestión escolar desde las investigaciones y experiencias,2021,es,metadata,STM-METADATA-ES,3,0.2150180731889109,BERTopic-METADATA-MULTILINGUAL,-1,0.0,True,language_specific_match,0.026975,True,pending
doi:10.18800/cige2020.003,"Gestión Educativa en tiempos de pandemia de la región Puno, 2020",2021,es,metadata,STM-METADATA-ES,15,0.7462671979417579,BERTopic-METADATA-MULTILINGUAL,6,0.8090769506949886,False,partial_overlap,0.06264,False,pending
doi:10.18800/cige2020.005,Implementando una gestión pública en la unidad de gestión educativa local de Castrovirreyna,2021,es,metadata,STM-METADATA-ES,8,0.7009912842131685,BERTopic-METADATA-MULTILINGUAL,-1,0.0,True,language_specific_match,0.035878,False,pending
doi:10.18800/cige2020.010,"Las comunidades profesionales de aprendizaje, como estrategia de gestión de las escuelas que aprenden: El caso de una Institución Educativa estatal del Distrito de Ate",2021,es,metadata,STM-METADATA-ES,15,0.33379296261926916,BERTopic-METADATA-MULTILINGUAL,-1,0.0,True,language_specific_match,0.020611,True,pending
doi:10.18800/cige2020.011,"El rol del director, ¿cómo lograr el aprendizaje de los estudiantes?",2021,es,metadata,STM-METADATA-ES,8,0.7392386397195979,BERTopic-METADATA-MULTILINGUAL,-1,0.0,True,language_specific_match,0.035878,False,pending
doi:10.18848/2575-5544/cgp/v06i01/73-86,Barreras de género en la dirección escolar: exploración temática de literatura internacional,2020,es,metadata,STM-METADATA-ES,12,0.5947304008462584,BERTopic-METADATA-MULTILINGUAL,8,1.0,False,language_specific_match,0.023409,False,pending
doi:10.18861/cied.2025.16.2.4137,Liderazgo directivo y género en el sistema escolar,2025,es,metadata,STM-METADATA-ES,12,0.6171559499820267,BERTopic-METADATA-MULTILINGUAL,8,1.0,False,language_specific_match,0.023409,False,pending
doi:10.19044/esj.2021.v17n15p20,Las Competencias Docentes A Nivel Tecnológicas Como Sostenibilidad Del Aprendizaje En Entornos Virtuales De Aprendizaje,2021,es,metadata,STM-METADATA-ES,1,0.5751920316270671,BERTopic-METADATA-MULTILINGUAL,2,0.6417594215679896,False,language_specific_match,0.022288,True,pending
doi:10.19053/01201190.n31.2021.12702,Padres de familia en la gestión educativa de escuelas rurales,2021,es,metadata,STM-METADATA-ES,11,0.4679689375157936,BERTopic-METADATA-MULTILINGUAL,10,1.0,False,weak_match,0.011127,False,pending
doi:10.19053/20278306.v12.n2.2022.15261,"Gestión educativa y eficiencia técnica en instituciones oficiales con educación media en Florencia, Caquetá, Colombia",2022,es,metadata,STM-METADATA-ES,14,0.4965073958116853,BERTopic-METADATA-MULTILINGUAL,3,0.8535840532713838,False,partial_overlap,0.057543,False,pending
doi:10.19053/uptc.9789586608350,"Gestión Educativa, Perspectivas, Actores y Contextos",2024,es,metadata,STM-METADATA-ES,11,0.8175064140910192,BERTopic-METADATA-MULTILINGUAL,7,1.0,False,partial_overlap,0.051921,False,pending
doi:10.19136/book.199,La intervención en la práctica docente y en la gestión educativa,2021,es,metadata,STM-METADATA-ES,11,0.3890740282513217,BERTopic-METADATA-MULTILINGUAL,-1,0.0,True,weak_match,0.019231,False,pending
doi:10.19136/pd.a30n71.3341,La gestión educativa para incorporar TIC en bachilleratos rurales indígenas de Oaxaca,2020,es,metadata,STM-METADATA-ES,15,0.41670084138428126,BERTopic-METADATA-MULTILINGUAL,3,1.0,False,weak_match,0.015288,True,pending
doi:10.19137/praxiseducativa-2024-280215,Characterization of a successful school leadership experience in a chilean school,2024,es,metadata,STM-METADATA-ES,12,0.8117651558412671,BERTopic-METADATA-MULTILINGUAL,0,1.0,False,STM_split_by_BERTopic,0.140676,False,pending
doi:10.20453/spirat.v3ine1.5525,Repensar la educación en la era de la IA: desafíos y oportunidades para la enseñanza y el aprendizaje,2025,es,metadata,STM-METADATA-ES,7,0.9353999304708097,BERTopic-METADATA-MULTILINGUAL,9,1.0,False,one_to_one,0.257086,False,pending
doi:10.21501/2744838x.4264,Ambientes incluyentes,2022,es,metadata,STM-METADATA-ES,13,0.34141222702251406,BERTopic-METADATA-MULTILINGUAL,5,1.0,False,weak_match,0.015673,False,pending
doi:10.21501/9786287765061,"Triangulaciones entre gestión educativa, pedagógica y comunitaria",2025,es,metadata,STM-METADATA-ES,6,0.515451376934495,BERTopic-METADATA-MULTILINGUAL,-1,0.0,True,language_specific_match,0.043382,False,pending
doi:10.21501/9786287765061.5,Los proyectos educativos institucionales como objeto de conocimiento en relación con la gestión escolar integral,2025,es,metadata,STM-METADATA-ES,3,0.48869879269762273,BERTopic-METADATA-MULTILINGUAL,3,1.0,False,language_specific_match,0.027015,False,pending
doi:10.21573/vol36n12020.95673,"Disputas por el derecho a la educación y la educación pública en América Latina: políticas, instituciones y sujetos en la gubernamentalidad neoliberal",2020,es,metadata,STM-METADATA-ES,3,0.94104607173056,BERTopic-METADATA-MULTILINGUAL,-1,0.0,True,language_specific_match,0.026975,False,pending
doi:10.21573/vol42n12026.139503,Elogio al liderazgo escolar. Un revisión crítica,2026,es,metadata,STM-METADATA-ES,2,0.3100391721295122,BERTopic-METADATA-MULTILINGUAL,0,1.0,False,language_specific_match,0.024628,True,pending
doi:10.21703/rexe.20212042ortiz-mallegas11,Condiciones de organización del trabajo en convivencia escolar y cooperación profesional,2021,es,metadata,STM-METADATA-ES,12,0.9109097250461841,BERTopic-METADATA-MULTILINGUAL,-1,0.0,True,language_specific_match,0.03338,False,pending
doi:10.21830/9789585241459,"Práctica pedagógica en el Ejército Nacional de Colombia: Reflexiones en torno a la formación, gestión educativa y la investigación",2020,es,metadata,STM-METADATA-ES,13,0.6407764173180462,BERTopic-METADATA-MULTILINGUAL,-1,0.0,True,language_specific_match,0.020513,False,pending
doi:10.21855/ecociencia.95.703,"Factores de clima organizacional en una institución de educación superior en Cuenca, Ecuador",2022,es,metadata,STM-METADATA-ES,5,0.468730672433225,BERTopic-METADATA-MULTILINGUAL,-1,0.0,True,weak_match,0.015385,False,pending
doi:10.22169/cadernointer.v14n52.3569,PLATAFORMIZAÇÃO DA GESTÃO PÚBLICA ESCOLAR,2025,es,metadata,STM-METADATA-ES,1,0.988959916084095,BERTopic-METADATA-MULTILINGUAL,-1,0.0,True,weak_match,0.016227,False,pending
doi:10.22201/cuaieed.16076079e.2024.25.2.11,Liderazgo educativo postpandémico: un enfoque en las Telesecundarias,2024,es,metadata,STM-METADATA-ES,9,0.2966550801974014,BERTopic-METADATA-MULTILINGUAL,6,0.9767502456327298,False,weak_match,0.013603,True,pending
doi:10.22201/cuaieed.20074751e.2022.27.82004,La evolución del primer bachillerato con un currículum de recursos abiertos,2022,es,metadata,STM-METADATA-ES,11,0.31127196195843115,BERTopic-METADATA-MULTILINGUAL,7,0.962223335169522,False,partial_overlap,0.051921,True,pending
doi:10.22201/fm.20075057e.2026.57.25718,Desempeño académico y suspensiones temporales: estudio longitudinal en la Facultad de Medicina (2015-2022),2026,es,metadata,STM-METADATA-ES,9,0.924461276881066,BERTopic-METADATA-MULTILINGUAL,6,0.2090861441932703,False,weak_match,0.013603,True,pending
doi:10.22201/iisue.24486167e.2020.168.59153,"Posibilidades, limitaciones y demandas de los centros educativos del medio rural en el norte y sur de España contemplados desde la dirección escolar",2020,es,metadata,STM-METADATA-ES,3,0.43288288257212576,BERTopic-METADATA-MULTILINGUAL,3,1.0,False,language_specific_match,0.027015,False,pending
doi:10.22201/iisue.24486167e.2021.174.59414,"Desarrollo de prácticas de ""liderazgo exitoso"" en la dirección escolar",2021,es,metadata,STM-METADATA-ES,12,0.9571994195970108,BERTopic-METADATA-MULTILINGUAL,0,0.9265019077502181,False,STM_split_by_BERTopic,0.140676,False,pending
doi:10.22201/iisue.24486167e.2025.47.61920,¿Volverse el error de la matrix?,2025,es,metadata,STM-METADATA-ES,5,0.956934124685704,BERTopic-METADATA-MULTILINGUAL,0,1.0,False,weak_match,0.018017,False,pending
doi:10.22235/pe.v15i1.2139,Paradojas y realidades en torno a la autonomía de gestión escolar en México,2022,es,metadata,STM-METADATA-ES,13,0.5403756645283851,BERTopic-METADATA-MULTILINGUAL,-1,0.0,True,language_specific_match,0.020513,False,pending
doi:10.22325/fes/res.2022.122,La segregación escolar en familias inmigradas: clase social y estatus migratorio,2022,es,metadata,STM-METADATA-ES,12,0.9044400641336441,BERTopic-METADATA-MULTILINGUAL,-1,0.0,True,language_specific_match,0.03338,False,pending
doi:10.22347/2175-2753v17i56.5048,Más allá del aula: funciones y prácticas de gestión directiva en escuelas rurales de secundaria,2025,es,metadata,STM-METADATA-ES,8,0.6254883683881579,BERTopic-METADATA-MULTILINGUAL,-1,0.0,True,language_specific_match,0.035878,False,pending
doi:10.22352/saustral20222806,"Roles docentes en la retención escolar de estudiantes de enseñanza media de la Región de Valparaíso: Lo pedagógico, lo emocional y lo colaborativo",2022,es,metadata,STM-METADATA-ES,12,0.4619446162348609,BERTopic-METADATA-MULTILINGUAL,-1,0.0,True,language_specific_match,0.03338,False,pending
doi:10.22352/saustral20222810,Análisis de la colaboración entre Programas de Protección Especializados en Reinserción Educativa (PDE) y escuelas de Chile. Una mirada desde el reenganche y la exclusión educativa,2022,es,metadata,STM-METADATA-ES,3,0.6443078738072591,BERTopic-METADATA-MULTILINGUAL,12,1.0,False,language_specific_match,0.049164,False,pending
doi:10.22458/ie.v24i36.3895,Características del liderazgo de la jefatura departamental en matemática de un centro de alto desempeño en educación secundaria en Chile,2022,es,metadata,STM-METADATA-ES,12,0.46855611356992605,BERTopic-METADATA-MULTILINGUAL,0,0.9928651487725304,False,STM_split_by_BERTopic,0.140676,False,pending
doi:10.22458/ie.v25i39.4662,Políticas y prácticas inclusivas en centros educativos: Estudio de su implementación y relación desde la perspectiva de las personas directivas,2023,es,metadata,STM-METADATA-ES,8,0.30078861377774113,BERTopic-METADATA-MULTILINGUAL,5,1.0,False,STM_split_by_BERTopic,0.114836,False,pending
doi:10.22458/ie.v27iespecial.6126,Liderazgo distribuido y transformador: gestión educativa para el bienestar organizacional,2025,es,metadata,STM-METADATA-ES,6,0.6295792430361513,BERTopic-METADATA-MULTILINGUAL,0,1.0,False,language_specific_match,0.048248,False,pending
doi:10.22463/25909215.3259,La Gestión Escolar y su Relación con el Liderazgo para el Aprendizaje desde la Percepción del Director,2021,es,metadata,STM-METADATA-ES,12,0.7171619471253411,BERTopic-METADATA-MULTILINGUAL,0,1.0,False,STM_split_by_BERTopic,0.140676,False,pending
doi:10.22463/25909215.4152,El liderazgo educativo del directivo docente en las prácticas pedagógicas de las maestras de transición,2023,es,metadata,STM-METADATA-ES,12,0.35422331798198137,BERTopic-METADATA-MULTILINGUAL,0,0.9978574592591641,False,STM_split_by_BERTopic,0.140676,False,pending
doi:10.22463/25909215.5563,Desarrollo del pensamiento computacional mediado por el enfoque STEAM en la educación básica oficial de Colombia: reflexiones para la práctica,2025,es,metadata,STM-METADATA-ES,8,0.38046503866457165,BERTopic-METADATA-MULTILINGUAL,2,1.0,False,language_specific_match,0.022133,True,pending
doi:10.22507/rli.v23n1a3529,Cultura del cuidado y la inclusión en la escuela rural contemporánea: Una etnografía de la Institución Educativa Ana Gómez de Sierra,2026,es,metadata,STM-METADATA-ES,6,0.5307668545271687,BERTopic-METADATA-MULTILINGUAL,3,1.0,False,language_specific_match,0.042748,False,pending
doi:10.22529/dp.2021.19(38)11,La dirección escolar en la normativa vigente de la provincia de Córdoba,2021,es,metadata,STM-METADATA-ES,2,0.8028708567659595,BERTopic-METADATA-MULTILINGUAL,12,1.0,False,one_to_one,0.245798,False,pending
doi:10.22533/at.ed.7002410054,LA GESTIÓN ESCOLAR EN EL COMPROMISO DOCENTE EN INSTITUCIONES EDUCATIVAS DE LOS ANDES TROPICALES DEL PERÚ,2024,es,metadata,STM-METADATA-ES,14,0.5169485396330177,BERTopic-METADATA-MULTILINGUAL,3,0.924971895490544,False,partial_overlap,0.057543,False,pending
doi:10.22533/at.ed.989220509,Gestión escolar y compromiso organizacional en educación intercultural bilingüe: factores para el logro de aprendizajes,2022,es,metadata,STM-METADATA-ES,5,0.7446237721568866,BERTopic-METADATA-MULTILINGUAL,5,0.7454084366126893,False,weak_match,0.007515,False,pending
doi:10.22550/2174-0909.4440,"Reseña bibliográfica: Gairín-Sallán, J. (Coord.) (2024). Dirección y liderazgo de los centros educativos. Naturaleza, desarrollo y práctica profesional. Narcea. 302 pp.",2025,es,metadata,STM-METADATA-ES,3,0.6566174593501012,BERTopic-METADATA-MULTILINGUAL,-1,0.0,True,language_specific_match,0.026975,False,pending
doi:10.22550/rep80-1-2022-07,Dirección de centros educativos y ampliación de autonomía con rendición de cuentas. El rol mediador del liderazgo pedagógico.,2022,es,metadata,STM-METADATA-ES,3,0.5227050282761309,BERTopic-METADATA-MULTILINGUAL,-1,0.0,True,language_specific_match,0.026975,False,pending
doi:10.22579/23463910.1223,"La confianza estudiantil en las organizaciones de educación superior, una variable que requiere ser atendida",2025,es,metadata,STM-METADATA-ES,15,0.6235667993061047,BERTopic-METADATA-MULTILINGUAL,1,0.9254015412623446,False,weak_match,0.010969,False,pending
doi:10.2307/j.ctv2gz3v49.37,LA DIRECCIÓN ESCOLAR Y LA ÉTICA ORGANIZACIONAL EN LAS ESCUELAS DE CATALUNYA,2021,es,metadata,STM-METADATA-ES,5,0.7745788099061224,BERTopic-METADATA-MULTILINGUAL,-1,0.0,True,weak_match,0.015385,False,pending
doi:10.2307/j.ctv36k5bbt,Acercamiento multidisciplinar para la investigación e intervención en contextos educativos.,2022,es,metadata,STM-METADATA-ES,12,0.8983768571011294,BERTopic-METADATA-MULTILINGUAL,-1,0.0,True,language_specific_match,0.03338,False,pending
doi:10.2307/j.ctv36k5dxk.196,LA PLANIFICACIÓN Y SU RELACIÓN CON LOS PROYECTOS DE DIRECCIÓN ESCOLAR,2022,es,metadata,STM-METADATA-ES,3,0.4582768474923712,BERTopic-METADATA-MULTILINGUAL,7,0.9999788921939083,False,weak_match,0.016485,False,pending
doi:10.2307/jj.22246954.23,ENTENDIENDO EL LIDERAZGO DOCENTE DESDE LA PERSPECTIVA DE LA DIRECCIÓN ESCOLAR,2024,es,metadata,STM-METADATA-ES,12,0.689004271598886,BERTopic-METADATA-MULTILINGUAL,0,0.8588353948333562,False,STM_split_by_BERTopic,0.140676,False,pending
doi:10.23824/ase.v0i33.682,La organización y gestión de centros educativos: ¿una apuesta pendiente?,2020,es,metadata,STM-METADATA-ES,3,0.7081754661789872,BERTopic-METADATA-MULTILINGUAL,-1,0.0,True,language_specific_match,0.026975,False,pending
doi:10.23824/ase.v0i37.750,"Entrevista a D. Francisco Galván Palomo, inspector de educación jubilado",2022,es,metadata,STM-METADATA-ES,3,0.4558309709111362,BERTopic-METADATA-MULTILINGUAL,-1,0.0,True,language_specific_match,0.026975,False,pending
doi:10.23850/25907441.4392,Retos para la gestión de las instituciones de educación básica y media,2022,es,metadata,STM-METADATA-ES,14,0.513378251048933,BERTopic-METADATA-MULTILINGUAL,-1,0.0,True,language_specific_match,0.020149,False,pending
doi:10.23857/dc.v11i3.4510,La gestión educativa y la aplicación de TICS en la unidad educativa San Juan,2025,es,metadata,STM-METADATA-ES,4,0.5028518626064132,BERTopic-METADATA-MULTILINGUAL,2,1.0,False,weak_match,0.00596,False,pending
doi:10.23857/dc.v12i3.4914,Desarrollo profesional del docente para mejorar la gestión educativa,2026,es,metadata,STM-METADATA-ES,4,0.4870041893428979,BERTopic-METADATA-MULTILINGUAL,-1,0.0,True,language_specific_match,0.035398,False,pending
doi:10.23857/dc.v6i2.1191,Dirección escolar con enfoque de liderazgo carismático. Perfiles de un líder educativo,2020,es,metadata,STM-METADATA-ES,12,0.9509997271039708,BERTopic-METADATA-MULTILINGUAL,0,0.994108981360563,False,STM_split_by_BERTopic,0.140676,False,pending
doi:10.23857/dc.v7i1.1766,Nuevo modelo nacional de supervisión a la gestión educativa ecuatoriana,2021,es,metadata,STM-METADATA-ES,9,0.24777670798490475,BERTopic-METADATA-MULTILINGUAL,3,0.924971895490544,False,language_specific_match,0.033863,True,pending
doi:10.23857/pc.v10i12.10803,Influencia del liderazgo ético en la toma de decisiones para la gestión educativa,2025,es,metadata,STM-METADATA-ES,6,0.9605531869270896,BERTopic-METADATA-MULTILINGUAL,-1,0.0,True,language_specific_match,0.043382,False,pending
doi:10.23857/pc.v11i1.10997,Auditoría educativa y mejora institucional basada en estándares: investigación mixta en una unidad rural,2026,es,metadata,STM-METADATA-ES,9,0.5225232545354432,BERTopic-METADATA-MULTILINGUAL,1,0.9576393156828105,False,weak_match,0.012834,False,pending
doi:10.23857/pc.v11i3.11282,"El abandono escolar en la jornada nocturna y su incidencia, así como las estrategias de control desde la gestión educativa",2026,es,metadata,STM-METADATA-ES,8,0.6598728346850095,BERTopic-METADATA-MULTILINGUAL,-1,0.0,True,language_specific_match,0.035878,False,pending
doi:10.23857/pc.v11i4.11424,Institucionalización del Diseño Universal para el Aprendizaje: modelo de gestión escolar en Ecuador,2026,es,metadata,STM-METADATA-ES,8,0.3318087286121767,BERTopic-METADATA-MULTILINGUAL,3,0.924971895490544,False,language_specific_match,0.043692,True,pending
doi:10.23857/pc.v5i9.1746,Gestión escolar y calidad educativa en el contexto rural. Un reto en tiempos de COVID-19,2020,es,metadata,STM-METADATA-ES,16,0.5511221801452659,BERTopic-METADATA-MULTILINGUAL,3,1.0,False,language_specific_match,0.0222,False,pending
doi:10.23913/ride.v12i24.1117,Desafíos y experiencias de administradores escolares novatos en el sureste de México,2022,es,metadata,STM-METADATA-ES,12,0.4969119836793007,BERTopic-METADATA-MULTILINGUAL,-1,0.0,True,language_specific_match,0.03338,False,pending
doi:10.23913/ride.v15i29.2085,La gestión escolar: una oportunidad que promueve la reflexión sobre las crianzas y fortalece el vínculo entre la escuela y las familias,2024,es,metadata,STM-METADATA-ES,13,0.6072698622338996,BERTopic-METADATA-MULTILINGUAL,10,0.49772947989207905,False,weak_match,0.013147,False,pending
doi:10.24054/cie.v2i19.3248,La Educación para la Convivencia Armónica en la Escuela Ecuatoriana,2024,es,metadata,STM-METADATA-ES,9,0.368339051067933,BERTopic-METADATA-MULTILINGUAL,3,0.9446987547728896,False,language_specific_match,0.033863,True,pending
doi:10.24054/face.v23i1.2450,"La gestión escolar en la promoción de actitudes de los estudiantes de secundaria sobre la sostenibilidad del agua. el Paujil Caquetá, Amazonia Colombiana",2023,es,metadata,STM-METADATA-ES,8,0.6929728854908548,BERTopic-METADATA-MULTILINGUAL,-1,0.0,True,language_specific_match,0.035878,False,pending
doi:10.24065/2237-9460.2023v13n1id2040,ASPECTOS TEÓRICOS PARA EL ANÁLISIS DE LA DIRECCIÓN ESCOLAR CONCEPTUALIZACIONES Y MODELOS,2023,es,metadata,STM-METADATA-ES,3,0.7799997340779331,BERTopic-METADATA-MULTILINGUAL,0,0.8588353948333562,False,language_specific_match,0.038262,False,pending
doi:10.24215/23468866e177,Gestión democrática escolar: concepciones de participación en dos escuelas del municipio de Barracão,2025,es,metadata,STM-METADATA-ES,1,0.8643265780771225,BERTopic-METADATA-MULTILINGUAL,-1,0.0,True,weak_match,0.016227,False,pending
doi:10.24310/ijne.10.2022.15117,La escuela pública madrileña desde la visión del liderazgo distribuido: un estudio descriptivo,2022,es,metadata,STM-METADATA-ES,12,0.34463356927562383,BERTopic-METADATA-MULTILINGUAL,0,0.7908436270665823,False,STM_split_by_BERTopic,0.140676,True,pending
doi:10.24310/mgnmar.v4i2.15332,Las mujeres científicas como referente en la Educación Primaria. Perspectiva micropolítica,2023,es,metadata,STM-METADATA-ES,12,0.6830942258361955,BERTopic-METADATA-MULTILINGUAL,8,1.0,False,language_specific_match,0.023409,False,pending
doi:10.24320/redie.2023.25.e08.4215,Autopercepción de las prácticas de liderazgo directivo-educativo en territorios de diversidad cultural,2023,es,metadata,STM-METADATA-ES,12,0.37616648027763455,BERTopic-METADATA-MULTILINGUAL,-1,0.0,True,language_specific_match,0.03338,False,pending
doi:10.24320/redie.2024.26.e01.5528,Repensando la gestión educativa de la escuela en el contexto mapuche,2024,es,metadata,STM-METADATA-ES,11,0.7355187432500049,BERTopic-METADATA-MULTILINGUAL,3,1.0,False,partial_overlap,0.052823,False,pending
doi:10.25054/01240307.2433,Condiciones de la Gestión Escolar en el proceso de Inclusión en institución educativa de Neiva,2021,es,metadata,STM-METADATA-ES,8,0.5433544346475142,BERTopic-METADATA-MULTILINGUAL,5,0.9668812518740281,False,STM_split_by_BERTopic,0.114836,False,pending
doi:10.25127/rcsh.20236.930,"Compromisos de gestión escolar y administración de recursos en directivos de Educación Básica, Luya - 2022",2023,es,metadata,STM-METADATA-ES,10,0.7432709752993909,BERTopic-METADATA-MULTILINGUAL,1,0.9049892903067768,False,partial_overlap,0.056243,False,pending
doi:10.25267/hachetetepe.2023.i26.1106,Desafíos tecnológicos de actores escolares en bachilleratos mexicanos en desventaja. ¿Qué queda para el profesorado?,2023,es,metadata,STM-METADATA-ES,7,0.2705448210764264,BERTopic-METADATA-MULTILINGUAL,6,0.8090769506949886,False,weak_match,0.005919,True,pending
doi:10.26490/uncp.alboradaciencia.2021.1.975,Planificación estratégica situacional en la gestión escolar de las instituciones educativas,2021,es,metadata,STM-METADATA-ES,14,0.9328734272680423,BERTopic-METADATA-MULTILINGUAL,7,0.9999788921939083,False,partial_overlap,0.050433,False,pending
doi:10.26490/uncp.alboradaciencia.2022.2.1118,Construcción de instrumento para conocer los modelos de planificación estratégica y gestión escolar,2022,es,metadata,STM-METADATA-ES,10,0.654933733683693,BERTopic-METADATA-MULTILINGUAL,7,0.9999788921939083,False,weak_match,0.014103,False,pending
doi:10.26490/uncp.horizonteciencia.2021.20.784,Factores organizacionales en una institución educativa privada del Callao-Perú,2021,es,metadata,STM-METADATA-ES,12,0.3704747304433321,BERTopic-METADATA-MULTILINGUAL,-1,0.0,True,language_specific_match,0.03338,True,pending
doi:10.26490/uncp.horizonteciencia.2022.22.1080,Percepciones de los miembros de la Comunidad Educativa sobre el liderazgo de un director de Pastoral de una Institución educativa privada de Lima Metropolitana,2021,es,metadata,STM-METADATA-ES,12,0.5261091659474258,BERTopic-METADATA-MULTILINGUAL,0,0.8943180056143446,False,STM_split_by_BERTopic,0.140676,False,pending
doi:10.26490/uncp.investigacionyeducacion.2021.2.1.1367,Experiencias de trabajos en educación,2021,es,metadata,STM-METADATA-ES,14,0.38428630915335155,BERTopic-METADATA-MULTILINGUAL,-1,0.0,True,language_specific_match,0.020149,True,pending
doi:10.26620/uniminuto.perspectivas.7.22.2022.146-156,Investigación en la gestión de la educación: sus aportes en la solución de problemas dentro del centro escolar,2023,es,metadata,STM-METADATA-ES,15,0.4436435595000186,BERTopic-METADATA-MULTILINGUAL,7,1.0,False,language_specific_match,0.034166,False,pending
doi:10.26620/uniminuto.praxis.25.39.2025.109-127,La función directiva en la escuela rural. Una mirada desde el Estado de Chiapas,2025,es,metadata,STM-METADATA-ES,12,0.8291792041055799,BERTopic-METADATA-MULTILINGUAL,3,1.0,False,weak_match,0.01249,False,pending
doi:10.26620/uniminuto/978-958-763-601-7,Dirección escolar y liderazgo: análisis del desempeño del rol directivo en instituciones de educación públicas y privadas de Colombia,2022,es,metadata,STM-METADATA-ES,3,0.8315715635752897,BERTopic-METADATA-MULTILINGUAL,-1,0.0,True,language_specific_match,0.026975,False,pending
doi:10.26820/recimundo/7.(1).enero.2023.108-117,Rol de apoyo a la inclusión pedagógica para estudiantes con necesidades especiales,2023,es,metadata,STM-METADATA-ES,15,0.38729895030127537,BERTopic-METADATA-MULTILINGUAL,5,1.0,False,weak_match,0.008443,False,pending
doi:10.26820/recimundo/8.(2).abril.2024.406-421,El aprendizaje significativo y funcional: un desafío para la gestión educativa en la construcción curricular vanguardista,2024,es,metadata,STM-METADATA-ES,8,0.3265564210144119,BERTopic-METADATA-MULTILINGUAL,-1,0.0,True,language_specific_match,0.035878,True,pending
doi:10.26871/killkanasocial.v7i3.1406,Análisis comparativo entre los estándares de calidad del Ministerio de Educación y del Consejo de Aseguramiento de la Calidad de la Educación Superior,2023,es,metadata,STM-METADATA-ES,11,0.47303814054686966,BERTopic-METADATA-MULTILINGUAL,1,0.9463163764391572,False,weak_match,0.007807,False,pending
doi:10.26885/rcei.11.1.9,Estilo de liderazgo y nivel de desempeño en la gestión escolar,2022,es,metadata,STM-METADATA-ES,10,0.9234969730423862,BERTopic-METADATA-MULTILINGUAL,0,0.8553169996891316,False,language_specific_match,0.023905,False,pending
doi:10.26885/rcei.12.1.138,La supervisión educativa y su rol en el logro de los aprendizajes en el Paraguay,2023,es,metadata,STM-METADATA-ES,14,0.5868943547649859,BERTopic-METADATA-MULTILINGUAL,3,0.8884850304899375,False,partial_overlap,0.057543,False,pending
doi:10.26885/rcei.13.2.13,Desafíos y estrategias del rol directivo en la función formativa: promoviendo el cambio y la innovación en equipos docentes,2024,es,metadata,STM-METADATA-ES,12,0.6792189579897647,BERTopic-METADATA-MULTILINGUAL,0,0.9103382178808316,False,STM_split_by_BERTopic,0.140676,False,pending
doi:10.26885/rcei.13.2.25,"Percepciones sobre la implementación de las normas de convivencia y gestión escolar en una institución educativa salesiana de Asunción, Paraguay",2024,es,metadata,STM-METADATA-ES,12,0.4621925378286025,BERTopic-METADATA-MULTILINGUAL,3,0.8762779548893046,False,weak_match,0.01249,False,pending
doi:10.29035/ucmaule.63.56,Estudiantes migrantes en escuelas chilenas,2022,es,metadata,STM-METADATA-ES,3,0.35858593880135053,BERTopic-METADATA-MULTILINGUAL,-1,0.0,True,language_specific_match,0.026975,True,pending
doi:10.29057/esat.v7i13.5296,Percepción en la implementación de modelos de gestión educativa en instituciones de educación superior,2020,es,metadata,STM-METADATA-ES,14,0.48762544839805644,BERTopic-METADATA-MULTILINGUAL,1,0.9608846114668657,False,partial_overlap,0.05166,False,pending
doi:10.29057/escs.v11i21.10888,Reseña: Transiciones de la gestión directiva en las organizaciones educativas,2024,es,metadata,STM-METADATA-ES,16,0.36988102821653784,BERTopic-METADATA-MULTILINGUAL,0,0.788794302095649,False,weak_match,0.013942,True,pending
doi:10.29059/educiencia.v7i2.224,La relevancia del plan estratégico institucional en educación básica,2022,es,metadata,STM-METADATA-ES,16,0.7534189583773165,BERTopic-METADATA-MULTILINGUAL,-1,0.0,True,weak_match,0.018935,False,pending
doi:10.29105/vtga7.2-61,"La responsabilidad social universitaria, un reto para la gestión educativa",2022,es,metadata,STM-METADATA-ES,15,0.401314162483892,BERTopic-METADATA-MULTILINGUAL,7,1.0,False,language_specific_match,0.034166,False,pending
doi:10.29166/catedra.v5i2.3543,Estrategias de gestión educativa para fortalecer la ética docente,2022,es,metadata,STM-METADATA-ES,4,0.32004149762429424,BERTopic-METADATA-MULTILINGUAL,-1,0.0,True,language_specific_match,0.035398,False,pending
doi:10.29228/asrjournal.66776,Female Directors' Perspective To School Management In Basic Education,2022,es,metadata,STM-METADATA-ES,2,0.39109362406179954,BERTopic-METADATA-MULTILINGUAL,8,1.0,False,weak_match,0.011852,False,pending
doi:10.29228/asrjournal.71516,Investigation of Teachers' Views on Their Participation in School Management,2023,es,metadata,STM-METADATA-ES,1,0.8377437216362743,BERTopic-METADATA-MULTILINGUAL,-1,0.0,True,weak_match,0.016227,False,pending
doi:10.29393/pa76-8olld10008,Orientaciones legales y políticas del liderazgo directivo en Chile; historia normativa de 1980 a 2025,2025,es,metadata,STM-METADATA-ES,3,0.6732081290697671,BERTopic-METADATA-MULTILINGUAL,12,1.0,False,language_specific_match,0.049164,False,pending
doi:10.29394/scientific.issn.2542-2987.2024.9.e2.10.204-225,La Incidencia del Liderazgo Educativo en la Implementación del Aprendizaje Colaborativo,2024,es,metadata,STM-METADATA-ES,9,0.2284496318683515,BERTopic-METADATA-MULTILINGUAL,0,0.994108981360563,False,weak_match,0.009846,True,pending
doi:10.29394/scientific.issn.2542-2987.2024.9.e4.8.157-176,La Comunicación en la Gestión Escolar y su Incidencia en el Clima Laboral de una Unidad Educativa,2024,es,metadata,STM-METADATA-ES,9,0.7284179540520477,BERTopic-METADATA-MULTILINGUAL,-1,0.0,True,language_specific_match,0.027746,False,pending
doi:10.29394/scientific.issn.2542-2987.2025.10.e1.3.69-91,Acompañamiento Socioemocional como Apoyo a la Gestión Escolar Frente a Entornos de Violencia,2025,es,metadata,STM-METADATA-ES,9,0.8402726801323167,BERTopic-METADATA-MULTILINGUAL,-1,0.0,True,language_specific_match,0.027746,False,pending
doi:10.29394/scientific.issn.2542-2987.2025.10.e2.5.107-128,Gestión Educativa Emocional para el Desempeño Docente del Bachillerato de la Unidad Educativa 12 de Febrero,2025,es,metadata,STM-METADATA-ES,9,0.6031525097134347,BERTopic-METADATA-MULTILINGUAL,-1,0.0,True,language_specific_match,0.027746,False,pending
doi:10.29394/scientific.issn.2542-2987.2025.10.e2.8.162-181,Gestión Educativa para Optimizar el Clima Laboral en la Escuela de Educación Básica Mahatma Gandhi,2025,es,metadata,STM-METADATA-ES,9,0.9157450550471662,BERTopic-METADATA-MULTILINGUAL,-1,0.0,True,language_specific_match,0.027746,False,pending
doi:10.29394/scientific.issn.2542-2987.2025.10.e3.7.138-152,Estrategias de Gestión Educativa en Instituciones Rurales del Ecuador,2025,es,metadata,STM-METADATA-ES,9,0.4850200458488188,BERTopic-METADATA-MULTILINGUAL,3,0.924971895490544,False,language_specific_match,0.033863,False,pending
doi:10.29394/scientific.issn.2542-2987.2025.10.e4.3.57-78,La Gestión Educativa en el Uso de Nuevas Metodologías de Enseñanza en una Unidad Educativa,2025,es,metadata,STM-METADATA-ES,8,0.5670611169851599,BERTopic-METADATA-MULTILINGUAL,-1,0.0,True,language_specific_match,0.035878,False,pending
doi:10.29394/scientific.issn.2542-2987.2025.10.e6.1.23-44,El rol de la Gestión Educativa en la Atención a los Estudiantes con Escolaridad Inconclusa,2025,es,metadata,STM-METADATA-ES,8,0.46016565409683563,BERTopic-METADATA-MULTILINGUAL,-1,0.0,True,language_specific_match,0.035878,True,pending
doi:10.30545/academo.2024.may-ago.6,Metáforas relacionadas a la gestión escolar en las escuelas del Per,2024,es,metadata,STM-METADATA-ES,16,0.38551131698823116,BERTopic-METADATA-MULTILINGUAL,-1,0.0,True,weak_match,0.018935,False,pending
doi:10.30554/p.e.35.1.5623.2026,Desafíos a los que se enfrentan los estudiantes inmigrantes en los procesos educativos y respuestas administrativas de la gestión escolar,2026,es,metadata,STM-METADATA-ES,9,0.43337606488208025,BERTopic-METADATA-MULTILINGUAL,-1,0.0,True,language_specific_match,0.027746,False,pending
doi:10.30827/eticanet.v25i2.33767,"Práctica docente, jornada escolar y rendimiento académico en Primaria de América Latina. Revisión sistemática (2020-2024)",2025,es,metadata,STM-METADATA-ES,8,0.6508893587016573,BERTopic-METADATA-MULTILINGUAL,-1,0.0,True,language_specific_match,0.035878,False,pending
doi:10.30827/profesorado.v25i2.18443,La inducción docente desde el discurso supranacional,2021,es,metadata,STM-METADATA-ES,8,0.5746861817587127,BERTopic-METADATA-MULTILINGUAL,-1,0.0,True,language_specific_match,0.035878,False,pending
doi:10.30827/profesorado.v27i1.24096,¿Por qué investigar el liderazgo de la Dirección escolar en España desde la perspectiva de la identidad profesional? Revisión teórica desde una mirada genealógica,2023,es,metadata,STM-METADATA-ES,12,0.5968175985594948,BERTopic-METADATA-MULTILINGUAL,0,0.841145722700564,False,STM_split_by_BERTopic,0.140676,False,pending
doi:10.30827/profesorado.v28i1.29599,Liderazgo pedagógico y complejidad de la gestión escolar: un estudio de casos múltiples,2024,es,metadata,STM-METADATA-ES,12,0.7213180547263979,BERTopic-METADATA-MULTILINGUAL,0,0.8588353948333562,False,STM_split_by_BERTopic,0.140676,False,pending
doi:10.30827/profesorado.v28i2.22682,La identidad de la dirección escolar desde la mirada de la inspección educativa,2024,es,metadata,STM-METADATA-ES,12,0.8140825973156915,BERTopic-METADATA-MULTILINGUAL,0,0.841145722700564,False,STM_split_by_BERTopic,0.140676,False,pending
doi:10.30827/profesorado.v29i2.32291,Trayectorias e identidad de liderazgo de directoras de Educación Secundaria de formación profesional: un estudio exploratorio,2025,es,metadata,STM-METADATA-ES,12,0.962992993238834,BERTopic-METADATA-MULTILINGUAL,-1,0.0,True,language_specific_match,0.03338,False,pending
doi:10.30972/riie.13176140,"Biopolítica, imperativos de regulación y gestión escolar. Un análisis de las prácticas de directores/as de escuelas secundarias en el partido de San Martín a partir de la irrupción del COVID 19",2022,es,metadata,STM-METADATA-ES,1,0.9641833050764425,BERTopic-METADATA-MULTILINGUAL,-1,0.0,True,weak_match,0.016227,False,pending
doi:10.30972/riie.16228016,Escuelas rurales santafesinas en tiempo de pandemia: innovación en las prácticas institucionales,2024,es,metadata,STM-METADATA-ES,3,0.2505137784940893,BERTopic-METADATA-MULTILINGUAL,-1,0.0,True,language_specific_match,0.026975,True,pending
doi:10.30972/riie.16228044,"La gestión educativa de la escuela secundaria: aportes desde la perspectiva de directivos de la provincia de Buenos Aires, entre 2010 y 2020",2024,es,metadata,STM-METADATA-ES,2,0.7465767066843717,BERTopic-METADATA-MULTILINGUAL,12,1.0,False,one_to_one,0.245798,False,pending
doi:10.30972/riie.16228046,"Las palabras permanecen, ¿Cambian los significados? Un análisis acerca de la progresiva consolidación del enfoque de la gestión escolar",2024,es,metadata,STM-METADATA-ES,13,0.35055023705785726,BERTopic-METADATA-MULTILINGUAL,-1,0.0,True,language_specific_match,0.020513,True,pending
doi:10.31219/osf.io/z2y7c,La Inteligencia Artificial al servicio de la gestión y la implementación en la educación,2023,es,metadata,STM-METADATA-ES,7,0.9735874132302438,BERTopic-METADATA-MULTILINGUAL,9,1.0,False,one_to_one,0.257086,False,pending
doi:10.31391/s2007-7033(2021)0057-011,"Modelo de convivencia escolar. Un marco para políticas públicas, formación e investigación",2021,es,metadata,STM-METADATA-ES,11,0.6285946255716225,BERTopic-METADATA-MULTILINGUAL,-1,0.0,True,weak_match,0.019231,False,pending
doi:10.31637/epsir-2024-1412,Traslados escolares y aspiraciones de jóvenes en territorios rurales mexicanos,2024,es,metadata,STM-METADATA-ES,3,0.36261615014003784,BERTopic-METADATA-MULTILINGUAL,3,1.0,False,language_specific_match,0.027015,True,pending
doi:10.31637/epsir-2026-1649,Análisis de plataformas de gestión educativa. Visiones de los agentes educativos,2025,es,metadata,STM-METADATA-ES,7,0.8906072450402017,BERTopic-METADATA-MULTILINGUAL,2,0.8332966430541445,False,BERTopic_combines_STM,0.15443,False,pending
doi:10.31876/rcs.v28i.38152,Factores de gestión escolar en el compromiso organizacional en una Red educativa en Perú,2022,es,metadata,STM-METADATA-ES,10,0.7041141058475785,BERTopic-METADATA-MULTILINGUAL,-1,0.0,True,language_specific_match,0.03007,False,pending
doi:10.31876/rcs.v30i2.41898,Ruta de gestión escolar para el aseguramiento del aprendizaje en estudiantes extraedad en Colombia,2024,es,metadata,STM-METADATA-ES,8,0.39548597518370576,BERTopic-METADATA-MULTILINGUAL,3,1.0,False,language_specific_match,0.043692,False,pending
doi:10.31876/rcs.v30i3.42697,Inteligencia artificial como mecanismo para mejorar la gestión educativa universitaria,2024,es,metadata,STM-METADATA-ES,7,0.476366492422778,BERTopic-METADATA-MULTILINGUAL,9,1.0,False,one_to_one,0.257086,False,pending
doi:10.31906/redpensar.v10i2.224,Una administración educativa que responde a los retos postpandemia desde la ética lasallista,2022,es,metadata,STM-METADATA-ES,11,0.35082810317595,BERTopic-METADATA-MULTILINGUAL,6,0.8090769506949886,False,weak_match,0.017236,False,pending
doi:10.31948/rev.unimar/unimar41-2-art11,Desafíos actuales de la planificación educativa en Colombia,2023,es,metadata,STM-METADATA-ES,16,0.36537080305493014,BERTopic-METADATA-MULTILINGUAL,3,0.8430283525327227,False,language_specific_match,0.0222,False,pending
doi:10.31977/grirfi.v25i3.5371,Filosofía de Paulo Freire como urgencia en tiempos de dolor y desprecio a la vida,2025,es,metadata,STM-METADATA-ES,13,0.7780985378666088,BERTopic-METADATA-MULTILINGUAL,7,1.0,False,language_specific_match,0.026269,False,pending
doi:10.32541/recie.2020.v4i1.pp20-33,Régimen Académico y Educación Secundaria: Procesos de recontextualización y tensiones en la gestión y culturas escolares,2020,es,metadata,STM-METADATA-ES,3,0.33730267956658877,BERTopic-METADATA-MULTILINGUAL,12,1.0,False,language_specific_match,0.049164,True,pending
doi:10.32541/recie.v8i2.735,"Gestión escolar con enfoque inclusivo a nivel macro, meso y microcurricular: Experiencias de un estudio de caso",2024,es,metadata,STM-METADATA-ES,8,0.3115622260569859,BERTopic-METADATA-MULTILINGUAL,5,1.0,False,STM_split_by_BERTopic,0.114836,False,pending
doi:10.32654/concienciaepg.5-1.2,Empoderamiento y liderazgo educativo en directores de la Unidad de Gestión Educativa Local de Ferreñafe,2020,es,metadata,STM-METADATA-ES,10,0.4294160612362199,BERTopic-METADATA-MULTILINGUAL,0,1.0,False,language_specific_match,0.023905,True,pending
doi:10.32719/26312816.2022.6.1.11,El liderazgo en la gestión del director,2023,es,metadata,STM-METADATA-ES,12,0.31897203212908476,BERTopic-METADATA-MULTILINGUAL,0,0.9847220433244848,False,STM_split_by_BERTopic,0.140676,True,pending
doi:10.32719/26312816.2024.8.1.7,Fenómeno de El Niño y la escuela en el Perú: ¿Qué sabemos sobre los impactos de los últimos tres eventos?,2024,es,metadata,STM-METADATA-ES,11,0.3149873177689917,BERTopic-METADATA-MULTILINGUAL,3,0.8755855959144534,False,partial_overlap,0.052823,False,pending
doi:10.32735/s2810-7594/2025-n4-138,Gestión educativa basada en evidencias para la mejora escolar,2025,es,metadata,STM-METADATA-ES,15,0.19300170048712306,BERTopic-METADATA-MULTILINGUAL,2,0.7466889658678826,False,language_specific_match,0.03951,True,pending
doi:10.32870/gespye.vi7.88,Editorial,2021,es,metadata,STM-METADATA-ES,3,0.4561886015427181,BERTopic-METADATA-MULTILINGUAL,0,1.0,False,language_specific_match,0.038262,False,pending
doi:10.33064/iycuaa2022853434,La gestión escolar ante COVID-19. ¿Cómo organizaron los directores de escuelas primarias a sus comunidades educativas?,2022,es,metadata,STM-METADATA-ES,5,0.5487792370313903,BERTopic-METADATA-MULTILINGUAL,6,1.0,False,language_specific_match,0.027154,False,pending
doi:10.33255/26184141/1568e0018,"El trabajo de dirigir: apuntes conceptuales sobre la dirección escolar en Argentina, 2001- 2020",2023,es,metadata,STM-METADATA-ES,1,0.7506624947382824,BERTopic-METADATA-MULTILINGUAL,-1,0.0,True,weak_match,0.016227,False,pending
doi:10.33255/26184141/2437e0066,"Corporaciones, petróleo y educación en Neuquén. El caso de Pan American Energy",2026,es,metadata,STM-METADATA-ES,3,0.735858768914519,BERTopic-METADATA-MULTILINGUAL,3,0.8092937895784751,False,language_specific_match,0.027015,False,pending
doi:10.33262/ap.v5i3.374,Gestión educativa y desempeño docente en las escuelas de Ecuador,2023,es,metadata,STM-METADATA-ES,16,0.37760659206774716,BERTopic-METADATA-MULTILINGUAL,3,0.924971895490544,False,language_specific_match,0.0222,False,pending
doi:10.33262/ap.v7i3.1.641,La gestión educativa para el desarrollo de las habilidades investigativas en los docentes,2025,es,metadata,STM-METADATA-ES,16,0.4164197459774221,BERTopic-METADATA-MULTILINGUAL,7,1.0,False,weak_match,0.014189,False,pending
doi:10.33262/concienciadigital.v6i1.3.2501,"Educación inclusiva: adaptaciones curriculares para estudiantes con necesidades educativas especiales asociadas a la discapacidad física, visual, intelectual y déficit de atención, un cambio estructural en la práctica educativa",2023,es,metadata,STM-METADATA-ES,8,0.5628638580158066,BERTopic-METADATA-MULTILINGUAL,5,1.0,False,STM_split_by_BERTopic,0.114836,False,pending
doi:10.33262/concienciadigital.v6i4.2701,Gestión educativa de la recreación infantil para escolares,2023,es,metadata,STM-METADATA-ES,16,0.9367751726991668,BERTopic-METADATA-MULTILINGUAL,-1,0.0,True,weak_match,0.018935,False,pending
doi:10.33262/exploradordigital.v8i3.3106,Evaluación estadística con SPSS y Python del impacto integral generado por la asistencia de inteligencia artificial en docentes ecuatorianos,2024,es,metadata,STM-METADATA-ES,7,0.9761412172182911,BERTopic-METADATA-MULTILINGUAL,9,1.0,False,one_to_one,0.257086,False,pending
doi:10.33326/26176041.2025.1.2389,Impacto del estrés ocupacional en el desempeño docente en tiempos de pospandemia:,2025,es,metadata,STM-METADATA-ES,4,0.7441611962842639,BERTopic-METADATA-MULTILINGUAL,13,1.0,False,weak_match,0.015982,False,pending
doi:10.33386/593dp.2021.1.411,Incidencia del modelo teórico organizacional de calidad y competitividad en la Escuela Ciudad de Machala,2020,es,metadata,STM-METADATA-ES,16,0.35458516436299986,BERTopic-METADATA-MULTILINGUAL,3,0.8535840532713838,False,language_specific_match,0.0222,False,pending
doi:10.33386/593dp.2021.1.456,La formación de habilidades investigativas en estudiantes de la Universidad de Especialidades Espíritu Santo (UEES) de la Maestría en Gestión Educativa (MGE),2020,es,metadata,STM-METADATA-ES,11,0.93078105002232,BERTopic-METADATA-MULTILINGUAL,7,1.0,False,partial_overlap,0.051921,False,pending
doi:10.33386/593dp.2021.1.457,El Liderazgo Transformacional en la Gestión Educativa en la Unidad Educativa República de Francia de Guayaquil,2020,es,metadata,STM-METADATA-ES,15,0.6363144216917774,BERTopic-METADATA-MULTILINGUAL,-1,0.0,True,language_specific_match,0.020611,False,pending
doi:10.33386/593dp.2021.2-1.490,La gestión educativa y su influencia en los nuevos desafíos del desarrollo curricular en la Unidad Educativa Bartolomé Garelli,2021,es,metadata,STM-METADATA-ES,15,0.5144606736332827,BERTopic-METADATA-MULTILINGUAL,-1,0.0,True,language_specific_match,0.020611,False,pending
doi:10.33386/593dp.2021.2-1.532,La eficiencia de la gestión educativa y su impacto en la innovación del docente de la Institución Bárbara Alfaro,2021,es,metadata,STM-METADATA-ES,15,0.42602612102642096,BERTopic-METADATA-MULTILINGUAL,-1,0.0,True,language_specific_match,0.020611,False,pending
doi:10.33386/593dp.2021.4-1.664,Gestión en la Educación Inclusiva y su influencia en el aprendizaje en los estudiantes de segundo de básica,2021,es,metadata,STM-METADATA-ES,14,0.7174255770292745,BERTopic-METADATA-MULTILINGUAL,5,1.0,False,weak_match,0.016565,False,pending
doi:10.33386/593dp.2021.4.576,Los retos de la gerencia educativa de la escuela Jaime Nebot Velasco durante la pandemia,2021,es,metadata,STM-METADATA-ES,15,0.9190223338734446,BERTopic-METADATA-MULTILINGUAL,6,1.0,False,partial_overlap,0.06264,False,pending
doi:10.33386/593dp.2022.1-1.1008,liderazgo transformacional y su incidencia en la gestión educativa de la escuela Héroes del Cenepa.,2022,es,metadata,STM-METADATA-ES,15,0.5457148366548615,BERTopic-METADATA-MULTILINGUAL,0,1.0,False,language_specific_match,0.03975,False,pending
doi:10.33386/593dp.2022.1-1.1010,gestión educativa que impulsa a los neobachilleres para enfrentar los retos de la sociedad,2022,es,metadata,STM-METADATA-ES,14,0.5562114380750652,BERTopic-METADATA-MULTILINGUAL,7,1.0,False,partial_overlap,0.050433,False,pending
doi:10.33386/593dp.2022.1-1.1034,"gestión educativa y su relación con el liderazgo organizacional en la Unidad Educativa ""11 de Octubre"".",2022,es,metadata,STM-METADATA-ES,16,0.4085692708496627,BERTopic-METADATA-MULTILINGUAL,-1,0.0,True,weak_match,0.018935,False,pending
doi:10.33386/593dp.2022.1-1.997,Modelo teórico para la estimulación de la inteligencia emocional como eje transversal en la gestión educativa.,2022,es,metadata,STM-METADATA-ES,15,0.6214528198741615,BERTopic-METADATA-MULTILINGUAL,-1,0.0,True,language_specific_match,0.020611,False,pending
doi:10.33386/593dp.2023.4.1919,"La Creatividad de la Gestión Educativa ante los Nuevos Desafíos de los Estándares de Calidad en la Unidad Educativa Fiscomisional ""Nuevo Ecuador""",2023,es,metadata,STM-METADATA-ES,15,0.8083529307397933,BERTopic-METADATA-MULTILINGUAL,-1,0.0,True,language_specific_match,0.020611,False,pending
doi:10.33386/593dp.2024.1-1.2266,Gestión escolar y calidad educativa,2024,es,metadata,STM-METADATA-ES,14,0.5644853349817521,BERTopic-METADATA-MULTILINGUAL,-1,0.0,True,language_specific_match,0.020149,False,pending
doi:10.33386/593dp.2024.6.2817,La gestión educativa como indicador de eficiencia en el clima organizacional,2024,es,metadata,STM-METADATA-ES,9,0.3885560703337113,BERTopic-METADATA-MULTILINGUAL,-1,0.0,True,language_specific_match,0.027746,True,pending
doi:10.33386/593dp.2025.6.3622,Uso de ambientes de aprendizaje en la participación familiar y comunitaria en las instituciones educativas del sector rural,2025,es,metadata,STM-METADATA-ES,6,0.6133925883566144,BERTopic-METADATA-MULTILINGUAL,3,1.0,False,language_specific_match,0.042748,False,pending
doi:10.33539/educacion.2024.v30n1.3154,Prácticas de Gestión e Implicancias del Compromiso: Hacia la Comunidad de Aprendizaje,2024,es,metadata,STM-METADATA-ES,10,0.42545596387299234,BERTopic-METADATA-MULTILINGUAL,-1,0.0,True,language_specific_match,0.03007,False,pending
doi:10.33881/2027-1786.rip.13105,Incidencia del clima familiar y escolar en la conducta de ciberacoso: Estudio con adolescentes de Córdoba (Argentina),2020,es,metadata,STM-METADATA-ES,12,0.39118114075386795,BERTopic-METADATA-MULTILINGUAL,-1,0.0,True,language_specific_match,0.03338,False,pending
doi:10.33936/psidial.v1iespecial.5186,"Estrés docente en tiempos de confinamiento: estudio de caso en el cantón Santa Ana de Manabí, Ecuador",2022,es,metadata,STM-METADATA-ES,15,0.4972134614748765,BERTopic-METADATA-MULTILINGUAL,6,0.8090769506949886,False,partial_overlap,0.06264,True,pending
doi:10.33996/franztamayo.v3i6.312,La planificación participativa en la gestión escolar de la Unidad Educativa Madre Nazaria,2021,es,metadata,STM-METADATA-ES,9,0.42491130079635,BERTopic-METADATA-MULTILINGUAL,-1,0.0,True,language_specific_match,0.027746,False,pending
doi:10.33996/merito.v1i1.4,La supervisión educativa. Funciones gerenciales para garantizar la eficiencia,2020,es,metadata,STM-METADATA-ES,16,0.22792985022560103,BERTopic-METADATA-MULTILINGUAL,-1,0.0,True,weak_match,0.018935,True,pending
doi:10.33996/repe.v1i1.16,Procesos administrativos en la gestión escolar del director de las instituciones educativas,2020,es,metadata,STM-METADATA-ES,10,0.4877241048499055,BERTopic-METADATA-MULTILINGUAL,-1,0.0,True,language_specific_match,0.03007,False,pending
doi:10.33996/revistahorizontes.v6i23.342,La utopía de la escuela rural en Lambayeque desde la Chakana pregunta y la covid-19,2022,es,metadata,STM-METADATA-ES,13,0.7898645270453698,BERTopic-METADATA-MULTILINGUAL,3,1.0,False,weak_match,0.012983,False,pending
doi:10.33996/revistahorizontes.v6i25.418,La gestión educativa como factor de calidad en las instituciones educativas públicas,2022,es,metadata,STM-METADATA-ES,16,0.40670971559673547,BERTopic-METADATA-MULTILINGUAL,-1,0.0,True,weak_match,0.018935,False,pending
doi:10.33996/revistahorizontes.v6i25.443,Liderazgo transformacional directivo y trabajo colaborativo docente en una institución educativa pública del Perú,2022,es,metadata,STM-METADATA-ES,4,0.5683343923370477,BERTopic-METADATA-MULTILINGUAL,0,0.8377211599902373,False,weak_match,0.010118,False,pending
doi:10.33996/revistahorizontes.v6i25.450,Gestión educativa estratégica de calidad en una I.E. Pública de Ancash,2022,es,metadata,STM-METADATA-ES,14,0.45426332454810475,BERTopic-METADATA-MULTILINGUAL,1,0.8721536114708545,False,partial_overlap,0.05166,False,pending
doi:10.33996/revistahorizontes.v7i30.655,Gestión escolar de los directivos en instituciones educativas: Revisión sistemática,2023,es,metadata,STM-METADATA-ES,14,0.7539722405834316,BERTopic-METADATA-MULTILINGUAL,-1,0.0,True,language_specific_match,0.020149,False,pending
doi:10.33996/revistahorizontes.v7i31.674,Gestión escolar e inclusividad en una Institución Educativa en la Provincia Constitucional del Callao,2023,es,metadata,STM-METADATA-ES,4,0.4438965587436078,BERTopic-METADATA-MULTILINGUAL,5,1.0,False,weak_match,0.012337,False,pending
doi:10.33996/revistahorizontes.v8i32.726,Gestión escolar en instituciones educativas públicas en contextos de emergencia sanitaria,2024,es,metadata,STM-METADATA-ES,14,0.5050506094314523,BERTopic-METADATA-MULTILINGUAL,3,0.8047904133253205,False,partial_overlap,0.057543,True,pending
doi:10.33996/revistahorizontes.v8i34.836,Liderazgo directivo en instituciones de educación básica y media: Revisión sistemática,2024,es,metadata,STM-METADATA-ES,14,0.7182841034301269,BERTopic-METADATA-MULTILINGUAL,0,1.0,False,weak_match,0.01562,False,pending
doi:10.33996/revistahorizontes.v8i35.867,Formación profesional de directores y gestión de escuelas públicas,2024,es,metadata,STM-METADATA-ES,10,0.338394761008048,BERTopic-METADATA-MULTILINGUAL,0,0.8245021902852019,False,language_specific_match,0.023905,True,pending
doi:10.33996/revistahorizontes.v9i37.959,Convivencia democrática en las aulas: Desafíos y oportunidades para docentes en la Pospandemia,2025,es,metadata,STM-METADATA-ES,6,0.4136429648346911,BERTopic-METADATA-MULTILINGUAL,6,0.8090769506949886,False,weak_match,0.003312,False,pending
doi:10.33996/revistahorizontes.v9i38.1019,Perspectiva de directivos de instituciones educativas respecto al manejo de habilidades blandas y gestión escolar,2025,es,metadata,STM-METADATA-ES,12,0.31237898512359796,BERTopic-METADATA-MULTILINGUAL,0,0.7685146920495363,False,STM_split_by_BERTopic,0.140676,True,pending
doi:10.33996/revistahorizontes.v9i38.1038,Evaluación diagnóstica en aprendizajes de estudiantes del nivel primario: una revisión sistemática,2025,es,metadata,STM-METADATA-ES,14,0.8974166200109294,BERTopic-METADATA-MULTILINGUAL,-1,0.0,True,language_specific_match,0.020149,False,pending
doi:10.33996/revistahorizontes.v9i38.1039,Calidad del servicio educativo en escuelas del nivel secundaria en Latinoamérica: una revisión narrativa,2025,es,metadata,STM-METADATA-ES,6,0.39106927259834295,BERTopic-METADATA-MULTILINGUAL,-1,0.0,True,language_specific_match,0.043382,False,pending
doi:10.33996/revistahorizontes.v9i38.1045,Gestión de la convivencia escolar: Una revisión sistemática,2025,es,metadata,STM-METADATA-ES,14,0.664973774239985,BERTopic-METADATA-MULTILINGUAL,-1,0.0,True,language_specific_match,0.020149,False,pending
doi:10.33996/revistahorizontes.v9i39.1068,"Representaciones sociales en gestión institucional: compromiso organizacional en directivos de educación pública Chiclayo, Perú",2025,es,metadata,STM-METADATA-ES,5,0.5944177444636001,BERTopic-METADATA-MULTILINGUAL,12,1.0,False,weak_match,0.008312,True,pending
doi:10.33996/revistahorizontes.v9i39.1085,La gestión educativa en el desarrollo de la innovación docente en las escuelas de Perú,2025,es,metadata,STM-METADATA-ES,15,0.4538461421623292,BERTopic-METADATA-MULTILINGUAL,-1,0.0,True,language_specific_match,0.020611,False,pending
doi:10.33996/revistahorizontes.v9i39.1094,Evaluación formativa en los aprendizajes: Revisión sistemática,2025,es,metadata,STM-METADATA-ES,14,0.7367511793690777,BERTopic-METADATA-MULTILINGUAL,-1,0.0,True,language_specific_match,0.020149,False,pending
doi:10.33996/warisata.v2i6.231,La planificación estratégica en la gestión educativa del director en instituciones de básica primaria,2021,es,metadata,STM-METADATA-ES,14,0.6771274424684469,BERTopic-METADATA-MULTILINGUAL,7,0.9999788921939083,False,partial_overlap,0.050433,False,pending
doi:10.34096/bol.rav.n56.10876,"Política, género y formación: las críticas al normalismo en su período de expansión (1884-1920)",2022,es,metadata,STM-METADATA-ES,5,0.9569722245169422,BERTopic-METADATA-MULTILINGUAL,-1,0.0,True,weak_match,0.015385,False,pending
doi:10.34096/iice.n47.9641,Hacia una genealogía de la experiencia: La gestión escolar en una escuela de creación (2009-2015),2020,es,metadata,STM-METADATA-ES,13,0.59833934561566,BERTopic-METADATA-MULTILINGUAL,0,0.8588353948333562,False,weak_match,0.015404,False,pending
doi:10.34096/runa.v47i1.17708,<b>La participación de l</b><b>x</b><b>s niñxs en la gestión escolar y en el espacio público: un estudio histórico-etnográfico</b>,2026,es,metadata,STM-METADATA-ES,13,0.7760517757683622,BERTopic-METADATA-MULTILINGUAL,5,0.3523624209308792,False,weak_match,0.015673,True,pending
doi:10.34140/bjbv6n3-027,La visión teórica sobre la inclusión de las TIC en el liderazgo del director de escuelas rurales: un estudio en el contexto de la administración educativa,2024,es,metadata,STM-METADATA-ES,12,0.206536036321726,BERTopic-METADATA-MULTILINGUAL,0,1.0,False,STM_split_by_BERTopic,0.140676,True,pending
doi:10.34140/bjbv8n2-107,Hacia un Liderazgo Situado y Transformacional: mediación crítica de TIC en la gestión escolar rural,2026,es,metadata,STM-METADATA-ES,6,0.6785904267833649,BERTopic-METADATA-MULTILINGUAL,-1,0.0,True,language_specific_match,0.043382,False,pending
doi:10.34632/investigacaoeducacional.2020.8508,Los directivos como promotores de la mejora educativa,2020,es,metadata,STM-METADATA-ES,12,0.3116099141699508,BERTopic-METADATA-MULTILINGUAL,0,0.8589978297871854,False,STM_split_by_BERTopic,0.140676,True,pending
doi:10.34893/gisst.v2i2.77,TECNOLOGÍAS DE INFORMACIÓN Y COMUNICACIÓN (TIC) COMO RECURSO ALTERNATIVO EN EDUCACIÓN SECUNDARIA A DISTANCIA,2020,es,metadata,STM-METADATA-ES,15,0.944111478795571,BERTopic-METADATA-MULTILINGUAL,2,1.0,False,language_specific_match,0.03951,False,pending
doi:10.34893/rediir.v10i10.428,"III. AVANCES Y RETOS DE LA FUNCIÓN DIRECTIVA DESDE LA IMPLEMENTACIÓN DEL PROGRAMA ESCUELA DE CALIDAD, HASTA LA NUEVA ESCUELA MEXICANA, UNA VISIÓN CRÍTICA DESDE EL ENFOQUE DEL AUTOR",2023,es,metadata,STM-METADATA-ES,16,0.4473033954300792,BERTopic-METADATA-MULTILINGUAL,-1,0.0,True,weak_match,0.018935,False,pending
doi:10.35290/rcui.v11n2.2024.1095,Estrategias de habilidades gerenciales para mejorar la gestión educativa de los directores en las instituciones educativas,2024,es,metadata,STM-METADATA-ES,14,0.573356854856778,BERTopic-METADATA-MULTILINGUAL,1,0.9462430277346507,False,partial_overlap,0.05166,False,pending
doi:10.35305/revista.vi43.206,participación de los niños en la gestión escolar:,2022,es,metadata,STM-METADATA-ES,3,0.37036493361474043,BERTopic-METADATA-MULTILINGUAL,5,0.3523624209308792,False,weak_match,0.017744,True,pending
doi:10.35362/rie10017169,"Formación ciudadana: Gobernanza y cultura en escuelas del Biobío, Chile",2026,es,metadata,STM-METADATA-ES,6,0.33446950228148936,BERTopic-METADATA-MULTILINGUAL,-1,0.0,True,language_specific_match,0.043382,True,pending
doi:10.35381/cm.v11i1.1533,Impacto de gestión educativa fundamentada en la inteligencia competitiva,2025,es,metadata,STM-METADATA-ES,6,0.2167525659932986,BERTopic-METADATA-MULTILINGUAL,9,0.9077594615664323,False,weak_match,0.010005,True,pending
doi:10.35381/cm.v8i3.793,La cultura organizacional en la gestión educativa,2022,es,metadata,STM-METADATA-ES,5,0.33579557711405905,BERTopic-METADATA-MULTILINGUAL,7,1.0,False,weak_match,0.005499,True,pending
doi:10.35381/cm.v8i3.956,Retos y desafíos en la gestión educativa postpandemia,2022,es,metadata,STM-METADATA-ES,15,0.39926426944304994,BERTopic-METADATA-MULTILINGUAL,6,0.8090769506949886,False,partial_overlap,0.06264,False,pending
doi:10.35381/e.k.v4i7.1084,Liderazgo en la gestión escolar del proceso de enseñanza aprendizaje en la básica superior,2021,es,metadata,STM-METADATA-ES,15,0.3498823303145262,BERTopic-METADATA-MULTILINGUAL,0,0.8435887045039551,False,language_specific_match,0.03975,True,pending
doi:10.35381/i.p.v5i9.2621,Impacto del sistema de gestión de control escolar en las instituciones emblemáticas fiscales,2023,es,metadata,STM-METADATA-ES,7,0.3736187397898329,BERTopic-METADATA-MULTILINGUAL,3,0.8094981469850546,False,weak_match,0.006494,True,pending
doi:10.35381/r.k.v6i4.1507,Narrativa digital y gestión educativa: Estrategia para la motivación al quehacer docente,2021,es,metadata,STM-METADATA-ES,15,0.694087502802793,BERTopic-METADATA-MULTILINGUAL,2,0.6699187215429955,False,language_specific_match,0.03951,True,pending
doi:10.35381/r.k.v8i17.3144,Meritocracia y desempeño laboral en una unidad de gestión educativa local,2024,es,metadata,STM-METADATA-ES,10,0.7790638248769454,BERTopic-METADATA-MULTILINGUAL,-1,0.0,True,language_specific_match,0.03007,False,pending
doi:10.35381/r.k.v8i17.3147,La gestión educativa como esencialidad en el desempeño docente y el aprendizaje en estudiantes,2024,es,metadata,STM-METADATA-ES,15,0.4376440665125067,BERTopic-METADATA-MULTILINGUAL,0,0.8285124361844616,False,language_specific_match,0.03975,False,pending
doi:10.35381/r.k.v9i1.3557,Modelos actuales de gestión pedagógica: Revisión sistemática,2024,es,metadata,STM-METADATA-ES,14,0.9633353991353686,BERTopic-METADATA-MULTILINGUAL,-1,0.0,True,language_specific_match,0.020149,False,pending
doi:10.35537/10915/164447,"Entre techos de cristal y contradicciones en la gestión educativa democrática: un estudio sobre la feminización de la educación y la ocupación de los espacios de conducción en las escuelas (Taguatinga, Distrito Federal, Brasil, 2016-2020)",2024,es,metadata,STM-METADATA-ES,3,0.5678812313321238,BERTopic-METADATA-MULTILINGUAL,8,1.0,False,weak_match,0.006452,False,pending
doi:10.35537/10915/186366,"Fortalecimiento de la relación familia-escuela en el contexto rural: un proyecto de innovación pedagógica y didáctica en el CER Morrón, Briceño, Antioquia, Colombia en el 2024",2025,es,metadata,STM-METADATA-ES,6,0.9706485818482604,BERTopic-METADATA-MULTILINGUAL,3,1.0,False,language_specific_match,0.042748,False,pending
doi:10.35537/10915/186415,La convivencia escolar en comunidades educativas del Ecuador: Un análisis de la Política Nacional de Convivencia Escolar del MINEDUC (2021),2025,es,metadata,STM-METADATA-ES,11,0.6487141778683297,BERTopic-METADATA-MULTILINGUAL,3,1.0,False,partial_overlap,0.052823,False,pending
doi:10.35537/10915/193460,La dirección escolar,2026,es,metadata,STM-METADATA-ES,5,0.9080526158505176,BERTopic-METADATA-MULTILINGUAL,0,0.8131578768381819,False,weak_match,0.018017,False,pending
doi:10.35575/rvucn.n77a2,Educación rural en tiempos de crisis: Desafíos y estrategias durante el cierre escolar por Covid-19 en Colombia,2026,es,metadata,STM-METADATA-ES,8,0.912655057787612,BERTopic-METADATA-MULTILINGUAL,6,0.9916604446958858,False,weak_match,0.005235,False,pending
doi:10.35622/inudi.b.005,Trabajo docente en equipo y el cumplimiento de los compromisos de gestión escolar en las instituciones de educación básica,2022,es,metadata,STM-METADATA-ES,10,0.8345459144099299,BERTopic-METADATA-MULTILINGUAL,4,0.8590781925521186,False,STM_split_by_BERTopic,0.132433,False,pending
doi:10.35622/inudi.b.087,Compromisos de la gestión escolar en el contexto virtual,2023,es,metadata,STM-METADATA-ES,15,0.3075156081541744,BERTopic-METADATA-MULTILINGUAL,-1,0.0,True,language_specific_match,0.020611,True,pending
doi:10.35622/inudi.c.02.46,Liderazgo directivo y gestión educativa en el ámbito educativo,2024,es,metadata,STM-METADATA-ES,16,0.3341303425481971,BERTopic-METADATA-MULTILINGUAL,0,1.0,False,weak_match,0.013942,True,pending
doi:10.35622/j.rg.2022.02.001,El clima escolar desde la gestión directiva en Latinoamérica: una revisión de la producción académica,2022,es,metadata,STM-METADATA-ES,12,0.27868014413292386,BERTopic-METADATA-MULTILINGUAL,3,0.7762707848078891,False,weak_match,0.01249,True,pending
doi:10.35622/j.rie.2022.02.001,"Competencia docente en matemática, ciencia y tecnología al resolver un problema de contexto con el complejo arqueológico inca de Raqchi, Cusco - Perú",2021,es,metadata,STM-METADATA-ES,13,0.213166939940449,BERTopic-METADATA-MULTILINGUAL,-1,0.0,True,language_specific_match,0.020513,True,pending
doi:10.35622/j.rie.2024.03.006,Teoría del caos y calidad de gestión institucional en un instituto de educación superior peruano,2024,es,metadata,STM-METADATA-ES,4,0.42406471719183403,BERTopic-METADATA-MULTILINGUAL,-1,0.0,True,language_specific_match,0.035398,False,pending
doi:10.35622/j.rr.2021.06.006,Re-significaciones sobre trabajo colaborativo de estudiantes de posgrado,2021,es,metadata,STM-METADATA-ES,13,0.3271103393086653,BERTopic-METADATA-MULTILINGUAL,7,1.0,False,language_specific_match,0.026269,True,pending
doi:10.35756/educaumch.202322.274,Dimensión administrativa en la gestión escolar,2023,es,metadata,STM-METADATA-ES,14,0.8365228675104298,BERTopic-METADATA-MULTILINGUAL,1,0.9462430277346507,False,partial_overlap,0.05166,False,pending
doi:10.35756/educaumch.202322.286,Gestión escolar y sus entrelazamientos: el malestar y la tesitura del bienestar docente para el pospandemia,2023,es,metadata,STM-METADATA-ES,13,0.5403989660970537,BERTopic-METADATA-MULTILINGUAL,6,0.8090769506949886,False,weak_match,0.006526,False,pending
doi:10.35766/jf20223,"La evaluación de la competencia del liderazgo en la dirección escolar, desde la perspectiva de la socioformación",2020,es,metadata,STM-METADATA-ES,16,0.36829560424597085,BERTopic-METADATA-MULTILINGUAL,0,1.0,False,weak_match,0.013942,False,pending
doi:10.35811/rea.v12i1.201,El Aprendizaje Profundo como herramienta para cambio en la visión de aprendizaje de una cultura,2023,es,metadata,STM-METADATA-ES,12,0.5926558105697305,BERTopic-METADATA-MULTILINGUAL,-1,0.0,True,language_specific_match,0.03338,False,pending
doi:10.35869/reined.v23i1.6115,Las prácticas de cuidado en el sistema escolar: una revisión sistemática,2025,es,metadata,STM-METADATA-ES,14,0.480672252895249,BERTopic-METADATA-MULTILINGUAL,10,0.4481117851846427,False,weak_match,0.004655,True,pending
doi:10.36006/16307-4,Escuela y transformación social. Otra mirada de la organización educativa,2023,es,metadata,STM-METADATA-ES,3,0.8138755047448135,BERTopic-METADATA-MULTILINGUAL,-1,0.0,True,language_specific_match,0.026975,False,pending
doi:10.36097/rsan.v1i39.1135,Plan estratégico de prevención y restauración de valores para la mejora de la calidad educativa,2020,es,metadata,STM-METADATA-ES,16,0.835742758674775,BERTopic-METADATA-MULTILINGUAL,1,1.0,False,language_specific_match,0.044019,False,pending
doi:10.36260/rbr.v12i6.1970,"Gestión educativa, convivencia y distribución del conocimiento",2023,es,metadata,STM-METADATA-ES,11,0.5770282473975484,BERTopic-METADATA-MULTILINGUAL,-1,0.0,True,weak_match,0.019231,False,pending
doi:10.36367/ntqr.17.2023.e836,SUBJETIVIDADES HEROICAS: TRABAJO DE PSICÓLOGOS ESCOLARES EN TIEMPOS DE PANDEMIA,2023,es,metadata,STM-METADATA-ES,3,0.2713506816984303,BERTopic-METADATA-MULTILINGUAL,6,0.8090769506949886,False,weak_match,0.004542,True,pending
doi:10.36557/2674-8169.2024v6n3p1225-1242,LA INTELIGENCIA DE NEGOCIOS Y LA ANALÍTICA DE DATOS IMPULSANDO EL DESARROLLO ACADÉMICO,2024,es,metadata,STM-METADATA-ES,7,0.6475963130108366,BERTopic-METADATA-MULTILINGUAL,9,1.0,False,one_to_one,0.257086,False,pending
doi:10.36737/01230425.n39.2020.2342,Escuela y Práxis Pedagógica: Vínculo transformador de licenciados en maestros,2020,es,metadata,STM-METADATA-ES,13,0.7079320530331948,BERTopic-METADATA-MULTILINGUAL,-1,0.0,True,language_specific_match,0.020513,False,pending
doi:10.36737/01230425.n47.2024.3223,Las representaciones sociales en la educación inclusiva: una revisión sistemática,2024,es,metadata,STM-METADATA-ES,11,0.6804679299423635,BERTopic-METADATA-MULTILINGUAL,5,1.0,False,weak_match,0.01018,False,pending
doi:10.36901/em.v9i1.1566,Dinámicas de participación y comunicación en la gestión educativa en tiempos de crisis: perspectivas desde una comunidad de Mórrope (Perú),2023,es,metadata,STM-METADATA-ES,11,0.6815384854643429,BERTopic-METADATA-MULTILINGUAL,-1,0.0,True,weak_match,0.019231,False,pending
doi:10.36996/delectus.v6i2.208,Gestión educativa desde la perspectiva epistemológica de la complejidad en la gerencia del siglo XXI,2023,es,metadata,STM-METADATA-ES,14,0.9070829501591585,BERTopic-METADATA-MULTILINGUAL,7,1.0,False,partial_overlap,0.050433,False,pending
doi:10.37073/puriq.4.325,Liderazgo directivo en la educación básica de la región latinoamericana,2022,es,metadata,STM-METADATA-ES,14,0.581720118335463,BERTopic-METADATA-MULTILINGUAL,3,0.8360808173352456,False,partial_overlap,0.057543,False,pending
doi:10.37073/puriq.5.440,Desempeño de directivos en redes educativas rurales en el nivel inicial,2023,es,metadata,STM-METADATA-ES,14,0.3994521267311197,BERTopic-METADATA-MULTILINGUAL,-1,0.0,True,language_specific_match,0.020149,False,pending
doi:10.37135/chk.002.19.13,APROXIMACIONES TEÓRICAS Y METODOLÓGICAS PARA LA GESTIÓN DE LA INVESTIGACIÓN FORMATIVA,2022,es,metadata,STM-METADATA-ES,14,0.42552688717832665,BERTopic-METADATA-MULTILINGUAL,7,1.0,False,partial_overlap,0.050433,True,pending
doi:10.37135/chk.002.25.03,LA FORMACIÓN PROFESIONAL PERMANENTE COMO DERECHO HUMANO AL TRABAJO EN EL MAGISTERIO PERUANO,2024,es,metadata,STM-METADATA-ES,13,0.6909016652755824,BERTopic-METADATA-MULTILINGUAL,-1,0.0,True,language_specific_match,0.020513,False,pending
doi:10.37177/unicen/eb31-287,El paradigma de la convivencia en la gestión escolar: políticas educativas y marco legal,2021,es,metadata,STM-METADATA-ES,3,0.8480115790285577,BERTopic-METADATA-MULTILINGUAL,-1,0.0,True,language_specific_match,0.026975,False,pending
doi:10.37177/unicen/eb31-292,Autonomía y gobierno en la gestión educativa social y cooperativa de la provincia de Chaco desde la Ley Nacional de Educación a la actualidad,2020,es,metadata,STM-METADATA-ES,3,0.3827656494751545,BERTopic-METADATA-MULTILINGUAL,12,1.0,False,language_specific_match,0.049164,False,pending
doi:10.37177/unicen/eb33-372,Definiciones normativas de las prácticas de dirección escolar en el nivel secundario en la Provincia de Córdoba: los cambios dispuestos en las políticas federales y jurisdiccionales,2023,es,metadata,STM-METADATA-ES,3,0.6584744754197978,BERTopic-METADATA-MULTILINGUAL,12,1.0,False,language_specific_match,0.049164,False,pending
doi:10.37260/merito.i7n21.10,Transformaciones recientes en la calidad educativa latinoamericana: una revisión de los últimos cinco años (2020-2025),2025,es,metadata,STM-METADATA-ES,14,0.4805959579897343,BERTopic-METADATA-MULTILINGUAL,3,0.8884850304899375,False,partial_overlap,0.057543,False,pending
doi:10.37260/merito.i8n22.12,Influencia de la gestión educativa en la motivación docente en instituciones educativas,2026,es,metadata,STM-METADATA-ES,4,0.41445781816639565,BERTopic-METADATA-MULTILINGUAL,13,1.0,False,weak_match,0.015982,False,pending
doi:10.37260/repe.v7n14.5,Liderazgo transformacional y gestión educativa en centros de educación básica alternativa del Distrito de Independencia,2025,es,metadata,STM-METADATA-ES,4,0.7614938519827242,BERTopic-METADATA-MULTILINGUAL,0,1.0,False,weak_match,0.010118,False,pending
doi:10.37260/repe.v7n15.10,Uso ético de la tecnología y su relación con la proyección del liderazgo educativo futuro,2025,es,metadata,STM-METADATA-ES,7,0.46490703590955723,BERTopic-METADATA-MULTILINGUAL,2,0.937634521812647,False,BERTopic_combines_STM,0.15443,False,pending
doi:10.37260/repe.v8n16.4,"Inteligencia artificial y Ciencias Sociales en secundaria, y su relevancia en el sistema educativo boliviano",2026,es,metadata,STM-METADATA-ES,6,0.3715905095471625,BERTopic-METADATA-MULTILINGUAL,9,1.0,False,weak_match,0.010005,True,pending
doi:10.37292/riccva.v4i3.162,ESTUDIO DESCRIPTIVO COMPARATIVO DE LA GESTIÓN PÚBLICA EN EDUCACIÓN DESARROLLADA POR LOS DIRECTORES DE DOS INSTITUTOS SUPERIORES PEDAGÓGICOS DE APURÍMAC PERÚ,2020,es,metadata,STM-METADATA-ES,10,0.7483877266382828,BERTopic-METADATA-MULTILINGUAL,3,0.8686123339978584,False,weak_match,0.010807,False,pending
doi:10.37292/riccva.v5i1.168,LIDERAZGO DIRECTIVO Y GESTIÓN ADMINISTRATIVA DE LAS INSTITUCIONES EDUCATIVAS PÚBLICAS DEL NIVEL INICIAL UGEL 01 DE LIMA,2020,es,metadata,STM-METADATA-ES,10,0.97109159295272,BERTopic-METADATA-MULTILINGUAL,-1,0.0,True,language_specific_match,0.03007,False,pending
doi:10.37594/dialogus.v1i16.1805,Desafíos de la educación oficial en Santander: Hacia una gobernanza articulada,2025,es,metadata,STM-METADATA-ES,8,0.46290882224473573,BERTopic-METADATA-MULTILINGUAL,-1,0.0,True,language_specific_match,0.035878,True,pending
doi:10.37594/dialogus.v1i16.1821,Gestión escolar y su rol en la calidad de la enseñanza de la lectoescritura en Panamá,2025,es,metadata,STM-METADATA-ES,8,0.44127789706475,BERTopic-METADATA-MULTILINGUAL,-1,0.0,True,language_specific_match,0.035878,False,pending
doi:10.37594/dialogus.v1i7.525,Gestión administrativa y deserción escolar en la institución educativa San Lorenzo de Suaza Huila periodo 2014-2019,2022,es,metadata,STM-METADATA-ES,15,0.5455410588760718,BERTopic-METADATA-MULTILINGUAL,3,0.8147135161053009,False,weak_match,0.015288,False,pending
doi:10.37594/dialogus.v1i8.524,clima escolar como eje fundamental para el mejoramiento de la calidad educativa,2022,es,metadata,STM-METADATA-ES,11,0.29827548897939926,BERTopic-METADATA-MULTILINGUAL,-1,0.0,True,weak_match,0.019231,True,pending
doi:10.37811/cl_rcm.v10i1.22704,"Gestión Educativa y Desempeño Docente según la Percepción de Estudiantes Quinto Secundaria, Instituciones Educativas Públicas - Cercado Pachacamac",2026,es,metadata,STM-METADATA-ES,4,0.6978057171233841,BERTopic-METADATA-MULTILINGUAL,1,0.888980447444201,False,partial_overlap,0.066687,False,pending
doi:10.37811/cl_rcm.v10i2.23057,Problemáticas Persistentes de la Gestión Escolar en Colombia: Ausencia de Liderazgo Pedagógico,2026,es,metadata,STM-METADATA-ES,14,0.3602243453896939,BERTopic-METADATA-MULTILINGUAL,3,0.9022147773391799,False,partial_overlap,0.057543,False,pending
doi:10.37811/cl_rcm.v10i2.23219,Influencia de las Habilidades Blandas en la Toma de Decisiones Participativa de los Gestores Educativos,2026,es,metadata,STM-METADATA-ES,6,0.8033019427886962,BERTopic-METADATA-MULTILINGUAL,-1,0.0,True,language_specific_match,0.043382,False,pending
doi:10.37811/cl_rcm.v10i3.24038,Liderazgo pedagógico y su impacto en la innovación educativa en Colombia,2026,es,metadata,STM-METADATA-ES,6,0.9701042953959089,BERTopic-METADATA-MULTILINGUAL,-1,0.0,True,language_specific_match,0.043382,False,pending
doi:10.37811/cl_rcm.v10i3.24669,Evaluación de Competencias Directivas como Herramienta para la Mejora de la Calidad Educativa Institucional,2026,es,metadata,STM-METADATA-ES,6,0.28488595677754225,BERTopic-METADATA-MULTILINGUAL,-1,0.0,True,language_specific_match,0.043382,False,pending
doi:10.37811/cl_rcm.v10i3.24771,"Configuraciones del liderazgo educativo contemporáneo: transformación, innovación y calidad institucional",2026,es,metadata,STM-METADATA-ES,6,0.5163045523241193,BERTopic-METADATA-MULTILINGUAL,0,0.9332133302815834,False,language_specific_match,0.048248,False,pending
doi:10.37811/cl_rcm.v4i2.112,"Modelo de gestión por resultados para mejorar la calidad de gasto en la Unidad de Gestión Educativa Local, San Martín",2020,es,metadata,STM-METADATA-ES,10,0.587238751950891,BERTopic-METADATA-MULTILINGUAL,1,0.9049892903067768,False,partial_overlap,0.056243,False,pending
doi:10.37811/cl_rcm.v4i2.114,Modelo de gestión presupuestal para mejorar la defensa jurídica en el Gobierno Regional de San Martín,2020,es,metadata,STM-METADATA-ES,10,0.586766701597636,BERTopic-METADATA-MULTILINGUAL,1,0.9049892903067768,False,partial_overlap,0.056243,False,pending
doi:10.37811/cl_rcm.v4i2.164,El Supervisor Educativo como gestor de instituciones de la educación media de la ciudad de Pilar,2020,es,metadata,STM-METADATA-ES,12,0.23783555813162952,BERTopic-METADATA-MULTILINGUAL,-1,0.0,True,language_specific_match,0.03338,True,pending
doi:10.37811/cl_rcm.v5i2.329,La calidad de servicio y la satisfacción de los usuarios de la Unidad de Gestión Educativa Local 01 - San Juan de Miraflores,2021,es,metadata,STM-METADATA-ES,10,0.38472038058019337,BERTopic-METADATA-MULTILINGUAL,1,0.9049892903067768,False,partial_overlap,0.056243,True,pending
doi:10.37811/cl_rcm.v5i4.755,Gestión educativa y competencias profesionales directivas,2021,es,metadata,STM-METADATA-ES,10,0.6149905814037356,BERTopic-METADATA-MULTILINGUAL,-1,0.0,True,language_specific_match,0.03007,False,pending
doi:10.37811/cl_rcm.v5i5.841,El liderazgo directivo en la gestión escolar. Comparación de casos,2021,es,metadata,STM-METADATA-ES,12,0.4757608840449323,BERTopic-METADATA-MULTILINGUAL,0,0.9401518623975755,False,STM_split_by_BERTopic,0.140676,False,pending
doi:10.37811/cl_rcm.v5i6.1431,Trabajo remoto y liderazgo adaptativo en la gestión escolar en instituciones educativas,2022,es,metadata,STM-METADATA-ES,10,0.5270421927787524,BERTopic-METADATA-MULTILINGUAL,-1,0.0,True,language_specific_match,0.03007,True,pending
doi:10.37811/cl_rcm.v6i2.2219,Corrupción en la gestión del ámbito educativo en Iberoamérica: una revisión sistemática,2022,es,metadata,STM-METADATA-ES,14,0.8678729398284417,BERTopic-METADATA-MULTILINGUAL,3,0.9022147773391799,False,partial_overlap,0.057543,False,pending
doi:10.37811/cl_rcm.v6i3.2246,"Gestión educativa y desempeño laboral de los directores de instituciones educativas de la provincia de Aymaraes, 2022",2022,es,metadata,STM-METADATA-ES,10,0.4651749410429813,BERTopic-METADATA-MULTILINGUAL,4,1.0,False,STM_split_by_BERTopic,0.132433,False,pending
doi:10.37811/cl_rcm.v6i3.2300,Retos de la gestión escolar en la educación a distancia 2021,2022,es,metadata,STM-METADATA-ES,3,0.33562673194742265,BERTopic-METADATA-MULTILINGUAL,7,1.0,False,weak_match,0.016485,True,pending
doi:10.37811/cl_rcm.v6i4.2613,"Gestión administrativa, habilidades gerenciales y desempeño laboral en Ugel, región Lima provincias",2022,es,metadata,STM-METADATA-ES,10,0.8310541920168054,BERTopic-METADATA-MULTILINGUAL,-1,0.0,True,language_specific_match,0.03007,False,pending
doi:10.37811/cl_rcm.v6i4.2643,"Factores individuales de liderazgo en la gestión participativa orientada a resultados, estudio de caso",2022,es,metadata,STM-METADATA-ES,12,0.6640643647391548,BERTopic-METADATA-MULTILINGUAL,0,1.0,False,STM_split_by_BERTopic,0.140676,False,pending
doi:10.37811/cl_rcm.v6i4.2809,La gestión escolar: una revisión de las investigaciones,2022,es,metadata,STM-METADATA-ES,14,0.5142950031717052,BERTopic-METADATA-MULTILINGUAL,1,0.9145347199403383,False,partial_overlap,0.05166,False,pending
doi:10.37811/cl_rcm.v6i4.2862,"La planificación estratégica, un eficaz instrumento que puede contribuir al mejoramiento de la gestión escolar en una institución educativa",2022,es,metadata,STM-METADATA-ES,14,0.4731981511500854,BERTopic-METADATA-MULTILINGUAL,7,0.9999788921939083,False,partial_overlap,0.050433,False,pending
doi:10.37811/cl_rcm.v6i4.2931,"Gestión institucional y desempeño docente en la institución educativa Miguel Chuquisengo Ramírez, Tarapoto",2022,es,metadata,STM-METADATA-ES,10,0.4946582150031051,BERTopic-METADATA-MULTILINGUAL,4,0.8909995521775549,False,STM_split_by_BERTopic,0.132433,False,pending
doi:10.37811/cl_rcm.v6i5.3148,Influencia de la evaluación del desempeño directivo y su efectividad en la gestión pública de la educación escolar,2022,es,metadata,STM-METADATA-ES,14,0.6650456796945251,BERTopic-METADATA-MULTILINGUAL,1,1.0,False,partial_overlap,0.05166,False,pending
doi:10.37811/cl_rcm.v6i6.3677,La gestión escolar basada en el pensamiento complejo,2022,es,metadata,STM-METADATA-ES,14,0.8866276630830856,BERTopic-METADATA-MULTILINGUAL,7,1.0,False,partial_overlap,0.050433,False,pending
doi:10.37811/cl_rcm.v6i6.3796,Desempeño docente en la gestión escolar en instituciones educativas de educación básica regular,2022,es,metadata,STM-METADATA-ES,10,0.6477758842055169,BERTopic-METADATA-MULTILINGUAL,1,0.9254015412623446,False,partial_overlap,0.056243,False,pending
doi:10.37811/cl_rcm.v6i6.3958,Gestión escolar y calidad educativa: En las instituciones educativas del nivel primario - Cusco,2022,es,metadata,STM-METADATA-ES,14,0.5100588728884315,BERTopic-METADATA-MULTILINGUAL,1,0.9576393156828105,False,partial_overlap,0.05166,False,pending
doi:10.37811/cl_rcm.v6i6.4102,La calidad educativa y la gestión escolar,2022,es,metadata,STM-METADATA-ES,16,0.40292549988773024,BERTopic-METADATA-MULTILINGUAL,1,1.0,False,language_specific_match,0.044019,True,pending
doi:10.37811/cl_rcm.v6i6.4135,"Gestión escolar en aprendizaje significativo de historia, geografía y economía en estudiantes de la institución educativa San Juan. Ayacucho, 2022",2022,es,metadata,STM-METADATA-ES,4,0.6881695042149454,BERTopic-METADATA-MULTILINGUAL,3,0.8697513842909433,False,weak_match,0.004601,False,pending
doi:10.37811/cl_rcm.v6i6.4265,Acompañamiento pedagógico de los directores y desempeño docente en instituciones educativas,2023,es,metadata,STM-METADATA-ES,10,0.4978112921983547,BERTopic-METADATA-MULTILINGUAL,-1,0.0,True,language_specific_match,0.03007,False,pending
doi:10.37811/cl_rcm.v7i1.4568,"Modelo de habilidades gerenciales para mejorar la gestión educativa en educación regular, provincia de Guayas - Ecuador 2023",2023,es,metadata,STM-METADATA-ES,10,0.6595617448298565,BERTopic-METADATA-MULTILINGUAL,3,0.924971895490544,False,weak_match,0.010807,False,pending
doi:10.37811/cl_rcm.v7i1.4639,Dashboard for the improvement of school management in educational institutions,2023,es,metadata,STM-METADATA-ES,14,0.3457275895128788,BERTopic-METADATA-MULTILINGUAL,-1,0.0,True,language_specific_match,0.020149,True,pending
doi:10.37811/cl_rcm.v7i2.5739,Recorrido Histórico e Investigativo sobre la Gestion Escolar Una mirada desde la Política Pública Educativa Colombiana,2023,es,metadata,STM-METADATA-ES,11,0.6746501651671624,BERTopic-METADATA-MULTILINGUAL,-1,0.0,True,weak_match,0.019231,False,pending
doi:10.37811/cl_rcm.v7i2.5878,"Gestión educativa y calidad de locales escolares -UGEL San Martín, 2021",2023,es,metadata,STM-METADATA-ES,10,0.9234999087149329,BERTopic-METADATA-MULTILINGUAL,1,0.9049892903067768,False,partial_overlap,0.056243,False,pending
doi:10.37811/cl_rcm.v7i2.6016,Cualificación docente en habilidades blandas como factor de mejora de la gestión escolar en tres Instituciones Educativas Rurales de Montería,2023,es,metadata,STM-METADATA-ES,10,0.38115074490872547,BERTopic-METADATA-MULTILINGUAL,-1,0.0,True,language_specific_match,0.03007,True,pending
doi:10.37811/cl_rcm.v7i3.5935,Administración Educativa: Pilar de la institucionalización de la educación,2023,es,metadata,STM-METADATA-ES,10,0.4362506985029835,BERTopic-METADATA-MULTILINGUAL,7,1.0,False,weak_match,0.014103,False,pending
doi:10.37811/cl_rcm.v7i4.7230,Experiencias y valoración del profesorado respecto del liderazgo de docentes directivos,2023,es,metadata,STM-METADATA-ES,12,0.5090704965480054,BERTopic-METADATA-MULTILINGUAL,0,1.0,False,STM_split_by_BERTopic,0.140676,False,pending
doi:10.37811/cl_rcm.v7i4.7622,"Competencias Funcionales y Calidad de la Gestión Educativa en una Institución Educativa, UGEL 01, SJM",2023,es,metadata,STM-METADATA-ES,10,0.6242679326669022,BERTopic-METADATA-MULTILINGUAL,7,0.9352432879339879,False,weak_match,0.014103,False,pending
doi:10.37811/cl_rcm.v7i5.8184,"Gestión Educativa Desde la Percepción de Exdirectores de Educación Básica Regular en el Ámbito de la UGEL La Convención, 2023",2023,es,metadata,STM-METADATA-ES,10,0.48393472052768716,BERTopic-METADATA-MULTILINGUAL,-1,0.0,True,language_specific_match,0.03007,False,pending
doi:10.37811/cl_rcm.v7i6.9350,"Una Mirada Reflexiva La Loei como Norma Reguladora en el Sistema Educativo Ecuatoriano_Parte I La Reforma (2021) Versus la Anterior (Titulo I, de los Principios Generales, Tituloii, de los Derechos y Obligaciones)",2024,es,metadata,STM-METADATA-ES,11,0.8730799193075576,BERTopic-METADATA-MULTILINGUAL,3,0.924971895490544,False,partial_overlap,0.052823,False,pending
doi:10.37811/cl_rcm.v8i1.9621,La Formación del Sujeto Político: Una Exploración desde la Micropolítica en la Gestión Escolar y la Educación Media,2024,es,metadata,STM-METADATA-ES,11,0.8608747771842132,BERTopic-METADATA-MULTILINGUAL,-1,0.0,True,weak_match,0.019231,False,pending
doi:10.37811/cl_rcm.v8i2.10274,"Contexto de la Aplicación de la Ley N° 6103 sobre Personas que Presentan Trastornos del Espectro Autista (TEA) y la Gestión Escolar para una Educación Inclusiva, Paraguay",2024,es,metadata,STM-METADATA-ES,8,0.32342598892198154,BERTopic-METADATA-MULTILINGUAL,5,1.0,False,STM_split_by_BERTopic,0.114836,False,pending
doi:10.37811/cl_rcm.v8i2.10725,Gestión Escolar para la mejora de la calidad educativa en la educación básica ecuatoriana,2024,es,metadata,STM-METADATA-ES,9,0.4250065541541245,BERTopic-METADATA-MULTILINGUAL,3,0.8745551568415726,False,language_specific_match,0.033863,True,pending
doi:10.37811/cl_rcm.v8i3.11175,Impulsando la Educación STEAM desde la Gestión Escolar Efectiva: Un Modelo de Banco de Germoplasma Vegetal para el Desarrollo Sostenible y el Fortalecimiento de las Habilidades STEAM,2024,es,metadata,STM-METADATA-ES,7,0.712337591766059,BERTopic-METADATA-MULTILINGUAL,-1,0.0,True,weak_match,0.003042,False,pending
doi:10.37811/cl_rcm.v8i3.11546,Incidencia de la Gestión Escolar en el Rendimiento Académico,2024,es,metadata,STM-METADATA-ES,10,0.3152930693776488,BERTopic-METADATA-MULTILINGUAL,-1,0.0,True,language_specific_match,0.03007,True,pending
doi:10.37811/cl_rcm.v8i3.12103,"Ecuador: Escuelas Públicas y Privadas: Gestión, Docentes y Alumnos",2024,es,metadata,STM-METADATA-ES,8,0.3945564716931207,BERTopic-METADATA-MULTILINGUAL,3,0.924971895490544,False,language_specific_match,0.043692,True,pending
doi:10.37811/cl_rcm.v8i3.12361,La Gestión Educativa y su Incidencia en el Rendimiento Académico de los Estudiantes de la Unidad Educativa Arturo Borja - Quito,2024,es,metadata,STM-METADATA-ES,9,0.3462327924400503,BERTopic-METADATA-MULTILINGUAL,-1,0.0,True,language_specific_match,0.027746,True,pending
doi:10.37811/cl_rcm.v8i4.13581,Formación Académica Indispensable para Ejercer Gestión Educativa en la Sección Primaria y Secundaria,2024,es,metadata,STM-METADATA-ES,16,0.5716938524862571,BERTopic-METADATA-MULTILINGUAL,1,1.0,False,language_specific_match,0.044019,False,pending
doi:10.37811/cl_rcm.v8i5.13719,Gestión educativa y su influencia en el desempeño docente en instituciones de educación general básica,2024,es,metadata,STM-METADATA-ES,10,0.30347541254839966,BERTopic-METADATA-MULTILINGUAL,1,0.8898930317455821,False,partial_overlap,0.056243,True,pending
doi:10.37811/cl_rcm.v8i5.13723,Los Retos de la Inteligencia Artificial (IA) en la Educación de México,2024,es,metadata,STM-METADATA-ES,7,0.9579589341480044,BERTopic-METADATA-MULTILINGUAL,9,1.0,False,one_to_one,0.257086,False,pending
doi:10.37811/cl_rcm.v8i6.14496,Estrategias de Gestión Escolar y su Influencia en la Efectividad del Desempeño Docente en Ecuador,2024,es,metadata,STM-METADATA-ES,16,0.31716230942351076,BERTopic-METADATA-MULTILINGUAL,3,0.924971895490544,False,language_specific_match,0.0222,False,pending
doi:10.37811/cl_rcm.v8i6.14659,La gestión escolar en zonas rurales del Ecuador: Avances y desafíos,2024,es,metadata,STM-METADATA-ES,8,0.5653342305960443,BERTopic-METADATA-MULTILINGUAL,3,1.0,False,language_specific_match,0.043692,False,pending
doi:10.37811/cl_rcm.v8i6.15127,La inteligencia emocional y su impacto en el aprendizaje,2024,es,metadata,STM-METADATA-ES,7,0.6943046448926437,BERTopic-METADATA-MULTILINGUAL,9,0.831889009490938,False,one_to_one,0.257086,False,pending
doi:10.37811/cl_rcm.v9i1.16382,Motivación y vocación en formación inicial docente para prevenir deserción y abandono escolar,2025,es,metadata,STM-METADATA-ES,9,0.41683798648229087,BERTopic-METADATA-MULTILINGUAL,-1,0.0,True,language_specific_match,0.027746,False,pending
doi:10.37811/cl_rcm.v9i4.19283,La Transformación Digital de la Gestión Educativa: Desafíos y Oportunidades para una Administración Escolar Eficiente,2025,es,metadata,STM-METADATA-ES,6,0.45631571508896085,BERTopic-METADATA-MULTILINGUAL,2,1.0,False,weak_match,0.012136,True,pending
doi:10.37811/cl_rcm.v9i4.19641,Prácticas de liderazgo positivo en la gestión escolar de centros educativos públicos,2025,es,metadata,STM-METADATA-ES,6,0.49884635530883076,BERTopic-METADATA-MULTILINGUAL,0,1.0,False,language_specific_match,0.048248,False,pending
doi:10.37811/cl_rcm.v9i4.20241,Vinculación entre la Normativa Administrativa y la Efectividad de la Gestión Educativa en Docentes de Institutos Pedagógicos de Apurímac - Perú,2025,es,metadata,STM-METADATA-ES,4,0.408116436146045,BERTopic-METADATA-MULTILINGUAL,-1,0.0,True,language_specific_match,0.035398,False,pending
doi:10.37811/cl_rcm.v9i5.19945,Transformación educativa desde el acompañamiento digital: Experiencias innovadoras con TIC en América Latina y el Caribe,2025,es,metadata,STM-METADATA-ES,6,0.5178423955535554,BERTopic-METADATA-MULTILINGUAL,2,0.7902615696873266,False,weak_match,0.012136,True,pending
doi:10.37811/cl_rcm.v9i5.20725,Revisión Sistemática: las Habilidades Lingüísticas y su Relación con la Gestión Escolar,2025,es,metadata,STM-METADATA-ES,6,0.6235803896634253,BERTopic-METADATA-MULTILINGUAL,-1,0.0,True,language_specific_match,0.043382,False,pending
doi:10.37811/cl_rcm.v9i6.21382,Dificultades Específicas del Aprendizaje en Cuarto Año de Educación General Básica,2025,es,metadata,STM-METADATA-ES,8,0.5278939084031075,BERTopic-METADATA-MULTILINGUAL,-1,0.0,True,language_specific_match,0.035878,False,pending
doi:10.37811/cl_rcm.v9i6.21533,Estudio comparativo de estándares de calidad educativa del Ministerio de Educación de Ecuador y Perú,2025,es,metadata,STM-METADATA-ES,14,0.45723649714653686,BERTopic-METADATA-MULTILINGUAL,1,0.9576393156828105,False,partial_overlap,0.05166,False,pending
doi:10.37811/cl_rcm.v9i6.21803,Seguimiento de la dirección escolar a la implementación de nuevas competencias logradas en las formaciones continuas de los docentes para una mejor efectividad en el aprendizaje.,2026,es,metadata,STM-METADATA-ES,13,0.48675690663587756,BERTopic-METADATA-MULTILINGUAL,-1,0.0,True,language_specific_match,0.020513,False,pending
doi:10.37811/cl_rcm.v9i6.21839,"Comunicación, gestión escolar y desarrollo centro educativo la Altagracia, Regional de educación 10, Santo domingo II, ubicado el sector Puerto Rico, de Los Minas, del Distrito educativo 10-03, Republica Dominicana, Año 2025",2026,es,metadata,STM-METADATA-ES,6,0.774200363018347,BERTopic-METADATA-MULTILINGUAL,3,0.8697513842909433,False,language_specific_match,0.042748,False,pending
doi:10.37811/cl_rcm.v9i6.22206,Modelo Freireano-Territorial de Gestión Directiva y Liderazgo Pedagógico Rural: Evidencia Empírica y Propuesta Gnoseológica desde un Estudio Cualitativo en Colombia,2026,es,metadata,STM-METADATA-ES,6,0.46439444987471523,BERTopic-METADATA-MULTILINGUAL,-1,0.0,True,language_specific_match,0.043382,False,pending
doi:10.37843/rted.v16i2.389,Gestión Escolar en las Instituciones del Nivel Inicial,2023,es,metadata,STM-METADATA-ES,14,0.8229882211843516,BERTopic-METADATA-MULTILINGUAL,3,0.8047904133253205,False,partial_overlap,0.057543,True,pending
doi:10.37843/rted.v16i2.390,Monitoreo y Seguimiento de la Efectividad en la Gestión Pedagógica Latinoamericana,2023,es,metadata,STM-METADATA-ES,14,0.5877497092143155,BERTopic-METADATA-MULTILINGUAL,3,0.8884850304899375,False,partial_overlap,0.057543,False,pending
doi:10.37843/rted.v16i2.402,Planificación Estratégica: Una Mirada desde la Educación Inicial en el Contexto Peruano,2023,es,metadata,STM-METADATA-ES,14,0.8933209298090206,BERTopic-METADATA-MULTILINGUAL,3,0.8535840532713838,False,partial_overlap,0.057543,False,pending
doi:10.37843/rted.v16i2.424,Trabajo Colegiado en la Práctica Docente,2023,es,metadata,STM-METADATA-ES,14,0.9171507606369182,BERTopic-METADATA-MULTILINGUAL,7,1.0,False,partial_overlap,0.050433,False,pending
doi:10.37843/rted.v17i1.460,Influencia de la Gestión Educativa en el Compromiso de los Docentes de Secundaria,2024,es,metadata,STM-METADATA-ES,10,0.4371392884573698,BERTopic-METADATA-MULTILINGUAL,7,1.0,False,weak_match,0.014103,False,pending
doi:10.37843/rted.v18i1.586,Incidencia del Liderazgo Pedagógico y las Competencias Directivas en la Gestión Educativa,2025,es,metadata,STM-METADATA-ES,10,0.8509426631012865,BERTopic-METADATA-MULTILINGUAL,0,1.0,False,language_specific_match,0.023905,False,pending
doi:10.37843/rted.v8i2.134,Gestión Directiva en la Mejora Escolar de las Instituciones Educativas del Distrito Metropolitano de Quito: Una Cuestión de Aptitud y Actitud,2020,es,metadata,STM-METADATA-ES,15,0.3027204910117445,BERTopic-METADATA-MULTILINGUAL,-1,0.0,True,language_specific_match,0.020611,True,pending
doi:10.37956/jbes.v0i0.206,Gestión directiva y clima organizacional en las Instituciones Educativas de América Latina,2021,es,metadata,STM-METADATA-ES,14,0.6831724511841787,BERTopic-METADATA-MULTILINGUAL,-1,0.0,True,language_specific_match,0.020149,False,pending
doi:10.38147/invneg.v17i29.270,"LA ADMINISTRACIÓN EN EL LIDERAZGO PEDAGÓGICO PARA UNA GESTIÓN ESCOLAR DE CALIDAD EN INSTITUCIONES EDUCATIVAS DE LA REGIÓN PUNO, 2020",2024,es,metadata,STM-METADATA-ES,10,0.4972327569522461,BERTopic-METADATA-MULTILINGUAL,4,0.9235449884572,False,STM_split_by_BERTopic,0.132433,False,pending
doi:10.38178/07183089/1724260513,Voces desde la dirección escolar: tensiones entre liderazgo pedagógico y sobrecarga burocrática en México,2026,es,metadata,STM-METADATA-ES,12,0.7355621384384052,BERTopic-METADATA-MULTILINGUAL,-1,0.0,True,language_specific_match,0.03338,False,pending
doi:10.4067/s0718-07052024000200319,Gestión educativa basada en evidencias para la mejora escolar,2024,es,metadata,STM-METADATA-ES,12,0.27047636306500195,BERTopic-METADATA-MULTILINGUAL,7,1.0,False,weak_match,0.006499,True,pending
doi:10.4067/s0718-07052025000200255,La ética organizacional en las escuelas de Catalunya. Modelo e instrumento para su análisis,2025,es,metadata,STM-METADATA-ES,5,0.9418671421631899,BERTopic-METADATA-MULTILINGUAL,-1,0.0,True,weak_match,0.015385,False,pending
doi:10.4067/s0718-50062021000500107,Gestión educativa para la sostenibilidad académica en Colombia,2021,es,metadata,STM-METADATA-ES,14,0.38760786788761903,BERTopic-METADATA-MULTILINGUAL,3,0.8535840532713838,False,partial_overlap,0.057543,False,pending
doi:10.4067/s0718-50062021000600193,Compromiso académico estudiantil en tiempos de COVID-19: desafíos y oportunidades para la enseñanza en línea,2021,es,metadata,STM-METADATA-ES,15,0.28720968035825684,BERTopic-METADATA-MULTILINGUAL,7,1.0,False,language_specific_match,0.034166,True,pending
doi:10.4067/s0718-50652021000100215,"ENCARGADO DE CONVIVENCIA ESCOLAR EN EL NORTE DE CHILE: PERFIL, OBSTÁCULOS Y SUGERENCIAS PARA SU DESEMPEÑO",2021,es,metadata,STM-METADATA-ES,12,0.9682144853044212,BERTopic-METADATA-MULTILINGUAL,12,1.0,False,weak_match,0.005178,False,pending
doi:10.4067/s0718-73782023000200037,¿Liderazgo Inclusivo? La Mirada de las Familias hacia las Prácticas de los Directores Escolares,2023,es,metadata,STM-METADATA-ES,12,0.7507914828801311,BERTopic-METADATA-MULTILINGUAL,5,0.888237519482803,False,weak_match,0.013342,False,pending
doi:10.4151/07189729-vol.60-iss.3-art.1158,Liderando la mejora desde el departamento de lenguaje: un estudio de caso,2021,es,metadata,STM-METADATA-ES,12,0.7396029846410676,BERTopic-METADATA-MULTILINGUAL,-1,0.0,True,language_specific_match,0.03338,False,pending
doi:10.4151/07189729-vol.63-iss.1-art.1511,Liderazgo transformacional para la prevención del abandono escolar. Una historia de vida,2024,es,metadata,STM-METADATA-ES,12,0.9446174555985143,BERTopic-METADATA-MULTILINGUAL,0,0.9202118283250567,False,STM_split_by_BERTopic,0.140676,False,pending
doi:10.4438/1988-592x-re-2021-393-487,Aplicación de un análisis de importancia y realización de competencias para la identificación de prioridades en la formación docente,2021,es,metadata,STM-METADATA-ES,16,0.4961913688283306,BERTopic-METADATA-MULTILINGUAL,-1,0.0,True,weak_match,0.018935,True,pending
doi:10.4471/ijelm.16158,Liderazgo de Directoras en EMTP y la Promoción de la Perspectiva de Género en contextos Masculinizados,2025,es,metadata,STM-METADATA-ES,12,0.9637660092838548,BERTopic-METADATA-MULTILINGUAL,0,0.7756980757793628,False,STM_split_by_BERTopic,0.140676,True,pending
doi:10.4471/ijelm.17484,Claves del Liderazgo Pedagógico y su Impacto en la Gestión Eficaz dentro de la Comunidad Educativa,2025,es,metadata,STM-METADATA-ES,6,0.492769818485427,BERTopic-METADATA-MULTILINGUAL,0,1.0,False,language_specific_match,0.048248,False,pending
doi:10.46363/searching.v5i2.3,"Gestión educativa y liderazgo transformacional en las instituciones educativas de Trujillo, 2024",2024,es,metadata,STM-METADATA-ES,15,0.5332044889446642,BERTopic-METADATA-MULTILINGUAL,0,0.7794339148044376,False,language_specific_match,0.03975,True,pending
doi:10.46363/warmi.v4i1.4,Clima institucional y desempeño docente en instituciones educativas de Razuri Ascope 2025,2024,es,metadata,STM-METADATA-ES,4,0.684466626715971,BERTopic-METADATA-MULTILINGUAL,1,0.9254015412623446,False,partial_overlap,0.066687,False,pending
doi:10.46363/yachaq.v5i2.4,Gestión escolar y compromiso docente en instituciones intercultural bilingüe (eib),2022,es,metadata,STM-METADATA-ES,10,0.6914033638401849,BERTopic-METADATA-MULTILINGUAL,5,0.7153375920958246,False,weak_match,0.006123,True,pending
doi:10.46377/dilemas.v10i3.3667,Implementación de políticas ambientales en la gestión escolar peruana.,2023,es,metadata,STM-METADATA-ES,10,0.601900605668239,BERTopic-METADATA-MULTILINGUAL,-1,0.0,True,language_specific_match,0.03007,False,pending
doi:10.46377/dilemas.v11i1.3697,La gestión educativa y la calidad del servicio educativo.,2023,es,metadata,STM-METADATA-ES,10,0.7203314553227533,BERTopic-METADATA-MULTILINGUAL,1,0.8789434417870736,False,partial_overlap,0.056243,False,pending
doi:10.46377/dilemas.v9i.2906,La gestión educativa en la evaluación docente.,2021,es,metadata,STM-METADATA-ES,16,0.41811107523768576,BERTopic-METADATA-MULTILINGUAL,-1,0.0,True,weak_match,0.018935,False,pending
doi:10.46498/reduipb.v24i2.1330,Gerencia educativa: Transformación e innovación,2020,es,metadata,STM-METADATA-ES,14,0.23569488902418706,BERTopic-METADATA-MULTILINGUAL,-1,0.0,True,language_specific_match,0.020149,True,pending
doi:10.46498/reduipb.v25i1.1462,Gestión escolar y liderazgo del directivo: Aporte para la calidad educativa,2021,es,metadata,STM-METADATA-ES,10,0.4479807887607077,BERTopic-METADATA-MULTILINGUAL,-1,0.0,True,language_specific_match,0.03007,False,pending
doi:10.46498/reduipb.v26i2.1643,Clima organizacional y el desarrollo de la gestión escolar del preescolar de la Universidad Metropolitana,2022,es,metadata,STM-METADATA-ES,5,0.6691088807651783,BERTopic-METADATA-MULTILINGUAL,3,0.8047904133253205,False,weak_match,0.00745,True,pending
doi:10.46498/reduipb.v26i2.1714,La Tecnología de la Información y la Comunicación en el Desarrollo de la Gestión Educativa,2022,es,metadata,STM-METADATA-ES,10,0.31176975515219774,BERTopic-METADATA-MULTILINGUAL,2,1.0,False,weak_match,0.011423,True,pending
doi:10.46583/edetania_2022.62.1088,La dirección escolar. Análisis desde el nuevo enfoque de la reforma de la ley de educación.,2022,es,metadata,STM-METADATA-ES,3,0.6935783160489112,BERTopic-METADATA-MULTILINGUAL,7,0.935607040731664,False,weak_match,0.016485,True,pending
doi:10.46589/rdiasf.vi38.531,El diagnóstico en el proceso administrativo para la mejora de los procesos de gestión administrativa,2023,es,metadata,STM-METADATA-ES,16,0.37344014963917216,BERTopic-METADATA-MULTILINGUAL,1,0.9462430277346507,False,language_specific_match,0.044019,True,pending
doi:10.46589/riasf.v1i43.757,Comunicación Efectiva: un Elemento Clave en la Gestión Escolar de una Institución Media Superior,2025,es,metadata,STM-METADATA-ES,4,0.2255338836177016,BERTopic-METADATA-MULTILINGUAL,-1,0.0,True,language_specific_match,0.035398,True,pending
doi:10.46589/riasf.v1i43.781,"Orientaciones Metodológicas para la Gestión en Telesecundaria en Sonora, México: Un Enfoque desde la Investigación-Acción",2025,es,metadata,STM-METADATA-ES,6,0.40600379930608443,BERTopic-METADATA-MULTILINGUAL,-1,0.0,True,language_specific_match,0.043382,False,pending
doi:10.46652/religacionpress.192.c314,"La innovación educativa desde la gestión escolar: retos, saberes y desafíos",2024,es,metadata,STM-METADATA-ES,13,0.409369088829984,BERTopic-METADATA-MULTILINGUAL,7,1.0,False,language_specific_match,0.026269,False,pending
doi:10.46652/religacionpress.293.c511,Habilidades Directivas para una Gestión Escolar con Enfoque Humanista en los Institutos Tecnológicos,2025,es,metadata,STM-METADATA-ES,6,0.5736407485026849,BERTopic-METADATA-MULTILINGUAL,-1,0.0,True,language_specific_match,0.043382,False,pending
doi:10.46652/religacionpress.317.c581,Administrar sin excluir: gestión escolar con perspectiva de género en el siglo XXI,2025,es,metadata,STM-METADATA-ES,6,0.5794792244325456,BERTopic-METADATA-MULTILINGUAL,8,1.0,False,weak_match,0.007881,False,pending
doi:10.46785/lasjournal.v5i2.86,Práctica docente y liderazgo pedagógico,2021,es,metadata,STM-METADATA-ES,12,0.21942265935754546,BERTopic-METADATA-MULTILINGUAL,0,0.8593015210359533,False,STM_split_by_BERTopic,0.140676,True,pending
doi:10.46794/gacien.6.1.718,"Clima organizacional y desempeño docente en instituciones educativas de la Unidad Gestión Educativa Local, Huánuco - 2017",2020,es,metadata,STM-METADATA-ES,4,0.4779815489164521,BERTopic-METADATA-MULTILINGUAL,4,1.0,False,STM_split_by_BERTopic,0.142531,False,pending
doi:10.46794/gacien.8.3.1708,"Análisis de la gestión administrativa en la Unidad de Gestión Educativa Local N.° 302, Leoncio Prado",2022,es,metadata,STM-METADATA-ES,10,0.5366173643496752,BERTopic-METADATA-MULTILINGUAL,-1,0.0,True,language_specific_match,0.03007,False,pending
doi:10.46932/sfjdv2n2-062,Efectos de estilos de liderazgo del director en la gestión de Instituciones Educativas,2021,es,metadata,STM-METADATA-ES,10,0.5619357557707941,BERTopic-METADATA-MULTILINGUAL,0,0.9087106029003604,False,language_specific_match,0.023905,False,pending
doi:10.46932/sfjdv3n5-050,Binomio familia - escuela: oportunidad de gestión escolar,2022,es,metadata,STM-METADATA-ES,11,0.3823875894030174,BERTopic-METADATA-MULTILINGUAL,10,0.754985818425218,False,weak_match,0.011127,True,pending
doi:10.46932/sfjdv3n6-026,Análisis del patrón de diseño para el desarrollo de un sistema de gestión escolar,2022,es,metadata,STM-METADATA-ES,7,0.8045996088507709,BERTopic-METADATA-MULTILINGUAL,7,0.9999788921939083,False,weak_match,0.005725,False,pending
doi:10.46932/sfjdv5n3-022,Integración de la inteligencia artificial en la gestión educativa: Factores pedagógicos y desempeño académico,2024,es,metadata,STM-METADATA-ES,7,0.3961973248983217,BERTopic-METADATA-MULTILINGUAL,9,1.0,False,one_to_one,0.257086,True,pending
doi:10.46932/sfjdv5n5-016,La gestión escolar basada en Inteligencia Artificial para mejorar el rendimiento académico,2024,es,metadata,STM-METADATA-ES,9,0.48193191662155255,BERTopic-METADATA-MULTILINGUAL,9,1.0,False,weak_match,0.005005,False,pending
doi:10.46932/sfjdv6n10-027,Innovación pedagógica y metodologías activas impulsando la transformación del rol del docente en la gestión escolar,2025,es,metadata,STM-METADATA-ES,6,0.6622446580653037,BERTopic-METADATA-MULTILINGUAL,-1,0.0,True,language_specific_match,0.043382,False,pending
doi:10.46932/sfjdv6n7-055,Transformación digital en la gestión educativa desafíos y oportunidades para el docente con estudiantes con NEE,2025,es,metadata,STM-METADATA-ES,7,0.2840129211100249,BERTopic-METADATA-MULTILINGUAL,2,1.0,False,BERTopic_combines_STM,0.15443,True,pending
doi:10.46932/sfjdv7n6-040,Estudio del clima laboral en la gestión educativa,2026,es,metadata,STM-METADATA-ES,15,0.6651742221863101,BERTopic-METADATA-MULTILINGUAL,-1,0.0,True,language_specific_match,0.020611,False,pending
doi:10.46954/revistages.v5i1.74,Incidencia de las Políticas Educativas implementadas por Ministerio de Educación de Guatemala,2021,es,metadata,STM-METADATA-ES,3,0.4588550543727427,BERTopic-METADATA-MULTILINGUAL,3,0.8244547530170835,False,language_specific_match,0.027015,False,pending
doi:10.47058/joa14.2,"Gestión escolar y desempeño docente en una institución educativa pública de nivel secundaria, Apurímac, 2022",2026,es,metadata,STM-METADATA-ES,4,0.6955482973222192,BERTopic-METADATA-MULTILINGUAL,1,0.9254015412623446,False,partial_overlap,0.066687,False,pending
doi:10.47069/estudios-ambientales.v9i2.1291,"Educación para el desarrollo sostenible ¿Cuánto saben los jóvenes sobre temas ambientales? Estudio de caso en Lujan, Argentina",2021,es,metadata,STM-METADATA-ES,2,0.28528642257417736,BERTopic-METADATA-MULTILINGUAL,-1,0.0,True,weak_match,0.015961,True,pending
doi:10.47187/perspectivas.6.2.223,Análisis de datos para la optimización eficiente de horarios y Aprendizaje Automático,2024,es,metadata,STM-METADATA-ES,7,0.9708101874850348,BERTopic-METADATA-MULTILINGUAL,9,1.0,False,one_to_one,0.257086,False,pending
doi:10.47189/pjsg.v1i2.50,Experiencias pedagógicas para fortalecer la cultura de legalidad en el aula: un análisis socio-crítico en el sistema público ecuatoriano,2025,es,metadata,STM-METADATA-ES,6,0.47234759017730266,BERTopic-METADATA-MULTILINGUAL,3,0.924971895490544,False,language_specific_match,0.042748,False,pending
doi:10.47192/rcs.v3i1.81,Coaching y desempeño docente en la gestión escolar,2022,es,metadata,STM-METADATA-ES,4,0.38586985861343287,BERTopic-METADATA-MULTILINGUAL,-1,0.0,True,language_specific_match,0.035398,False,pending
doi:10.47212/rtcalinin.1.1.4,Huertos escolares en la promoción de hábitos alimenticios saludables en el plato del buen comer,2021,es,metadata,STM-METADATA-ES,12,0.3445675011236497,BERTopic-METADATA-MULTILINGUAL,-1,0.0,True,language_specific_match,0.03338,False,pending
doi:10.47422/ac.v3i3.94,Impacto del teletrabajo en la gestión educativa de la Facultad de Ciencias Empresariales - Universidad Nacional de Educación Enrique Guzmán y Valle,2022,es,metadata,STM-METADATA-ES,11,0.6718102109282348,BERTopic-METADATA-MULTILINGUAL,3,0.8697513842909433,False,partial_overlap,0.052823,False,pending
doi:10.47460/uct.v24i106.397,PODCAST: RECURSO DIDÁCTICO EN EL DESARROLLO DE LA DESTREZA AUDITIVA DEL IDIOMA INGLÉS,2020,es,metadata,STM-METADATA-ES,8,0.5331944207352843,BERTopic-METADATA-MULTILINGUAL,-1,0.0,True,language_specific_match,0.035878,False,pending
doi:10.47553/rifop.v98i37.3.93879,El profesorado en la dirección escolar: la construcción de la identidad profesional y su impacto en la organización,2023,es,metadata,STM-METADATA-ES,12,0.8432009511288282,BERTopic-METADATA-MULTILINGUAL,0,0.8010740781382062,False,STM_split_by_BERTopic,0.140676,False,pending
doi:10.47554/cii.vol14.2023.pp114-125,Promoviendo la mejora escolar de las instituciones educativas a través de estrategias de formación continua,2024,es,metadata,STM-METADATA-ES,8,0.35547073691374836,BERTopic-METADATA-MULTILINGUAL,-1,0.0,True,language_specific_match,0.035878,True,pending
doi:10.47554/cii.vol15.2024.pp129-135,Experiencias exitosas de acompañamiento situado a la gestión pedagógica e institucional en los centros educativos,2025,es,metadata,STM-METADATA-ES,8,0.33952023953927,BERTopic-METADATA-MULTILINGUAL,-1,0.0,True,language_specific_match,0.035878,True,pending
doi:10.47554/cii.vol15.2024.pp137-141,Autonomía de la Junta de Centro y su impacto en la Gestión Educativa,2025,es,metadata,STM-METADATA-ES,16,0.6273332403053349,BERTopic-METADATA-MULTILINGUAL,-1,0.0,True,weak_match,0.018935,False,pending
doi:10.47554/revie.vol12.num2.2025.pp107-128,participación comunitaria en los centros educativos: desafíos y oportunidades en contexto diverso,2025,es,metadata,STM-METADATA-ES,9,0.7194626604551154,BERTopic-METADATA-MULTILINGUAL,-1,0.0,True,language_specific_match,0.027746,False,pending
doi:10.47554/revie.vol13.num1.2026.pp43-69,Estrategias de mejora para fortalecer la gestión escolar y la creación de ambientes de aprendizaje,2026,es,metadata,STM-METADATA-ES,6,0.3326627253717196,BERTopic-METADATA-MULTILINGUAL,1,0.9254015412623446,False,weak_match,0.016977,False,pending
doi:10.47606/acven/ph0022,"ESCUELA, FAMILIA Y COMUNIDAD ESCENARIO ESTRATÉGICO PARA LA GESTIÓN EDUCATIVA EN CONTEXTOS RURALES.",2021,es,metadata,STM-METADATA-ES,15,0.2644064169833677,BERTopic-METADATA-MULTILINGUAL,-1,0.0,True,language_specific_match,0.020611,True,pending
doi:10.47606/acven/ph0132,"DESARROLLO SOSTENIBLE Y GESTIÓN EDUCATIVA ACCIONES INTEGRADAS PARA EL MANEJO MEDIO AMBIENTALES EN LA UNIDAD EDUCATIVA ""JOSÉ DOMINGO FERAUD GUZMÁN""",2022,es,metadata,STM-METADATA-ES,16,0.927624744439745,BERTopic-METADATA-MULTILINGUAL,-1,0.0,True,weak_match,0.018935,False,pending
doi:10.47606/acven/ph0178,Integración escuela- comunidad desde el consejo educativo en la gestión escolar indígena,2023,es,metadata,STM-METADATA-ES,10,0.6014253210125253,BERTopic-METADATA-MULTILINGUAL,-1,0.0,True,language_specific_match,0.03007,False,pending
doi:10.47606/acven/ph0208,Liderazgo del directivo en la gestión escolar,2023,es,metadata,STM-METADATA-ES,12,0.617900980566487,BERTopic-METADATA-MULTILINGUAL,0,0.8661110921437235,False,STM_split_by_BERTopic,0.140676,False,pending
doi:10.47606/acven/ph0224,Liderazgo del directivo en la gestión escolar,2024,es,metadata,STM-METADATA-ES,12,0.6211338083302262,BERTopic-METADATA-MULTILINGUAL,0,0.8429928594875825,False,STM_split_by_BERTopic,0.140676,False,pending
doi:10.47606/acven/ph0229,Gestión docente y educativa en la educación superior por la calidad de la formación,2024,es,metadata,STM-METADATA-ES,15,0.42001162677513265,BERTopic-METADATA-MULTILINGUAL,1,1.0,False,weak_match,0.010969,False,pending
doi:10.47666/summa.3.1.19,Componentes de la gestión educativa aplicables por el equipo directivo,2021,es,metadata,STM-METADATA-ES,14,0.25100479859799224,BERTopic-METADATA-MULTILINGUAL,0,1.0,False,weak_match,0.01562,True,pending
doi:10.47796/ce.v11i01.765,Los estilos gerenciales determinantes del éxito en la gestión educativa,2023,es,metadata,STM-METADATA-ES,10,0.5190341118051242,BERTopic-METADATA-MULTILINGUAL,1,0.9462430277346507,False,partial_overlap,0.056243,False,pending
doi:10.47865/igob.vol3.2020.90,"Gestión de supervisión pedagógica y su relación con el desempeño docente del nivel secundaria de la I.E. N° 3089 ""Los Ángeles"", Ugel Ventanilla. Región Callao - 2017",2020,es,metadata,STM-METADATA-ES,10,0.7989201093596185,BERTopic-METADATA-MULTILINGUAL,4,1.0,False,STM_split_by_BERTopic,0.132433,False,pending
doi:10.47865/igob.vol3.2020.94,Gestión educativa y satisfacción académica en alumnos de escuela de infantería del ejército peruano. Lima. 2019,2020,es,metadata,STM-METADATA-ES,10,0.5357464011371489,BERTopic-METADATA-MULTILINGUAL,-1,0.0,True,language_specific_match,0.03007,False,pending
doi:10.47865/igob.vol4.2021.118,"Liderazgo distribuido y gestión de conflictos en los docentes del nivel secundario: Red 4-Ugel 01, 2017",2021,es,metadata,STM-METADATA-ES,10,0.9638591136111747,BERTopic-METADATA-MULTILINGUAL,-1,0.0,True,language_specific_match,0.03007,False,pending
doi:10.47865/igob.vol4.2021.145,Proyecto educativo institucional en el marco de la calidad en la gestión educativa en una institución educativa. Ugel 03. Lima 2020. Estudio preliminar,2021,es,metadata,STM-METADATA-ES,16,0.628933885097756,BERTopic-METADATA-MULTILINGUAL,-1,0.0,True,weak_match,0.018935,False,pending
doi:10.47865/igob.vol4.2021.147,Gestión educativa y percepción de la calidad del servicio educativo en una institución educativa. Región callao 2020. Estudio preliminar,2021,es,metadata,STM-METADATA-ES,10,0.5602494345699786,BERTopic-METADATA-MULTILINGUAL,1,1.0,False,partial_overlap,0.056243,False,pending
doi:10.47865/igob.vol4.2021.155,"Liderazgo transformacional y la gestión educativa del director en la Institución Educativa 1129 Corazón de Jesús-Ugel 03, Lima",2021,es,metadata,STM-METADATA-ES,4,0.4745987355776087,BERTopic-METADATA-MULTILINGUAL,-1,0.0,True,language_specific_match,0.035398,True,pending
doi:10.47865/igob.vol5.n17.2022.177,"Influencia de la gestión educativa en la convivencia escolar de instituciones educativas-Huancavelica, Perú",2022,es,metadata,STM-METADATA-ES,4,0.5722172709542335,BERTopic-METADATA-MULTILINGUAL,-1,0.0,True,language_specific_match,0.035398,False,pending
doi:10.47865/igob.vol5.n17.2022.181,Liderazgo directivo y gestión administrativa de las instituciones educativas públicas del nivel inicial UGEL 01 de Lima,2022,es,metadata,STM-METADATA-ES,10,0.9777024964407847,BERTopic-METADATA-MULTILINGUAL,-1,0.0,True,language_specific_match,0.03007,False,pending
doi:10.47865/igob.vol5.n17.2022.183,Dimensiones de la gestión escolar liderazgo y autoevaluación,2022,es,metadata,STM-METADATA-ES,10,0.7208310915874222,BERTopic-METADATA-MULTILINGUAL,0,0.8715367761778567,False,language_specific_match,0.023905,False,pending
doi:10.47865/igob.vol5.n20.2022.223,"El Liderazgo Compartido y su Impacto en la Gestión Escolar de la Institución Educativa Parroquial ""Nuestro Salvador"", Villa María Del Triunfo, 2022",2022,es,metadata,STM-METADATA-ES,10,0.8248705878920422,BERTopic-METADATA-MULTILINGUAL,-1,0.0,True,language_specific_match,0.03007,False,pending
doi:10.47865/igob.vol6.n22.2023.253,Competencia directiva y gestión escolar en la IE 3711 Fe y Alegria 12. puente Piedra. Lima,2023,es,metadata,STM-METADATA-ES,10,0.8695797150486877,BERTopic-METADATA-MULTILINGUAL,4,0.885760819980797,False,STM_split_by_BERTopic,0.132433,False,pending
doi:10.47865/igob.vol6.n22.2023.254,Cultura organizacional y gestión de la calidad del servicio educativo. IE n°3711 Fe y Alegría 12. Puente Piedra. Lima,2023,es,metadata,STM-METADATA-ES,10,0.3346606538124682,BERTopic-METADATA-MULTILINGUAL,0,0.8943180056143446,False,language_specific_match,0.023905,False,pending
doi:10.47865/igob.vol6.n22.2023.258,Competencia directiva y evaluación de la gestión escolar en la IE 5168 Rosa Luz. Puente piedra. Lima,2023,es,metadata,STM-METADATA-ES,10,0.7619956890546549,BERTopic-METADATA-MULTILINGUAL,4,0.885760819980797,False,STM_split_by_BERTopic,0.132433,False,pending
doi:10.47865/igob.vol6.n22.2023.264,"Competencia del director y gestión escolar en la IE n° 3719 ""Santísima Trinidad"". Puente Piedra. Lima",2023,es,metadata,STM-METADATA-ES,10,0.801356472786772,BERTopic-METADATA-MULTILINGUAL,4,0.885760819980797,False,STM_split_by_BERTopic,0.132433,False,pending
doi:10.47865/igob.vol6.n22.2023.271,Gestión educativa y organización de la gestión de riesgo en las ie de la rei 03. Puente piedra. Lima.,2023,es,metadata,STM-METADATA-ES,10,0.9469681878139038,BERTopic-METADATA-MULTILINGUAL,-1,0.0,True,language_specific_match,0.03007,False,pending
doi:10.47865/igob.vol6.n22.2023.284,"Cultura organizacional y evaluación del desempeño docente en el nivel primaria de la i.e. n° 116 ""abraham Valdelomar"". San Juan de Lurigancho. Lima 2022.",2023,es,metadata,STM-METADATA-ES,4,0.6240057012049989,BERTopic-METADATA-MULTILINGUAL,-1,0.0,True,language_specific_match,0.035398,False,pending
doi:10.47865/igob.vol6.n23.2023.295,Liderazgo transformacional y gestión educativa en cuatro colegios de educación pública en Villa María del Triunfo. Lima,2023,es,metadata,STM-METADATA-ES,10,0.8383379537437687,BERTopic-METADATA-MULTILINGUAL,0,1.0,False,language_specific_match,0.023905,False,pending
doi:10.47865/igob.vol6.n23.2023.296,Liderazgo pedagógico del directivo y gestión escolar de los docentes. IE n°5176 María Reiche Crosse. Puente Piedra. Lima,2023,es,metadata,STM-METADATA-ES,10,0.9429408527289931,BERTopic-METADATA-MULTILINGUAL,4,0.7567864455894355,False,STM_split_by_BERTopic,0.132433,True,pending
doi:10.47865/igob.vol6.n24.2023.305,Gestión educativa y calidad de los servicios educativos de cuatro instituciones educativas públicas. Villa maría del triunfo. Lima,2023,es,metadata,STM-METADATA-ES,10,0.7333732773505978,BERTopic-METADATA-MULTILINGUAL,4,0.885760819980797,False,STM_split_by_BERTopic,0.132433,False,pending
doi:10.47865/igob.vol6.n24.2023.307,Desempeño profesional docente y calidad de la educación en cuatro instituciones educativas públicas en Villa María del Triunfo. Lima,2023,es,metadata,STM-METADATA-ES,10,0.7005315052734398,BERTopic-METADATA-MULTILINGUAL,-1,0.0,True,language_specific_match,0.03007,False,pending
doi:10.47865/igob.vol7.n25.2024.326,"Desempeño docente y evaluación de la calidad educativa en la Institución Educativa ""Manuel Scorza Torre 8161"". Carabayllo. Lima",2024,es,metadata,STM-METADATA-ES,4,0.7477972868334254,BERTopic-METADATA-MULTILINGUAL,-1,0.0,True,language_specific_match,0.035398,False,pending
doi:10.47865/igob.vol7.n25.2024.327,"El proyecto educativo institucional y la gestión educativa en la I.E. Nuestra Señora del Carmen del distrito de Imperial, 2023",2024,es,metadata,STM-METADATA-ES,16,0.36259756498627577,BERTopic-METADATA-MULTILINGUAL,-1,0.0,True,weak_match,0.018935,False,pending
doi:10.47865/igob.vol7.n26.2024.341,Gestión de la cultura organizacional y desempeño docente en la IE N° 5127 Mártir José Olaya. Ventanilla. Lima,2024,es,metadata,STM-METADATA-ES,4,0.411470017651709,BERTopic-METADATA-MULTILINGUAL,-1,0.0,True,language_specific_match,0.035398,True,pending
doi:10.47865/igob.vol7.n26.2024.344,Competencia directiva y gestión escolar en la IE CET 34. Chancay. Lima,2024,es,metadata,STM-METADATA-ES,10,0.7931322087472973,BERTopic-METADATA-MULTILINGUAL,4,0.885760819980797,False,STM_split_by_BERTopic,0.132433,False,pending
doi:10.47865/igob.vol7.n28.2024.385,Diseño y validación de un cuestionario de gestión educativa en una escuela nacional superior de arte en Lima Metropolitana,2024,es,metadata,STM-METADATA-ES,10,0.3400920960969722,BERTopic-METADATA-MULTILINGUAL,7,0.9999788921939083,False,weak_match,0.014103,False,pending
doi:10.47865/igob.vol8.n30.2025.407,Clima institucional y evaluación del desempeño docente en instituciones educativas de primaria. Villa María del Triunfo. Lima,2025,es,metadata,STM-METADATA-ES,4,0.43210883101181125,BERTopic-METADATA-MULTILINGUAL,4,0.885760819980797,False,STM_split_by_BERTopic,0.142531,False,pending
doi:10.47865/igob.vol8.n32.2025.440,"Gestión y Calidad en Educación Básica Regular (EBR) de Instituciones Educativas del Distrito de Puente Piedra en Lima, Mediante Procesos de Autoevaluación. Una Experiencia de Campo",2025,es,metadata,STM-METADATA-ES,8,0.53244861815084,BERTopic-METADATA-MULTILINGUAL,4,0.8339838607166173,False,weak_match,0.011322,False,pending
doi:10.47865/igob.vol9.n33.2026.454,Radiografía de la Gestión Educativa Privada: Situación actual en la UGEL 07 de Lima Metropolitana,2026,es,metadata,STM-METADATA-ES,4,0.28745059056033623,BERTopic-METADATA-MULTILINGUAL,-1,0.0,True,language_specific_match,0.035398,True,pending
doi:10.47865/igob.vol9.n34.2026.464,Gestión Pedagógica Directiva y Dirección Escolar Docente. I.E 3070 María de los Ángeles. Lima,2026,es,metadata,STM-METADATA-ES,10,0.540530704075156,BERTopic-METADATA-MULTILINGUAL,4,0.9639734855328244,False,STM_split_by_BERTopic,0.132433,False,pending
doi:10.48082/espacios-a20v41n44p01,Gestión educativa estratégica como eje para la transformación de comunidades de aprendizaje,2020,es,metadata,STM-METADATA-ES,15,0.40240524206377853,BERTopic-METADATA-MULTILINGUAL,7,0.9999788921939083,False,language_specific_match,0.034166,True,pending
doi:10.48102/riber.v1i1.13,Formación de docentes para la gestión de escuelas rurales en Argentina,2024,es,metadata,STM-METADATA-ES,13,0.3407756961218964,BERTopic-METADATA-MULTILINGUAL,3,1.0,False,weak_match,0.012983,False,pending
doi:10.48102/rlee.2020.50.2.61,Estado del conocimiento sobre resignificación de políticas en materia de autonomía de gestión escolar en el marco de los Consejos Técnicos Escolares,2020,es,metadata,STM-METADATA-ES,3,0.9480715907342876,BERTopic-METADATA-MULTILINGUAL,-1,0.0,True,language_specific_match,0.026975,False,pending
doi:10.48102/rlee.2022.52.3.518,Gestión educativa y colectivos escolares durante la pandemia de la Covid-19,2022,es,metadata,STM-METADATA-ES,5,0.3350854908217998,BERTopic-METADATA-MULTILINGUAL,6,1.0,False,language_specific_match,0.027154,True,pending
doi:10.48102/rlee.2024.54.3.664,"Políticas educativas para el fortalecimiento de sociedades democráticas en América Latina y el Caribe: desafíos, experiencias y estrategias innovadoras",2024,es,metadata,STM-METADATA-ES,6,0.45828581066077406,BERTopic-METADATA-MULTILINGUAL,-1,0.0,True,language_specific_match,0.043382,False,pending
doi:10.48102/rlee.2025.55.2.709,Diseño de un modelo didáctico para la gestión escolar del riesgo,2025,es,metadata,STM-METADATA-ES,7,0.21971724176441004,BERTopic-METADATA-MULTILINGUAL,-1,0.0,True,weak_match,0.003042,True,pending
doi:10.48162/rev.36.074,Experiencias vividas en la gestión educativa de las políticas de inclusión digital,2023,es,metadata,STM-METADATA-ES,3,0.9692112403886635,BERTopic-METADATA-MULTILINGUAL,2,0.5428879876430324,False,weak_match,0.004427,True,pending
doi:10.48190/cumbres.v11n2a2,Revisión sistemática: liderazgo educativo un eje transformador para la excelencia académica,2026,es,metadata,STM-METADATA-ES,6,0.9635370572489541,BERTopic-METADATA-MULTILINGUAL,0,1.0,False,language_specific_match,0.048248,False,pending
doi:10.48204/3072-9653.6875,Tipos de usos de las TIC por parte de los docentes en sus prácticas pedagógicas,2025,es,metadata,STM-METADATA-ES,15,0.7614051788136413,BERTopic-METADATA-MULTILINGUAL,2,1.0,False,language_specific_match,0.03951,False,pending
doi:10.48204/j.holon.n5.a4956,GESTIÓN EDUCATIVA DEL INGENIERO CIVIL DESDE LA ESTRATEGIA CURRICULAR HUMANÍSTICA,2024,es,metadata,STM-METADATA-ES,11,0.3392963562359502,BERTopic-METADATA-MULTILINGUAL,7,1.0,False,partial_overlap,0.051921,False,pending
doi:10.5027/psicoperspectivas-vol20-issue2-fulltext-2330,Prácticas de liderazgo medio en coordinadores/as de tercera jornada de la educación de personas jóvenes y adultas en Chile,2021,es,metadata,STM-METADATA-ES,11,0.438818820178214,BERTopic-METADATA-MULTILINGUAL,-1,0.0,True,weak_match,0.019231,True,pending
doi:10.5027/psicoperspectivas-vol24-issue1-fulltext-3305,¿Qué debería hacer el Encargado de Convivencia Escolar?,2025,es,metadata,STM-METADATA-ES,12,0.9508764119145517,BERTopic-METADATA-MULTILINGUAL,-1,0.0,True,language_specific_match,0.03338,False,pending
doi:10.51247/st.v3i1.59,El director escolar como líder de la comunidad educativa,2020,es,metadata,STM-METADATA-ES,12,0.27275454144674793,BERTopic-METADATA-MULTILINGUAL,0,0.8588353948333562,False,STM_split_by_BERTopic,0.140676,True,pending
doi:10.51378/eca.v76i766.6478,"Gestionar para la convivencia inclusiva, una deuda del modelo educativo salvadoreño",2021,es,metadata,STM-METADATA-ES,12,0.9075898877187892,BERTopic-METADATA-MULTILINGUAL,5,0.8794406813704863,False,weak_match,0.013342,False,pending
doi:10.51431/bbf.v9i4.652,"Liderazgo transformacional y gestión educativa en instituciones educativas nivel secundaria - Ugel Maynas - Loreto, 2018",2020,es,metadata,STM-METADATA-ES,10,0.6769085296580766,BERTopic-METADATA-MULTILINGUAL,0,0.8915581222268583,False,language_specific_match,0.023905,False,pending
doi:10.51528/rp.vol8.id2191,Gestión educativa y liderazgo transformacional de los directivos en la educación básica regular,2021,es,metadata,STM-METADATA-ES,4,0.5046981378978691,BERTopic-METADATA-MULTILINGUAL,0,1.0,False,weak_match,0.010118,True,pending
doi:10.51528/rp.vol9.id2314,"Gerencia educativa: Dimensión social, transformaciones, retos y desafíos",2022,es,metadata,STM-METADATA-ES,14,0.5228055705998575,BERTopic-METADATA-MULTILINGUAL,7,1.0,False,partial_overlap,0.050433,False,pending
doi:10.51736/etecam103,NA,2025,es,metadata,STM-METADATA-ES,6,0.42137353954443163,BERTopic-METADATA-MULTILINGUAL,-1,0.0,True,language_specific_match,0.043382,False,pending
doi:10.51798/sijis.v3i2.335,"Una gestión educativa innovadora permite la construcción de procesos de enseñanza inclusivos, de calidad y creatividad",2022,es,metadata,STM-METADATA-ES,15,0.50410310465911,BERTopic-METADATA-MULTILINGUAL,-1,0.0,True,language_specific_match,0.020611,False,pending
doi:10.51896/reea/uwcn9184,PLANEACIÓN EN LA GESTIÓN EDUCATIVA DE LOS DIRECTIVOS DOCENTES RURALES,2022,es,metadata,STM-METADATA-ES,14,0.9538158925970894,BERTopic-METADATA-MULTILINGUAL,7,0.9999788921939083,False,partial_overlap,0.050433,False,pending
doi:10.51896/rilco.v8i29.1157,Mejora continua en la gestión educativa: estrategias y herramientas,2026,es,metadata,STM-METADATA-ES,15,0.6938166259235043,BERTopic-METADATA-MULTILINGUAL,1,1.0,False,weak_match,0.010969,False,pending
doi:10.51896/rilcods.v5i46.251,Aprendizaje organizacional mediado por tecnologías en una escuela primaria en el contexto de la pandemia del COVID 19,2023,es,metadata,STM-METADATA-ES,15,0.41579612994334997,BERTopic-METADATA-MULTILINGUAL,6,1.0,False,partial_overlap,0.06264,False,pending
doi:10.51896/rilcods.v8i76.1144,El papel de la innovación en la mejora de la calidad de la gestión educativa,2026,es,metadata,STM-METADATA-ES,6,0.5889756948928798,BERTopic-METADATA-MULTILINGUAL,-1,0.0,True,language_specific_match,0.043382,False,pending
doi:10.51915/ret.374,Auditores Juveniles: La participación estudiantil como eje de la gestión educativa en Perú,2025,es,metadata,STM-METADATA-ES,9,0.5893969701653652,BERTopic-METADATA-MULTILINGUAL,3,0.8884850304899375,False,language_specific_match,0.033863,False,pending
doi:10.52080/rvgluz.26.e5.5,Gestión educativa descentralizada con enfoque territorial,2021,es,metadata,STM-METADATA-ES,16,0.3282055974319681,BERTopic-METADATA-MULTILINGUAL,-1,0.0,True,weak_match,0.018935,True,pending
doi:10.52080/rvgluz.27.7.16,Educación y gestión en tiempos de pospandemia,2022,es,metadata,STM-METADATA-ES,11,0.7617785305719482,BERTopic-METADATA-MULTILINGUAL,6,0.8090769506949886,False,weak_match,0.017236,False,pending
doi:10.52080/rvgluz.27.97.5,Gestión escolar durante la pandemia: relación entre el acompañamiento pedagógico y el desempeño docente,2022,es,metadata,STM-METADATA-ES,4,0.5404065086401652,BERTopic-METADATA-MULTILINGUAL,-1,0.0,True,language_specific_match,0.035398,False,pending
doi:10.52080/rvgluz.29.e12.40,Gestión escolar: calidad de la educación centrada en la persona,2024,es,metadata,STM-METADATA-ES,11,0.5315111405663703,BERTopic-METADATA-MULTILINGUAL,-1,0.0,True,weak_match,0.019231,False,pending
doi:10.52080/rvgluz.30.especial14.45,Evaluación de desempeño y gestión escolar: paradojas y desafíos de los rectores públicos en Colombia,2025,es,metadata,STM-METADATA-ES,14,0.49405685243714653,BERTopic-METADATA-MULTILINGUAL,-1,0.0,True,language_specific_match,0.020149,False,pending
doi:10.52080/rvgluz.31.e15.22,Mediaciones culturales en la gestión educativa rural contemporánea,2026,es,metadata,STM-METADATA-ES,6,0.8955477024857478,BERTopic-METADATA-MULTILINGUAL,3,1.0,False,language_specific_match,0.042748,False,pending
doi:10.52080/rvgluz.31.e15.28,Cultura de innovación en la gestión escolar: estrategias gerenciales para el aprendizaje y la competitividad,2026,es,metadata,STM-METADATA-ES,6,0.5835799345057601,BERTopic-METADATA-MULTILINGUAL,-1,0.0,True,language_specific_match,0.043382,False,pending
doi:10.5209/rced.70275,Movilidad de profesores principiantes: una revisión sistemática de la literatura,2021,es,metadata,STM-METADATA-ES,14,0.36803970173481215,BERTopic-METADATA-MULTILINGUAL,-1,0.0,True,language_specific_match,0.020149,False,pending
doi:10.5212/praxeduc.v.19.22824.024,Gestión educativa intercultural bilingüe en instituciones rurales peruanas en tiempos de Covid-19,2024,es,metadata,STM-METADATA-ES,5,0.5900815958937081,BERTopic-METADATA-MULTILINGUAL,-1,0.0,True,weak_match,0.015385,False,pending
doi:10.5212/praxeduc.v.19.22864.020,Transformación educativa en Uruguay: análisis de documentos marco para la Educación Básica,2024,es,metadata,STM-METADATA-ES,6,0.325404516148867,BERTopic-METADATA-MULTILINGUAL,12,1.0,False,weak_match,0.009546,True,pending
doi:10.5212/praxeduc.v.21.24571.001,Desigualdades en el desempeño académico en educación secundaria en el Perú: un análisis multinivel,2025,es,metadata,STM-METADATA-ES,8,0.639175584257792,BERTopic-METADATA-MULTILINGUAL,3,0.8762779548893046,False,language_specific_match,0.043692,False,pending
doi:10.52149/sp21/64.8,SEGUNDO ARTÍCULO:ESTADO ACTUAL DE LA DIRECCIÓN ESCOLAR EN LOS ESTADOS UNIDOS,2022,es,metadata,STM-METADATA-ES,3,0.7211005627456573,BERTopic-METADATA-MULTILINGUAL,0,0.8588353948333562,False,language_specific_match,0.038262,False,pending
doi:10.52149/sp21/79.4,"DIRECCIÓN ESCOLAR EN LA ERA DE LA COMPLEJIDAD: AUTONOMÍA, SUPERVISIÓN Y LIDERAZGO ÉTICO",2026,es,metadata,STM-METADATA-ES,6,0.6320995568961436,BERTopic-METADATA-MULTILINGUAL,0,0.8588353948333562,False,language_specific_match,0.048248,False,pending
doi:10.52501/cc.331.04,"El CUValles y la investigación sobre procesos socioeducativos, un esbozo del estado del arte",2025,es,metadata,STM-METADATA-ES,8,0.283754373997547,BERTopic-METADATA-MULTILINGUAL,-1,0.0,True,language_specific_match,0.035878,True,pending
doi:10.52501/cc.389.01,Sistematización de una experiencia de promoción de la cultura de paz en las escuelas de una zona escolar,2025,es,metadata,STM-METADATA-ES,11,0.24323617042313114,BERTopic-METADATA-MULTILINGUAL,-1,0.0,True,weak_match,0.019231,True,pending
doi:10.5281/zenodo.17172475,El ciberbullying entre adolescentes factores de riesgo y estrategias de intervención en las escuelas urbanas,2025,es,metadata,STM-METADATA-ES,11,0.5710605468332173,BERTopic-METADATA-MULTILINGUAL,-1,0.0,True,weak_match,0.019231,False,pending
doi:10.5281/zenodo.17518914,Desarrollo profesional y su relación con la gestión educativa por procesos en los docentes de una unidad educativa de la ciudad de Cuenca,2025,es,metadata,STM-METADATA-ES,4,0.5201419602755292,BERTopic-METADATA-MULTILINGUAL,-1,0.0,True,language_specific_match,0.035398,False,pending
doi:10.5281/zenodo.17525622,Gestión educativa en estrategias metodológicas para el desarrollo de comprensión lectora,2025,es,metadata,STM-METADATA-ES,8,0.6174476941731145,BERTopic-METADATA-MULTILINGUAL,-1,0.0,True,language_specific_match,0.035878,False,pending
doi:10.5281/zenodo.17603080,Liderazgo transformacional en tiempos de crisis: Lecciones desde la pandemia para la gestión escolar,2025,es,metadata,STM-METADATA-ES,15,0.46616142149826384,BERTopic-METADATA-MULTILINGUAL,6,0.9315571118618742,False,partial_overlap,0.06264,False,pending
doi:10.5281/zenodo.17619868,"MARCO DE COHERENCIA Y GESTIÓN ESCOLAR EN INSTITUCIONES EDUCATIVAS POLIDOCENTES DEL NIVEL PRIMARIA, UGEL ANDAHUAYLAS",2023,es,metadata,STM-METADATA-ES,10,0.4238448938866579,BERTopic-METADATA-MULTILINGUAL,4,0.8023812907316188,False,STM_split_by_BERTopic,0.132433,True,pending
doi:10.5281/zenodo.17656428,Innovación y transformación: Estrategias de liderazgo emprendedor para potenciar la educación del siglo XXI,2025,es,metadata,STM-METADATA-ES,6,0.5632509381958649,BERTopic-METADATA-MULTILINGUAL,-1,0.0,True,language_specific_match,0.043382,False,pending
doi:10.5281/zenodo.17903642,Herramientas digitales y su incidencia en la administración escolar en la unidad educativa Dr. Miguel Encalada Mora,2025,es,metadata,STM-METADATA-ES,7,0.3983614703098335,BERTopic-METADATA-MULTILINGUAL,2,0.745777626471648,False,BERTopic_combines_STM,0.15443,True,pending
doi:10.5281/zenodo.17905633,MODELO DE GESTIÓN ESCOLAR PARA LA CALIDAD EDUCATIVA EN COLOMBIA,2025,es,metadata,STM-METADATA-ES,14,0.38033545520050666,BERTopic-METADATA-MULTILINGUAL,-1,0.0,True,language_specific_match,0.020149,False,pending
doi:10.5281/zenodo.17959860,La inteligencia se contagia: Estrategias sociales para transformar el bachillerato,2025,es,metadata,STM-METADATA-ES,11,0.449777160501812,BERTopic-METADATA-MULTILINGUAL,9,0.9883330298369457,False,weak_match,0.005452,False,pending
doi:10.5281/zenodo.18164846,Reflexiones crıticas sobre procesos pedagógicos. Una sistematización de experiencias sobre transformación educativa,2024,es,metadata,STM-METADATA-ES,13,0.3625366947475364,BERTopic-METADATA-MULTILINGUAL,-1,0.0,True,language_specific_match,0.020513,True,pending
doi:10.5281/zenodo.18186632,"Preparación de directores para la gestión educativa en el Municipio Libertador, Mérida",2024,es,metadata,STM-METADATA-ES,13,0.22404012337687318,BERTopic-METADATA-MULTILINGUAL,4,1.0,False,weak_match,0.00705,True,pending
doi:10.5281/zenodo.18225698,Gestión administrativa y praxis gerencial en las instituciones educativas,2026,es,metadata,STM-METADATA-ES,4,0.28513728441874825,BERTopic-METADATA-MULTILINGUAL,1,0.9462430277346507,False,partial_overlap,0.066687,True,pending
doi:10.5281/zenodo.18520779,Rol de la dirección escolar y liderazgo en la mejora de la calidad educativa,2026,es,metadata,STM-METADATA-ES,15,0.3526487871167597,BERTopic-METADATA-MULTILINGUAL,-1,0.0,True,language_specific_match,0.020611,True,pending
doi:10.5281/zenodo.18762677,Gestión educativa y resultados ENLA en Perú: análisis documental de la evaluación estandarizada y la rendición de cuentas (2015-2024),2026,es,metadata,STM-METADATA-ES,8,0.476223293617559,BERTopic-METADATA-MULTILINGUAL,-1,0.0,True,language_specific_match,0.035878,False,pending
doi:10.5281/zenodo.19206535,"Evaluación de Impacto de Jornada Escolar Completa: resultados sobre liderazgo, gestión escolar y prácticas pedagógicas",2025,es,metadata,STM-METADATA-ES,8,0.6180923281742542,BERTopic-METADATA-MULTILINGUAL,-1,0.0,True,language_specific_match,0.035878,False,pending
doi:10.5281/zenodo.19207873,"Evaluación de impacto del acceso a cargos directivos y del Programa Nacional de Formación: resultados sobre las dimensiones de Liderazgo y Gestión Escolar, y Enseñanza y Aprendizaje",2025,es,metadata,STM-METADATA-ES,12,0.2660931212445267,BERTopic-METADATA-MULTILINGUAL,0,1.0,False,STM_split_by_BERTopic,0.140676,True,pending
doi:10.5281/zenodo.19560588,MOMENTOS DE VERDAD Y BALANCE SCORECARD: PROPUESTA PARA OPTIMIZAR LA GESTIÓN ESTRATÉGICA EDUCATIVA,2026,es,metadata,STM-METADATA-ES,6,0.2794076204957247,BERTopic-METADATA-MULTILINGUAL,-1,0.0,True,language_specific_match,0.043382,True,pending
doi:10.5281/zenodo.19597322,La formación y la práctica docente en México Dilemas del siglo XXI,2021,es,metadata,STM-METADATA-ES,13,0.9876516148547966,BERTopic-METADATA-MULTILINGUAL,-1,0.0,True,language_specific_match,0.020513,False,pending
doi:10.5281/zenodo.19871446,"Inteligencia Artificial para la Gestión del Aula: Automatización de la Asistencia, Reportes Cualitativos y Comunicación Estratégica con Familias",2026,es,metadata,STM-METADATA-ES,7,0.7103281298850804,BERTopic-METADATA-MULTILINGUAL,9,0.6296869216923593,False,one_to_one,0.257086,False,pending
doi:10.5281/zenodo.20286918,Impacto y desafíos de la inteligencia artificial en la gestión escolar en Chile,2026,es,metadata,STM-METADATA-ES,6,0.61451499494249,BERTopic-METADATA-MULTILINGUAL,9,1.0,False,weak_match,0.010005,False,pending
doi:10.5281/zenodo.20435119,Procesos de gestión escolar en entornos virtuales orientados al uso de espacios digitales,2026,es,metadata,STM-METADATA-ES,7,0.5402763467146238,BERTopic-METADATA-MULTILINGUAL,2,1.0,False,BERTopic_combines_STM,0.15443,False,pending
doi:10.5281/zenodo.20786273,MODELO DE GESTIÓN ESCOLAR PARA EL FORTALECIMIENTO DE COMPETENCIAS EN GESTIÓN HUMANA,2026,es,metadata,STM-METADATA-ES,6,0.8208603737405461,BERTopic-METADATA-MULTILINGUAL,-1,0.0,True,language_specific_match,0.043382,False,pending
doi:10.5281/zenodo.20802046,"Liderazgo educativo: una revisión sistemática de modelos, enfoques y su contribución a la gestión escolar",2026,es,metadata,STM-METADATA-ES,6,0.8268331704656816,BERTopic-METADATA-MULTILINGUAL,0,0.9897650945421311,False,language_specific_match,0.048248,False,pending
doi:10.5281/zenodo.21280954,COMPETENCIAS DE LOS GERENTES EDUCATIVOS PARA LA GESTIÓN ESCOLAR EN INSTITUCIONES PRIVADAS,2026,es,metadata,STM-METADATA-ES,6,0.7980813811277431,BERTopic-METADATA-MULTILINGUAL,1,0.9254015412623446,False,weak_match,0.016977,False,pending
doi:10.5281/zenodo.21401954,Dimensiones comparativas de la gestión administrativa y la gestión educativa,2026,es,metadata,STM-METADATA-ES,6,0.9786249235090467,BERTopic-METADATA-MULTILINGUAL,1,0.9462430277346507,False,weak_match,0.016977,False,pending
doi:10.5281/zenodo.4020730,Pensamiento epistémico moderno y la producción de conocimiento escolar,2020,es,metadata,STM-METADATA-ES,11,0.7206743393730718,BERTopic-METADATA-MULTILINGUAL,7,1.0,False,partial_overlap,0.051921,False,pending
doi:10.5281/zenodo.4412663,"LA GESTIÓN ESCOLAR PARA LA EFICACIA EN LAS ESCUELAS RURALES DEL ESTADO DELTA AMACURO, VENEZUELA",2021,es,metadata,STM-METADATA-ES,16,0.32523342754045487,BERTopic-METADATA-MULTILINGUAL,3,1.0,False,language_specific_match,0.0222,True,pending
doi:10.5281/zenodo.4890965,Prevalencia del síndrome de burnout en la dirección de instituciones educativas públicas en Barrios Altos - Lima,2021,es,metadata,STM-METADATA-ES,5,0.7769307290810983,BERTopic-METADATA-MULTILINGUAL,-1,0.0,True,weak_match,0.015385,False,pending
doi:10.5281/zenodo.5590510,Desarrollo de un videojuego como técnica de evaluación de contenidos matemáticos en alumnos de Educación Primaria,2020,es,metadata,STM-METADATA-ES,8,0.4320611056680983,BERTopic-METADATA-MULTILINGUAL,2,0.9748434174898635,False,language_specific_match,0.022133,False,pending
doi:10.5281/zenodo.5592966,Estudio de resultados de un programa de formación de directores escolares en gestión del cambio,2020,es,metadata,STM-METADATA-ES,12,0.42612535459764445,BERTopic-METADATA-MULTILINGUAL,0,0.865261851803985,False,STM_split_by_BERTopic,0.140676,True,pending
doi:10.5281/zenodo.5865561,TRANSVERSALIZACIÓN DE LOS CONTENIDOS TIC EN EL CURRÍCULO DEL DOCENTE EN FORMACIÓN,2021,es,metadata,STM-METADATA-ES,8,0.32388798439851607,BERTopic-METADATA-MULTILINGUAL,2,0.9344499073627833,False,language_specific_match,0.022133,True,pending
doi:10.5281/zenodo.5874223,Gestión educativa y liderazgo educativo; las tic en la mejora de la competitividad.,2022,es,metadata,STM-METADATA-ES,10,0.5427766284200845,BERTopic-METADATA-MULTILINGUAL,0,1.0,False,language_specific_match,0.023905,False,pending
doi:10.5281/zenodo.6410248,La transmodernidad en voz y vestido de mujer,2022,es,metadata,STM-METADATA-ES,11,0.9475789032720637,BERTopic-METADATA-MULTILINGUAL,-1,0.0,True,weak_match,0.019231,False,pending
doi:10.5281/zenodo.6785484,Clasificación de Estrategias de Gestión del Conocimiento para impulsar la innovación educativa en Instituciones de Educación Superior,2022,es,metadata,STM-METADATA-ES,15,0.6457838398634239,BERTopic-METADATA-MULTILINGUAL,-1,0.0,True,language_specific_match,0.020611,False,pending
doi:10.5281/zenodo.6789683,Prácticas pedagógicas para el fomento de la cultura democrática al interior de las instituciones educativas,2022,es,metadata,STM-METADATA-ES,11,0.8392810270418785,BERTopic-METADATA-MULTILINGUAL,-1,0.0,True,weak_match,0.019231,False,pending
doi:10.5281/zenodo.7416004,La carencia de competencias de lenguaje gráfico en estudiantes de la licenciatura en Arquitectura de nuevo ingreso,2022,es,metadata,STM-METADATA-ES,1,0.653730868633745,BERTopic-METADATA-MULTILINGUAL,-1,0.0,True,weak_match,0.016227,False,pending
doi:10.5281/zenodo.7949405,Las instituciones educativas primarias y su relación con el liderazgo transformacional y la gestión escolar,2023,es,metadata,STM-METADATA-ES,15,0.4023545250193376,BERTopic-METADATA-MULTILINGUAL,0,1.0,False,language_specific_match,0.03975,True,pending
doi:10.5281/zenodo.8169904,"LA EVALUACIÓN, UN FOCO DE MEJORAMIENTO",2023,es,metadata,STM-METADATA-ES,15,0.28520545864407915,BERTopic-METADATA-MULTILINGUAL,7,1.0,False,language_specific_match,0.034166,True,pending
doi:10.5281/zenodo.8176287,Gestión educativa desde la perspectiva epistemológica de la complejidad en la gerencia del siglo XXI.,2023,es,metadata,STM-METADATA-ES,14,0.969211456817791,BERTopic-METADATA-MULTILINGUAL,7,1.0,False,partial_overlap,0.050433,False,pending
doi:10.5281/zenodo.8265524,"Aprendizaje Hibrido 3.0, transformando la Educación con Inteligencia Artificial y Realidad Virtual",2023,es,metadata,STM-METADATA-ES,7,0.9740643528987117,BERTopic-METADATA-MULTILINGUAL,9,1.0,False,one_to_one,0.257086,False,pending
doi:10.5281/zenodo.8307068,"Evaluación de la gestión de la calidad educativa del Colegio de Bachillerato ""Ciudad de Cuenca""",2023,es,metadata,STM-METADATA-ES,14,0.5176664913244493,BERTopic-METADATA-MULTILINGUAL,-1,0.0,True,language_specific_match,0.020149,False,pending
doi:10.52936/p.v3i1.49,"Gestión educativa y satisfacción laboral, en los docentes de una asociación educativa en Lima",2021,es,metadata,STM-METADATA-ES,4,0.41101952059783714,BERTopic-METADATA-MULTILINGUAL,13,1.0,False,weak_match,0.015982,False,pending
doi:10.53358/ecosacademia.v8i15.677,Estudio sobre el liderazgo educativo en los directivos de la Unidad Educativa Julio María Matovelle de Puerto Bolívar,2022,es,metadata,STM-METADATA-ES,9,0.3473284692223479,BERTopic-METADATA-MULTILINGUAL,-1,0.0,True,language_specific_match,0.027746,False,pending
doi:10.53382/issn.2810-7977.46,La preparación universitaria en liderazgo inclusivo para directores de escuela: un análisis desde programas de posgrado,2026,es,metadata,STM-METADATA-ES,6,0.885812046570946,BERTopic-METADATA-MULTILINGUAL,0,0.8025940475701818,False,language_specific_match,0.048248,False,pending
doi:10.53387/sa.v3i7.59,Los equipos directivos como líderes de la transformación educativa,2020,es,metadata,STM-METADATA-ES,12,0.25602115034338563,BERTopic-METADATA-MULTILINGUAL,0,1.0,False,STM_split_by_BERTopic,0.140676,True,pending
doi:10.53387/sa.v3i7.60,La escuela como movimiento social,2020,es,metadata,STM-METADATA-ES,11,0.6558919937961508,BERTopic-METADATA-MULTILINGUAL,7,1.0,False,partial_overlap,0.051921,True,pending
doi:10.5354/0719-6296.2026.79773,"Carrera directiva: selección de directores escolares en Chile, Honduras y Perú",2026,es,metadata,STM-METADATA-ES,12,0.7002937719215431,BERTopic-METADATA-MULTILINGUAL,-1,0.0,True,language_specific_match,0.03338,False,pending
doi:10.5354/2452-5014.2022.67730,El Proyecto Educativo Institucional en el sistema escolar chileno: propuestas de fortalecimiento a partir de una revisión comparada,2022,es,metadata,STM-METADATA-ES,3,0.5665356818713292,BERTopic-METADATA-MULTILINGUAL,12,1.0,False,language_specific_match,0.049164,False,pending
doi:10.5354/2452-5855.2025.74212,"El derecho de niños, niñas y adolescentes de pueblos indígenas a la educación en su propia cultura desde la regulación de la gestión escolar en Chile.",2026,es,metadata,STM-METADATA-ES,11,0.718154160289249,BERTopic-METADATA-MULTILINGUAL,-1,0.0,True,weak_match,0.019231,False,pending
doi:10.5354/2735-7279.2026.79264,Fortalecimiento de los liderazgos del equipo directivo y docente a través del desarrollo de la inteligencia emocional,2026,es,metadata,STM-METADATA-ES,6,0.3304669656224511,BERTopic-METADATA-MULTILINGUAL,-1,0.0,True,language_specific_match,0.043382,True,pending
doi:10.53595/rlo.v4.i9.093,Explorando el acompañamiento familiar en educación: Más allá de la participación tradicional,2024,es,metadata,STM-METADATA-ES,9,0.7979711740153663,BERTopic-METADATA-MULTILINGUAL,10,1.0,False,STM_split_by_BERTopic,0.134907,False,pending
doi:10.53595/rlo.v5.i12.116,Liderazgo Transformacional e Inteligencia Emocional en la Gestión Directiva Educativa,2025,es,metadata,STM-METADATA-ES,14,0.4989307093279932,BERTopic-METADATA-MULTILINGUAL,-1,0.0,True,language_specific_match,0.020149,False,pending
doi:10.53595/rlo.v5.i12.120,Análisis de la gestión directiva y procesos pedagógicos: una revisión bibliográfica,2025,es,metadata,STM-METADATA-ES,14,0.368999020723252,BERTopic-METADATA-MULTILINGUAL,-1,0.0,True,language_specific_match,0.020149,False,pending
doi:10.53673/th.v1i9.60,Liderazgo pedagógico directivo en la educación básica regular: Revisión sistemática,2021,es,metadata,STM-METADATA-ES,14,0.5085904419732373,BERTopic-METADATA-MULTILINGUAL,0,0.8588353948333562,False,weak_match,0.01562,False,pending
doi:10.53673/th.v2i3.113,Las relaciones interpersonales y la calidad educativa,2022,es,metadata,STM-METADATA-ES,14,0.5626268094826091,BERTopic-METADATA-MULTILINGUAL,-1,0.0,True,language_specific_match,0.020149,False,pending
doi:10.53673/th.v4i3.322,Ecos del Ambiente Institucional,2024,es,metadata,STM-METADATA-ES,5,0.5131871798740939,BERTopic-METADATA-MULTILINGUAL,-1,0.0,True,weak_match,0.015385,False,pending
doi:10.53673/th.v4i4.340,El Poder del Liderazgo en la Gestión Educativa,2025,es,metadata,STM-METADATA-ES,6,0.25462977582978413,BERTopic-METADATA-MULTILINGUAL,0,1.0,False,language_specific_match,0.048248,True,pending
doi:10.5377/arquitectura.v10i20.21404,Análisis de los sistemas de aseguramiento del confort higrotérmico en infraestructuras educativas. Caso de estudio: Unidad Educativa Abdón Calderón,2025,es,metadata,STM-METADATA-ES,9,0.9496289178820365,BERTopic-METADATA-MULTILINGUAL,-1,0.0,True,language_specific_match,0.027746,False,pending
doi:10.5377/esteli.v13i1.17706,"Experiencias docentes con la catedra semiología clínica, confrontada a los requisitos globales esenciales mínimos de la OMS, en facultades de medicina hispanomericanas",2024,es,metadata,STM-METADATA-ES,15,0.2693163900883162,BERTopic-METADATA-MULTILINGUAL,6,0.2992133523577962,False,partial_overlap,0.06264,True,pending
doi:10.5377/rci.v27i02.10430,La educación para la paz en las instituciones escolares. Consideraciones al contexto venezolano,2020,es,metadata,STM-METADATA-ES,11,0.5476204060343351,BERTopic-METADATA-MULTILINGUAL,3,1.0,False,partial_overlap,0.052823,False,pending
doi:10.5377/ru.v1i1.21518,Análisis correlacional entre la gestión escolar y el rendimiento de los alumnos,2025,es,metadata,STM-METADATA-ES,10,0.2552835293263531,BERTopic-METADATA-MULTILINGUAL,1,0.9254015412623446,False,partial_overlap,0.056243,True,pending
doi:10.53877/vyvzns79,La Comunicación Organizacional y la Gestión Directiva,2026,es,metadata,STM-METADATA-ES,6,0.8692929315835763,BERTopic-METADATA-MULTILINGUAL,-1,0.0,True,language_specific_match,0.043382,False,pending
doi:10.54033/cadpedv22n14-158,Ethos de gestão escolar dos CIEJAs em São Paulo: análise polifônica de Projetos Político-Pedagógicos,2025,es,metadata,STM-METADATA-ES,13,0.7217999879637284,BERTopic-METADATA-MULTILINGUAL,-1,0.0,True,language_specific_match,0.020513,False,pending
doi:10.54751/revistafoco.v18n6-177,MÁS ALLÁ DE LA ADMINISTRACIÓN: LIDERAZGO PEDAGÓGICO EFECTIVO EN CONTEXTOS ESCOLARES REALES,2025,es,metadata,STM-METADATA-ES,6,0.43047664306494715,BERTopic-METADATA-MULTILINGUAL,0,0.8588353948333562,False,language_specific_match,0.048248,False,pending
doi:10.54942/qantuyachay.v3i1.43,"La gestión escolar, el liderazgo pedagógico y la mejora de la práctica docente en los Centros de Educación Básica Alternativa de la UGEL 06, 2020",2023,es,metadata,STM-METADATA-ES,4,0.7759499337247248,BERTopic-METADATA-MULTILINGUAL,-1,0.0,True,language_specific_match,0.035398,False,pending
doi:10.54943/lree.v4i2.481,GESTIÓN EDUCATIVA Y DESEMPEÑO DOCENTE EN UNA INSTITUCIÓN EDUCATIVA RURAL DEL DISTRITO DE YAULI - HUANCAVELICA,2024,es,metadata,STM-METADATA-ES,4,0.7605521798384021,BERTopic-METADATA-MULTILINGUAL,4,0.8251333278674912,False,STM_split_by_BERTopic,0.142531,False,pending
doi:10.54948/desidades.v0i34.53113,"La Escuela Karaí Nhe´e Katu como productora de sentidos para los jóvenes Mbya Guarani, desde las voces del cacique y algunos profesores",2023,es,metadata,STM-METADATA-ES,11,0.8054574244409201,BERTopic-METADATA-MULTILINGUAL,3,0.7997795832865194,False,partial_overlap,0.052823,True,pending
doi:10.55560/arete.2022.15.8.2,Estado de formación y desarrollo en gestión educativa de los directores escolares. Caso de estudio distrito de educación Manta,2022,es,metadata,STM-METADATA-ES,13,0.3821342850621354,BERTopic-METADATA-MULTILINGUAL,0,0.8245021902852019,False,weak_match,0.015404,True,pending
doi:10.55560/arete.2023.18.9.7,Impacto de la emigración de docentes venezolanos de educación inicial en la gestión escolar. Caso: instituciones privadas del municipio Baruta,2023,es,metadata,STM-METADATA-ES,10,0.35795678381330065,BERTopic-METADATA-MULTILINGUAL,-1,0.0,True,language_specific_match,0.03007,True,pending
doi:10.5565/rev/educar.1055,El papel del «coach» en la formación de directivos: análisis de un programa específico,2020,es,metadata,STM-METADATA-ES,12,0.46904908768332865,BERTopic-METADATA-MULTILINGUAL,0,0.994108981360563,False,STM_split_by_BERTopic,0.140676,True,pending
doi:10.5565/rev/educar.2399,El liderazgo y la educación inclusiva desde la perspectiva de estudiantes y familias,2025,es,metadata,STM-METADATA-ES,12,0.7212463558333392,BERTopic-METADATA-MULTILINGUAL,5,1.0,False,weak_match,0.013342,False,pending
doi:10.55813/gaea/ccri/v4/n2/255,Análisis de la construcción de la identidad institucional en la organización educativa Douglas Solórzano: desafíos y perspectivas,2023,es,metadata,STM-METADATA-ES,11,0.3368494216640588,BERTopic-METADATA-MULTILINGUAL,-1,0.0,True,weak_match,0.019231,False,pending
doi:10.55813/gaea/ccri/v5/n2/538,Aplicación de la gestión educativa con inteligencia artificial en la enseñanza en educación superior y las ciencias sociales,2024,es,metadata,STM-METADATA-ES,7,0.9676128310802168,BERTopic-METADATA-MULTILINGUAL,9,1.0,False,one_to_one,0.257086,False,pending
doi:10.55813/gaea/ccri/v5/n2/603,Taller de capacitación docente para el uso de recursos didácticos digitales en la plataforma Magic School,2024,es,metadata,STM-METADATA-ES,7,0.9645673922444823,BERTopic-METADATA-MULTILINGUAL,2,0.9905492214695543,False,BERTopic_combines_STM,0.15443,False,pending
doi:10.55813/gaea/ccri/v7/n1/1509,Estrategia de gestión educativa para la salvaguarda del patrimonio institucional,2026,es,metadata,STM-METADATA-ES,9,0.46944934536825217,BERTopic-METADATA-MULTILINGUAL,-1,0.0,True,language_specific_match,0.027746,True,pending
doi:10.55813/gaea/ccri/v7/n1/1510,Estrategia de gestión escolar para el fortalecimiento de la inclusión de estudiantes con neurodivergencias en Educación General Básica,2026,es,metadata,STM-METADATA-ES,9,0.3461546485855261,BERTopic-METADATA-MULTILINGUAL,5,0.500305171556035,False,weak_match,0.004054,True,pending
doi:10.55867/libroqual23.01,La gestión educativa en la educación escolarizada. Reflexiones teóricas para la práctica,2023,es,metadata,STM-METADATA-ES,11,0.5283595915341934,BERTopic-METADATA-MULTILINGUAL,-1,0.0,True,weak_match,0.019231,False,pending
doi:10.55867/qual27.09,Direccionamiento estratégico de la gestión educativa en las instituciones del siglo XXI,2024,es,metadata,STM-METADATA-ES,16,0.35632327927795,BERTopic-METADATA-MULTILINGUAL,7,0.9999788921939083,False,weak_match,0.014189,True,pending
doi:10.55873/racs.v4i2.407,Gestión educativa y el desempeño docente en una institución educativa pública,2025,es,metadata,STM-METADATA-ES,4,0.9639895499001777,BERTopic-METADATA-MULTILINGUAL,1,0.9254015412623446,False,partial_overlap,0.066687,True,pending
doi:10.55905/cuadv17n7-122,Mediación pedagógica con tecnologías en la Educación Profesional durante la pandemia: desafíos y contradicciones en escuelas públicas de Minas Gerais,2025,es,metadata,STM-METADATA-ES,8,0.37455165767025833,BERTopic-METADATA-MULTILINGUAL,3,0.8192897841575152,False,language_specific_match,0.043692,True,pending
doi:10.56048/mqr20225.8.3.2024.3133-3153,"""Presupuestos para el efectivo ejercicio de participación, a través del consejo de participación ciudadana y control social del Ecuador"".",2024,es,metadata,STM-METADATA-ES,8,0.33412334923991843,BERTopic-METADATA-MULTILINGUAL,3,0.924971895490544,False,language_specific_match,0.043692,True,pending
doi:10.56048/mqr20225.8.4.2024.1758-1785,¿Cómo incide la gestión educativa en la convivencia armónica?,2024,es,metadata,STM-METADATA-ES,9,0.7098682873846163,BERTopic-METADATA-MULTILINGUAL,-1,0.0,True,language_specific_match,0.027746,False,pending
doi:10.56048/mqr20225.9.2.2025.e747,Gestión educativa en la aplicación de políticas inclusivas,2025,es,metadata,STM-METADATA-ES,8,0.43739141966980977,BERTopic-METADATA-MULTILINGUAL,5,1.0,False,STM_split_by_BERTopic,0.114836,False,pending
doi:10.56048/mqr20225.9.3.2025.e1005,La gestión educativa y su incidencia en el liderazgo comunicacional del trabajo docente,2025,es,metadata,STM-METADATA-ES,4,0.47214208624293075,BERTopic-METADATA-MULTILINGUAL,-1,0.0,True,language_specific_match,0.035398,False,pending
doi:10.56067/saetauniversitaria.v12i1.368,"COVID-19. POLÍTICAS Y TECNOLOGÍAS EDUCATIVAS, DIVERSIDADES Y DESAFÍOS.",2023,es,metadata,STM-METADATA-ES,14,0.3430215161675049,BERTopic-METADATA-MULTILINGUAL,5,0.6058835673443802,False,weak_match,0.016565,True,pending
doi:10.56124/jbs.v3i2.0007,"Gestión escolar y su incidencia en la calidad educativa, distrito de educación junín - bolivar",2022,es,metadata,STM-METADATA-ES,14,0.30467644060573573,BERTopic-METADATA-MULTILINGUAL,-1,0.0,True,language_specific_match,0.020149,True,pending
doi:10.56124/sapientiae.v9i19.021,Modelos de liderazgo y gestión educativa en la mejora escolar,2026,es,metadata,STM-METADATA-ES,6,0.6097426356038314,BERTopic-METADATA-MULTILINGUAL,0,1.0,False,language_specific_match,0.048248,False,pending
doi:10.56200/mried.v2i2especial.6988,El liderazgo transformacional y la gestión educativa: su incidencia en los resultados que obtienen las instituciones educativas,2023,es,metadata,STM-METADATA-ES,14,0.7860911915234274,BERTopic-METADATA-MULTILINGUAL,0,1.0,False,weak_match,0.01562,False,pending
doi:10.56200/mried.v2iespecial.6465,Gestión escolar en el desarrollo de los procesos pedagógicos por competencia en un Centro Educativo,2023,es,metadata,STM-METADATA-ES,16,0.3158960601955309,BERTopic-METADATA-MULTILINGUAL,-1,0.0,True,weak_match,0.018935,False,pending
doi:10.56200/mried.v2iespecial.6470,"Factores que intervienen en la gestión educativa, del centro María Antonia Gómez Tamayo República Dominicana",2023,es,metadata,STM-METADATA-ES,10,0.3860294912481334,BERTopic-METADATA-MULTILINGUAL,3,0.8697513842909433,False,weak_match,0.010807,False,pending
doi:10.56200/mried.v3i9.8649,Protocolo de actuación ante confinamientos: Un estudio de caso en la Gestión Escolar de los Politécnicos Vallejuelo y San Andrés en República Dominicana,2024,es,metadata,STM-METADATA-ES,9,0.46546698399201364,BERTopic-METADATA-MULTILINGUAL,3,0.8697513842909433,False,language_specific_match,0.033863,False,pending
doi:10.56200/mried.v4i1.11304,El rol del rector en la implementación de prácticas inclusivas para estudiantes con necesidades educativas específicas,2025,es,metadata,STM-METADATA-ES,8,0.5702905283556029,BERTopic-METADATA-MULTILINGUAL,5,1.0,False,STM_split_by_BERTopic,0.114836,False,pending
doi:10.56200/mried.v4i11.10188,Jornada Escolar Extendida: Un Aliado de las Familias Dominicanas,2025,es,metadata,STM-METADATA-ES,8,0.3056317040805465,BERTopic-METADATA-MULTILINGUAL,3,0.8697513842909433,False,language_specific_match,0.043692,True,pending
doi:10.56219/afc.v18i1.4808,GESTIÓN ESCOLAR Y DE AULA: UN ESTUDIO INTEGRAL PARA LA MEJORA DE LAS PRÁCTICAS EDUCATIVAS,2026,es,metadata,STM-METADATA-ES,14,0.3868195290720839,BERTopic-METADATA-MULTILINGUAL,-1,0.0,True,language_specific_match,0.020149,True,pending
doi:10.56219/dialctica.v1i25.3894,RECONOCIMIENTO Y RESPALDO A LAS COMUNIDADES RURALES EN LA GESTIÓN EDUCATIVA: UN IMPERATIVO PARA LAS POLÍTICAS EDUCATIVAS CONTEMPORÁNEAS,2025,es,metadata,STM-METADATA-ES,11,0.43292810722478103,BERTopic-METADATA-MULTILINGUAL,3,1.0,False,partial_overlap,0.052823,False,pending
doi:10.56219/dialctica.v2i20.2142,LA GESTIÓN DIRECTIVA EN LAS INSTITUCIONES EDUCATIVAS DE CARÁCTER OFICIAL FRENTE A CASOS DE ÉXITO ANTE PRUEBAS EXTERNAS ESTANDARIZADAS A NIVEL NA- CIONAL,2023,es,metadata,STM-METADATA-ES,14,0.9679213473036535,BERTopic-METADATA-MULTILINGUAL,3,0.8535840532713838,False,partial_overlap,0.057543,False,pending
doi:10.56219/dialctica.v2i25.3975,EL LIDERAZGO TRANSFORMACIONAL EN LA GERENCIA ESCOLAR: REFLEXIONES HACIA LA CALIDAD EDUCATIVA,2025,es,metadata,STM-METADATA-ES,15,0.4734460926668177,BERTopic-METADATA-MULTILINGUAL,0,0.8588353948333562,False,language_specific_match,0.03975,False,pending
doi:10.56219/dialctica.v3i29.5774,LIDERAZGO EDUCATIVO EN CONTEXTOS DE FRONTERA: CONSTRUCTOS TEÓRICOS PARA FORTALECER LA FORMACIÓN DOCENTE EN EL PROGRAMA DE FORMACIÓN COMPLEMENTARIA DE LA ESCUELA NORMAL SUPERIOR MARÍA INMACULADA DE ARAUCA,2026,es,metadata,STM-METADATA-ES,6,0.7088942139339587,BERTopic-METADATA-MULTILINGUAL,3,0.8114518397720891,False,language_specific_match,0.042748,False,pending
doi:10.56219/dialgica.v23i1.4915,Formación ciudadana y convivencia en la escuela. Roles del directivo docente,2026,es,metadata,STM-METADATA-ES,6,0.5226841786366492,BERTopic-METADATA-MULTILINGUAL,3,1.0,False,language_specific_match,0.042748,False,pending
doi:10.56219/dialgica.v23i1.4947,Percepción de los directivos sobre el liderazgo gerencial en las organizaciones educativas,2026,es,metadata,STM-METADATA-ES,6,0.6274776838773427,BERTopic-METADATA-MULTILINGUAL,0,1.0,False,language_specific_match,0.048248,False,pending
doi:10.56219/lneaimaginaria.v1i22.4184,GESTIÓN ESCOLAR EN EL MARCO DE DESARROLLO ACADÉMICO EN COLOMBIA,2025,es,metadata,STM-METADATA-ES,8,0.4662486366237505,BERTopic-METADATA-MULTILINGUAL,3,1.0,False,language_specific_match,0.043692,False,pending
doi:10.56219/lneaimaginaria.v2i24.5574,AGENDA MUNDIAL AMBIENTAL Y SOCIAL 2030: UNA VISIÓN HUMANA PARA SALVAR LA VIDA DESDE LA GESTIÓN ESCOLAR,2026,es,metadata,STM-METADATA-ES,6,0.5704520230404274,BERTopic-METADATA-MULTILINGUAL,-1,0.0,True,language_specific_match,0.043382,False,pending
doi:10.56219/rgp.vi40.918,Liderazgo directivo en la gestión escolar desde un enfoque micropolítico,2021,es,metadata,STM-METADATA-ES,2,0.39842711586892116,BERTopic-METADATA-MULTILINGUAL,-1,0.0,True,weak_match,0.015961,False,pending
doi:10.56342/recip.vol13.n25.2023.5,Propuesta de intervención pedagógica a la función del director escolar desde la perspectiva de la cognición social,2023,es,metadata,STM-METADATA-ES,11,0.29574615660180315,BERTopic-METADATA-MULTILINGUAL,0,0.8447223627462425,False,weak_match,0.00494,True,pending
doi:10.56712/latam.v4i1.227,Procesos de privatización en la educación,2023,es,metadata,STM-METADATA-ES,3,0.9718807703304261,BERTopic-METADATA-MULTILINGUAL,-1,0.0,True,language_specific_match,0.026975,False,pending
doi:10.56712/latam.v4i1.421,Liderazgo divergente en instituciones educativas: una aproximación teórica,2023,es,metadata,STM-METADATA-ES,15,0.4083185460767937,BERTopic-METADATA-MULTILINGUAL,0,1.0,False,language_specific_match,0.03975,True,pending
doi:10.56712/latam.v4i2.1035,Nueva Lógica. Nueve cuantificadores lógicos y su valor de verdad,2023,es,metadata,STM-METADATA-ES,11,0.5516969365269381,BERTopic-METADATA-MULTILINGUAL,7,1.0,False,partial_overlap,0.051921,False,pending
doi:10.56712/latam.v4i2.846,Sinergia: técnica para abordar las representaciones sociales sobre gestión escolar en una comunidad educativa frente a la nueva ruralidad,2023,es,metadata,STM-METADATA-ES,11,0.9619290448243647,BERTopic-METADATA-MULTILINGUAL,3,1.0,False,partial_overlap,0.052823,False,pending
doi:10.56712/latam.v4i4.1215,Evaluando la gestión,2023,es,metadata,STM-METADATA-ES,13,0.28878605470342006,BERTopic-METADATA-MULTILINGUAL,1,0.9462430277346507,False,weak_match,0.007075,True,pending
doi:10.56712/latam.v4i4.1268,La importancia de la gestión educativa para lograr una educación de calidad: una revisión sistemática,2023,es,metadata,STM-METADATA-ES,16,0.38562822054891777,BERTopic-METADATA-MULTILINGUAL,1,1.0,False,language_specific_match,0.044019,False,pending
doi:10.56712/latam.v4i5.1311,La privatización educativa como política encubierta. Un análisis del caso de Honduras,2023,es,metadata,STM-METADATA-ES,3,0.9805079920055934,BERTopic-METADATA-MULTILINGUAL,-1,0.0,True,language_specific_match,0.026975,False,pending
doi:10.56712/latam.v4i6.1549,Liderazgo directivo y gestión escolar. Experiencias y prácticas desde un enfoque internacional,2023,es,metadata,STM-METADATA-ES,12,0.2762082525455612,BERTopic-METADATA-MULTILINGUAL,0,1.0,False,STM_split_by_BERTopic,0.140676,False,pending
doi:10.56712/latam.v4i6.1550,"Canton, D. W. (2023). Liderazgo directivo y gestión escolar. Experiencias y prácticas desde un enfoque internacional",2023,es,metadata,STM-METADATA-ES,15,0.9004515859957447,BERTopic-METADATA-MULTILINGUAL,7,1.0,False,language_specific_match,0.034166,False,pending
doi:10.56712/latam.v5i1.1609,Diagnóstico laboral para la mejora del clima organizacional en una escuela secundaria,2024,es,metadata,STM-METADATA-ES,5,0.4235752483257927,BERTopic-METADATA-MULTILINGUAL,-1,0.0,True,weak_match,0.015385,False,pending
doi:10.56712/latam.v5i1.1712,Actitud de estudiantes y docentes del programa de maestría hacia la plataforma moodle,2024,es,metadata,STM-METADATA-ES,15,0.6919119612376211,BERTopic-METADATA-MULTILINGUAL,6,0.7683877965472559,False,partial_overlap,0.06264,True,pending
doi:10.56712/latam.v5i3.2109,Análisis de funciones y responsabilidades de un gestor educativo en centros de escolaridad inconclusa,2024,es,metadata,STM-METADATA-ES,15,0.282175578725061,BERTopic-METADATA-MULTILINGUAL,0,1.0,False,language_specific_match,0.03975,False,pending
doi:10.56712/latam.v5i5.2697,Funcionamiento de los consejos técnicos escolares: obstáculos y oportunidades,2024,es,metadata,STM-METADATA-ES,12,0.29872526629282503,BERTopic-METADATA-MULTILINGUAL,7,1.0,False,weak_match,0.006499,True,pending
doi:10.56712/latam.v5i5.2754,Revisión sistemática: inteligencia artificial en la transformación de la educación primaria,2024,es,metadata,STM-METADATA-ES,7,0.7165991524577949,BERTopic-METADATA-MULTILINGUAL,9,1.0,False,one_to_one,0.257086,False,pending
doi:10.56712/latam.v5i5.2759,Innovación: Factor Clave en la Gestión Administrativa desde la Praxeología Empresarial Educativa en Panamá,2024,es,metadata,STM-METADATA-ES,15,0.5887608883225581,BERTopic-METADATA-MULTILINGUAL,-1,0.0,True,language_specific_match,0.020611,False,pending
doi:10.56712/latam.v5i5.2944,La satisfacción de la comunidad escolar como apoyo en los procesos de mejora continua en una secundaria federal,2024,es,metadata,STM-METADATA-ES,9,0.5141482223105098,BERTopic-METADATA-MULTILINGUAL,-1,0.0,True,language_specific_match,0.027746,False,pending
doi:10.56712/latam.v6i1.3436,Impacto en la gestión educativa para atender la diversidad en tiempos de pandemia,2025,es,metadata,STM-METADATA-ES,15,0.41336354725862684,BERTopic-METADATA-MULTILINGUAL,6,0.8090769506949886,False,partial_overlap,0.06264,False,pending
doi:10.56712/latam.v6i1.3551,El Impacto del Liderazgo Escolar en la Calidad Educativa: Evidencia desde la Nueva Escuela Mexicana,2025,es,metadata,STM-METADATA-ES,7,0.36365569909290507,BERTopic-METADATA-MULTILINGUAL,-1,0.0,True,weak_match,0.003042,False,pending
doi:10.56712/latam.v6i2.3800,Modelos de gestión educativa integral y su efectividad en la promoción de la calidad educativa. Revisión sistemática,2025,es,metadata,STM-METADATA-ES,6,0.5981996551651929,BERTopic-METADATA-MULTILINGUAL,1,1.0,False,weak_match,0.016977,False,pending
doi:10.56712/latam.v6i2.3831,El uso de herramientas con Inteligencia Artificial en la optimización de tareas administrativas del docente,2025,es,metadata,STM-METADATA-ES,7,0.6704612782242606,BERTopic-METADATA-MULTILINGUAL,9,1.0,False,one_to_one,0.257086,False,pending
doi:10.56712/latam.v6i3.4063,Análisis del impacto de las políticas de gestión educativa en el rendimiento escolar,2025,es,metadata,STM-METADATA-ES,9,0.3095429230380747,BERTopic-METADATA-MULTILINGUAL,1,0.9512433009233936,False,weak_match,0.012834,False,pending
doi:10.56712/latam.v6i5.4761,Liderazgo directivo y gestión escolar en Panamá: un análisis desde la literatura especializada,2025,es,metadata,STM-METADATA-ES,6,0.7500673619003548,BERTopic-METADATA-MULTILINGUAL,-1,0.0,True,language_specific_match,0.043382,False,pending
doi:10.56712/latam.v6i6.4943,Gestión de conflictos escolares para favorecer el desempeño académico y la convivencia entre estudiantes de noveno grado,2025,es,metadata,STM-METADATA-ES,9,0.8362113216511109,BERTopic-METADATA-MULTILINGUAL,-1,0.0,True,language_specific_match,0.027746,False,pending
doi:10.56712/latam.v7i1.5478,"Características, alcances y limitaciones de la acción tutorial en el bachillerato. El papel del docente - tutor",2026,es,metadata,STM-METADATA-ES,13,0.5680082470206581,BERTopic-METADATA-MULTILINGUAL,-1,0.0,True,language_specific_match,0.020513,False,pending
doi:10.56865/dgenam.pd.2019.1.1.25,"El liderazgo y la gestión escolar. Construcciones, perspectivas y reconfiguraciones desde su complejidad.",2023,es,metadata,STM-METADATA-ES,12,0.306342725011278,BERTopic-METADATA-MULTILINGUAL,0,0.8588353948333562,False,STM_split_by_BERTopic,0.140676,True,pending
doi:10.56926/unaaaciencia.v4i2.134,Política Nacional de la modernización de la gestión pública y su relación con la gestión educativa del COAR Ancash,2025,es,metadata,STM-METADATA-ES,4,0.5535068977561826,BERTopic-METADATA-MULTILINGUAL,-1,0.0,True,language_specific_match,0.035398,False,pending
doi:10.58011/18hv-tx32,Diseño de un plan de capacitación del profesorado que incorpore mejoramiento de la gestión escolar en el marco del Desarrollo profesional docente del Colegio Melipilla,2025,es,metadata,STM-METADATA-ES,8,0.6091259327594861,BERTopic-METADATA-MULTILINGUAL,-1,0.0,True,language_specific_match,0.035878,False,pending
doi:10.58011/6tv7-gd64,Propuesta de un plan participativo de inclusión de niñas a un colegio mono genérico: Un aporte para la gestión escolar,2025,es,metadata,STM-METADATA-ES,6,0.6035925613288095,BERTopic-METADATA-MULTILINGUAL,5,0.3523624209308792,False,weak_match,0.006222,True,pending
doi:10.58515/019rspt,La planificación prospectiva como elemento gerencial organizativo en la gestión educativa,2024,es,metadata,STM-METADATA-ES,1,0.5626156813883766,BERTopic-METADATA-MULTILINGUAL,7,0.9999788921939083,False,weak_match,0.006144,False,pending
doi:10.58594/oojm2305,La educación en contextos rurales ecuatorianos. Algunas experiencias,2025,es,metadata,STM-METADATA-ES,11,0.4737600179393029,BERTopic-METADATA-MULTILINGUAL,3,1.0,False,partial_overlap,0.052823,False,pending
doi:10.58594/rtest.v4i1.100,The pedagogical leadership of the director and its influence on educational practices in the context of the New Mexican School,2024,es,metadata,STM-METADATA-ES,2,0.441332136587954,BERTopic-METADATA-MULTILINGUAL,-1,0.0,True,weak_match,0.015961,False,pending
doi:10.5867/medwave.2023.s1.uta152,The current panorama of the expansion of the offer of higher education in Mexico: A sociospatial perspective,2023,es,metadata,STM-METADATA-ES,3,0.3149747078625238,BERTopic-METADATA-MULTILINGUAL,-1,0.0,True,language_specific_match,0.026975,True,pending
doi:10.59282/reincisol.v4(7)1868-1890,El impacto de la falta de recursos tecnológicos en el aprendizaje dentro de los niveles de educación del Ecuador: Un análisis de sus beneficios y desafíos,2025,es,metadata,STM-METADATA-ES,15,0.698989704277121,BERTopic-METADATA-MULTILINGUAL,2,0.7587026585429651,False,language_specific_match,0.03951,True,pending
doi:10.59282/reincisol.v4(7)2014-2036,Estrategias de gestión educativa y su impacto en la calidad de la educación,2025,es,metadata,STM-METADATA-ES,6,0.31734574495266377,BERTopic-METADATA-MULTILINGUAL,1,1.0,False,weak_match,0.016977,True,pending
doi:10.59282/reincisol.v5(9)1524,"Educación artística, diversidad cultural e identidades múltiples: desafíos para la gestión educativa",2026,es,metadata,STM-METADATA-ES,11,0.659420563711325,BERTopic-METADATA-MULTILINGUAL,-1,0.0,True,weak_match,0.019231,False,pending
doi:10.59343/yuyay.v2i1.39,"La gestión educativa y la productividad laboral, desde una perspectiva docente en la unidad educativa ""17 de abril""",2023,es,metadata,STM-METADATA-ES,16,0.22082155215024732,BERTopic-METADATA-MULTILINGUAL,-1,0.0,True,weak_match,0.018935,True,pending
doi:10.59427/rcli/2023/v23cs.2715-2722,Trascendencia del Liderazgo transformacional directivo en la gestión escolar,2023,es,metadata,STM-METADATA-ES,14,0.8412444801289183,BERTopic-METADATA-MULTILINGUAL,0,1.0,False,weak_match,0.01562,False,pending
doi:10.59427/rcli/2023/v23cs.2958-2962,Gestión educativa en el Perú: Camino al desarrollo,2023,es,metadata,STM-METADATA-ES,14,0.8277119574084268,BERTopic-METADATA-MULTILINGUAL,3,0.9022147773391799,False,partial_overlap,0.057543,False,pending
doi:10.59427/rcli/2023/v23cs.2963-2967,La gestión escolar y su desarrollo en instituciones educativas de educación básica,2023,es,metadata,STM-METADATA-ES,14,0.9107596128942482,BERTopic-METADATA-MULTILINGUAL,-1,0.0,True,language_specific_match,0.020149,False,pending
doi:10.59427/rcli/2023/v23cs.3204-3210,Factores sociodemográficos asociados a las competencias digitales docentes,2023,es,metadata,STM-METADATA-ES,10,0.5268178748491139,BERTopic-METADATA-MULTILINGUAL,2,0.687841113212218,False,weak_match,0.011423,True,pending
doi:10.59427/rcli/2023/v23cs.3687-3692,Modelo de gestión educativa para fortalecer la enseñanza-aprendizaje del nivel secundario en una Institución Educativa,2023,es,metadata,STM-METADATA-ES,14,0.6758641440009459,BERTopic-METADATA-MULTILINGUAL,1,0.8924547917715416,False,partial_overlap,0.05166,False,pending
doi:10.59427/rcli/2023/v23cs.3717-3724,Relación entre la gestión escolar y el liderazgo directivo con el perfil de egreso en los estudiantes de la red educativa Santa Cruz,2023,es,metadata,STM-METADATA-ES,4,0.2757111217434936,BERTopic-METADATA-MULTILINGUAL,-1,0.0,True,language_specific_match,0.035398,True,pending
doi:10.59427/rcli/2023/v23cs.3940-3948,Liderazgo del director en la gestión escolar,2023,es,metadata,STM-METADATA-ES,6,0.35910877296474775,BERTopic-METADATA-MULTILINGUAL,0,1.0,False,language_specific_match,0.048248,True,pending
doi:10.59427/rcli/2024/v24cs.1167-1172,Manejo del conflicto en la gestión escolar: Una revisión sistemática,2024,es,metadata,STM-METADATA-ES,14,0.4760010538788508,BERTopic-METADATA-MULTILINGUAL,-1,0.0,True,language_specific_match,0.020149,False,pending
doi:10.59427/rcli/2024/v24cs.1599-1604,Modelo de gestión educativa para fortalecer la enseñanza-aprendizaje del nivel secundario en una Institución Educativa,2024,es,metadata,STM-METADATA-ES,14,0.6729282841272841,BERTopic-METADATA-MULTILINGUAL,1,0.9394426814583563,False,partial_overlap,0.05166,False,pending
doi:10.59427/rcli/2024/v24cs.945-952,"Estrategias de monitoreo y acompañamiento para el desempeño docente en los centros de educación básica especial, Lambayeque",2024,es,metadata,STM-METADATA-ES,10,0.28784281290798697,BERTopic-METADATA-MULTILINGUAL,1,0.9254015412623446,False,partial_overlap,0.056243,True,pending
doi:10.59427/rcli/2024/v24cs.972-980,Liderazgo del director en la gestión escolar,2024,es,metadata,STM-METADATA-ES,6,0.38343931472645215,BERTopic-METADATA-MULTILINGUAL,0,1.0,False,language_specific_match,0.048248,True,pending
doi:10.5944/reec.41.2022.32391,La autonomía escolar en Europa: aportaciones para la innovación educativa,2022,es,metadata,STM-METADATA-ES,3,0.8226213023737833,BERTopic-METADATA-MULTILINGUAL,-1,0.0,True,language_specific_match,0.026975,False,pending
doi:10.5944/ried.27.1.37491,Técnicas y aplicaciones del Machine Learning e Inteligencia Artificial en educación: una revisión sistemática,2023,es,metadata,STM-METADATA-ES,7,0.7723020349628305,BERTopic-METADATA-MULTILINGUAL,9,1.0,False,one_to_one,0.257086,False,pending
doi:10.59654/tdcsh709,La gestión escolar participativa como base para el vínculo familia-escuela,2021,es,metadata,STM-METADATA-ES,16,0.437758257905421,BERTopic-METADATA-MULTILINGUAL,10,0.6429839677875826,False,weak_match,0.006531,True,pending
doi:10.59659/impulso.v.5i9.94,Transformación digital y competencias gerenciales en la educación universitaria,2025,es,metadata,STM-METADATA-ES,7,0.4059549998355798,BERTopic-METADATA-MULTILINGUAL,2,1.0,False,BERTopic_combines_STM,0.15443,True,pending
doi:10.59659/revistatribunal.v4i8.56,Desempeño docente en educación básica regular en Perú: una revisión sistemática,2024,es,metadata,STM-METADATA-ES,14,0.5680370885624143,BERTopic-METADATA-MULTILINGUAL,3,0.8697513842909433,False,partial_overlap,0.057543,False,pending
doi:10.59659/revistatribunal.v5i12.241,Gestión Educativa y Educación Inclusiva en Latinoamérica: Análisis Sistemático,2025,es,metadata,STM-METADATA-ES,14,0.4002370710043585,BERTopic-METADATA-MULTILINGUAL,5,0.9126794078614109,False,weak_match,0.016565,True,pending
doi:10.59659/revistatribunal.v5i13.284,De la política al rendimiento: mecanismos de impacto en la gestión escolar primaria,2025,es,metadata,STM-METADATA-ES,8,0.3713348278209102,BERTopic-METADATA-MULTILINGUAL,1,1.0,False,weak_match,0.002882,True,pending
doi:10.59659/revistatribunal.v6i14.363,Implicancias del liderazgo pedagógico: Una revisión sistemática,2026,es,metadata,STM-METADATA-ES,14,0.47845461279665097,BERTopic-METADATA-MULTILINGUAL,0,1.0,False,weak_match,0.01562,False,pending
doi:10.59659/revistatribunal.v6i15.419,Gestión escolar sus implicancias y desafíos: una revisión sistemática,2026,es,metadata,STM-METADATA-ES,6,0.6453219490317106,BERTopic-METADATA-MULTILINGUAL,-1,0.0,True,language_specific_match,0.043382,False,pending
doi:10.59721/rinve.v3i1.32,NUMELA: Un modelo predictivo para prevenir el abandono escolar mediante Inteligencia Artificial y Neuromarketing,2025,es,metadata,STM-METADATA-ES,7,0.8728149055051859,BERTopic-METADATA-MULTILINGUAL,9,1.0,False,one_to_one,0.257086,False,pending
doi:10.59758/rcci.2023.1.e8,El Accountability Educacional como estrategia de mejora institucional post-pandemia COVID-19,2023,es,metadata,STM-METADATA-ES,14,0.5074321692935095,BERTopic-METADATA-MULTILINGUAL,6,0.9856754451800276,False,weak_match,0.004704,False,pending
doi:10.59760/5927961,Habilidades directivas en educación básica: un estudio instrumental,2026,es,metadata,STM-METADATA-ES,6,0.3753986127522085,BERTopic-METADATA-MULTILINGUAL,-1,0.0,True,language_specific_match,0.043382,False,pending
doi:10.59814/resofro.2025.5(4)821,Relación entre la gestión educativa y el desarrollo económico de la Comuna Palmar,2025,es,metadata,STM-METADATA-ES,11,0.36789235558948397,BERTopic-METADATA-MULTILINGUAL,3,0.9120038328920731,False,partial_overlap,0.052823,False,pending
doi:10.59899/ges-cono-63-c11,Capítulo 11: Eficiencia Técnica de las Instituciones Educativas Públicas de Ciénaga - Magdalena - Colombia: un Enfoque Analítico con Análisis Envolvente de Datos,2024,es,metadata,STM-METADATA-ES,14,0.6522884877235727,BERTopic-METADATA-MULTILINGUAL,3,0.8535840532713838,False,partial_overlap,0.057543,False,pending
doi:10.59899/ges-cono-77-c19,Capítulo 19: Los compromisos de la dirección escolar en el ámbito educativo en una institución peruana,2025,es,metadata,STM-METADATA-ES,15,0.2960649285215677,BERTopic-METADATA-MULTILINGUAL,-1,0.0,True,language_specific_match,0.020611,True,pending
doi:10.59899/ref-post-2-c13,Capítulo 13: Cultura del mejoramiento continuo en la educación media: clave para elevar el desempeño académico,2024,es,metadata,STM-METADATA-ES,6,0.42247339059989847,BERTopic-METADATA-MULTILINGUAL,-1,0.0,True,language_specific_match,0.043382,True,pending
doi:10.59993/simbiosis.v.4i8.58,"Gestión Escolar, Escuela y Pedagogía. Una mirada alternativa de sus relaciones y sentidos",2024,es,metadata,STM-METADATA-ES,11,0.8238723630809811,BERTopic-METADATA-MULTILINGUAL,1,0.9145347199403383,False,weak_match,0.007807,False,pending
doi:10.60100/bciv.v3i3.120,Plan de acompañamiento pedagógico orientado al desarrollo profesional docente en la Unidad Educativa Fiscomisional Educare periodo lectivo 2022- 2023.,2023,es,metadata,STM-METADATA-ES,8,0.4216785064567957,BERTopic-METADATA-MULTILINGUAL,-1,0.0,True,language_specific_match,0.035878,False,pending
doi:10.60100/rcmg.v4i2.175,¿Cómo Influye La Acción Pedagógica En El Proceso De Enseñanza - Aprendizaje?,2023,es,metadata,STM-METADATA-ES,15,0.5694248953153662,BERTopic-METADATA-MULTILINGUAL,-1,0.0,True,language_specific_match,0.020611,False,pending
doi:10.60100/tsede.v7i1.186,ANÁLISIS DE DIMENSIONES PARA LA GESTIÓN EDUCATIVA A DISTANCIA,2024,es,metadata,STM-METADATA-ES,15,0.4450163559297743,BERTopic-METADATA-MULTILINGUAL,7,1.0,False,language_specific_match,0.034166,False,pending
doi:10.60100/tsede.v7i1.187,ESTRATEGIAS DE LIDERAZGO TRANSFORMACIONAL PARA GENERAR CAMBIOS EN LA GESTIÓN EDUCATIVA,2024,es,metadata,STM-METADATA-ES,15,0.6613597125643391,BERTopic-METADATA-MULTILINGUAL,-1,0.0,True,language_specific_match,0.020611,False,pending
doi:10.60112/erc.v3i1.25,Evaluación de la Conexión entre la Administración Educativa Participativa y la Excelencia en la Enseñanza en Instituciones Públicas de América Latina,2023,es,metadata,STM-METADATA-ES,9,0.5150607006082782,BERTopic-METADATA-MULTILINGUAL,-1,0.0,True,language_specific_match,0.027746,False,pending
doi:10.60112/erc.v5.i4.608,Legado educativo de Juan Velasco Alvarado y su incidencia en el modelo educativo peruano del 2025,2025,es,metadata,STM-METADATA-ES,6,0.8652762443310196,BERTopic-METADATA-MULTILINGUAL,3,0.8560990304913025,False,language_specific_match,0.042748,False,pending
doi:10.6018/educatio.410081,La dirección escolar ante la participación del alumnado,2021,es,metadata,STM-METADATA-ES,1,0.8891246848610052,BERTopic-METADATA-MULTILINGUAL,5,0.3523624209308792,False,weak_match,0.006258,True,pending
doi:10.6018/educatio.490601,Dirección escolar y desarrollo Ético Organizacional en escuelas de Catalunya,2022,es,metadata,STM-METADATA-ES,5,0.704941619327453,BERTopic-METADATA-MULTILINGUAL,-1,0.0,True,weak_match,0.015385,False,pending
doi:10.6018/educatio.524941,Propiedades Psicométricas de un Instrumento para Evaluar las Competencias Socioemocionales en Estudiantes de Secundaria,2023,es,metadata,STM-METADATA-ES,2,0.6611750155131223,BERTopic-METADATA-MULTILINGUAL,-1,0.0,True,weak_match,0.015961,False,pending
doi:10.6018/red.524401,Propiedades psicométricas de una prueba sobre creencias docentes respecto de la integración de las TIC,2022,es,metadata,STM-METADATA-ES,2,0.6552830659155368,BERTopic-METADATA-MULTILINGUAL,-1,0.0,True,weak_match,0.015961,False,pending
doi:10.6035/14113.2021.95858,La diversidad familiar en Educación Infantil. Propuestas inclusivas e interculturales,2021,es,metadata,STM-METADATA-ES,16,0.6418194135524227,BERTopic-METADATA-MULTILINGUAL,5,0.716767032405097,False,weak_match,0.005838,True,pending
doi:10.60909/bdigital/handle.001.13312,Evaluación de la incidencia de la ruta de autoevaluación en tres IED de Bogotá,2024,es,metadata,STM-METADATA-ES,8,0.5585247098058521,BERTopic-METADATA-MULTILINGUAL,3,0.8535840532713838,False,language_specific_match,0.043692,False,pending
doi:10.61285/r.e.l.-uisil.v11i01.234,Hacia una evaluación institucional que impacte en las instancias educativas.,2026,es,metadata,STM-METADATA-ES,1,0.7342139117205578,BERTopic-METADATA-MULTILINGUAL,-1,0.0,True,weak_match,0.016227,False,pending
doi:10.61285/r.e.l.-uisil.v7i02.112,El liderazgo transformacional en la gestión educativa:,2023,es,metadata,STM-METADATA-ES,16,0.5103386809834319,BERTopic-METADATA-MULTILINGUAL,0,1.0,False,weak_match,0.013942,False,pending
doi:10.61286/e-rms.v2i.38,Integración Familiar en la Educación Inicial: Fortaleciendo la Inclusión Escolar,2024,es,metadata,STM-METADATA-ES,9,0.26079769316063117,BERTopic-METADATA-MULTILINGUAL,-1,0.0,True,language_specific_match,0.027746,True,pending
doi:10.61286/e-rms.v4i.353,Competencias directivas y desempeño docente en la satisfacción de los padres de familia de una red educativa pública,2026,es,metadata,STM-METADATA-ES,9,0.37312149485519835,BERTopic-METADATA-MULTILINGUAL,10,1.0,False,STM_split_by_BERTopic,0.134907,True,pending
doi:10.61287/warisata.v4i11.5,"Gestión escolar y prácticas inclusivas en la Institución Educativa General Prado, Callao, 2021",2022,es,metadata,STM-METADATA-ES,4,0.46614775888327675,BERTopic-METADATA-MULTILINGUAL,5,1.0,False,weak_match,0.012337,False,pending
doi:10.61303/2735668x.v4i2.99,Gestión escolar y retención docente: desafíos ante la escasez de profesores en Chile,2026,es,metadata,STM-METADATA-ES,6,0.49625664043219925,BERTopic-METADATA-MULTILINGUAL,-1,0.0,True,language_specific_match,0.043382,False,pending
doi:10.61303/2735668x.v5i1.117,"Liderazgo educativo, mejora escolar y ruralidad en la nueva educación pública chilena",2026,es,metadata,STM-METADATA-ES,6,0.4761078282061147,BERTopic-METADATA-MULTILINGUAL,-1,0.0,True,language_specific_match,0.043382,True,pending
doi:10.61325/ser.v2i10.88,Análisis Correlacional entre los Planes de Mejoramiento Institucional y la Gestión Educativa en Instituciones Colombianas,2024,es,metadata,STM-METADATA-ES,14,0.430500797952846,BERTopic-METADATA-MULTILINGUAL,3,0.8535840532713838,False,partial_overlap,0.057543,False,pending
doi:10.61368/r.s.d.h.v5i3.292,Innovación y Gestión en la Educación: Estrategias para el Siglo XXI,2024,es,metadata,STM-METADATA-ES,6,0.4791350983863998,BERTopic-METADATA-MULTILINGUAL,-1,0.0,True,language_specific_match,0.043382,False,pending
doi:10.61368/r.s.d.h.v5i4.421,Resultados de la política pública educativa y su impacto en la gestión escolar de las escuelas rurales de Montería Córdoba,2024,es,metadata,STM-METADATA-ES,14,0.4502750448880358,BERTopic-METADATA-MULTILINGUAL,3,1.0,False,partial_overlap,0.057543,False,pending
doi:10.61368/r.s.d.h.v6i1.588,Relación entre la gestión educativa y el rendimiento académico en la educación media superior: una revisión sistemática,2025,es,metadata,STM-METADATA-ES,14,0.693627964409805,BERTopic-METADATA-MULTILINGUAL,1,1.0,False,partial_overlap,0.05166,False,pending
doi:10.61368/r.s.d.h.v6i4.864,Evaluación del Desempeño Directivo y su Impacto en la Calidad Educativa,2025,es,metadata,STM-METADATA-ES,6,0.4199224290646011,BERTopic-METADATA-MULTILINGUAL,-1,0.0,True,language_specific_match,0.043382,False,pending
doi:10.61384/r.c.a..v4i2.229,Sistematización de experiencias de gestión escolar para la profesionalidad de la función directiva en una escuela de educación básica de la CDMX,2024,es,metadata,STM-METADATA-ES,13,0.6646461660971198,BERTopic-METADATA-MULTILINGUAL,0,0.8588353948333562,False,weak_match,0.015404,False,pending
doi:10.61384/r.c.a..v4i3.463,Estrategias de Innovación en la Gestión Educativa: Caminos hacia la Excelencia Académica,2021,es,metadata,STM-METADATA-ES,6,0.3581852690799137,BERTopic-METADATA-MULTILINGUAL,-1,0.0,True,language_specific_match,0.043382,True,pending
doi:10.61384/r.c.a..v4i3.618,La Gestión Directiva en las Escuelas Telesecundarias de Tabasco,2024,es,metadata,STM-METADATA-ES,12,0.2602166983235509,BERTopic-METADATA-MULTILINGUAL,1,0.9462430277346507,False,weak_match,0.00272,True,pending
doi:10.61384/r.c.a..v4i3.659,La Cultura del Emprendimiento en la Gestión Escolar: ¿Un Camino para Lograr los Retos que Plantea la Competitividad en Colombia?,2024,es,metadata,STM-METADATA-ES,8,0.44496542534974165,BERTopic-METADATA-MULTILINGUAL,-1,0.0,True,language_specific_match,0.035878,False,pending
doi:10.61384/r.c.a..v5i1.894,Retos de la Nueva Profesionalidad en la Supervisión Escolar en el contexto de la Nueva Escuela Mexicana,2025,es,metadata,STM-METADATA-ES,12,0.441180973636297,BERTopic-METADATA-MULTILINGUAL,-1,0.0,True,language_specific_match,0.03338,True,pending
doi:10.61384/r.c.a..v5i1.962,Liderazgo e Innovación Educativa: Estrategias y Políticas para la Transformación en el Siglo XXI,2025,es,metadata,STM-METADATA-ES,6,0.5370572572675871,BERTopic-METADATA-MULTILINGUAL,-1,0.0,True,language_specific_match,0.043382,False,pending
doi:10.61384/r.c.a..v6i2.1916,Liderazgo Femenino en la Educación: Experiencias desde la Educación Media Superior,2026,es,metadata,STM-METADATA-ES,6,0.3817572729978171,BERTopic-METADATA-MULTILINGUAL,8,1.0,False,weak_match,0.007881,False,pending
doi:10.61454/zstny873,Elementos constitutivos de un modelo de acompañamiento pedagógico transformacional en la supervisión educativa,2026,es,metadata,STM-METADATA-ES,6,0.7445979742174978,BERTopic-METADATA-MULTILINGUAL,-1,0.0,True,language_specific_match,0.043382,False,pending
doi:10.61598/s.r.c.a.v3i2.47,Análisis de la Relación entre la Gestión Escolar Participativa y la Calidad de la Educación en Escuelas Públicas de América Latina,2023,es,metadata,STM-METADATA-ES,9,0.5221381631121085,BERTopic-METADATA-MULTILINGUAL,-1,0.0,True,language_specific_match,0.027746,False,pending
doi:10.61616/rvdc.v6i1.482,La Práctica Docente en la Enseñanza de la Aritmética con el Uso de las TIC,2025,es,metadata,STM-METADATA-ES,7,0.4018322280654446,BERTopic-METADATA-MULTILINGUAL,2,1.0,False,BERTopic_combines_STM,0.15443,False,pending
doi:10.61616/rvdc.v6i1.629,Impacto del Liderazgo del Gestor en la Calidad de los Aprendizajes según los Estudiantes,2025,es,metadata,STM-METADATA-ES,9,0.5073748958336232,BERTopic-METADATA-MULTILINGUAL,0,1.0,False,weak_match,0.009846,False,pending
doi:10.61616/rvdc.v6i2.841,Percepciones Docentes sobre el Enfoque por Competencias en la Planificación Educativa: Una Revisión Sistemática,2025,es,metadata,STM-METADATA-ES,8,0.3674058662718704,BERTopic-METADATA-MULTILINGUAL,-1,0.0,True,language_specific_match,0.035878,True,pending
doi:10.61616/rvdc.v6i3.1116,"Síndrome de burnout en docentes: factores de riesgo, estrategias de prevención y enfoques de manejo en el entorno escolar",2025,es,metadata,STM-METADATA-ES,15,0.37765420467801725,BERTopic-METADATA-MULTILINGUAL,-1,0.0,True,language_specific_match,0.020611,False,pending
doi:10.61616/rvdc.v6i3.1176,Relación entre la gestión educativa y los procesos pedagógicos en instituciones de educación secundaria de la ugel puno,2026,es,metadata,STM-METADATA-ES,10,0.7438000367239954,BERTopic-METADATA-MULTILINGUAL,1,0.9022885909293181,False,partial_overlap,0.056243,False,pending
doi:10.61616/rvdc.v6i3.950,El Liderazgo de las Habilidades Blandas en la Gestión Directiva: Una Revisión Crítica para Fortalecer la Permanencia Educativa,2025,es,metadata,STM-METADATA-ES,6,0.9045754360781909,BERTopic-METADATA-MULTILINGUAL,-1,0.0,True,language_specific_match,0.043382,False,pending
doi:10.61616/rvdc.v7i1.1202,Gestión Educativa y Convivencia Escolar en Contextos Latinoamericanos: Una Revisión Sistemática,2026,es,metadata,STM-METADATA-ES,6,0.39442219200914636,BERTopic-METADATA-MULTILINGUAL,3,0.7855727609660701,False,language_specific_match,0.042748,True,pending
doi:10.61728/ae24001212,Prólogo,2024,es,metadata,STM-METADATA-ES,7,0.9818218191417207,BERTopic-METADATA-MULTILINGUAL,9,1.0,False,one_to_one,0.257086,False,pending
doi:10.62319/simonrodriguez.v.6i11.148,Gestión educativa y deserción estudiantil en Educación Básica Alternativa: revisión bibliométrica en Scopus,2026,es,metadata,STM-METADATA-ES,8,0.33790275136952863,BERTopic-METADATA-MULTILINGUAL,-1,0.0,True,language_specific_match,0.035878,True,pending
doi:10.62319/simonrodriguez.v.6i11.162,Gestión pedagógica en el desempeño docente en instituciones de educación superior,2026,es,metadata,STM-METADATA-ES,4,0.2736955575630632,BERTopic-METADATA-MULTILINGUAL,1,0.8789434417870736,False,partial_overlap,0.066687,True,pending
doi:10.62452/hvkwpz13,Número Completo (Febrero),2024,es,metadata,STM-METADATA-ES,7,0.7126453605263869,BERTopic-METADATA-MULTILINGUAL,3,0.80991140093562,False,weak_match,0.006494,True,pending
doi:10.62465/rti.v2n2.2023.34,Ventajas y desventajas del uso de las Herramientas de Inteligencia artificial en la educación,2023,es,metadata,STM-METADATA-ES,7,0.877828445947765,BERTopic-METADATA-MULTILINGUAL,9,1.0,False,one_to_one,0.257086,False,pending
doi:10.62574/rmpi.v4i1.95,Habilidades directivas y comunicación organizacional interna en organización educativa en contextos desafiantes [Management skills and internal organizational communication in educational organizations in challenging contexts],2024,es,metadata,STM-METADATA-ES,16,0.2446153700835714,BERTopic-METADATA-MULTILINGUAL,-1,0.0,True,weak_match,0.018935,True,pending
doi:10.62876/cuadernosucab.vi15.6067,Participación de los padres de familia en la gestión escolar. Acción de mejora en el rendimiento académico de sus representados,2023,es,metadata,STM-METADATA-ES,9,0.8932924240683111,BERTopic-METADATA-MULTILINGUAL,10,1.0,False,STM_split_by_BERTopic,0.134907,False,pending
doi:10.63074/26973308.v8i1.75,Tácticas didácticas disruptivas para comprender y atender brechas de aprendizaje en ecosistemas edu-tec,2025,es,metadata,STM-METADATA-ES,7,0.4765495999097104,BERTopic-METADATA-MULTILINGUAL,2,0.36171820073747407,False,BERTopic_combines_STM,0.15443,True,pending
doi:10.63415/saga.2025.43,Gestión directiva y liderazgo educativo: Claves para la transformación institucional,2025,es,metadata,STM-METADATA-ES,6,0.7933658879389995,BERTopic-METADATA-MULTILINGUAL,0,0.9200032973735505,False,language_specific_match,0.048248,False,pending
doi:10.63415/saga.2026.70,La Innovación Invisible,2026,es,metadata,STM-METADATA-ES,6,0.4393978525186339,BERTopic-METADATA-MULTILINGUAL,2,0.36621951311319917,False,weak_match,0.012136,True,pending
doi:10.63415/saga.2026.94,Educación rural e intercultural en Ecuador: desafíos y oportunidades,2026,es,metadata,STM-METADATA-ES,6,0.4966194590123419,BERTopic-METADATA-MULTILINGUAL,3,0.8245643306424886,False,language_specific_match,0.042748,True,pending
doi:10.63415/saga.v2i1.41,Liderazgo Distribuido y su Impacto en la Autogestionabilidad del Aprendizaje en Comunidades Escolares,2025,es,metadata,STM-METADATA-ES,6,0.6067828819123774,BERTopic-METADATA-MULTILINGUAL,0,1.0,False,language_specific_match,0.048248,False,pending
doi:10.63415/saga.v2i1.45,Gestión Digital y su Influencia en la Cibergerenciabilidad de Directivos Escolares en Tiempos Disruptivos,2025,es,metadata,STM-METADATA-ES,7,0.5637927580758376,BERTopic-METADATA-MULTILINGUAL,2,1.0,False,BERTopic_combines_STM,0.15443,False,pending
doi:10.63415/saga.v2i2.67,Auditoría Educativa como Estrategia para la Mejora Continua de la Gestión Escolar: El Caso de la Unidad Educativa San Josemaría Escrivá en Guayaquil,2025,es,metadata,STM-METADATA-ES,14,0.49979575694589035,BERTopic-METADATA-MULTILINGUAL,-1,0.0,True,language_specific_match,0.020149,False,pending
doi:10.63415/saga.v3i1.334,Brecha digital rural-urbana y su impacto en la implementación del Diseño Universal para el Aprendizaje (DUA): revisión crítica y propuesta de un modelo de inclusión digital equitativa,2026,es,metadata,STM-METADATA-ES,8,0.3063501016391172,BERTopic-METADATA-MULTILINGUAL,2,0.6973097251706578,False,language_specific_match,0.022133,True,pending
doi:10.63449/tembiakaaryrekvo.v4i1.45,O cinema como proposta didática para a mediação do processo ensino de língua espanhola no ensino médio,2025,es,metadata,STM-METADATA-ES,8,0.4925129496335998,BERTopic-METADATA-MULTILINGUAL,-1,0.0,True,language_specific_match,0.035878,False,pending
doi:10.63526/pt.v3i10.84,Evaluación del Impacto de un Sistema de Registro Académico en la Gestión Educativa Caso de la Institución Pérez y Aldana,2024,es,metadata,STM-METADATA-ES,14,0.4490391421780808,BERTopic-METADATA-MULTILINGUAL,3,0.8535840532713838,False,partial_overlap,0.057543,False,pending
doi:10.63549/rg.v5i3.747,Incidencia de las relaciones interpersonales en la calidad del proceso pedagógico desde la perspectiva de los actores educativos,2025,es,metadata,STM-METADATA-ES,6,0.44031782221003074,BERTopic-METADATA-MULTILINGUAL,-1,0.0,True,language_specific_match,0.043382,False,pending
doi:10.63549/rg.v6i1.818,Planificación administrativa para la gestión directiva en instituciones educativas distritales,2026,es,metadata,STM-METADATA-ES,6,0.581323503127327,BERTopic-METADATA-MULTILINGUAL,7,0.9999788921939083,False,weak_match,0.008768,False,pending
doi:10.63618/omd/isj/v3/ne1/180,Efectos de la masificación educativa en el Bachillerato sobre la equidad y la calidad del aprendizaje: revisión crítica desde la perspectiva latinoamericana.,2025,es,metadata,STM-METADATA-ES,8,0.5314049905912481,BERTopic-METADATA-MULTILINGUAL,3,0.8884850304899375,False,language_specific_match,0.043692,False,pending
doi:10.63688/ara55s65,Identidad y saberes ancestrales: propuesta de gestión educativa descolonizadora,2026,es,metadata,STM-METADATA-ES,6,0.7051473825958706,BERTopic-METADATA-MULTILINGUAL,-1,0.0,True,language_specific_match,0.043382,False,pending
doi:10.63803/prisma.v1n1.02,Gestión Educativa Claves del Éxito desde la Secretaría,2025,es,metadata,STM-METADATA-ES,6,0.4037621611678192,BERTopic-METADATA-MULTILINGUAL,7,1.0,False,weak_match,0.008768,False,pending
doi:10.63816/939px056,Inteligencia emocional,2026,es,metadata,STM-METADATA-ES,9,0.29969642212863584,BERTopic-METADATA-MULTILINGUAL,-1,0.0,True,language_specific_match,0.027746,True,pending
doi:10.64018/neosapiencia.v4i1.144,El Deber de Cuidado en la Gestión Escolar: Implicaciones Jurídicas en el Marco Normativo Ecuatoriano,2026,es,metadata,STM-METADATA-ES,6,0.2780914259232548,BERTopic-METADATA-MULTILINGUAL,3,0.8596136411135137,False,language_specific_match,0.042748,True,pending
doi:10.64326/educao.v1i2.24,EL IMPACTO DEL MODELO DE ESCUELA DE TIEMPO COMPLETO EN LA GESTIÓN EDUCATIVA,2025,es,metadata,STM-METADATA-ES,7,0.5739276920028452,BERTopic-METADATA-MULTILINGUAL,-1,0.0,True,weak_match,0.003042,False,pending
doi:10.64492/0pqcn185,Sentido de comunidad como eje de la gestión escolar: estudio de caso en una Escuela Cooperativa Nikkei en Lima,2026,es,metadata,STM-METADATA-ES,6,0.5711408887061321,BERTopic-METADATA-MULTILINGUAL,3,1.0,False,language_specific_match,0.042748,False,pending
doi:10.64747/6pcz9q57,Clima escolar y rendimiento académico: estudio correlacional en instituciones fiscales de la sierra ecuatoriana,2025,es,metadata,STM-METADATA-ES,9,0.775877772675297,BERTopic-METADATA-MULTILINGUAL,-1,0.0,True,language_specific_match,0.027746,False,pending
doi:10.64893/r469sh77,Liderazgo pedagógico en la gestión educativa,2022,es,metadata,STM-METADATA-ES,12,0.5029644918539458,BERTopic-METADATA-MULTILINGUAL,0,0.9332133302815834,False,STM_split_by_BERTopic,0.140676,False,pending
doi:10.65050/rfn.v6n1a3,Análisis de las tareas administrativas de la gestión educativa de los gestores educativos,2026,es,metadata,STM-METADATA-ES,9,0.5192264676339767,BERTopic-METADATA-MULTILINGUAL,-1,0.0,True,language_specific_match,0.027746,False,pending
doi:10.65050/rfn.v6n1a9,Incidencia del liderazgo pedagógico directivo en el desempeño académico en escuelas públicas ecuatorianas.,2026,es,metadata,STM-METADATA-ES,9,0.4911269979199996,BERTopic-METADATA-MULTILINGUAL,-1,0.0,True,language_specific_match,0.027746,False,pending
doi:10.65415/dnvea938,Gestión educativa para la inclusión: estrategias directivas para atender la diversidad en instituciones escolares,2026,es,metadata,STM-METADATA-ES,6,0.6037594407800665,BERTopic-METADATA-MULTILINGUAL,5,1.0,False,weak_match,0.006222,False,pending
doi:10.65415/kvbh1962,Calidad educativa y su incidencia en el rendimiento académico de estudiantes de educación general básica,2026,es,metadata,STM-METADATA-ES,4,0.38942615937787833,BERTopic-METADATA-MULTILINGUAL,1,0.9223740662141405,False,partial_overlap,0.066687,True,pending
doi:10.65598/rps.5989,Liderazgo directivo y gestión escolar: estudio documental desde las tesis de Maestría en Educación,2026,es,metadata,STM-METADATA-ES,6,0.38347797494675506,BERTopic-METADATA-MULTILINGUAL,-1,0.0,True,language_specific_match,0.043382,False,pending
doi:10.65705/rhomu.v2i2.49,"Beneficio de la planificación, la gestión institucional y pedagógica, para la calidad educativa",2025,es,metadata,STM-METADATA-ES,6,0.8531130918065479,BERTopic-METADATA-MULTILINGUAL,1,1.0,False,weak_match,0.016977,False,pending
doi:10.65705/rhomu.v3i1.119,"Gestión directiva y competencias integrales en estudiantes de educación media académica en una institución rural en San Carlos, Córdoba",2026,es,metadata,STM-METADATA-ES,6,0.7843324953447758,BERTopic-METADATA-MULTILINGUAL,-1,0.0,True,language_specific_match,0.043382,False,pending
doi:10.66707/6q7nq987,"Competencias digitales actitudinales en directivos docentes y consolidación del cambio en la gestión escolar, estudio fenomenológico en Valledupar, Colombia",2026,es,metadata,STM-METADATA-ES,8,0.30292088104069365,BERTopic-METADATA-MULTILINGUAL,2,1.0,False,language_specific_match,0.022133,True,pending
doi:10.66707/b0yr1p62,El desarrollo de competencias fundamentales en los estudiantes de secundaria en República Dominicana: retos y perspectivas,2026,es,metadata,STM-METADATA-ES,8,0.7839405617064441,BERTopic-METADATA-MULTILINGUAL,-1,0.0,True,language_specific_match,0.035878,False,pending
doi:10.67166/zx66h974,Liderazgo educativo inteligente: aplicación de la inteligencia artificial en la gestión estratégica de instituciones educativas para mejorar la toma de decisiones directivas,2026,es,metadata,STM-METADATA-ES,4,0.39988250693378014,BERTopic-METADATA-MULTILINGUAL,9,1.0,False,weak_match,0.003049,True,pending
doi:10.67461/885dma96,"Aulas inclusivas para garantizar el acceso, la permanencia y el aprendizaje del alumnado en situación de desplazamiento forzado interno en Colombia",2026,es,metadata,STM-METADATA-ES,8,0.7971587400472581,BERTopic-METADATA-MULTILINGUAL,3,1.0,False,language_specific_match,0.043692,False,pending
doi:10.69516/enjfpw30,Influencia de la gestión administrativa en el desempeño de los docentes,2024,es,metadata,STM-METADATA-ES,4,0.45065542415114823,BERTopic-METADATA-MULTILINGUAL,-1,0.0,True,language_specific_match,0.035398,False,pending
doi:10.69516/xq65fj12,Percepción sobre los servicios educativos en instituciones públicas,2023,es,metadata,STM-METADATA-ES,9,0.5811618756921427,BERTopic-METADATA-MULTILINGUAL,-1,0.0,True,language_specific_match,0.027746,False,pending
doi:10.69639/arandu.v11i2.400,Gestión directiva de calidad y su impacto en la dimensión administrativa,2024,es,metadata,STM-METADATA-ES,14,0.37865359216347505,BERTopic-METADATA-MULTILINGUAL,-1,0.0,True,language_specific_match,0.020149,True,pending
doi:10.69639/arandu.v12i3.1450,"Gestión Educativa y Calidad de Vida en Estudiantes de una Institución Educativa del Distrito de San Juan de Lurigancho, Lima-2024",2025,es,metadata,STM-METADATA-ES,4,0.3901632244987714,BERTopic-METADATA-MULTILINGUAL,4,0.9952450400930761,False,STM_split_by_BERTopic,0.142531,False,pending
doi:10.69639/arandu.v12i3.1507,Prácticas de gestión escolar e innovación educativa en el Nivel Medio de una institución educativa pública,2025,es,metadata,STM-METADATA-ES,9,0.37477359803465415,BERTopic-METADATA-MULTILINGUAL,-1,0.0,True,language_specific_match,0.027746,True,pending
doi:10.69639/arandu.v13i1.2015,La comunicación asertiva en la gestión educativa institucional,2026,es,metadata,STM-METADATA-ES,6,0.30189202096265993,BERTopic-METADATA-MULTILINGUAL,-1,0.0,True,language_specific_match,0.043382,True,pending
doi:10.69639/arandu.v13i2.2254,Estrategias de gestión escolar para la prevención del consumo de sustancias psicoactivas en estudiantes de la Educación Media,2026,es,metadata,STM-METADATA-ES,9,0.6862907545637423,BERTopic-METADATA-MULTILINGUAL,-1,0.0,True,language_specific_match,0.027746,False,pending
doi:10.69821/aicis.v3i3.134,"Analítica educativa y gestión pedagógica basada en datos: modelos, beneficios y desafíos en América Latina",2025,es,metadata,STM-METADATA-ES,7,0.6215621058581339,BERTopic-METADATA-MULTILINGUAL,2,0.6973770657809213,False,BERTopic_combines_STM,0.15443,True,pending
doi:10.69890/hallazgos21.v5i3.480,La Resilencia como Capacidad Humana en el Fortalecimiento de la Gestión Educativa,2020,es,metadata,STM-METADATA-ES,15,0.9560826212643536,BERTopic-METADATA-MULTILINGUAL,-1,0.0,True,language_specific_match,0.020611,False,pending
doi:10.69890/hallazgos21.v8i2.618,El Colectivismo Docente como Herramienta de la Gestión Educativa en el Proceso de Enseñanza Aprendizaje en la Unidad Educativa Fiscal Fausto Molina,2023,es,metadata,STM-METADATA-ES,15,0.5121794323304959,BERTopic-METADATA-MULTILINGUAL,-1,0.0,True,language_specific_match,0.020611,False,pending
doi:10.70141/mamakuna.24.1046,Gestión educativa: retos y desafíos en la transformación de la educación básica pública,2025,es,metadata,STM-METADATA-ES,9,0.33761568831696365,BERTopic-METADATA-MULTILINGUAL,-1,0.0,True,language_specific_match,0.027746,True,pending
doi:10.70141/run.14.1230,"El desarrollo profesional docente en escuelas multigrado en Ecuador: necesidades, intereses y oportunidades de formación continua",2026,es,metadata,STM-METADATA-ES,13,0.4404932874955732,BERTopic-METADATA-MULTILINGUAL,3,0.924971895490544,False,weak_match,0.012983,False,pending
doi:10.70165/cglobal.v10i2.614,"Clima escolar y calidad de aprendizaje: impacto en primaria, zona rural de Colombia (2020-2024)",2025,es,metadata,STM-METADATA-ES,8,0.39907735066777356,BERTopic-METADATA-MULTILINGUAL,3,1.0,False,language_specific_match,0.043692,False,pending
doi:10.70165/enfdis.v10i1.306,Desafíos y perspectivas del liderazgo en la gestión directiva,2025,es,metadata,STM-METADATA-ES,12,0.5026356775646121,BERTopic-METADATA-MULTILINGUAL,0,1.0,False,STM_split_by_BERTopic,0.140676,False,pending
doi:10.70262/riesafd.v1i2.2024.32,Estrategia de directivos innovadores para minimizar la problemática de acceso de los estudiantes de bachillerato a la Educación Superior en el Ecuador,2024,es,metadata,STM-METADATA-ES,15,0.8135459313093271,BERTopic-METADATA-MULTILINGUAL,-1,0.0,True,language_specific_match,0.020611,False,pending
doi:10.70577/80ap4f88,Pensamiento Crítico y Participación Estudiantil Frente a Contextos de Opresión y Conflicto en Instituciones de Educación Básica en Ecuador.,2025,es,metadata,STM-METADATA-ES,6,0.5582035674487311,BERTopic-METADATA-MULTILINGUAL,3,0.8447853026981462,False,language_specific_match,0.042748,False,pending
doi:10.70577/asce.v4i4.531,Mindfulness como estrategia aplicada al liderazgo educativo y su contribución en procesos para la toma de decisiones en instituciones educativas.,2025,es,metadata,STM-METADATA-ES,6,0.281916286529602,BERTopic-METADATA-MULTILINGUAL,0,0.8092689815252074,False,language_specific_match,0.048248,True,pending
doi:10.70577/ert9wn49/asce/1.18,Fortalecimiento del personal policial del subsistema investigativo del Ecuador a través de la educación continua.,2024,es,metadata,STM-METADATA-ES,11,0.40625570717706766,BERTopic-METADATA-MULTILINGUAL,3,0.8144236978568153,False,partial_overlap,0.052823,False,pending
doi:10.70577/k39cds93,Proyectos Escolares de Emprendimiento como Motor para el Desarrollo de Competencias Socioeconómicas en Estudiantes de Bachillerato Técnico en Ecuador.,2025,es,metadata,STM-METADATA-ES,6,0.41334208185681365,BERTopic-METADATA-MULTILINGUAL,-1,0.0,True,language_specific_match,0.043382,True,pending
doi:10.70577/mxsz0a68,Gestión Educativa Inclusiva y Participación Escolar de Estudiantes con Discapacidad,2023,es,metadata,STM-METADATA-ES,8,0.40292275069776023,BERTopic-METADATA-MULTILINGUAL,5,1.0,False,STM_split_by_BERTopic,0.114836,True,pending
doi:10.70577/nn0py871,Revisión Sistemática Sobre Cómo Las Habilidades Lingüísticas Se Vinculan Con La Gestión Escolar.,2025,es,metadata,STM-METADATA-ES,6,0.9400234280722032,BERTopic-METADATA-MULTILINGUAL,-1,0.0,True,language_specific_match,0.043382,False,pending
doi:10.70577/reg.v4i2.104,"Transformación de la gestión educativa para construir escuelas innovadoras, inclusivas y resilientes en el siglo XXI",2025,es,metadata,STM-METADATA-ES,6,0.5823387143392637,BERTopic-METADATA-MULTILINGUAL,-1,0.0,True,language_specific_match,0.043382,False,pending
doi:10.70577/reg.v4i2.112,"Transformación de la gestión educativa hacia escuelas del siglo XXI: inclusivas, innovadoras y capaces de afrontar desafíos.",2025,es,metadata,STM-METADATA-ES,6,0.7112246946578196,BERTopic-METADATA-MULTILINGUAL,-1,0.0,True,language_specific_match,0.043382,False,pending
doi:10.70577/reg.v4i3.226,Pensamiento estadístico y alfabetización numérica crítica para la toma de decisiones informadas en contextos educativos contemporáneos,2025,es,metadata,STM-METADATA-ES,6,0.6419860296113721,BERTopic-METADATA-MULTILINGUAL,-1,0.0,True,language_specific_match,0.043382,False,pending
doi:10.70577/reg.v4i3.262,Liderazgo directivo y eficiencia en la gestión educativa,2025,es,metadata,STM-METADATA-ES,9,0.4242935977021607,BERTopic-METADATA-MULTILINGUAL,0,1.0,False,weak_match,0.009846,False,pending
doi:10.70577/reg.v4i3.267,Gestión educativa para la conservación de la biodiversidad a través de la comunidad escolar,2025,es,metadata,STM-METADATA-ES,8,0.3427268182486447,BERTopic-METADATA-MULTILINGUAL,-1,0.0,True,language_specific_match,0.035878,False,pending
doi:10.70577/reg.v4i3.292,Competencias directivas que favorecen el desarrollo del liderazgo docente,2025,es,metadata,STM-METADATA-ES,15,0.4669884588729683,BERTopic-METADATA-MULTILINGUAL,0,0.9265019077502181,False,language_specific_match,0.03975,False,pending
doi:10.70577/w7vyrd21,La dirección escolar y el monitoreo de competencias docentes derivadas de la formación continua para fortalecer la efectividad del aprendizaje en Ecuador.,2026,es,metadata,STM-METADATA-ES,6,0.2856179796807265,BERTopic-METADATA-MULTILINGUAL,-1,0.0,True,language_specific_match,0.043382,True,pending
doi:10.70577/xgf61t36rcd,Liderazgo transformacional en la gestión educativa,2023,es,metadata,STM-METADATA-ES,15,0.6931626927114702,BERTopic-METADATA-MULTILINGUAL,0,0.9240340961155821,False,language_specific_match,0.03975,False,pending
doi:10.70577/zra0zy42,GESTIÓN ADMINISTRATIVA Y ORGANIZACIONAL EN INSTITUCIONES EDUCATIVAS DEL ECUADOR,2026,es,metadata,STM-METADATA-ES,6,0.5589039047116864,BERTopic-METADATA-MULTILINGUAL,3,0.924971895490544,False,language_specific_match,0.042748,False,pending
doi:10.70625/bbe7r776,Funciones técnico docente y administrativas del director de multigrado y la repercusión en el desarrollo de competencias del alumno,2024,es,metadata,STM-METADATA-ES,13,0.7102291180000615,BERTopic-METADATA-MULTILINGUAL,0,0.8588353948333562,False,weak_match,0.015404,False,pending
doi:10.70625/rlce/346,Uso de modelos de inteligencia artificial para la predicción del abandono escolar en instituciones educativas,2025,es,metadata,STM-METADATA-ES,7,0.5271813421457436,BERTopic-METADATA-MULTILINGUAL,9,0.8896862551101281,False,one_to_one,0.257086,False,pending
doi:10.70625/rlce/789,Inteligencia emocional como predictor de la comunicación efectiva en directivos de instituciones educativas públicas: un estudio de regresión en contexto amazónico,2026,es,metadata,STM-METADATA-ES,9,0.38013024910374005,BERTopic-METADATA-MULTILINGUAL,-1,0.0,True,language_specific_match,0.027746,True,pending
doi:10.70681/cz734769,Formación continua y gestión educativa en la Nueva Escuela Mexicana,2024,es,metadata,STM-METADATA-ES,13,0.4555185819362366,BERTopic-METADATA-MULTILINGUAL,-1,0.0,True,language_specific_match,0.020513,False,pending
doi:10.70747/cr.v4i1.161,La Planeación Institucional como Herramienta en la Gestión Escolar y su Impacto en la Práctica Docente,2025,es,metadata,STM-METADATA-ES,13,0.37348606623259833,BERTopic-METADATA-MULTILINGUAL,-1,0.0,True,language_specific_match,0.020513,False,pending
doi:10.70747/cr.v4i3.506,Gestión Educativa y el Clima Organizacional: Una Revisión Sistemática,2025,es,metadata,STM-METADATA-ES,6,0.40651640240666576,BERTopic-METADATA-MULTILINGUAL,-1,0.0,True,language_specific_match,0.043382,False,pending
doi:10.7179/psri_2026.48.11,Educación de calidad para la sostenibilidad: una revisión sistemática de iniciativas en educación primaria alineadas con el ODS 4,2025,es,metadata,STM-METADATA-ES,8,0.25860383127078895,BERTopic-METADATA-MULTILINGUAL,-1,0.0,True,language_specific_match,0.035878,True,pending
doi:10.7203/rase.13.1.15765,¿Está en crisis la Mediación Intercultural Escolar? Estudio longitudinal desde una visión sociológica,2020,es,metadata,STM-METADATA-ES,12,0.8483258850900853,BERTopic-METADATA-MULTILINGUAL,-1,0.0,True,language_specific_match,0.03338,False,pending
doi:10.7764/tesisuc/edu/29423,El ausentismo docente : un desafío para la gestión escolar : revisión sistemática de la literatura.,2020,es,metadata,STM-METADATA-ES,14,0.5747118648693089,BERTopic-METADATA-MULTILINGUAL,-1,0.0,True,language_specific_match,0.020149,False,pending
doi:10.7764/tesisuc/edu/64477,Decisiones de liderazgo y gestión escolar : recomendaciones y orientaciones de acciones post-pandemia para la recuperación de aprendizajes en un establecimiento educativo municipal,2024,es,metadata,STM-METADATA-ES,8,0.4962025401757338,BERTopic-METADATA-MULTILINGUAL,-1,0.0,True,language_specific_match,0.035878,False,pending
doi:10.7764/tesisuc/edu/74815,Diseño de un plan de acción para la prevención del abandono escolar en estudiantes jóvenes y adultos. Estudio de caso: CEIA Liceo de Adultos Pucará de Chena de San Bernardo,2023,es,metadata,STM-METADATA-ES,12,0.47906601090300327,BERTopic-METADATA-MULTILINGUAL,-1,0.0,True,language_specific_match,0.03338,False,pending
doi:10.7764/tesisuc/edu/87408,La gestión del curriculum en la escuela. Principios para el acompañamiento curricular docente,2024,es,metadata,STM-METADATA-ES,11,0.3966533654805323,BERTopic-METADATA-MULTILINGUAL,0,0.8304996790092273,False,weak_match,0.00494,True,pending
doi:10.7827/turkishstudies.52134,Educational Leadership Behavior of School Principals Within the Framework of Ecological Systems Theory,2021,es,metadata,STM-METADATA-ES,2,0.9046987429227663,BERTopic-METADATA-MULTILINGUAL,0,0.9087106029003604,False,language_specific_match,0.024628,False,pending
doi:10.82992/intellectum/handle.10818.253,"Reestructuración de funciones a cargo de directivos, según gestión empresarial y Área de Gestión Escolar en el Instituto Pedagógico Campestre",2023,es,metadata,STM-METADATA-ES,8,0.2507994407828407,BERTopic-METADATA-MULTILINGUAL,-1,0.0,True,language_specific_match,0.035878,True,pending
doi:10.82992/intellectum/handle.10818.4868,"Modelo de gestión escolar del proyecto educativo comunitario articulando los principios de la educación propia y los lineamientos curriculares del ministerio de educación nacional para mejorar la calidad educativa en los establecimientos educativos de Jurura, Kasutalain y Mapuain del municipio de Uribia",2022,es,metadata,STM-METADATA-ES,11,0.6028849180791219,BERTopic-METADATA-MULTILINGUAL,-1,0.0,True,weak_match,0.019231,False,pending
record:008f5ed679416e983e953767,Gestión escolar y clima organizacional en una institución educativa pública de Jaén-Cajamarca,2022,es,metadata,STM-METADATA-ES,4,0.7040803614513508,BERTopic-METADATA-MULTILINGUAL,-1,0.0,True,language_specific_match,0.035398,False,pending
record:01d8a4a71989ce92cd1a157e,Liderazgo pedagógico para fortalecer la competencia digital de los docentes en una institución educativa del nivel primaria en Ica,2024,es,metadata,STM-METADATA-ES,8,0.42919192006473567,BERTopic-METADATA-MULTILINGUAL,2,0.8398211288023388,False,language_specific_match,0.022133,False,pending
record:022a3bc2c2538a364c3faeca,"Gestión del talento y compromiso de gestión escolar para la felicidad laboral de los docentes en la IEE Ricardo Bentín, Rímac 2020",2020,es,metadata,STM-METADATA-ES,5,0.4003308710282393,BERTopic-METADATA-MULTILINGUAL,-1,0.0,True,weak_match,0.015385,False,pending
record:028422e9addfebaf0eeb24bb,Liderazgo y gestión escolar en las redes educativas rurales del distrito de Acoria Huancavelica,2025,es,metadata,STM-METADATA-ES,4,0.9411088518445665,BERTopic-METADATA-MULTILINGUAL,4,0.78547208733643,False,STM_split_by_BERTopic,0.142531,True,pending
record:02f0c8b0624d670b9f2dfb1f,La importancia de la gestión escolar en el ámbito pedagógico en una primaria pública del estado de México,2020,es,metadata,STM-METADATA-ES,12,0.47235757234298065,BERTopic-METADATA-MULTILINGUAL,-1,0.0,True,language_specific_match,0.03338,False,pending
record:0313b153e64dec8d0d6b8e92,"Nivel de satisfacción de los padres de familia con la gestión escolar de la Institución Educativa Inicial 020, distrito Veintiséis de Octubre, Piura-2025",2025,es,metadata,STM-METADATA-ES,9,0.736519115800347,BERTopic-METADATA-MULTILINGUAL,10,1.0,False,STM_split_by_BERTopic,0.134907,False,pending
record:0416d5c4e72853f88e5b4852,"Entrevistas a actores educativos de escuela técnica de Añelo, Neuquén",2025,es,metadata,STM-METADATA-ES,9,0.26417722378845854,BERTopic-METADATA-MULTILINGUAL,-1,0.0,True,language_specific_match,0.027746,True,pending
record:046d6e6f2d29f8f907b1b8e1,Gestión escolar en la calidad educativa de una institución educativa del distrito de Chincha Baja en la ciudad de Ica,2024,es,metadata,STM-METADATA-ES,4,0.9688362169596333,BERTopic-METADATA-MULTILINGUAL,1,0.9576393156828105,False,partial_overlap,0.066687,False,pending
record:04832233edd96abdbd6ad792,"Proyecto de dirección para un centro educativo de educación primaria en Santa Cruz la Laguna, Sololá, Guatemala",2025,es,metadata,STM-METADATA-ES,6,0.7593732483349617,BERTopic-METADATA-MULTILINGUAL,3,1.0,False,language_specific_match,0.042748,False,pending
record:056f8766fc8008d524f0b9ee,"Biopolítica, imperativos de regulación y gestión escolar: Un análisis de las prácticas de directores/as del nivel secundario en el partido de San Martín a partir de la irrupción del covid 19",2023,es,metadata,STM-METADATA-ES,1,0.9846362464824895,BERTopic-METADATA-MULTILINGUAL,-1,0.0,True,weak_match,0.016227,False,pending
record:05b04acc6fc524e03e152af1,El liderazgo educativo como política pública: perspectivas en disputa en el campo de la formación docente,2026,es,metadata,STM-METADATA-ES,3,0.646869343778756,BERTopic-METADATA-MULTILINGUAL,0,1.0,False,language_specific_match,0.038262,False,pending
record:0740d60b21efd64b4d27ab20,"Gestión escolar y el plan anual de trabajo en una institución educativa de un distrito de Lima, 2024",2025,es,metadata,STM-METADATA-ES,4,0.3564421626273448,BERTopic-METADATA-MULTILINGUAL,4,0.9550531877561368,False,STM_split_by_BERTopic,0.142531,True,pending
record:0a069c0db8c558d78b6f4644,Gestión Escolar y Liderazgo Pedagógico para la Apropiación de las Tecnologías en la Práctica Docente,2025,es,metadata,STM-METADATA-ES,6,0.36676497368155725,BERTopic-METADATA-MULTILINGUAL,2,0.7418394901343545,False,weak_match,0.012136,True,pending
record:0d6f8de47ca1bfa06224b96b,Las redes de directivos para la mejora,2024,es,metadata,STM-METADATA-ES,3,0.5828178490010046,BERTopic-METADATA-MULTILINGUAL,0,1.0,False,language_specific_match,0.038262,False,pending
record:0dcef010a55caf2e279e5406,El método ABP como estrategia metodológica en el aula de la Institución Educativa Gabriel Ramos Los Aquijes en el marco de la emergencia sanitaria,2024,es,metadata,STM-METADATA-ES,15,0.864757888380674,BERTopic-METADATA-MULTILINGUAL,3,0.8697513842909433,False,weak_match,0.015288,False,pending
record:0e571cd068a41e34f85ceea0,Pedagogía y discurso empresarial: Análisis socio-político de la formación de directoras y directores de escuelas,2024,es,metadata,STM-METADATA-ES,2,0.9838228751905268,BERTopic-METADATA-MULTILINGUAL,0,1.0,False,language_specific_match,0.024628,False,pending
record:0e803845efbe9a2e2ba8ef83,Directio narrans: rhetorical figures in times of (alleged) narrative crisis? A study on the practices of school principals in Greater Buenos Aires,2026,es,metadata,STM-METADATA-ES,5,0.5883756209832036,BERTopic-METADATA-MULTILINGUAL,-1,0.0,True,weak_match,0.015385,False,pending
record:0eacadb533e2f826ee39d351,Prácticas de liderazgo sistémico y de liderazgo en red en centros escolares pertenecientes a los servicios locales de educación pública en Chile,2026,es,metadata,STM-METADATA-ES,3,0.3006179571367663,BERTopic-METADATA-MULTILINGUAL,12,1.0,False,language_specific_match,0.049164,True,pending
record:0fefacd7d12b218e05bb0cda,"Gestión escolar en la atención a estudiantes con altas capacidades en una institución educativa de Yurimaguas, 2023",2024,es,metadata,STM-METADATA-ES,8,0.5670579929551254,BERTopic-METADATA-MULTILINGUAL,4,0.9667411319805467,False,weak_match,0.011322,False,pending
record:114ae2d2b40811770ac3db30,"Liderazgo en la Gestión Educativa en Instituciones Educativas de unaUnidad de Gestión Educativa Local, Ayacucho 2023",2023,es,metadata,STM-METADATA-ES,10,0.8783362116034208,BERTopic-METADATA-MULTILINGUAL,4,1.0,False,STM_split_by_BERTopic,0.132433,False,pending
record:12c6c72565532cd983025ba4,"Liderazgo educativo intermedio y gestión escolar autónoma en especialistas y directivos de educación básica regular en Lima Metropolitana, 2023",2024,es,metadata,STM-METADATA-ES,10,0.8933831347887441,BERTopic-METADATA-MULTILINGUAL,-1,0.0,True,language_specific_match,0.03007,False,pending
record:134f6fc366ab7398900728dd,Trayectorias Escolares : Un Análisis Desde La Gestión Curricular y el rol del equipo directivo de la EPET N°9 en Pospandemia,2024,es,metadata,STM-METADATA-ES,1,0.9437064007607899,BERTopic-METADATA-MULTILINGUAL,-1,0.0,True,weak_match,0.016227,False,pending
record:14369f94511f8d46ef4f6c12,Perspectivas da gestão escolar sobre o atendimento especializado na rede municipal de Bagé,2021,es,metadata,STM-METADATA-ES,13,0.6609051880409884,BERTopic-METADATA-MULTILINGUAL,5,0.5247863025234291,False,weak_match,0.015673,True,pending
record:15e79a07c767e79179e8cf7b,"Satisfacción de los padres de familia del nivel de educación primaria respecto de la gestión escolar del colegio María Reina Marianistas de Lima, 2023",2024,es,metadata,STM-METADATA-ES,9,0.7087529996439912,BERTopic-METADATA-MULTILINGUAL,10,1.0,False,STM_split_by_BERTopic,0.134907,False,pending
record:1606c867ead29fb366a9dc47,"Filantropía empresarial, Estado y formación de directivos de escuelas secundarias en Argentina: Estudio de caso sobre la Fundación Córdoba Mejora",2023,es,metadata,STM-METADATA-ES,2,0.9881787122281319,BERTopic-METADATA-MULTILINGUAL,12,1.0,False,one_to_one,0.245798,False,pending
record:16d9b3efa12617033eb66a17,Tendencias nacionales y subnacionales en la reforma del gobierno escolar: Argentina y Brasil 1990-2010,2023,es,metadata,STM-METADATA-ES,2,0.5442014583088998,BERTopic-METADATA-MULTILINGUAL,12,1.0,False,one_to_one,0.245798,False,pending
record:1a93bf6bf4ff7bb171b19b19,Conceptualizaciones contemporáneas sobre la dirección escolar,2026,es,metadata,STM-METADATA-ES,3,0.9655050077997691,BERTopic-METADATA-MULTILINGUAL,0,0.7914442365122049,False,language_specific_match,0.038262,True,pending
record:1b96c0c440d4cb290d260d18,Liderazgo sostenible y compromisos de gestión escolar en instituciones educativas de nivel primaria de la provincia de Huancayo,2024,es,metadata,STM-METADATA-ES,10,0.6777116528127497,BERTopic-METADATA-MULTILINGUAL,4,1.0,False,STM_split_by_BERTopic,0.132433,False,pending
record:1c2003ea54676d15ffa1072c,"Marco del buen desempeño directivo y logro del compromiso de gestión en instituciones educativas públicas del Distrito de Hualmay, 2022",2025,es,metadata,STM-METADATA-ES,10,0.646519336461158,BERTopic-METADATA-MULTILINGUAL,-1,0.0,True,language_specific_match,0.03007,False,pending
record:1c4bd80dedc9da776bda8f9a,"Habilidades blandas y competencias gerenciales en la calidad de gestión de los procesos pedagógicos en directores de instituciones educativas públicas de Ilo, Moquegua, 2022",2022,es,metadata,STM-METADATA-ES,10,0.9080757434605274,BERTopic-METADATA-MULTILINGUAL,-1,0.0,True,language_specific_match,0.03007,False,pending
record:1d81a2894fdf3f21d05b6f8d,"Distribuir la escuela, organizar el territorio. Notas sobre la escolarización en la ciudad de Buenos Aires (Argentina, 1899-1915)",2026,es,metadata,STM-METADATA-ES,2,0.9845888747640268,BERTopic-METADATA-MULTILINGUAL,12,1.0,False,one_to_one,0.245798,False,pending
record:1d935569f4d5b34a4659f75d,"Taller de liderazgo transformacional y su influencia en la gestión escolar en las instituciones educativas de Casma, 2024",2025,es,metadata,STM-METADATA-ES,4,0.7707531031719251,BERTopic-METADATA-MULTILINGUAL,-1,0.0,True,language_specific_match,0.035398,False,pending
record:1dec66a1181b807fb4eb8cc5,"Gestión educativa y participación de los padres de familia en una institución de nivel secundario Andahuaylas, 2023",2024,es,metadata,STM-METADATA-ES,4,0.6789004810693485,BERTopic-METADATA-MULTILINGUAL,10,1.0,False,language_specific_match,0.025441,False,pending
record:1f86ff61b102d7f34f2bd603,A reflective look at the integrative approach of Gerardist school management,2023,es,metadata,STM-METADATA-ES,8,0.5247587431642005,BERTopic-METADATA-MULTILINGUAL,5,0.7639163079330579,False,STM_split_by_BERTopic,0.114836,True,pending
record:20e385a71358f762f1775dc9,Modelos integrales de gestión escolar en el desarrollo de la comunicación oral y escrita,2026,es,metadata,STM-METADATA-ES,6,0.8958763763941606,BERTopic-METADATA-MULTILINGUAL,-1,0.0,True,language_specific_match,0.043382,False,pending
record:20f37c0354b54959322b1f50,"Programa de involucramiento para padres de familia en la gestión escolar en una institución educativa Paita, 2025",2025,es,metadata,STM-METADATA-ES,4,0.8609384711058221,BERTopic-METADATA-MULTILINGUAL,10,1.0,False,language_specific_match,0.025441,False,pending
record:20f84332d707bcf832d383ae,Analysis of the Quality Management System in accordance with NTC ISO 9001:2015 and design of an implementation proposal with the support of an educational platform at the Tenerife Granada Sur Institute.,2025,es,metadata,STM-METADATA-ES,7,0.45865657030485085,BERTopic-METADATA-MULTILINGUAL,1,0.9576393156828105,False,weak_match,0.003959,False,pending
record:2123e5adb4e772b25966e88d,"Políticas públicas y gestión escolar: estudiantes con discapacidad visual, dos escuelas en Taguatinga-DF, Brasil",2023,es,metadata,STM-METADATA-ES,8,0.5665768713098153,BERTopic-METADATA-MULTILINGUAL,5,1.0,False,STM_split_by_BERTopic,0.114836,False,pending
record:21d90b6b8d1626e74804dc6b,"Gestión educativa y educación inclusiva desde la percepción docente en instituciones educativas públicas, Pichanaki, Junín, 2024",2024,es,metadata,STM-METADATA-ES,4,0.616206777565815,BERTopic-METADATA-MULTILINGUAL,5,1.0,False,weak_match,0.012337,False,pending
record:221d2eac95f6192db520675b,Monitoreo y acompañamiento pedagógico para mejorar la enseñanza de la lectoescritura en el primer grado de la región Huancavelica,2024,es,metadata,STM-METADATA-ES,8,0.8774721579543897,BERTopic-METADATA-MULTILINGUAL,-1,0.0,True,language_specific_match,0.035878,False,pending
record:225ed9ec1267392f26accd4e,"Modelo de gestión por procesos para la calidad en el servicio educativo en una institución educativa de Lambayeque, 2024",2024,es,metadata,STM-METADATA-ES,16,0.3534118187002938,BERTopic-METADATA-MULTILINGUAL,1,0.9576393156828105,False,language_specific_match,0.044019,True,pending
record:230fa382d9a1281aa8d08166,Liderazgo directivo y compromisos de gestión escolar en una institución educativa de Tarma-2024,2024,es,metadata,STM-METADATA-ES,10,0.3939885982902943,BERTopic-METADATA-MULTILINGUAL,-1,0.0,True,language_specific_match,0.03007,False,pending
record:23398ea37fdc77598005813c,"Estudio de factibilidad en el desarrollo de estrategias socioeducativas para la gestión escolar en educación. Docentes Escuela Básica Talca, Región del Maule-Chile.",2020,es,metadata,STM-METADATA-ES,5,0.3253028354132776,BERTopic-METADATA-MULTILINGUAL,-1,0.0,True,weak_match,0.015385,True,pending
record:2373fa6ed32975d830c67fc8,"Participación parental y gestión escolar en una institución educativa de Paita, 2025",2025,es,metadata,STM-METADATA-ES,4,0.5331949008436322,BERTopic-METADATA-MULTILINGUAL,10,1.0,False,language_specific_match,0.025441,False,pending
record:247553b963eebb6c3bfa63f0,Investigación sobre las características que influyen en la elección de la gestión escolar por provincia,2022,es,metadata,STM-METADATA-ES,6,0.5096612492268298,BERTopic-METADATA-MULTILINGUAL,-1,0.0,True,language_specific_match,0.043382,False,pending
record:25acd7cf881467c02e5c5893,"Liderazgo transformacional y gestión escolar en docentes de instituciones educativas de secundaria con formación técnica, Juliaca, Puno, 2023",2024,es,metadata,STM-METADATA-ES,4,0.4895286473942913,BERTopic-METADATA-MULTILINGUAL,-1,0.0,True,language_specific_match,0.035398,True,pending
record:271298bee279efacee36533f,"Gestión Educativa y Calidad Educativa con Directivos, Docentes y Administrativos de una Institución Pública De Sullana 2025",2026,es,metadata,STM-METADATA-ES,4,0.8965088922088943,BERTopic-METADATA-MULTILINGUAL,1,0.9576393156828105,False,partial_overlap,0.066687,False,pending
record:27534bcf64e5aacaa57676c1,Gestión escolar y habilidades digitales post Covid-19 en docentes de secundaria del distrito de El Tambo - 2023,2023,es,metadata,STM-METADATA-ES,10,0.9587198410805446,BERTopic-METADATA-MULTILINGUAL,-1,0.0,True,language_specific_match,0.03007,False,pending
record:280d0d192f9faa0b0856d9d2,Investigar sobre dirección escolar: una aproximación al estado del arte,2025,es,metadata,STM-METADATA-ES,2,0.610379880727326,BERTopic-METADATA-MULTILINGUAL,0,0.7810754702129282,False,language_specific_match,0.024628,True,pending
record:28acbaf08050aecfaf1c037d,Resignification of the IEP: Institutional Management,2021,es,metadata,STM-METADATA-ES,15,0.2485658322441092,BERTopic-METADATA-MULTILINGUAL,-1,0.0,True,language_specific_match,0.020611,True,pending
record:2901b1586813273b16cb40d6,"Gestión educativa, satisfacción laboral y desempeño docente en una institución educativa",2024,es,metadata,STM-METADATA-ES,4,0.6606565764221808,BERTopic-METADATA-MULTILINGUAL,13,1.0,False,weak_match,0.015982,False,pending
record:2b13f1ca0d0c7660f38685d4,"Políticas de selección y circulación del libro escolar en la Argentina decimonónica: Un estudio de caso (Santa Fe, 1870)",2023,es,metadata,STM-METADATA-ES,2,0.970215838680806,BERTopic-METADATA-MULTILINGUAL,12,1.0,False,one_to_one,0.245798,False,pending
record:2b6cf8c5c1ec5c2ab39e6e8b,A política de educação escolar como programa de ressocialização: um olhar sobre o anexo feminino do Presídio Regional de Bagé/RS,2024,es,metadata,STM-METADATA-ES,11,0.9682496567668102,BERTopic-METADATA-MULTILINGUAL,-1,0.0,True,weak_match,0.019231,False,pending
record:2b9ac11189da15bec092953f,La convivencia escolar en comunidades educativas del Ecuador : Un Análisis de la Política Nacional de Convivencia Escolar del MINEDUC (2021),2025,es,metadata,STM-METADATA-ES,11,0.5260215746732803,BERTopic-METADATA-MULTILINGUAL,3,0.924971895490544,False,partial_overlap,0.052823,False,pending
record:2bfbd5fb567bd66788111848,"Cultura del buen trato y gestión escolar en las instituciones educativas del distrito de Pallasca, 2024",2024,es,metadata,STM-METADATA-ES,4,0.9068243088746988,BERTopic-METADATA-MULTILINGUAL,-1,0.0,True,language_specific_match,0.035398,False,pending
record:2c0c67af2edbfb6b7092c875,Las prácticas del liderazgo pedagógico: Caso de estudio I.E. César Vallejo,2026,es,metadata,STM-METADATA-ES,6,0.5684097182559601,BERTopic-METADATA-MULTILINGUAL,-1,0.0,True,language_specific_match,0.043382,False,pending
record:2cfbf38ac02f77703710ca37,Acompañamiento pedagógico para fortalecer el logro de aprendizajes del área de ciencias sociales en estudiantes con necesidades educativas especiales,2024,es,metadata,STM-METADATA-ES,8,0.9529235574378916,BERTopic-METADATA-MULTILINGUAL,-1,0.0,True,language_specific_match,0.035878,False,pending
record:2f65684693cf5532f91e9090,Compromisos de gestión escolar y logros de aprendizaje en una institución educativa privada Callao 2023,2024,es,metadata,STM-METADATA-ES,4,0.5252062777419151,BERTopic-METADATA-MULTILINGUAL,4,0.9303595580774056,False,STM_split_by_BERTopic,0.142531,False,pending
record:303f7a684d2721a57bc643f0,Liderazgo directivo y desempeño docente en instituciones educativas públicas de secundaria de Víctor Larco en 2025,2025,es,metadata,STM-METADATA-ES,4,0.8512908923002238,BERTopic-METADATA-MULTILINGUAL,-1,0.0,True,language_specific_match,0.035398,False,pending
record:3052f0cd7c2c7239ff3528d7,"Gestión escolar y aprendizajes significativos en estudiantes de cinco años de educación inicial del distrito de Callería-Ucayali, 2021",2024,es,metadata,STM-METADATA-ES,8,0.889190219009238,BERTopic-METADATA-MULTILINGUAL,-1,0.0,True,language_specific_match,0.035878,False,pending
record:3072db7978609b2dc88c57a8,"Liderazgo directivo y gestión educativa en una red rural, San Román",2024,es,metadata,STM-METADATA-ES,4,0.7048457434235343,BERTopic-METADATA-MULTILINGUAL,-1,0.0,True,language_specific_match,0.035398,False,pending
record:31ae656430daaf8c150e0317,"Gestión escolar y desempeño docente en Instituciones Educativas Públicas, Lima - Santa Anita 2024",2024,es,metadata,STM-METADATA-ES,4,0.5888705548265176,BERTopic-METADATA-MULTILINGUAL,4,0.9082355243258668,False,STM_split_by_BERTopic,0.142531,False,pending
record:335df843587126d97910cdb9,"Herramientas digitales en el desarrollo de gestión educativa remota en la Institución Educativa Pillko Marka, Huánuco, 2023"".",2025,es,metadata,STM-METADATA-ES,4,0.8745887227467944,BERTopic-METADATA-MULTILINGUAL,2,0.6123556451028749,False,weak_match,0.00596,True,pending
record:344b787a280c2ca585cd6f78,"Las estrategias gerenciales y su relación con la gestión escolar de la Red Educativa ""El Parco"" del Distrito de San José de Lourdes, San Ignacio, Cajamarca, año 2019",2024,es,metadata,STM-METADATA-ES,10,0.8539363467704467,BERTopic-METADATA-MULTILINGUAL,4,0.7709574877829649,False,STM_split_by_BERTopic,0.132433,True,pending
record:37a4724ff00500cddf14453e,Liderazgo distribuido y gestión escolar en las Instituciones Educativas del Distrito de Anta - Acobamba,2023,es,metadata,STM-METADATA-ES,10,0.9188257542021453,BERTopic-METADATA-MULTILINGUAL,4,1.0,False,STM_split_by_BERTopic,0.132433,False,pending
record:3803c424156f8380fbdecc47,"La gestión escolar y la participación de los padres de familia en una institución educativa del distrito de Ate, 2024",2025,es,metadata,STM-METADATA-ES,4,0.7064298446717042,BERTopic-METADATA-MULTILINGUAL,10,1.0,False,language_specific_match,0.025441,False,pending
record:39556965c349d1eeda1e608b,Algunas aportaciones del INIDE al análisis y planeación del futuro de la educación básica,2021,es,metadata,STM-METADATA-ES,3,0.3834466771126622,BERTopic-METADATA-MULTILINGUAL,3,0.8884850304899375,False,language_specific_match,0.027015,False,pending
record:39716cc45d0ae34c94c1fc27,"Modelo de gestión colaborativa escolar para el desempeño docente en instituciones educativas de nivel primario de Cajamarca, 2025",2026,es,metadata,STM-METADATA-ES,9,0.40021688811955697,BERTopic-METADATA-MULTILINGUAL,1,0.9576393156828105,False,weak_match,0.012834,True,pending
record:39ef7abf4d5f2f8f376b9ba6,"Políticas públicas educativas y desempeño directivo en la unidad de gestión educativa local de Paita-Piura, 2023",2025,es,metadata,STM-METADATA-ES,10,0.6377722806627932,BERTopic-METADATA-MULTILINGUAL,4,0.9229933804061007,False,STM_split_by_BERTopic,0.132433,False,pending
record:3a80d84aff75e4a97529bcb5,"Competencias directivas en la gestión escolar de la Red 20, Los Olivos, 2023",2024,es,metadata,STM-METADATA-ES,10,0.9632359944223147,BERTopic-METADATA-MULTILINGUAL,4,0.8565031910875466,False,STM_split_by_BERTopic,0.132433,False,pending
record:3c8c25ab54cbf46a6b2664c4,"Liderazgo transformacional, clima organizacional y gestión escolar en una I.E pública de Reque-Lambayeque",2023,es,metadata,STM-METADATA-ES,4,0.3080132380551618,BERTopic-METADATA-MULTILINGUAL,0,1.0,False,weak_match,0.010118,False,pending
record:3ecd1c97e580bc7961f76b9d,Entrevistas estudiantes de Posgrado de la Universidad Nacional de Rosario: problemáticas en escritura científica,2024,es,metadata,STM-METADATA-ES,15,0.5745224277948427,BERTopic-METADATA-MULTILINGUAL,-1,0.0,True,language_specific_match,0.020611,False,pending
record:3f2a7fbc05ab8d37770823ed,Nivel de Conocimiento de las Tecnologías de Información y Comunicación Entre Trabajadores Sociales Escolares ORE Humacao,2025,es,metadata,STM-METADATA-ES,7,0.6591898023912678,BERTopic-METADATA-MULTILINGUAL,2,1.0,False,BERTopic_combines_STM,0.15443,False,pending
record:3f4a6a57b17424acbca243df,"Redes educativas rurales y la gestión escolar en instituciones educativas de la ugel Sánchez Carrión, 2024",2025,es,metadata,STM-METADATA-ES,10,0.5101838250157567,BERTopic-METADATA-MULTILINGUAL,-1,0.0,True,language_specific_match,0.03007,True,pending
record:3fcc0ba82c7b672f85ea6682,Estrategias metodológicas en el desempeño docente del nivel inicial de las instituciones educativas de Pichanaki- 2024,2025,es,metadata,STM-METADATA-ES,4,0.7583704158797206,BERTopic-METADATA-MULTILINGUAL,-1,0.0,True,language_specific_match,0.035398,False,pending
record:403034305118a984467bd514,"Gestión escolar y compromiso organizacional visto por docentes en una institución educativa privada en Lima, 2024",2024,es,metadata,STM-METADATA-ES,10,0.5197027968195481,BERTopic-METADATA-MULTILINGUAL,4,0.9047368681227903,False,STM_split_by_BERTopic,0.132433,False,pending
record:430b04d0e88f6b81c5d3bab6,La docencia compartida para fortalecer las competencias docentes en adaptaciones curriculares en una institución educativa de Ilo-Moquegua,2025,es,metadata,STM-METADATA-ES,8,0.699013969240131,BERTopic-METADATA-MULTILINGUAL,-1,0.0,True,language_specific_match,0.035878,False,pending
record:439973b2654fdcbdcf209131,"Gestión escolar y convivencia escolar en una institución educativa de Huarmey, 2023",2023,es,metadata,STM-METADATA-ES,4,0.5765725224935568,BERTopic-METADATA-MULTILINGUAL,-1,0.0,True,language_specific_match,0.035398,False,pending
record:43c0a2fdc90ac66d489a9707,La economía neoliberal asalta la gestión escolar pública,2020,es,metadata,STM-METADATA-ES,3,0.6493440319817703,BERTopic-METADATA-MULTILINGUAL,-1,0.0,True,language_specific_match,0.026975,False,pending
record:4484384c2f354ac550362d5d,"El impacto de la modernización administrativa en la dirección escolar y su relación con el aprendizaje académico en los estudiantes del nivel secundaria de la EBR, Requena, Loreto, 2023",2025,es,metadata,STM-METADATA-ES,8,0.7088401729172791,BERTopic-METADATA-MULTILINGUAL,3,0.8686123339978584,False,language_specific_match,0.043692,False,pending
record:4518339515269f286430724e,"Gestión escolar y la práctica pedagógica en docentes de una institución educativa del distrito de Pachacamac, 2025",2025,es,metadata,STM-METADATA-ES,4,0.9662683090622862,BERTopic-METADATA-MULTILINGUAL,-1,0.0,True,language_specific_match,0.035398,False,pending
record:456e4dc4d1816ecbf86203c4,"Gestión escolar y competencias del docente en las IE, Urb. Previ - Callao Norte, 2024",2025,es,metadata,STM-METADATA-ES,10,0.7974022250779292,BERTopic-METADATA-MULTILINGUAL,4,1.0,False,STM_split_by_BERTopic,0.132433,False,pending
record:46f8692712e36314fb9e9a6b,"El Método de las 6 M y la Calidad educativa en estudiantes de una Institución Educativa de Lima Este, 2025",2025,es,metadata,STM-METADATA-ES,4,0.477665291436814,BERTopic-METADATA-MULTILINGUAL,-1,0.0,True,language_specific_match,0.035398,False,pending
record:472bfcc589b852c9f007e89c,Influencia del desempeño docente en la gestión escolar en una institución educativa del nivel secundaria en Trujillo,2023,es,metadata,STM-METADATA-ES,4,0.6637361996376195,BERTopic-METADATA-MULTILINGUAL,4,1.0,False,STM_split_by_BERTopic,0.142531,False,pending
record:474645e01d2252b01904471a,Democracy and education: concepts of participation in school management,2025,es,metadata,STM-METADATA-ES,1,0.8976624527858655,BERTopic-METADATA-MULTILINGUAL,-1,0.0,True,weak_match,0.016227,False,pending
record:47ae0e47ca58fa691763cd71,"Planeamiento estratégico y gestión escolar en las instituciones educativas de educación secundaria de San Vicente - Cañete, 2024",2025,es,metadata,STM-METADATA-ES,10,0.9602277292286407,BERTopic-METADATA-MULTILINGUAL,4,0.8891830953937705,False,STM_split_by_BERTopic,0.132433,False,pending
record:4853cecb2e66c8b89998e4d6,"Gestión escolar y desempeño directivo en los centros de educación básica alternativa de la UGEL 02 - Lima, 2023",2024,es,metadata,STM-METADATA-ES,10,0.9384658756506778,BERTopic-METADATA-MULTILINGUAL,1,0.9049892903067768,False,partial_overlap,0.056243,False,pending
record:48a68b0d4af01995fdcd52bf,"Gestión escolar en la participación de los padres de familia en las instituciones educativas de la UGEL 02, Lima 2022.",2022,es,metadata,STM-METADATA-ES,10,0.43800291155099597,BERTopic-METADATA-MULTILINGUAL,10,1.0,False,weak_match,0.003145,False,pending
record:491fd59ec7594324a9cf5d34,Gestión educativa y planificación estratégica en una institución educativa del nivel de educación secundaria de San Juan de Lurigancho 2024,2024,es,metadata,STM-METADATA-ES,4,0.8612134238359435,BERTopic-METADATA-MULTILINGUAL,-1,0.0,True,language_specific_match,0.035398,False,pending
record:49981d8914b6f785e6a42b09,"Gestión educativa y desempeño docente en una institución educativa particular de Ate, Lima, 2024",2024,es,metadata,STM-METADATA-ES,4,0.6763122891528867,BERTopic-METADATA-MULTILINGUAL,4,1.0,False,STM_split_by_BERTopic,0.142531,False,pending
record:49f081ad6b985c0c9491b28a,"Información de la ficha de monitoreo simon y la asistencia técnica del cuarto compromiso de gestión escolar, Jauja, 2023",2025,es,metadata,STM-METADATA-ES,8,0.5204836904805731,BERTopic-METADATA-MULTILINGUAL,-1,0.0,True,language_specific_match,0.035878,False,pending
record:4a3a784e3827d8e4eb364003,"Competencias directivas y formación profesional en la gestión escolar según los docentes de instituciones educativas públicas, distrito Cusco-2023",2024,es,metadata,STM-METADATA-ES,10,0.5904327314935144,BERTopic-METADATA-MULTILINGUAL,4,0.9907442623366602,False,STM_split_by_BERTopic,0.132433,False,pending
record:4b024e16d8295b656f7d851d,Competencia directiva y gestión escolar en la IE 3711 Fe y Alegria 12. Puente Piedra. Lima,2024,es,metadata,STM-METADATA-ES,10,0.9361314516399734,BERTopic-METADATA-MULTILINGUAL,4,0.885760819980797,False,STM_split_by_BERTopic,0.132433,False,pending
record:4c160eca9b8a3ac3112bde69,Acceso y uso de las Tecnologías de la Información y Comunicación (TIC) en la Escuela Secundaria en diferentes contextos socioeconómicos en Argentina,2022,es,metadata,STM-METADATA-ES,1,0.9755315008012088,BERTopic-METADATA-MULTILINGUAL,2,1.0,False,language_specific_match,0.022288,False,pending
record:4d4d6c097106c408601850f2,El Liderazgo Escolar en la Reconstrucción Educativa: Estrategias Para Mitigar El Impacto de Desastres Naturales en Escuelas Secundarias,2026,es,metadata,STM-METADATA-ES,6,0.5557892714432389,BERTopic-METADATA-MULTILINGUAL,-1,0.0,True,language_specific_match,0.043382,False,pending
record:4d562c5f3445bf2aa16d0e90,"¿Volverse el error de la matrix?: Un estudio crítico en torno a los discursos de liderazgo
para la dirección escolar en tiempos gerenciales",2026,es,metadata,STM-METADATA-ES,5,0.6102921435997682,BERTopic-METADATA-MULTILINGUAL,0,1.0,False,weak_match,0.018017,False,pending
record:4d9866b1c42cf49138d3e78f,El Reglamento General de Instituciones Educativas en la Provincia de Buenos Aires y las transformaciones de la organización escolar,2025,es,metadata,STM-METADATA-ES,2,0.8339566653841812,BERTopic-METADATA-MULTILINGUAL,12,1.0,False,one_to_one,0.245798,False,pending
record:4ddb09fa493b7deffa4dd543,"Propuesta de mejora en las herramientas de Gestión escolar, eje de Convivencia de la Unidad Educativa General Antonio Farfán, Cuenca-Azuay, 2023",2024,es,metadata,STM-METADATA-ES,9,0.5998615993750152,BERTopic-METADATA-MULTILINGUAL,-1,0.0,True,language_specific_match,0.027746,False,pending
record:4e0bf8772db07419148820f0,Relaciones interpersonales y la gestión de la escuela articulada a la comunidad educativa en una UGEL de Amazonas año 2025,2025,es,metadata,STM-METADATA-ES,4,0.7128330927124644,BERTopic-METADATA-MULTILINGUAL,3,0.8131812873524522,False,weak_match,0.004601,False,pending
record:4e8864e9a3664044432a3a82,Assist Control,2026,es,metadata,STM-METADATA-ES,7,0.5189113156218386,BERTopic-METADATA-MULTILINGUAL,9,0.19726863941322084,False,one_to_one,0.257086,True,pending
record:51c30eef87206bb7946b3f31,La importancia del liderazgo distribuido para una escuela inclusiva,2021,es,metadata,STM-METADATA-ES,12,0.5279449627152034,BERTopic-METADATA-MULTILINGUAL,0,1.0,False,STM_split_by_BERTopic,0.140676,False,pending
record:5243614cf4539df46f8092eb,"Ética profesional en la gestión escolar en docente de instituciones educativas públicas La Convención, Cusco 2025",2025,es,metadata,STM-METADATA-ES,10,0.5529485116809479,BERTopic-METADATA-MULTILINGUAL,4,1.0,False,STM_split_by_BERTopic,0.132433,False,pending
record:53363b18ade16a1c4f6018c9,Impacto de la IA generativa en la gestión escolar en instituciones educativas públicas de primaria UGEL Cusco 2024,2024,es,metadata,STM-METADATA-ES,10,0.40793726910885947,BERTopic-METADATA-MULTILINGUAL,9,1.0,False,weak_match,0.003061,True,pending
record:536fbb63a795b72133faf5d6,"La gestión educativa de la escuela secundaria: aportes desde la perspectiva de directivos de la Provincia de Buenos Aires, entre 2010 y 2020",2025,es,metadata,STM-METADATA-ES,2,0.9841724423813087,BERTopic-METADATA-MULTILINGUAL,12,1.0,False,one_to_one,0.245798,False,pending
record:539736b2df3b11c59f83b55f,"Gestión educativa y el uso de la plataforma ""Rioeduca em ação"" en la lucha contra el desfasaje: un estudio de caso en cinco escuelas públicas de enseñanza primaria en el ""Complexo da Maré"".",2023,es,metadata,STM-METADATA-ES,8,0.6080707558905044,BERTopic-METADATA-MULTILINGUAL,-1,0.0,True,language_specific_match,0.035878,False,pending
record:53e2e100938846d2f15e097d,Liderazgo directivo y el compromiso organizacional docente en instituciones públicas de Zapallal 2025,2025,es,metadata,STM-METADATA-ES,4,0.5424591095297032,BERTopic-METADATA-MULTILINGUAL,0,0.8413676821793369,False,weak_match,0.010118,False,pending
record:545ccba8ded726a03067fa7f,"La dirección escolar: sobre directores y gestión educativa, sus conceptualizaciones y regulaciones",2026,es,metadata,STM-METADATA-ES,5,0.9141114382915605,BERTopic-METADATA-MULTILINGUAL,-1,0.0,True,weak_match,0.015385,False,pending
record:54807b814806773c7949a22a,Gestión escolar en habilidades digitales en los docentes de las instituciones educativas básica especiales Puno,2024,es,metadata,STM-METADATA-ES,10,0.6209507220656432,BERTopic-METADATA-MULTILINGUAL,2,0.5183800775085785,False,weak_match,0.011423,True,pending
record:551732f339a71ab76243cd2f,"Gestión escolar en el liderazgo directivo en una institución educativa nivel primario de Azángaro, Puno - 2023",2024,es,metadata,STM-METADATA-ES,10,0.7598991705730845,BERTopic-METADATA-MULTILINGUAL,4,1.0,False,STM_split_by_BERTopic,0.132433,False,pending
record:55b5aebfccd6709b39f9b86e,Las regulaciones de la dirección escolar,2026,es,metadata,STM-METADATA-ES,3,0.8164285490447712,BERTopic-METADATA-MULTILINGUAL,-1,0.0,True,language_specific_match,0.026975,False,pending
record:5651972b3bf664fc4c74894a,Gestión educativa en la práctica docente de cuatro instituciones educativas públicas Abancay Apurímac 2024,2025,es,metadata,STM-METADATA-ES,4,0.8805215035820466,BERTopic-METADATA-MULTILINGUAL,1,0.9576393156828105,False,partial_overlap,0.066687,False,pending
record:5668e578c3e6627926514834,"Propuesta de mejora de la gestión educativa eficiente de la Unidad Educativa ""César Viera"", Ecuador, 2024",2024,es,metadata,STM-METADATA-ES,16,0.8055422715907384,BERTopic-METADATA-MULTILINGUAL,3,0.924971895490544,False,language_specific_match,0.0222,False,pending
record:566a82db1fdef3ed007d6a6d,Las TICs en el cumplimiento de la gestión educativa de las familias y la comunidad,2020,es,metadata,STM-METADATA-ES,13,0.45674894232070895,BERTopic-METADATA-MULTILINGUAL,10,0.6454594655273383,False,weak_match,0.013147,True,pending
record:5693f2fbae2c9af9d2c86e5a,"Acompañamiento directivo en la gestión escolar a directores de Instituciones Educativas - Lima Provincias, 2023",2024,es,metadata,STM-METADATA-ES,10,0.9536993031103448,BERTopic-METADATA-MULTILINGUAL,4,0.846874333182784,False,STM_split_by_BERTopic,0.132433,False,pending
record:56a63fe6b37c66c51d925819,"Gestión educativa en las competencias directivas y liderazgo pedagógico en una red educativa de Lima Metropolitana, 2023",2024,es,metadata,STM-METADATA-ES,10,0.7441816303053655,BERTopic-METADATA-MULTILINGUAL,4,0.9303595580774056,False,STM_split_by_BERTopic,0.132433,False,pending
record:583cd40cca830da94bb612b0,Between the kitchen and the classroom: possible paths for anti-racist art teaching in public schools,2023,es,metadata,STM-METADATA-ES,13,0.46760598742684084,BERTopic-METADATA-MULTILINGUAL,-1,0.0,True,language_specific_match,0.020513,False,pending
record:583f98532f564ed9131c5f5c,"Liderazgo directivo en la gestión escolar de una institución educativa de Ayacucho, 2024",2025,es,metadata,STM-METADATA-ES,10,0.5413204549329307,BERTopic-METADATA-MULTILINGUAL,4,1.0,False,STM_split_by_BERTopic,0.132433,False,pending
record:5849746b47d39ced5537454a,"Liderazgo transformacional y gestión educativa en una institución educativa pública UGEL 04, Comas 2025",2025,es,metadata,STM-METADATA-ES,4,0.8605196960001681,BERTopic-METADATA-MULTILINGUAL,4,0.9303595580774056,False,STM_split_by_BERTopic,0.142531,False,pending
record:58709de2d10ce05ef2010e6a,El liderazgo pedagógico docente como elemento clave para el mejoramiento institucional del colegio Santa Teresa de Jesús.,2026,es,metadata,STM-METADATA-ES,6,0.49340806845897933,BERTopic-METADATA-MULTILINGUAL,0,0.9255814624936294,False,language_specific_match,0.048248,True,pending
record:5872671828f8f5664d247da8,"Educación y masonería: cruces entre la Escuela Normal Popular ""Rosa Turner de Estrugamou"" y la Logia A.G. Adams Nº185: (Santa Fe - Argentina, primeras décadas s. XX)",2024,es,metadata,STM-METADATA-ES,13,0.9679404209668229,BERTopic-METADATA-MULTILINGUAL,12,1.0,False,weak_match,0.015117,False,pending
record:5923c3c241e6ce53cc870a2b,"Diseño y aplicación de estrategias innovadoras de gestión escolar orientadas a la instalación de modelos ﬂexibles del uso del tiempo, el espacio y los recursos",2023,es,metadata,STM-METADATA-ES,3,0.5723739075608918,BERTopic-METADATA-MULTILINGUAL,-1,0.0,True,language_specific_match,0.026975,False,pending
record:592a69e24b646ca7442e701b,La gestión educativa en el desempeño docente de una institución educativa de Pacasmayo,2023,es,metadata,STM-METADATA-ES,4,0.8321429229714596,BERTopic-METADATA-MULTILINGUAL,4,1.0,False,STM_split_by_BERTopic,0.142531,False,pending
record:5979b68fdd06699b9a94e966,"Explorando la autonomía del personal directivo de una institución educativa pública de Los Olivos, 2024",2024,es,metadata,STM-METADATA-ES,6,0.25902676111326345,BERTopic-METADATA-MULTILINGUAL,4,0.9303595580774056,False,weak_match,0.004384,True,pending
record:5a019f5e7bf3b7152ec5b9ad,La dirección escolar en la normativa vigente de la Provincia de Córdoba,2023,es,metadata,STM-METADATA-ES,2,0.9856912184291017,BERTopic-METADATA-MULTILINGUAL,12,1.0,False,one_to_one,0.245798,False,pending
record:5b4259cd4ca122dc1637e8b8,"Desempeño directivo y gestión escolar desde la percepción docente en dos instituciones educativas, Ayacucho, 2023",2024,es,metadata,STM-METADATA-ES,10,0.5239436713014505,BERTopic-METADATA-MULTILINGUAL,4,1.0,False,STM_split_by_BERTopic,0.132433,False,pending
record:5b55d406f671f2815fe272a3,"La gestión educativa y desempeño docente en las Instituciones Educativas de la Red-Jivia Lauricocha, 2023",2024,es,metadata,STM-METADATA-ES,4,0.6894293553150721,BERTopic-METADATA-MULTILINGUAL,4,1.0,False,STM_split_by_BERTopic,0.142531,False,pending
record:5c733b555897e88cef2d7ceb,"Gestión escolar y compromiso organizacional en docentes de instituciones educativas públicas, Ventanilla 2024",2024,es,metadata,STM-METADATA-ES,4,0.7241061388538113,BERTopic-METADATA-MULTILINGUAL,4,0.9303595580774056,False,STM_split_by_BERTopic,0.142531,False,pending
record:5cf6c2e72cb712af9f21b043,Diseño de un plan de acción de educación sexual integral (ESI) para docentes: su contribución a la gestión escolar,2023,es,metadata,STM-METADATA-ES,16,0.23144589135026594,BERTopic-METADATA-MULTILINGUAL,8,1.0,False,weak_match,0.007506,True,pending
record:5d4f1fd45055cea674148617,"Factores organizacionales que influyen en la gestión escolar en Instituciones Educativas de una UGEL- La Libertad, 2024",2024,es,metadata,STM-METADATA-ES,10,0.48561722982395705,BERTopic-METADATA-MULTILINGUAL,1,1.0,False,partial_overlap,0.056243,False,pending
record:5f41b54336170ab7d72d356e,Gestión educativa y calidad de servicio en las instituciones educativas del nivel secundario del distrito de Mazamari,2023,es,metadata,STM-METADATA-ES,4,0.7129267584727716,BERTopic-METADATA-MULTILINGUAL,1,0.9576393156828105,False,partial_overlap,0.066687,False,pending
record:5f4ba097c47c559915f81dfe,De estudiante a director: realidades que se viven en las escuelas multigrado,2021,es,metadata,STM-METADATA-ES,12,0.331870440271155,BERTopic-METADATA-MULTILINGUAL,0,0.8588353948333562,False,STM_split_by_BERTopic,0.140676,True,pending
record:5f5822c6cdaad3f6608da60e,Formación para Fonoaudiólogos en el Abordaje Comunicativo de Personas con Sordoceguera,2024,es,metadata,STM-METADATA-ES,13,0.9196197230961141,BERTopic-METADATA-MULTILINGUAL,-1,0.0,True,language_specific_match,0.020513,False,pending
record:6097f916488a257c778e95f7,Liderazgo pedagógico para fortalecer la investigación e innovación docente del área de letras del nivel secundaria en una institución educativa de Piura,2025,es,metadata,STM-METADATA-ES,6,0.3873568089033064,BERTopic-METADATA-MULTILINGUAL,7,1.0,False,weak_match,0.008768,True,pending
record:63564ec815413f42fd35c1f5,"Gestión escolar y convivencia escolar en un colegio público del distrito de Chosica, 2024",2024,es,metadata,STM-METADATA-ES,4,0.9496905543634048,BERTopic-METADATA-MULTILINGUAL,-1,0.0,True,language_specific_match,0.035398,False,pending
record:63bd116bf07c43fc9821bf28,"""Por la educacion publica"": El clero y las comunidades locales en la conformación del sistema escolar bonaerense: Campaña sur de Buenos Aires, 1854-1875",2020,es,metadata,STM-METADATA-ES,2,0.7725105379573481,BERTopic-METADATA-MULTILINGUAL,12,1.0,False,one_to_one,0.245798,False,pending
record:653ba911f81cdd26c071ca1d,"Relación entre la autoeficacia en gestión y los compromisos de gestión escolar en Instituciones Educativas Rurales de San Pablo de Occo, Angaraes-Huancavelica 2024.",2025,es,metadata,STM-METADATA-ES,4,0.6300853384216789,BERTopic-METADATA-MULTILINGUAL,4,1.0,False,STM_split_by_BERTopic,0.142531,False,pending
record:65aa7abd367c93dfd694ea7c,Perceptions of public institutions' principals of Metropolitan Lima about the EDDir 2018,2025,es,metadata,STM-METADATA-ES,12,0.3582008108716252,BERTopic-METADATA-MULTILINGUAL,-1,0.0,True,language_specific_match,0.03338,False,pending
record:677555eb93ede022c7c73444,"Incorporación de centros de trabajo en NT2, para mejorar el proceso de transición del ciclo inicial a primer nivel básico: un aporte desde la gestión escolar",2025,es,metadata,STM-METADATA-ES,8,0.9481756812341557,BERTopic-METADATA-MULTILINGUAL,-1,0.0,True,language_specific_match,0.035878,False,pending
record:67ae6b95f8ff55493c529f77,Posiciones docentes: Interpelaciones sobre la escuela y lo justo,2025,es,metadata,STM-METADATA-ES,13,0.958988277578319,BERTopic-METADATA-MULTILINGUAL,0,0.8588353948333562,False,weak_match,0.015404,False,pending
record:6835044e3237dc4df6eb7350,"Comunicación asertiva en la gestión educativa de instituciones educativas del sector público de Ica, 2024",2025,es,metadata,STM-METADATA-ES,4,0.9351159918396659,BERTopic-METADATA-MULTILINGUAL,-1,0.0,True,language_specific_match,0.035398,False,pending
record:68adc5dc4dc712d8f244b9a3,Formación continua de gestión y liderazgo pedagógico de los directivos de instituciones educativas públicas de Piura,2023,es,metadata,STM-METADATA-ES,4,0.6503173980325022,BERTopic-METADATA-MULTILINGUAL,-1,0.0,True,language_specific_match,0.035398,False,pending
record:68baa4a964936bbf6ff578d2,"Desempeño directivo y formación académica en los compromisos de gestión escolar de directores de las instituciones educativas, Cusco - 2023",2024,es,metadata,STM-METADATA-ES,10,0.8042448562257676,BERTopic-METADATA-MULTILINGUAL,4,1.0,False,STM_split_by_BERTopic,0.132433,False,pending
record:69a560483c4bd884619f59f6,Los desafíos de la gestión directiva en pandemia como claves para pensar la configuración desigual del sistema educativo del nivel secundario en CABA,2025,es,metadata,STM-METADATA-ES,1,0.8841990531194805,BERTopic-METADATA-MULTILINGUAL,6,0.8090769506949886,False,language_specific_match,0.040219,False,pending
record:69adae0dca797ce936826e6f,Reinserción y continuidad educativa: Retención de estudiantes de Secundaria en riesgo de interrumpir los estudios,2023,es,metadata,STM-METADATA-ES,8,0.9276310309806934,BERTopic-METADATA-MULTILINGUAL,-1,0.0,True,language_specific_match,0.035878,False,pending
record:69c2b2ae56c56e2b6e1f9fa7,"Modelo didáctico comunicativo para la calidad educativa en estudiantes de educación primaria en una institución educativa pública, Lima",2024,es,metadata,STM-METADATA-ES,9,0.47200165652238957,BERTopic-METADATA-MULTILINGUAL,-1,0.0,True,language_specific_match,0.027746,False,pending
record:6ad99baf47beffad06cadb6f,La gestión escolar de las problemáticas de salud mental adolescentes. Una movilización profesional en función de la normatividad escolar.,2024,es,metadata,STM-METADATA-ES,12,0.718412552506992,BERTopic-METADATA-MULTILINGUAL,-1,0.0,True,language_specific_match,0.03338,False,pending
record:6afcb01f96b6be8db3d14fc0,"Gestión directiva en el acompañamiento pedagógico de docentes de una institución educativa pública de Bagua, Amazonas, 2025",2025,es,metadata,STM-METADATA-ES,4,0.7999068107147942,BERTopic-METADATA-MULTILINGUAL,-1,0.0,True,language_specific_match,0.035398,False,pending
record:6d2865cf713b4c17f9421418,Estrategias de integración familia escuela para la participación de padres de familia en una institución educativa de Llama - 2024,2024,es,metadata,STM-METADATA-ES,9,0.6416174082101641,BERTopic-METADATA-MULTILINGUAL,10,1.0,False,STM_split_by_BERTopic,0.134907,False,pending
record:6e2092676afc81a8ded7e015,"Gestión educativa y desarrollo sostenible en la institución educativa 18061 de Molinopampa, Amazonas, 2023",2024,es,metadata,STM-METADATA-ES,4,0.7738470366938649,BERTopic-METADATA-MULTILINGUAL,-1,0.0,True,language_specific_match,0.035398,False,pending
record:7081ae35949240a458c0c226,Aprendizajes de jóvenes de asociación estudiantil: educación más allá de la sala de clase,2020,es,metadata,STM-METADATA-ES,13,0.9688858806506031,BERTopic-METADATA-MULTILINGUAL,7,1.0,False,language_specific_match,0.026269,False,pending
record:71454db755c790c65ad0091b,Implementación y uso de herramientas digitales en la gestión directiva de los directores del Área 02-40 Nueva Germania,2025,es,metadata,STM-METADATA-ES,7,0.5072388404293967,BERTopic-METADATA-MULTILINGUAL,2,0.8190272263862713,False,BERTopic_combines_STM,0.15443,False,pending
record:719182e0ad320fd9c529afbb,Gestión educativa para una educación de calidad,2020,es,metadata,STM-METADATA-ES,14,0.7128264445569187,BERTopic-METADATA-MULTILINGUAL,1,0.9576393156828105,False,partial_overlap,0.05166,False,pending
record:72394eb7d6214737651df032,"Inteligencia emocional y gestión educativa en directivos de la UGEL Oxapampa, 2024",2024,es,metadata,STM-METADATA-ES,10,0.5463674424253081,BERTopic-METADATA-MULTILINGUAL,-1,0.0,True,language_specific_match,0.03007,False,pending
record:7260a453557ff1d4b0bbe3b5,"Estrategias de flexibilización curricular en el área de lengua castellana y literatura para fortalecer la educación inclusiva ""una mirada desde la gestión escolar""",2025,es,metadata,STM-METADATA-ES,8,0.548292513762867,BERTopic-METADATA-MULTILINGUAL,5,0.953509179441301,False,STM_split_by_BERTopic,0.114836,False,pending
record:72afa77508fc9c700d44850f,La gestión Social Educativa,2026,es,metadata,STM-METADATA-ES,3,0.6580207523919233,BERTopic-METADATA-MULTILINGUAL,-1,0.0,True,language_specific_match,0.026975,False,pending
record:73f95a50a70e2d757a445f72,"Liderazgo compartido, compromisos de gestión escolar y niveles de logro en una institución educativa rural de Otuzco, 2023",2024,es,metadata,STM-METADATA-ES,10,0.5734808312018069,BERTopic-METADATA-MULTILINGUAL,-1,0.0,True,language_specific_match,0.03007,False,pending
record:74370a66e3e8a817adec8189,Otras formas de construir políticas para la educación permanente de jóvenes y adultos: El caso de la provincia de Corrientes,2024,es,metadata,STM-METADATA-ES,11,0.8631876776262899,BERTopic-METADATA-MULTILINGUAL,12,0.9545106080039395,False,weak_match,0.006284,False,pending
record:744e3e4fc55e526d24354df0,Desempeño directivo en la gestión educativa docente de las instituciones educativas públicas de Santa Rosa de Quives Lima 2025,2025,es,metadata,STM-METADATA-ES,4,0.6389863641643948,BERTopic-METADATA-MULTILINGUAL,4,1.0,False,STM_split_by_BERTopic,0.142531,False,pending
record:765fb95c17dba357d4ae3bd3,Estrategias públicas y liderazgo educativo como enfoque hacia el desarrollo profesional directivo,2025,es,metadata,STM-METADATA-ES,9,0.5139313537573945,BERTopic-METADATA-MULTILINGUAL,0,0.9555103697491866,False,weak_match,0.009846,False,pending
record:76df6ba47be2536d3d780b91,Gestión educativa y práctica docente en una institución educativa pública de Cajamarca 2024,2024,es,metadata,STM-METADATA-ES,4,0.9152246343051252,BERTopic-METADATA-MULTILINGUAL,4,1.0,False,STM_split_by_BERTopic,0.142531,False,pending
record:77169237c2d63aae51627466,Gestión escolar y liderazgo transformacional en docentes de instituciones educativas de Chimbote 2024,2025,es,metadata,STM-METADATA-ES,4,0.9585709685622056,BERTopic-METADATA-MULTILINGUAL,4,0.8793779119412772,False,STM_split_by_BERTopic,0.142531,False,pending
record:798b25012d182f0fa7f48a00,THE EPHEMERAL SUCCESS PARADOX: MANAGEMENT VS. PSEUDOMANAGEMENT IN VENEZUELAN ORGANIZATIONS,2026,es,metadata,STM-METADATA-ES,9,0.9423831635043016,BERTopic-METADATA-MULTILINGUAL,3,0.9442160156263552,False,language_specific_match,0.033863,False,pending
record:79ba61ae88f0d08e280d9435,Gestión educativa y desempeño docente en instituciones educativas rural bilingüe del distrito de Salas - 2024,2024,es,metadata,STM-METADATA-ES,4,0.9603320056653363,BERTopic-METADATA-MULTILINGUAL,5,0.8080091145389482,False,weak_match,0.012337,False,pending
record:7a3910e5f7ef394d33e52a7a,"Gestión educativa y comunicación asertiva vista por docentes de escuelas privadas, Ate 2024",2024,es,metadata,STM-METADATA-ES,4,0.8794202286477774,BERTopic-METADATA-MULTILINGUAL,-1,0.0,True,language_specific_match,0.035398,False,pending
record:7b165d6c6167ab23637f4c6e,"Gestión escolar percibida y satisfacción estudiantil en una institución educativa pública de Chimbote, 2025",2025,es,metadata,STM-METADATA-ES,4,0.6757760463880286,BERTopic-METADATA-MULTILINGUAL,-1,0.0,True,language_specific_match,0.035398,False,pending
record:7d688659d2ea61df16a49440,Transformaciones en las relaciones de enseñanza y aprendizaje en el camino a la integralidad de la educación sexual: Una mirada desde la Ciudad de Buenos Aires,2024,es,metadata,STM-METADATA-ES,1,0.5920622766649466,BERTopic-METADATA-MULTILINGUAL,8,1.0,False,weak_match,0.012745,False,pending
record:7df29e855a44a97f26410fd8,Padres de familia como agentes de la gestión educativa en la Institución Educativa Camilo Torres de Toca Boyacá,2021,es,metadata,STM-METADATA-ES,9,0.31673869696372575,BERTopic-METADATA-MULTILINGUAL,10,1.0,False,STM_split_by_BERTopic,0.134907,True,pending
record:7e1be1c14a6eeb4362cbaca9,Perfil laboral y apoyo institucional de la dirección escolar en cuatro países de la Unión Europea,2024,es,metadata,STM-METADATA-ES,3,0.5614968432639802,BERTopic-METADATA-MULTILINGUAL,-1,0.0,True,language_specific_match,0.026975,False,pending
record:7e3bfe224a6008481a07eaf5,Plan estratégico para mejorar la gestión escolar de una institución educativa de Lima,2025,es,metadata,STM-METADATA-ES,9,0.5815877161091813,BERTopic-METADATA-MULTILINGUAL,4,0.8861609430044853,False,weak_match,0.009599,False,pending
record:7e4d874375680be6a8879531,Gestión educativa y desempeño docente en una institución educativa de Trujillo 2023,2024,es,metadata,STM-METADATA-ES,4,0.9651325548252303,BERTopic-METADATA-MULTILINGUAL,4,1.0,False,STM_split_by_BERTopic,0.142531,False,pending
record:7ec0496e230c68aba5b60e96,"Gestión escolar y liderazgo distribuido en docentes de instituciones educativas públicas, Lima 2024",2025,es,metadata,STM-METADATA-ES,4,0.6275084190906071,BERTopic-METADATA-MULTILINGUAL,4,0.8380200816881992,False,STM_split_by_BERTopic,0.142531,False,pending
record:7ef2ed2dab438c782a9b3190,"Propuesta de mejora para fortalecer la gestión escolar mediante un sistema inclusivo e innovador en la Institución Educativa integrada 34237 ""San Juan"" - Oxapampa, 2025",2025,es,metadata,STM-METADATA-ES,8,0.2825858479413498,BERTopic-METADATA-MULTILINGUAL,3,0.9948655224835254,False,language_specific_match,0.043692,True,pending
record:7f45a56b22d124a80cc15aac,"Plan de gestión escolar para la participación familiar en el proceso educativo en una institución educativa inicial de Incahuasi, 2025",2025,es,metadata,STM-METADATA-ES,9,0.5689777507804442,BERTopic-METADATA-MULTILINGUAL,10,1.0,False,STM_split_by_BERTopic,0.134907,False,pending
record:80af7d73f0bf81d5a573a7bc,"Educación y finanzas, el cobro de matrículas en escuelas públicas (Argentina, fines del siglo XIX)",2022,es,metadata,STM-METADATA-ES,2,0.9863994677341452,BERTopic-METADATA-MULTILINGUAL,12,1.0,False,one_to_one,0.245798,False,pending
record:8206322e125641a928a36dc1,Las políticas de formación docente en ejercicio con inclusión digital: la provincia de Mendoza y el plan Escuelas de Innovación (2011-2015),2024,es,metadata,STM-METADATA-ES,2,0.9772494780599376,BERTopic-METADATA-MULTILINGUAL,2,0.8794885233653794,False,weak_match,0.014873,False,pending
record:83485e1163951fc8cabf1b72,Políticas basadas en ficción: las buenas prácticas en la dirección de escuelas secundarias,2021,es,metadata,STM-METADATA-ES,2,0.9843323980074372,BERTopic-METADATA-MULTILINGUAL,-1,0.0,True,weak_match,0.015961,False,pending
record:839e0adbf56636c738a52835,Disseny d'una eina mitjançant programació matemàtica per a la gestió i organització de l'horari anual d'una escola de secundària a València,2024,es,metadata,STM-METADATA-ES,16,0.6481189147544614,BERTopic-METADATA-MULTILINGUAL,-1,0.0,True,weak_match,0.018935,False,pending
record:842cc54729b94df462f084d1,Experiencia de resignificación del PEI en contexto rural: una herramienta para la gestión educativa,2021,es,metadata,STM-METADATA-ES,15,0.6505266420450977,BERTopic-METADATA-MULTILINGUAL,3,1.0,False,weak_match,0.015288,False,pending
record:84dfff8cbbe11933d08de843,Proposal for the implementation of inclusive education at Gimnasio Campestre Marcello Iafrancesco in Cajica,2023,es,metadata,STM-METADATA-ES,8,0.42289113141430806,BERTopic-METADATA-MULTILINGUAL,5,1.0,False,STM_split_by_BERTopic,0.114836,True,pending
record:84f91f9c4b060ac321b190c6,La dirección escolar en España y su compromiso con la inclusión. Una asignatura pendiente de evaluación,2021,es,metadata,STM-METADATA-ES,3,0.8582452088038919,BERTopic-METADATA-MULTILINGUAL,-1,0.0,True,language_specific_match,0.026975,False,pending
record:8552abe772c56db10ed2c7df,"Gestión escolar y calidad educativa de los docentes en la institución educativa Salaverry, Trujillo 2022",2022,es,metadata,STM-METADATA-ES,4,0.9446140121219277,BERTopic-METADATA-MULTILINGUAL,4,0.9336428558959584,False,STM_split_by_BERTopic,0.142531,False,pending
record:864649e5d06b569249e18c38,"Representaciones sociales sobre violencia escolar, en la Institución Educativa Nicolás Cuervo y Rojas del municipio de Oicatá Boyacá",2021,es,metadata,STM-METADATA-ES,9,0.24829558538623586,BERTopic-METADATA-MULTILINGUAL,-1,0.0,True,language_specific_match,0.027746,True,pending
record:874fa1e273d55ae64db73a25,"Representaciones docentes sobre las trayectorias estudiantiles en el nivel secundario durante la pandemia: ""desenganche"", vínculo pedagógico y modos de evaluación",2025,es,metadata,STM-METADATA-ES,1,0.9891830099908557,BERTopic-METADATA-MULTILINGUAL,6,0.8090769506949886,False,language_specific_match,0.040219,False,pending
record:8781aac388f74a0ea3f45b32,Nivel de competencia matemática temprana en niños de 4 años de Instituciones educativas privadas y públicas de Lima Metropolitana y Huancayo,2025,es,metadata,STM-METADATA-ES,8,0.5142939904644886,BERTopic-METADATA-MULTILINGUAL,-1,0.0,True,language_specific_match,0.035878,False,pending
record:87e97a8d86979f86b9141b33,"Gestión escolar y compromiso docente en instituciones educativas de nivel inicial del distrito de Puente Piedra,2024",2024,es,metadata,STM-METADATA-ES,10,0.7927418517826877,BERTopic-METADATA-MULTILINGUAL,4,1.0,False,STM_split_by_BERTopic,0.132433,False,pending
record:88b90665982a63cf9576531c,Qualificando o censo escolar para o planejamento da educação e a gestão escolar em Arroio Grande/RS,2023,es,metadata,STM-METADATA-ES,13,0.8901703011278536,BERTopic-METADATA-MULTILINGUAL,-1,0.0,True,language_specific_match,0.020513,False,pending
record:88c9e5aa94fabb8274f45648,Plan de acción que fortalezca la participación docente como estrategia para mejorar los resultados académicos,2024,es,metadata,STM-METADATA-ES,15,0.29648694167534734,BERTopic-METADATA-MULTILINGUAL,5,0.30338194343254593,False,weak_match,0.008443,True,pending
record:89aa52a8bebce4c721056e86,"Gestión educativa y habilidades blandas en docentes de una red Educativa de Pilcuyo Puno, 2023",2023,es,metadata,STM-METADATA-ES,4,0.46507511698836734,BERTopic-METADATA-MULTILINGUAL,-1,0.0,True,language_specific_match,0.035398,True,pending
record:8a99499d20f239deafe51444,"Fortalecimiento de la relación familia-escuela en el contexto rural : un proyecto de innovación pedagógica y didáctica en el CER Morrón, Briceño, Antioquia, Colombia en el año 2024",2025,es,metadata,STM-METADATA-ES,6,0.9702445909032547,BERTopic-METADATA-MULTILINGUAL,3,1.0,False,language_specific_match,0.042748,False,pending
record:8ada499a93faa96e27a34abf,"Habilidades blandas y la gestión escolar en docentes de la región Ucayali, 2024",2025,es,metadata,STM-METADATA-ES,10,0.7837778895058451,BERTopic-METADATA-MULTILINGUAL,-1,0.0,True,language_specific_match,0.03007,False,pending
record:8b1b4a1856db40d51f8a7f21,Experiencias vividas en la gestión educativa de las políticas de inclusión digital: Un acercamiento a las convicciones y emociones en el Programa Conectar Igualdad (2010-2015),2024,es,metadata,STM-METADATA-ES,2,0.8405925379362057,BERTopic-METADATA-MULTILINGUAL,2,0.5607392421114731,False,weak_match,0.014873,True,pending
record:8b242fd7aca377511d6b23ca,Re-signification of the IEP and ICT mediation from the perspective of curriculum management,2021,es,metadata,STM-METADATA-ES,15,0.6713757682133417,BERTopic-METADATA-MULTILINGUAL,-1,0.0,True,language_specific_match,0.020611,False,pending
record:8b83f11428453adaafac1dce,"Modelo de estrategias formativas de liderazgo, para la calidad en gestión escolar en una institución educativa, Chiclayo",2024,es,metadata,STM-METADATA-ES,10,0.26550623002708484,BERTopic-METADATA-MULTILINGUAL,-1,0.0,True,language_specific_match,0.03007,True,pending
record:8b9ff4a6546d91fdb2380c2c,"Análisis del proceso enseñanza-aprendizaje en la calidad educativa de niños del nivel inicial de una institución educativa pública, Callao 2025",2025,es,metadata,STM-METADATA-ES,8,0.6009992857662867,BERTopic-METADATA-MULTILINGUAL,4,0.9229495572171686,False,weak_match,0.011322,False,pending
record:8baa513c56c7ac3f24e24690,"La construcción de identidades político-profesionales en la Dirección General de Cultura y Educación de la Provincia de Buenos Aires: Perfiles, trayectorias y discursos de la gestión educativa de la Alianza Cambiemos",2023,es,metadata,STM-METADATA-ES,2,0.9876022192864887,BERTopic-METADATA-MULTILINGUAL,12,1.0,False,one_to_one,0.245798,False,pending
record:8c50f30b955969db609f2fe5,"Programa de gestión educativa estratégica para mejorar el liderazgo transformacional en una institución educativa de Vista Alegre, Chingama-Bellavista, 2024",2025,es,metadata,STM-METADATA-ES,4,0.706947807349919,BERTopic-METADATA-MULTILINGUAL,4,0.791762491829915,False,STM_split_by_BERTopic,0.142531,True,pending
record:8f4c1697ea8f6e34f4f595a7,"El liderazgo directivo y su relación con la convivencia en la I.E. N° 56263 ""San Antonio"" del Distrito de Chamaca, provincia de Chumbivilcas, Cusco",2020,es,metadata,STM-METADATA-ES,12,0.3576200236665035,BERTopic-METADATA-MULTILINGUAL,-1,0.0,True,language_specific_match,0.03338,False,pending
record:90ee6c28f86d81f38a0917c9,"El trabajo de dirigir: apuntes conceptuales sobre la dirección escolar en Argentina, 2001- 2020",2024,es,metadata,STM-METADATA-ES,1,0.9600206652249418,BERTopic-METADATA-MULTILINGUAL,12,1.0,False,weak_match,0.017579,False,pending
record:90ee8434942736f688d89a91,"Procesos escolares en pandemia: Un análisis del trabajo docente en contextos de pobreza urbana (Rosario, Argentina)",2024,es,metadata,STM-METADATA-ES,1,0.5055168685372835,BERTopic-METADATA-MULTILINGUAL,6,0.8090769506949886,False,language_specific_match,0.040219,True,pending
record:91511b488e7dee35888c5203,Competencia directiva y evaluación de la gestión escolar en la IE 5168 Rosa Luz. Puente Piedra. Lima,2024,es,metadata,STM-METADATA-ES,10,0.9445772620911999,BERTopic-METADATA-MULTILINGUAL,4,0.885760819980797,False,STM_split_by_BERTopic,0.132433,False,pending
record:9337e190f28b9d5f39de72d9,Gestión educativa y desempeño docente de una Institución Educativa El Porvenir 2025,2025,es,metadata,STM-METADATA-ES,4,0.8312665575468599,BERTopic-METADATA-MULTILINGUAL,4,0.9667411319805467,False,STM_split_by_BERTopic,0.142531,False,pending
record:935c865eff02c3b756d9e431,"Gestión educativa y ambiental en el desarrollo sostenible de una UGEL de Lima, 2024",2024,es,metadata,STM-METADATA-ES,4,0.7370384395099498,BERTopic-METADATA-MULTILINGUAL,-1,0.0,True,language_specific_match,0.035398,False,pending
record:936c3525beb8c5a2e0afa089,Gestión escolar para integrar a padres de familia en los procesos educativos: la experiencia del Liceo Psicopedagógico Jean Piaget,2020,es,metadata,STM-METADATA-ES,9,0.1996915965284573,BERTopic-METADATA-MULTILINGUAL,10,1.0,False,STM_split_by_BERTopic,0.134907,True,pending
record:965761d639eca23bc3b7f88f,"Gestión escolar: Taller para la mejora continua de docentes de la Institución Educativa Nº32231 ""Hipólito Unanue"" de obas",2025,es,metadata,STM-METADATA-ES,13,0.5412808487306527,BERTopic-METADATA-MULTILINGUAL,-1,0.0,True,language_specific_match,0.020513,False,pending
record:9779b2c3c3b2a00cccd265a2,Cuestiones éticas encontradas en la movilización del conocimiento en procesos de investigación acción participativa para el cambio hacia prácticas más inclusivas: liderazgo y roles de la dirección escolar,2020,es,metadata,STM-METADATA-ES,12,0.7862213355993771,BERTopic-METADATA-MULTILINGUAL,0,0.994108981360563,False,STM_split_by_BERTopic,0.140676,False,pending
record:97e115f27439b2dfe83ef207,Llovido sobre mojado: pandemia y segmentación educativa en una ciudad intermedia de Argentina,2024,es,metadata,STM-METADATA-ES,2,0.4730605676061895,BERTopic-METADATA-MULTILINGUAL,6,0.8090769506949886,False,language_specific_match,0.0292,False,pending
record:9842d145b1974e47fe1d052d,"Habilidades directivas en la gestión escolar desde la percepción de docentes de una RED educativa de San Antonio- Huarochirí, 2023",2024,es,metadata,STM-METADATA-ES,10,0.9549515742744845,BERTopic-METADATA-MULTILINGUAL,4,0.8361371013456476,False,STM_split_by_BERTopic,0.132433,False,pending
record:9b0a1097618173ff01b5723c,"Gestión educativa y toma de decisión en la responsabilidad social de las instituciones educativas públicas del Callao, 2023",2024,es,metadata,STM-METADATA-ES,4,0.3310408347810526,BERTopic-METADATA-MULTILINGUAL,4,0.9303595580774056,False,STM_split_by_BERTopic,0.142531,False,pending
record:9c3e690adc5c001da8177e90,Modelo de gestión con ciclo Deming para promover la práctica reflexiva en el trabajo colegiado de una institución educativa de Lambayeque,2025,es,metadata,STM-METADATA-ES,13,0.4444548568819477,BERTopic-METADATA-MULTILINGUAL,7,1.0,False,language_specific_match,0.026269,False,pending
record:9c6faff9af23f9bd1156fe89,Gestión escolar y el cumplimiento de las funciones del Consejo Educativo Institucional en instituciones educativas públicas de Junín - 2023,2023,es,metadata,STM-METADATA-ES,4,0.9495800333392358,BERTopic-METADATA-MULTILINGUAL,1,0.9576393156828105,False,partial_overlap,0.066687,False,pending
record:9d07ead57d44767b9c894d07,Devenir de la escolarización secundaria: un estudio en tiempos de (post) pandemia en la ciudad de Caleta Olivia,2024,es,metadata,STM-METADATA-ES,2,0.9269720571764031,BERTopic-METADATA-MULTILINGUAL,6,0.8090769506949886,False,language_specific_match,0.0292,False,pending
record:9e0044b0d84eddd1e9085084,Liderazgo directivo y gestión educativa en las Instituciones del Distrito de Jamalca Utcubamba Amazonas,2025,es,metadata,STM-METADATA-ES,4,0.5979922441849943,BERTopic-METADATA-MULTILINGUAL,4,1.0,False,STM_split_by_BERTopic,0.142531,False,pending
record:9e6b279c3690576201ad6ee8,La gestión escolar en contextos de pobreza : el caso de una escuela del conurbano bonaerense,2020,es,metadata,STM-METADATA-ES,6,0.3997180071480272,BERTopic-METADATA-MULTILINGUAL,-1,0.0,True,language_specific_match,0.043382,False,pending
record:9e98f21f1e94e17a2df21998,"Satisfacción de los padres de familia del nivel de educación secundaria respecto de la gestión escolar del colegio María Reina Marianistas de Lima, 2025",2026,es,metadata,STM-METADATA-ES,9,0.7750393247383565,BERTopic-METADATA-MULTILINGUAL,10,1.0,False,STM_split_by_BERTopic,0.134907,False,pending
record:9f2fa00b8c2da669bb0e7ba6,"Gestión escolar y marketing educativo de una institución educativasecundaria, Abancay, Apurímac, 2023",2023,es,metadata,STM-METADATA-ES,10,0.6272620525114245,BERTopic-METADATA-MULTILINGUAL,1,0.9201984335576454,False,partial_overlap,0.056243,False,pending
record:9f7ce1d295c412061c163c33,Práctica reflexiva y gestión escolar : una mirada crítica de la experiencia en clave de cambio,2020,es,metadata,STM-METADATA-ES,6,0.4689283085565242,BERTopic-METADATA-MULTILINGUAL,-1,0.0,True,language_specific_match,0.043382,False,pending
record:a1502196a15776540f0277f7,No todo está dicho: claves detrás de las escuelas resilientes,2026,es,metadata,STM-METADATA-ES,1,0.4194472418802663,BERTopic-METADATA-MULTILINGUAL,-1,0.0,True,weak_match,0.016227,True,pending
record:a20f2bef84f0f8e11ba65452,La identidade professional de la dirección escolar. Uma nueva línea de investigación sobre liderazgo escolar exitoso,2021,es,metadata,STM-METADATA-ES,5,0.40133047853815407,BERTopic-METADATA-MULTILINGUAL,0,0.8130334093111514,False,weak_match,0.018017,False,pending
record:a290b4a0ee532319e08ab558,The discursive axes of inclusive education to mitigate school discrimination: a documentary review,2023,es,metadata,STM-METADATA-ES,3,0.37719167180161584,BERTopic-METADATA-MULTILINGUAL,5,1.0,False,weak_match,0.017744,False,pending
record:a2b7ad6f7cd8662066b5595e,Modelo de planeamiento estratégico para los compromisos de gestión en las instituciones educativas del sector Veintiséis de Octubre Piura-2024,2025,es,metadata,STM-METADATA-ES,9,0.3538047691774762,BERTopic-METADATA-MULTILINGUAL,7,0.9999788921939083,False,weak_match,0.003757,False,pending
record:a3efb562e8f795ab1fcdb8cc,"Díez-Gutiérrez, E. J. y Rodríguez-Fernández, J. R. (Dirs.). (2020). Educación para el bien común. Hacia una práctica crítica, inclusiva y comprometida socialmente",2020,es,metadata,STM-METADATA-ES,3,0.37857053513941025,BERTopic-METADATA-MULTILINGUAL,-1,0.0,True,language_specific_match,0.026975,False,pending
record:a3ff3940ec8d43eab4d92757,"Impacto Escolar de los Directores de Escuelas en la Oficina Regional Educativa de Ponce, Puerto Rico, a través del Conocimiento del Reglamento Disciplinario y Convenio Colectivo de los Maestros",2025,es,metadata,STM-METADATA-ES,5,0.33469169204601623,BERTopic-METADATA-MULTILINGUAL,4,1.0,False,weak_match,0.003779,True,pending
record:a4579e02ab676f98dcf9e867,"Gestión directiva y clima organizacional en docentes de las instituciones educativas de la UGEL 04 - Comas, 2022",2023,es,metadata,STM-METADATA-ES,10,0.7602383065537043,BERTopic-METADATA-MULTILINGUAL,-1,0.0,True,language_specific_match,0.03007,False,pending
record:a4621b0e2a0975ff3bb90653,Prácticas de gestión escolar y su impacto en la calidad educativa en una institución educativa pública Chorrillos Lima 2025,2025,es,metadata,STM-METADATA-ES,4,0.9447976647575518,BERTopic-METADATA-MULTILINGUAL,1,0.9576393156828105,False,partial_overlap,0.066687,False,pending
record:a481c2758d1cbdf5dde00cbb,Clasificación de Estrategias de Gestión del Conocimiento para impulsar la innovación educativa en Instituciones de Educación Superior (Classification of Knowledge Management Strategies in order to enhance educational innovation in Higher Education Institutions),2022,es,metadata,STM-METADATA-ES,1,0.6734874510316197,BERTopic-METADATA-MULTILINGUAL,-1,0.0,True,weak_match,0.016227,False,pending
record:a4dea66c3d132eefe1ade417,"Estrategias implementadas por la persona directora como líder pedagógico, para la supervisión educativa y acompañamiento docente en la Escuela Gil González Dávila, circuito 03, Dirección Regional de Nicoya: estudio de caso",2025,es,metadata,STM-METADATA-ES,8,0.22247688727333917,BERTopic-METADATA-MULTILINGUAL,-1,0.0,True,language_specific_match,0.035878,True,pending
record:a5a79b8684c98f856a6fe494,El Aprendizaje-Servicio como eje del proyecto educativo y de dirección escolar,2026,es,metadata,STM-METADATA-ES,6,0.8211183278944625,BERTopic-METADATA-MULTILINGUAL,-1,0.0,True,language_specific_match,0.043382,False,pending
record:a5a81065ad201e577e7e5a7a,"Gestión educativa y convivencia escolar en estudiantes de una institución educativa pública, Lima 2024",2025,es,metadata,STM-METADATA-ES,4,0.903970847394044,BERTopic-METADATA-MULTILINGUAL,4,0.8594008707708798,False,STM_split_by_BERTopic,0.142531,False,pending
record:a725bc7f07ee753aa24f7694,Estrategia de formación psicopedagógica para gestionar la inclusión educativa en el nivel inicial en una institución educativa de Lima,2025,es,metadata,STM-METADATA-ES,8,0.5149099396884431,BERTopic-METADATA-MULTILINGUAL,5,0.33637031703027187,False,STM_split_by_BERTopic,0.114836,True,pending
record:a744a4518fdabb939a40d301,"Gestión escolar para fortalecer la cultura ambiental de una institución educativa de secundaria, Trujillo-2023",2024,es,metadata,STM-METADATA-ES,4,0.9672784403296008,BERTopic-METADATA-MULTILINGUAL,-1,0.0,True,language_specific_match,0.035398,False,pending
record:a8151e37cad97eb0b618e798,La Gestión Escolar de los nuevos directivos escolares de Secundaria. Una propuesta auto-formativa,2021,es,metadata,STM-METADATA-ES,12,0.7914004075310509,BERTopic-METADATA-MULTILINGUAL,-1,0.0,True,language_specific_match,0.03338,False,pending
record:a8855e3e6da21998c61a2681,"Satisfacción de la gestión escolar y participación de padres de familia en una institución educativa pública, Virú 2024",2024,es,metadata,STM-METADATA-ES,4,0.529350186983472,BERTopic-METADATA-MULTILINGUAL,10,0.9161786350484052,False,language_specific_match,0.025441,False,pending
record:aa016509c2facadcb5287372,Programa de segunda especialidad en gestión escolar y desarrollo del liderazgo pedagógico en directores de la UGEL Huamanga,2022,es,metadata,STM-METADATA-ES,10,0.627301322445661,BERTopic-METADATA-MULTILINGUAL,4,1.0,False,STM_split_by_BERTopic,0.132433,False,pending
record:aa3cf09687b28f070a592c52,Effects of a social norms intervention to reduce alcohol drinking behaviors in Argentinean adolescents,2024,es,metadata,STM-METADATA-ES,1,0.44215162262049634,BERTopic-METADATA-MULTILINGUAL,-1,0.0,True,weak_match,0.016227,False,pending
record:acc0f2a73ba196432d9cb2ab,"Gestión escolar y gestión por resultados en una institución educativa pública, Ventanilla - Callao 2025",2025,es,metadata,STM-METADATA-ES,4,0.4850807593155967,BERTopic-METADATA-MULTILINGUAL,-1,0.0,True,language_specific_match,0.035398,False,pending
record:acff39dd0d01406e061c2bc0,Desafíos y estrategias en las trayectorias escolares del secundario del equipo directivo,2026,es,metadata,STM-METADATA-ES,1,0.8284575495220975,BERTopic-METADATA-MULTILINGUAL,0,1.0,False,weak_match,0.003657,False,pending
record:ad0612a5c7fd43eb15f92e21,Liderazgo directivo para mejorar la gestión escolar en una institución educativa de la provincia de Parinacochas Ayacucho,2024,es,metadata,STM-METADATA-ES,8,0.1868544768683534,BERTopic-METADATA-MULTILINGUAL,4,0.8058187709379899,False,weak_match,0.011322,True,pending
record:ad84382df9bb8be421f38531,Gestión educativa institucional y desempeño docente en instituciones educativas de Juanjui 2025,2025,es,metadata,STM-METADATA-ES,4,0.957251914932311,BERTopic-METADATA-MULTILINGUAL,4,0.749188871614814,False,STM_split_by_BERTopic,0.142531,True,pending
record:ae362bc9784a8a1a51a95bf9,"Acompañamiento pedagógico directivo y liderazgo transformacional en los centros de educación básica alternativa del Callao, 2025",2025,es,metadata,STM-METADATA-ES,4,0.7049611148345355,BERTopic-METADATA-MULTILINGUAL,4,0.9303595580774056,False,STM_split_by_BERTopic,0.142531,False,pending
record:ae531aec10932f6fe06c7196,A VIOLÊNCIA ESCOLAR E O IMPACTO NA SAÚDE MENTAL DOS PROFESSORES DO 9 º ANO DA ESCOLA CEM JOSÉ JUSTINO PEREIRA - SÃO LUÍS - MARANHÃO,2025,es,metadata,STM-METADATA-ES,9,0.5644898184405099,BERTopic-METADATA-MULTILINGUAL,-1,0.0,True,language_specific_match,0.027746,False,pending
record:af76e3bfcaa033aa8420ce00,"Gestión escolar en la calidad del servicio educativo en una institución pública de Breña, 2023",2024,es,metadata,STM-METADATA-ES,4,0.9448571163636759,BERTopic-METADATA-MULTILINGUAL,1,0.9576393156828105,False,partial_overlap,0.066687,False,pending
record:b17051e1639c4deb83f66f04,"Trabajo colegiado y gestión escolar en instituciones educativas públicas de Lima Metropolitana, 2023",2023,es,metadata,STM-METADATA-ES,10,0.9487429786371887,BERTopic-METADATA-MULTILINGUAL,4,1.0,False,STM_split_by_BERTopic,0.132433,False,pending
record:b17eb77951eba8b5fb0e72af,Percepción docente sobre la gestión escolar de la Nueva Escuela Mexicana en Tamaulipas,2025,es,metadata,STM-METADATA-ES,13,0.7491661184162323,BERTopic-METADATA-MULTILINGUAL,-1,0.0,True,language_specific_match,0.020513,False,pending
record:b2262ab441be28dfe3adbeac,"Dominio de herramientas de contabilidad de los administradores de diez Centros Escolares y su incidencia en la gestión escolar del municipio de San José Guayabal, departamento de Cuscatlán, en el periodo comprendido de agosto a diciembre de 2020.",2020,es,metadata,STM-METADATA-ES,1,0.8239191421229738,BERTopic-METADATA-MULTILINGUAL,-1,0.0,True,weak_match,0.016227,False,pending
record:b22d03b59b2cfeb90ad2c27f,"Gestión escolar y educación en valores en instituciones educativas públicas de Carabayllo, Lima 2023",2024,es,metadata,STM-METADATA-ES,4,0.6747292195494514,BERTopic-METADATA-MULTILINGUAL,4,1.0,False,STM_split_by_BERTopic,0.142531,False,pending
record:b2966ad0c4c22e6eef470380,La participación de los docentes del área de comunicación en la gestión escolar: una mirada desde la micropolítica escolar / The participation of teachers in the area of Communication in school management: A look from school micropolitics,2020,es,metadata,STM-METADATA-ES,1,0.3864691108638144,BERTopic-METADATA-MULTILINGUAL,-1,0.0,True,weak_match,0.016227,True,pending
record:b3f9009664f5de9671652b17,Los ocho marcos normativos de la legislación educativa española (1980-2013): análisis de la dirección escolar,2020,es,metadata,STM-METADATA-ES,3,0.86801203902171,BERTopic-METADATA-MULTILINGUAL,12,1.0,False,language_specific_match,0.049164,True,pending
record:b4792da098ed40d1d6ac97b8,Gestión escolar y satisfacción de los estudiantes del nivel secundario de una institución educativa de Cura Mori - 2025,2025,es,metadata,STM-METADATA-ES,4,0.523336598624111,BERTopic-METADATA-MULTILINGUAL,-1,0.0,True,language_specific_match,0.035398,True,pending
record:b4d3836873088bea00ab92df,Actualización e Innovación Curricular de la Facultad de Filosofía y Letras (2014-2017). Una experiencia institucional transformadora,2023,es,metadata,STM-METADATA-ES,11,0.4644487381592782,BERTopic-METADATA-MULTILINGUAL,-1,0.0,True,weak_match,0.019231,False,pending
record:b4f54f8a19e4eed2f29058bd,La dirección escolar en España: modelos de dirección y liderazgo,2021,es,metadata,STM-METADATA-ES,3,0.4737885785859661,BERTopic-METADATA-MULTILINGUAL,-1,0.0,True,language_specific_match,0.026975,False,pending
record:b5bc0ce64f0d2b81e24e9062,Calidad educativa en la gestión escolar docente de tres instituciones educativas públicas de Tarma Junín 2024,2025,es,metadata,STM-METADATA-ES,4,0.730899094321015,BERTopic-METADATA-MULTILINGUAL,1,0.9576393156828105,False,partial_overlap,0.066687,False,pending
record:b60bb032e86d067fc3829cb2,Caracterización del perfeccionismo disfuncional en la niñez tardía,2020,es,metadata,STM-METADATA-ES,1,0.9279697905365134,BERTopic-METADATA-MULTILINGUAL,-1,0.0,True,weak_match,0.016227,False,pending
record:b629b0d2e87d5c595402bb43,Computables: sujetos y prácticas emergentes en tiempos de pandemia en Mendoza,2024,es,metadata,STM-METADATA-ES,2,0.9888353681958593,BERTopic-METADATA-MULTILINGUAL,6,0.8090769506949886,False,language_specific_match,0.0292,False,pending
record:b8e2f3e95f07b0a8eb212705,"Autoestima y desempeño docente en una institución educativa pública, El Agustino 2025",2025,es,metadata,STM-METADATA-ES,4,0.9480215592292862,BERTopic-METADATA-MULTILINGUAL,1,0.9254015412623446,False,partial_overlap,0.066687,False,pending
record:b913d0646b0430373bbdde4d,"Gestión escolar y desempeño docente en una institución educativa pública, San Juan de Miraflores 2024",2025,es,metadata,STM-METADATA-ES,4,0.9578559508917767,BERTopic-METADATA-MULTILINGUAL,4,1.0,False,STM_split_by_BERTopic,0.142531,False,pending
record:b93775db4af0ed0593257503,La participación de los padres en la gestión escolar a distancia en la Institución Educativa Inicial Nº 282 Apurimac 2023,2025,es,metadata,STM-METADATA-ES,4,0.7546870770699118,BERTopic-METADATA-MULTILINGUAL,10,1.0,False,language_specific_match,0.025441,False,pending
record:b988cd5ef69649c0432ee3ca,Gestión escolar y atención a la educación inclusiva en la I.E. Mercedes Cabello de Carbonera. Lima 2023,2023,es,metadata,STM-METADATA-ES,8,0.3361354244394283,BERTopic-METADATA-MULTILINGUAL,5,1.0,False,STM_split_by_BERTopic,0.114836,True,pending
record:ba36ee5ce3bce064c3e305e2,"La gestión escolar y la calidad educativa en las instituciones educativas de nivel básico elemental de la parroquia cumbe, 2018.",2021,es,metadata,STM-METADATA-ES,1,0.6413689327137627,BERTopic-METADATA-MULTILINGUAL,-1,0.0,True,weak_match,0.016227,False,pending
record:bbeacdc755cf8346affa8d9b,"Plataformas tecnológicas en la administración escolar y eficiencia operativa en una institución educativa Surquillo, 2025",2025,es,metadata,STM-METADATA-ES,7,0.48652185888603255,BERTopic-METADATA-MULTILINGUAL,2,0.594795348848168,False,BERTopic_combines_STM,0.15443,True,pending
record:bc2c4ba7e57acdc97416369a,Desempeño directivo en la gestión administrativa desde la percepción docente de dos instituciones educativas públicas de Huancané Puno 2024,2024,es,metadata,STM-METADATA-ES,10,0.642523480776037,BERTopic-METADATA-MULTILINGUAL,-1,0.0,True,language_specific_match,0.03007,False,pending
record:bcb2505bdab228e555c0fde1,"Satisfacción de los padres de familia de 4.° y 5.° de Secundaria de Educación Básica Regular y del Programa del Diploma del Bachillerato Internacional respecto de la gestión escolar de la IE Capitán FAP José Abelardo Quiñones Gonzales, Lima, 2023",2025,es,metadata,STM-METADATA-ES,9,0.7876545131024284,BERTopic-METADATA-MULTILINGUAL,10,1.0,False,STM_split_by_BERTopic,0.134907,False,pending
record:bd514b46a0eee14c117c29f9,Desempeño directivo y gestión escolar en las Instituciones Educativas del Nivel Inicial del Ámbito de UGEL La Convención 2022,2024,es,metadata,STM-METADATA-ES,10,0.8901993072109206,BERTopic-METADATA-MULTILINGUAL,1,0.9049892903067768,False,partial_overlap,0.056243,False,pending
record:be47635ba376c7987a59a1e4,Hacia un modelo educativo de calidad con equidad para educación básica regular en la región Arequipa,2023,es,metadata,STM-METADATA-ES,12,0.27929832234579943,BERTopic-METADATA-MULTILINGUAL,3,0.8971585526011745,False,weak_match,0.01249,True,pending
record:bee5638ae3582b06187ddc92,"Gestión escolar y desempeño docente en instituciones educativas de la UGEL 04 - Comas, 2024",2024,es,metadata,STM-METADATA-ES,4,0.7088818864323551,BERTopic-METADATA-MULTILINGUAL,1,0.9049892903067768,False,partial_overlap,0.066687,False,pending
record:bef6f361ec2ab1ed1e86543b,La dirección escolar y la ética organizacional en los centros de educación infantil y primaria de Catalunya. Análisis de facilitadores y barreras,2020,es,metadata,STM-METADATA-ES,16,0.6255077062244645,BERTopic-METADATA-MULTILINGUAL,-1,0.0,True,weak_match,0.018935,False,pending
record:c09b1817fa2c3c1cd693c5e5,"Gestión educativa y desempeño de los docentes en una institución educativa privada, Los Olivos 2025",2025,es,metadata,STM-METADATA-ES,4,0.9681366153902531,BERTopic-METADATA-MULTILINGUAL,-1,0.0,True,language_specific_match,0.035398,False,pending
record:c1fe58df8ccb43cc1b8c1762,Liderazgo pedagógico en la comunidad profesional de aprendizaje en una Institución Educativa Pública de gestión directa de la UGEL Arequipa Norte- 2023,2024,es,metadata,STM-METADATA-ES,4,0.37634764162667056,BERTopic-METADATA-MULTILINGUAL,-1,0.0,True,language_specific_match,0.035398,False,pending
record:c3242479791105c820ca88bd,"Control social y acciones estatales durante el conflicto docente (Bahía Blanca, Argentina)",2024,es,metadata,STM-METADATA-ES,2,0.974043393839175,BERTopic-METADATA-MULTILINGUAL,12,1.0,False,one_to_one,0.245798,False,pending
record:c334c6987aa927d1ec5a4ed3,"Gestión educativa en acreditación de la facultad de contabilidad en la Universidad Nacional San Luis Gonzaga de Ica ,2019",2024,es,metadata,STM-METADATA-ES,11,0.4939007732712602,BERTopic-METADATA-MULTILINGUAL,-1,0.0,True,weak_match,0.019231,True,pending
record:c3efd33fe434f4a4134532ac,"Trabajo colaborativo, práctica pedagógica y la gestión escolar en los docentes de instituciones educativas del nivel primario, Cusco-2023",2024,es,metadata,STM-METADATA-ES,10,0.8011765312494804,BERTopic-METADATA-MULTILINGUAL,4,0.9434931368210682,False,STM_split_by_BERTopic,0.132433,False,pending
record:c45c9471018840e8cc9a1c51,"Liderazgo directivo en el clima institucional en instituciones educativas públicas de Conchán, Cajamarca, 2025",2025,es,metadata,STM-METADATA-ES,10,0.5676742182439493,BERTopic-METADATA-MULTILINGUAL,4,0.9303595580774056,False,STM_split_by_BERTopic,0.132433,False,pending
record:c46d19250376519c468437a2,Un Proyecto de Investigación Estratégica Examinando la Implementación de un Programa de Capacitación Continua en Competencia Digitales,2025,es,metadata,STM-METADATA-ES,7,0.5443432222677624,BERTopic-METADATA-MULTILINGUAL,2,0.8058190740025939,False,BERTopic_combines_STM,0.15443,False,pending
record:c4e56bf0e94ede3838429106,Potencialidades de las Tecnologías de la Información Geográfica a la gestión escolar: un estudio de caso,2022,es,metadata,STM-METADATA-ES,13,0.6760578430093114,BERTopic-METADATA-MULTILINGUAL,2,0.7244772783372401,False,weak_match,0.00569,True,pending
record:c57a0586b823885ca0a95749,Gestión educativa y desempeño docente en instituciones educativas inclusivas de primaria,2020,es,metadata,STM-METADATA-ES,10,0.7260499083880404,BERTopic-METADATA-MULTILINGUAL,1,0.9254015412623446,False,partial_overlap,0.056243,False,pending
record:c603e897c92aecce6f8954b7,Ernesto Laclau y el Análisis Político del Discurso: Huellas y relecturas para una mirada a la gestión escolar,2026,es,metadata,STM-METADATA-ES,3,0.42649385520888905,BERTopic-METADATA-MULTILINGUAL,-1,0.0,True,language_specific_match,0.026975,False,pending
record:c632dc4a8a55ad5c823d0ed7,"Factores que favorecen o limitan la aplicación transversal del enfoque ambiental en el marco de la Política Nacional de Educación Ambiental: Estudio de caso: I.E. 88104 María Parado de Bellido en el departamento de Ancash entre los años 2021 y 2023,",2025,es,metadata,STM-METADATA-ES,8,0.971724627512269,BERTopic-METADATA-MULTILINGUAL,-1,0.0,True,language_specific_match,0.035878,False,pending
record:c65f85d22d180d90e202f667,"Educación y masonería: cruces entre la Escuela Normal Popular ""Rosa Turner de Estrugamou"" y la Logia A.G. Adams Nº185: (Santa Fe - Argentina, primeras décadas s. XX)",2025,es,metadata,STM-METADATA-ES,13,0.9716994970188204,BERTopic-METADATA-MULTILINGUAL,12,1.0,False,weak_match,0.015117,False,pending
record:c6c6adfa714a4dc6e9fb504f,Gestão escolar: construção de estratégias para minimizar o adoecimento ocupacional dos professores,2021,es,metadata,STM-METADATA-ES,13,0.9809268482580435,BERTopic-METADATA-MULTILINGUAL,-1,0.0,True,language_specific_match,0.020513,False,pending
record:c6dd795f745b8bddb0e858fc,"Acompañamiento pedagógico y desempeño docente en la IE 00123 de Segunda Jerusalén en la provincia Rioja, 2024",2025,es,metadata,STM-METADATA-ES,4,0.8741599938438778,BERTopic-METADATA-MULTILINGUAL,4,0.9303595580774056,False,STM_split_by_BERTopic,0.142531,False,pending
record:c786ec6d166676fd48bd592f,Talleres formativos como alternativa de gestión para el involucramiento de los padres en el aprendizaje de una institución educativa de Puente Piedra,2025,es,metadata,STM-METADATA-ES,9,0.7515386712188613,BERTopic-METADATA-MULTILINGUAL,10,1.0,False,STM_split_by_BERTopic,0.134907,False,pending
record:c7af1f7e773a8d2e2df0c575,Buena práctica minka en la Institución Educativa Manuel Gonzales Prada de Asunción 2015-2019 y propuesta para la Mejora de la Gestión Educativa en Instituciones Educativas Rurales de Cajamarca,2025,es,metadata,STM-METADATA-ES,9,0.6857494676650092,BERTopic-METADATA-MULTILINGUAL,4,0.9795390670581722,False,weak_match,0.009599,False,pending
record:c8030d6b5bda54bd78772b85,"Gestión escolar y toma de decisiones en una institución educativa Callao, 2023",2024,es,metadata,STM-METADATA-ES,4,0.7259229235262882,BERTopic-METADATA-MULTILINGUAL,4,0.9303595580774056,False,STM_split_by_BERTopic,0.142531,False,pending
record:c841fd0d09fbfb9abbac9e38,Criterios de directores de escuelas primarias del municipio Venezuela sobre la creatividad en su gestión escolar,2022,es,metadata,STM-METADATA-ES,5,0.6535592298963243,BERTopic-METADATA-MULTILINGUAL,-1,0.0,True,weak_match,0.015385,False,pending
record:c8715fdc1d687fa0720451e4,"La autonomía directiva y gestión escolar pública de una institución educativa de Ayacucho, 2023",2024,es,metadata,STM-METADATA-ES,10,0.6175944896540041,BERTopic-METADATA-MULTILINGUAL,4,1.0,False,STM_split_by_BERTopic,0.132433,False,pending
record:c8c6486dc449e27ae22a046d,Comunidad de aprendizaje profesional para optimizar los aprendizajes en el área de ciencia y tecnología en una institución educativa de Áncash,2025,es,metadata,STM-METADATA-ES,8,0.9207255185203693,BERTopic-METADATA-MULTILINGUAL,-1,0.0,True,language_specific_match,0.035878,False,pending
record:c90c82b4e7f2a30f17a2ed4f,Fortalecimiento del liderazgo pedagógico en la gestión escolar de una institución educativa de primaria en una provincia de Cajamarca,2025,es,metadata,STM-METADATA-ES,8,0.42886912139775907,BERTopic-METADATA-MULTILINGUAL,-1,0.0,True,language_specific_match,0.035878,False,pending
record:c9406c807ba93cf6fa0224e7,"Gestión educativa y liderazgo directivo en Instituciones Educativas del Distrito de Tamburco, 2023",2025,es,metadata,STM-METADATA-ES,4,0.690670831860347,BERTopic-METADATA-MULTILINGUAL,4,1.0,False,STM_split_by_BERTopic,0.142531,False,pending
record:cac01dfd027a5eb528aa2394,"Gestión educativa y evaluación del desempeño docente en la Institución Educativa San Francisco de Orcotuna - Concepción, 2024",2025,es,metadata,STM-METADATA-ES,4,0.9733855712931194,BERTopic-METADATA-MULTILINGUAL,4,1.0,False,STM_split_by_BERTopic,0.142531,False,pending
record:cc8533d2319d4dfbf9d1870e,"""Escuela de liderazgo directivo"": programa formativo de competencias para la gestión escolar y el liderazgo pedagógico a directivos de instituciones educativas que asumen el cargo por primera vez",2022,es,metadata,STM-METADATA-ES,13,0.6343112469838537,BERTopic-METADATA-MULTILINGUAL,-1,0.0,True,language_specific_match,0.020513,False,pending
record:ccc8f14138e00e77cba64fa8,"Correlational analysis of school management, executive leadership and educational quality based on structural equation modeling. Case study.",2024,es,metadata,STM-METADATA-ES,9,0.1709014236414635,BERTopic-METADATA-MULTILINGUAL,1,0.9850144536540604,False,weak_match,0.012834,True,pending
record:cdd10fd34d025698299fb706,Funcionamiento familiar y bienestar psicológico en la convivencia escolar en estudiantes de secundaria,2025,es,metadata,STM-METADATA-ES,9,0.9676405380977868,BERTopic-METADATA-MULTILINGUAL,-1,0.0,True,language_specific_match,0.027746,False,pending
record:ce65702e8c74b6e86566fdc9,"Desempeño directivo y compromisos de gestión escolar en instituciones educativas del Valle de Mishquiyacu, Picota - 2023",2024,es,metadata,STM-METADATA-ES,10,0.7918174863580565,BERTopic-METADATA-MULTILINGUAL,4,0.8891830953937705,False,STM_split_by_BERTopic,0.132433,False,pending
record:d228b52cc0e215b639fc4a2d,Liderazgo directivo y las habilidades sociales en la gestión escolar de una institución educativa de Lima - 2024,2024,es,metadata,STM-METADATA-ES,10,0.8664365229015117,BERTopic-METADATA-MULTILINGUAL,-1,0.0,True,language_specific_match,0.03007,False,pending
record:d22d496ff3ba8a787fdaf8c1,Gestión educativa estratégica y competencias digitales docentes en tres instituciones educativas de la UGEL 06,2024,es,metadata,STM-METADATA-ES,10,0.5272712925331221,BERTopic-METADATA-MULTILINGUAL,2,0.421784716445075,False,weak_match,0.011423,True,pending
record:d2716a06d680828ac29429b0,Desempeño directivo y gestión educativa en instituciones educativas en el distrito de El Tambo - Huancayo,2022,es,metadata,STM-METADATA-ES,10,0.553254778695372,BERTopic-METADATA-MULTILINGUAL,4,1.0,False,STM_split_by_BERTopic,0.132433,False,pending
record:d27e0e292a5035473a1ded07,"Estrategia de gestión escolar para mejorar la vinculación escuela-comunidad desde una institución educativa de Paucarpata, Arequipa-2023",2024,es,metadata,STM-METADATA-ES,9,0.3030912377040302,BERTopic-METADATA-MULTILINGUAL,-1,0.0,True,language_specific_match,0.027746,False,pending
record:d3ae219f638220faf5e30081,¿Qué debería hacer el Encargado de Convivencia Escolar? Recomendaciones desde el reconocimiento en el trabajo,2025,es,metadata,STM-METADATA-ES,12,0.9176927090223876,BERTopic-METADATA-MULTILINGUAL,-1,0.0,True,language_specific_match,0.03338,False,pending
record:d3c139ec05324e3085b25c50,La Educación en tiempos de incertidumbre: reflexiones desde el Currículo y la Gestión Educativa,2021,es,metadata,STM-METADATA-ES,11,0.9381150133079789,BERTopic-METADATA-MULTILINGUAL,7,0.9424857764555747,False,partial_overlap,0.051921,False,pending
record:d4d2781e5738e57b3d7b9d9d,Pensamiento crítico reflexivo en la práctica de gestión en instituciones educativas públicas UGEL Urubamba Cusco 2024,2024,es,metadata,STM-METADATA-ES,10,0.3463293895824642,BERTopic-METADATA-MULTILINGUAL,-1,0.0,True,language_specific_match,0.03007,True,pending
record:d514726be166d020bc11356b,El director de la escuela y la gestión escolar: formación y práctica en las escuelas municipales de São Paulo,2021,es,metadata,STM-METADATA-ES,13,0.8944687719137149,BERTopic-METADATA-MULTILINGUAL,-1,0.0,True,language_specific_match,0.020513,False,pending
record:d549f21df41384c4c186c308,Evaluación y dinámicas de privatización educativa en Argentina: Entre la medición de aprendizajes y la intervención de organizaciones no gubernamentales,2026,es,metadata,STM-METADATA-ES,3,0.8569251885941865,BERTopic-METADATA-MULTILINGUAL,-1,0.0,True,language_specific_match,0.026975,False,pending
record:d76ae4cdfc891c307c3e159c,Compromisos de gestión escolar y desempeño docente en una institución educativa de Bagua Grande,2023,es,metadata,STM-METADATA-ES,4,0.43391133718586883,BERTopic-METADATA-MULTILINGUAL,4,1.0,False,STM_split_by_BERTopic,0.142531,True,pending
record:d88d33ea308205fb2e44c724,El desarrollo ético organizacional en la escuela y la dirección escolar,2021,es,metadata,STM-METADATA-ES,5,0.7823612645335046,BERTopic-METADATA-MULTILINGUAL,-1,0.0,True,weak_match,0.015385,False,pending
record:d8bd2b1ebd64d82ee22e6561,Socio-labor Conditions of the Santanderian Teachers during the Period between 1937 and 1979,2023,es,metadata,STM-METADATA-ES,13,0.7212687178213071,BERTopic-METADATA-MULTILINGUAL,4,0.8321967142886613,False,weak_match,0.00705,False,pending
record:d8c52c89a8c95bafc7989c63,Become the error in the matrix?: A critical study of leadership discourses for school management in managerial times,2025,es,metadata,STM-METADATA-ES,5,0.8930513819277758,BERTopic-METADATA-MULTILINGUAL,0,1.0,False,weak_match,0.018017,False,pending
record:d9eed710c39687ccf4e96b2e,La educación elemental y el mercado de libros en la obra de Marcos Sastre a mediados del siglo XIX,2021,es,metadata,STM-METADATA-ES,2,0.8441171659778259,BERTopic-METADATA-MULTILINGUAL,12,1.0,False,one_to_one,0.245798,False,pending
record:da6aa91f299ea15764bced3c,Estrés en profesores argentinos de educación secundaria durante la pandemia por Covid-19,2024,es,metadata,STM-METADATA-ES,1,0.9679781925926242,BERTopic-METADATA-MULTILINGUAL,6,1.0,False,language_specific_match,0.040219,False,pending
record:db3c1572256bc5d97294e9fc,"""Desafios y perpectivas de la implementación de la ley NEP en Chile el papel central de los servicios locales de educación pública desde la mirada de los directores de escuela""",2024,es,metadata,STM-METADATA-ES,6,0.34924640809879953,BERTopic-METADATA-MULTILINGUAL,12,1.0,False,weak_match,0.009546,False,pending
record:db74bb35972c71540adfcad9,Participación de los padres de familia y gestión escolar en una institución educativa de Trujillo en 2023,2023,es,metadata,STM-METADATA-ES,4,0.6115291706417539,BERTopic-METADATA-MULTILINGUAL,10,1.0,False,language_specific_match,0.025441,False,pending
record:dbc093286064c76a71be4eb7,La escuela técnica y la pasantía en empresas: Aspectos generales sobre su puesta en acto y sus efectos en las expectativas laborales de los alumnos,2022,es,metadata,STM-METADATA-ES,1,0.7021950156756875,BERTopic-METADATA-MULTILINGUAL,-1,0.0,True,weak_match,0.016227,False,pending
record:dc1343bca7b04a0793c3055c,La mejora de la educación desde la dirección y la gestión educativa,2020,es,metadata,STM-METADATA-ES,16,0.45539119346619283,BERTopic-METADATA-MULTILINGUAL,0,0.9332133302815834,False,weak_match,0.013942,False,pending
record:dc684150f4728692c311a496,"Gestión escolar y liderazgo pedagógico en el aprendizaje integral de estudiantes en educación básica alternativa, Magdalena del Mar 2024",2025,es,metadata,STM-METADATA-ES,4,0.6366101077368417,BERTopic-METADATA-MULTILINGUAL,-1,0.0,True,language_specific_match,0.035398,False,pending
record:dca86a1d50c8f51fa71ee344,La dirección escolar colonizada: el mundo empresarial en la escuela,2021,es,metadata,STM-METADATA-ES,3,0.9823119039714454,BERTopic-METADATA-MULTILINGUAL,0,0.8130334093111514,False,language_specific_match,0.038262,False,pending
record:dd81069ce9eb88d9fa841afb,"Acompañamiento pedagogico para fortalecer el desempeño docente en una institución educativa Tugaduaja, 2023",2023,es,metadata,STM-METADATA-ES,4,0.9425988004815782,BERTopic-METADATA-MULTILINGUAL,-1,0.0,True,language_specific_match,0.035398,False,pending
record:dffc97de6b5f6fc44c53bbc6,"Modelo de gestión escolar para la práctica pedagógica en docentes del nivel inicial, Mórrope",2024,es,metadata,STM-METADATA-ES,9,0.3271909789515786,BERTopic-METADATA-MULTILINGUAL,-1,0.0,True,language_specific_match,0.027746,True,pending
record:e16742fabe19713b1317af0a,title.alternative,2023,es,metadata,STM-METADATA-ES,13,0.7539079076426487,BERTopic-METADATA-MULTILINGUAL,-1,0.0,True,language_specific_match,0.020513,False,pending
record:e3c5b4c5b029e33946841bdb,Gestión educativa y convivencia escolar en la Institución Educativa Estatal Francisco Vidal Laos del Distrito de Supe 2024,2025,es,metadata,STM-METADATA-ES,4,0.6818198582575986,BERTopic-METADATA-MULTILINGUAL,4,1.0,False,STM_split_by_BERTopic,0.142531,False,pending
record:e424a8740dae2684b1e6cc50,"Gestión escolar y calidad educativa en la Institución Educativa N° 1143 Domingo Faustino Sarmiento del distrito de Ate-Vitarte, UGEL 06 en el año 2020",2022,es,metadata,STM-METADATA-ES,4,0.8399428615852049,BERTopic-METADATA-MULTILINGUAL,1,0.9576393156828105,False,partial_overlap,0.066687,False,pending
record:e53e9bf901e2aa2299612bde,Estrategia de gestión escolar para la educación inclusiva desde el reconocimiento,2021,es,metadata,STM-METADATA-ES,11,0.5580413907712526,BERTopic-METADATA-MULTILINGUAL,5,1.0,False,weak_match,0.01018,False,pending
record:e5fc2c69bf40e0453e83cef3,"La gestión pedagógica de la dirección regional de educación del Callao y su impacto en el logro de los compromisos de gestión escolar en las II.EE. públicas secundarias del Callao, 2019",2023,es,metadata,STM-METADATA-ES,10,0.7078474544755357,BERTopic-METADATA-MULTILINGUAL,4,0.9303595580774056,False,STM_split_by_BERTopic,0.132433,False,pending
record:e604ab57cd5310aac7b01281,Clima institucional y su implicancia en el desempeño laboral en docentes de instituciones educativas públicas de Atalaya Ucayali 2025,2025,es,metadata,STM-METADATA-ES,4,0.4972303913873882,BERTopic-METADATA-MULTILINGUAL,1,0.8655120030191493,False,partial_overlap,0.066687,False,pending
record:e7d9f86053b6eb50d95d7219,"Gestión pedagógica y cultura organizacional en la Institución Educativa Andrés Bello de Yunguyo, Perú/Pedagogical management and organizational culture at the Andrés Bello Educational Institution from Yunguyo, Peru",2020,es,metadata,STM-METADATA-ES,5,0.4127391772329499,BERTopic-METADATA-MULTILINGUAL,-1,0.0,True,weak_match,0.015385,True,pending
record:ea44aca3f9b2b2da294456a4,Concepción pedagógica para el desarrollo de la competencia comunicativa desde la gestión escolar en Educación General Básica de la Unidad Educativa Abelardo Tamariz Crespo,2020,es,metadata,STM-METADATA-ES,12,0.6506008562031237,BERTopic-METADATA-MULTILINGUAL,-1,0.0,True,language_specific_match,0.03338,False,pending
record:ec1ac1f0af097da49397378d,"Clima organizacional y gestión educativa en la institución Educativa República Argentina La Noria, Trujillo 2025",2025,es,metadata,STM-METADATA-ES,4,0.6685564646818628,BERTopic-METADATA-MULTILINGUAL,-1,0.0,True,language_specific_match,0.035398,False,pending
record:ee3cd9bd3fe2a56e9772274a,"Teacher's pedagogical leadership: conceptions, elements and characteristics",2020,es,metadata,STM-METADATA-ES,6,0.32798667721431846,BERTopic-METADATA-MULTILINGUAL,0,1.0,False,language_specific_match,0.048248,True,pending
record:eecf0f9f6c3a110637799a48,Gestión educativa y desempeño docente en una institución educativa pública de Villa María del Triunfo,2023,es,metadata,STM-METADATA-ES,4,0.6489905563843033,BERTopic-METADATA-MULTILINGUAL,4,1.0,False,STM_split_by_BERTopic,0.142531,False,pending
record:eef1775138e93f4dfc4a9af3,Compromisos de gestión escolar y desempeño directivo en una institución de educación secundaria de la provincia de Huancabamba,2024,es,metadata,STM-METADATA-ES,10,0.6922292022457899,BERTopic-METADATA-MULTILINGUAL,4,1.0,False,STM_split_by_BERTopic,0.132433,False,pending
record:ef16bea3caa3f79c8e0b38f9,"Gestión escolar y calidad de servicio educativo en la Red N° 04, Mi Perú - Callao, 2022",2025,es,metadata,STM-METADATA-ES,10,0.45079184561324664,BERTopic-METADATA-MULTILINGUAL,1,0.9576393156828105,False,partial_overlap,0.056243,True,pending
record:efa302b68dbb4ed6162551bc,"Política, género y formación: las críticas al normalismo en su período de expansión (1884-1920)",2023,es,metadata,STM-METADATA-ES,5,0.5590084874977383,BERTopic-METADATA-MULTILINGUAL,8,1.0,False,weak_match,0.012552,False,pending
record:f20004c30e61b5641eb71a19,Evaluación de aprendizajes integrales: una propuesta en el ámbito de la gestión escolar,2024,es,metadata,STM-METADATA-ES,6,0.7277190093067599,BERTopic-METADATA-MULTILINGUAL,-1,0.0,True,language_specific_match,0.043382,False,pending
record:f53fea6eabb1a0cd1549f47b,Contributions from PMBOK 7 edition to improve of educational management Case study: Instituto Técnico Agrícola Valsalice,2025,es,metadata,STM-METADATA-ES,16,0.4347037459771129,BERTopic-METADATA-MULTILINGUAL,-1,0.0,True,weak_match,0.018935,False,pending
record:f5e85a0122519fc958e69840,A experiência da Escola Estadual Professora Maria Araújo (2005-2011): uma gestão escolar outra é possível,2023,es,metadata,STM-METADATA-ES,13,0.9717227751249264,BERTopic-METADATA-MULTILINGUAL,-1,0.0,True,language_specific_match,0.020513,False,pending
record:f648475348a6c642fc4a0860,Régimen académico y obligatoriedad de la educación secundaria en Córdoba y Santa Cruz (Argentina). Sistemas de acción concretos en escuelas emplazadas en barrios populares.,2022,es,metadata,STM-METADATA-ES,2,0.9877669938725838,BERTopic-METADATA-MULTILINGUAL,12,1.0,False,one_to_one,0.245798,False,pending
record:f6e6b8053aff2de27decfed9,"Percepciones de directores sobre la participación de padres de familia en gestión educativa de zonas rurales de Tingo María, 2025",2025,es,metadata,STM-METADATA-ES,9,0.7139455224956606,BERTopic-METADATA-MULTILINGUAL,10,1.0,False,STM_split_by_BERTopic,0.134907,False,pending
record:f7658f33a5c05f748cdc5ad9,Nivel de ansiedad y rendimiento académico en estudiantes de cuarto grado de primaria de una institución educativa de Puno 2023,2023,es,metadata,STM-METADATA-ES,10,0.38268843732210633,BERTopic-METADATA-MULTILINGUAL,-1,0.0,True,language_specific_match,0.03007,False,pending
record:f79d9e248f6ca66c86dfb756,"Percepción docente sobre el uso de inteligencia artificial en la gestión escolar de una institución educativa pública de Comas, 2025",2025,es,metadata,STM-METADATA-ES,7,0.28555384500204306,BERTopic-METADATA-MULTILINGUAL,9,1.0,False,one_to_one,0.257086,True,pending
record:f849db3dffde6534a4bfe347,"El trabajo colegiado y la gestión escolar en docentes de una institución educativa de San Juan de Miraflores, 2025",2025,es,metadata,STM-METADATA-ES,4,0.8397296756312008,BERTopic-METADATA-MULTILINGUAL,-1,0.0,True,language_specific_match,0.035398,False,pending
record:f91ca8e5e2d96b69d651bb7f,Estudio codisciplinar de la Matemática en la escuela secundaria: análisis de la gestión de una propuesta de aula para el estudio del crecimiento de plantas,2024,es,metadata,STM-METADATA-ES,1,0.8633333151703136,BERTopic-METADATA-MULTILINGUAL,-1,0.0,True,weak_match,0.016227,False,pending
record:fb1d5e9c02c0c38de9b4577c,"Propuesta de un modelo de sistema web para mejorar la gestión escolar en la Institución Educativa 2079, Lima-Perú 2025",2025,es,metadata,STM-METADATA-ES,7,0.5121415128867703,BERTopic-METADATA-MULTILINGUAL,2,0.5613924434982308,False,BERTopic_combines_STM,0.15443,True,pending
record:fb4c4f9750f5b4693a4064d9,Propuesta de mejora a partir del modelo EFQM en un centro educativo de la comunidad de Madrid,2025,es,metadata,STM-METADATA-ES,16,0.3799592804062339,BERTopic-METADATA-MULTILINGUAL,4,0.885760819980797,False,weak_match,0.00339,False,pending
record:fb9250e7d157142633457333,Psicología desde las escuelas: Los aportes de José Natale a la alfabetización a comienzos del siglo XX en Buenos Aires,2026,es,metadata,STM-METADATA-ES,1,0.4105483720728502,BERTopic-METADATA-MULTILINGUAL,12,0.9640380646426814,False,weak_match,0.017579,False,pending
record:fc08bff03913dff31f9cf4fd,Liderazgo docente y la toma de decisión en la gestión escolar de una institución educativa Huacrachuco 2025,2025,es,metadata,STM-METADATA-ES,4,0.9742643522999141,BERTopic-METADATA-MULTILINGUAL,4,1.0,False,STM_split_by_BERTopic,0.142531,False,pending
record:fc9eb4bd5bfb5604865cd2d2,Gestión escolar: La importancia de la gestión democrática y participativa en las escuelas públicas brasileñas,2020,es,metadata,STM-METADATA-ES,16,0.37154821206916505,BERTopic-METADATA-MULTILINGUAL,-1,0.0,True,weak_match,0.018935,False,pending
record:fcd281b1441eb0546eba4a34,Modelo de excelencia para mejorar la gestión escolar en el nivel secundaria de una institución educativa pública en Huaral- Lima,2025,es,metadata,STM-METADATA-ES,9,0.38344074400183953,BERTopic-METADATA-MULTILINGUAL,4,0.8665796231778409,False,weak_match,0.009599,False,pending
record:fcfc980ca236a790573a7633,"Percepción de la gestión educativa de una escuela, Pindal, Ecuador, 2019",2025,es,metadata,STM-METADATA-ES,10,0.5778097555898418,BERTopic-METADATA-MULTILINGUAL,3,0.924971895490544,False,weak_match,0.010807,False,pending
record:fd2717508a8ac8e20973b271,"Cartografía, una herramienta para interpretar el liderazgo escolar. Estudio de caso Brasil",2024,es,metadata,STM-METADATA-ES,3,0.791998261142926,BERTopic-METADATA-MULTILINGUAL,-1,0.0,True,language_specific_match,0.026975,False,pending
record:fd279892c9684115fa281060,Liderazgo pedagógico para fortalecer la comprensión lectora con estrategias innovadoras en una institución educativa de la provincia de Chincha,2025,es,metadata,STM-METADATA-ES,8,0.507292733420868,BERTopic-METADATA-MULTILINGUAL,-1,0.0,True,language_specific_match,0.035878,True,pending
record:fd389b81dd5c81b8f2a2a5ae,Gestión educativa y configuraciones de apoyo,2021,es,metadata,STM-METADATA-ES,1,0.8651659058589689,BERTopic-METADATA-MULTILINGUAL,2,0.6032812368631131,False,language_specific_match,0.022288,True,pending
record:feef9a601a123d5861a02071,Gestión educativa y desempeño docente en centros de educación básica alternativa de Lima Metropolitana - 2024,2024,es,metadata,STM-METADATA-ES,4,0.9284704425836611,BERTopic-METADATA-MULTILINGUAL,4,1.0,False,STM_split_by_BERTopic,0.142531,False,pending
record:ff6d0ee04fa4ea440c00b550,Gestión escolar en los procesos pedagógicos de los docentes de cuatro instituciones educativas públicas UGEL Bongará Amazonas 2024,2025,es,metadata,STM-METADATA-ES,10,0.7644726734758888,BERTopic-METADATA-MULTILINGUAL,1,0.9358723421246053,False,partial_overlap,0.056243,False,pending
record:ffdd1c7c3c2997cd3f4efae4,Habilidades directivas en la salud mental y desempeño docente de una Unidad de Gestión Educativa,2026,es,metadata,STM-METADATA-ES,10,0.3777480145543932,BERTopic-METADATA-MULTILINGUAL,-1,0.0,True,language_specific_match,0.03007,True,pending
doi:10.1002/jhm.13433,Codifying educational leadership in modern hospital medicine: The Director of Education,2024,en,metadata,STM-METADATA-EN,15,0.9502537360386254,BERTopic-METADATA-MULTILINGUAL,6,0.23347856429531122,False,weak_match,0.006366,True,pending
doi:10.1002/rev3.70077,Educational leadership for social justice: A systematic review of empirical evidence,2025,en,metadata,STM-METADATA-EN,3,0.7601374607784218,BERTopic-METADATA-MULTILINGUAL,8,0.835381746171889,False,one_to_one,0.227761,False,pending
doi:10.1002/rev3.70101,Navigating the challenges and opportunities of artificial intelligence in educational leadership: A scoping review,2025,en,metadata,STM-METADATA-EN,13,0.45135841952377964,BERTopic-METADATA-MULTILINGUAL,9,0.8684460487509862,False,STM_split_by_BERTopic,0.086811,False,pending
doi:10.1007/978-3-030-39666-4_110-1,Racial Inequality in K-12 Schools and Implications for Educational Leadership,2021,en,metadata,STM-METADATA-EN,3,0.8876810626386888,BERTopic-METADATA-MULTILINGUAL,8,0.835381746171889,False,one_to_one,0.227761,False,pending
doi:10.1007/978-3-030-41882-3_4,Japanese Education Reform Towards Twenty-First Century Education,2020,en,metadata,STM-METADATA-EN,2,0.8494482679294088,BERTopic-METADATA-MULTILINGUAL,7,1.0,False,language_specific_match,0.048461,False,pending
doi:10.1007/978-3-030-54750-9_3,A Bourdieusian Approach to Educational Leadership in Culturally Diverse Schools,2020,en,metadata,STM-METADATA-EN,3,0.487028397094632,BERTopic-METADATA-MULTILINGUAL,0,1.0,False,partial_overlap,0.100561,False,pending
doi:10.1007/978-3-030-55027-1,Re-centering the Critical Potential of Nordic School Leadership Research,2020,en,metadata,STM-METADATA-EN,1,0.6502648735636555,BERTopic-METADATA-MULTILINGUAL,0,0.845494531371016,False,weak_match,0.012544,False,pending
doi:10.1007/978-3-030-69345-9_7,Reframing Educational Leadership Research in the Twenty-First Century,2021,en,metadata,STM-METADATA-EN,3,0.48492839180749464,BERTopic-METADATA-MULTILINGUAL,0,0.9086654455858826,False,partial_overlap,0.100561,False,pending
doi:10.1007/978-3-030-93951-9_3,Education 2.0: A Vision for Educational Transformation in Egypt,2022,en,metadata,STM-METADATA-EN,2,0.5666048209846251,BERTopic-METADATA-MULTILINGUAL,-1,0.0,True,language_specific_match,0.046404,False,pending
doi:10.1007/978-3-031-32890-9_5,The Trouble with Outsourcing School Management,2023,en,metadata,STM-METADATA-EN,1,0.49308660139048627,BERTopic-METADATA-MULTILINGUAL,1,0.9145347199403383,False,language_specific_match,0.025568,False,pending
doi:10.1007/978-3-031-37604-7_10,Moral Professionalism in the Context of Educational Leadership,2023,en,metadata,STM-METADATA-EN,3,0.7713923012435704,BERTopic-METADATA-MULTILINGUAL,-1,0.0,True,language_specific_match,0.030626,False,pending
doi:10.1007/978-3-031-38890-3,Educational Leadership in Times of Crisis,2023,en,metadata,STM-METADATA-EN,3,0.3521535188239207,BERTopic-METADATA-MULTILINGUAL,-1,0.0,True,language_specific_match,0.030626,True,pending
doi:10.1007/978-3-031-42924-8_9,Implementation and Evaluation of a Mobile Smart School Management System-NEUKinderApp,2023,en,metadata,STM-METADATA-EN,8,0.42337234648042626,BERTopic-METADATA-MULTILINGUAL,2,0.9696253400833266,False,one_to_one,0.29716,True,pending
doi:10.1007/978-3-031-65215-8_19,Educational Leadership and Quality Assurance in Schools,2024,en,metadata,STM-METADATA-EN,6,0.6540055833121391,BERTopic-METADATA-MULTILINGUAL,-1,0.0,True,language_specific_match,0.045401,False,pending
doi:10.1007/978-981-15-7497-9_4,Creating a Space for Innovative Learning: The Importance of Engaging the Users in the Design Process,2020,en,metadata,STM-METADATA-EN,10,0.725773188131337,BERTopic-METADATA-MULTILINGUAL,-1,0.0,True,weak_match,0.011828,False,pending
doi:10.1007/978-981-16-9640-4,Educational Theory in the 21st Century,2022,en,metadata,STM-METADATA-EN,13,0.35759972811954255,BERTopic-METADATA-MULTILINGUAL,-1,0.0,True,weak_match,0.014698,True,pending
doi:10.1007/978-981-16-9640-4_9,Current Trends in School Management: School Leadership in Education 4.0,2022,en,metadata,STM-METADATA-EN,1,0.2552842080455323,BERTopic-METADATA-MULTILINGUAL,-1,0.0,True,language_specific_match,0.038418,True,pending
doi:10.1007/978-981-16-9967-2_37,DigiDrive: Making Driving School Management Effective,2022,en,metadata,STM-METADATA-EN,4,0.5054056616219238,BERTopic-METADATA-MULTILINGUAL,2,0.9696253400833266,False,language_specific_match,0.040046,False,pending
doi:10.1007/978-981-97-9330-3_5,On School Management and Leadership,2025,en,metadata,STM-METADATA-EN,1,0.6378574708151152,BERTopic-METADATA-MULTILINGUAL,0,0.9876816561136231,False,weak_match,0.012544,False,pending
doi:10.1007/978-981-99-8494-7_1,Educational Leadership in the Twenty-First Century,2023,en,metadata,STM-METADATA-EN,5,0.5744127784321076,BERTopic-METADATA-MULTILINGUAL,0,1.0,False,STM_split_by_BERTopic,0.145598,False,pending
doi:10.1007/s10758-022-09631-9,"Same, but Different? Digital Transformation in Swiss Vocational Schools from the Perspectives of School Management and Teachers",2022,en,metadata,STM-METADATA-EN,13,0.5342096835238167,BERTopic-METADATA-MULTILINGUAL,2,1.0,False,partial_overlap,0.069068,False,pending
doi:10.1007/s10758-022-09638-2,"Correction: Same, but Different? Digital Transformation in Swiss Vocational Schools from the Perspectives of School Management and Teachers",2023,en,metadata,STM-METADATA-EN,13,0.4221373013790153,BERTopic-METADATA-MULTILINGUAL,2,1.0,False,partial_overlap,0.069068,True,pending
doi:10.1007/s10780-021-09425-5,The Perceptions of School Management Teams and Teachers of the Principal's Instructional Leadership Role in Managing Curriculum Changes,2021,en,metadata,STM-METADATA-EN,5,0.4609648902521303,BERTopic-METADATA-MULTILINGUAL,0,1.0,False,STM_split_by_BERTopic,0.145598,False,pending
doi:10.1007/s12144-023-05387-2,"Understanding how to ignite teacher enthusiasm: The role of school climate, teacher efficacy, and teacher leadership",2023,en,metadata,STM-METADATA-EN,7,0.4706831430122814,BERTopic-METADATA-MULTILINGUAL,-1,0.0,True,language_specific_match,0.024444,False,pending
doi:10.1007/s40299-022-00690-1,The Cornerstone of Visionary Leadership: Construction and Verification of a Principals' School Management Imaginative Capability Scale (PSMICS),2022,en,metadata,STM-METADATA-EN,7,0.5540501288267399,BERTopic-METADATA-MULTILINGUAL,0,1.0,False,language_specific_match,0.02042,False,pending
doi:10.1007/s41463-024-00181-z,The Development of a New Model of Educational Leadership: Leadership for Teacher Flourishing,2024,en,metadata,STM-METADATA-EN,9,0.4106267673752929,BERTopic-METADATA-MULTILINGUAL,0,1.0,False,partial_overlap,0.066593,False,pending
doi:10.1007/s43545-021-00192-9,Teaching-learning process in low-fee-private schools: perspectives of parents and school management,2021,en,metadata,STM-METADATA-EN,1,0.6996798897295835,BERTopic-METADATA-MULTILINGUAL,-1,0.0,True,language_specific_match,0.038418,False,pending
doi:10.1016/b978-0-12-818630-5.05072-7,The contributions of positive organizational studies to educational leadership and school improvement,2022,en,metadata,STM-METADATA-EN,5,0.38957369543297,BERTopic-METADATA-MULTILINGUAL,0,1.0,False,STM_split_by_BERTopic,0.145598,True,pending
doi:10.1016/j.dib.2021.107654,Dataset on factors affecting social media use among school principals for educational leaderships,2021,en,metadata,STM-METADATA-EN,7,0.5272457505453876,BERTopic-METADATA-MULTILINGUAL,-1,0.0,True,language_specific_match,0.024444,False,pending
doi:10.1016/j.econedurev.2023.102464,Improving school management in low and middle income countries: A systematic review,2023,en,metadata,STM-METADATA-EN,6,0.7525903037458804,BERTopic-METADATA-MULTILINGUAL,-1,0.0,True,language_specific_match,0.045401,False,pending
doi:10.1016/j.evalprogplan.2022.102119,Improvements in climate and satisfaction after implementing a quality management system in education,2022,en,metadata,STM-METADATA-EN,7,0.7330207847585513,BERTopic-METADATA-MULTILINGUAL,-1,0.0,True,language_specific_match,0.024444,False,pending
doi:10.1016/j.gaceta.2022.102256,Evaluation of food intake through residual analysis in 90 Basque school canteens,2022,en,metadata,STM-METADATA-EN,7,0.3661380636196093,BERTopic-METADATA-MULTILINGUAL,-1,0.0,True,language_specific_match,0.024444,True,pending
doi:10.1016/j.heliyon.2024.e34892,The contribution of quality management practices to student performance: Mediated by school culture,2024,en,metadata,STM-METADATA-EN,6,0.23522312603979517,BERTopic-METADATA-MULTILINGUAL,1,1.0,False,partial_overlap,0.065208,True,pending
doi:10.1016/j.ijedudev.2020.102196,"Community participation in school management from the viewpoint of relational trust: A case from the Akatsi South District, Ghana",2020,en,metadata,STM-METADATA-EN,1,0.8021022956705544,BERTopic-METADATA-MULTILINGUAL,-1,0.0,True,language_specific_match,0.038418,False,pending
doi:10.1016/j.ijedudev.2021.102531,Dual leadership in Chinese schools challenges executive principalships as best fit for 21st century educational development,2021,en,metadata,STM-METADATA-EN,3,0.4595850269167856,BERTopic-METADATA-MULTILINGUAL,-1,0.0,True,language_specific_match,0.030626,False,pending
doi:10.1016/j.ijedudev.2023.102899,Empowering parents and promoting school and teacher accountability and responsiveness: Case of Kyrgyzstan,2023,en,metadata,STM-METADATA-EN,1,0.5764759102841657,BERTopic-METADATA-MULTILINGUAL,10,1.0,False,weak_match,0.016933,False,pending
doi:10.1016/j.jcmr.2024.100019,"Children's safe routes to school: Real and perceived risks, and evidence of an incapacity-incapability space",2024,en,metadata,STM-METADATA-EN,7,0.9282801240355616,BERTopic-METADATA-MULTILINGUAL,-1,0.0,True,language_specific_match,0.024444,False,pending
doi:10.1016/j.jebo.2024.04.010,Female representation in school management and school quality,2024,en,metadata,STM-METADATA-EN,1,0.36672472272205825,BERTopic-METADATA-MULTILINGUAL,8,1.0,False,weak_match,0.00482,False,pending
doi:10.1016/j.ssaho.2023.100495,Does Mobile Instant Messaging (MIM) affect power redistribution? Evidence from a Malaysian school management organization,2023,en,metadata,STM-METADATA-EN,16,0.46359420082856356,BERTopic-METADATA-MULTILINGUAL,2,0.9444665588234984,False,weak_match,0.003908,False,pending
doi:10.1016/j.ssaho.2024.100835,Distributed leadership in educational contexts: A catalyst for school improvement,2024,en,metadata,STM-METADATA-EN,9,0.4900287122599174,BERTopic-METADATA-MULTILINGUAL,0,1.0,False,partial_overlap,0.066593,False,pending
doi:10.1016/j.ssaho.2024.101141,Empowering learners for the fourth industrial revolution: The crucial role of teachers and school management,2024,en,metadata,STM-METADATA-EN,9,0.32658246957280435,BERTopic-METADATA-MULTILINGUAL,-1,0.0,True,language_specific_match,0.037234,True,pending
doi:10.1016/j.tate.2022.103815,Providing emergency remote teaching: What are teachers' needs and what could have helped them to deal with the impact of the COVID-19 pandemic?,2022,en,metadata,STM-METADATA-EN,10,0.9587777287538445,BERTopic-METADATA-MULTILINGUAL,6,1.0,False,one_to_one,0.321491,False,pending
doi:10.1017/jgc.2020.22,Student absenteeism in high schools: factors to consider,2020,en,metadata,STM-METADATA-EN,7,0.59563134057023015,BERTopic-METADATA-MULTILINGUAL,-1,0.0,True,language_specific_match,0.024444,False,pending
doi:10.1017/jgc.2021.4,Towards best practice in school management of students with depressive disorders,2021,en,metadata,STM-METADATA-EN,15,0.673914675834282,BERTopic-METADATA-MULTILINGUAL,-1,0.0,True,language_specific_match,0.023188,False,pending
doi:10.1080/00131857.2020.1793653,China's education response to COVID-19: A perspective of policy analysis,2020,en,metadata,STM-METADATA-EN,1,0.23885356382304673,BERTopic-METADATA-MULTILINGUAL,6,1.0,False,weak_match,0.004839,True,pending
doi:10.1080/00131881.2024.2361412,A shared vision for a school: developing a learning community,2024,en,metadata,STM-METADATA-EN,9,0.8331584939819898,BERTopic-METADATA-MULTILINGUAL,3,0.791151357833173,False,weak_match,0.007567,True,pending
doi:10.1080/00131911.2022.2066632,Educational leadership and policy studies in refugee education: a systematic review of existing research,2022,en,metadata,STM-METADATA-EN,3,0.4976703103916823,BERTopic-METADATA-MULTILINGUAL,-1,0.0,True,language_specific_match,0.030626,True,pending
doi:10.1080/00131946.2021.1919673,"The Historical Blind Spot: Guidelines for Creating Educational Leadership Culture as Old Wine in Recycled, Upscale, and Expanded Bottles",2021,en,metadata,STM-METADATA-EN,3,0.8129716979166914,BERTopic-METADATA-MULTILINGUAL,0,0.823854254397755,False,partial_overlap,0.100561,False,pending
doi:10.1080/00220388.2023.2273800,Decentralisation in School Management and Student Achievement: Evidence from India,2023,en,metadata,STM-METADATA-EN,7,0.8944546373047749,BERTopic-METADATA-MULTILINGUAL,-1,0.0,True,language_specific_match,0.024444,False,pending
doi:10.1080/00220620.2020.1785403,For <i>us</i>: towards an intersectional leadership conceptualization by Black women for Black girls,2020,en,metadata,STM-METADATA-EN,3,0.9504898836155612,BERTopic-METADATA-MULTILINGUAL,8,1.0,False,one_to_one,0.227761,False,pending
doi:10.1080/00220620.2020.1862767,"Review of international research on school leadership for social justice, equity and diversity",2020,en,metadata,STM-METADATA-EN,13,0.48820776379624947,BERTopic-METADATA-MULTILINGUAL,8,0.835381746171889,False,weak_match,0.004789,True,pending
doi:10.1080/00220620.2022.2158181,"A systematic review of school distributed leadership: exploring research purposes, concepts and approaches in the field between 2010 and 2022",2023,en,metadata,STM-METADATA-EN,13,0.5023589815541318,BERTopic-METADATA-MULTILINGUAL,0,1.0,False,language_specific_match,0.024837,False,pending
doi:10.1080/00220620.2023.2292573,An Islamic-oriented educational leadership model: towards a new theory of school leadership in Muslim societies,2023,en,metadata,STM-METADATA-EN,3,0.5727636560839203,BERTopic-METADATA-MULTILINGUAL,-1,0.0,True,language_specific_match,0.030626,False,pending
doi:10.1080/00220671.2025.2510397,A global perspective on artificial intelligence in educational leadership,2025,en,metadata,STM-METADATA-EN,13,0.39919973149593296,BERTopic-METADATA-MULTILINGUAL,9,1.0,False,STM_split_by_BERTopic,0.086811,False,pending
doi:10.1080/00313831.2022.2043430,School Principals' Experiences and Learning from the Covid-19 Pandemic in Norway,2022,en,metadata,STM-METADATA-EN,10,0.7389073350465468,BERTopic-METADATA-MULTILINGUAL,6,1.0,False,one_to_one,0.321491,False,pending
doi:10.1080/00940771.2021.2022444,A case study: Enacting courage and collaboration in equity and justice-oriented educational leadership,2022,en,metadata,STM-METADATA-EN,3,0.6010922467748451,BERTopic-METADATA-MULTILINGUAL,8,0.835381746171889,False,one_to_one,0.227761,False,pending
doi:10.1080/01490400.2020.1829519,Work-Leisure Conflict and Well-Being: The Role of Leisure Nostalgia,2020,en,metadata,STM-METADATA-EN,7,0.939369479609908,BERTopic-METADATA-MULTILINGUAL,13,1.0,False,language_specific_match,0.032719,False,pending
doi:10.1080/01900692.2022.2069118,Organizational Culture and Strategic Management in Brazilian Public Organizations: Systematization of Factors to Improve School Management,2022,en,metadata,STM-METADATA-EN,16,0.38672721370309915,BERTopic-METADATA-MULTILINGUAL,-1,0.0,True,weak_match,0.01087,True,pending
doi:10.1080/02522667.2021.1909220,Investigating the school characteristics/attributes via the relationships between school management efficiency and representative factors of mobile e-learning: DEA and data mining methodology,2021,en,metadata,STM-METADATA-EN,13,0.7104204272361077,BERTopic-METADATA-MULTILINGUAL,2,0.6866580247791614,False,partial_overlap,0.069068,True,pending
doi:10.1080/02619768.2020.1795122,Experienced teachers' identity based on their I-positions: an analysis in the catalan context,2020,en,metadata,STM-METADATA-EN,2,0.6619247058300654,BERTopic-METADATA-MULTILINGUAL,-1,0.0,True,language_specific_match,0.046404,False,pending
doi:10.1080/02619768.2023.2265547,Who is attending training to comply with the expectations of the school management? A study among Romanian in-service teachers,2023,en,metadata,STM-METADATA-EN,2,0.8967592195009695,BERTopic-METADATA-MULTILINGUAL,13,1.0,False,weak_match,0.006712,False,pending
doi:10.1080/02680939.2020.1847412,Anti-Racist Educational Leadership and Policy: Addressing Racism in Public Education,2020,en,metadata,STM-METADATA-EN,3,0.8675786908181011,BERTopic-METADATA-MULTILINGUAL,8,0.835381746171889,False,one_to_one,0.227761,False,pending
doi:10.1080/02680939.2021.1972166,Data infrastructures as sites of preclusion and omission: the representation of students and schooling,2021,en,metadata,STM-METADATA-EN,8,0.42070118759395647,BERTopic-METADATA-MULTILINGUAL,2,0.7466889658678826,False,one_to_one,0.29716,True,pending
doi:10.1080/02680939.2023.2189753,Inequitable teacher turnover and performance-based appraisal: a global trend?,2023,en,metadata,STM-METADATA-EN,7,0.4479424072843147,BERTopic-METADATA-MULTILINGUAL,13,1.0,False,language_specific_match,0.032719,False,pending
doi:10.1080/03054985.2020.1842184,Research capacity-building in teacher education,2021,en,metadata,STM-METADATA-EN,2,0.41328896817602273,BERTopic-METADATA-MULTILINGUAL,7,1.0,False,language_specific_match,0.048461,False,pending
doi:10.1080/03055698.2020.1763784,Understanding the teachers' perspectives on the role of teacher autonomy in English classrooms in Chinese secondary schools,2020,en,metadata,STM-METADATA-EN,9,0.7366944938137278,BERTopic-METADATA-MULTILINGUAL,-1,0.0,True,language_specific_match,0.037234,False,pending
doi:10.1080/08856257.2025.2517045,The pedagogical and inclusive leadership of school management teams. The views of generalist and special education specialist teachers in Spain,2025,en,metadata,STM-METADATA-EN,2,0.6042147876172231,BERTopic-METADATA-MULTILINGUAL,5,0.8382030144033381,False,STM_split_by_BERTopic,0.13484,False,pending
doi:10.1080/08878730.2020.1759743,"""Lies My Teacher [Educator] Still Tells"": Using Critical Race Counternarratives to Disrupt Whiteness in Teacher Education",2020,en,metadata,STM-METADATA-EN,3,0.6325425294948132,BERTopic-METADATA-MULTILINGUAL,8,0.835381746171889,False,one_to_one,0.227761,False,pending
doi:10.1080/09243453.2019.1702562,Educational process factors for effective education in resource-constrained countries: a multilevel analysis,2020,en,metadata,STM-METADATA-EN,6,0.2232395832922521,BERTopic-METADATA-MULTILINGUAL,1,1.0,False,partial_overlap,0.065208,True,pending
doi:10.1080/09243453.2021.1923533,Data use processes in rural schools: management structures undermining leadership opportunities and instructional change,2021,en,metadata,STM-METADATA-EN,5,0.21970422237339218,BERTopic-METADATA-MULTILINGUAL,2,0.7466889658678826,False,weak_match,0.002861,True,pending
doi:10.1080/09518398.2021.2003893,Developing a theory of critical forgiveness in educational leadership,2021,en,metadata,STM-METADATA-EN,3,0.7482323535409331,BERTopic-METADATA-MULTILINGUAL,-1,0.0,True,language_specific_match,0.030626,False,pending
doi:10.1080/09518398.2022.2025499,Introduction: critical spirituality and religion in educational leadership,2022,en,metadata,STM-METADATA-EN,2,0.5544658158718224,BERTopic-METADATA-MULTILINGUAL,0,0.9784559441366537,False,weak_match,0.019558,False,pending
doi:10.1080/09518398.2023.2233919,Ignited fire: learning from black youth activists to cultivate justice-driven educational leadership,2023,en,metadata,STM-METADATA-EN,3,0.7823963625152445,BERTopic-METADATA-MULTILINGUAL,8,0.835381746171889,False,one_to_one,0.227761,False,pending
doi:10.1080/10665684.2023.2200207,"On Being Ed Emcees: Toward Hip-Hop Educational Leadership Theory, Research, and Praxis",2023,en,metadata,STM-METADATA-EN,3,0.7570700459773095,BERTopic-METADATA-MULTILINGUAL,8,0.835381746171889,False,one_to_one,0.227761,False,pending
doi:10.1080/13603116.2020.1806366,Strengthening teacher education to support deaf learners,2020,en,metadata,STM-METADATA-EN,2,0.4588332127796051,BERTopic-METADATA-MULTILINGUAL,5,0.4237134985757784,False,STM_split_by_BERTopic,0.13484,True,pending
doi:10.1080/13603116.2020.1846799,Teaching for inclusion - a review of research on the cooperation between regular teachers and special educators in the work with students in need of special support,2020,en,metadata,STM-METADATA-EN,2,0.6817186166249067,BERTopic-METADATA-MULTILINGUAL,5,0.8382030144033381,False,STM_split_by_BERTopic,0.13484,False,pending
doi:10.1080/13603116.2022.2053215,Construction and validation of Leading Inclusive Education in Compulsory Education Questionnaire (LIE-Q-Teaching Team),2022,en,metadata,STM-METADATA-EN,7,0.48221042527255964,BERTopic-METADATA-MULTILINGUAL,5,0.8382030144033381,False,weak_match,0.013432,True,pending
doi:10.1080/13603124.2020.1717000,The radical critique of culture and social justice educational leadership,2020,en,metadata,STM-METADATA-EN,3,0.8963309421210064,BERTopic-METADATA-MULTILINGUAL,8,0.835381746171889,False,one_to_one,0.227761,False,pending
doi:10.1080/13603124.2020.1787525,Increasing partnerships in educational leadership and school counseling: a framework for collaborative school principal and school counselor preparation and support,2020,en,metadata,STM-METADATA-EN,9,0.6611862054770413,BERTopic-METADATA-MULTILINGUAL,0,1.0,False,partial_overlap,0.066593,False,pending
doi:10.1080/13603124.2020.1804624,Entrepreneurial leadership in schools: linking creativity with accountability,2020,en,metadata,STM-METADATA-EN,2,0.2887964809995775,BERTopic-METADATA-MULTILINGUAL,0,0.9087106029003604,False,weak_match,0.019558,True,pending
doi:10.1080/13603124.2020.1853246,(Don't) lean on me: the micropolitics of caring educational leadership,2020,en,metadata,STM-METADATA-EN,3,0.3667231505671641,BERTopic-METADATA-MULTILINGUAL,0,0.9923587373945006,False,partial_overlap,0.100561,False,pending
doi:10.1080/13603124.2021.1972162,Leadership for learning as an organization-wide practice: evidence on its multilevel structure and implications for educational leadership practice and research,2021,en,metadata,STM-METADATA-EN,5,0.41786275319429406,BERTopic-METADATA-MULTILINGUAL,0,1.0,False,STM_split_by_BERTopic,0.145598,False,pending
doi:10.1080/13603124.2021.2009037,Islamic school leadership and social justice: an international review of the literature,2021,en,metadata,STM-METADATA-EN,3,0.7757533641687949,BERTopic-METADATA-MULTILINGUAL,-1,0.0,True,language_specific_match,0.030626,False,pending
doi:10.1080/13603124.2021.2021294,Does educational leadership enhance instructional quality and student achievement? The case of Austrian primary school leaders,2022,en,metadata,STM-METADATA-EN,7,0.5017661487785409,BERTopic-METADATA-MULTILINGUAL,0,1.0,False,language_specific_match,0.02042,False,pending
doi:10.1080/13603124.2022.2042856,The emotional intensity of educational leadership: a scoping review,2022,en,metadata,STM-METADATA-EN,10,0.490459956519571,BERTopic-METADATA-MULTILINGUAL,-1,0.0,True,weak_match,0.011828,False,pending
doi:10.1080/13603124.2022.2068190,The research on educational leadership for refugees since 2009: an international systemic review of empirical evidence,2022,en,metadata,STM-METADATA-EN,3,0.8644749762296832,BERTopic-METADATA-MULTILINGUAL,-1,0.0,True,language_specific_match,0.030626,False,pending
doi:10.1080/13603124.2022.2117414,Establishing and maintaining school-community partnerships: a challenge for school management teams,2022,en,metadata,STM-METADATA-EN,11,0.8365797632822518,BERTopic-METADATA-MULTILINGUAL,-1,0.0,True,language_specific_match,0.03493,False,pending
doi:10.1080/13603124.2023.2298209,School management team and inclusion: the perspective of families and teachers in the Spanish context,2023,en,metadata,STM-METADATA-EN,2,0.5829981589495593,BERTopic-METADATA-MULTILINGUAL,5,0.8382030144033381,False,STM_split_by_BERTopic,0.13484,False,pending
doi:10.1080/13603124.2024.2328197,Dark educational leadership trajectories: unpacking the invisible and weightless knapsack of manufactured 'white privilege',2024,en,metadata,STM-METADATA-EN,3,0.9673752369489479,BERTopic-METADATA-MULTILINGUAL,8,0.835381746171889,False,one_to_one,0.227761,False,pending
doi:10.1080/13603124.2024.2369987,Establishing sustainable school-community partnerships: strategies for school management teams,2024,en,metadata,STM-METADATA-EN,11,0.515891526217982,BERTopic-METADATA-MULTILINGUAL,-1,0.0,True,language_specific_match,0.03493,False,pending
doi:10.1080/13611267.2022.2070995,A comparative study of barriers to mentoring student and new teachers,2022,en,metadata,STM-METADATA-EN,9,0.24937469320622824,BERTopic-METADATA-MULTILINGUAL,-1,0.0,True,language_specific_match,0.037234,True,pending
doi:10.1080/13632434.2020.1719400,Giving voice to problems faced by school leaders in Portugal,2020,en,metadata,STM-METADATA-EN,5,0.8109371368259435,BERTopic-METADATA-MULTILINGUAL,0,0.939844549313,False,STM_split_by_BERTopic,0.145598,False,pending
doi:10.1080/13632434.2020.1789856,"Exploring the leadership knowledge base: evidence, implications, and challenges for educational leadership in Wales",2020,en,metadata,STM-METADATA-EN,3,0.7855350115022206,BERTopic-METADATA-MULTILINGUAL,0,1.0,False,partial_overlap,0.100561,False,pending
doi:10.1080/13632434.2021.1974826,Fighting windmills: a female principal's story during COVID-19,2021,en,metadata,STM-METADATA-EN,10,0.6018844540168591,BERTopic-METADATA-MULTILINGUAL,6,1.0,False,one_to_one,0.321491,False,pending
doi:10.1080/13632434.2022.2144201,What do school management teams do to make their schools inclusive?,2022,en,metadata,STM-METADATA-EN,2,0.5989134497556253,BERTopic-METADATA-MULTILINGUAL,5,0.8382030144033381,False,STM_split_by_BERTopic,0.13484,False,pending
doi:10.1080/13632434.2023.2176483,Systematic literature review on organisational culture and strategic management in the public sector and school management,2023,en,metadata,STM-METADATA-EN,13,0.9762158732430739,BERTopic-METADATA-MULTILINGUAL,1,0.9462430277346507,False,language_specific_match,0.021005,False,pending
doi:10.1080/14675986.2021.1889471,Examining alternative school leadership practices and approaches: a decolonising school leadership approach,2021,en,metadata,STM-METADATA-EN,3,0.6320867402212655,BERTopic-METADATA-MULTILINGUAL,0,1.0,False,partial_overlap,0.100561,False,pending
doi:10.1080/14675986.2023.2180619,"Transforming, translanguaging, and transcending identities: developing culturally responsive educational leadership",2023,en,metadata,STM-METADATA-EN,3,0.22715938483002804,BERTopic-METADATA-MULTILINGUAL,5,0.46003561080618466,False,language_specific_match,0.020642,True,pending
doi:10.1080/14767724.2021.1993796,NGOs schools are promoting education for sustainable development in rural areas,2021,en,metadata,STM-METADATA-EN,6,0.23929363040347051,BERTopic-METADATA-MULTILINGUAL,-1,0.0,True,language_specific_match,0.045401,True,pending
doi:10.1080/15700763.2020.1823997,State-Funded Secondary Education Policy: Implications for Private School Management in Ghana,2020,en,metadata,STM-METADATA-EN,11,0.41899781543253034,BERTopic-METADATA-MULTILINGUAL,-1,0.0,True,language_specific_match,0.03493,True,pending
doi:10.1080/15700763.2020.1833939,"Educational Leadership for Social Justice in Multicultural Contexts: The Case of Melilla, Spain",2021,en,metadata,STM-METADATA-EN,3,0.8360925932180117,BERTopic-METADATA-MULTILINGUAL,5,0.7454084366126893,False,language_specific_match,0.020642,True,pending
doi:10.1080/15700763.2022.2081218,Nurturing Teachers' Entrepreneurial Behavior in Schools: Roles and Responsibilities for School Principals,2022,en,metadata,STM-METADATA-EN,5,0.3381685359476769,BERTopic-METADATA-MULTILINGUAL,0,0.8628920015557108,False,STM_split_by_BERTopic,0.145598,False,pending
doi:10.1080/15700763.2024.2324457,Realizing the Solidarity Dividend: A New Story for Educational Leadership,2024,en,metadata,STM-METADATA-EN,3,0.6929167091651278,BERTopic-METADATA-MULTILINGUAL,8,0.835381746171889,False,one_to_one,0.227761,False,pending
doi:10.1080/17400201.2021.2015573,"The role of school culture in teacher professional development for peace education: the case of Sukma Bangsa School Pidie in post-conflict Aceh, Indonesia",2021,en,metadata,STM-METADATA-EN,9,0.8415197454061376,BERTopic-METADATA-MULTILINGUAL,-1,0.0,True,language_specific_match,0.037234,False,pending
doi:10.1080/17439884.2025.2565244,Making education manageable: school management systems and the discursive construction of data-driven classrooms,2025,en,metadata,STM-METADATA-EN,13,0.45422703409530657,BERTopic-METADATA-MULTILINGUAL,2,0.7466889658678826,False,partial_overlap,0.069068,True,pending
doi:10.1080/19345747.2020.1849481,A Team-Based Perspective for School Improvement: The Mediating Role of School Management Teams,2021,en,metadata,STM-METADATA-EN,5,0.3391760642459011,BERTopic-METADATA-MULTILINGUAL,-1,0.0,True,weak_match,0.015385,True,pending
doi:10.1080/19415257.2020.1747105,Bringing context and educational leadership together: fostering the professional development of school principals,2020,en,metadata,STM-METADATA-EN,3,0.41090721218402476,BERTopic-METADATA-MULTILINGUAL,0,1.0,False,partial_overlap,0.100561,True,pending
doi:10.1080/2005615x.2020.1842655,A systematic review on multiculturalism and educational leadership: similarities and contrasts in knowledge production across societies,2020,en,metadata,STM-METADATA-EN,3,0.7755309548070605,BERTopic-METADATA-MULTILINGUAL,5,0.7454084366126893,False,language_specific_match,0.020642,True,pending
doi:10.1080/2005615x.2021.1890309,<i>Introductory classes</i>for newcomer primary school students in Sweden: Pedagogical principles and emotional understanding,2021,en,metadata,STM-METADATA-EN,7,0.4535910804412385,BERTopic-METADATA-MULTILINGUAL,-1,0.0,True,language_specific_match,0.024444,False,pending
doi:10.1080/2331186x.2023.2300182,Schools' support in the implementation of the Emancipated Curriculum in secondary schools in Indonesia,2024,en,metadata,STM-METADATA-EN,9,0.30812783763520396,BERTopic-METADATA-MULTILINGUAL,1,0.9092036481435947,False,weak_match,0.01865,True,pending
doi:10.1080/2331186x.2024.2364544,Analyzing the challenges basic school teachers face in integrating Information and Communication Technology into teaching and learning activities in a developing country,2024,en,metadata,STM-METADATA-EN,8,0.8008283895337507,BERTopic-METADATA-MULTILINGUAL,2,1.0,False,one_to_one,0.29716,False,pending
doi:10.1080/23311983.2021.1945720,Environmental factors and <i>STEM</i> career path choice intentions of junior secondary school girls in North-Central Nigeria,2021,en,metadata,STM-METADATA-EN,7,0.49824867047337434,BERTopic-METADATA-MULTILINGUAL,-1,0.0,True,language_specific_match,0.024444,True,pending
doi:10.1086/715478,The Social Continuum of Educational Leadership,2021,en,metadata,STM-METADATA-EN,3,0.45902823610228266,BERTopic-METADATA-MULTILINGUAL,0,1.0,False,partial_overlap,0.100561,False,pending
doi:10.1088/1742-6596/1881/4/042073,Research on Information Construction and Management of Education Management Based on Data Mining,2021,en,metadata,STM-METADATA-EN,8,0.9691842699358306,BERTopic-METADATA-MULTILINGUAL,2,0.45535567782538877,False,one_to_one,0.29716,True,pending
doi:10.1093/acrefore/9780190264093.013.613,Educational Leadership as Practice,2020,en,metadata,STM-METADATA-EN,3,0.8751182385887543,BERTopic-METADATA-MULTILINGUAL,0,1.0,False,partial_overlap,0.100561,False,pending
doi:10.1093/acrefore/9780190264093.013.662,School Climate and Academic Performance,2020,en,metadata,STM-METADATA-EN,7,0.619718265711442,BERTopic-METADATA-MULTILINGUAL,-1,0.0,True,language_specific_match,0.024444,False,pending
doi:10.1093/acrefore/9780190264093.013.703,Educational Leadership and Job Satisfaction,2020,en,metadata,STM-METADATA-EN,16,0.590463698400904,BERTopic-METADATA-MULTILINGUAL,13,1.0,False,one_to_one,0.250824,False,pending
doi:10.1093/acrefore/9780190264093.013.722,Professional Standards for Educational Leadership,2020,en,metadata,STM-METADATA-EN,3,0.7507485897395008,BERTopic-METADATA-MULTILINGUAL,0,0.9753210481410693,False,partial_overlap,0.100561,False,pending
doi:10.1093/acrefore/9780190264093.013.987,An Emerging Framework for Inclusive Educational Leadership,2020,en,metadata,STM-METADATA-EN,3,0.41365438935205934,BERTopic-METADATA-MULTILINGUAL,0,1.0,False,partial_overlap,0.100561,False,pending
doi:10.1093/ej/uead112,Personnel Management and School Productivity: Evidence from India,2024,en,metadata,STM-METADATA-EN,6,0.9597281688283779,BERTopic-METADATA-MULTILINGUAL,-1,0.0,True,language_specific_match,0.045401,False,pending
doi:10.1093/oxrep/grab004,Management in education systems,2021,en,metadata,STM-METADATA-EN,1,0.2568782424648883,BERTopic-METADATA-MULTILINGUAL,1,0.9462430277346507,False,language_specific_match,0.025568,True,pending
doi:10.1097/md.0000000000032463,Occupational health coaching for job stress management among technical college teachers: Implications for educational administrators,2023,en,metadata,STM-METADATA-EN,15,0.6141687823990144,BERTopic-METADATA-MULTILINGUAL,13,1.0,False,weak_match,0.008928,False,pending
doi:10.1108/978-1-64802-221-020251015,Educational Leadership and the Challenge of Engaging Young People in Meaningful Learning,2020,en,metadata,STM-METADATA-EN,3,0.5848933379682748,BERTopic-METADATA-MULTILINGUAL,0,0.994108981360563,False,partial_overlap,0.100561,False,pending
doi:10.1108/978-1-64802-374-3,Educational Leadership for Social Justice and Improving High-Needs Schools,2020,en,metadata,STM-METADATA-EN,3,0.5654122917310705,BERTopic-METADATA-MULTILINGUAL,8,0.835381746171889,False,one_to_one,0.227761,False,pending
doi:10.1108/ebhrm-12-2019-0118,Supportive supervisor to curtail turnover intentions: do employee engagement and work-life balance play any role?,2020,en,metadata,STM-METADATA-EN,10,0.9828164143595869,BERTopic-METADATA-MULTILINGUAL,13,1.0,False,language_specific_match,0.042524,False,pending
doi:10.1108/gm-07-2024-0395,Gender stereotypes of feminine and masculine school management and leadership: examination of traits and behaviours,2025,en,metadata,STM-METADATA-EN,5,0.5500722210362471,BERTopic-METADATA-MULTILINGUAL,8,1.0,False,language_specific_match,0.029694,False,pending
doi:10.1108/ijem-01-2021-0019,Educational leadership and innovative teaching practices: a polynomial regression and response surface analysis,2021,en,metadata,STM-METADATA-EN,9,0.40500643925729485,BERTopic-METADATA-MULTILINGUAL,0,0.802198609979076,False,partial_overlap,0.066593,True,pending
doi:10.1108/ijem-06-2022-0236,Cultural dimensions as key aspects to change and improve school performance: a qualitative study in the Brazilian public schools,2023,en,metadata,STM-METADATA-EN,16,0.6853141438601724,BERTopic-METADATA-MULTILINGUAL,-1,0.0,True,weak_match,0.01087,False,pending
doi:10.1108/ijem-07-2019-0253,Exploring role of gratitude in developing teacher leadership in Indian universities,2020,en,metadata,STM-METADATA-EN,9,0.2636441066736509,BERTopic-METADATA-MULTILINGUAL,0,0.7780258686118797,False,partial_overlap,0.066593,True,pending
doi:10.1108/ijem-08-2021-0347,The contribution of case-based learning to adopting a multidimensional view in educational leadership students,2022,en,metadata,STM-METADATA-EN,5,0.2786157891551112,BERTopic-METADATA-MULTILINGUAL,-1,0.0,True,weak_match,0.015385,True,pending
doi:10.1108/ijem-10-2019-0378,Leadership and motivation for improved academic performance in schools in low socio-economic contexts,2020,en,metadata,STM-METADATA-EN,11,0.46377429307365237,BERTopic-METADATA-MULTILINGUAL,13,1.0,False,weak_match,0.012513,False,pending
doi:10.1108/ijem-11-2023-0585,How does school management team empowerment relate to teachers' organizational citizenship behavior? A moderated mediation model,2024,en,metadata,STM-METADATA-EN,16,0.9766546336744432,BERTopic-METADATA-MULTILINGUAL,-1,0.0,True,weak_match,0.01087,False,pending
doi:10.1108/jea-01-2025-0004,"Navigating the glass ceiling, gender equity and overcoming barriers in rural PK-12 educational leadership",2025,en,metadata,STM-METADATA-EN,3,0.6884672369603276,BERTopic-METADATA-MULTILINGUAL,8,1.0,False,one_to_one,0.227761,False,pending
doi:10.1108/jea-01-2025-0031,Amplifying women's voices in educational leadership: a third space approach,2026,en,metadata,STM-METADATA-EN,3,0.8023224653679571,BERTopic-METADATA-MULTILINGUAL,8,1.0,False,one_to_one,0.227761,False,pending
doi:10.1108/jea-03-2021-0057,Understanding educational leadership during times of crises: a scoping review,2021,en,metadata,STM-METADATA-EN,3,0.4240899996114669,BERTopic-METADATA-MULTILINGUAL,-1,0.0,True,language_specific_match,0.030626,False,pending
doi:10.1108/jea-03-2024-0062,School leadership during the COVID-19 crisis: a scoping review of empirical research,2024,en,metadata,STM-METADATA-EN,10,0.464912114871358,BERTopic-METADATA-MULTILINGUAL,6,0.9821124222809483,False,one_to_one,0.321491,False,pending
doi:10.1108/jea-04-2021-0073,Instructional leadership in a centralized and competitive educational system: a qualitative meta-synthesis of research from Turkey,2021,en,metadata,STM-METADATA-EN,5,0.3653677490824826,BERTopic-METADATA-MULTILINGUAL,-1,0.0,True,weak_match,0.015385,False,pending
doi:10.1108/jea-06-2021-263,Commentary - Why aren't more educational leadership scholars researching technology?,2021,en,metadata,STM-METADATA-EN,3,0.46875147054145333,BERTopic-METADATA-MULTILINGUAL,-1,0.0,True,language_specific_match,0.030626,False,pending
doi:10.1108/jea-08-2020-0171,"Is it your personality, your boundary leadership or both? An integrative approach for the improvement of school management team effectiveness",2021,en,metadata,STM-METADATA-EN,5,0.6295053579668187,BERTopic-METADATA-MULTILINGUAL,-1,0.0,True,weak_match,0.015385,False,pending
doi:10.1108/jea-10-2019-0177,Principal leadership for students with disabilities in effective inclusive schools,2020,en,metadata,STM-METADATA-EN,3,0.43432760331041126,BERTopic-METADATA-MULTILINGUAL,5,1.0,False,language_specific_match,0.020642,False,pending
doi:10.1108/jea-10-2022-0180,Educational leadership for migrant and refugee education: challenges and dilemmas in the Israeli context,2023,en,metadata,STM-METADATA-EN,3,0.6019262713948672,BERTopic-METADATA-MULTILINGUAL,-1,0.0,True,language_specific_match,0.030626,False,pending
doi:10.1108/jmd-01-2019-0005,<i>Adiwiyata</i>-program-based school management model can create environment-oriented school,2020,en,metadata,STM-METADATA-EN,12,0.5514591882288005,BERTopic-METADATA-MULTILINGUAL,-1,0.0,True,weak_match,0.019588,False,pending
doi:10.1108/jpcc-06-2024-0097,Multicultural educational leadership with indigenous communities: a literature review,2025,en,metadata,STM-METADATA-EN,3,0.6058174076945919,BERTopic-METADATA-MULTILINGUAL,5,0.7454084366126893,False,language_specific_match,0.020642,True,pending
doi:10.1108/jpcc-06-2024-0098,Educational leadership during a time of war in Ukraine,2024,en,metadata,STM-METADATA-EN,3,0.5840443023080004,BERTopic-METADATA-MULTILINGUAL,-1,0.0,True,language_specific_match,0.030626,False,pending
doi:10.1108/mbe-02-2019-0012,The balanced scorecard for school management: case study of Thai public schools,2020,en,metadata,STM-METADATA-EN,13,0.3342536866323558,BERTopic-METADATA-MULTILINGUAL,1,1.0,False,language_specific_match,0.021005,True,pending
doi:10.1108/sc-07-2020-0026,Awareness towards cybercrime among secondary school students: the role of gender and school management,2021,en,metadata,STM-METADATA-EN,7,0.3125670660773369,BERTopic-METADATA-MULTILINGUAL,2,0.47189294407965793,False,weak_match,0.003516,True,pending
doi:10.1108/sup-09-2024-0021,Bridging the gap: experiences in researching Latinx representation in PK-12 educational leadership,2025,en,metadata,STM-METADATA-EN,3,0.6059525293108181,BERTopic-METADATA-MULTILINGUAL,-1,0.0,True,language_specific_match,0.030626,False,pending
doi:10.1108/tqm-04-2020-0071,ISO 9001 standard and their impact on school management and planning and support systems-Comparative study on perception between heads-teachers,2021,en,metadata,STM-METADATA-EN,6,0.44796608420428996,BERTopic-METADATA-MULTILINGUAL,-1,0.0,True,language_specific_match,0.045401,False,pending
doi:10.1109/access.2022.3198682,Can We Predict Student Performance Based on Tabular and Textual Data?,2022,en,metadata,STM-METADATA-EN,8,0.8720528595727274,BERTopic-METADATA-MULTILINGUAL,2,0.7466889658678826,False,one_to_one,0.29716,True,pending
doi:10.1109/honet53078.2021.9615391,Internet of things Enabling Smart School: An Overview,2021,en,metadata,STM-METADATA-EN,8,0.5377867948728352,BERTopic-METADATA-MULTILINGUAL,2,0.7844318883393098,False,one_to_one,0.29716,False,pending
doi:10.1109/iccta64612.2024.10974894,Web-Based Integrated School Management System for Enhanced Student-Teacher and Resource Accessibility,2024,en,metadata,STM-METADATA-EN,8,0.9642668185906436,BERTopic-METADATA-MULTILINGUAL,2,0.9696253400833266,False,one_to_one,0.29716,False,pending
doi:10.1109/icic50835.2020.9288617,Decision Support System For Student Scholarship Recipients Using Simple Additive Weighting Method with Sensitivity Analysis,2020,en,metadata,STM-METADATA-EN,8,0.9023306293950945,BERTopic-METADATA-MULTILINGUAL,9,0.5162828746281779,False,language_specific_match,0.041522,True,pending
doi:10.1109/ictai53825.2021.9673408,"The Utilization of Information and Communication Technology in School Management, in Relation to the Characteristics of Principals",2021,en,metadata,STM-METADATA-EN,8,0.46008808185263234,BERTopic-METADATA-MULTILINGUAL,2,1.0,False,one_to_one,0.29716,False,pending
doi:10.1109/telfor56187.2022.9983672,Development of a Blockchain-Based Application for Digital Certificates in Education,2022,en,metadata,STM-METADATA-EN,8,0.9185610487080722,BERTopic-METADATA-MULTILINGUAL,2,1.0,False,one_to_one,0.29716,False,pending
doi:10.1111/bjet.13098,Adapting educational practices in emergency remote education: Continuity and change from a student perspective,2021,en,metadata,STM-METADATA-EN,10,0.6257482143941763,BERTopic-METADATA-MULTILINGUAL,6,1.0,False,one_to_one,0.321491,False,pending
doi:10.1111/ejed.12486,A pedagogical model for effective online teacher professional development-findings from the Teacher Academy initiative of the European Commission,2022,en,metadata,STM-METADATA-EN,9,0.38457123144090727,BERTopic-METADATA-MULTILINGUAL,-1,0.0,True,language_specific_match,0.037234,False,pending
doi:10.1111/josh.13094,Diffusing Innovation and Motivating Change: Adopting a <scp>Student-Led</scp> and <scp>Whole-School</scp> Approach to Mental Health Promotion,2021,en,metadata,STM-METADATA-EN,15,0.6961699123122124,BERTopic-METADATA-MULTILINGUAL,-1,0.0,True,language_specific_match,0.023188,False,pending
doi:10.1111/rode.12904,The effects of school-based management on Indian government schools,2022,en,metadata,STM-METADATA-EN,1,0.673383233910431,BERTopic-METADATA-MULTILINGUAL,-1,0.0,True,language_specific_match,0.038418,False,pending
doi:10.1123/jtpe.2019-0158,Barriers to Implementation of Physical Activity in Danish Public Schools,2020,en,metadata,STM-METADATA-EN,2,0.4744755257708631,BERTopic-METADATA-MULTILINGUAL,-1,0.0,True,language_specific_match,0.046404,False,pending
doi:10.1136/bmjopen-2022-061978,Built Environments And Child Health in WalEs and AuStralia (BEACHES): a study protocol,2022,en,metadata,STM-METADATA-EN,15,0.8088182457642455,BERTopic-METADATA-MULTILINGUAL,-1,0.0,True,language_specific_match,0.023188,False,pending
doi:10.1145/3516875.3516964,Implementation of Online Learning Based on Google Classroom Applications In Elementary School Management,2021,en,metadata,STM-METADATA-EN,8,0.7378786050440744,BERTopic-METADATA-MULTILINGUAL,2,0.5159162520813813,False,one_to_one,0.29716,True,pending
doi:10.1155/2020/6613896,Dynamic Knowledge Inference Based on Bayesian Network Learning,2020,en,metadata,STM-METADATA-EN,8,0.8676997766084952,BERTopic-METADATA-MULTILINGUAL,9,0.9820653375923213,False,language_specific_match,0.041522,False,pending
doi:10.1155/2021/2466441,Reform of the Practice Teaching System of Entrepreneurship Education Based on 5G Fog Computing in Colleges and Universities,2021,en,metadata,STM-METADATA-EN,2,0.6091396592547094,BERTopic-METADATA-MULTILINGUAL,-1,0.0,True,language_specific_match,0.046404,False,pending
doi:10.1155/2022/5690230,[Retracted] Influence Mechanism of Educational Leadership on Environmental Accounting Based on Big Data Algorithm,2022,en,metadata,STM-METADATA-EN,8,0.7305230694110554,BERTopic-METADATA-MULTILINGUAL,2,0.7466889658678826,False,one_to_one,0.29716,True,pending
doi:10.1155/2022/7774185,[Retracted] The Development and Management Work Innovation of University Students by Artificial Intelligence and Deep Learning in the Wireless Network Era,2022,en,metadata,STM-METADATA-EN,8,0.8098896182085092,BERTopic-METADATA-MULTILINGUAL,9,1.0,False,language_specific_match,0.041522,False,pending
doi:10.11591/edulearn.v19i3.22012,Crucial leadership competencies of school heads in effective school management: a comprehensive systematic review,2025,en,metadata,STM-METADATA-EN,9,0.5194075232044016,BERTopic-METADATA-MULTILINGUAL,0,1.0,False,partial_overlap,0.066593,False,pending
doi:10.11591/ijai.v13.i4.pp3942-3950,Navigating the tech-savvy generation; key considerations in developing of an artificial intelligence curriculum,2024,en,metadata,STM-METADATA-EN,13,0.41122965915696313,BERTopic-METADATA-MULTILINGUAL,9,1.0,False,STM_split_by_BERTopic,0.086811,False,pending
doi:10.11591/ijere.v10i1.20953,The improving of effectiveness school-based enterprise: A structural equation modeling in vocational school management,2021,en,metadata,STM-METADATA-EN,4,0.3912723675448358,BERTopic-METADATA-MULTILINGUAL,1,1.0,False,STM_split_by_BERTopic,0.111995,False,pending
doi:10.11591/ijere.v11i1.21709,"Development of teaching factory competency-based for vocational secondary education in Central Java, Indonesia",2022,en,metadata,STM-METADATA-EN,4,0.893479957885921,BERTopic-METADATA-MULTILINGUAL,1,0.9269819796166362,False,STM_split_by_BERTopic,0.111995,False,pending
doi:10.11591/ijere.v12i2.24948,Teacher solidity in the digital age and its effect on the effectiveness of primary school management,2023,en,metadata,STM-METADATA-EN,14,0.603319049305523,BERTopic-METADATA-MULTILINGUAL,2,0.8593957210835007,False,weak_match,0.015606,False,pending
doi:10.11594/ijmaber.04.03.27,"School Management Practices, Pupils' Academic Achievement, and Teach-ers' Work Performance During COVID-19 Pandemic",2023,en,metadata,STM-METADATA-EN,14,0.71526934717696,BERTopic-METADATA-MULTILINGUAL,6,1.0,False,weak_match,0.011329,False,pending
doi:10.11594/jk6em.04.02.06,Implementation of Total Quality Management in School Management: Cross Site Study at SMK Negeri 2 Banjarmasin and SMK Negeri 4 Banjarmasin,2021,en,metadata,STM-METADATA-EN,4,0.9258548148381431,BERTopic-METADATA-MULTILINGUAL,1,1.0,False,STM_split_by_BERTopic,0.111995,False,pending
doi:10.1163/25902539-04010001,The Managed Body and Heart: An Empirical Study on School Management and Teachers' Emotional Labor in Chinese Counties,2022,en,metadata,STM-METADATA-EN,6,0.33970762616832145,BERTopic-METADATA-MULTILINGUAL,-1,0.0,True,language_specific_match,0.045401,True,pending
doi:10.1163/9789004461871,Enacting and Conceptualizing Educational Leadership within the Mediterranean Region,2021,en,metadata,STM-METADATA-EN,3,0.8135138670611005,BERTopic-METADATA-MULTILINGUAL,0,0.7737916483921807,False,partial_overlap,0.100561,False,pending
doi:10.1163/9789004547025_010,"Enhancing School Management Teams in Promoting Sustainable, Equitable Resource Allocation in Rural Schools",2023,en,metadata,STM-METADATA-EN,11,0.7116256859955981,BERTopic-METADATA-MULTILINGUAL,-1,0.0,True,language_specific_match,0.03493,False,pending
doi:10.11648/j.edu.20221101.13,Community School Management Related Educational Policy Provisions in Nepal: Perception from Implementers,2022,en,metadata,STM-METADATA-EN,1,0.39655911246154735,BERTopic-METADATA-MULTILINGUAL,-1,0.0,True,language_specific_match,0.038418,False,pending
doi:10.11648/j.edu.20241303.12,A Systematic Review of the Role of School Management Committee for the School Performance in Nepal,2024,en,metadata,STM-METADATA-EN,15,0.36636402695718723,BERTopic-METADATA-MULTILINGUAL,-1,0.0,True,language_specific_match,0.023188,True,pending
doi:10.1177/00111287231193992,Cyberbullying Victimization and Perpetration in South Korean Youth: Structural Equation Modeling and Latent Means Analysis,2023,en,metadata,STM-METADATA-EN,15,0.43656375207075354,BERTopic-METADATA-MULTILINGUAL,2,0.3799289159600588,False,weak_match,0.00416,True,pending
doi:10.1177/00131245221092743,Community-Based Educational Leadership in Principal Preparation: A Comparative Case Study of Aspiring Latina Leaders,2022,en,metadata,STM-METADATA-EN,3,0.6891772203300004,BERTopic-METADATA-MULTILINGUAL,-1,0.0,True,language_specific_match,0.030626,False,pending
doi:10.1177/0013161x20912299,"The Seduction of <i>Hyper-Surveillance</i>: Standards, Testing, and Accountability",2020,en,metadata,STM-METADATA-EN,6,0.47659713106285473,BERTopic-METADATA-MULTILINGUAL,-1,0.0,True,language_specific_match,0.045401,True,pending
doi:10.1177/0013161x20925892,"""We Don't Got Time for Grumbling"": Toward an Ethic of Radical Care in Urban School Leadership",2020,en,metadata,STM-METADATA-EN,3,0.7523438500725583,BERTopic-METADATA-MULTILINGUAL,8,0.835381746171889,False,one_to_one,0.227761,False,pending
doi:10.1177/0013161x20981148,Images of Educational Leadership: How Principals Make Sense of Democracy and Social Justice in Two Distinct Policy Contexts,2021,en,metadata,STM-METADATA-EN,3,0.5453669510068851,BERTopic-METADATA-MULTILINGUAL,-1,0.0,True,language_specific_match,0.030626,False,pending
doi:10.1177/0013161x231166335,A Systematic Literature Review of Educational Leadership and U.S. School Shootings: Establishing a Research Agenda,2023,en,metadata,STM-METADATA-EN,3,0.7374661229639103,BERTopic-METADATA-MULTILINGUAL,0,1.0,False,partial_overlap,0.100561,False,pending
doi:10.1177/0013161x231178023,What Is Student Voice Anyway? The Intersection of Student Voice Practices and Shared Leadership,2023,en,metadata,STM-METADATA-EN,3,0.6385953017713072,BERTopic-METADATA-MULTILINGUAL,0,1.0,False,partial_overlap,0.100561,False,pending
doi:10.1177/00195561221103613,Efficacy of Mid-Day Meal Scheme in India: Challenges and Policy Concerns,2022,en,metadata,STM-METADATA-EN,15,0.6766176510718277,BERTopic-METADATA-MULTILINGUAL,-1,0.0,True,language_specific_match,0.023188,False,pending
doi:10.1177/00220574211032588,The Impact of COVID-19 on the Educational Process: The Role of the School Principal,2021,en,metadata,STM-METADATA-EN,10,0.4678836029161151,BERTopic-METADATA-MULTILINGUAL,6,0.9315571118618742,False,one_to_one,0.321491,True,pending
doi:10.1177/01614681221129401,Educational Leadership as Accompaniment: From Managing to Cultivating Youth Activism,2022,en,metadata,STM-METADATA-EN,3,0.8853806897754234,BERTopic-METADATA-MULTILINGUAL,8,0.835381746171889,False,one_to_one,0.227761,False,pending
doi:10.1177/02704676231224705,Potential Risks of Artificial Intelligence Integration into School Education: A Systematic Review,2023,en,metadata,STM-METADATA-EN,13,0.7483899692636152,BERTopic-METADATA-MULTILINGUAL,9,1.0,False,STM_split_by_BERTopic,0.086811,False,pending
doi:10.1177/0308022619891841,The developing role of occupational therapists in school-based practice: Experiences from collaborative action research in Pakistan,2020,en,metadata,STM-METADATA-EN,15,0.411781726174716,BERTopic-METADATA-MULTILINGUAL,5,0.544886397619934,False,weak_match,0.007983,True,pending
doi:10.1177/0886260520969243,Why Do School Staff Sometimes Fail to Report Potential Victimization Cases? A Mixed-methods Study,2020,en,metadata,STM-METADATA-EN,15,0.9503238959656966,BERTopic-METADATA-MULTILINGUAL,-1,0.0,True,language_specific_match,0.023188,False,pending
doi:10.1177/08920206211021845,Navigating gender stereotypes as educational leaders: An ecological approach,2021,en,metadata,STM-METADATA-EN,3,0.4640858315907972,BERTopic-METADATA-MULTILINGUAL,8,1.0,False,one_to_one,0.227761,False,pending
doi:10.1177/08920206211037738,Leading schools through the COVID-19 crisis in a South-East Asian country,2021,en,metadata,STM-METADATA-EN,10,0.7067819212125979,BERTopic-METADATA-MULTILINGUAL,6,1.0,False,one_to_one,0.321491,False,pending
doi:10.1177/0892020621999680,A grounded theory of educational leadership development using generative dialogue,2021,en,metadata,STM-METADATA-EN,9,0.5884318918531065,BERTopic-METADATA-MULTILINGUAL,0,0.994108981360563,False,partial_overlap,0.066593,False,pending
doi:10.1177/08920206221084050,Crisis leadership: Leading schools in a global pandemic,2022,en,metadata,STM-METADATA-EN,10,0.7337002145626853,BERTopic-METADATA-MULTILINGUAL,6,1.0,False,one_to_one,0.321491,False,pending
doi:10.1177/08920206231177375,Leading schools during a pandemic and beyond: Insights from principals in the Philippines,2023,en,metadata,STM-METADATA-EN,10,0.77081091667722,BERTopic-METADATA-MULTILINGUAL,6,0.9090311262422276,False,one_to_one,0.321491,False,pending
doi:10.1177/1052684621992759,I'm Every Woman: Advancing the Intersectional Leadership of Black Women School Leaders as Anti-Racist Praxis,2021,en,metadata,STM-METADATA-EN,3,0.9851340140530701,BERTopic-METADATA-MULTILINGUAL,8,0.9434103628201437,False,one_to_one,0.227761,False,pending
doi:10.1177/1052684621993046,All We Need Is One Mic: A Call for Anti-racist Solidarity to Deconstruct Anti-Black Racism in Educational Leadership,2021,en,metadata,STM-METADATA-EN,3,0.9241574679663127,BERTopic-METADATA-MULTILINGUAL,8,0.835381746171889,False,one_to_one,0.227761,False,pending
doi:10.1177/1052684621993047,Disrupting Dysconsciousness: Confronting Anti-Blackness in Educational Leadership Preparation Programs,2021,en,metadata,STM-METADATA-EN,3,0.5605627391644442,BERTopic-METADATA-MULTILINGUAL,8,0.835381746171889,False,one_to_one,0.227761,False,pending
doi:10.1177/10526846221133999,Toward A <i>Black PlayCrit</i> in Educational Leadership: What School Leaders Need to Know About Black Boyhood Play,2022,en,metadata,STM-METADATA-EN,3,0.610948861548208,BERTopic-METADATA-MULTILINGUAL,8,0.835381746171889,False,one_to_one,0.227761,False,pending
doi:10.1177/10526846251343561,Assessing Equity and Social Justice Competency Development in Educational Leadership Preparation Programs,2025,en,metadata,STM-METADATA-EN,3,0.5337586319605048,BERTopic-METADATA-MULTILINGUAL,8,0.835381746171889,False,one_to_one,0.227761,False,pending
doi:10.1177/1056787920963650,Exploring Systems Thinking in Schools: Mental Models of School Management Teams,2020,en,metadata,STM-METADATA-EN,7,0.4049447571839857,BERTopic-METADATA-MULTILINGUAL,-1,0.0,True,language_specific_match,0.024444,False,pending
doi:10.1177/13621688211007472,'How much freedom do we have?' The perceived autonomy of secondary school EFL teachers in Indonesia,2021,en,metadata,STM-METADATA-EN,9,0.33086675487045,BERTopic-METADATA-MULTILINGUAL,-1,0.0,True,language_specific_match,0.037234,True,pending
doi:10.1177/1365480220940858,Exploring young people's perceptions about secondary school: Critical issues and improvements to prevent dropout risk in disadvantaged contexts,2020,en,metadata,STM-METADATA-EN,7,0.7182844220252327,BERTopic-METADATA-MULTILINGUAL,-1,0.0,True,language_specific_match,0.024444,False,pending
doi:10.1177/14752409211032531,Educational Leadership and the Impact of Societal Culture on Effective Practices,2021,en,metadata,STM-METADATA-EN,5,0.28629620298558045,BERTopic-METADATA-MULTILINGUAL,0,1.0,False,STM_split_by_BERTopic,0.145598,True,pending
doi:10.1177/1478210320940136,Leading with/in emotion states: The criticality of political subjects and policy debates in educational leadership on emotions,2020,en,metadata,STM-METADATA-EN,3,0.9697386965978076,BERTopic-METADATA-MULTILINGUAL,-1,0.0,True,language_specific_match,0.030626,False,pending
doi:10.1177/14782103211040909,Challenges and opportunities for culturally responsive leadership in schools: Evidence from Four European countries,2021,en,metadata,STM-METADATA-EN,3,0.6052550040901119,BERTopic-METADATA-MULTILINGUAL,5,0.7454084366126893,False,language_specific_match,0.020642,True,pending
doi:10.1177/14782103221135620,K-12 school leadership perspectives from the COVID-19 pandemic,2022,en,metadata,STM-METADATA-EN,10,0.5912774039046557,BERTopic-METADATA-MULTILINGUAL,6,1.0,False,one_to_one,0.321491,False,pending
doi:10.1177/1741143219896053,A systematic review of principals' leadership identity from 1993 to 2019,2020,en,metadata,STM-METADATA-EN,5,0.47309407865256714,BERTopic-METADATA-MULTILINGUAL,0,1.0,False,STM_split_by_BERTopic,0.145598,False,pending
doi:10.1177/1741143220915925,Authentic leadership and teachers' voice behaviour: The mediating role of psychological empowerment and moderating role of interpersonal trust,2020,en,metadata,STM-METADATA-EN,16,0.9396932615401494,BERTopic-METADATA-MULTILINGUAL,0,1.0,False,language_specific_match,0.025659,False,pending
doi:10.1177/1741143220918252,Curriculum analysis of educational leadership master's programs in the university system of Maryland,2020,en,metadata,STM-METADATA-EN,5,0.4334630294761018,BERTopic-METADATA-MULTILINGUAL,0,1.0,False,STM_split_by_BERTopic,0.145598,False,pending
doi:10.1177/1741143220938364,"Factors influencing instructional leadership capacity in Baku, Azerbaijan",2020,en,metadata,STM-METADATA-EN,5,0.342101405392872,BERTopic-METADATA-MULTILINGUAL,0,1.0,False,STM_split_by_BERTopic,0.145598,True,pending
doi:10.1177/1741143220945705,Principals between exploitation and exploration: Results of a nationwide study on ambidexterity of school leaders,2020,en,metadata,STM-METADATA-EN,13,0.39441843922393355,BERTopic-METADATA-MULTILINGUAL,0,0.9416633105180129,False,language_specific_match,0.024837,False,pending
doi:10.1177/1741143220973658,Systematic review of research on educational leadership and management in Muslim societies,2020,en,metadata,STM-METADATA-EN,13,0.40444305297039035,BERTopic-METADATA-MULTILINGUAL,-1,0.0,True,weak_match,0.014698,True,pending
doi:10.1177/1741143220973670,Colour-blind educational leadership policy: A critical race theory analysis of school principalship standards in South Africa,2020,en,metadata,STM-METADATA-EN,3,0.8676600670303243,BERTopic-METADATA-MULTILINGUAL,8,0.835381746171889,False,one_to_one,0.227761,False,pending
doi:10.1177/1741143220985196,School effectiveness for education for sustainable development (ESD): What characterizes an ESD-effective school organization?,2021,en,metadata,STM-METADATA-EN,9,0.5136658967666028,BERTopic-METADATA-MULTILINGUAL,-1,0.0,True,language_specific_match,0.037234,False,pending
doi:10.1177/17411432211009902,Teacher leaders' brokerage practice in China: Impact on teacher learning in a school-university partnership,2021,en,metadata,STM-METADATA-EN,9,0.822254178474831,BERTopic-METADATA-MULTILINGUAL,0,0.8666737140172653,False,partial_overlap,0.066593,False,pending
doi:10.1177/17411432211010811,School leadership in Indonesia: A systematic literature review,2021,en,metadata,STM-METADATA-EN,13,0.313412453610726,BERTopic-METADATA-MULTILINGUAL,1,0.9092036481435947,False,language_specific_match,0.021005,True,pending
doi:10.1177/17411432211019407,A female advantage? Gender and educational leadership practices in urban primary schools in Chile,2021,en,metadata,STM-METADATA-EN,5,0.8032969999102002,BERTopic-METADATA-MULTILINGUAL,0,1.0,False,STM_split_by_BERTopic,0.145598,False,pending
doi:10.1177/17411432211030747,Exploring visual method in the field of educational leadership: Co-creating understandings of educational leadership and authority in school organisations,2021,en,metadata,STM-METADATA-EN,3,0.446827993250574,BERTopic-METADATA-MULTILINGUAL,0,1.0,False,partial_overlap,0.100561,True,pending
doi:10.1177/17411432211034174,Principals' perceptions of school autonomy and educational leadership,2021,en,metadata,STM-METADATA-EN,5,0.39553157807092115,BERTopic-METADATA-MULTILINGUAL,-1,0.0,True,weak_match,0.015385,False,pending
doi:10.1177/17411432211051909,Finding the missing link: Do principal qualifications make a difference in student achievement?,2021,en,metadata,STM-METADATA-EN,7,0.7029536644261232,BERTopic-METADATA-MULTILINGUAL,0,1.0,False,language_specific_match,0.02042,False,pending
doi:10.1177/17411432221076251,Educational leadership regarding municipal school support services in Iceland,2022,en,metadata,STM-METADATA-EN,5,0.9251315907776753,BERTopic-METADATA-MULTILINGUAL,-1,0.0,True,weak_match,0.015385,False,pending
doi:10.1177/17411432221132100,"Reimagining accountability through educational leadership: Applying the metaphors of "" <i>agora</i> "" and "" <i>bazaar</i> """,2022,en,metadata,STM-METADATA-EN,3,0.4150067023774756,BERTopic-METADATA-MULTILINGUAL,0,0.841145722700564,False,partial_overlap,0.100561,True,pending
doi:10.1177/17411432221136404,Post-migration ecology in educational leadership and policy for social justice: Welcoming refugee students in two distinct national contexts,2022,en,metadata,STM-METADATA-EN,3,0.5599247017788119,BERTopic-METADATA-MULTILINGUAL,-1,0.0,True,language_specific_match,0.030626,False,pending
doi:10.1177/17411432221142150,"Systematic review of research on women and educational leadership in Mainland China, Hong Kong and Taiwan",2022,en,metadata,STM-METADATA-EN,3,0.6761321833482181,BERTopic-METADATA-MULTILINGUAL,8,1.0,False,one_to_one,0.227761,False,pending
doi:10.1177/17411432241242629,Demystifying the impact of educational leadership on teachers' subjective well-being: A bibliometric analysis and literature review,2024,en,metadata,STM-METADATA-EN,9,0.40673036319785233,BERTopic-METADATA-MULTILINGUAL,0,1.0,False,partial_overlap,0.066593,False,pending
doi:10.1177/17411432241293563,Caring leadership practices in Chilean educational communities: Perceptions of school principals and teachers,2024,en,metadata,STM-METADATA-EN,5,0.6770760670095551,BERTopic-METADATA-MULTILINGUAL,0,1.0,False,STM_split_by_BERTopic,0.145598,False,pending
doi:10.1177/17411432251339712,Educational leadership in the shadow of crises: Effective school leadership practices for post-earthquake recovery in southeast Türkiye,2025,en,metadata,STM-METADATA-EN,10,0.4532458504664194,BERTopic-METADATA-MULTILINGUAL,-1,0.0,True,weak_match,0.011828,False,pending
doi:10.1177/17577438211058965,Gender equality and educational leadership in Chinese schools,2022,en,metadata,STM-METADATA-EN,3,0.8406296830508406,BERTopic-METADATA-MULTILINGUAL,8,1.0,False,one_to_one,0.227761,False,pending
doi:10.1177/17577438241297239,Educational leadership for social transformation: An inclusive approach for schools as places of belonging,2024,en,metadata,STM-METADATA-EN,2,0.590674038738531,BERTopic-METADATA-MULTILINGUAL,5,1.0,False,STM_split_by_BERTopic,0.13484,False,pending
doi:10.1177/1942775120964821,Implementing School Improvement Plans: Perceptions and Implications of Aspiring Principals for Educational Leadership Programs,2020,en,metadata,STM-METADATA-EN,5,0.5494149662654206,BERTopic-METADATA-MULTILINGUAL,0,1.0,False,STM_split_by_BERTopic,0.145598,False,pending
doi:10.1177/19427751221138875,School Management Teams in the Face of Inclusion: Teachers' Perspectives,2022,en,metadata,STM-METADATA-EN,2,0.6522983382492288,BERTopic-METADATA-MULTILINGUAL,5,0.8382030144033381,False,STM_split_by_BERTopic,0.13484,False,pending
doi:10.1177/19427751231174249,Towards an Educational Leadership: Functions and Failures Perceived by Teachers and Management Teams,2023,en,metadata,STM-METADATA-EN,2,0.3796856516434708,BERTopic-METADATA-MULTILINGUAL,0,1.0,False,weak_match,0.019558,True,pending
doi:10.1177/19427751241245971,Developing a Personalized Educational Leadership Theory: A Promising Approach to School Leadership Development?,2024,en,metadata,STM-METADATA-EN,5,0.4748096632302358,BERTopic-METADATA-MULTILINGUAL,0,1.0,False,STM_split_by_BERTopic,0.145598,True,pending
doi:10.1177/21582440211000053,"A Qualitative Exploration of Implementation, Adaptation, and Sustainability of a School-Based Physical Activity Intervention: Move for Well-Being in School",2021,en,metadata,STM-METADATA-EN,15,0.4402889595884962,BERTopic-METADATA-MULTILINGUAL,-1,0.0,True,language_specific_match,0.023188,False,pending
doi:10.1177/21582440221085001,Empowering Personal Knowledge Management Among Teachers in Indonesia: A Multi-Faceted Approach using SEM,2022,en,metadata,STM-METADATA-EN,16,0.7783688739321499,BERTopic-METADATA-MULTILINGUAL,-1,0.0,True,weak_match,0.01087,False,pending
doi:10.1177/21582440221095003,Perceived Principal's Authentic Leadership Impact on the Organizational Citizenship Behavior and Well-Being of Teachers,2022,en,metadata,STM-METADATA-EN,16,0.9661410853833228,BERTopic-METADATA-MULTILINGUAL,0,1.0,False,language_specific_match,0.025659,False,pending
doi:10.1177/21582440241285763,Evolution and Current Research Status of Educational Leadership Theory: A Content Analysis-Based Study,2024,en,metadata,STM-METADATA-EN,3,0.39505326879475133,BERTopic-METADATA-MULTILINGUAL,0,1.0,False,partial_overlap,0.100561,True,pending
doi:10.1177/27526461241235937,Preparing school leaders for social justice: An analysis of educational leadership preparation programs in Jamaica,2024,en,metadata,STM-METADATA-EN,3,0.7558089044458365,BERTopic-METADATA-MULTILINGUAL,8,0.835381746171889,False,one_to_one,0.227761,False,pending
doi:10.1186/s12889-021-10253-6,Comprehensive sexuality education in Hong Kong: study protocol for process and outcome evaluation,2021,en,metadata,STM-METADATA-EN,15,0.8731910027880113,BERTopic-METADATA-MULTILINGUAL,8,1.0,False,weak_match,0.007827,False,pending
doi:10.1186/s12889-021-12152-2,Exploring implementation of a nationwide requirement to increase physical activity in the curriculum in Danish public schools: a mixed methods study,2021,en,metadata,STM-METADATA-EN,11,0.3771953809793104,BERTopic-METADATA-MULTILINGUAL,-1,0.0,True,language_specific_match,0.03493,False,pending
doi:10.1186/s12889-023-16748-8,The impact of boarding schools on the development of cognitive and non-cognitive abilities in adolescents,2023,en,metadata,STM-METADATA-EN,7,0.284764767089888,BERTopic-METADATA-MULTILINGUAL,-1,0.0,True,language_specific_match,0.024444,True,pending
doi:10.1186/s12909-022-03262-5,"""I have to do twice as well"" - managing everyday racism in a Swedish medical school",2022,en,metadata,STM-METADATA-EN,3,0.4180651008617275,BERTopic-METADATA-MULTILINGUAL,8,0.835381746171889,False,one_to_one,0.227761,False,pending
doi:10.1186/s12916-020-01539-4,A citizen science study of short physical activity breaks at school: improvements in cognition and wellbeing with self-paced activity,2020,en,metadata,STM-METADATA-EN,2,0.5091710177260398,BERTopic-METADATA-MULTILINGUAL,-1,0.0,True,language_specific_match,0.046404,True,pending
doi:10.1186/s40561-020-00139-2,School learning climate in the lens of parental involvement and school leadership: lessons for inclusiveness among public schools,2020,en,metadata,STM-METADATA-EN,7,0.5177882999577346,BERTopic-METADATA-MULTILINGUAL,10,0.6684985840167121,False,language_specific_match,0.043192,True,pending
doi:10.1201/9781003107279-32,Teacher competency enhancement for 21st century educators and effective school management in the context of continuing professional development,2020,en,metadata,STM-METADATA-EN,4,0.5895741384851781,BERTopic-METADATA-MULTILINGUAL,-1,0.0,True,weak_match,0.015873,False,pending
doi:10.12753/2066-026x-20-173,IMPROVED M-SCHOOL MANAGEMENT SYSTEM BASED ON IMT-ADVANCED- SATELLITE TECHNOLOGY AND FINGERPRINT RECOGNITION STUDENT ATTENDANCE SYSTEM,2020,en,metadata,STM-METADATA-EN,8,0.9284401352692145,BERTopic-METADATA-MULTILINGUAL,2,0.8295883188939664,False,one_to_one,0.29716,False,pending
doi:10.12775/jehs.2022.12.01.028,Peculiarities of state-public school management,2022,en,metadata,STM-METADATA-EN,1,0.6118679302261025,BERTopic-METADATA-MULTILINGUAL,-1,0.0,True,language_specific_match,0.038418,False,pending
doi:10.12928/ijemi.v3i3.6056,"School Management Effectiveness: The Analysis Of Organizational Culture, Leadership Style, Work Environment, And Satisfaction",2022,en,metadata,STM-METADATA-EN,16,0.761051372009666,BERTopic-METADATA-MULTILINGUAL,13,1.0,False,one_to_one,0.250824,False,pending
doi:10.12928/spekta.v6i1.11872,Training on School Management Health Diagnostics Using the SIDIKMAS-BRO Application,2025,en,metadata,STM-METADATA-EN,9,0.26847479508365807,BERTopic-METADATA-MULTILINGUAL,-1,0.0,True,language_specific_match,0.037234,False,pending
doi:10.12973/eu-jer.10.2.567,Model of Holistic Education-Based Boarding School: A Case Study at Senior High School,2021,en,metadata,STM-METADATA-EN,12,0.868197363920289,BERTopic-METADATA-MULTILINGUAL,-1,0.0,True,weak_match,0.019588,False,pending
doi:10.13189/ujer.2020.080829,Teacher Competence and 21<sup>st</sup> Century Skills in Transformation Schools 2025 (TS25),2020,en,metadata,STM-METADATA-EN,16,0.33277090755741245,BERTopic-METADATA-MULTILINGUAL,-1,0.0,True,weak_match,0.01087,True,pending
doi:10.13189/ujer.2020.080858,Availability of Educational Resources and Student Academic Performances in South Africa,2020,en,metadata,STM-METADATA-EN,11,0.47111915917625447,BERTopic-METADATA-MULTILINGUAL,-1,0.0,True,language_specific_match,0.03493,True,pending
doi:10.1365/s42681-020-00016-z,"Educational leadership research, Twitter and the curation of followership",2020,en,metadata,STM-METADATA-EN,13,0.44849232371588404,BERTopic-METADATA-MULTILINGUAL,0,1.0,False,language_specific_match,0.024837,True,pending
doi:10.1371/journal.pone.0227519,Educators' perceptions of organisational readiness for implementation of a pre-adolescent transdisciplinary school health intervention for inter-generational outcomes,2020,en,metadata,STM-METADATA-EN,15,0.8397581052964336,BERTopic-METADATA-MULTILINGUAL,10,0.4027366490673871,False,language_specific_match,0.023906,True,pending
doi:10.1371/journal.pone.0287505,"School-based physical education, physical activity and sports provision: A concept mapping framework for evaluation",2023,en,metadata,STM-METADATA-EN,10,0.5951859316715038,BERTopic-METADATA-MULTILINGUAL,-1,0.0,True,weak_match,0.011828,False,pending
doi:10.1371/journal.pone.0308239,"Sources of stress, coping strategies and associated factors among Vietnamese first-year medical students",2024,en,metadata,STM-METADATA-EN,10,0.7656548558531869,BERTopic-METADATA-MULTILINGUAL,13,1.0,False,language_specific_match,0.042524,False,pending
doi:10.14217/comsec.963,Commonwealth Educational Leadership Handbook,2022,en,metadata,STM-METADATA-EN,9,0.4076001599270035,BERTopic-METADATA-MULTILINGUAL,0,0.8561799676046089,False,partial_overlap,0.066593,False,pending
doi:10.14295/aimj.v5i9.120,SCHOOL MANAGEMENT MODELS: A COMPARATIVE STUDY BETWEEN TWO SCHOOLS IN JUAZEIRO DO NORTE,2020,en,metadata,STM-METADATA-EN,1,0.9188564420524575,BERTopic-METADATA-MULTILINGUAL,-1,0.0,True,language_specific_match,0.038418,False,pending
doi:10.14324/lre.23.1.13,"Examining educational leadership preparation and development programmes in the Gulf region: a comparative study of Bahrain, Kuwait and Qatar",2025,en,metadata,STM-METADATA-EN,3,0.6472860210443478,BERTopic-METADATA-MULTILINGUAL,-1,0.0,True,language_specific_match,0.030626,False,pending
doi:10.14324/lre.23.1.22,Signature pedagogies in educational leadership preparation: university academics' practices and reflections from Türkiye,2025,en,metadata,STM-METADATA-EN,3,0.5687687308147652,BERTopic-METADATA-MULTILINGUAL,-1,0.0,True,language_specific_match,0.030626,False,pending
doi:10.14421/hjie.2023.32-07,Islamic Boarding School Management: A Comprehensive Analysis of a Special Program for Fostering Students' Disciplinary Character in Madrasah Ibtidaiyah,2023,en,metadata,STM-METADATA-EN,12,0.7288064425693063,BERTopic-METADATA-MULTILINGUAL,11,1.0,False,one_to_one,0.311371,False,pending
doi:10.14421/jpai.v21i1.8632,Transformation of Boarding School Management Models in Enhancing Student Accessibility and Educational Quality,2024,en,metadata,STM-METADATA-EN,12,0.24891266011378205,BERTopic-METADATA-MULTILINGUAL,11,1.0,False,one_to_one,0.311371,True,pending
doi:10.14421/jpi.2019.82.239-258,Revitalization of Islamic Boarding School Management to Foster the Spirit of Islamic Moderation in Indonesia,2020,en,metadata,STM-METADATA-EN,12,0.9089712127145696,BERTopic-METADATA-MULTILINGUAL,11,1.0,False,one_to_one,0.311371,False,pending
doi:10.14527/kuey.2020.004,Being a Woman School Principal in Turkey,2020,en,metadata,STM-METADATA-EN,5,0.5863881845824944,BERTopic-METADATA-MULTILINGUAL,8,1.0,False,language_specific_match,0.029694,False,pending
doi:10.14689/ejer.2021.96.4,Investigating The Role of Religious Leadership at Indonesia's Islamic Boarding Schools in The Sustainability of School Management,2021,en,metadata,STM-METADATA-EN,12,0.7553527934528373,BERTopic-METADATA-MULTILINGUAL,11,1.0,False,one_to_one,0.311371,False,pending
doi:10.14689/enad.26.12,The Reasons of Teachers to Leave the School Management Voluntarily and their Emotions based on these Reasons: A Phenomenological Study,2021,en,metadata,STM-METADATA-EN,10,0.6978327831693084,BERTopic-METADATA-MULTILINGUAL,-1,0.0,True,weak_match,0.011828,False,pending
doi:10.1504/ijiie.2021.10037786,Factors influencing school management teams in implementing ICT policy in Botswana schools,2021,en,metadata,STM-METADATA-EN,8,0.3385656409212033,BERTopic-METADATA-MULTILINGUAL,2,0.9215104820447528,False,one_to_one,0.29716,True,pending
doi:10.1504/ijmie.2022.122628,Educational leadership for the national curriculum implementation: the case of Kosovo,2022,en,metadata,STM-METADATA-EN,11,0.3775570167314524,BERTopic-METADATA-MULTILINGUAL,0,0.791448251465292,False,weak_match,0.004107,True,pending
doi:10.15354/bece.20.ar072,School Governance Structure and Its Impact on Student Performance: A Comparative Study between Four Provinces of China and the PISA2015 High-Scored Countries/Economies,2020,en,metadata,STM-METADATA-EN,6,0.4859103444304269,BERTopic-METADATA-MULTILINGUAL,-1,0.0,True,language_specific_match,0.045401,False,pending
doi:10.15359/ree.27-3.17435,Gestión educativa para la inclusión: Perfil personal y profesional de las personas directoras de escuelas primarias en Costa Rica,2023,en,metadata,STM-METADATA-EN,2,0.4300504910645739,BERTopic-METADATA-MULTILINGUAL,5,1.0,False,STM_split_by_BERTopic,0.13484,False,pending
doi:10.15359/rep.17-1.3,"Economía global, gestión escolar y calidad educativa, análisis contextual desde el proyecto educativo institucional",2022,en,metadata,STM-METADATA-EN,6,0.7473680879155891,BERTopic-METADATA-MULTILINGUAL,1,0.9836792765753138,False,partial_overlap,0.065208,False,pending
doi:10.15359/rep.17-2.11,El paradigma de la complejidad en la gestión educativa de una escuela pública del cantón de Belén de Heredia,2022,en,metadata,STM-METADATA-EN,2,0.6711926347987168,BERTopic-METADATA-MULTILINGUAL,7,1.0,False,language_specific_match,0.048461,False,pending
doi:10.15359/rep.18-1.14,Gestión educativa para la promoción de entornos inclusivos en Costa Rica: análisis desde la política educativa,2023,en,metadata,STM-METADATA-EN,2,0.6536171106882086,BERTopic-METADATA-MULTILINGUAL,5,0.9562475838316644,False,STM_split_by_BERTopic,0.13484,False,pending
doi:10.15381/rpiiedu.v4i1.26747,Estado del Arte sobre Comunidades de Aprendizaje Profesional en las prácticas de gestión escolar: (2020-2023),2024,en,metadata,STM-METADATA-EN,9,0.39144838577263996,BERTopic-METADATA-MULTILINGUAL,-1,0.0,True,language_specific_match,0.037234,False,pending
doi:10.15388/actpaed.45.7,Women in Lithuanian School Management: An Ethnographic Perspective,2020,en,metadata,STM-METADATA-EN,3,0.5436182676333867,BERTopic-METADATA-MULTILINGUAL,8,1.0,False,one_to_one,0.227761,False,pending
doi:10.15388/infedu.2020.20,Visual Analysis of Contact Patterns in School Environments,2020,en,metadata,STM-METADATA-EN,13,0.4164742441216245,BERTopic-METADATA-MULTILINGUAL,2,1.0,False,partial_overlap,0.069068,False,pending
doi:10.15405/ejsbs.292,Analysis of Personal-Professional Status of Women Managers for Sustainable School Management in Turkey,2021,en,metadata,STM-METADATA-EN,16,0.28800833566109485,BERTopic-METADATA-MULTILINGUAL,8,1.0,False,weak_match,0.00513,True,pending
doi:10.15405/epes.23056.52,Educational Leadership - A Perspective Beyond Managerial Processes,2023,en,metadata,STM-METADATA-EN,5,0.3416962395611398,BERTopic-METADATA-MULTILINGUAL,0,1.0,False,STM_split_by_BERTopic,0.145598,False,pending
doi:10.15548/jt.v28i2.666,The Adiwiyata Islamic Boarding School Management (A Study of Participatory Leadership Style),2021,en,metadata,STM-METADATA-EN,12,0.7874535520008382,BERTopic-METADATA-MULTILINGUAL,11,1.0,False,one_to_one,0.311371,False,pending
doi:10.15575/al-aulad.v3i2.6686,Peran dan Fungsi Kepala Sekolah dalam Mewujudkan Sekolah Efektif di Lingkungan Sekolah Dasar,2020,en,metadata,STM-METADATA-EN,12,0.5697408705496593,BERTopic-METADATA-MULTILINGUAL,0,1.0,False,weak_match,0.006144,False,pending
doi:10.15581/004.44.005,¿Es la dirección escolar un trabajo apasionante? Evaluación de la pasión en directivos de Chile y Cataluña,2022,en,metadata,STM-METADATA-EN,2,0.39902725786591514,BERTopic-METADATA-MULTILINGUAL,0,1.0,False,weak_match,0.019558,False,pending
doi:10.15640/jehd.v10n4a3,Improving the Quality of Secondary School Management for Sustainable Security of Staff and Students in Akwa Ibom State,2021,en,metadata,STM-METADATA-EN,14,0.3521161171051479,BERTopic-METADATA-MULTILINGUAL,3,0.9094101676862847,False,weak_match,0.008134,True,pending
doi:10.15700/saje.v40n3a1836,Critical skills for deputy principals in South African secondary schools,2020,en,metadata,STM-METADATA-EN,5,0.27805207208551075,BERTopic-METADATA-MULTILINGUAL,-1,0.0,True,weak_match,0.015385,True,pending
doi:10.15700/saje.v41n2a1862,Learner discipline in the post-corporal punishment era: What an experience!,2021,en,metadata,STM-METADATA-EN,11,0.4151681526002021,BERTopic-METADATA-MULTILINGUAL,1,0.9127649189378659,False,language_specific_match,0.021172,False,pending
doi:10.15700/saje.v42n2a2071,The perspective of school leadership and management: The role of the school principal in academic learner performance,2022,en,metadata,STM-METADATA-EN,5,0.3747249473992745,BERTopic-METADATA-MULTILINGUAL,0,1.0,False,STM_split_by_BERTopic,0.145598,False,pending
doi:10.15700/saje.v44ns1a2310,Optimising school management strategies: Empowering school management teams through revision of the learners' code of conduct for effective discipline management,2024,en,metadata,STM-METADATA-EN,11,0.46685770509906366,BERTopic-METADATA-MULTILINGUAL,1,0.9145347199403383,False,language_specific_match,0.021172,False,pending
doi:10.1590/0102-469846659-t,DEMOCRATIC SCHOOL MANAGEMENT: WHAT THE PERCEPTIONS OF TEACHERS FROM THE STATE EDUCATION SYSTEM OF SANTA CATARINA SAY,2025,en,metadata,STM-METADATA-EN,1,0.7359912472953438,BERTopic-METADATA-MULTILINGUAL,-1,0.0,True,language_specific_match,0.038418,False,pending
doi:10.1590/0102.3772e38315.en,Elos Program's Efficacy Evaluation in School Management of Child Behavior: A Non-Randomized Controlled Trial,2022,en,metadata,STM-METADATA-EN,7,0.9212177343693702,BERTopic-METADATA-MULTILINGUAL,-1,0.0,True,language_specific_match,0.024444,False,pending
doi:10.1590/1806-9649-2022v29e622,Digital transformation in school management: the legacy that strategic actions in the 2020s leave for future pandemics,2022,en,metadata,STM-METADATA-EN,10,0.8215436700150903,BERTopic-METADATA-MULTILINGUAL,6,0.93594180334708,False,one_to_one,0.321491,False,pending
doi:10.1590/1984-92302021v28n9606pt,Compreendendo a Prática da Gestão Escolar pela Perspectiva da Sociomaterialidade,2021,en,metadata,STM-METADATA-EN,2,0.42002948695054243,BERTopic-METADATA-MULTILINGUAL,-1,0.0,True,language_specific_match,0.046404,True,pending
doi:10.1590/scielopreprints.3464,"SCHOOL DIRECTOR ROLE IN MANAGEMENT OF CHILDREN'S EDUCATION IN SÃO JOSÉ DE MIPIBU, RN - BRAZIL",2022,en,metadata,STM-METADATA-EN,1,0.5241510657232448,BERTopic-METADATA-MULTILINGUAL,-1,0.0,True,language_specific_match,0.038418,False,pending
doi:10.1596/1813-9450-9535,"School Management, Grants, and Test Scores: Experimental Evidence from Mexico",2021,en,metadata,STM-METADATA-EN,7,0.38076398071807577,BERTopic-METADATA-MULTILINGUAL,1,0.8782887698684297,False,weak_match,0.008226,False,pending
doi:10.1596/33775,Three Principles to Support Teacher Effectiveness During COVID-19,2020,en,metadata,STM-METADATA-EN,10,0.6182611108708936,BERTopic-METADATA-MULTILINGUAL,6,0.9315571118618742,False,one_to_one,0.321491,False,pending
doi:10.17159/2520-9868/i86a05,Conceptualising a framework for school leaders as they foster an inclusive education culture in schools,2022,en,metadata,STM-METADATA-EN,9,0.3833258906658107,BERTopic-METADATA-MULTILINGUAL,5,0.9530569379361772,False,weak_match,0.004549,False,pending
doi:10.17227/rce.num78-8370,School Management from the Voice of Their Protagonists in Spain,2020,en,metadata,STM-METADATA-EN,5,0.22989883373760625,BERTopic-METADATA-MULTILINGUAL,-1,0.0,True,weak_match,0.015385,True,pending
doi:10.17275/per.22.58.9.3,School Principals' Opinions on Data-based School Management: A Case Study,2022,en,metadata,STM-METADATA-EN,4,0.4163730891310036,BERTopic-METADATA-MULTILINGUAL,2,0.7466889658678826,False,language_specific_match,0.040046,True,pending
doi:10.17275/per.23.76.10.5,Looking through the Parental Glasses: Delving into the Management Skills of School Management from the Perspective of Educator Parents,2023,en,metadata,STM-METADATA-EN,1,0.28701584919849443,BERTopic-METADATA-MULTILINGUAL,-1,0.0,True,language_specific_match,0.038418,False,pending
doi:10.17478/jegys.1012179,Creating and leading a learning environment in diverse Foundation Phase classrooms in a South African school,2021,en,metadata,STM-METADATA-EN,9,0.6826124396966975,BERTopic-METADATA-MULTILINGUAL,-1,0.0,True,language_specific_match,0.037234,False,pending
doi:10.17509/dedicated.v1i2.65929,Digital database training to support school management,2023,en,metadata,STM-METADATA-EN,4,0.5603426937823461,BERTopic-METADATA-MULTILINGUAL,2,0.9696253400833266,False,language_specific_match,0.040046,False,pending
doi:10.17509/jap.v27i1.24399,KEPEMIMPINAN KEPALA SEKOLAH PEREMPUAN DALAM MENINGKATKAN BUDAYA SEKOLAH,2020,en,metadata,STM-METADATA-EN,12,0.6835325956267131,BERTopic-METADATA-MULTILINGUAL,-1,0.0,True,weak_match,0.019588,False,pending
doi:10.17509/jap.v28i2.40159,PEMANFAATAN SISTEM DATA POKOK PENDIDIKAN (DAPODIK) DALAM PENGELOLAAN SEKOLAH DASAR,2022,en,metadata,STM-METADATA-EN,4,0.4750639699104239,BERTopic-METADATA-MULTILINGUAL,2,0.7466889658678826,False,language_specific_match,0.040046,True,pending
doi:10.17576/ebangi.2023.2002.18,EFFECTS OF THE ATTRIBUTES OF SCHOOL MANAGEMENT TEAMS ON THE MANAGEMENT OF QUALITY EDUCATION: TOWARDS SCHOOL EFFECTIVENESS,2023,en,metadata,STM-METADATA-EN,14,0.4763305411298679,BERTopic-METADATA-MULTILINGUAL,1,1.0,False,language_specific_match,0.0205,False,pending
doi:10.17583/ijelm.0.7666,The Phenomenon of Leading without Guidebook: Educational Leadership Practices of Philippine School Principals in Virulent COVID-19 Times,2021,en,metadata,STM-METADATA-EN,10,0.548956676832473,BERTopic-METADATA-MULTILINGUAL,6,0.9315571118618742,False,one_to_one,0.321491,False,pending
doi:10.17583/ijelm.2020.4298,Contemporary educational leadership and its role in converting traditional schools into professional learning communities,2020,en,metadata,STM-METADATA-EN,4,0.19574593779480026,BERTopic-METADATA-MULTILINGUAL,-1,0.0,True,weak_match,0.015873,True,pending
doi:10.17645/si.v10i2.4936,"Children's Participation, Progressive Autonomy, and Agency for Inclusive Education in Schools",2022,en,metadata,STM-METADATA-EN,1,0.3991105059289661,BERTopic-METADATA-MULTILINGUAL,5,0.3207223398002881,False,weak_match,0.005583,True,pending
doi:10.17645/si.v9i4.4611,Inclusive Leadership: Good Managerial Practices to Address Cultural Diversity in Schools,2021,en,metadata,STM-METADATA-EN,2,0.40870712954902844,BERTopic-METADATA-MULTILINGUAL,5,0.7454084366126893,False,STM_split_by_BERTopic,0.13484,False,pending
doi:10.17648/acta.scientiae.7474,ChatGPT as Co-Advisor in Scientific Initiation: Action Research with Project-Based Learning in Elementary Education,2023,en,metadata,STM-METADATA-EN,9,0.23551775224901442,BERTopic-METADATA-MULTILINGUAL,2,0.7937351550629106,False,weak_match,0.002781,True,pending
doi:10.17759/pse.2022270503,Health Protection in the Education of Students with Disabilities: Principles and Organization,2022,en,metadata,STM-METADATA-EN,2,0.7174132969835716,BERTopic-METADATA-MULTILINGUAL,5,1.0,False,STM_split_by_BERTopic,0.13484,False,pending
doi:10.17762/ijnpme.v10i01.93,The Role of School Management Towards Staff Motivation for Effective Performance in Nepal: During the Covid-19,2021,en,metadata,STM-METADATA-EN,14,0.7447160713220284,BERTopic-METADATA-MULTILINGUAL,13,1.0,False,language_specific_match,0.025806,False,pending
doi:10.17762/kuey.v27i1.4,School Management During the Covid-19 Pandemic: A Qualitative Study,2021,en,metadata,STM-METADATA-EN,5,0.2917794284578976,BERTopic-METADATA-MULTILINGUAL,6,1.0,False,weak_match,0.013548,True,pending
doi:10.17762/pae.v58i1.955,The development of a large Schools Management According the King's Philosophy Model,2021,en,metadata,STM-METADATA-EN,4,0.9725803356417926,BERTopic-METADATA-MULTILINGUAL,1,0.9145347199403383,False,STM_split_by_BERTopic,0.111995,False,pending
doi:10.17853/1994-5639-2025-4-175-194,School management in the professional development of teachers: interactions with a pedagogical university,2025,en,metadata,STM-METADATA-EN,9,0.68598599557217,BERTopic-METADATA-MULTILINGUAL,-1,0.0,True,language_specific_match,0.037234,False,pending
doi:10.17977/jptpp.v5i2.13194,The Effectiveness of Physical Education Learning in Elementary School Located in Wetland Environment,2020,en,metadata,STM-METADATA-EN,14,0.37866460716607386,BERTopic-METADATA-MULTILINGUAL,-1,0.0,True,language_specific_match,0.031956,True,pending
doi:10.18178/ijiet.2020.10.6.1406,Building a Framework for the Integration of School Management Systems (BFISMS),2020,en,metadata,STM-METADATA-EN,8,0.6460192218389045,BERTopic-METADATA-MULTILINGUAL,2,0.9696253400833266,False,one_to_one,0.29716,False,pending
doi:10.18178/ijiet.2020.10.9.1446,Integration of School Management Systems Using a Centralized Database (ISMSCD),2020,en,metadata,STM-METADATA-EN,8,0.6841099372749583,BERTopic-METADATA-MULTILINGUAL,2,0.9696253400833266,False,one_to_one,0.29716,False,pending
doi:10.18488/journal.61.2020.83.379.393,The Influence of the Maritime Learning Activities on the Development of Student Competencies: Case Study,2020,en,metadata,STM-METADATA-EN,12,0.2793406708551679,BERTopic-METADATA-MULTILINGUAL,-1,0.0,True,weak_match,0.019588,True,pending
doi:10.18488/journal.73.2020.83.298.309,"School Management Practices, Teachers Effectiveness, and Students' Academic Performance in Mathematics in Secondary Schools of Cross River State, Nigeria",2020,en,metadata,STM-METADATA-EN,14,0.9735097786007466,BERTopic-METADATA-MULTILINGUAL,-1,0.0,True,language_specific_match,0.031956,False,pending
doi:10.18510/hssr.2020.8251,HEADMASTER LEADERSHIP EFFECT ON TASK LOAD OF SPECIAL EDUCATION INTEGRATION PROGRAM TEACHER,2020,en,metadata,STM-METADATA-EN,16,0.2770759464671009,BERTopic-METADATA-MULTILINGUAL,0,0.8196665951902867,False,language_specific_match,0.025659,True,pending
doi:10.18662/rrem/217,"Art Education, Therapy Interventions and School Management in Autism",2020,en,metadata,STM-METADATA-EN,13,0.43244827210967557,BERTopic-METADATA-MULTILINGUAL,5,1.0,False,weak_match,0.005464,False,pending
doi:10.18820/2519593x/pie.v38.i2.08,Teachers' perceptions in creating an invitational learning environment in culturally diverse Foundation Phase classrooms,2020,en,metadata,STM-METADATA-EN,9,0.6892873255803238,BERTopic-METADATA-MULTILINGUAL,-1,0.0,True,language_specific_match,0.037234,False,pending
doi:10.18844/cjes.v16i2.5638,Women and leadership style in school management: Study of gender perspective,2021,en,metadata,STM-METADATA-EN,5,0.44930682124332466,BERTopic-METADATA-MULTILINGUAL,8,1.0,False,language_specific_match,0.029694,False,pending
doi:10.18844/cjes.v16i5.6331,"Implementation of community-based education management: A case study of Islamic boarding schools in Bengkulu City, Indonesia",2021,en,metadata,STM-METADATA-EN,12,0.7104373553107352,BERTopic-METADATA-MULTILINGUAL,11,1.0,False,one_to_one,0.311371,False,pending
doi:10.18844/ijlt.v13i3.5971,The views of English teachers' towards school management and school managers*,2021,en,metadata,STM-METADATA-EN,14,0.41457057240172795,BERTopic-METADATA-MULTILINGUAL,1,0.8938704097073051,False,language_specific_match,0.0205,False,pending
doi:10.18860/rosikhun.v3i2.19070,Optimizing the Quality of Islamic Education through School Management and Learning Process,2024,en,metadata,STM-METADATA-EN,4,0.7377843388740488,BERTopic-METADATA-MULTILINGUAL,1,0.8726107002808182,False,STM_split_by_BERTopic,0.111995,False,pending
doi:10.19136/etie.a5n9.5057,Cuando administración y cultura corporativa no son suficientes para la Gestión Escolar: una evidencia empírica.,2022,en,metadata,STM-METADATA-EN,16,0.2486130668425208,BERTopic-METADATA-MULTILINGUAL,-1,0.0,True,weak_match,0.01087,True,pending
doi:10.1920/re.ifs.2024.0945,Empowering parents to improve education: evidence from rural Mexico,2024,en,metadata,STM-METADATA-EN,7,0.218483705523674,BERTopic-METADATA-MULTILINGUAL,10,1.0,False,language_specific_match,0.043192,True,pending
doi:10.20428/ajqahe.v17i60.2217,The reality of school principals' practice of educational leadership styles in Aqaba Governorate and their relationship to solving school problems from the teachers' point of view,2024,en,metadata,STM-METADATA-EN,5,0.7267512719055758,BERTopic-METADATA-MULTILINGUAL,0,1.0,False,STM_split_by_BERTopic,0.145598,False,pending
doi:10.20428/jst.v30i11.3194,A Secure Web-Based School Management System Using Role-Based Access: Case Study from Nigeria,2025,en,metadata,STM-METADATA-EN,8,0.7819318820162028,BERTopic-METADATA-MULTILINGUAL,2,0.9696253400833266,False,one_to_one,0.29716,False,pending
doi:10.20525/ijrbs.v12i6.2708,Transforming school management system using participative management approach in South Africa,2023,en,metadata,STM-METADATA-EN,1,0.5069008059001977,BERTopic-METADATA-MULTILINGUAL,-1,0.0,True,language_specific_match,0.038418,False,pending
doi:10.20849/jed.v6i3.1230,An Investigation About the Challenges of Adopting Performance Management in Educational Leadership in England,2022,en,metadata,STM-METADATA-EN,1,0.42366603721135065,BERTopic-METADATA-MULTILINGUAL,0,0.8553169996891316,False,weak_match,0.012544,False,pending
doi:10.20944/preprints202501.1373.v1,Enhancing School Management Through School Heads' Conflict Resolution and Team Building Expertise.,2025,en,metadata,STM-METADATA-EN,9,0.8235578177061647,BERTopic-METADATA-MULTILINGUAL,1,0.8970902629726694,False,weak_match,0.01865,True,pending
doi:10.20952/revtee.v13i32.13168,Student's participation in upper secondary school management: approaches to the reality of the school system in the state of Amazonas,2020,en,metadata,STM-METADATA-EN,1,0.6209826361225934,BERTopic-METADATA-MULTILINGUAL,-1,0.0,True,language_specific_match,0.038418,False,pending
doi:10.21009/jisae.071.04,REALIZING THE PURPOSE OF ISLAMIC EDUCATION THROUGH BOARDING SCHOOL MANAGEMENT,2021,en,metadata,STM-METADATA-EN,12,0.8215713201945082,BERTopic-METADATA-MULTILINGUAL,11,1.0,False,one_to_one,0.311371,False,pending
doi:10.21009/jpmm.004.1.07,The Entrepreneurship-based School Management,2020,en,metadata,STM-METADATA-EN,4,0.5575774191221256,BERTopic-METADATA-MULTILINGUAL,1,0.9269819796166362,False,STM_split_by_BERTopic,0.111995,False,pending
doi:10.21070/icecrs2020390,Classical Learning Analysis Pondok Modern Darussalam Gontor in Improving Superior School Management,2020,en,metadata,STM-METADATA-EN,2,0.8035278718894522,BERTopic-METADATA-MULTILINGUAL,1,1.0,False,language_specific_match,0.026388,False,pending
doi:10.21070/ijemd.v14i.589,Literature Study on Implementation of Elementary School Student Character Education,2021,en,metadata,STM-METADATA-EN,12,0.7179060911815431,BERTopic-METADATA-MULTILINGUAL,11,1.0,False,one_to_one,0.311371,False,pending
doi:10.21125/inted.2024.1418,THE IMPACT OF ARTIFICIAL INTELLIGENCE ON THE SCHOOL MANAGEMENT: A STUDY OF OPPORTUNITIES AND CHALLENGES IN JORDAN,2024,en,metadata,STM-METADATA-EN,13,0.8826707250398564,BERTopic-METADATA-MULTILINGUAL,9,1.0,False,STM_split_by_BERTopic,0.086811,False,pending
doi:10.21154/cendekia.v21i1.5943,International Islamic Boarding School Strategy for Realizing Superior Islamic Boarding School Management,2023,en,metadata,STM-METADATA-EN,12,0.8624442611089338,BERTopic-METADATA-MULTILINGUAL,11,1.0,False,one_to_one,0.311371,False,pending
doi:10.21272/bel.4(4).28-55.2020,A Hidden Danger to Our Children's Classrooms within Educational Leadership & Peering Practices,2020,en,metadata,STM-METADATA-EN,2,0.5128630544542696,BERTopic-METADATA-MULTILINGUAL,0,0.8288727829612513,False,weak_match,0.019558,False,pending
doi:10.21307/jelpp-2020-005,An evolution in distributed educational leadership: From sole leader to co-principalship,2020,en,metadata,STM-METADATA-EN,5,0.654252105906986,BERTopic-METADATA-MULTILINGUAL,0,1.0,False,STM_split_by_BERTopic,0.145598,False,pending
doi:10.2139/ssrn.4547287,Effect of School Management Improvements on the Student's Social and Emotional Skills: Experimental Evidence from Brazil,2023,en,metadata,STM-METADATA-EN,7,0.8930262518321506,BERTopic-METADATA-MULTILINGUAL,-1,0.0,True,language_specific_match,0.024444,False,pending
doi:10.2139/ssrn.4808835,Evaluating the Impact of a Professional Development Program for Principals on School Management Practices: Evidence from Brazil,2024,en,metadata,STM-METADATA-EN,9,0.3618610140595527,BERTopic-METADATA-MULTILINGUAL,-1,0.0,True,language_specific_match,0.037234,False,pending
doi:10.21423/awlj-v30.a303,Gender Issues in K-12 Educational Leadership,2023,en,metadata,STM-METADATA-EN,3,0.4921952332411354,BERTopic-METADATA-MULTILINGUAL,8,1.0,False,one_to_one,0.227761,False,pending
doi:10.21580/nw.2020.14.2.6203,Qur'anic-Based Educational Leadership: An Inquiry Into Surah Al-Fatihah,2021,en,metadata,STM-METADATA-EN,3,0.4961819523161349,BERTopic-METADATA-MULTILINGUAL,-1,0.0,True,language_specific_match,0.030626,False,pending
doi:10.21703/rexe.20201941miras16,Liderazgo pedagógico y liderazgo ético: perspectivas complementarias de la nueva dirección escolar,2020,en,metadata,STM-METADATA-EN,6,0.44697531768318827,BERTopic-METADATA-MULTILINGUAL,0,0.9346817331799858,False,weak_match,0.006953,False,pending
doi:10.21723/riaee.v15i1.12116,Educação em tempo integral: alguns desafios para a gestão escolar,2020,en,metadata,STM-METADATA-EN,1,0.4641935918266729,BERTopic-METADATA-MULTILINGUAL,-1,0.0,True,language_specific_match,0.038418,False,pending
doi:10.21744/irjmis.v8n2.1350,Character education strategies in improving students' spiritual intelligence,2021,en,metadata,STM-METADATA-EN,12,0.9199469598670996,BERTopic-METADATA-MULTILINGUAL,11,1.0,False,one_to_one,0.311371,False,pending
doi:10.21744/lingcure.v5ns3.1905,Implementation of Java cultural education in elementary school in Yogyakarta,2021,en,metadata,STM-METADATA-EN,12,0.9706523027461224,BERTopic-METADATA-MULTILINGUAL,-1,0.0,True,weak_match,0.019588,False,pending
doi:10.21831/cp.v41i2.45913,BEACCTIVE as educational leadership model to create partnerships with business and industry,2022,en,metadata,STM-METADATA-EN,4,0.5366827334455164,BERTopic-METADATA-MULTILINGUAL,0,0.9822523516162435,False,weak_match,0.010753,False,pending
doi:10.21831/cp.v43i3.74834,Center of excellence assistance model: Is it effective to improve vocational school management in Central Java?,2024,en,metadata,STM-METADATA-EN,4,0.8605982633781535,BERTopic-METADATA-MULTILINGUAL,1,1.0,False,STM_split_by_BERTopic,0.111995,False,pending
doi:10.21831/jpv.v10i2.29981,School management: The optimization of learning facilities to improve the quality of vocational schools,2020,en,metadata,STM-METADATA-EN,4,0.6150026610336682,BERTopic-METADATA-MULTILINGUAL,1,1.0,False,STM_split_by_BERTopic,0.111995,False,pending
doi:10.21831/pep.v28i2.78274,School management autonomy in Cambodia: A case study at new generation schools (NGS),2024,en,metadata,STM-METADATA-EN,9,0.5071352241256575,BERTopic-METADATA-MULTILINGUAL,-1,0.0,True,language_specific_match,0.037234,False,pending
doi:10.22055/edus.2019.29345.2802,"REPRESENTATION OF THE CONCEPT OF ""EDUCATIONAL LEADERSHIP"" IN THE PUBLISHED ARTICLES OF JOURNALS IN THE FIELD OF EDUCATION",2022,en,metadata,STM-METADATA-EN,13,0.5599274692300499,BERTopic-METADATA-MULTILINGUAL,0,1.0,False,language_specific_match,0.024837,False,pending
doi:10.22158/fet.v7n2p1,"Managing Staff Diversity for Effective Secondary School Management in Delta State, Nigeria",2024,en,metadata,STM-METADATA-EN,14,0.9618037637862453,BERTopic-METADATA-MULTILINGUAL,5,0.9870453213783782,False,weak_match,0.013094,False,pending
doi:10.22158/wjeh.v4n3p60,Professionalization of Educational Leadership for the Members of the Association of African Universities,2022,en,metadata,STM-METADATA-EN,11,0.18424963569915034,BERTopic-METADATA-MULTILINGUAL,0,0.9172539890822687,False,weak_match,0.004107,True,pending
doi:10.22161/ijels.83.18,School Management System and Governance of Elementary School Heads as Perceived by the School Community,2023,en,metadata,STM-METADATA-EN,14,0.46595319655482875,BERTopic-METADATA-MULTILINGUAL,-1,0.0,True,language_specific_match,0.031956,False,pending
doi:10.22161/jhed.4.1.11,The Role of School Management Team in Managing Students' Academic Performance in Community Secondary Schools in Tabora Municipality- Tanzania,2022,en,metadata,STM-METADATA-EN,14,0.8778662951818679,BERTopic-METADATA-MULTILINGUAL,-1,0.0,True,language_specific_match,0.031956,False,pending
doi:10.22178/pos.88-9,Exploration of School Management Model in Applying Quality Education,2022,en,metadata,STM-METADATA-EN,12,0.5862089362992431,BERTopic-METADATA-MULTILINGUAL,1,1.0,False,language_specific_match,0.0371,False,pending
doi:10.22230/ijepl.2021v17n10a1139,The Need of the Virtual Principal Amid the Pandemic,2021,en,metadata,STM-METADATA-EN,10,0.4500910184689749,BERTopic-METADATA-MULTILINGUAL,6,1.0,False,one_to_one,0.321491,False,pending
doi:10.22329/jtl.v16i1.6830,Decolonizing Educational Leadership: Exploring Alternative Approaches to Leading Schools,2022,en,metadata,STM-METADATA-EN,3,0.9770550529907553,BERTopic-METADATA-MULTILINGUAL,0,1.0,False,partial_overlap,0.100561,False,pending
doi:10.22363/2313-2272-2025-25-3-731-742,Self-management as a tool for overcoming risks in school management,2025,en,metadata,STM-METADATA-EN,1,0.35931908136549084,BERTopic-METADATA-MULTILINGUAL,1,0.9462430277346507,False,language_specific_match,0.025568,True,pending
doi:10.22437/irje.v4i2.9264,"Educational Leader's Adversity Quotient, Management Style, and Job Performance: Implications to School Leadership",2020,en,metadata,STM-METADATA-EN,5,0.338795432533929,BERTopic-METADATA-MULTILINGUAL,0,1.0,False,STM_split_by_BERTopic,0.145598,False,pending
doi:10.22452/iojel.vol3no1.2,Challenges and Strategies of Educational Leadership to Sustain the International Baccalaureate Diploma Programme (IBDP) in a Malaysian Premier Public School,2020,en,metadata,STM-METADATA-EN,11,0.7200871610289109,BERTopic-METADATA-MULTILINGUAL,-1,0.0,True,language_specific_match,0.03493,False,pending
doi:10.22460/collase,COLLASE (Creative of Learning Students Elementary Education),2022,en,metadata,STM-METADATA-EN,2,0.4474637890892257,BERTopic-METADATA-MULTILINGUAL,-1,0.0,True,language_specific_match,0.046404,False,pending
doi:10.22460/empowerment.v9i2p190-195.1673,ISLAMIC BOARDING SCHOOL MANAGEMENT IN IMPROVING STUDENT QUALITY (Case Study in the Boarding School of Tahfidzul Qur'an Mifahul Huda Karawang ),2020,en,metadata,STM-METADATA-EN,12,0.6196243533143028,BERTopic-METADATA-MULTILINGUAL,11,1.0,False,one_to_one,0.311371,False,pending
doi:10.22460/parole,Parole : Jurnal Pendidikan Bahasa dan Sastra Indonesia,2024,en,metadata,STM-METADATA-EN,2,0.44220087979676515,BERTopic-METADATA-MULTILINGUAL,1,0.9092036481435947,False,language_specific_match,0.026388,True,pending
doi:10.22492/ije.13.3.09,A Ground-Based Study on School Management Committees: Insights from School Principals,2025,en,metadata,STM-METADATA-EN,15,0.4377037171801895,BERTopic-METADATA-MULTILINGUAL,-1,0.0,True,language_specific_match,0.023188,True,pending
doi:10.22515/jemin.v2i2.4399,Construction of organizational culture for ideal performance of Islamic-based junior high schools in Indonesia,2022,en,metadata,STM-METADATA-EN,12,0.6090679625700159,BERTopic-METADATA-MULTILINGUAL,11,1.0,False,one_to_one,0.311371,False,pending
doi:10.22515/jemin.v4i1.9102,School management and organizational culture towards teachers` performance: The perspective of educational transformation,2024,en,metadata,STM-METADATA-EN,16,0.49947128172654515,BERTopic-METADATA-MULTILINGUAL,-1,0.0,True,weak_match,0.01087,False,pending
doi:10.22521/edupij.2024.131.1,School Leadership and Management in the Age of Artificial Intelligence (AI): Recent Developments and Future Prospects,2024,en,metadata,STM-METADATA-EN,8,0.6060810388081601,BERTopic-METADATA-MULTILINGUAL,9,1.0,False,language_specific_match,0.041522,False,pending
doi:10.22521/edupij.2025.16.227,Challenges Faced by School Management Teams in Managing Rural Schools in Three Selected Schools in South Africa,2025,en,metadata,STM-METADATA-EN,11,0.7807046423840373,BERTopic-METADATA-MULTILINGUAL,-1,0.0,True,language_specific_match,0.03493,False,pending
doi:10.22541/au.172254873.34023165/v1,School management system project report,2024,en,metadata,STM-METADATA-EN,4,0.5467554564414723,BERTopic-METADATA-MULTILINGUAL,2,0.9696253400833266,False,language_specific_match,0.040046,False,pending
doi:10.22553/keas.2020.38.1.79,Does Democratic School Management Bring Innovations into Hyukshin School in Seoul?,2020,en,metadata,STM-METADATA-EN,1,0.8372237163241704,BERTopic-METADATA-MULTILINGUAL,-1,0.0,True,language_specific_match,0.038418,False,pending
doi:10.22633/rpge.v24i2.13255,"Nova gestão pública, educação e gestão escolar",2020,en,metadata,STM-METADATA-EN,1,0.5707370493583449,BERTopic-METADATA-MULTILINGUAL,-1,0.0,True,language_specific_match,0.038418,False,pending
doi:10.22633/rpge.v24i2.13609,A eleição direta de diretor escolar: desafios na gestão democrática no município de Medicilândia - Pará,2020,en,metadata,STM-METADATA-EN,1,0.9497861655665342,BERTopic-METADATA-MULTILINGUAL,-1,0.0,True,language_specific_match,0.038418,False,pending
doi:10.22633/rpge.v24iesp2.14331,Desafios da gestão nas escolas das águas,2020,en,metadata,STM-METADATA-EN,1,0.7407252756150211,BERTopic-METADATA-MULTILINGUAL,1,0.9145347199403383,False,language_specific_match,0.025568,False,pending
doi:10.22633/rpge.v25iesp.2.15266,District school officials of the Kazan Province in the school management system in the first half of the 19th century,2021,en,metadata,STM-METADATA-EN,2,0.5764333020732684,BERTopic-METADATA-MULTILINGUAL,1,0.9145347199403383,False,language_specific_match,0.026388,False,pending
doi:10.2307/jj.22246954.24,DIRECCIÓN ESCOLAR Y SU FORMACIÓN.,2024,en,metadata,STM-METADATA-EN,2,0.774309454263201,BERTopic-METADATA-MULTILINGUAL,-1,0.0,True,language_specific_match,0.046404,False,pending
doi:10.23857/pc.v6i1.2182,La función supervisora como proceso complejo en la gestión escolar,2021,en,metadata,STM-METADATA-EN,2,0.6257391997855674,BERTopic-METADATA-MULTILINGUAL,-1,0.0,True,language_specific_match,0.046404,False,pending
doi:10.23887/ijerr.v6i2.66039,Strengthening School Management with Digital Education Technology to Improve the Quality of Educational Output,2023,en,metadata,STM-METADATA-EN,8,0.515052880403951,BERTopic-METADATA-MULTILINGUAL,2,1.0,False,one_to_one,0.29716,False,pending
doi:10.23887/jipp.v8i1.73725,School Management Model to Improve Teacher Performance in Elementary Schools,2024,en,metadata,STM-METADATA-EN,16,0.27809408080301673,BERTopic-METADATA-MULTILINGUAL,13,1.0,False,one_to_one,0.250824,True,pending
doi:10.23887/jppp.v7i3.57587,School Effectiveness: Institutional Benchmarking for Vocational High School Management,2023,en,metadata,STM-METADATA-EN,11,0.2503002265854561,BERTopic-METADATA-MULTILINGUAL,1,1.0,False,language_specific_match,0.021172,True,pending
doi:10.23917/ijolae.v6i3.23839,Transforming Educational Leadership: Digital Applications of Ki Hajar Dewantara's Leadership Principles,2024,en,metadata,STM-METADATA-EN,5,0.2845719719254418,BERTopic-METADATA-MULTILINGUAL,0,0.8125132110301091,False,STM_split_by_BERTopic,0.145598,True,pending
doi:10.23918/ijsses.v9i4p24,Impact of School Management Teams on Educator Job Satisfaction,2022,en,metadata,STM-METADATA-EN,11,0.44041693531607246,BERTopic-METADATA-MULTILINGUAL,13,1.0,False,weak_match,0.012513,False,pending
doi:10.23919/ist-africa56635.2022.9845593,School Management Information System (SMIS) for the Elite College,2022,en,metadata,STM-METADATA-EN,8,0.9719841461843046,BERTopic-METADATA-MULTILINGUAL,2,0.9696253400833266,False,one_to_one,0.29716,False,pending
doi:10.23960/jpp.v14.i2.202487,School Management Model Based on Community Participation HARMONY Approach to Improving School Quality,2024,en,metadata,STM-METADATA-EN,6,0.42149746468107274,BERTopic-METADATA-MULTILINGUAL,1,1.0,False,partial_overlap,0.065208,False,pending
doi:10.23977/aduhe.2024.060422,Opportunities and challenges of school management in the digital era,2024,en,metadata,STM-METADATA-EN,8,0.5035392609206946,BERTopic-METADATA-MULTILINGUAL,2,1.0,False,one_to_one,0.29716,True,pending
doi:10.24018/ejedu.2023.4.2.536,Parental Roles in Attending Schools' management Meetings and Pupils' Academic Performance in Uganda,2023,en,metadata,STM-METADATA-EN,14,0.7929855324586804,BERTopic-METADATA-MULTILINGUAL,-1,0.0,True,language_specific_match,0.031956,False,pending
doi:10.24023/futurejournal/2175-5825/2020.v12i3.517,Strategic Management in Public Administration: A Balanced Scorecard Applicability Framework in School Management,2020,en,metadata,STM-METADATA-EN,13,0.6859633716690334,BERTopic-METADATA-MULTILINGUAL,1,0.9462430277346507,False,language_specific_match,0.021005,False,pending
doi:10.24036/ijeds.v6i2.472,Communication Strategies of School Principals for Effective School Management: A Literature Review,2024,en,metadata,STM-METADATA-EN,9,0.660379541424329,BERTopic-METADATA-MULTILINGUAL,1,0.8807584715836397,False,weak_match,0.01865,True,pending
doi:10.24036/jptk.v5i2.27123,"School management in the ""Sekolah Penggerak"" curriculum in vocational high school",2022,en,metadata,STM-METADATA-EN,12,0.8290046291622809,BERTopic-METADATA-MULTILINGUAL,1,0.9269819796166362,False,language_specific_match,0.0371,False,pending
doi:10.24036/nara.v1i3.69,Problematika Layanan Bimbingan dan Konseling di Sekolah,2022,en,metadata,STM-METADATA-EN,4,0.9463046980518177,BERTopic-METADATA-MULTILINGUAL,-1,0.0,True,weak_match,0.015873,False,pending
doi:10.24036/spektrumpls.v9i4.114283,Natural School Management: A New Paradigm for Education,2021,en,metadata,STM-METADATA-EN,12,0.9692379857489025,BERTopic-METADATA-MULTILINGUAL,-1,0.0,True,weak_match,0.019588,False,pending
doi:10.24042/terampil.v12i1.27890,21st Century Elementary School Management: CreativeStrategies towards Meaningful Learning,2025,en,metadata,STM-METADATA-EN,9,0.37725569491346456,BERTopic-METADATA-MULTILINGUAL,-1,0.0,True,language_specific_match,0.037234,True,pending
doi:10.24198/sosiohumaniora.v22i3.28377,INFORMATION TECHNOLOGY-BASED MANAGEMENT EDUCATION IN VOCATIONAL HIGH SCHOOLS,2020,en,metadata,STM-METADATA-EN,4,0.5335433739300153,BERTopic-METADATA-MULTILINGUAL,2,1.0,False,language_specific_match,0.040046,False,pending
doi:10.24234/miopap.v10i1.460,MAIN COMPONENTS OF SCHOOL MANAGEMENT MODEL USING INFORMATION AND COMMUNICATIONS TECHNOLOGIES,2023,en,metadata,STM-METADATA-EN,8,0.5352718982681158,BERTopic-METADATA-MULTILINGUAL,2,0.9696253400833266,False,one_to_one,0.29716,False,pending
doi:10.24234/miopap.v3i3.255,"EDUCATIONAL LEADERSHIP AND MANAGEMENT: THEORY, POLICY, AND PRACTICE",2020,en,metadata,STM-METADATA-EN,5,0.3812567199430586,BERTopic-METADATA-MULTILINGUAL,0,1.0,False,STM_split_by_BERTopic,0.145598,False,pending
doi:10.24256/kelola.v5i2.1556,PENINGKATAN MUTU PENDIDIKAN BERBASIS MANAJEMEN SEKOLAH MODEL,2020,en,metadata,STM-METADATA-EN,4,0.6920787528079483,BERTopic-METADATA-MULTILINGUAL,1,1.0,False,STM_split_by_BERTopic,0.111995,False,pending
doi:10.24256/kelola.v8i1.3452,PEMANFAATAN TEKNOLOGI INFORMASI DALAM MENUNJANG MUTU PENDIDIKAN SEKOLAH,2023,en,metadata,STM-METADATA-EN,8,0.5530708894871522,BERTopic-METADATA-MULTILINGUAL,2,1.0,False,one_to_one,0.29716,False,pending
doi:10.24256/kelola.v8i1.3556,KOLABORASI SEKOLAH DENGAN ORANG TUA DALAM MENINGKATKAN PROSES BELAJAR PESERTA DIDIK,2023,en,metadata,STM-METADATA-EN,12,0.9679032080801089,BERTopic-METADATA-MULTILINGUAL,10,1.0,False,weak_match,0.013569,False,pending
doi:10.24265/iggp.2021.v8n1.04,La motivación intrínseca y su relación con la gestión pública de los directores de la Unidad de Gestión Educativa Local N° 06 -Lima,2021,en,metadata,STM-METADATA-EN,14,0.4627455258003708,BERTopic-METADATA-MULTILINGUAL,-1,0.0,True,language_specific_match,0.031956,True,pending
doi:10.24297/jssr.v15i.8604,THE SUPPORTIVE ROLE OF SCHOOL MANAGEMENT ON THE WORK SATISFACTION OF MALE TEACHERS IN A SOUTH AFRICAN SCHOOL DISTRICT,2020,en,metadata,STM-METADATA-EN,16,0.48284770897611395,BERTopic-METADATA-MULTILINGUAL,13,1.0,False,one_to_one,0.250824,False,pending
doi:10.24297/jssr.v17i.8796,School Management Strategies to Improve Parental Involvement: Insights from School Principals in Southern Tshwane Primary Schools,2021,en,metadata,STM-METADATA-EN,7,0.2785658381225525,BERTopic-METADATA-MULTILINGUAL,10,1.0,False,language_specific_match,0.043192,True,pending
doi:10.24331/ijere.676915,Social-Emotional Educational Leadership: A Study of Scale Adaptation,2020,en,metadata,STM-METADATA-EN,7,0.8919060361642496,BERTopic-METADATA-MULTILINGUAL,-1,0.0,True,language_specific_match,0.024444,False,pending
doi:10.2478/amns-2025-0528,A study of the impact of the public management concept on the reform of the modern school management system,2025,en,metadata,STM-METADATA-EN,14,0.33280798714054494,BERTopic-METADATA-MULTILINGUAL,-1,0.0,True,language_specific_match,0.031956,True,pending
doi:10.2478/atd-2020-0022,"Differences and Similarities between Coaching, Instructional and Educational Leadership Styles",2020,en,metadata,STM-METADATA-EN,5,0.6246536626593092,BERTopic-METADATA-MULTILINGUAL,0,1.0,False,STM_split_by_BERTopic,0.145598,False,pending
doi:10.2478/gssfj-2022-0002,Educational leadership across cultures,2022,en,metadata,STM-METADATA-EN,3,0.46155178662541246,BERTopic-METADATA-MULTILINGUAL,0,1.0,False,partial_overlap,0.100561,False,pending
doi:10.2478/picbe-2024-0206,Evolution of Educational Leadership: A Bibliometric Analysis of International Publications,2024,en,metadata,STM-METADATA-EN,13,0.6297827295606773,BERTopic-METADATA-MULTILINGUAL,0,1.0,False,language_specific_match,0.024837,False,pending
doi:10.24815/jr.v8i3.48020,Designing Change in Organizations: A Systematic Literature Review of Intuition-Based Transformational Leadership in Islamic School Management,2025,en,metadata,STM-METADATA-EN,13,0.5355525618512132,BERTopic-METADATA-MULTILINGUAL,-1,0.0,True,weak_match,0.014698,False,pending
doi:10.24818/rmci.2021.1.74,Educational Leadership and ICT Implementation in Israeli Arab Sector - towards a Model of Hybrid Leadership,2021,en,metadata,STM-METADATA-EN,5,0.40179637896398435,BERTopic-METADATA-MULTILINGUAL,-1,0.0,True,weak_match,0.015385,False,pending
doi:10.24857/rgsa.v18n8-037,"The Influence of Transformative Learning, Affective Commitment, Digital Transformation, Capability Dynamic, Ambidexterity, and Education Policy Toward Educational Leadership: A Case from Indonesia",2024,en,metadata,STM-METADATA-EN,16,0.33957123335063194,BERTopic-METADATA-MULTILINGUAL,0,0.8634261275633465,False,language_specific_match,0.025659,True,pending
doi:10.24940/theijbm/2021/v9/i5/bm2105-049,Stakeholders' Participation in School Management and Enhancement of Learners' Academic Achievement in Government-Aided Secondary Schools in Uganda,2021,en,metadata,STM-METADATA-EN,15,0.4159770896189154,BERTopic-METADATA-MULTILINGUAL,-1,0.0,True,language_specific_match,0.023188,True,pending
doi:10.25046/aj050366,Business Process Design for Widuri Indah School Management System with the Support of Cloud Computing,2020,en,metadata,STM-METADATA-EN,4,0.9224226128267602,BERTopic-METADATA-MULTILINGUAL,2,0.9696253400833266,False,language_specific_match,0.040046,False,pending
doi:10.25073/2588-1159/vnuer.4835,Primary School Management and Culture in Digital Transformation,2023,en,metadata,STM-METADATA-EN,13,0.2569379848619516,BERTopic-METADATA-MULTILINGUAL,2,1.0,False,partial_overlap,0.069068,True,pending
doi:10.25077/amar.9.2.145-173.2025,"Exploring Principal Identity Models for Effective School Management in uMgungundlovu District, South Africa",2025,en,metadata,STM-METADATA-EN,5,0.4189073714006836,BERTopic-METADATA-MULTILINGUAL,0,1.0,False,STM_split_by_BERTopic,0.145598,False,pending
doi:10.25115/eea.v39i12.6463,"Interplay of Shared Leadership Practices of Principals, Teachers' Soft Skills and Learners' Competitiveness in COVID 19 Era: Implications to Economics of Educational Leadership",2021,en,metadata,STM-METADATA-EN,5,0.5524139513362304,BERTopic-METADATA-MULTILINGUAL,6,0.9315571118618742,False,weak_match,0.013548,False,pending
doi:10.25147/ijcsr.2017.001.1.74,"Designing and Implementing e-School Systems: An Information Systems Approach to School Management of a Community College in Northern Mindanao, Philippines",2021,en,metadata,STM-METADATA-EN,8,0.7587348256400155,BERTopic-METADATA-MULTILINGUAL,2,0.9696253400833266,False,one_to_one,0.29716,False,pending
doi:10.25212/lfu.qzj.7.2.26,Experiences of Applying Electronic School Management in A Number of Countries and the Possibility of Benefiting from Them,2022,en,metadata,STM-METADATA-EN,13,0.7534024653191861,BERTopic-METADATA-MULTILINGUAL,2,0.9829099946840583,False,partial_overlap,0.069068,False,pending
doi:10.25217/ji.v7i1.1636,Dimensional Analysis of School Based Pesantren Design Development,2022,en,metadata,STM-METADATA-EN,12,0.5718429823052862,BERTopic-METADATA-MULTILINGUAL,1,1.0,False,language_specific_match,0.0371,False,pending
doi:10.25236/fer.2020.031424,Higher Educational Leadership Reform in China -- from Centralisation to Decentralisation: a Case Study of a Democratic Leader,2020,en,metadata,STM-METADATA-EN,2,0.26395286222593967,BERTopic-METADATA-MULTILINGUAL,-1,0.0,True,language_specific_match,0.046404,True,pending
doi:10.25446/oxford.21107554,Personnel Management and School Productivity: Evidence from India,2021,en,metadata,STM-METADATA-EN,6,0.9259250604254111,BERTopic-METADATA-MULTILINGUAL,-1,0.0,True,language_specific_match,0.045401,False,pending
doi:10.25446/oxford.21107608.v1,System Coherence for Learning: Applications of the RISE Education Systems Framework,2022,en,metadata,STM-METADATA-EN,8,0.5385532883333992,BERTopic-METADATA-MULTILINGUAL,-1,0.0,True,weak_match,0.004103,False,pending
doi:10.25656/01:21953,Der Seiteneinstieg in den Lehrerberuf in Nordrhein-Westfalen. Perspektiven von Schulleitungen und Ausbildungsbeauftragten,2020,en,metadata,STM-METADATA-EN,11,0.47265555777164026,BERTopic-METADATA-MULTILINGUAL,-1,0.0,True,language_specific_match,0.03493,False,pending
doi:10.26634/jpsy.15.4.18772,A case study on the relationship between narcissistic personality tendency and mobbing behaviors in school management,2022,en,metadata,STM-METADATA-EN,5,0.731137139094832,BERTopic-METADATA-MULTILINGUAL,-1,0.0,True,weak_match,0.015385,False,pending
doi:10.26689/jcer.v8i7.7800,Study on the Coordination Mechanism Between Higher Vocational Students' Career Development Planning and School Management,2024,en,metadata,STM-METADATA-EN,4,0.715581387999401,BERTopic-METADATA-MULTILINGUAL,-1,0.0,True,weak_match,0.015873,False,pending
doi:10.26740/jdmp.v5n1.p10-21,Implementasi Manajemen Mutu di SDN Prambon,2020,en,metadata,STM-METADATA-EN,12,0.6532571233533703,BERTopic-METADATA-MULTILINGUAL,1,1.0,False,language_specific_match,0.0371,False,pending
doi:10.26803/ijlter.20.4.15,"Revisiting Robert Axelrod: Cooperation, School Management and Teacher Unions",2021,en,metadata,STM-METADATA-EN,2,0.40555833475846137,BERTopic-METADATA-MULTILINGUAL,-1,0.0,True,language_specific_match,0.046404,False,pending
doi:10.26803/ijlter.21.7.12,A Call to Strengthen Instructional Leadership to Support Learner Achievement During and Post COVID-19: A Systematic Literature Review Approach,2022,en,metadata,STM-METADATA-EN,5,0.31680646334228596,BERTopic-METADATA-MULTILINGUAL,6,0.9315571118618742,False,weak_match,0.013548,False,pending
doi:10.26803/ijlter.22.9.26,Determining the Roles of School Management Teams in Fostering Entrepreneurship among Learners,2023,en,metadata,STM-METADATA-EN,15,0.40658959806413025,BERTopic-METADATA-MULTILINGUAL,1,0.9269819796166362,False,weak_match,0.004824,False,pending
doi:10.26803/ijlter.23.8.18,Factors to Improve School Management and Social Science Student Learning Outcomes Through Cooperation with Parents,2024,en,metadata,STM-METADATA-EN,12,0.49967531231182466,BERTopic-METADATA-MULTILINGUAL,10,1.0,False,weak_match,0.013569,True,pending
doi:10.26803/ijlter.23.8.32,"""Panca Sthiti Dharmaning Prabu"" - the Concept of Educational Leadership - and Its Relationship to Character Strengthening: A Phenomenological Study in Hindu-Based Schools",2024,en,metadata,STM-METADATA-EN,12,0.5015846700180714,BERTopic-METADATA-MULTILINGUAL,11,1.0,False,one_to_one,0.311371,False,pending
doi:10.26858/jiap.v9i2.12333,Analysis of the Principal's Role in Improving the Quality of Primary School Management,2020,en,metadata,STM-METADATA-EN,4,0.6427225596044344,BERTopic-METADATA-MULTILINGUAL,1,0.9145347199403383,False,STM_split_by_BERTopic,0.111995,False,pending
doi:10.26877/mpp.v16i1.12148,Transformasi Digital Manajemen Pendidikan,2022,en,metadata,STM-METADATA-EN,13,0.47149711474536055,BERTopic-METADATA-MULTILINGUAL,2,1.0,False,partial_overlap,0.069068,False,pending
doi:10.28945/4642,A Case Study of Educational Leadership Doctoral Students: Developing Culturally Competent School Leadership Through Study Abroad,2020,en,metadata,STM-METADATA-EN,5,0.9523918749269789,BERTopic-METADATA-MULTILINGUAL,-1,0.0,True,weak_match,0.015385,False,pending
doi:10.29007/3542,Perceptions of school management on cyber threats: The case of resource-constrained schools in South Africa,2024,en,metadata,STM-METADATA-EN,11,0.5681927867488673,BERTopic-METADATA-MULTILINGUAL,2,0.7246773039302619,False,weak_match,0.011938,True,pending
doi:10.29086/2519-5476/2021/v28n1a13,The Perceptions and Experiences of School Management Teams and Teachers regarding Continuing Professional Development of Teachers in Digital Literacy amidst the COVID-19 Pandemic,2021,en,metadata,STM-METADATA-EN,10,0.6472715236841535,BERTopic-METADATA-MULTILINGUAL,6,1.0,False,one_to_one,0.321491,False,pending
doi:10.29103/ijevs.v2i10.3309,The School Management in The Islamic-Based Excellent Vocational High School,2020,en,metadata,STM-METADATA-EN,12,0.5988006776949236,BERTopic-METADATA-MULTILINGUAL,11,1.0,False,one_to_one,0.311371,False,pending
doi:10.29103/ijevs.v2i8.2759,Indonesian School Management Overseas (Case Study in Indonesia Kuala Lumpur School),2020,en,metadata,STM-METADATA-EN,12,0.7932042892165669,BERTopic-METADATA-MULTILINGUAL,-1,0.0,True,weak_match,0.019588,False,pending
doi:10.29121/granthaalayah.v9.i5.2021.3943,HOW SHOULD THE CLASSROOM BE MANAGED DURING THE COVID-19 PANDEMIC?,2021,en,metadata,STM-METADATA-EN,10,0.5116192496065587,BERTopic-METADATA-MULTILINGUAL,6,1.0,False,one_to_one,0.321491,False,pending
doi:10.29173/iasl8023,School Librarians and Educational Leadership: Productive Pedagogy for the Information Age School,2021,en,metadata,STM-METADATA-EN,9,0.4866090395870745,BERTopic-METADATA-MULTILINGUAL,-1,0.0,True,language_specific_match,0.037234,False,pending
doi:10.29228/joh.61935,THE RESTRUCTURING OF SCHOOL MANAGEMENT IN THE EFFECT OF CHANGE AND GLOBALIZATION,2022,en,metadata,STM-METADATA-EN,14,0.22859342719913583,BERTopic-METADATA-MULTILINGUAL,1,0.8784217547614401,False,language_specific_match,0.0205,True,pending
doi:10.29240/estetik.v3i1.1479,Manajemen Sekolah dalam Pengelolaan Kegiatan Guru Bahasa Indonesa di Sekolah Dasar,2020,en,metadata,STM-METADATA-EN,12,0.8498319436028448,BERTopic-METADATA-MULTILINGUAL,1,0.9092036481435947,False,language_specific_match,0.0371,False,pending
doi:10.29240/jsmp.v9i1.13063,"Implementation of Health Promoting School Management at SD Negeri 01 Pesantren, Pemalang Central Java : Toward a Whole-School Approach",2025,en,metadata,STM-METADATA-EN,12,0.6135158841150224,BERTopic-METADATA-MULTILINGUAL,-1,0.0,True,weak_match,0.019588,False,pending
doi:10.29303/jppipa.v10i4.7033,The Impact of Educational Management Information Systems (EMIS) on Effective School Management in Tanzania,2024,en,metadata,STM-METADATA-EN,8,0.506371354880826,BERTopic-METADATA-MULTILINGUAL,2,0.9829099946840583,False,one_to_one,0.29716,False,pending
doi:10.29303/prospek.v1i3.20,PERAN BIMBINGAN DAN KONSELING DALAM PENYELENGGARAAN PENDIDIKAN INKLUSIF,2020,en,metadata,STM-METADATA-EN,4,0.8034079390298464,BERTopic-METADATA-MULTILINGUAL,-1,0.0,True,weak_match,0.015873,False,pending
doi:10.29322/ijsrp.12.01.2022.p12164,A Proposed Evaluation Framework for School Management Information Systems (SMIS) in secondary schools,2022,en,metadata,STM-METADATA-EN,8,0.6784274322545136,BERTopic-METADATA-MULTILINGUAL,2,0.6773596127307675,False,one_to_one,0.29716,False,pending
doi:10.29333/aje.2020.511a,School Management Mechanisms and Control of Discipline among Pupils in Primary Schools: An Analysis of Discipline in Upper Primary Level,2020,en,metadata,STM-METADATA-EN,14,0.9786615884994733,BERTopic-METADATA-MULTILINGUAL,1,0.9145347199403383,False,language_specific_match,0.0205,False,pending
doi:10.29333/ajqr/14397,Teachers' Perceptions Towards Decision-Making Processes: A Case Study of Secondary Schools in Rwanda,2024,en,metadata,STM-METADATA-EN,9,0.3246879779535534,BERTopic-METADATA-MULTILINGUAL,-1,0.0,True,language_specific_match,0.037234,True,pending
doi:10.29333/iji.2020.13428a,Teachers' Professional Development Level across Cohort of Generations in Malaysia,2020,en,metadata,STM-METADATA-EN,14,0.4253941405638226,BERTopic-METADATA-MULTILINGUAL,-1,0.0,True,language_specific_match,0.031956,False,pending
doi:10.2991/978-2-38476-004-6_62,A Study on the Effect of Japanese Parents' Participation in School Management System,2023,en,metadata,STM-METADATA-EN,1,0.7615672046649914,BERTopic-METADATA-MULTILINGUAL,10,1.0,False,weak_match,0.016933,False,pending
doi:10.2991/978-2-38476-114-2_11,The Implementation of Malcolm Baldrige Education Criteria for Performance Excellence in Private Primary School Management (A Case Study Qualitative),2023,en,metadata,STM-METADATA-EN,12,0.39150854286373127,BERTopic-METADATA-MULTILINGUAL,-1,0.0,True,weak_match,0.019588,False,pending
doi:10.2991/assehr.k.200303.026,Study of Higher School Management for International Level Acceleration in Muhammadiyah University of Malang,2020,en,metadata,STM-METADATA-EN,4,0.3844670304087994,BERTopic-METADATA-MULTILINGUAL,11,0.9310411185137485,False,weak_match,0.016139,True,pending
doi:10.2991/assehr.k.200323.013,The Positive Effects of Infrastructure Management in Fine Art Learning (A Literature Study on School Management),2020,en,metadata,STM-METADATA-EN,4,0.484490965336753,BERTopic-METADATA-MULTILINGUAL,7,0.9999788921939083,False,weak_match,0.017022,False,pending
doi:10.2991/assehr.k.200513.015,Contribution of School Management Based on Local Values of Tri Hita Karana and Leadership Service,2020,en,metadata,STM-METADATA-EN,16,0.634773004688617,BERTopic-METADATA-MULTILINGUAL,-1,0.0,True,weak_match,0.01087,False,pending
doi:10.2991/assehr.k.200824.147,School Management in the Implementation of Character Values in the Teaching-Learning Process,2020,en,metadata,STM-METADATA-EN,12,0.5032300515984482,BERTopic-METADATA-MULTILINGUAL,11,1.0,False,one_to_one,0.311371,True,pending
doi:10.2991/assehr.k.201214.326,Subject Teacher Deliberation: Role and Functions in School Management,2020,en,metadata,STM-METADATA-EN,13,0.36892671155474716,BERTopic-METADATA-MULTILINGUAL,-1,0.0,True,weak_match,0.014698,False,pending
doi:10.2991/assehr.k.210226.001,CALL in Asia During Covid-19 and Models of E-Learning,2021,en,metadata,STM-METADATA-EN,13,0.34250735161056883,BERTopic-METADATA-MULTILINGUAL,6,1.0,False,weak_match,0.004761,True,pending
doi:10.2991/assehr.k.210615.042,Effective School Management in Industrial Revolution Era 4.0,2021,en,metadata,STM-METADATA-EN,8,0.4522720351508253,BERTopic-METADATA-MULTILINGUAL,-1,0.0,True,weak_match,0.004103,False,pending
doi:10.2991/assehr.k.210716.269,The Effect of School Leadership and Management on Teacher Performance in Cluster IV of East Baturaja,2021,en,metadata,STM-METADATA-EN,16,0.7337948644109796,BERTopic-METADATA-MULTILINGUAL,13,0.9100582645200085,False,one_to_one,0.250824,False,pending
doi:10.2991/assehr.k.211110.092,Online Learning Implementation During the COVID-19 Pandemic,2021,en,metadata,STM-METADATA-EN,10,0.5082364989536038,BERTopic-METADATA-MULTILINGUAL,6,1.0,False,one_to_one,0.321491,False,pending
doi:10.30534/ijeter/2020/124872020,Designing and Evaluating Representational State Transfer Architecture for School Management Information System,2020,en,metadata,STM-METADATA-EN,8,0.8504528339995849,BERTopic-METADATA-MULTILINGUAL,2,0.9696253400833266,False,one_to_one,0.29716,False,pending
doi:10.30543/10-2(2021)-4,Role of the School Management for the Improvement of Teachers Satisfaction during the Conduction of Performance Appraisal System,2021,en,metadata,STM-METADATA-EN,16,0.32334033693874664,BERTopic-METADATA-MULTILINGUAL,13,1.0,False,one_to_one,0.250824,True,pending
doi:10.30596/maneggio.v3i1.4741,"Pengaruh Pengawasan, Motivasi dan Disiplin Terhadap Kinerja Guru pada Yayasan Pendidikan Islam Terpadu Kuntum Bumi Rantauprapat",2020,en,metadata,STM-METADATA-EN,16,0.6807735710396325,BERTopic-METADATA-MULTILINGUAL,13,1.0,False,one_to_one,0.250824,False,pending
doi:10.30762/realita.v16i1.674,Urgensi Manajemen Peningkatan Mutu Berbasis Sekolah Di Lembaga Pendidikan Islam,2022,en,metadata,STM-METADATA-EN,1,0.3538456194734372,BERTopic-METADATA-MULTILINGUAL,11,1.0,False,weak_match,0.005196,True,pending
doi:10.30828/real.1134984,Education in Emergency: Lessons Learned About School Management Practices and Digital Technologies,2023,en,metadata,STM-METADATA-EN,10,0.6544558689528799,BERTopic-METADATA-MULTILINGUAL,6,0.5709519203693398,False,one_to_one,0.321491,True,pending
doi:10.30828/real.1275282,"Practices, Challenges, and prospects of Implementing School-Based Management (SBM) System in Ethiopian Schools: Implications for Policy Makers",2023,en,metadata,STM-METADATA-EN,11,0.42842829232148066,BERTopic-METADATA-MULTILINGUAL,-1,0.0,True,language_specific_match,0.03493,False,pending
doi:10.30828/real.1330936,Studying Negative Aspects in Educational Leadership: The Benefits of Qualitative Methodologies,2023,en,metadata,STM-METADATA-EN,13,0.6977877184837521,BERTopic-METADATA-MULTILINGUAL,0,1.0,False,language_specific_match,0.024837,False,pending
doi:10.30828/real.1485901,School Management Activities in a Digital Age: An International Comparison Based on ICILS 2018,2024,en,metadata,STM-METADATA-EN,8,0.38682976185037404,BERTopic-METADATA-MULTILINGUAL,2,1.0,False,one_to_one,0.29716,True,pending
doi:10.30828/real/2020.1.1,Simulations for the Learning of Decision Making in Educational Leadership in the Context of the Chilean School System,2020,en,metadata,STM-METADATA-EN,5,0.6000332184238734,BERTopic-METADATA-MULTILINGUAL,0,1.0,False,STM_split_by_BERTopic,0.145598,False,pending
doi:10.30828/real/2020.2.4,Principal Turnover: When is it a Problem and for Whom? Mapping Out Variations Within the Swedish Case,2020,en,metadata,STM-METADATA-EN,10,0.43047718503010785,BERTopic-METADATA-MULTILINGUAL,-1,0.0,True,weak_match,0.011828,False,pending
doi:10.30828/real/2021.3.4,A Multilateral Model for Decolonising African Educational Leadership: Addressing Conceptual Problems and Integrating the Past-Present Continuum across the Local-Global Axis,2021,en,metadata,STM-METADATA-EN,3,0.7288477059928101,BERTopic-METADATA-MULTILINGUAL,0,0.9968536400652045,False,partial_overlap,0.100561,False,pending
doi:10.30900/kafkasegt.1192563,Attributes and Actions of Principals as Instructional Leaders in Empowering School Management Teams (SMTs) in Schools,2024,en,metadata,STM-METADATA-EN,5,0.39834388043685365,BERTopic-METADATA-MULTILINGUAL,-1,0.0,True,weak_match,0.015385,True,pending
doi:10.30954/2230-7311.2.2024.8,Functioning of School Management Committee (SMCs) in Tribal Areas School of Odisha,2024,en,metadata,STM-METADATA-EN,15,0.6324605480796265,BERTopic-METADATA-MULTILINGUAL,-1,0.0,True,language_specific_match,0.023188,False,pending
doi:10.30957/cendekia.v14i2.642,"Pengaruh Gaya Kepemimpinan Virtual terhadap Penguasaan Manajemen dan Kinerja Kepala SD di Tanah Grogot, Kalimantan Timur",2020,en,metadata,STM-METADATA-EN,16,0.4652614798921315,BERTopic-METADATA-MULTILINGUAL,0,1.0,False,language_specific_match,0.025659,False,pending
doi:10.30996/dia.v21i01.7594,ANALYSIS OF SCHOOL MANAGEMENT IN REALIZING QUALITY CULTURE IN MADIUN CITY,2023,en,metadata,STM-METADATA-EN,4,0.6609271432480148,BERTopic-METADATA-MULTILINGUAL,1,1.0,False,STM_split_by_BERTopic,0.111995,False,pending
doi:10.30998/fjik.v8i3.8607,Best Practices Forest School Management in Early Childhood Education,2021,en,metadata,STM-METADATA-EN,12,0.5934837189909334,BERTopic-METADATA-MULTILINGUAL,-1,0.0,True,weak_match,0.019588,False,pending
doi:10.31014/aior.1993.04.01.189,The Structural Model of Indicators of Educational Leadership for Primary School Principals,2021,en,metadata,STM-METADATA-EN,7,0.9076951199276144,BERTopic-METADATA-MULTILINGUAL,0,1.0,False,language_specific_match,0.02042,False,pending
doi:10.31014/aior.1993.05.04.569,Democratic School Management and Social Capital,2022,en,metadata,STM-METADATA-EN,1,0.4006422119162608,BERTopic-METADATA-MULTILINGUAL,-1,0.0,True,language_specific_match,0.038418,True,pending
doi:10.3102/2018999,Kapwa (Shared Identity): Filipino American Perspectives and Responses to Educational Leadership,2023,en,metadata,STM-METADATA-EN,3,0.9181797235017338,BERTopic-METADATA-MULTILINGUAL,0,1.0,False,partial_overlap,0.100561,False,pending
doi:10.31149/ijie.v4i2.1225,School management crisis plan: a preemtive mission in schools,2021,en,metadata,STM-METADATA-EN,10,0.40047695250987475,BERTopic-METADATA-MULTILINGUAL,-1,0.0,True,weak_match,0.011828,False,pending
doi:10.31244/dds.2020.03.05,Aus- und Weiterbildung von Schulleitenden in der deutschsprachigen Schweiz,2020,en,metadata,STM-METADATA-EN,1,0.5575821801337438,BERTopic-METADATA-MULTILINGUAL,-1,0.0,True,language_specific_match,0.038418,False,pending
doi:10.3126/ed.v30i1.49524,Role of Head Teacher in School Management: A Case of High School in China,2020,en,metadata,STM-METADATA-EN,9,0.2542685564196226,BERTopic-METADATA-MULTILINGUAL,0,1.0,False,partial_overlap,0.066593,True,pending
doi:10.3126/ija.v2i1.62820,Assessing the School Management Decision Practices: Insights from the Policy Provisions,2024,en,metadata,STM-METADATA-EN,1,0.6226110232451932,BERTopic-METADATA-MULTILINGUAL,-1,0.0,True,language_specific_match,0.038418,False,pending
doi:10.3126/jmds.v31i01.52848,School governance in Nepal: A perspective of new public management theory,2022,en,metadata,STM-METADATA-EN,1,0.9761235458998964,BERTopic-METADATA-MULTILINGUAL,-1,0.0,True,language_specific_match,0.038418,False,pending
doi:10.3126/njmr.v8i2.78025,Women in Educational Leadership: Realities and Challenges,2025,en,metadata,STM-METADATA-EN,3,0.6128725035390985,BERTopic-METADATA-MULTILINGUAL,8,1.0,False,one_to_one,0.227761,False,pending
doi:10.3126/pragyaratna.v6i2.70548,Perceptions and Practices of Educational Leadership in Community Schools of Kathmandu Metropolitan City,2024,en,metadata,STM-METADATA-EN,9,0.5279753699065105,BERTopic-METADATA-MULTILINGUAL,0,1.0,False,partial_overlap,0.066593,False,pending
doi:10.31332/str.v26i2.2360,Use of Websites in School Management: An Effort to Build School Readiness in the Era of 4.0,2020,en,metadata,STM-METADATA-EN,8,0.4132973160203617,BERTopic-METADATA-MULTILINGUAL,2,0.9696253400833266,False,one_to_one,0.29716,True,pending
doi:10.31435/ijitss.4(44).2024.2982,POLICY DEVELOPMENT FOR EFFECTIVE SCHOOL MANAGEMENT AMIDST DETERIORATING DISCIPLINE IN SECONDARY SCHOOLS IN KWAZULU-NATAL: CHALLENGES AND STRATEGIES,2024,en,metadata,STM-METADATA-EN,11,0.4480391433560091,BERTopic-METADATA-MULTILINGUAL,-1,0.0,True,language_specific_match,0.03493,False,pending
doi:10.31436/ijes.v10i2.430,Leadership Practices among Islamic Private Secondary School Principals in Southern Thailand: Validating a Model of Strategic Educational Leadership,2022,en,metadata,STM-METADATA-EN,6,0.3723607848760416,BERTopic-METADATA-MULTILINGUAL,0,1.0,False,weak_match,0.006953,True,pending
doi:10.31538/adrg.v5i1.1824,"Optimizing School Management: The Role of Managerial Skills, Organizational Climate, and Work Motivation",2025,en,metadata,STM-METADATA-EN,16,0.6483945331685844,BERTopic-METADATA-MULTILINGUAL,13,1.0,False,one_to_one,0.250824,False,pending
doi:10.31538/cjotl.v3i1.428,Islamic Boarding School Management in Forming The Religious Character of Students,2023,en,metadata,STM-METADATA-EN,12,0.986245314012012,BERTopic-METADATA-MULTILINGUAL,11,1.0,False,one_to_one,0.311371,False,pending
doi:10.31538/munaddhomah.v3i1.159,Pesantren Efektif: Studi Gaya Kepemimpinan Partisipatif,2022,en,metadata,STM-METADATA-EN,12,0.321357532803371,BERTopic-METADATA-MULTILINGUAL,0,0.8823487063405232,False,weak_match,0.006144,True,pending
doi:10.31538/munaddhomah.v6i2.1738,Optimizing Islamic Boarding School Management in the Digital Era: Analysis of Technology Effectiveness in Administration and Operations,2025,en,metadata,STM-METADATA-EN,8,0.3270393615004403,BERTopic-METADATA-MULTILINGUAL,11,1.0,False,weak_match,0.004818,True,pending
doi:10.31538/ndh.v6i1.1138,Strategic Planning in Increasing Quality of Education,2021,en,metadata,STM-METADATA-EN,4,0.6792764908645053,BERTopic-METADATA-MULTILINGUAL,1,0.886376470429025,False,STM_split_by_BERTopic,0.111995,False,pending
doi:10.31538/ndh.v7i1.2237,Strategic Management of Islamic Boarding School In Building Student Character,2022,en,metadata,STM-METADATA-EN,12,0.7748639836196954,BERTopic-METADATA-MULTILINGUAL,11,1.0,False,one_to_one,0.311371,False,pending
doi:10.31538/ndh.v8i1.3067,Implementation of Total Quality Management in the Ministry of Religion-Based Education,2023,en,metadata,STM-METADATA-EN,4,0.9286260434214404,BERTopic-METADATA-MULTILINGUAL,1,1.0,False,STM_split_by_BERTopic,0.111995,False,pending
doi:10.31538/ndhq.v10i2.140,Implementing Religious Moderation as a Strategy for Anti-Discrimination Education in Islamic School Management,2025,en,metadata,STM-METADATA-EN,9,0.5158015247403743,BERTopic-METADATA-MULTILINGUAL,11,1.0,False,weak_match,0.004521,True,pending
doi:10.31538/tijie.v4i3.598,Salafi-Based Integrated Islamic Elementary School Management,2023,en,metadata,STM-METADATA-EN,12,0.9070802790633281,BERTopic-METADATA-MULTILINGUAL,11,1.0,False,one_to_one,0.311371,False,pending
doi:10.31619/caledu.n56.1189,Un liderazgo de doble filo: directoras en establecimientos de educación inicial,2022,en,metadata,STM-METADATA-EN,5,0.5167135619049243,BERTopic-METADATA-MULTILINGUAL,0,1.0,False,STM_split_by_BERTopic,0.145598,False,pending
doi:10.31703/gssr.2020(v-i).37,Need Analysis of School Management Information System for Public Schools in Punjab (Pakistan),2020,en,metadata,STM-METADATA-EN,14,0.6537916156206994,BERTopic-METADATA-MULTILINGUAL,-1,0.0,True,language_specific_match,0.031956,False,pending
doi:10.31812/educdim.v55i0.3952,Using of Social Media in School Management: Experience of Ukraine and United States of America,2020,en,metadata,STM-METADATA-EN,13,0.825317066193896,BERTopic-METADATA-MULTILINGUAL,-1,0.0,True,weak_match,0.014698,False,pending
doi:10.31838/jcr.07.06.46,REFLECTION ON ENVIRONMENTAL AWARENESS FOR SCHOOL MANAGEMENT,2020,en,metadata,STM-METADATA-EN,15,0.3851695065997058,BERTopic-METADATA-MULTILINGUAL,-1,0.0,True,language_specific_match,0.023188,True,pending
doi:10.31851/jmksp.v6i1.4036,PENGARUH MANAJEMEN KEPALA SEKOLAH DAN PROFESIONALISME GURU TERHADAP KINERJA GURU,2020,en,metadata,STM-METADATA-EN,14,0.38769071728582727,BERTopic-METADATA-MULTILINGUAL,13,0.8893970847719803,False,language_specific_match,0.025806,True,pending
doi:10.31876/rcs.v26i0.34134,Liderazgo pedagógico en Arequipa-Perú: Competencias directivas,2020,en,metadata,STM-METADATA-EN,7,0.2060511887105423,BERTopic-METADATA-MULTILINGUAL,0,0.7804364599184442,False,language_specific_match,0.02042,True,pending
doi:10.31958/jaf.v9i1.3235,Tantangan Guru Sekolah Dasar Dalam Memahami Capaian Komponen Manajemen Sekolah,2021,en,metadata,STM-METADATA-EN,12,0.6336880571321525,BERTopic-METADATA-MULTILINGUAL,1,0.8807584715836397,False,language_specific_match,0.0371,True,pending
doi:10.31958/jt.v24i1.2879,IMPACT OF ISLAMIC VALUE TO SCHOOL MANAGEMENT: CASE STUDY OF EARLY CHILDHOOD EDUCATION PROGRAMS,2021,en,metadata,STM-METADATA-EN,12,0.9011015783524694,BERTopic-METADATA-MULTILINGUAL,11,1.0,False,one_to_one,0.311371,False,pending
doi:10.31992/0869-3617-2024-33-4-33-48,PhD Thesis on AI: a New Challenge of the Digital Era,2024,en,metadata,STM-METADATA-EN,13,0.8150602782456378,BERTopic-METADATA-MULTILINGUAL,9,1.0,False,STM_split_by_BERTopic,0.086811,False,pending
doi:10.3233/wor-210652,Post-COVID-19 ergonomic school furniture design under fuzzy logic,2021,en,metadata,STM-METADATA-EN,10,0.3942345628796835,BERTopic-METADATA-MULTILINGUAL,6,1.0,False,one_to_one,0.321491,False,pending
doi:10.32517/0234-0453-2022-37-2-5-13,"Schools' digital renewal: Steps to the ""ideal school""",2022,en,metadata,STM-METADATA-EN,13,0.6122872481414057,BERTopic-METADATA-MULTILINGUAL,2,1.0,False,partial_overlap,0.069068,False,pending
doi:10.32629/jher.v3i4.913,Research on the Role of Interpersonal Relationship in School Management,2022,en,metadata,STM-METADATA-EN,4,0.3600715658753641,BERTopic-METADATA-MULTILINGUAL,-1,0.0,True,weak_match,0.015873,True,pending
doi:10.32996/ijllt.2020.3.5.17,The Role of Rural Educational Leadership in Influencing Societal Behaviour: A Case Study of Goromonzi District: Educational Leaders' Perceptive,2020,en,metadata,STM-METADATA-EN,3,0.3950229692732612,BERTopic-METADATA-MULTILINGUAL,-1,0.0,True,language_specific_match,0.030626,True,pending
doi:10.33010/ie_rie_rediech.v14i0.1807,Los documentos normativos de gestión escolar durante el confinamiento (2020-2022) en México,2023,en,metadata,STM-METADATA-EN,2,0.3591131161589839,BERTopic-METADATA-MULTILINGUAL,-1,0.0,True,language_specific_match,0.046404,False,pending
doi:10.33043/josep.2.3.20-30,Racial and Dis/Ability Equity-Oriented Educational Leadership Preparation,2022,en,metadata,STM-METADATA-EN,3,0.7631584307884104,BERTopic-METADATA-MULTILINGUAL,8,0.835381746171889,False,one_to_one,0.227761,False,pending
doi:10.33122/ejeset.v4i1.100,The influence of educational leadership on students' academic performance in secondary schools: A case of Itilima district,2023,en,metadata,STM-METADATA-EN,14,0.760863583096892,BERTopic-METADATA-MULTILINGUAL,0,1.0,False,weak_match,0.006998,False,pending
doi:10.33140/psi.01.02.03,The Digital Edge in Education: Harnessing ICT for Optimal School Management,2023,en,metadata,STM-METADATA-EN,8,0.48529308495683104,BERTopic-METADATA-MULTILINGUAL,2,1.0,False,one_to_one,0.29716,False,pending
doi:10.33225/pec/21.79.451,"FACTORS CONTRIBUTING TO POOR LEARNER PERFORMANCE IN MATHEMATICS: A CASE OF SELECTED SCHOOLS IN MPUMALANGA PROVINCE, SOUTH AFRICA",2021,en,metadata,STM-METADATA-EN,11,0.7833938922398022,BERTopic-METADATA-MULTILINGUAL,-1,0.0,True,language_specific_match,0.03493,False,pending
doi:10.33258/birci.v4i4.2807,Implementation of School Management Functions in Effort to Improve the Quality of Education,2021,en,metadata,STM-METADATA-EN,4,0.972274416325203,BERTopic-METADATA-MULTILINGUAL,-1,0.0,True,weak_match,0.015873,False,pending
doi:10.33262/ap.v5i4.410,School management in early education centers in Ecuador,2023,en,metadata,STM-METADATA-EN,4,0.3756236246840007,BERTopic-METADATA-MULTILINGUAL,3,0.924971895490544,False,weak_match,0.008097,False,pending
doi:10.33422/ejte.2020.01.15,School Management in the Midst of Educational Technology Advancement,2020,en,metadata,STM-METADATA-EN,1,0.4831888784069759,BERTopic-METADATA-MULTILINGUAL,2,0.8817492859997506,False,weak_match,0.003668,False,pending
doi:10.33423/jhetp.v22i12.5472,School Management Factors Affecting Student Quality: A Case Study of the Thai Triam Udom Suksa Pattanakarn School Group,2022,en,metadata,STM-METADATA-EN,14,0.544810783682148,BERTopic-METADATA-MULTILINGUAL,-1,0.0,True,language_specific_match,0.031956,False,pending
doi:10.33423/jmpp.v24i3.6504,"Principals' Leadership and Technology Integration on Secondary Schools' Management in Khomas Region, Namibia",2023,en,metadata,STM-METADATA-EN,8,0.6430090654940641,BERTopic-METADATA-MULTILINGUAL,2,0.6723940796985418,False,one_to_one,0.29716,True,pending
doi:10.33474/elementeris.v3i1.8796,VISI KEPEMIMPINAN DIGITAL KEPALA SEKOLAH DASAR DI ERA TEKNOLOGI DIGITAL,2021,en,metadata,STM-METADATA-EN,12,0.7605436037463588,BERTopic-METADATA-MULTILINGUAL,2,1.0,False,weak_match,0.003665,False,pending
doi:10.33650/al-tanzim.v5i2.1970,INTEGRATED SCHOOL MANAGEMENT-CHARACTER EDUCATION AFFIRMATION: A CASE STUDY IN MUHAMMADIYAH WIROBRAJAN 3 ELEMENTARY SCHOOL YOGYAKARTA,2021,en,metadata,STM-METADATA-EN,12,0.9160537903293312,BERTopic-METADATA-MULTILINGUAL,-1,0.0,True,weak_match,0.019588,False,pending
doi:10.33650/al-tanzim.v6i3.3383,School Management in Forming Children's Religious Character,2022,en,metadata,STM-METADATA-EN,12,0.9519539229863617,BERTopic-METADATA-MULTILINGUAL,11,1.0,False,one_to_one,0.311371,False,pending
doi:10.33650/al-tanzim.v6i4.3461,The Influence of School Management on The Implementation of The Merdeka Belajar Curriculum,2022,en,metadata,STM-METADATA-EN,12,0.6319208807587421,BERTopic-METADATA-MULTILINGUAL,1,0.9092036481435947,False,language_specific_match,0.0371,False,pending
doi:10.33650/al-tanzim.v8i3.8817,Enhancing Student Well-being: Child-Friendly School Management in Conflict-Affected Areas,2024,en,metadata,STM-METADATA-EN,9,0.43185847587377507,BERTopic-METADATA-MULTILINGUAL,-1,0.0,True,language_specific_match,0.037234,True,pending
doi:10.33650/pjp.v10i2.7170,INVESTIGATING THE HOLISTIC MANAGEMENT IN INCREASING GRADUATES' COMPETENCE IN MADRASA BASED ON PESANTREN,2024,en,metadata,STM-METADATA-EN,12,0.6835475176594068,BERTopic-METADATA-MULTILINGUAL,11,1.0,False,one_to_one,0.311371,False,pending
doi:10.33751/jhss.v4i1.2044,IMPLEMENTATION OF SCHOOL BASED MANAGEMENT IN TAMBILUNG ELEMENTARY SCHOOL,2020,en,metadata,STM-METADATA-EN,12,0.4705727778587422,BERTopic-METADATA-MULTILINGUAL,-1,0.0,True,weak_match,0.019588,True,pending
doi:10.33751/jhss.v5i1.3387,KREATIVA PRIMARY SCHOOL MANAGEMENT (QUALITATIVE DESCRIPTIVE ANALYSIS STUDIES),2021,en,metadata,STM-METADATA-EN,12,0.8595331473094608,BERTopic-METADATA-MULTILINGUAL,11,1.0,False,one_to_one,0.311371,False,pending
doi:10.33751/jmp.v8i1.1949,MANAJEMEN SEKOLAH DALAM MEWUJUDKAN SEKOLAH SEHAT DI SMP ISLAM CENDEKIA CIANJUR (SICC) BOARDING SCHOOL,2020,en,metadata,STM-METADATA-EN,12,0.9633164247455747,BERTopic-METADATA-MULTILINGUAL,11,1.0,False,one_to_one,0.311371,False,pending
doi:10.3389/feduc.2020.00052,"""Unbroken, but Bent"": Gendered Racism in School Leadership",2020,en,metadata,STM-METADATA-EN,3,0.5006341587182987,BERTopic-METADATA-MULTILINGUAL,8,0.835381746171889,False,one_to_one,0.227761,False,pending
doi:10.3389/feduc.2021.706608,Strategy and Strategic Leadership in Education: A Scoping Review,2021,en,metadata,STM-METADATA-EN,13,0.5288339913038871,BERTopic-METADATA-MULTILINGUAL,0,0.9513400030330273,False,language_specific_match,0.024837,False,pending
doi:10.3389/feduc.2022.958908,Supporting a statewide policy consideration: Virtual advancing educational leadership training during COVID-19,2022,en,metadata,STM-METADATA-EN,10,0.7966585771525923,BERTopic-METADATA-MULTILINGUAL,6,1.0,False,one_to_one,0.321491,False,pending
doi:10.3389/feduc.2022.983807,Continuous professional development programmes for school principals in the 21st century: Lessons learned from educational leadership practices,2022,en,metadata,STM-METADATA-EN,9,0.741665083469544,BERTopic-METADATA-MULTILINGUAL,-1,0.0,True,language_specific_match,0.037234,False,pending
doi:10.3389/feduc.2023.1171513,Transformational educational leaders inspire school educators' commitment,2023,en,metadata,STM-METADATA-EN,5,0.41144030399616094,BERTopic-METADATA-MULTILINGUAL,0,0.827311233324748,False,STM_split_by_BERTopic,0.145598,True,pending
doi:10.3389/feduc.2023.1228181,Creating a high-performing school management team: bringing talent to the table for effective service delivery,2023,en,metadata,STM-METADATA-EN,14,0.35284301126426837,BERTopic-METADATA-MULTILINGUAL,-1,0.0,True,language_specific_match,0.031956,False,pending
doi:10.3389/feduc.2024.1413607,The role of transformational leadership in enhancing school culture and teaching performance in Yemeni public schools,2024,en,metadata,STM-METADATA-EN,16,0.6191835233342878,BERTopic-METADATA-MULTILINGUAL,0,0.8332129619351535,False,language_specific_match,0.025659,False,pending
doi:10.3389/feduc.2024.1441183,Editorial: Women in educational leadership,2024,en,metadata,STM-METADATA-EN,3,0.6043055580677835,BERTopic-METADATA-MULTILINGUAL,8,1.0,False,one_to_one,0.227761,False,pending
doi:10.3389/feduc.2025.1499064,"Fostering a productive educational environment: the roles of leadership, management practices, and teacher motivation",2025,en,metadata,STM-METADATA-EN,16,0.4615584509202043,BERTopic-METADATA-MULTILINGUAL,-1,0.0,True,weak_match,0.01087,True,pending
doi:10.3389/feduc.2025.1683084,The dual principal leadership structure in international schools' management: a study based on two schools in Mainland China,2025,en,metadata,STM-METADATA-EN,6,0.46094369382428824,BERTopic-METADATA-MULTILINGUAL,-1,0.0,True,language_specific_match,0.045401,False,pending
doi:10.3389/fpsyg.2021.641806,Psychological Impact of COVID-19 on College Students After School Reopening: A Cross-Sectional Study Based on Machine Learning,2021,en,metadata,STM-METADATA-EN,10,0.7671849697164189,BERTopic-METADATA-MULTILINGUAL,6,1.0,False,one_to_one,0.321491,False,pending
doi:10.3389/fpsyg.2021.740775,"Hard Work and Hopefulness: A Mixed Methods Study of Music Students' Status and Beliefs in Relation to Health, Wellbeing, and Success as They Enter Specialized Higher Education",2021,en,metadata,STM-METADATA-EN,10,0.7823423030775493,BERTopic-METADATA-MULTILINGUAL,13,1.0,False,language_specific_match,0.042524,False,pending
doi:10.3389/fpsyg.2022.1024017,"Innate ability, health, motivation, and social capital as predictors of students' cognitive, affective and psychomotor learning outcomes in secondary schools",2022,en,metadata,STM-METADATA-EN,7,0.6818338301970817,BERTopic-METADATA-MULTILINGUAL,13,0.9729552729264226,False,language_specific_match,0.032719,False,pending
doi:10.3389/fpsyg.2023.1280038,Measuring educational leadership in Singapore: re-examining the psychometric properties of the Multifactor Leadership Questionnaire,2023,en,metadata,STM-METADATA-EN,7,0.8727003332061313,BERTopic-METADATA-MULTILINGUAL,0,1.0,False,language_specific_match,0.02042,False,pending
doi:10.3389/fpsyg.2025.1548185,The relationship between the principals' emotional intelligence and conflict management: based on latent profile analysis,2025,en,metadata,STM-METADATA-EN,9,0.39017230692395294,BERTopic-METADATA-MULTILINGUAL,-1,0.0,True,language_specific_match,0.037234,True,pending
doi:10.3389/fpsyt.2024.1414887,Association of parental rearing styles with suicidal ideation in Chinese adolescent patients with depression: a large-scale cross-sectional study,2025,en,metadata,STM-METADATA-EN,10,0.3762518173826536,BERTopic-METADATA-MULTILINGUAL,-1,0.0,True,weak_match,0.011828,False,pending
doi:10.3389/fpubh.2025.1496631,Barriers and facilitators to participation in physical activity for students with disabilities in an integrated school setting: a meta-synthesis of qualitative research evidence,2025,en,metadata,STM-METADATA-EN,2,0.31783456110599423,BERTopic-METADATA-MULTILINGUAL,5,1.0,False,STM_split_by_BERTopic,0.13484,True,pending
doi:10.3390/app11198870,Air Quality Assessment of a School in an Industrialized Area of Southern Italy,2021,en,metadata,STM-METADATA-EN,6,0.6215943765706369,BERTopic-METADATA-MULTILINGUAL,-1,0.0,True,language_specific_match,0.045401,False,pending
doi:10.3390/bs13010001,The Influence of School Atmosphere on Chinese Teachers' Job Satisfaction: The Chain Mediating Effect of Psychological Capital and Professional Identity,2022,en,metadata,STM-METADATA-EN,16,0.8819786031241107,BERTopic-METADATA-MULTILINGUAL,13,1.0,False,one_to_one,0.250824,False,pending
doi:10.3390/educsci10030069,"Parents', Teachers' and Principals' Views on Parental Involvement in Secondary Education Schools in Greece",2020,en,metadata,STM-METADATA-EN,14,0.9053559049439166,BERTopic-METADATA-MULTILINGUAL,10,1.0,False,language_specific_match,0.039973,False,pending
doi:10.3390/educsci11070313,Teaching Performance of Slovak Primary School Teachers: Top Motivation Factors,2021,en,metadata,STM-METADATA-EN,16,0.3650838828495683,BERTopic-METADATA-MULTILINGUAL,13,1.0,False,one_to_one,0.250824,True,pending
doi:10.3390/educsci11090511,Inclusive Leadership of School Management from the View of Families: Construction and Validation of LEI-Q,2021,en,metadata,STM-METADATA-EN,7,0.5623489731577321,BERTopic-METADATA-MULTILINGUAL,5,0.8382030144033381,False,weak_match,0.013432,False,pending
doi:10.3390/educsci12040254,School Organizational Culture and Leadership: Theoretical Trends and New Analytical Proposals,2022,en,metadata,STM-METADATA-EN,3,0.319324536272502,BERTopic-METADATA-MULTILINGUAL,0,1.0,False,partial_overlap,0.100561,True,pending
doi:10.3390/educsci13020118,"Crisis Management, School Leadership in Disruptive Times and the Recovery of Schools in the Post COVID-19 Era: A Systematic Literature Review",2023,en,metadata,STM-METADATA-EN,10,0.40793146841954264,BERTopic-METADATA-MULTILINGUAL,6,0.9315571118618742,False,one_to_one,0.321491,True,pending
doi:10.3390/educsci13060606,Breaking Barriers: The Influence of Teachers' Attitudes on Inclusive Education for Students with Mild Learning Disabilities (MLDs),2023,en,metadata,STM-METADATA-EN,2,0.6198340947182313,BERTopic-METADATA-MULTILINGUAL,5,1.0,False,STM_split_by_BERTopic,0.13484,False,pending
doi:10.3390/educsci14040410,Responding to the Current Capricious State of Australian Educational Leadership: We Should Have Seen It Coming!,2024,en,metadata,STM-METADATA-EN,10,0.5322672725045712,BERTopic-METADATA-MULTILINGUAL,0,1.0,False,weak_match,0.002348,False,pending
doi:10.3390/educsci14040429,The Intellectual Evolution of Educational Leadership Research: A Combined Bibliometric and Thematic Analysis Using SciMAT,2024,en,metadata,STM-METADATA-EN,13,0.4532707742708997,BERTopic-METADATA-MULTILINGUAL,-1,0.0,True,weak_match,0.014698,False,pending
doi:10.3390/educsci14070724,Dissecting the School Management Rubric in a Japanese Reform-Oriented Municipality,2024,en,metadata,STM-METADATA-EN,5,0.584990696258993,BERTopic-METADATA-MULTILINGUAL,1,0.9126639420357128,False,weak_match,0.003793,False,pending
doi:10.3390/educsci14070783,Principal Attitudes towards Out-of-Field Teaching Assignments and Professional Learning Needs,2024,en,metadata,STM-METADATA-EN,9,0.6072052643392971,BERTopic-METADATA-MULTILINGUAL,0,1.0,False,partial_overlap,0.066593,False,pending
doi:10.3390/educsci14080890,Transforming Educational Leadership: A Historical Context,2024,en,metadata,STM-METADATA-EN,3,0.4546668501918012,BERTopic-METADATA-MULTILINGUAL,0,1.0,False,partial_overlap,0.100561,False,pending
doi:10.3390/educsci14121275,School Self-Evaluation in Decision Making: Perspectives from Portuguese School Leaders,2024,en,metadata,STM-METADATA-EN,1,0.4620893479708037,BERTopic-METADATA-MULTILINGUAL,-1,0.0,True,language_specific_match,0.038418,False,pending
doi:10.3390/educsci15091099,Digital Transformation of Vocational Schools in Switzerland: The Importance of Innovative School Management Behavior,2025,en,metadata,STM-METADATA-EN,13,0.45945829187787657,BERTopic-METADATA-MULTILINGUAL,2,1.0,False,partial_overlap,0.069068,False,pending
doi:10.3390/electronics11213437,Intelligent Campus System Design Based on Digital Twin,2022,en,metadata,STM-METADATA-EN,8,0.9328191400278931,BERTopic-METADATA-MULTILINGUAL,2,0.49204106667094166,False,one_to_one,0.29716,True,pending
doi:10.3390/ijerph17061855,The Role of School Leaders' Health Literacy for the Implementation of Health Promoting Schools,2020,en,metadata,STM-METADATA-EN,15,0.5698746314352248,BERTopic-METADATA-MULTILINGUAL,-1,0.0,True,language_specific_match,0.023188,False,pending
doi:10.3390/ijerph182312763,"Self-Efficacy, Job Satisfaction and Teacher Well-Being in the K-12 Educational System",2021,en,metadata,STM-METADATA-EN,16,0.6440205199322069,BERTopic-METADATA-MULTILINGUAL,13,1.0,False,one_to_one,0.250824,False,pending
doi:10.3390/ijerph19010432,Perceptions of School Management on the Relationship between School Nutrition and Development of Non-Communicable Diseases in a Rural South African District: A Qualitative Study,2021,en,metadata,STM-METADATA-EN,11,0.44887320036973133,BERTopic-METADATA-MULTILINGUAL,6,0.38247697935328284,False,language_specific_match,0.029124,False,pending
doi:10.3390/ijerph19148868,"Is the Prevalence of Low Physical Activity among Teachers Associated with Depression, Anxiety, and Stress?",2022,en,metadata,STM-METADATA-EN,10,0.9583060648330675,BERTopic-METADATA-MULTILINGUAL,13,1.0,False,language_specific_match,0.042524,False,pending
doi:10.3390/ijerph20010805,Work-Related Stress of Polish School Principals during the COVID-19 Pandemic as a Risk Factor for Burnout,2023,en,metadata,STM-METADATA-EN,10,0.9742147579397207,BERTopic-METADATA-MULTILINGUAL,6,1.0,False,one_to_one,0.321491,False,pending
doi:10.3390/ijerph20105856,Perspective on the Prevention of Suicide among School Learners by School Management,2023,en,metadata,STM-METADATA-EN,15,0.5390265653329729,BERTopic-METADATA-MULTILINGUAL,-1,0.0,True,language_specific_match,0.023188,False,pending
doi:10.3390/jintelligence8010002,"Why Intelligence Is Missing from American Education Policy and Practice, and What Can Be Done About It",2020,en,metadata,STM-METADATA-EN,3,0.4258520229362104,BERTopic-METADATA-MULTILINGUAL,9,1.0,False,weak_match,0.003542,False,pending
doi:10.3390/rel15020215,Exploring Female Muslim Educational Leadership in a Multicultural Canadian Context,2024,en,metadata,STM-METADATA-EN,3,0.8044820111829577,BERTopic-METADATA-MULTILINGUAL,-1,0.0,True,language_specific_match,0.030626,False,pending
doi:10.3390/rel15121565,Redefining Leadership: The Role of Spirituality and Motherhood in Muslim Women's Educational Leadership,2024,en,metadata,STM-METADATA-EN,3,0.8393083737041893,BERTopic-METADATA-MULTILINGUAL,-1,0.0,True,language_specific_match,0.030626,False,pending
doi:10.3390/safety11040108,School Management Council and Disaster Preparedness: A Study of Special Needs Schools in Japan,2025,en,metadata,STM-METADATA-EN,15,0.7671363665007496,BERTopic-METADATA-MULTILINGUAL,-1,0.0,True,language_specific_match,0.023188,False,pending
doi:10.3390/soc13040084,Digital Competence of Special Education Teachers: An Analysis from the Voices of Members of School Management Teams,2023,en,metadata,STM-METADATA-EN,2,0.6374335278503184,BERTopic-METADATA-MULTILINGUAL,2,0.7934388898300474,False,weak_match,0.010963,False,pending
doi:10.3390/soc16010020,Skills Ecosystem and the Role of School Management for Sustainable Development of Dual Education,2026,en,metadata,STM-METADATA-EN,9,0.572915083847823,BERTopic-METADATA-MULTILINGUAL,1,1.0,False,weak_match,0.01865,False,pending
doi:10.3390/socsci9040052,Building a Common Project by Promoting Pedagogical Coordination and Educational Leadership for School Improvement: A Structural Equation Model,2020,en,metadata,STM-METADATA-EN,7,0.7986614924278997,BERTopic-METADATA-MULTILINGUAL,-1,0.0,True,language_specific_match,0.024444,False,pending
doi:10.3390/su12177146,Teacher Induction in Schools as Learning Communities: Successful Pathways to Teachers' Professional Development in a Diverse School Serving Students Living in Poverty,2020,en,metadata,STM-METADATA-EN,9,0.6861614601198838,BERTopic-METADATA-MULTILINGUAL,-1,0.0,True,language_specific_match,0.037234,False,pending
doi:10.3390/su13052941,Knowledge Management and the Political-Pedagogical Project in Brazilian Schools,2021,en,metadata,STM-METADATA-EN,4,0.5897359443494725,BERTopic-METADATA-MULTILINGUAL,1,0.9145347199403383,False,STM_split_by_BERTopic,0.111995,False,pending
doi:10.3390/su13084106,The Current Challenges of Further Education in ICT with the Example of the Czech Republic,2021,en,metadata,STM-METADATA-EN,8,0.4004576552622705,BERTopic-METADATA-MULTILINGUAL,2,1.0,False,one_to_one,0.29716,True,pending
doi:10.3390/su13084195,I Want to Teach Sustainable Development in My English Classroom: A Case Study of Incorporating Sustainable Development Goals in English Teaching,2021,en,metadata,STM-METADATA-EN,9,0.8060698057940361,BERTopic-METADATA-MULTILINGUAL,-1,0.0,True,language_specific_match,0.037234,False,pending
doi:10.3390/su13169141,"School Management Culture, Emotional Labor, and Teacher Burnout in Mainland China",2021,en,metadata,STM-METADATA-EN,9,0.49063915956368476,BERTopic-METADATA-MULTILINGUAL,-1,0.0,True,language_specific_match,0.037234,True,pending
doi:10.3390/su132312935,Factors Affecting the Efficiency of Teaching Process in Higher Education in the Republic of Serbia during COVID-19,2021,en,metadata,STM-METADATA-EN,8,0.3090661989155918,BERTopic-METADATA-MULTILINGUAL,-1,0.0,True,weak_match,0.004103,True,pending
doi:10.3390/su14074293,Internet of Things for Sustainable Smart Education: An Overview,2022,en,metadata,STM-METADATA-EN,13,0.5374916516618441,BERTopic-METADATA-MULTILINGUAL,2,1.0,False,partial_overlap,0.069068,False,pending
doi:10.3390/su14137730,Analysis of Digital Leadership in School Management and Accessibility of Animation-Designed Game-Based Learning for Sustainability of Education for Children with Special Needs,2022,en,metadata,STM-METADATA-EN,2,0.48061650842188336,BERTopic-METADATA-MULTILINGUAL,2,1.0,False,weak_match,0.010963,False,pending
doi:10.3390/su14138211,Relationship between Teachers' Awareness of Disaster Prevention and Concerns about Disaster Preparedness,2022,en,metadata,STM-METADATA-EN,15,0.7911078202510499,BERTopic-METADATA-MULTILINGUAL,-1,0.0,True,language_specific_match,0.023188,False,pending
doi:10.3390/su141912279,"The Relationship between Figureheads and Managerial Leaders in the Private University Sector: A Decentralised, Competency-Based Leadership Model for Sustainable Higher Education",2022,en,metadata,STM-METADATA-EN,13,0.2877153754135652,BERTopic-METADATA-MULTILINGUAL,0,0.9968536400652045,False,language_specific_match,0.024837,True,pending
doi:10.3390/su142013322,The Effects of Organizational Justice on Employee Performance Using Dimension of Organizational Citizenship Behavior as Mediation,2022,en,metadata,STM-METADATA-EN,16,0.9768393841048775,BERTopic-METADATA-MULTILINGUAL,13,1.0,False,one_to_one,0.250824,False,pending
doi:10.3390/su15054620,Impact of Teachers' Commitment to the Relationship between Transformational Leadership and Sustainable Teaching Performance,2023,en,metadata,STM-METADATA-EN,16,0.4861189615514693,BERTopic-METADATA-MULTILINGUAL,0,0.9346564084387006,False,language_specific_match,0.025659,False,pending
doi:10.3390/su15139987,Research on the Evaluation Model of School Management Quality in the Compulsory Education Stage Based on Big Data Technology,2023,en,metadata,STM-METADATA-EN,8,0.4886834664163563,BERTopic-METADATA-MULTILINGUAL,2,0.7466889658678826,False,one_to_one,0.29716,True,pending
doi:10.3390/su16219251,Challenges and Professional Support for Principals at Rural Schools for Sustainable Development,2024,en,metadata,STM-METADATA-EN,9,0.6796757252994857,BERTopic-METADATA-MULTILINGUAL,-1,0.0,True,language_specific_match,0.037234,False,pending
doi:10.3390/sym12091502,Tele-Education under the COVID-19 Crisis: Asymmetries in Romanian Education,2020,en,metadata,STM-METADATA-EN,10,0.4649802004634341,BERTopic-METADATA-MULTILINGUAL,6,1.0,False,one_to_one,0.321491,False,pending
doi:10.34104/bjah.024086099,Educational Leadership Practice Theory in the School System,2024,en,metadata,STM-METADATA-EN,2,0.2750092695693817,BERTopic-METADATA-MULTILINGUAL,0,1.0,False,weak_match,0.019558,True,pending
doi:10.34117/bjdv11n12-023,School management and organizational climate: how strategic leadership impacts educational community performance,2025,en,metadata,STM-METADATA-EN,9,0.36693546411333566,BERTopic-METADATA-MULTILINGUAL,0,1.0,False,partial_overlap,0.066593,False,pending
doi:10.34149/jmbr.v18i3.228,"Pengaruh Kompetensi, Kompensasi, Disiplin Kerja terhadap Kinerja Guru pada Lazuardi Global Islamic School",2021,en,metadata,STM-METADATA-EN,16,0.7541785776993796,BERTopic-METADATA-MULTILINGUAL,13,1.0,False,one_to_one,0.250824,False,pending
doi:10.34190/ejel.20.18.4.003,Implementation of an e-Learning Project in Tshwane South District: Towards a Paperless Classroom in South African Secondary Schools,2020,en,metadata,STM-METADATA-EN,11,0.6376200519675629,BERTopic-METADATA-MULTILINGUAL,2,0.8949130794664683,False,weak_match,0.011938,False,pending
doi:10.35290/rcui.v12n3.2025.1613,Estrategias de gestión educativa para implicar al docente en el desarrollo del Marco Curricular Competencial de Ecuador,2025,en,metadata,STM-METADATA-EN,6,0.6470689934408957,BERTopic-METADATA-MULTILINGUAL,3,0.924971895490544,False,language_specific_match,0.034507,False,pending
doi:10.35335/jiph.v11i3.24,Educational Leadership and Learning Quality: The Influence of the Princi-pal's Leadership Style on Teacher Performance,2022,en,metadata,STM-METADATA-EN,9,0.42744797145141916,BERTopic-METADATA-MULTILINGUAL,0,1.0,False,partial_overlap,0.066593,False,pending
doi:10.35445/alishlah.v15i3.3068,The System Approach for Entrepreneurship-Based School Management in Vocational High Schools,2023,en,metadata,STM-METADATA-EN,4,0.8399557197097958,BERTopic-METADATA-MULTILINGUAL,1,0.9269819796166362,False,STM_split_by_BERTopic,0.111995,False,pending
doi:10.35445/alishlah.v16i1.4768,Revitalizing Educational Leadership: A Comprehensive Literature Review of Transformational Leadership in Indonesia Academic Settings,2024,en,metadata,STM-METADATA-EN,5,0.3879837401071733,BERTopic-METADATA-MULTILINGUAL,0,0.8245411114670942,False,STM_split_by_BERTopic,0.145598,False,pending
doi:10.35445/alishlah.v17i2.6688,Enhancing Elementary School Management: An Evaluation of Facilities and Infrastructure Management with CIPP Model,2025,en,metadata,STM-METADATA-EN,4,0.4292536730219231,BERTopic-METADATA-MULTILINGUAL,1,1.0,False,STM_split_by_BERTopic,0.111995,False,pending
doi:10.35445/alishlah.v17i2.6969,School Management to Magnify the Quality of Inclusive Early Childhood Education Through Sekolah Penggerak,2025,en,metadata,STM-METADATA-EN,9,0.3828693759344528,BERTopic-METADATA-MULTILINGUAL,-1,0.0,True,language_specific_match,0.037234,True,pending
doi:10.35497/408734,Parent's Perception on Face-to-Face Learning,2022,en,metadata,STM-METADATA-EN,10,0.6991810283252475,BERTopic-METADATA-MULTILINGUAL,10,1.0,False,weak_match,0.009124,False,pending
doi:10.35622/j.rep.2023.04.002,Liderazgo directivo y gestión educativa en el ámbito educativo,2023,en,metadata,STM-METADATA-EN,6,0.4439860431607053,BERTopic-METADATA-MULTILINGUAL,0,0.9087106029003604,False,weak_match,0.006953,False,pending
doi:10.35723/ajie.v6i1.222,Strategy Management Semi-Islamic Boarding Schools,2022,en,metadata,STM-METADATA-EN,12,0.5473023724416242,BERTopic-METADATA-MULTILINGUAL,11,1.0,False,one_to_one,0.311371,False,pending
doi:10.35723/ajie.v7i2.402,Optimizing Educational Leadership: Building Sustainable Education in the 5.0 Era,2023,en,metadata,STM-METADATA-EN,5,0.33722858823629565,BERTopic-METADATA-MULTILINGUAL,0,1.0,False,STM_split_by_BERTopic,0.145598,True,pending
doi:10.35723/ajie.v8i1.339,Model of Educational Leadership Management in Boarding Schools,2023,en,metadata,STM-METADATA-EN,12,0.6339452555486982,BERTopic-METADATA-MULTILINGUAL,11,1.0,False,one_to_one,0.311371,False,pending
doi:10.35723/ajie.v8i2.399,Two Decades of Muhammadiyah School Management Research: Bibliometric Analysis,2024,en,metadata,STM-METADATA-EN,13,0.9740193560660595,BERTopic-METADATA-MULTILINGUAL,11,1.0,False,weak_match,0.011543,False,pending
doi:10.35870/jpni.v4i1.123,School Management System Assistance with Technology Awareness at SMP Negeri 13 Dumai,2023,en,metadata,STM-METADATA-EN,4,0.822219823275047,BERTopic-METADATA-MULTILINGUAL,2,0.9696253400833266,False,language_specific_match,0.040046,False,pending
doi:10.35877/454ri.eduline1285,Effectiveness of School Management through Strengthening the Managerial Ability of School Principals in the Field of Education Financing,2022,en,metadata,STM-METADATA-EN,4,0.8480074452010273,BERTopic-METADATA-MULTILINGUAL,1,0.9145347199403383,False,STM_split_by_BERTopic,0.111995,False,pending
doi:10.35931/aq.v19i1.4306,Entrepreneurship-Based School Management Model to Increase Entrepreneurial Interest of Vocational Education Students at SMK Negeri 5 Padang,2025,en,metadata,STM-METADATA-EN,4,0.7184559001592447,BERTopic-METADATA-MULTILINGUAL,1,0.9269819796166362,False,STM_split_by_BERTopic,0.111995,False,pending
doi:10.36941/ajis-2021-0004,Study of the Influence of Education and Literation of Entrepreneurship in Vocational High Schools: Indonesian Case,2021,en,metadata,STM-METADATA-EN,16,0.45565396133797154,BERTopic-METADATA-MULTILINGUAL,1,0.9269819796166362,False,weak_match,0.008785,False,pending
doi:10.36941/ajis-2021-0053,Impact of Student Learning at Home Prevent Pandemic Covid-19 in Indonesia,2021,en,metadata,STM-METADATA-EN,7,0.31709234933819247,BERTopic-METADATA-MULTILINGUAL,6,1.0,False,weak_match,0.005385,True,pending
doi:10.36941/jesr-2020-0001,Teachers' Views on the Priorities of Effective School Management,2020,en,metadata,STM-METADATA-EN,14,0.4331470436052238,BERTopic-METADATA-MULTILINGUAL,-1,0.0,True,language_specific_match,0.031956,False,pending
doi:10.36941/jesr-2020-0034,Factors Influencing the Principal's Leadership and Its Impact on Learning Quality and Learning Outcome,2020,en,metadata,STM-METADATA-EN,7,0.7165915057076243,BERTopic-METADATA-MULTILINGUAL,0,1.0,False,language_specific_match,0.02042,False,pending
doi:10.36948/ijfmr.2024.v06i03.23615,Digital Leadership and School Management Capabilities of School Administrators and Teachers Digital Teaching Performance: Basis for Professional Development Program,2024,en,metadata,STM-METADATA-EN,13,0.30851944201778925,BERTopic-METADATA-MULTILINGUAL,2,1.0,False,partial_overlap,0.069068,True,pending
doi:10.36948/ijfmr.2025.v07i03.47989,Power and Politics in the Workplace: Input to Educational Leadership and Management,2025,en,metadata,STM-METADATA-EN,9,0.31267043451694243,BERTopic-METADATA-MULTILINGUAL,0,1.0,False,partial_overlap,0.066593,False,pending
doi:10.37134/saecj.vol9.no2.6.2020,School closure resulting from a bad school management approach: An early childhood teacher narrative,2020,en,metadata,STM-METADATA-EN,1,0.28244377132871556,BERTopic-METADATA-MULTILINGUAL,-1,0.0,True,language_specific_match,0.038418,True,pending
doi:10.37231/jmtp.2021.2.2.105,A Conceptual Paper for Educational Leadership Models in Malaysia,2021,en,metadata,STM-METADATA-EN,3,0.32749160831529306,BERTopic-METADATA-MULTILINGUAL,0,1.0,False,partial_overlap,0.100561,True,pending
doi:10.37284/eajes.3.1.304,"School Management Attitudes as Determinants of Implementation of Guidance and Counselling Services in Secondary Schools in Baringo Central Sub-County, Kenya",2021,en,metadata,STM-METADATA-EN,14,0.49992477663838036,BERTopic-METADATA-MULTILINGUAL,-1,0.0,True,language_specific_match,0.031956,False,pending
doi:10.37284/eajes.7.4.2338,The Influence of School Management Team on Student's Academic Performance in Tanzania,2024,en,metadata,STM-METADATA-EN,14,0.47168081210362495,BERTopic-METADATA-MULTILINGUAL,-1,0.0,True,language_specific_match,0.031956,False,pending
doi:10.37329/cetta.v6i1.2142,Peran Kepemimpinan Kepala Sekolah Terhadap Mutu Pendidikan,2023,en,metadata,STM-METADATA-EN,4,0.3690502126496467,BERTopic-METADATA-MULTILINGUAL,0,1.0,False,weak_match,0.010753,False,pending
doi:10.37383/sbj170102,An assessment of private schools' management strategies amidst COVID-19 lockdown in Nigeria,2021,en,metadata,STM-METADATA-EN,14,0.5256177559503175,BERTopic-METADATA-MULTILINGUAL,6,1.0,False,weak_match,0.011329,False,pending
doi:10.37467/revedu.v10.3417,School Management in Public Centers from the Appreciation of Distributed Leadership,2022,en,metadata,STM-METADATA-EN,7,0.6257492122401892,BERTopic-METADATA-MULTILINGUAL,0,0.8326170908663776,False,language_specific_match,0.02042,False,pending
doi:10.37478/jpm.v4i1.2476,WOMEN'S LEADERSHIP STRATEGY IN INCREASING COMPETITIVENESS IN EDUCATIONAL INSTITUTIONS SMK AL-KALAM BANI MARWAN LEBAK REGENCY,2023,en,metadata,STM-METADATA-EN,12,0.5402678741467275,BERTopic-METADATA-MULTILINGUAL,8,1.0,False,weak_match,0.004422,False,pending
doi:10.37481/jmeb.v1i2.220,THE EFFECT OF LEADERSHIP ON PERFORMANCE: Analysis of School Management Ability and Attitude,2021,en,metadata,STM-METADATA-EN,16,0.43008205212609146,BERTopic-METADATA-MULTILINGUAL,0,1.0,False,language_specific_match,0.025659,False,pending
doi:10.37500/ijessr.2020.3624,DELEGATION OF AUTHORITY AS A TOOL FOR EFFECTIVE SECONDARY SCHOOL MANAGEMENT IN THE NORTH WEST REGION OF CAMEROON,2020,en,metadata,STM-METADATA-EN,11,0.4060168720885627,BERTopic-METADATA-MULTILINGUAL,-1,0.0,True,language_specific_match,0.03493,True,pending
doi:10.37641/jimkes.v13i5.3723,"Sailor Character Traits, Personality, and School Management Perceptions: Mental Readiness of Vocational Maritime Students",2025,en,metadata,STM-METADATA-EN,5,0.25269132913338527,BERTopic-METADATA-MULTILINGUAL,-1,0.0,True,weak_match,0.015385,True,pending
doi:10.37729/scripta.v7i2.830,Model of School Management Based on Islamic Education,2020,en,metadata,STM-METADATA-EN,4,0.5162413245101647,BERTopic-METADATA-MULTILINGUAL,11,1.0,False,weak_match,0.016139,True,pending
doi:10.37758/jat.88i3.85,Strengthening School Management to Improve Education Quality through the Islamic Model Class at YPK Elementary School in Bontang,2025,en,metadata,STM-METADATA-EN,6,0.3061673010770171,BERTopic-METADATA-MULTILINGUAL,11,1.0,False,weak_match,0.005811,True,pending
doi:10.37896/pj11.10/017,"Corporate Transparency Practices in the School Management and Work Engagement of Employees,in the Ilocos Region, Philippines: Transparency",2020,en,metadata,STM-METADATA-EN,1,0.6618422358073178,BERTopic-METADATA-MULTILINGUAL,-1,0.0,True,language_specific_match,0.038418,False,pending
doi:10.37899/journallaedusci.v6i3.2335,Anak Rimba School Management Strategy for the Preservation of Local Wisdom in Sarolangun Regency: A Literature Review of the Development of Environment-Based Teaching Materials,2025,en,metadata,STM-METADATA-EN,15,0.28536717263416544,BERTopic-METADATA-MULTILINGUAL,3,0.9948655224835254,False,weak_match,0.014283,False,pending
doi:10.37934/frle.25.1.19,Recruitment Criteria for Teachers' Retention in Malaysian International Schools: A Concept Paper,2021,en,metadata,STM-METADATA-EN,4,0.3399188625448881,BERTopic-METADATA-MULTILINGUAL,13,1.0,False,weak_match,0.005389,True,pending
doi:10.38124/ijisrt/ijisrt24apr2465,AI-Driven School Management System: A React-Based Web Application Enhancing Educational Administration and Student Performance Analytics,2024,en,metadata,STM-METADATA-EN,8,0.8208713783671489,BERTopic-METADATA-MULTILINGUAL,2,0.9696253400833266,False,one_to_one,0.29716,False,pending
doi:10.38140/pie.v41i4.7102,Exploring collaborative strategies used by school management teams to sustain parental involvement in Xhariep District schools,2023,en,metadata,STM-METADATA-EN,14,0.5131685495551658,BERTopic-METADATA-MULTILINGUAL,10,1.0,False,language_specific_match,0.039973,False,pending
doi:10.38140/pie.v42i2.7801,The school management team's role of defining the school vision and mission at a South African rural school,2024,en,metadata,STM-METADATA-EN,11,0.6640207487041034,BERTopic-METADATA-MULTILINGUAL,-1,0.0,True,language_specific_match,0.03493,False,pending
doi:10.38159/ehass.20245113,"Exploring the Strategies used by the School Management Teams (SMTs) in Addressing Poor Academic Performance Post-pandemic in Rural High Schools of Mopani West District, Limpopo Province, South Africa",2024,en,metadata,STM-METADATA-EN,11,0.7155727985490686,BERTopic-METADATA-MULTILINGUAL,-1,0.0,True,language_specific_match,0.03493,False,pending
doi:10.3846/jbem.2020.13675,MULTI-CRITERIA RANKING OF ORGANIZATIONAL FACTORS AFFECTING THE LEARNING QUALITY OUTCOMES IN ELEMENTARY EDUCATION IN SERBIA,2020,en,metadata,STM-METADATA-EN,7,0.3310782507465951,BERTopic-METADATA-MULTILINGUAL,-1,0.0,True,language_specific_match,0.024444,False,pending
doi:10.3991/ijet.v15i12.13571,The Role of Edmodo Model for Professional Development: The Uses of Blockchain in School Management,2020,en,metadata,STM-METADATA-EN,8,0.4278940975532794,BERTopic-METADATA-MULTILINGUAL,2,0.8975378462898875,False,one_to_one,0.29716,False,pending
doi:10.4000/14hpr,L'institution scolaire et ses agents à l'épreuve du discours managérial,2025,en,metadata,STM-METADATA-EN,2,0.9115555482590829,BERTopic-METADATA-MULTILINGUAL,-1,0.0,True,language_specific_match,0.046404,False,pending
doi:10.4018/978-1-6684-4144-2.ch006,Educational Leadership Standards,2022,en,metadata,STM-METADATA-EN,3,0.7679566025160546,BERTopic-METADATA-MULTILINGUAL,0,1.0,False,partial_overlap,0.100561,False,pending
doi:10.4018/978-1-6684-4144-2.ch007,Design Thinking in Educational Leadership,2022,en,metadata,STM-METADATA-EN,3,0.4339808928290693,BERTopic-METADATA-MULTILINGUAL,0,0.8842019817833832,False,partial_overlap,0.100561,False,pending
doi:10.4018/978-1-6684-7818-9.ch020,Breaking Barriers and Empowering Women Leaders to Drive School Improvement,2023,en,metadata,STM-METADATA-EN,3,0.6215890393401262,BERTopic-METADATA-MULTILINGUAL,8,1.0,False,one_to_one,0.227761,False,pending
doi:10.4018/978-1-6684-8332-9.ch008,The Impact of Educational Leadership in Improving the Learning Experience,2023,en,metadata,STM-METADATA-EN,9,0.38903400028189045,BERTopic-METADATA-MULTILINGUAL,0,1.0,False,partial_overlap,0.066593,True,pending
doi:10.4018/978-1-7998-2787-0.ch019,"The Power of Educational Leadership in Rural, Impoverished Areas",2020,en,metadata,STM-METADATA-EN,3,0.4621663203392181,BERTopic-METADATA-MULTILINGUAL,-1,0.0,True,language_specific_match,0.030626,False,pending
doi:10.4018/978-1-7998-2787-0.ch020,Specialized Educational Leadership for Rural Students Living in Poverty,2020,en,metadata,STM-METADATA-EN,3,0.422664457572311,BERTopic-METADATA-MULTILINGUAL,-1,0.0,True,language_specific_match,0.030626,True,pending
doi:10.4018/978-1-7998-7168-2,Investigating the Roles of School Management Teams in Curriculum Delivery,2021,en,metadata,STM-METADATA-EN,11,0.4477522969824525,BERTopic-METADATA-MULTILINGUAL,6,1.0,False,language_specific_match,0.029124,False,pending
doi:10.4018/978-1-7998-7168-2.ch002,The Role of School Management Teams in Managing Curriculum Delivery During and After COVID-19,2021,en,metadata,STM-METADATA-EN,11,0.4611943666617105,BERTopic-METADATA-MULTILINGUAL,6,1.0,False,language_specific_match,0.029124,False,pending
doi:10.4018/978-1-7998-7168-2.ch003,Roles of School Management Teams in Curriculum Delivery and Assessment in Primary Schools,2021,en,metadata,STM-METADATA-EN,11,0.6124195276011278,BERTopic-METADATA-MULTILINGUAL,-1,0.0,True,language_specific_match,0.03493,False,pending
doi:10.4018/978-1-7998-7168-2.ch010,School Management Teams' Strategies to Enhance Curriculum Delivery in the Era of the COVID-19 Pandemic,2021,en,metadata,STM-METADATA-EN,11,0.44201788363972466,BERTopic-METADATA-MULTILINGUAL,6,1.0,False,language_specific_match,0.029124,False,pending
doi:10.4018/978-1-7998-7168-2.ch011,Investigating the Roles of School Management Teams in Curriculum Delivery Through ICTs in Education,2021,en,metadata,STM-METADATA-EN,13,0.4508348004679929,BERTopic-METADATA-MULTILINGUAL,2,0.9829099946840583,False,partial_overlap,0.069068,False,pending
doi:10.4018/978-1-7998-7235-1.ch004,Challenges Experienced by Women of Color in Educational Leadership,2021,en,metadata,STM-METADATA-EN,3,0.9772000847312514,BERTopic-METADATA-MULTILINGUAL,8,1.0,False,one_to_one,0.227761,False,pending
doi:10.4018/978-1-7998-7760-8.ch009,Educational Leadership,2021,en,metadata,STM-METADATA-EN,3,0.44384153545648286,BERTopic-METADATA-MULTILINGUAL,0,1.0,False,partial_overlap,0.100561,True,pending
doi:10.4018/978-1-7998-7947-3.ch016,Ubuntu and Educational Leadership,2021,en,metadata,STM-METADATA-EN,3,0.7151339932148223,BERTopic-METADATA-MULTILINGUAL,0,1.0,False,partial_overlap,0.100561,False,pending
doi:10.4018/979-8-3373-3316-8.ch001,AI-Driven Educational Leadership,2025,en,metadata,STM-METADATA-EN,9,0.5883492470773819,BERTopic-METADATA-MULTILINGUAL,9,0.7154778600396169,False,weak_match,0.011814,False,pending
doi:10.4018/979-8-3693-3443-0.ch016,The Role of Emotional Intelligence in Educational Leadership,2024,en,metadata,STM-METADATA-EN,9,0.7549465592620427,BERTopic-METADATA-MULTILINGUAL,-1,0.0,True,language_specific_match,0.037234,False,pending
doi:10.4018/979-8-3693-6880-0.ch018,Talent Management Ensuring the Safety and Cybersecurity in Schools,2024,en,metadata,STM-METADATA-EN,8,0.5319310099863469,BERTopic-METADATA-MULTILINGUAL,2,1.0,False,one_to_one,0.29716,False,pending
doi:10.4018/979-8-3693-9806-7.ch012,Digital Transformation in School Management,2024,en,metadata,STM-METADATA-EN,13,0.5377401563508872,BERTopic-METADATA-MULTILINGUAL,2,1.0,False,partial_overlap,0.069068,False,pending
doi:10.4067/s0718-07052023000100031,Mujeres y la dirección escolar en Chile: el desafío de conciliar trabajo y familia,2023,en,metadata,STM-METADATA-EN,2,0.6495175804490705,BERTopic-METADATA-MULTILINGUAL,8,1.0,False,weak_match,0.005113,False,pending
doi:10.4102/aosis.2020.bk213.09,The need for curriculum leadership training programmes for members of school management teams,2021,en,metadata,STM-METADATA-EN,3,0.3586272458649439,BERTopic-METADATA-MULTILINGUAL,0,1.0,False,partial_overlap,0.100561,True,pending
doi:10.4102/hsag.v27i0.1781,Perceptions and knowledge of school management teams about non-communicable diseases and strategies to prevent them,2022,en,metadata,STM-METADATA-EN,11,0.6933125981344713,BERTopic-METADATA-MULTILINGUAL,6,0.6348087411453115,False,language_specific_match,0.029124,False,pending
doi:10.4102/hsag.v27i0.1945,Perceptions of secondary school management teams in managing pregnant learners in an urban context,2022,en,metadata,STM-METADATA-EN,11,0.7878816680387493,BERTopic-METADATA-MULTILINGUAL,-1,0.0,True,language_specific_match,0.03493,False,pending
doi:10.4102/jamba.v13i1.1159,Key elements of disaster mitigation education in inclusive school setting in the Indonesian context,2021,en,metadata,STM-METADATA-EN,15,0.5390516856034149,BERTopic-METADATA-MULTILINGUAL,-1,0.0,True,language_specific_match,0.023188,False,pending
doi:10.4102/sajce.v10i1.617,Overcrowded classrooms - The Achilles heel of South African education?,2020,en,metadata,STM-METADATA-EN,11,0.6305702399822842,BERTopic-METADATA-MULTILINGUAL,-1,0.0,True,language_specific_match,0.03493,False,pending
doi:10.4102/sajpsychiatry.v26i0.1428,"Prevalence and perception of drug use amongst secondary school students in two local government areas of Lagos State, Nigeria",2020,en,metadata,STM-METADATA-EN,15,0.5025332284524563,BERTopic-METADATA-MULTILINGUAL,-1,0.0,True,language_specific_match,0.023188,True,pending
doi:10.4102/td.v17i1.873,Teachers' experiences of teaching Accounting in the context of curriculum changes in South Africa,2021,en,metadata,STM-METADATA-EN,11,0.7722736670727869,BERTopic-METADATA-MULTILINGUAL,-1,0.0,True,language_specific_match,0.03493,False,pending
doi:10.4103/jehp.jehp_389_19,Assessment of school resilience in disasters: A cross-sectional study,2020,en,metadata,STM-METADATA-EN,7,0.8362201112178054,BERTopic-METADATA-MULTILINGUAL,-1,0.0,True,language_specific_match,0.024444,False,pending
doi:10.4108/eai.17-9-2024.2352833,Teaching Materials Design for School Management Based on Mandailing Ethnic Leadership Values,2025,en,metadata,STM-METADATA-EN,7,0.3943734628104521,BERTopic-METADATA-MULTILINGUAL,-1,0.0,True,language_specific_match,0.024444,False,pending
doi:10.4108/eai.27-8-2020.2303223,The Implementation of Tahfidz Islamic Boarding School Management Based on Ziswaf Fundings,2020,en,metadata,STM-METADATA-EN,12,0.9471419848570205,BERTopic-METADATA-MULTILINGUAL,11,1.0,False,one_to_one,0.311371,False,pending
doi:10.4108/eai.29-6-2019.2290281,School Management of Social Capital Based To Improve Teacher's Performance,2020,en,metadata,STM-METADATA-EN,16,0.42060797839222874,BERTopic-METADATA-MULTILINGUAL,1,0.9106502765866153,False,weak_match,0.008785,True,pending
doi:10.4135/9781071840801.n92,Educational Leadership,2023,en,metadata,STM-METADATA-EN,3,0.7624084858188174,BERTopic-METADATA-MULTILINGUAL,0,1.0,False,partial_overlap,0.100561,False,pending
doi:10.4236/ce.2022.1311227,Challenges School Management Experience with Inclusion of Learners with Visual Impairments: A Case of a Secondary School in Namibia,2022,en,metadata,STM-METADATA-EN,11,0.41141167228691,BERTopic-METADATA-MULTILINGUAL,5,1.0,False,weak_match,0.005986,True,pending
doi:10.4314/gjedr.v19i1.13,"Relationship between headteachers' communication competencies and effective school management in public primary schools in Narok county, kenya",2020,en,metadata,STM-METADATA-EN,14,0.9793851357058477,BERTopic-METADATA-MULTILINGUAL,-1,0.0,True,language_specific_match,0.031956,False,pending
doi:10.4314/gjedr.v19i1.6,"Relationship between head teachers' leadership competencies and effective school management in public primary schools in Narok county, Kenya",2020,en,metadata,STM-METADATA-EN,14,0.8752392962984781,BERTopic-METADATA-MULTILINGUAL,-1,0.0,True,language_specific_match,0.031956,False,pending
doi:10.4314/jae.v26i1.9s,"Food Vendors and School Management Compliance to Home Grown School Feeding Programme Implementation Module in Osun State, Nigeria",2022,en,metadata,STM-METADATA-EN,11,0.5667502788156088,BERTopic-METADATA-MULTILINGUAL,-1,0.0,True,language_specific_match,0.03493,False,pending
doi:10.4324/9780429021770,School Leadership for Refugees' Education,2020,en,metadata,STM-METADATA-EN,3,0.8479413173977902,BERTopic-METADATA-MULTILINGUAL,-1,0.0,True,language_specific_match,0.030626,False,pending
doi:10.4324/9780429344442,A Model of Emotional Leadership in Schools,2020,en,metadata,STM-METADATA-EN,3,0.37030276652235433,BERTopic-METADATA-MULTILINGUAL,-1,0.0,True,language_specific_match,0.030626,True,pending
doi:10.4324/9780429487224,Anti-Racist Educational Leadership and Policy,2020,en,metadata,STM-METADATA-EN,3,0.8816254824570615,BERTopic-METADATA-MULTILINGUAL,8,0.835381746171889,False,one_to_one,0.227761,False,pending
doi:10.4324/9781003029960,Black Educational Leadership,2020,en,metadata,STM-METADATA-EN,3,0.9369258747486721,BERTopic-METADATA-MULTILINGUAL,8,0.835381746171889,False,one_to_one,0.227761,False,pending
doi:10.4324/9781003130277,The Power of Responsive Educational Leadership,2021,en,metadata,STM-METADATA-EN,3,0.7251748082873632,BERTopic-METADATA-MULTILINGUAL,0,1.0,False,partial_overlap,0.100561,False,pending
doi:10.4324/9781003145288-4,"The Sublime, Affect Phrasing, and Les Petits Narratives in Educational Leadership",2022,en,metadata,STM-METADATA-EN,3,0.5858034493279028,BERTopic-METADATA-MULTILINGUAL,0,0.8753387854595224,False,partial_overlap,0.100561,False,pending
doi:10.4324/9781003241577,Why Context Matters in Educational Leadership,2021,en,metadata,STM-METADATA-EN,3,0.9678995741264491,BERTopic-METADATA-MULTILINGUAL,0,1.0,False,partial_overlap,0.100561,False,pending
doi:10.4324/9781003279334,"Resistance in Educational Leadership, Management, and Administration",2024,en,metadata,STM-METADATA-EN,3,0.8351376085756337,BERTopic-METADATA-MULTILINGUAL,0,0.9461119648911328,False,partial_overlap,0.100561,False,pending
doi:10.4324/9781003279334-5,Educational leadership in trying times,2024,en,metadata,STM-METADATA-EN,5,0.45790862539359495,BERTopic-METADATA-MULTILINGUAL,0,0.9285011974592394,False,STM_split_by_BERTopic,0.145598,False,pending
doi:10.4324/9781003283461,Mindful Educational Leadership,2023,en,metadata,STM-METADATA-EN,3,0.8075498668906361,BERTopic-METADATA-MULTILINGUAL,0,1.0,False,partial_overlap,0.100561,False,pending
doi:10.4324/9781003291008,Specialisation and Choice in Urban Education,2022,en,metadata,STM-METADATA-EN,1,0.3361374058720666,BERTopic-METADATA-MULTILINGUAL,-1,0.0,True,language_specific_match,0.038418,False,pending
doi:10.4324/9781003320579,Community Participation in School Management,2022,en,metadata,STM-METADATA-EN,1,0.41294515254215347,BERTopic-METADATA-MULTILINGUAL,-1,0.0,True,language_specific_match,0.038418,False,pending
doi:10.4324/9781003320579-3,Community participation in school management in Ghana,2022,en,metadata,STM-METADATA-EN,1,0.623167268742739,BERTopic-METADATA-MULTILINGUAL,-1,0.0,True,language_specific_match,0.038418,False,pending
doi:10.4324/9781003321439-1,Introducing Educational Leadership and Management,2023,en,metadata,STM-METADATA-EN,3,0.23215656317141833,BERTopic-METADATA-MULTILINGUAL,0,1.0,False,partial_overlap,0.100561,True,pending
doi:10.4324/9781003321439-5,Effective School Management: Leadership Capacity of the School Principal,2023,en,metadata,STM-METADATA-EN,5,0.5269723059407531,BERTopic-METADATA-MULTILINGUAL,0,1.0,False,STM_split_by_BERTopic,0.145598,False,pending
doi:10.4324/9781003334835-11,K-12 Educational Leadership and Administration in Qatar,2023,en,metadata,STM-METADATA-EN,3,0.34056324998046095,BERTopic-METADATA-MULTILINGUAL,-1,0.0,True,language_specific_match,0.030626,True,pending
doi:10.4324/9781003334835-2,Educational Leadership and Management in Türkiye,2023,en,metadata,STM-METADATA-EN,3,0.4190070673527689,BERTopic-METADATA-MULTILINGUAL,-1,0.0,True,language_specific_match,0.030626,False,pending
doi:10.4324/9781003360070-10,Educational leadership in a Muslim and secular country,2023,en,metadata,STM-METADATA-EN,3,0.44652424947697195,BERTopic-METADATA-MULTILINGUAL,-1,0.0,True,language_specific_match,0.030626,False,pending
doi:10.4324/9781003360070-12,Islamic educational leadership,2023,en,metadata,STM-METADATA-EN,3,0.7493058640869599,BERTopic-METADATA-MULTILINGUAL,-1,0.0,True,language_specific_match,0.030626,False,pending
doi:10.4324/9781003360070-3,A call to re-explore Islamic-based educational leadership through new lenses,2023,en,metadata,STM-METADATA-EN,13,0.48265702799044485,BERTopic-METADATA-MULTILINGUAL,-1,0.0,True,weak_match,0.014698,True,pending
doi:10.4324/9781003571575-5,Educational Leadership During Crisis,2024,en,metadata,STM-METADATA-EN,3,0.28092533466985387,BERTopic-METADATA-MULTILINGUAL,-1,0.0,True,language_specific_match,0.030626,True,pending
doi:10.4324/9781003611189-5,Educational Leadership in the Era of Artificial Intelligence,2025,en,metadata,STM-METADATA-EN,9,0.4173553321860911,BERTopic-METADATA-MULTILINGUAL,9,1.0,False,weak_match,0.011814,False,pending
doi:10.4324/9781003623137-4,Educational leadership,2025,en,metadata,STM-METADATA-EN,3,0.47196563374540107,BERTopic-METADATA-MULTILINGUAL,0,1.0,False,partial_overlap,0.100561,False,pending
doi:10.4324/9781032666839-4,Educational leadership,2024,en,metadata,STM-METADATA-EN,3,0.6275884211542432,BERTopic-METADATA-MULTILINGUAL,0,1.0,False,partial_overlap,0.100561,False,pending
doi:10.4324/9781032686097,Complexity Theory and Educational Leadership in Schools,2025,en,metadata,STM-METADATA-EN,5,0.5794114264336899,BERTopic-METADATA-MULTILINGUAL,0,0.8588353948333562,False,STM_split_by_BERTopic,0.145598,False,pending
doi:10.4337/9781800880429.00009,"Re-conceptualising the ""education"" in educational leadership and management",2023,en,metadata,STM-METADATA-EN,2,0.4544518233392785,BERTopic-METADATA-MULTILINGUAL,0,0.8780677684868843,False,weak_match,0.019558,False,pending
doi:10.4337/9781800880429.00036,Educational leadership research methods: a social reconstruction,2023,en,metadata,STM-METADATA-EN,3,0.700135558246373,BERTopic-METADATA-MULTILINGUAL,0,1.0,False,partial_overlap,0.100561,False,pending
doi:10.4471/ijelm.16344,Challenges and Opportunities for Females in Educational Leadership: Perspectives from Departmental Heads in South African Schools,2025,en,metadata,STM-METADATA-EN,11,0.5101521208225848,BERTopic-METADATA-MULTILINGUAL,8,1.0,False,weak_match,0.005275,False,pending
doi:10.46303/repam.2022.5,Revisioning Educational Leadership Through Love and the Ancillary: A Critical Self-Study,2022,en,metadata,STM-METADATA-EN,3,0.7952726421366524,BERTopic-METADATA-MULTILINGUAL,0,0.7874437549630195,False,partial_overlap,0.100561,True,pending
doi:10.46303/repam.2023.16,Legal Execution of Curriculum in Primary Schools: School Management Teams' Perspectives,2023,en,metadata,STM-METADATA-EN,11,0.4454438872820086,BERTopic-METADATA-MULTILINGUAL,1,0.8729844170871949,False,language_specific_match,0.021172,False,pending
doi:10.46303/repam.2023.33,Dilemma of School Management Teams in Balancing Discipline and Multiple Deprivations among Learners through Integrated Management Approach,2023,en,metadata,STM-METADATA-EN,11,0.6696833060210853,BERTopic-METADATA-MULTILINGUAL,1,0.9145347199403383,False,language_specific_match,0.021172,False,pending
doi:10.46303/ressat.2021.35,Chronicling school principals' experiences on school management in the context of COVID-19 stringency,2021,en,metadata,STM-METADATA-EN,10,0.48156865156233286,BERTopic-METADATA-MULTILINGUAL,6,1.0,False,one_to_one,0.321491,False,pending
doi:10.46303/ressat.2022.3,Exploring Perceived Human Resources Factors Influencing the Performance of Grade 12 Accounting Learners in North West Secondary Schools in South Africa,2022,en,metadata,STM-METADATA-EN,11,0.9923402142937415,BERTopic-METADATA-MULTILINGUAL,-1,0.0,True,language_specific_match,0.03493,False,pending
doi:10.46303/ressat.2024.28,Investigation into the Challenges Experienced by School Management Teams (SMTs) Post-Pandemic in Rural High Schools in the Mopani-West Education District,2024,en,metadata,STM-METADATA-EN,11,0.7826022460385307,BERTopic-METADATA-MULTILINGUAL,-1,0.0,True,language_specific_match,0.03493,False,pending
doi:10.46328/ijonses.217,Striking a Balance between Centralized and Decentralized Decision Making: A School-Based Management Practice for Optimum Performance,2021,en,metadata,STM-METADATA-EN,1,0.5429904443259044,BERTopic-METADATA-MULTILINGUAL,-1,0.0,True,language_specific_match,0.038418,False,pending
doi:10.46328/ijres.2921,School Management and Climate to Enhance Parental Involvement,2022,en,metadata,STM-METADATA-EN,7,0.5501019208943789,BERTopic-METADATA-MULTILINGUAL,10,0.44290990395379604,False,language_specific_match,0.043192,True,pending
doi:10.46606/eajess2020v01i02.0028,Perception of School Management Committees on Community Participation in Education among Primary Schools in Tanzania,2020,en,metadata,STM-METADATA-EN,14,0.4076317371681203,BERTopic-METADATA-MULTILINGUAL,-1,0.0,True,language_specific_match,0.031956,False,pending
doi:10.46606/eajess2020v01i03.0046,"Effect of School Management on Teachers' Commitment: A Case of Government Secondary Schools in Arusha City, Tanzania",2020,en,metadata,STM-METADATA-EN,14,0.8845019448918574,BERTopic-METADATA-MULTILINGUAL,-1,0.0,True,language_specific_match,0.031956,False,pending
doi:10.46606/eajess2021v02i04.0124,"Human Skills by Heads of Secondary Schools towards Effective School Management in Makambako Town, Tanzania",2021,en,metadata,STM-METADATA-EN,14,0.6007822613626265,BERTopic-METADATA-MULTILINGUAL,-1,0.0,True,language_specific_match,0.031956,False,pending
doi:10.46627/sipose.v5i1.478,Community-Based School Management Model Development in The Digital Era,2024,en,metadata,STM-METADATA-EN,4,0.4962536579232639,BERTopic-METADATA-MULTILINGUAL,-1,0.0,True,weak_match,0.015873,False,pending
doi:10.46692/9781447338567,School Scandals: Blowing the Whistle on the Corruption of Our Education System,2020,en,metadata,STM-METADATA-EN,1,0.7740241386093953,BERTopic-METADATA-MULTILINGUAL,-1,0.0,True,language_specific_match,0.038418,False,pending
doi:10.46799/jsss.v2i2.114,Affirmation of School Management and Success of Islamic Religious Education Learning,2021,en,metadata,STM-METADATA-EN,4,0.5613877238077649,BERTopic-METADATA-MULTILINGUAL,11,1.0,False,weak_match,0.016139,False,pending
doi:10.46827/ejes.v12i5.5937,PRINCIPALS' SCHOOL MANAGEMENT STYLES AND MOTIVATIONS OF TEACHERS TOWARD SCHOOL PERFORMANCE,2025,en,metadata,STM-METADATA-EN,14,0.869920784819219,BERTopic-METADATA-MULTILINGUAL,13,1.0,False,language_specific_match,0.025806,False,pending
doi:10.46827/ejes.v8i5.3742,"EXTENDING E-ADMINISTRATION CAPABILITIES FOR SAFE SCHOOL MANAGEMENT USING ICT PERIPHERAL DEVICES IN SECONDARY SCHOOLS IN EBONYI STATE, NIGERIA",2021,en,metadata,STM-METADATA-EN,14,0.8886058566575465,BERTopic-METADATA-MULTILINGUAL,2,0.9829099946840583,False,weak_match,0.015606,False,pending
doi:10.47119/ijrp1001681320257643,School Management Practices in Addressing Issues and Challenges of Teachers-In-Charge: A Management Primer,2025,en,metadata,STM-METADATA-EN,4,0.6047588817834586,BERTopic-METADATA-MULTILINGUAL,-1,0.0,True,weak_match,0.015873,False,pending
doi:10.47191/ijmra/v6-i2-29,Educational Leadership Management and its Contribution to School Organization and Success,2023,en,metadata,STM-METADATA-EN,4,0.5072084732750682,BERTopic-METADATA-MULTILINGUAL,0,1.0,False,weak_match,0.010753,False,pending
doi:10.47191/ijmra/v6-i3-46,Educational Leadership Management Practices: A Perspective to Educational Transformation,2023,en,metadata,STM-METADATA-EN,4,0.3429069873645409,BERTopic-METADATA-MULTILINGUAL,0,1.0,False,weak_match,0.010753,True,pending
doi:10.47191/ijmra/v6-i4-46,The Role of Educational Leadership and Practices to School System and Discipline,2023,en,metadata,STM-METADATA-EN,9,0.4291677211483381,BERTopic-METADATA-MULTILINGUAL,0,1.0,False,partial_overlap,0.066593,False,pending
doi:10.47191/ijsshr/v5-i12-06,Adiwiyata-Program-Based School Management,2022,en,metadata,STM-METADATA-EN,12,0.7123257494872567,BERTopic-METADATA-MULTILINGUAL,-1,0.0,True,weak_match,0.019588,False,pending
doi:10.47191/ijsshr/v5-i5-26,"Educational Leadership: Islamic Religious, Philosophy, Psychology, and Sociology Perspectives",2022,en,metadata,STM-METADATA-EN,5,0.2973545599199035,BERTopic-METADATA-MULTILINGUAL,-1,0.0,True,weak_match,0.015385,True,pending
doi:10.47191/ijsshr/v6-i6-36,Implementation of Fun School Management at SMKN 3 and SMKN 2 Kuala Kapuas,2023,en,metadata,STM-METADATA-EN,12,0.8794320504871289,BERTopic-METADATA-MULTILINGUAL,-1,0.0,True,weak_match,0.019588,False,pending
doi:10.47191/jefms/v6-i3-19,School Management in Creating Effective Schools in the Covid Era at Adyatma Sukodono Lumajang Pharmaceutical Vocational School,2023,en,metadata,STM-METADATA-EN,4,0.8617061572178535,BERTopic-METADATA-MULTILINGUAL,-1,0.0,True,weak_match,0.015873,False,pending
doi:10.47200/aoej.v14i2.2130,IMPLEMENTASI LANDASAN PENDIDIKAN DALAM MENGOPTIMALKAN PERAN GURU DAN MANAJEMEN SEKOLAH DALAM MENCEGAH PERILAKU BULLYING,2023,en,metadata,STM-METADATA-EN,4,0.28664245100723634,BERTopic-METADATA-MULTILINGUAL,-1,0.0,True,weak_match,0.015873,False,pending
doi:10.47297/wspchrmwsp2040-800506.20231403,The Role of Supervisor to Develop Strategic Planning for the Future of Education,2023,en,metadata,STM-METADATA-EN,4,0.4688362291628949,BERTopic-METADATA-MULTILINGUAL,7,0.9999788921939083,False,weak_match,0.017022,True,pending
doi:10.47405/mjssh.v10i2.3232,Collaborative Leadership and School Management Committees' Impact on Primary Teachers' Job Satisfaction in Sarawak Malaysia,2025,en,metadata,STM-METADATA-EN,16,0.4378139486061977,BERTopic-METADATA-MULTILINGUAL,13,1.0,False,one_to_one,0.250824,False,pending
doi:10.47577/tssj.v50i1.9932,School-Based Management From the Viewpoint of the Principal's Leadership (Study at State Vocational School 1 Bone),2023,en,metadata,STM-METADATA-EN,12,0.4284269809209337,BERTopic-METADATA-MULTILINGUAL,0,1.0,False,weak_match,0.006144,True,pending
doi:10.47604/ajep.3176,"The Making of a Champion Leader: Insights from the Diploma in Educational Leadership and Management Program in Uganda, West Nile Region",2025,en,metadata,STM-METADATA-EN,9,0.7003438147756261,BERTopic-METADATA-MULTILINGUAL,0,0.9499887766566573,False,partial_overlap,0.066593,False,pending
doi:10.47672/ajlg.1036,The Role of School Management Committees and Head teacher's Effectiveness in Government-Aided Primary Schools in Luweero District - Uganda,2022,en,metadata,STM-METADATA-EN,14,0.6185370457622783,BERTopic-METADATA-MULTILINGUAL,-1,0.0,True,language_specific_match,0.031956,False,pending
doi:10.47750/cibg.2021.27.03.081,Educational Leadership and Management,2021,en,metadata,STM-METADATA-EN,5,0.4109102459414772,BERTopic-METADATA-MULTILINGUAL,0,1.0,False,STM_split_by_BERTopic,0.145598,False,pending
doi:10.47750/jett.2021.12.01.004,Investigation of articles on leadership and school management in turkey,2021,en,metadata,STM-METADATA-EN,13,0.44845785848861075,BERTopic-METADATA-MULTILINGUAL,-1,0.0,True,weak_match,0.014698,False,pending
doi:10.47766/development.v2i2.1118,Adiwiyata School Management In Improving Brand Image In Madrasah,2024,en,metadata,STM-METADATA-EN,6,0.414418689841713,BERTopic-METADATA-MULTILINGUAL,-1,0.0,True,language_specific_match,0.045401,True,pending
doi:10.47766/idarah.v6i1.177,Implementation of Management Information Systems to Enhance Educational Quality,2022,en,metadata,STM-METADATA-EN,4,0.6599048271889024,BERTopic-METADATA-MULTILINGUAL,2,0.6929657494780281,False,language_specific_match,0.040046,True,pending
doi:10.47772/ijriss.2023.7524,"The Perceived Role of Parental Involvement in Secondary School Management: Implications for Student Counselling and Managerial Decision Making in Kericho County, Kenya",2023,en,metadata,STM-METADATA-EN,14,0.5910729467579549,BERTopic-METADATA-MULTILINGUAL,10,1.0,False,language_specific_match,0.039973,False,pending
doi:10.47772/ijriss.2025.90300259,A Structural Model on School Management Effectiveness,2025,en,metadata,STM-METADATA-EN,7,0.367841284262254,BERTopic-METADATA-MULTILINGUAL,1,0.981155324723313,False,weak_match,0.008226,False,pending
doi:10.47772/ijriss.2025.909000513,Integrating Educational Leadership and Human Resource Management for Enhanced Teacher Professionalism in Malaysian Public Schools: A Conceptual Framework,2025,en,metadata,STM-METADATA-EN,3,0.3699296871682543,BERTopic-METADATA-MULTILINGUAL,0,0.8301559811713656,False,partial_overlap,0.100561,True,pending
doi:10.47836/pjssh.31.1.21,School Management for Sustainable Development in Energy and Environmental Excellence,2023,en,metadata,STM-METADATA-EN,4,0.3267773294382934,BERTopic-METADATA-MULTILINGUAL,-1,0.0,True,weak_match,0.015873,True,pending
doi:10.48035/tesis/2454/45810,s La dirección escolar: hacia la definición de su identidad profesional,2023,en,metadata,STM-METADATA-EN,6,0.5980318335995604,BERTopic-METADATA-MULTILINGUAL,-1,0.0,True,language_specific_match,0.045401,False,pending
doi:10.48047/rigeo.11.05.302,Inclusive School Management: Transforming Learning during the COVID-19 Pandemic,2021,en,metadata,STM-METADATA-EN,10,0.4793942871737652,BERTopic-METADATA-MULTILINGUAL,6,1.0,False,one_to_one,0.321491,False,pending
doi:10.48165/sajssh.2021.2107,Expected Roles and Functions of the School Management Committee: An Investigation for Effective Functioning,2021,en,metadata,STM-METADATA-EN,15,0.5598530918266343,BERTopic-METADATA-MULTILINGUAL,-1,0.0,True,language_specific_match,0.023188,False,pending
doi:10.48169/ecuatesis/0101202005,La gestión escolar y la calidad educativa en las instituciones educativas de nivel básico.,2020,en,metadata,STM-METADATA-EN,2,0.4151705959777142,BERTopic-METADATA-MULTILINGUAL,-1,0.0,True,language_specific_match,0.046404,False,pending
doi:10.48169/ecuatesis/0102202008,Gestión educativa y su relación con el desempeño docente.,2020,en,metadata,STM-METADATA-EN,6,0.47653169913419535,BERTopic-METADATA-MULTILINGUAL,-1,0.0,True,language_specific_match,0.045401,False,pending
doi:10.48169/ecuatesis/0102202012,Gestión educativa y práctica docente: reflexiones sobre la dimensión investigativa.,2020,en,metadata,STM-METADATA-EN,2,0.7894159580421962,BERTopic-METADATA-MULTILINGUAL,-1,0.0,True,language_specific_match,0.046404,False,pending
doi:10.48169/ecuatesis/0105202028,La gestión educativa en el liderazgo directivo de los colegios del circuito 07d01 del cantón Pasaje.,2020,en,metadata,STM-METADATA-EN,2,0.31921290064764357,BERTopic-METADATA-MULTILINGUAL,-1,0.0,True,language_specific_match,0.046404,False,pending
doi:10.5038/2577-509x.4.2.1040,"Educational leadership, leader-member exchange and teacher self-efficacy",2020,en,metadata,STM-METADATA-EN,16,0.5326003687217241,BERTopic-METADATA-MULTILINGUAL,0,0.7918520986471955,False,language_specific_match,0.025659,True,pending
doi:10.5040/9781350159662,"A New Theory of Organizational Ecology, and Its Implications for Educational Leadership",2021,en,metadata,STM-METADATA-EN,3,0.4988282180816028,BERTopic-METADATA-MULTILINGUAL,0,0.8105149591916457,False,partial_overlap,0.100561,False,pending
doi:10.51244/ijrsi.2021.81004,Case Study and Randomized Control Trial (RCT) Research Designs for Educational Leadership and Management Studies,2021,en,metadata,STM-METADATA-EN,13,0.3868991620226556,BERTopic-METADATA-MULTILINGUAL,-1,0.0,True,weak_match,0.014698,True,pending
doi:10.51244/ijrsi.2024.11120034,"Influence of Teacher Training on ICT Usage in School Management Information Systems: A Case of Rorya District, Tanzania",2025,en,metadata,STM-METADATA-EN,8,0.5169984949839552,BERTopic-METADATA-MULTILINGUAL,2,1.0,False,one_to_one,0.29716,False,pending
doi:10.51276/edu.v3i1.216,Full Day School Management at SMA As Safi'iyah Medan,2022,en,metadata,STM-METADATA-EN,12,0.9677517350648898,BERTopic-METADATA-MULTILINGUAL,-1,0.0,True,weak_match,0.019588,False,pending
doi:10.51276/edu.v4i2.380,The Effect of Direct Compensation and Work Motivation on Teacher Productivity at Private Senior High School in Jakarta,2023,en,metadata,STM-METADATA-EN,16,0.8106404774328262,BERTopic-METADATA-MULTILINGUAL,13,1.0,False,one_to_one,0.250824,False,pending
doi:10.51278/bpr.v5i1.1750,The Integration of Multiculturalism Values in School Management at Mts Favorit Darut Taqwa,2025,en,metadata,STM-METADATA-EN,12,0.44511569002708024,BERTopic-METADATA-MULTILINGUAL,5,0.7454084366126893,False,weak_match,0.010301,True,pending
doi:10.51574/ijrer.v3i1.1340,The Embodiment of Islamic Boarding School-Based School Management in Improving The Quality of Graduates,2023,en,metadata,STM-METADATA-EN,12,0.7184581260219536,BERTopic-METADATA-MULTILINGUAL,11,1.0,False,one_to_one,0.311371,False,pending
doi:10.51594/ijarss.v2i3.156,IMPLICATIONS OF POOR WASTE DISPOSAL MANAGEMENT PRACTICES ON SENIOR HIGH SCHOOLS WITHIN THE WA MUNICIPALITY OF GHANA,2020,en,metadata,STM-METADATA-EN,11,0.9624017383349083,BERTopic-METADATA-MULTILINGUAL,-1,0.0,True,language_specific_match,0.03493,False,pending
doi:10.51594/ijmer.v2i3.146,STAKEHOLDERS RESPONSIBILITIES IN PUBLIC SHS BUILDINGS MAINTENANCE PRACTICES IN THE WA MUNICIPALITY,2020,en,metadata,STM-METADATA-EN,11,0.9770427204473999,BERTopic-METADATA-MULTILINGUAL,-1,0.0,True,language_specific_match,0.03493,False,pending
doi:10.51594/ijmer.v2i3.147,CONSTRAINTS FACTORS TO MAINTENANCE OF GOVERNMENT SENIOR HIGH SCHOOL BUILDINGS IN WA MUNICIPAL,2020,en,metadata,STM-METADATA-EN,11,0.9840703869289362,BERTopic-METADATA-MULTILINGUAL,-1,0.0,True,language_specific_match,0.03493,False,pending
doi:10.51594/ijmer.v2i3.148,EXAMINATION OF THE CURRENT STATE OF GOVERNMENT BUILDINGS IN SENIOR HIGH SCHOOLS IN WA MUNICIPAL,2020,en,metadata,STM-METADATA-EN,11,0.910500815579059,BERTopic-METADATA-MULTILINGUAL,-1,0.0,True,language_specific_match,0.03493,False,pending
doi:10.51594/ijmer.v2i4.157,WASTE DISPOSAL MANAGEMENT PRACTICES IN SELECTED SENIOR HIGH SCHOOLS WITHIN THE WA MUNICIPALITY OF GHANA,2020,en,metadata,STM-METADATA-EN,11,0.9881713217498898,BERTopic-METADATA-MULTILINGUAL,-1,0.0,True,language_specific_match,0.03493,False,pending
doi:10.51986/ijer-2021.vol3.02.01,"The causes of ethical turpitude in schools: Evidence from four schools in Gauteng, South Africa",2021,en,metadata,STM-METADATA-EN,11,0.5437216863302182,BERTopic-METADATA-MULTILINGUAL,-1,0.0,True,language_specific_match,0.03493,False,pending
doi:10.52038/9783643511324_18,Democratic Participation in School Management,2023,en,metadata,STM-METADATA-EN,1,0.4602449073551997,BERTopic-METADATA-MULTILINGUAL,-1,0.0,True,language_specific_match,0.038418,False,pending
doi:10.5212/praxeduc.v.15.15335.069,Políticas conservadoras no contexto escolar e autonomia docente,2020,en,metadata,STM-METADATA-EN,6,0.47828562054619755,BERTopic-METADATA-MULTILINGUAL,-1,0.0,True,language_specific_match,0.045401,False,pending
doi:10.5220/0010922400003364,Social Media as a Strategic Tool in School Management: Experience of Ukraine and USA,2020,en,metadata,STM-METADATA-EN,13,0.7795152806381274,BERTopic-METADATA-MULTILINGUAL,-1,0.0,True,weak_match,0.014698,False,pending
doi:10.5220/0012744200003693,Views of Administrators on the Use of Social Media Networks and Tools in School Management Processes,2024,en,metadata,STM-METADATA-EN,13,0.8853013140061489,BERTopic-METADATA-MULTILINGUAL,-1,0.0,True,weak_match,0.014698,False,pending
doi:10.52223/jess.2024.5225,The Influence of Emotional Intelligence in Educational Leadership and School Climate,2024,en,metadata,STM-METADATA-EN,9,0.6048665585025814,BERTopic-METADATA-MULTILINGUAL,-1,0.0,True,language_specific_match,0.037234,False,pending
doi:10.52223/jess.2024.5236,Eco-Friendly Practices in School Management: A Case Study of Sustainability in Pakistani Elementary Schools,2024,en,metadata,STM-METADATA-EN,15,0.4146358720227744,BERTopic-METADATA-MULTILINGUAL,-1,0.0,True,language_specific_match,0.023188,True,pending
doi:10.52223/jssa20-010104-04,Analysis of teacher professional development in Tanzania: View point school management practice,2020,en,metadata,STM-METADATA-EN,9,0.3882780617321089,BERTopic-METADATA-MULTILINGUAL,-1,0.0,True,language_specific_match,0.037234,False,pending
doi:10.52296/vje.2021.54,Educational Leadership in the U.S. and Vietnam: A Cross-Culture Comparative Study,2021,en,metadata,STM-METADATA-EN,5,0.4036357426173704,BERTopic-METADATA-MULTILINGUAL,0,1.0,False,STM_split_by_BERTopic,0.145598,False,pending
doi:10.52305/mqvh3498,Positive Psychology and School Leadership: The New Science of Positive Educational Leadership,2020,en,metadata,STM-METADATA-EN,5,0.5647538265213495,BERTopic-METADATA-MULTILINGUAL,0,1.0,False,STM_split_by_BERTopic,0.145598,False,pending
doi:10.52337/pjer.v3i2.469,EVALUATION OF SCHOOL MANAGEMENT COMMITTEE (SMC) ON QUALITY OF EDUCATION: A CASE OF SINDH,2020,en,metadata,STM-METADATA-EN,6,0.9674123742849143,BERTopic-METADATA-MULTILINGUAL,-1,0.0,True,language_specific_match,0.045401,False,pending
doi:10.52380/ijpes.2022.9.3.725,The Relationship Between Teachers' Perceived Power Distance and Organizational Silence in School Management,2022,en,metadata,STM-METADATA-EN,16,0.8055372853414008,BERTopic-METADATA-MULTILINGUAL,0,1.0,False,language_specific_match,0.025659,False,pending
doi:10.52431/murobbi.v8i2.2795,Curriculum Updates and Their Impact on School Management Practices,2024,en,metadata,STM-METADATA-EN,6,0.6033421708431479,BERTopic-METADATA-MULTILINGUAL,-1,0.0,True,language_specific_match,0.045401,False,pending
doi:10.52547/jspnay.3.3.348,Designing a model to evaluate the effectiveness of educational and educational leadership models among principals,2022,en,metadata,STM-METADATA-EN,5,0.35528275886344446,BERTopic-METADATA-MULTILINGUAL,0,1.0,False,STM_split_by_BERTopic,0.145598,False,pending
doi:10.52627/managere.v5i2.334,ENHANCING MORAL INTEGRITY: ISLAMIC EDUCATION'S ROLE IN FOSTERING SUPERIOR CHARACTER WITHIN ISLAMIC BOARDING SCHOOL MANAGEMENT,2023,en,metadata,STM-METADATA-EN,12,0.865779417845407,BERTopic-METADATA-MULTILINGUAL,11,1.0,False,one_to_one,0.311371,False,pending
doi:10.52690/jswse.v1i1.4,Adiwiyata-Based School Management in Indonesia,2020,en,metadata,STM-METADATA-EN,12,0.9191434668313354,BERTopic-METADATA-MULTILINGUAL,-1,0.0,True,weak_match,0.019588,False,pending
doi:10.5281/zenodo.21268308,Cuestionarios Gestión Escolar 2DO PARCIAL,2026,en,metadata,STM-METADATA-EN,2,0.5675513793519017,BERTopic-METADATA-MULTILINGUAL,4,0.9207657438375001,False,weak_match,0.019018,False,pending
doi:10.5281/zenodo.4458640,Quality assurance practices and students' performance evaluation in universities of South-South Nigeria: A structural equation modelling approach,2021,en,metadata,STM-METADATA-EN,14,0.3800006334341486,BERTopic-METADATA-MULTILINGUAL,1,0.8859208407272624,False,language_specific_match,0.0205,True,pending
doi:10.5281/zenodo.6612505,Visionary Leadership Phenomenon in School Management,2022,en,metadata,STM-METADATA-EN,13,0.4516486743742861,BERTopic-METADATA-MULTILINGUAL,0,1.0,False,language_specific_match,0.024837,False,pending
doi:10.5281/zenodo.6966871,Implementation of School-Based Management in Improving the Quality of State Islamic Junior High School,2022,en,metadata,STM-METADATA-EN,12,0.8085260742790737,BERTopic-METADATA-MULTILINGUAL,11,1.0,False,one_to_one,0.311371,False,pending
doi:10.5281/zenodo.7552441,Effective educational leadership and school management: The importance of strong leadership and managerial skills,2023,en,metadata,STM-METADATA-EN,9,0.3459703756021556,BERTopic-METADATA-MULTILINGUAL,0,1.0,False,partial_overlap,0.066593,True,pending
doi:10.5281/zenodo.7595719,Problems Encountered by School Administrators in School Management in the COVID-19 Pandemic and Strategies for Coping with These Problems,2023,en,metadata,STM-METADATA-EN,10,0.9434941413679164,BERTopic-METADATA-MULTILINGUAL,6,0.9090311262422276,False,one_to_one,0.321491,False,pending
doi:10.5281/zenodo.7645146,An Analysis of the Influence of Cultural Beliefs on Educational Leadership Practices in Pakistan: A Comparative Study of Public and Private Schools,2023,en,metadata,STM-METADATA-EN,5,0.7245963414063606,BERTopic-METADATA-MULTILINGUAL,-1,0.0,True,weak_match,0.015385,False,pending
doi:10.5281/zenodo.7800582,School Management System,2023,en,metadata,STM-METADATA-EN,8,0.9081403033561093,BERTopic-METADATA-MULTILINGUAL,2,0.9696253400833266,False,one_to_one,0.29716,False,pending
doi:10.5281/zenodo.8240850,The Contribution School Management Based on Educational Quality Report to Increase the Quality of Basic Education Banten Province,2023,en,metadata,STM-METADATA-EN,6,0.33687463085849195,BERTopic-METADATA-MULTILINGUAL,1,1.0,False,partial_overlap,0.065208,True,pending
doi:10.5281/zenodo.8368735,Lived Experiences of Teachers in the Hinterland School: Management Plan,2023,en,metadata,STM-METADATA-EN,10,0.7319864215454012,BERTopic-METADATA-MULTILINGUAL,-1,0.0,True,weak_match,0.011828,False,pending
doi:10.5296/jpag.v12i2.20146,Transparency and Accountability of Managing School Financial Resources,2022,en,metadata,STM-METADATA-EN,11,0.6536532085713528,BERTopic-METADATA-MULTILINGUAL,-1,0.0,True,language_specific_match,0.03493,False,pending
doi:10.53358/ecosacademia.v11i22.1280,Gestión escolar y su impacto en la implementación de políticas de inclusión educativa en Ecuador,2025,en,metadata,STM-METADATA-EN,6,0.5841592635272335,BERTopic-METADATA-MULTILINGUAL,5,1.0,False,weak_match,0.014039,False,pending
doi:10.53485/rsu.v4i3.186,Gestión escolar del liderazgo estratégico: Diagnóstico de una escuela primaria mexicana,2021,en,metadata,STM-METADATA-EN,1,0.23708399107639716,BERTopic-METADATA-MULTILINGUAL,-1,0.0,True,language_specific_match,0.038418,True,pending
doi:10.53555/kuey.v30i10.8124,Survey of Nigerian Secondary School Principals' Educational Innovation and Leadership Behaviour: Implications for Effective School Management,2024,en,metadata,STM-METADATA-EN,5,0.6152929343400132,BERTopic-METADATA-MULTILINGUAL,0,0.771529308622416,False,STM_split_by_BERTopic,0.145598,True,pending
doi:10.53555/kuey.v30i4.1007,Education Is A Key Tool In The Development Of Society And Educational Leadership And Is A Key Element For Effective School And Education,2024,en,metadata,STM-METADATA-EN,6,0.42658131938130406,BERTopic-METADATA-MULTILINGUAL,1,1.0,False,partial_overlap,0.065208,False,pending
doi:10.53819/81018102t5053,School Management Strategies and Students' Academic Performance in Twelve Years Basic Education in Rwanda,2022,en,metadata,STM-METADATA-EN,14,0.7752326743594428,BERTopic-METADATA-MULTILINGUAL,-1,0.0,True,language_specific_match,0.031956,False,pending
doi:10.54069/attadrib.v5i2.247,"Aspek Perkembangan Manajemen Pembelajaran Active Learning, Paikem Pada Kelas Unggulan",2022,en,metadata,STM-METADATA-EN,12,0.9497324584142185,BERTopic-METADATA-MULTILINGUAL,-1,0.0,True,weak_match,0.019588,False,pending
doi:10.54097/fbem.v3i3.298,Influencing Factors and Intervention Strategies of Teachers' Work Engagement in Primary and Secondary Schools,2022,en,metadata,STM-METADATA-EN,16,0.41117210832176965,BERTopic-METADATA-MULTILINGUAL,13,1.0,False,one_to_one,0.250824,False,pending
doi:10.54097/jeer.v2i1.5416,The development direction of educational leadership in the context of globalization,2023,en,metadata,STM-METADATA-EN,8,0.30166171335431186,BERTopic-METADATA-MULTILINGUAL,-1,0.0,True,weak_match,0.004103,True,pending
doi:10.54195/ijpe.18201,"Parental Involvement in High and Low Performing Schools in Gasabo District, Rwanda",2023,en,metadata,STM-METADATA-EN,15,0.6046874901676346,BERTopic-METADATA-MULTILINGUAL,10,1.0,False,language_specific_match,0.023906,False,pending
doi:10.54254/2754-1169/2025.20363,Data-driven School Management: An Analysis of Pathways to Enhancing Student Academic Performance and Mental Health,2025,en,metadata,STM-METADATA-EN,8,0.3298938003796874,BERTopic-METADATA-MULTILINGUAL,2,0.7466889658678826,False,one_to_one,0.29716,True,pending
doi:10.54254/2755-2721/2025.18759,Design and Implementation of a Multimodal Data Collection and Distribution System Based on Python-Taking School Management System as an Example,2024,en,metadata,STM-METADATA-EN,8,0.9672497870755723,BERTopic-METADATA-MULTILINGUAL,2,0.9696253400833266,False,one_to_one,0.29716,False,pending
doi:10.54298/ijith.v2i2.130,Islamic Boarding School Management System In Increasing The Competitiveness Of Islamic Boarding Schools In Jambi Province,2023,en,metadata,STM-METADATA-EN,12,0.8270325248666297,BERTopic-METADATA-MULTILINGUAL,11,1.0,False,one_to_one,0.311371,False,pending
doi:10.5430/wje.v13n4p16,Critique of Research Methodologies and Methods in Educational Leadership,2023,en,metadata,STM-METADATA-EN,2,0.4838623552031422,BERTopic-METADATA-MULTILINGUAL,-1,0.0,True,language_specific_match,0.046404,False,pending
doi:10.54396/alfahim.v5i2.746,Manajemen Sekolah di Era Society 5.0 dalam Meningkatkan Kualitas dan Produktivitas Sumber Daya Manusia,2023,en,metadata,STM-METADATA-EN,13,0.29493404144748353,BERTopic-METADATA-MULTILINGUAL,0,1.0,False,language_specific_match,0.024837,True,pending
doi:10.54476/iimrj310,"Issues, Perceptions, and Challenges of Amalgamation in Higher Education Institutions in Calabarzon: Quality School Management Strategic Plan",2020,en,metadata,STM-METADATA-EN,6,0.7820964870411967,BERTopic-METADATA-MULTILINGUAL,1,1.0,False,partial_overlap,0.065208,False,pending
doi:10.54536/ajahs.v3i4.3866,Challenges and Performance of Novice Teachers: Basis for School Management Plan,2024,en,metadata,STM-METADATA-EN,7,0.4292394851774995,BERTopic-METADATA-MULTILINGUAL,-1,0.0,True,language_specific_match,0.024444,True,pending
doi:10.54732/jeecs.v6i1.190,Smart School Management System of Presence Monitoring Teacher as A Realtime with Rad (Rapid Application Development) Method at Khadijah High School Surabaya,2021,en,metadata,STM-METADATA-EN,8,0.6986247559068183,BERTopic-METADATA-MULTILINGUAL,2,0.9696253400833266,False,one_to_one,0.29716,False,pending
doi:10.54784/1990-6587.1497,Pre and post assessment of school management committee: A case study of Sindh,2023,en,metadata,STM-METADATA-EN,6,0.9766715230086568,BERTopic-METADATA-MULTILINGUAL,-1,0.0,True,language_specific_match,0.045401,False,pending
doi:10.54884/s181570410025092-6,Development potential of the school management team in modern context,2023,en,metadata,STM-METADATA-EN,1,0.45721919845439546,BERTopic-METADATA-MULTILINGUAL,1,0.9145347199403383,False,language_specific_match,0.025568,False,pending
doi:10.54922/ijehss.2022.0444,IMPLEMENTATION OF SCHOOL MANAGEMENT INFORMATION SYSTEM IN IMPROVING THE QUALITY OF EDUCATION SERVICES AT KLATEN REGENCY,2022,en,metadata,STM-METADATA-EN,4,0.8083575380414681,BERTopic-METADATA-MULTILINGUAL,2,0.6635967475380973,False,language_specific_match,0.040046,True,pending
doi:10.55016/ojs/ajer.v67i3.69961,Roots of Collaborative Inquiry and Generative Dialogue for Educational Leadership,2021,en,metadata,STM-METADATA-EN,3,0.6466497931276268,BERTopic-METADATA-MULTILINGUAL,0,0.994108981360563,False,partial_overlap,0.100561,False,pending
doi:10.55028/dfbv8s36,Gestão e provimento à direção escolar: estado do conhecimento a partir de dissertações de mestrados profissionais (2014-2024),2026,en,metadata,STM-METADATA-EN,1,0.4555546709682176,BERTopic-METADATA-MULTILINGUAL,-1,0.0,True,language_specific_match,0.038418,False,pending
doi:10.55041/ijsrem17618,Review on School Management System,2023,en,metadata,STM-METADATA-EN,8,0.7912793249748736,BERTopic-METADATA-MULTILINGUAL,2,0.9696253400833266,False,one_to_one,0.29716,False,pending
doi:10.55056/cte.684,Comparing social media use in school management: experiences from Ukraine and the United States,2024,en,metadata,STM-METADATA-EN,13,0.764488928810154,BERTopic-METADATA-MULTILINGUAL,-1,0.0,True,weak_match,0.014698,False,pending
doi:10.55248/gengpi.4.823.50276,Job Stress of Secondary School Teachers Teaching in Different Types of School Management,2023,en,metadata,STM-METADATA-EN,16,0.5799333423991139,BERTopic-METADATA-MULTILINGUAL,13,1.0,False,one_to_one,0.250824,False,pending
doi:10.5539/ies.v13n4p106,Enhancement of College English Teachers' Information Literacy in Information Environment,2020,en,metadata,STM-METADATA-EN,8,0.8769631175573832,BERTopic-METADATA-MULTILINGUAL,2,1.0,False,one_to_one,0.29716,False,pending
doi:10.5539/ies.v14n1p115,The Association Between Parent Participation in School Management and Student Achievement in Eight Countries and Economies,2020,en,metadata,STM-METADATA-EN,7,0.5628113182936777,BERTopic-METADATA-MULTILINGUAL,10,1.0,False,language_specific_match,0.043192,False,pending
doi:10.5539/ies.v14n1p65,The Competences of Teaching Staff and Principals in the Context of Educational Innovation and School Development,2020,en,metadata,STM-METADATA-EN,2,0.4061527701836576,BERTopic-METADATA-MULTILINGUAL,-1,0.0,True,language_specific_match,0.046404,False,pending
doi:10.5539/ies.v16n3p80,Scenarios of Secondary School Management During the Digital Era in the Next Decade (2022-2031),2023,en,metadata,STM-METADATA-EN,13,0.7695774590835908,BERTopic-METADATA-MULTILINGUAL,2,1.0,False,partial_overlap,0.069068,False,pending
doi:10.55606/sokoguru.v1i3.60,SCHOOL MANAGEMENT STRATEGIES IN IMPROVING THE QUALITY OF EDUCATION WITH LEADING PROGRAMS BASED ON ISLAMIC BOARDING SCHOOLS,2021,en,metadata,STM-METADATA-EN,12,0.549283104665184,BERTopic-METADATA-MULTILINGUAL,1,1.0,False,language_specific_match,0.0371,False,pending
doi:10.55681/nusra.v5i1.2148,ISLAMIC BOARDING SCHOOL-BASED SCHOOL MANAGEMENT (EXPLORATORY STUDY OF ACADEMIC AND NON-ACADEMIC ACHIEVEMENT DEVELOPMENT AT SMPIT NURUL ISLAM TENGARAN),2024,en,metadata,STM-METADATA-EN,12,0.9822621699217685,BERTopic-METADATA-MULTILINGUAL,11,1.0,False,one_to_one,0.311371,False,pending
doi:10.55737/qjss.349319430,"The Role of Artificial Intelligence (AI) In Transforming Educational Practices: Opportunities, Challenges, and Implications",2024,en,metadata,STM-METADATA-EN,13,0.4499720326157198,BERTopic-METADATA-MULTILINGUAL,9,1.0,False,STM_split_by_BERTopic,0.086811,False,pending
doi:10.55813/gaea/rcym/v3/n1/55,Desigualdades educativas y estrategias de inclusión en bachillerato en entornos socioeconómicos diversos,2025,en,metadata,STM-METADATA-EN,2,0.19480513413447317,BERTopic-METADATA-MULTILINGUAL,5,0.5222451328454442,False,STM_split_by_BERTopic,0.13484,True,pending
doi:10.5590/jerap.2024.14.1.04,The Use of Assistive Technology for Students With Disabilities in Technical Colleges in Ondo State,2024,en,metadata,STM-METADATA-EN,14,0.49968261860159424,BERTopic-METADATA-MULTILINGUAL,5,1.0,False,weak_match,0.013094,False,pending
doi:10.55927/ijsmr.v1i8.3571,Building Leadership Skills in Educational Leadership: A Case Study of Successful School Principals,2023,en,metadata,STM-METADATA-EN,9,0.6434911047381326,BERTopic-METADATA-MULTILINGUAL,0,1.0,False,partial_overlap,0.066593,False,pending
doi:10.55942/jebl.v5i4.855,"Teacher competence, school management, and organizational culture as joint drivers of teacher productivity: Evidence from SMA Negeri 66 Jakarta",2025,en,metadata,STM-METADATA-EN,16,0.7148547410843326,BERTopic-METADATA-MULTILINGUAL,13,1.0,False,one_to_one,0.250824,False,pending
doi:10.5604/01.3001.0016.1071,SCHOOL MANAGEMENT DURING THE COVID-19 PANDEMIC - BETWEEN THE IDEA OF WORK-LIFE BALANCE AND REALITY,2022,en,metadata,STM-METADATA-EN,10,0.9594646089035832,BERTopic-METADATA-MULTILINGUAL,6,0.6947517349753642,False,one_to_one,0.321491,True,pending
doi:10.56238/uniknowindevolp-127,The use of the PDCA cycle and the 5W2H tool as quality control tools by school management,2023,en,metadata,STM-METADATA-EN,13,0.6428804197918105,BERTopic-METADATA-MULTILINGUAL,1,1.0,False,language_specific_match,0.021005,False,pending
doi:10.56314/ijoleh.v1i2.77,Cultural Management Of Character Strengthening In The Post-Pandemic Elementary School Environment,2022,en,metadata,STM-METADATA-EN,12,0.7095938309836973,BERTopic-METADATA-MULTILINGUAL,11,1.0,False,one_to_one,0.311371,False,pending
doi:10.56457/jimk.v12i1.522,Designing A Leadership Training Program For School Principals To Improve The Quality Of School Management,2024,en,metadata,STM-METADATA-EN,4,0.2663856865001863,BERTopic-METADATA-MULTILINGUAL,0,1.0,False,weak_match,0.010753,True,pending
doi:10.56648/aide-irj.v11i1.179,"Financial Management, Challenges, and Coping Strategies of Private Schools in Sanchez Mira: Its Effect on School Management",2025,en,metadata,STM-METADATA-EN,9,0.43722884232198067,BERTopic-METADATA-MULTILINGUAL,-1,0.0,True,language_specific_match,0.037234,True,pending
doi:10.56726/irjmets44523,Evaluating the Role of Women in Educational Leadership,2023,en,metadata,STM-METADATA-EN,3,0.24927315766724648,BERTopic-METADATA-MULTILINGUAL,8,1.0,False,one_to_one,0.227761,True,pending
doi:10.56773/ejer.v1i2.7,Secondary school teachers' perceptions of Catholic school management in selected schools of Lusaka District,2023,en,metadata,STM-METADATA-EN,14,0.7793236556436911,BERTopic-METADATA-MULTILINGUAL,-1,0.0,True,language_specific_match,0.031956,False,pending
doi:10.56916/jirpe.v4i4.1770,School Management in Preventing Bullying in Primary Schools,2025,en,metadata,STM-METADATA-EN,9,0.21162572787983372,BERTopic-METADATA-MULTILINGUAL,-1,0.0,True,language_specific_match,0.037234,True,pending
doi:10.57125/fed.2023.06.25.05,The Influence of School Management Information Systems and Teacher's Social Competence on the Parent Satisfaction of Junior High School Students,2023,en,metadata,STM-METADATA-EN,14,0.32723196295207757,BERTopic-METADATA-MULTILINGUAL,-1,0.0,True,language_specific_match,0.031956,True,pending
doi:10.57709/18723065,Educational Leadership in the Age of Artificial Intelligence,2022,en,metadata,STM-METADATA-EN,13,0.48142655752110847,BERTopic-METADATA-MULTILINGUAL,9,1.0,False,STM_split_by_BERTopic,0.086811,False,pending
doi:10.58548/2024.jmpie11.5670,Advancing gender parity in educational leadership: Insights from selected secondary schools in Shinyanga Municipality,2024,en,metadata,STM-METADATA-EN,3,0.3778071827281481,BERTopic-METADATA-MULTILINGUAL,8,1.0,False,one_to_one,0.227761,True,pending
doi:10.58557/(ijeh).v5i1.286,Challenges in School Management and Supervision: Insights from Educators in Chinese Colleges,2025,en,metadata,STM-METADATA-EN,9,0.6450105392899773,BERTopic-METADATA-MULTILINGUAL,-1,0.0,True,language_specific_match,0.037234,False,pending
doi:10.58577/dimar.v7i1.478,Transformation of Islamic Boarding School Management,2025,en,metadata,STM-METADATA-EN,12,0.28755399418037636,BERTopic-METADATA-MULTILINGUAL,11,1.0,False,one_to_one,0.311371,True,pending
doi:10.58578/arzusin.v1i1.104,Pengaruh Manajemen Peserta Didik Sekolah Menengah Pertama terhadap Prestasi Belajar,2021,en,metadata,STM-METADATA-EN,12,0.43673302538552033,BERTopic-METADATA-MULTILINGUAL,-1,0.0,True,weak_match,0.019588,False,pending
doi:10.58578/masaliq.v1i3.43,Peran Pendidik dalam Meningkatkan Manajemen Sekolah pada Masa Pandemi,2021,en,metadata,STM-METADATA-EN,4,0.7962974850661816,BERTopic-METADATA-MULTILINGUAL,-1,0.0,True,weak_match,0.015873,False,pending
doi:10.5861/ijrse.2025.25257,"A statistical survey and analysis of community participation in school management in tribal-dominated areas of Meghalaya, with special reference to the Bhorimbong Block in the Aspirational District of Ribhoi",2025,en,metadata,STM-METADATA-EN,15,0.5289580898361462,BERTopic-METADATA-MULTILINGUAL,-1,0.0,True,language_specific_match,0.023188,False,pending
doi:10.58622/vjes.v3i4.105,"Effectiveness of Parent Teacher School Management Committee on Quality of Education in Public Secondary School of Tehsil Hub, District Lasbela",2023,en,metadata,STM-METADATA-EN,14,0.6329491624604477,BERTopic-METADATA-MULTILINGUAL,10,1.0,False,language_specific_match,0.039973,False,pending
doi:10.58837/chula.educu.48.3.20,Proposed School Management Strategies to Strengthen the Consciousness and Practices of Students to Reduce Global Warming(การนำเสนอกลยทธการบรหารโรงเรยนเพอเสรมสรางจตสำนกและการปฏบตของนกเรยนในการลดภาวะโลกรอน),2020,en,metadata,STM-METADATA-EN,4,0.4768679261150673,BERTopic-METADATA-MULTILINGUAL,-1,0.0,True,weak_match,0.015873,False,pending
doi:10.5897/err2020.4076,"Empowerment of the school management team by secondary schools principals in Tshwane West District, South Africa",2021,en,metadata,STM-METADATA-EN,5,0.507112199507541,BERTopic-METADATA-MULTILINGUAL,0,0.7782098661906972,False,STM_split_by_BERTopic,0.145598,True,pending
doi:10.58995/redlic.rmic.v3.n3.a179,El Plan Educativo Institucional como herramienta de la gestión escolar,2025,en,metadata,STM-METADATA-EN,6,0.7325832715378094,BERTopic-METADATA-MULTILINGUAL,-1,0.0,True,language_specific_match,0.045401,False,pending
doi:10.5926/jjep.68.147,Development of the Teamwork Inventory for Community-Based School Management:,2020,en,metadata,STM-METADATA-EN,4,0.8803559940029512,BERTopic-METADATA-MULTILINGUAL,-1,0.0,True,weak_match,0.015873,False,pending
doi:10.59298/rijciam/2025/421215,Exploring the Role of Emotional Intelligence in Educational Leadership,2025,en,metadata,STM-METADATA-EN,9,0.8674989424275036,BERTopic-METADATA-MULTILINGUAL,-1,0.0,True,language_specific_match,0.037234,False,pending
doi:10.5937/straman2200009j,The role of teacher and organizational culture in school management,2022,en,metadata,STM-METADATA-EN,16,0.9648675606928728,BERTopic-METADATA-MULTILINGUAL,-1,0.0,True,weak_match,0.01087,False,pending
doi:10.59373/drs.v2i2.28,Child-Friendly School Management: A Study of Ukhuwah Wathoniyah at Ma'arif Nahdlatul Ulama,2024,en,metadata,STM-METADATA-EN,12,0.8147561081752898,BERTopic-METADATA-MULTILINGUAL,11,0.5894997168214459,False,one_to_one,0.311371,True,pending
doi:10.5944/hme.14.2021.28184,Villar Palasí: Sobre tecnocracia y dirección escolar,2021,en,metadata,STM-METADATA-EN,2,0.7975075112703046,BERTopic-METADATA-MULTILINGUAL,-1,0.0,True,language_specific_match,0.046404,False,pending
doi:10.59765/qaia532f,"Electronic Governance System Implementation and Its Influence on Public Secondary School Management: A Case Study of Meru District, Tanzania",2023,en,metadata,STM-METADATA-EN,14,0.6742521737558275,BERTopic-METADATA-MULTILINGUAL,2,0.9829099946840583,False,weak_match,0.015606,False,pending
doi:10.59941/2960-0642-2024-4-47-55,Exploring Educational Leadership Models in Kazakhstan,2024,en,metadata,STM-METADATA-EN,5,0.2895994852095839,BERTopic-METADATA-MULTILINGUAL,0,1.0,False,STM_split_by_BERTopic,0.145598,True,pending
doi:10.60027/ijsasr.2025.7273,School Management Strategies in Preventing School Bullying,2025,en,metadata,STM-METADATA-EN,9,0.47305106684232573,BERTopic-METADATA-MULTILINGUAL,-1,0.0,True,language_specific_match,0.037234,True,pending
doi:10.60027/jelr.2024.793,Components and Indicators of Educational Leadership,2024,en,metadata,STM-METADATA-EN,9,0.7829569940515544,BERTopic-METADATA-MULTILINGUAL,0,1.0,False,partial_overlap,0.066593,False,pending
doi:10.60027/jelr.2025.1759,"Building Collaboration Between Educational Institutions and Communities Impacting School Management: A Case Study of Guangzhou Vocational College of Technology, Guangzhou Open University, China",2025,en,metadata,STM-METADATA-EN,9,0.3018492536674204,BERTopic-METADATA-MULTILINGUAL,-1,0.0,True,language_specific_match,0.037234,True,pending
doi:10.6007/ijarbss/v11-i2/9188,"""Followership"" - The Missing Puzzle in Educational Leadership Research",2021,en,metadata,STM-METADATA-EN,5,0.39845498319623845,BERTopic-METADATA-MULTILINGUAL,0,1.0,False,STM_split_by_BERTopic,0.145598,False,pending
doi:10.6007/ijarbss/v12-i9/14803,Practices of Accountability and Transparency in Financial Management among Secondary School Principals,2022,en,metadata,STM-METADATA-EN,11,0.34260755102491425,BERTopic-METADATA-MULTILINGUAL,-1,0.0,True,language_specific_match,0.03493,True,pending
doi:10.61093/bel.8(1).107-115.2024,The Nexus Between Transformational Leadership and Greece's Public Sector Performance: Educational Leadership Extension,2024,en,metadata,STM-METADATA-EN,3,0.2417421556138203,BERTopic-METADATA-MULTILINGUAL,0,0.9332133302815834,False,partial_overlap,0.100561,True,pending
doi:10.61093/bel.8(3).184-198.2024,Professional Standards and Educational Leadership: Higher Secondary Teachers' Behavioral Intention Towards Adopting New Teaching Technologies,2024,en,metadata,STM-METADATA-EN,8,0.3755766224842078,BERTopic-METADATA-MULTILINGUAL,2,0.5771704292223776,False,one_to_one,0.29716,True,pending
doi:10.61132/uranus.v3i2.802,Pengembangan Sistem Informasi Manajemen Sekolah Berbasis Web untuk Meningkatkan Efisiensi Administrasi Pendidikan,2025,en,metadata,STM-METADATA-EN,8,0.4925496101541716,BERTopic-METADATA-MULTILINGUAL,2,0.9696253400833266,False,one_to_one,0.29716,False,pending
doi:10.61186/ijes.5.4.170,Validating of Applied Model for the Implementation of the School Management Excellence Program,2022,en,metadata,STM-METADATA-EN,4,0.3584208949458361,BERTopic-METADATA-MULTILINGUAL,1,1.0,False,STM_split_by_BERTopic,0.111995,True,pending
doi:10.61408/jaet2022v24i01.12,Determinants of School Management Teams Effectiveness in Managing Capitation Grants in Tanzania Community Secondary Schools,2022,en,metadata,STM-METADATA-EN,14,0.7456880163591608,BERTopic-METADATA-MULTILINGUAL,-1,0.0,True,language_specific_match,0.031956,False,pending
doi:10.61707/4wesnw44,"Integrative Approaches to Internal Quality Assurance in Junior High Schools: Exploring Impacts on Student Learning, Teacher Effectiveness, and School Management",2024,en,metadata,STM-METADATA-EN,6,0.3698923264628476,BERTopic-METADATA-MULTILINGUAL,1,1.0,False,partial_overlap,0.065208,False,pending
doi:10.61796/ejlhss.v1i1.12,Importance of Upskilling and Reskilling in Educational Leadership and Management,2023,en,metadata,STM-METADATA-EN,9,0.9153624329430664,BERTopic-METADATA-MULTILINGUAL,0,0.8756725594554442,False,partial_overlap,0.066593,False,pending
doi:10.61987/edsojou.v2i2.711,Effective School Management Strategies for Enhancing Early Childhood Development,2025,en,metadata,STM-METADATA-EN,9,0.5265772955401387,BERTopic-METADATA-MULTILINGUAL,1,0.8732833300795779,False,weak_match,0.01865,True,pending
doi:10.61987/jemr.v4i5.1191,School Management Strategies for Improving Teacher Performance Through Clinical Supervision,2025,en,metadata,STM-METADATA-EN,9,0.4208426646253525,BERTopic-METADATA-MULTILINGUAL,-1,0.0,True,language_specific_match,0.037234,False,pending
doi:10.62097/falasifa.v16i02.2474,Islamic Boarding School Management in the Digital Era: Integrating Tradition and Innovation in Islamic Education,2025,en,metadata,STM-METADATA-EN,13,0.4432683740932026,BERTopic-METADATA-MULTILINGUAL,11,1.0,False,weak_match,0.011543,True,pending
doi:10.62225/2583049x.2024.4.6.3506,"Improving the Quality of School Services Through School Management Effectiveness, Work Motivation, Professional Commitment, and Completeness of Learning Facilities: Empirical Study Using Path Analysis Techniques and SITOREM Analysis on Private High School Teachers in Wamena City, Papua",2024,en,metadata,STM-METADATA-EN,4,0.6297853742235777,BERTopic-METADATA-MULTILINGUAL,1,0.9527915377215832,False,STM_split_by_BERTopic,0.111995,False,pending
doi:10.62225/2583049x.2025.5.4.4744,Factors Influencing Effective School Management in Selected Public Secondary Schools in Lusaka District,2025,en,metadata,STM-METADATA-EN,14,0.3793908418341023,BERTopic-METADATA-MULTILINGUAL,-1,0.0,True,language_specific_match,0.031956,False,pending
doi:10.62452/rs29bw18,La gestión escolar y su impacto en la función directiva. Reflexiones teórico-metodológicas,2024,en,metadata,STM-METADATA-EN,1,0.5697170393002532,BERTopic-METADATA-MULTILINGUAL,1,0.9462430277346507,False,language_specific_match,0.025568,False,pending
doi:10.62711/ijite.v2i4.161,Implementation of School Management Information Systems at Vocational School State I Tomohon,2023,en,metadata,STM-METADATA-EN,8,0.613848638874965,BERTopic-METADATA-MULTILINGUAL,2,0.9696253400833266,False,one_to_one,0.29716,False,pending
doi:10.62997/rl.2025.42055,Strengthening School Governance: Assessing the Impact of School Management Committees on School Administration in Public Schools of Pakistan,2025,en,metadata,STM-METADATA-EN,1,0.39720016158231497,BERTopic-METADATA-MULTILINGUAL,-1,0.0,True,language_specific_match,0.038418,False,pending
doi:10.63371/ic.v4.n4.a451,Innovar desde el Acompañamiento Psicopedagógico: Hacia una Gestión Educativa Transformadora e Inclusiva,2025,en,metadata,STM-METADATA-EN,6,0.315135476822128,BERTopic-METADATA-MULTILINGUAL,5,0.8707548500228625,False,weak_match,0.014039,True,pending
doi:10.63544/ijss.v4i2.132,Comparative Analysis of Authoritative and Democratic Leadership Styles and Their Impact on School Management Effectiveness,2025,en,metadata,STM-METADATA-EN,5,0.28147511208014114,BERTopic-METADATA-MULTILINGUAL,0,1.0,False,STM_split_by_BERTopic,0.145598,False,pending
doi:10.64639/dmvd0q69,Gestión educativa y TIC en tiempos de cambio,2023,en,metadata,STM-METADATA-EN,2,0.5722485993526051,BERTopic-METADATA-MULTILINGUAL,2,1.0,False,weak_match,0.010963,False,pending
doi:10.69481/styl09032024,School Heads' Decision - Making Styles And Educational Leadership: Their Influence On School Culture,2024,en,metadata,STM-METADATA-EN,9,0.3565329303086415,BERTopic-METADATA-MULTILINGUAL,0,1.0,False,partial_overlap,0.066593,True,pending
doi:10.69566/ajehd.v4i1.75,Navigating Educational Leadership Challenges: Transformations and Policy Implications for Filipino Principals,2023,en,metadata,STM-METADATA-EN,9,0.3744364704538545,BERTopic-METADATA-MULTILINGUAL,0,0.8171294134759544,False,partial_overlap,0.066593,False,pending
doi:10.69651/pijhss030305,School management and leadership in the contemporary state of education system in the Philippines,2024,en,metadata,STM-METADATA-EN,3,0.27590067530581874,BERTopic-METADATA-MULTILINGUAL,0,1.0,False,partial_overlap,0.100561,True,pending
doi:10.69714/rv353w94,"EDUCATIONAL MARKETING IN SCHOOL MANAGEMENT: AN ONTOLOGICAL, EPISTEMOLOGICAL, AND AXIOLOGICAL ANALYSIS FROM THE PHILOSOPHY OF SCIENCE PERSPECTIVE",2026,en,metadata,STM-METADATA-EN,13,0.6367883323062349,BERTopic-METADATA-MULTILINGUAL,-1,0.0,True,weak_match,0.014698,False,pending
doi:10.69733/clad.ryd.n83.a274,"Políticas de <i>accountability</i>: tensiones y dificultades en la gestión escolar, una revisión bibliográfica",2022,en,metadata,STM-METADATA-EN,6,0.8218246785426312,BERTopic-METADATA-MULTILINGUAL,-1,0.0,True,language_specific_match,0.045401,False,pending
doi:10.69821/constellations.v5i1.160,Liderazgo pedagógico y gestión escolar rural: una revisión documental sistemática,2026,en,metadata,STM-METADATA-EN,6,0.3143204380905153,BERTopic-METADATA-MULTILINGUAL,-1,0.0,True,language_specific_match,0.045401,False,pending
doi:10.70023/piqm24124,Optimizing School Management through Genetic Algorithm-Driven Pattern Mining for Educational Process Enhancement,2024,en,metadata,STM-METADATA-EN,8,0.6602557270321245,BERTopic-METADATA-MULTILINGUAL,9,0.9538564022673329,False,language_specific_match,0.041522,False,pending
doi:10.70063/eduspectrum.v1i1.29,Ethical Decision-Making in Educational Leadership: Insights from Islamic Scholars,2024,en,metadata,STM-METADATA-EN,3,0.5563216603112506,BERTopic-METADATA-MULTILINGUAL,-1,0.0,True,language_specific_match,0.030626,False,pending
doi:10.70287/epistemic.v1i1.3,Manajemen Peningkatan Mutu Berbasis Sekolah,2022,en,metadata,STM-METADATA-EN,12,0.7740312063162648,BERTopic-METADATA-MULTILINGUAL,1,0.9083120834889078,False,language_specific_match,0.0371,False,pending
doi:10.70625/rlce/111,The Role of Educational Leadership in Promoting Innovative Teaching Practices,2025,en,metadata,STM-METADATA-EN,9,0.5475481589142864,BERTopic-METADATA-MULTILINGUAL,0,0.9527579519037994,False,partial_overlap,0.066593,False,pending
doi:10.70838/pemj.390508,Development of Emergency Educational Leadership Scale for School Heads,2025,en,metadata,STM-METADATA-EN,7,0.5849190837918162,BERTopic-METADATA-MULTILINGUAL,-1,0.0,True,language_specific_match,0.024444,False,pending
doi:10.71016/hnjss/8xsfz709,Enhancing Quality Education: The Role of Parents Teachers School Management Committee in Higher Secondary Schools of Quetta,2024,en,metadata,STM-METADATA-EN,6,0.43573580362491987,BERTopic-METADATA-MULTILINGUAL,1,0.9576393156828105,False,partial_overlap,0.065208,True,pending
doi:10.71282/at-taklim.v2i1.36,The Concept of Principal's Technology Competency in School Management Effectiveness,2025,en,metadata,STM-METADATA-EN,8,0.22996328861692963,BERTopic-METADATA-MULTILINGUAL,2,1.0,False,one_to_one,0.29716,True,pending
doi:10.7146/ejie.v3i1.142505,"Inclusive Educational Leadership and Research Instrument Validation: school principals' values, knowledge, beliefs, attitudes and practices regarding inclusive education of disabled students.",2024,en,metadata,STM-METADATA-EN,5,0.2722727146117695,BERTopic-METADATA-MULTILINGUAL,5,1.0,False,weak_match,0.004544,True,pending
doi:10.7176/jep/12-13-04,"An Investigation to Political Interference in Public Secondary School Management and Leadership Practice in Addis Ababa, Ethiopia",2021,en,metadata,STM-METADATA-EN,5,0.48973391220652773,BERTopic-METADATA-MULTILINGUAL,0,0.8160869425990593,False,STM_split_by_BERTopic,0.145598,False,pending
doi:10.7176/rhss/10-16-03,Assessment of the Performance of School Management Committees (SMCs) Towards the Attainment of Quality Basic Education in the Tarkwa-Nsuaem Municipality of Ghana,2020,en,metadata,STM-METADATA-EN,14,0.5551228654908629,BERTopic-METADATA-MULTILINGUAL,-1,0.0,True,language_specific_match,0.031956,False,pending
doi:10.7275/11192304,Educational leadership : a field test of Hersey and Blanchard's situational leadership theory.,2023,en,metadata,STM-METADATA-EN,5,0.9372789578376909,BERTopic-METADATA-MULTILINGUAL,0,1.0,False,STM_split_by_BERTopic,0.145598,False,pending
doi:10.7769/gesec.v14i7.2426,The role of school management in technological practices as a tool for futuristic teaching,2023,en,metadata,STM-METADATA-EN,8,0.8611042223397909,BERTopic-METADATA-MULTILINGUAL,2,1.0,False,one_to_one,0.29716,False,pending
doi:10.9734/acri/2022/v22i330276,"Challenges to Research Activities among Academic Clinicians at the International Medical School, Management and Science University, Malaysia",2022,en,metadata,STM-METADATA-EN,10,0.980805616486203,BERTopic-METADATA-MULTILINGUAL,-1,0.0,True,weak_match,0.011828,False,pending
doi:10.9734/ajess/2024/v50i81542,The Impact of Educational Leadership on Student Achievement: A Comparative Analysis of Urban and Rural Schools,2024,en,metadata,STM-METADATA-EN,9,0.34544281338757743,BERTopic-METADATA-MULTILINGUAL,0,1.0,False,partial_overlap,0.066593,True,pending
doi:10.9734/ajess/2025/v51i82321,"Perceived Usefulness and Teachers' Willingness to Integrate Technology in School Management: Evidence from the Nyohini Educational Circuit, Tamale Metropolis, Ghana",2025,en,metadata,STM-METADATA-EN,14,0.36065438954476786,BERTopic-METADATA-MULTILINGUAL,2,1.0,False,weak_match,0.015606,True,pending
doi:10.9756/int-jecse/v13i1.211002,"Inclusion Schools in the Daerah Istimewa Yogyakarta Province, Indonesia: Regulations, Facilities and Aspirations of Teachers",2020,en,metadata,STM-METADATA-EN,12,0.6401132512392596,BERTopic-METADATA-MULTILINGUAL,5,0.8382030144033381,False,weak_match,0.010301,False,pending
record:0273dc57040b7822331b246b,Gestión escolar directiva como predictor del trabajo en equipo en docentes de centros de educación técnico productivas públicas Iquitos 2023,2025,en,metadata,STM-METADATA-EN,7,0.7879264645181357,BERTopic-METADATA-MULTILINGUAL,4,0.925563325457513,False,language_specific_match,0.023747,False,pending
record:04d342f6dff2139304c952c6,'Leading beautifully': A phoenix arises in new research in educational leadership,2020,en,metadata,STM-METADATA-EN,2,0.5882622859126181,BERTopic-METADATA-MULTILINGUAL,0,1.0,False,weak_match,0.019558,False,pending
record:076292cdb134c49670fbec5b,Modern Trends of Involving Kazakhstan' Schoolchildren and Teachers in School Management,2020,en,metadata,STM-METADATA-EN,2,0.21095458505335923,BERTopic-METADATA-MULTILINGUAL,1,0.8950591471438369,False,language_specific_match,0.026388,True,pending
record:10b2ffeefccb48b4fb1bc9cb,"Educational Leadership And Management Styles Of Public Elementary School Heads And Level Of School-based Management Of Selected Schools In Palawan, Philippines",2021,en,metadata,STM-METADATA-EN,14,0.3441632213410915,BERTopic-METADATA-MULTILINGUAL,0,0.9837833634949705,False,weak_match,0.006998,False,pending
record:124fb0e5a4752dec773fe485,"Effectiveness of Heads of Schools Management of Capitation Grants for Service Delivery in Public Secondary Schools in Hai District, Tanzania",2020,en,metadata,STM-METADATA-EN,14,0.9797493313057584,BERTopic-METADATA-MULTILINGUAL,-1,0.0,True,language_specific_match,0.031956,False,pending
record:12ef14b91e0130cdcb8e6ff9,The causes of stress and its management by school management teams in private primary schools in the Tshwane South District,2020,en,metadata,STM-METADATA-EN,14,0.4750962022038239,BERTopic-METADATA-MULTILINGUAL,13,1.0,False,language_specific_match,0.025806,False,pending
record:1660d63dc4004e7bf5459d66,Educational Leadership: The Role Of Parents,2021,en,metadata,STM-METADATA-EN,14,0.23016850703306335,BERTopic-METADATA-MULTILINGUAL,10,1.0,False,language_specific_match,0.039973,True,pending
record:23684482eed4a94093366631,La gestión escolar y los procesos para fomentar la integración escolar: Comunicación breve,2021,en,metadata,STM-METADATA-EN,2,0.7628493256824047,BERTopic-METADATA-MULTILINGUAL,5,0.764752703233006,False,STM_split_by_BERTopic,0.13484,False,pending
record:2a6ff4afd7681eecab12bd52,SCHOOL PRINCIPALS' VIEWS REGARDING THE USE OF SOCIAL MEDIA IN SCHOOL MANAGEMENT: A PHENOMENOLOGICAL RESEARCH,2021,en,metadata,STM-METADATA-EN,13,0.4130983733252943,BERTopic-METADATA-MULTILINGUAL,-1,0.0,True,weak_match,0.014698,False,pending
record:2fd75c6eefe82a0e46ac85a0,Application of Analytic Hierarchy Process (AHP) in Evaluating Educational Leadership Theories for Effective School Management,2023,en,metadata,STM-METADATA-EN,9,0.4408308766893494,BERTopic-METADATA-MULTILINGUAL,0,0.8594171979489781,False,partial_overlap,0.066593,False,pending
record:3985ed56817d1bbc6449708e,Educational leadership for intergenerational learning among teachers,2020,en,metadata,STM-METADATA-EN,9,0.3631977189159962,BERTopic-METADATA-MULTILINGUAL,0,0.994108981360563,False,partial_overlap,0.066593,True,pending
record:3a7d056d2a66b8e58dd41a05,La formación de directores ¿puede mejorar la gestión escolar? evidencia a corto plazo de un experimento en Argentina,2020,en,metadata,STM-METADATA-EN,2,0.43428353367462796,BERTopic-METADATA-MULTILINGUAL,-1,0.0,True,language_specific_match,0.046404,False,pending
record:3cb6a98594ea3becc1ff5c1c,Education and Training for Strengthening Principal To Effective Schools,2020,en,metadata,STM-METADATA-EN,12,0.9506864622531034,BERTopic-METADATA-MULTILINGUAL,-1,0.0,True,weak_match,0.019588,False,pending
record:42fb78fd4544464697dc80b2,A Review Of The Educational Leaderships Theory For Special Education Perspective,2021,en,metadata,STM-METADATA-EN,5,0.3585749833241777,BERTopic-METADATA-MULTILINGUAL,0,1.0,False,STM_split_by_BERTopic,0.145598,False,pending
record:47ef3d9c2aa7ea11cfd627ab,Decolonizing Educational Leadership: Exploring Alternative Approaches to Leading Schools,2021,en,metadata,STM-METADATA-EN,3,0.6778700837889837,BERTopic-METADATA-MULTILINGUAL,0,1.0,False,partial_overlap,0.100561,False,pending
record:5a879ea9600bfda9bcb7bc05,La construcción de liderazgo de directoras escolares: las múltiples identidades desde el género,2025,en,metadata,STM-METADATA-EN,5,0.958905987907546,BERTopic-METADATA-MULTILINGUAL,8,1.0,False,language_specific_match,0.029694,False,pending
record:5dafdc5e92642737774921aa,Explaining the school management based on scientific metaphor or personal experience? A case study on the management approach of successful school principals,2020,en,metadata,STM-METADATA-EN,13,0.7685772258129765,BERTopic-METADATA-MULTILINGUAL,7,1.0,False,weak_match,0.009252,False,pending
record:5e44b693eddc5fffea599341,Programa de gestión escolar cooperativa para desarrollar competencias de planificación en dos instituciones educativas secundarias urbanas del distrito de Iquitos 2023,2025,en,metadata,STM-METADATA-EN,14,0.30082962416424247,BERTopic-METADATA-MULTILINGUAL,4,0.7698406104603304,False,weak_match,0.008054,True,pending
record:6e67ec1a91ab817a610813c5,School Leadership as (Un)usual : Insights from Principals in Sweden during a Pandemic,2020,en,metadata,STM-METADATA-EN,10,0.5703530055832216,BERTopic-METADATA-MULTILINGUAL,6,1.0,False,one_to_one,0.321491,False,pending
record:7564ef46e079b89a3977f12b,"Nutritional status of schoolchildren before and after confinement by COVID-19 (2019-2021) in Jujuy, Argentina",2025,en,metadata,STM-METADATA-EN,10,0.9455588143855692,BERTopic-METADATA-MULTILINGUAL,-1,0.0,True,weak_match,0.011828,False,pending
record:76d4ac12f829f1b7ecf52915,A STUDY OF SCHOOL MANAGEMENT COMMITTEE: CHALLENGES AND SOLUTIONS,2020,en,metadata,STM-METADATA-EN,1,0.42039091923384053,BERTopic-METADATA-MULTILINGUAL,-1,0.0,True,language_specific_match,0.038418,True,pending
record:78fd5bbf1638fa9d22237483,La calidad del desempeño de los comités de gestión escolar y su influencia en el cumplimiento de los compromisos de gestión escolar de las instituciones educativas públicas urbanas secundarias de la Ugel Maynas 2023,2025,en,metadata,STM-METADATA-EN,6,0.49519940014179553,BERTopic-METADATA-MULTILINGUAL,1,0.9049892903067768,False,partial_overlap,0.065208,False,pending
record:7ff6fa5f0b0a414f006ec92a,How Do Public and Private Schools Differ in School Management and Quality Education? A Phenomenological Study of Teachers' Experiences,2020,en,metadata,STM-METADATA-EN,14,0.2541764283292171,BERTopic-METADATA-MULTILINGUAL,-1,0.0,True,language_specific_match,0.031956,True,pending
record:843c93bb5b396dc2a568aaa4,Community Participation in school Management in Ghana,2021,en,metadata,STM-METADATA-EN,1,0.9436374645161087,BERTopic-METADATA-MULTILINGUAL,-1,0.0,True,language_specific_match,0.038418,False,pending
record:891124ed8faeae50894b6789,Perceptions of school management teams on information and communication technology integration in township and rural secondary schools in KwaZulu-Natal,2020,en,metadata,STM-METADATA-EN,11,0.5841090729958242,BERTopic-METADATA-MULTILINGUAL,2,1.0,False,weak_match,0.011938,False,pending
record:8b515fb6ec553d8bba0fc908,School Management And Effective Use Of Smart Classroom In Teaching And Learning Process,2021,en,metadata,STM-METADATA-EN,8,0.6037449253375068,BERTopic-METADATA-MULTILINGUAL,2,0.937634521812647,False,one_to_one,0.29716,False,pending
record:8b7f2bfe98ddb34860db1b52,Black Educational Leadership : From Silencing to Authenticity,2020,en,metadata,STM-METADATA-EN,3,0.9530705850937249,BERTopic-METADATA-MULTILINGUAL,8,0.835381746171889,False,one_to_one,0.227761,False,pending
record:8e3d99e3fb3f966b68512bd9,"Distributed Educational Leadership in The Private Schools of Addis Ababa, Ethiopia: Perceptions, Practices, Challenges and Opportunities",2021,en,metadata,STM-METADATA-EN,14,0.6451787890312264,BERTopic-METADATA-MULTILINGUAL,0,1.0,False,weak_match,0.006998,False,pending
record:8e5409adc8f98b91890882db,El fracaso escolar en el nivel medio argentino: ¿Es menos frecuente en las escuelas de gestión privada debido a su administración?,2021,en,metadata,STM-METADATA-EN,2,0.3727882450978268,BERTopic-METADATA-MULTILINGUAL,-1,0.0,True,language_specific_match,0.046404,True,pending
record:a5735671691218acc38b7d69,Leadership for inclusive education: a case study of a school management team in an urban primary school.,2020,en,metadata,STM-METADATA-EN,2,0.29717397007784385,BERTopic-METADATA-MULTILINGUAL,0,1.0,False,weak_match,0.019558,True,pending
record:a697c343f95db71761935e22,Governance and educational leadership,2021,en,metadata,STM-METADATA-EN,1,0.8687097040770284,BERTopic-METADATA-MULTILINGUAL,0,0.8962278085550734,False,weak_match,0.012544,False,pending
record:ad5e4835f9c28af8447d7c40,EDUCATIONAL LEADERSHIP PRACTICES IN SECONDARY SCHOOLS: THE ROLE OF PRINCIPALS IN GOAL ACHIEVEMENT,2021,en,metadata,STM-METADATA-EN,5,0.8746511663966181,BERTopic-METADATA-MULTILINGUAL,0,1.0,False,STM_split_by_BERTopic,0.145598,False,pending
record:b081f307c0f94dd3b999ee77,Commercialisation and privatisation in/of education in the context of Covid-19,2020,en,metadata,STM-METADATA-EN,10,0.5469441405441321,BERTopic-METADATA-MULTILINGUAL,6,1.0,False,one_to_one,0.321491,False,pending
record:b1975057146239bf79748463,Governance and educational leadership: Studies in education policy and politics,2021,en,metadata,STM-METADATA-EN,1,0.8596678249449332,BERTopic-METADATA-MULTILINGUAL,0,0.9111090100698415,False,weak_match,0.012544,False,pending
record:ba0a513d15ad8bb73ea8dbf7,"Influence of stakeholders participation in primary school management on academic performance: the case of Uringu division, Meru county, Kenya",2020,en,metadata,STM-METADATA-EN,14,0.952359300992016,BERTopic-METADATA-MULTILINGUAL,-1,0.0,True,language_specific_match,0.031956,False,pending
record:bfb4d5b229a62417a07d3ff4,Las metáforas docentes sobre la gestión educativa en una escuela pública,2021,en,metadata,STM-METADATA-EN,2,0.8136277344925679,BERTopic-METADATA-MULTILINGUAL,-1,0.0,True,language_specific_match,0.046404,False,pending
record:c03df5f7ea09a3c0e4bf1050,Programa trabajo en equipo para lograr compromisos de la gestión escolar en los docentes de la institución educativa Teniente Manuel Clavero Muga Punchana 2024,2025,en,metadata,STM-METADATA-EN,7,0.5715511321389013,BERTopic-METADATA-MULTILINGUAL,4,0.9353255239316349,False,language_specific_match,0.023747,False,pending
record:d250d2ec9af97e9b8a99aeea,Employing African Indigenous Knowledge Systems in managing learner discipline: perspectives of school management teams.,2020,en,metadata,STM-METADATA-EN,11,0.343537416741597,BERTopic-METADATA-MULTILINGUAL,-1,0.0,True,language_specific_match,0.03493,False,pending
record:e4f50b3645bfef8c2b443a72,Dirección estratégica y gestión transformadora en educación: revisión sistemática,2026,en,metadata,STM-METADATA-EN,13,0.3552112985270644,BERTopic-METADATA-MULTILINGUAL,0,0.9032255988318978,False,language_specific_match,0.024837,True,pending
record:ebcc7ddd109a76a8406e40af,La gestión escolar para el mejoramiento de la calidad educativa en la escuela Emilio Carranza,2025,en,metadata,STM-METADATA-EN,6,0.9387730574495625,BERTopic-METADATA-MULTILINGUAL,1,1.0,False,partial_overlap,0.065208,False,pending
record:edc1e2a1486f91919ea94635,Las Tecnologías de la Información como Herramienta Eje que Favorece las Dimensiones de la Gestión Escolar,2025,en,metadata,STM-METADATA-EN,6,0.2557387832679749,BERTopic-METADATA-MULTILINGUAL,2,1.0,False,weak_match,0.003569,True,pending
record:f02e47a2d8edffa9f995309f,What might educational leadership mean in 21st century,2020,en,metadata,STM-METADATA-EN,3,0.5940586761891311,BERTopic-METADATA-MULTILINGUAL,0,1.0,False,partial_overlap,0.100561,False,pending
record:fab25d58ab6cd63e64c1f6b3,AUTONOMÍA DE LA GESTIÓN ESCOLAR EN LA EDUCACIÓN BÁSICA EN MÉXICO: IDENTIFICACIÓN DE FACTORES QUE LA OBSTACULIZAN O PERMITEN SU DESARROLLO,2020,en,metadata,STM-METADATA-EN,2,0.3775729926117423,BERTopic-METADATA-MULTILINGUAL,-1,0.0,True,language_specific_match,0.046404,True,pending
doi:10.14393/revedfil.v37n79a2023-65512,"Racionalidade empresarial, gestão escolar e avaliação na proposta de Ensino Médio Integral em Pernambuco (2008-2018)",2023,pt,metadata,STM-METADATA-PT,3,0.985598457237668,BERTopic-METADATA-MULTILINGUAL,-1,0.0,True,partial_overlap,0.056571,False,pending
doi:10.18764/2178-2229.v28n1p250-275,"AVALIAÇÕES DA APRENDIZAGEM EXTERNAS EM LARGA ESCALA E GESTORES ESCOLARES:características, controvérsias e alternativas",2021,pt,metadata,STM-METADATA-PT,1,0.8779567217675971,BERTopic-METADATA-MULTILINGUAL,-1,0.0,True,partial_overlap,0.061538,False,pending
doi:10.18764/2178-2229.v28n1p276-302,VULNERABILIDADE SOCIAL: práticas e desafios em escolas públicas de educação básica,2021,pt,metadata,STM-METADATA-PT,2,0.6006699245189893,BERTopic-METADATA-MULTILINGUAL,-1,0.0,True,STM_split_by_BERTopic,0.148878,False,pending
doi:10.18764/2178-2229.v28n1p59-77,GESTÃO DEMOCRÁTICA E ESCOLA JUSTA: uma relação orgânica,2021,pt,metadata,STM-METADATA-PT,1,0.43002165117226787,BERTopic-METADATA-MULTILINGUAL,-1,0.0,True,partial_overlap,0.061538,True,pending
doi:10.18764/2178-2229.v28n1p78-94,POLÍTICAS DE DEMOCRATIZAÇÃO/DESCENTALIZAÇÃO NA GESTÃO ESCOLAR DE VITÓRIA DA CONQUISTA - BA: encontros e desafios,2021,pt,metadata,STM-METADATA-PT,2,0.6769820819829926,BERTopic-METADATA-MULTILINGUAL,-1,0.0,True,STM_split_by_BERTopic,0.148878,False,pending
doi:10.18764/2178-2229.v28n1p95-115,GESTÃO DEMOCRÁTICA NO ESTADO DE MATO GROSSO: conquista ameaçada pela implantação de políticas educacionais conservadoras,2021,pt,metadata,STM-METADATA-PT,2,0.9834790088133915,BERTopic-METADATA-MULTILINGUAL,-1,0.0,True,STM_split_by_BERTopic,0.148878,False,pending
doi:10.18764/2178-2229.v28n2-2020-02,PROGRESSÃO CONTINUADA NO BLOCO PEDAGÓGICO: desafios para a gestão escolar em uma escola pública da rede municipal de Santa Maria-RS,2021,pt,metadata,STM-METADATA-PT,3,0.5063481001487814,BERTopic-METADATA-MULTILINGUAL,3,0.8192897841575152,False,STM_split_by_BERTopic,0.160938,True,pending
doi:10.18764/2178-2229v28n3.202141,A GESTÃO PEDAGÓGICA NOS CURSOS TÉCNICOS A DISTÂNCIA: UMA ANÁLISE DA REALIDADE ESCOLAR.,2021,pt,metadata,STM-METADATA-PT,4,0.9788150297939289,BERTopic-METADATA-MULTILINGUAL,7,1.0,False,BERTopic_combines_STM,0.080588,False,pending
doi:10.18764/2178-2229v28n3.202153,GESTÃO ESCOLAR E A DEMOCRACIA: CONCEPÇÕES E PRÁTICAS DA EQUIPE ESCOLAR DO ENSINO FUNDAMENTAL I,2021,pt,metadata,STM-METADATA-PT,2,0.5205785364712698,BERTopic-METADATA-MULTILINGUAL,-1,0.0,True,STM_split_by_BERTopic,0.148878,True,pending
doi:10.18764/2178-2229v28n4.202157,GESTÃO EDUCACIONAL E TRABALHO PEDAGÓGICO: instituintes para a realização do projeto de escola,2021,pt,metadata,STM-METADATA-PT,4,0.7043450868291661,BERTopic-METADATA-MULTILINGUAL,-1,0.0,True,language_specific_match,0.044444,False,pending
doi:10.18764/2358-4319.v13n1p163-182,Gestão escolar humanizadora: possibilidades na promoção da educação em direitos humanos,2020,pt,metadata,STM-METADATA-PT,3,0.9957991514759602,BERTopic-METADATA-MULTILINGUAL,-1,0.0,True,partial_overlap,0.056571,False,pending
doi:10.18764/2358-4319.v14n1p15-38,A gestão escolar democrática na perspectiva freireana,2021,pt,metadata,STM-METADATA-PT,2,0.545102629936899,BERTopic-METADATA-MULTILINGUAL,-1,0.0,True,STM_split_by_BERTopic,0.148878,True,pending
doi:10.18764/2358-4319.v14n2p558-578,Desdobramentos da relação entre gestão escolar e família dos educandos: uma metanálise de estudos publicados entre 2009 e 2019,2021,pt,metadata,STM-METADATA-PT,1,0.5443049400513632,BERTopic-METADATA-MULTILINGUAL,10,0.5396133953591796,False,partial_overlap,0.076415,True,pending
doi:10.20873/uft.rbec.e10666,Mais Gerente e menos Gestor: uma análise do marco regulatório direcionado à gestão da escola pública paraense,2020,pt,metadata,STM-METADATA-PT,3,0.9955969487209716,BERTopic-METADATA-MULTILINGUAL,3,0.78097320216564,False,STM_split_by_BERTopic,0.160938,True,pending
doi:10.20873/uft.rbec.e10837,Os impasses da participação da comunidade no Conselho Escolar em uma Escola do Campo no Município de Placas/PA,2022,pt,metadata,STM-METADATA-PT,5,0.5467599793144531,BERTopic-METADATA-MULTILINGUAL,5,0.3207223398002881,False,language_specific_match,0.043653,True,pending
doi:10.20873/uft.rbec.e12973,A contribuição da Licenciatura em Educação do Campo UFCG para a formação docente e a prática pedagógica das escolas no Cariri paraibano: concepção dos egressos,2021,pt,metadata,STM-METADATA-PT,5,0.7078697699579616,BERTopic-METADATA-MULTILINGUAL,7,1.0,False,partial_overlap,0.052452,False,pending
doi:10.20873/uft.rbec.e14340,Licenciatura em Educação do Campo - UnB e a formação de docentes Intelectuais Coletivos: influências da Pedagogia Socialista na formação de educadores do campo do Território Kalunga - Goiás,2022,pt,metadata,STM-METADATA-PT,5,0.9769604406382136,BERTopic-METADATA-MULTILINGUAL,-1,0.0,True,partial_overlap,0.065589,False,pending
doi:10.20873/uft.rbec.e15376,Gestão democrática: experiências de práticas de gestores em escolas de educação básica,2023,pt,metadata,STM-METADATA-PT,2,0.978533301120557,BERTopic-METADATA-MULTILINGUAL,-1,0.0,True,STM_split_by_BERTopic,0.148878,False,pending
doi:10.22169/revint.v18.e023tl4015,Ações da gestão escolar equalidade de ensino em tempos pandêmicos,2023,pt,metadata,STM-METADATA-PT,2,0.9809356867301394,BERTopic-METADATA-MULTILINGUAL,-1,0.0,True,STM_split_by_BERTopic,0.148878,False,pending
doi:10.22633/rpge.v24i1.12865,"Nexos entre gestão, avaliação e o índice de desenvolvimento da educação básica (IDEB) em escolas públicas",2020,pt,metadata,STM-METADATA-PT,3,0.7025568315180136,BERTopic-METADATA-MULTILINGUAL,-1,0.0,True,partial_overlap,0.056571,False,pending
doi:10.34117/bjdv7n1-246,GESTÃO ESCOLAR DEMOCRÁTICA: DESAFIOS E PERSPECTIVAS / DEMOCRATIC SCHOOL MANAGEMENT: CHALLENGES AND PERSPECTIVES,2021,pt,metadata,STM-METADATA-PT,2,0.6109178619620628,BERTopic-METADATA-MULTILINGUAL,-1,0.0,True,STM_split_by_BERTopic,0.148878,False,pending
doi:10.34117/bjdv8n2-050,Uma observação da liderança na gestão escolar participativa para o processo de ensino-aprendizagem / An observation of leadership in participatory school management for the teaching-learning process,2022,pt,metadata,STM-METADATA-PT,4,0.960556783875599,BERTopic-METADATA-MULTILINGUAL,-1,0.0,True,language_specific_match,0.044444,False,pending
doi:10.34117/bjdv8n7-025,Utilização de novas tecnologias em sala de aula: uma análise dos desafios e possibilidades na ótica da gestão escolar / Use of new technologies in the classroom: an analysis of the challenges and possibilities from the perspective of school management,2022,pt,metadata,STM-METADATA-PT,4,0.8428930520428571,BERTopic-METADATA-MULTILINGUAL,2,0.983420178888007,False,STM_split_by_BERTopic,0.087246,False,pending
doi:10.48178/intersecao.v5i1.521,Interação entre educador e educando com surdez ou com deficiência auditiva no ensino fundamental: anos finais,2023,pt,metadata,STM-METADATA-PT,4,0.7593010456984575,BERTopic-METADATA-MULTILINGUAL,5,0.3698385150737151,False,partial_overlap,0.061557,False,pending
doi:10.5016/ridh.v9i2.105,Educação em direitos humanos: uma pauta premente na docência e na gestão escolar,2021,pt,metadata,STM-METADATA-PT,5,0.5787807766004426,BERTopic-METADATA-MULTILINGUAL,-1,0.0,True,partial_overlap,0.065589,False,pending
doi:10.5380/jpe.v15i0.83257,n. 60 - PRIVATIZACIÓN DE LA GESTIÓN ESCOLAR EN CHILE. EL CASO DEL PROYECTO EDUCATIVO INSTITUCIONAL (PEI),2021,pt,metadata,STM-METADATA-PT,4,0.32157581161375937,BERTopic-METADATA-MULTILINGUAL,12,1.0,False,language_specific_match,0.048039,True,pending
doi:10.70860/ufnt.rbec.e15404,A contribuição da Metodologia das Produções Narrativas para a compreensão dos processos educativos desenvolvidos por educadoras de uma escola do campo do município de Carangola - MG,2024,pt,metadata,STM-METADATA-PT,5,0.9874489273430482,BERTopic-METADATA-MULTILINGUAL,-1,0.0,True,partial_overlap,0.065589,False,pending
doi:10.70860/ufnt.rbec.e18956,"Importância e desafios da Liderança, Inovação e criatividade na Gestão Escolar das escolas públicas do Bailundo e Mungo - Angola",2024,pt,metadata,STM-METADATA-PT,2,0.7104931555796276,BERTopic-METADATA-MULTILINGUAL,-1,0.0,True,STM_split_by_BERTopic,0.148878,False,pending
doi:10.70860/ufnt.rbec.e19371,As escolas de várzea na Amazônia paraense: estudo a partir de um polo no município de Óbidos-PA,2025,pt,metadata,STM-METADATA-PT,5,0.6613253589033298,BERTopic-METADATA-MULTILINGUAL,3,0.8535466287697573,False,one_to_one,0.165421,False,pending
doi:10.70860/ufnt.rbec.e19422,A concepção de regulação e as políticas de gestão escolar no Brasil: princípios político-pedagógicos e contradições,2024,pt,metadata,STM-METADATA-PT,2,0.9903203370722115,BERTopic-METADATA-MULTILINGUAL,12,1.0,False,BERTopic_combines_STM,0.096564,True,pending
record:2e485afe2cbbbb939ed534dd,Contornos de la gestión escolar em Brasil,2021,pt,metadata,STM-METADATA-PT,2,0.5065111447009829,BERTopic-METADATA-MULTILINGUAL,3,0.8178939021140068,False,language_specific_match,0.027717,True,pending
record:36e5440cf9635857006c9655,Alfabetización y lectoescritura en tiempos de reestructuración curricular: trabajo articulado entre dirección escolar y alfabetizadores en una escuela pública de São Paulo,2020,pt,metadata,STM-METADATA-PT,4,0.9591790258659098,BERTopic-METADATA-MULTILINGUAL,-1,0.0,True,language_specific_match,0.044444,False,pending
record:3b19bbe3e58815f394e5659d,"Instrucciones para armar una burbuja: gestión, enseñanza y vínculos en el regreso escolar pospandemia en el AMBA",2026,pt,metadata,STM-METADATA-PT,5,0.588097510762522,BERTopic-METADATA-MULTILINGUAL,3,0.8586210368967242,False,one_to_one,0.165421,False,pending
record:60425b74d552fdfdc38e80ee,Las desigualdades educativas en Argentina: análisis sincrónico de la situación y trayectoria escolar de diferentes cohortes de niños y adolescentes,2023,pt,metadata,STM-METADATA-PT,1,0.8305993959962804,BERTopic-METADATA-MULTILINGUAL,-1,0.0,True,partial_overlap,0.061538,False,pending
record:62056857f23fd668cf824111,La escuela como promotora del desarrollo humano: aportes de la psicología a la gestión escolar,2022,pt,metadata,STM-METADATA-PT,1,0.9287235913458316,BERTopic-METADATA-MULTILINGUAL,0,0.8245021902852019,False,STM_split_by_BERTopic,0.086589,True,pending
record:7b5a71d90522d4a42cd4a9a4,Directio narrans: figuras retóricas en épocas de ¿crisis de la narración?. Un estudio sobre las prácticas de directoras/es escolares en el conurbano bonaerense,2026,pt,metadata,STM-METADATA-PT,5,0.6713444562518562,BERTopic-METADATA-MULTILINGUAL,-1,0.0,True,partial_overlap,0.065589,False,pending
record:813a47eddadaeb5ae77a8551,"Familias, comunidad y escuela en el contexto de la cogestión educativa rural",2026,pt,metadata,STM-METADATA-PT,5,0.5668324625199358,BERTopic-METADATA-MULTILINGUAL,3,1.0,False,one_to_one,0.165421,False,pending
record:88ae1ebeb6101c043b538517,Participación y gestión escolar en Argentina y Brasil: Una comparación de políticas subnacionales,2023,pt,metadata,STM-METADATA-PT,2,0.633904965122304,BERTopic-METADATA-MULTILINGUAL,12,1.0,False,BERTopic_combines_STM,0.096564,False,pending
record:9a56f46987ef84cc35f8241d,"Ruralidades, Escuela y Comunidades: configuración de deseos en jóvenes de la Escuela ""Las Aves"" de Colombia",2023,pt,metadata,STM-METADATA-PT,5,0.4639732929061161,BERTopic-METADATA-MULTILINGUAL,3,1.0,False,one_to_one,0.165421,True,pending
record:ac17dae244a7ab05002e770a,Gestión escolar a prueba de turbilencias: Orientaciones y desafios en el contexto educativo português,2023,pt,metadata,STM-METADATA-PT,1,0.9308834577296828,BERTopic-METADATA-MULTILINGUAL,-1,0.0,True,partial_overlap,0.061538,False,pending
record:d0253eaa67df74323fdf4d61,Desafíos de la gestión escolar en la construcción de la educación integral,2020,pt,metadata,STM-METADATA-PT,3,0.5356036949248434,BERTopic-METADATA-MULTILINGUAL,3,0.8047904133253205,False,STM_split_by_BERTopic,0.160938,True,pending
record:e467aa16583c5b47c2184e79,"¿El retorno de las políticas de desconcentración?: Mutaciones en el Programa Nacional de Formación Permanente (PNFP). Córdoba, Argentina",2022,pt,metadata,STM-METADATA-PT,1,0.9878299585697154,BERTopic-METADATA-MULTILINGUAL,12,1.0,False,partial_overlap,0.075112,False,pending
