stm_model,bertopic_model,corpus,language,stm_topic,bertopic_topic,document_overlap,document_jaccard,jaccard_overlap,weighted_theta_overlap,centroid_similarity,keyword_similarity,representative_document_similarity,combined_alignment,relationship,alignment_status,comparability_status,human_review_status
STM-METADATA-ES,BERTopic-METADATA-MULTILINGUAL,metadata,es,16,-1,143,0.090851,0.090851,0.0,not_computed,0.0,0.0,0.036341,language_specific_match,language_specific_match,comparable_same_publications_unit_period_filter_language,pending
STM-METADATA-ES,BERTopic-METADATA-MULTILINGUAL,metadata,es,16,16,0,0.0,0.0,0.0,not_computed,0.0,0.0,0.0,no_match,no_match,comparable_same_publications_unit_period_filter_language,pending
STM-METADATA-ES,BERTopic-METADATA-MULTILINGUAL,metadata,es,16,6,157,0.303675,0.303675,0.196105,not_computed,0.086957,0.0,0.192235,one_to_one,one_to_one,comparable_same_publications_unit_period_filter_language,pending
STM-METADATA-ES,BERTopic-METADATA-MULTILINGUAL,metadata,es,16,2,0,0.0,0.0,0.0,not_computed,0.0,0.0,0.0,no_match,no_match,comparable_same_publications_unit_period_filter_language,pending
STM-METADATA-ES,BERTopic-METADATA-MULTILINGUAL,metadata,es,16,23,1,0.002016,0.002016,0.000686,not_computed,0.0,0.0,0.000978,weak_match,weak_match,comparable_same_publications_unit_period_filter_language,pending
STM-METADATA-ES,BERTopic-METADATA-MULTILINGUAL,metadata,es,16,18,1,0.002066,0.002066,0.000816,not_computed,0.0,0.0,0.001031,weak_match,weak_match,comparable_same_publications_unit_period_filter_language,pending
STM-METADATA-ES,BERTopic-METADATA-MULTILINGUAL,metadata,es,16,8,121,0.230916,0.230916,0.14726,not_computed,0.086957,0.0,0.150921,BERTopic_combines_STM,BERTopic_combines_STM,comparable_same_publications_unit_period_filter_language,pending
STM-METADATA-ES,BERTopic-METADATA-MULTILINGUAL,metadata,es,16,11,0,0.0,0.0,0.0,not_computed,0.0,0.0,0.0,no_match,no_match,comparable_same_publications_unit_period_filter_language,pending
STM-METADATA-ES,BERTopic-METADATA-MULTILINGUAL,metadata,es,16,3,2,0.003774,0.003774,0.001742,not_computed,0.0,0.0,0.001945,weak_match,weak_match,comparable_same_publications_unit_period_filter_language,pending
STM-METADATA-ES,BERTopic-METADATA-MULTILINGUAL,metadata,es,16,0,6,0.010949,0.010949,0.005118,not_computed,0.0,0.0,0.005659,weak_match,weak_match,comparable_same_publications_unit_period_filter_language,pending
STM-METADATA-ES,BERTopic-METADATA-MULTILINGUAL,metadata,es,16,17,1,0.001942,0.001942,0.001266,not_computed,0.0,0.0,0.001093,weak_match,weak_match,comparable_same_publications_unit_period_filter_language,pending
STM-METADATA-ES,BERTopic-METADATA-MULTILINGUAL,metadata,es,16,14,3,0.005282,0.005282,0.002046,not_computed,0.0,0.0,0.002624,weak_match,weak_match,comparable_same_publications_unit_period_filter_language,pending
STM-METADATA-ES,BERTopic-METADATA-MULTILINGUAL,metadata,es,16,5,2,0.003846,0.003846,0.001351,not_computed,0.0,0.0,0.001876,weak_match,weak_match,comparable_same_publications_unit_period_filter_language,pending
STM-METADATA-ES,BERTopic-METADATA-MULTILINGUAL,metadata,es,16,4,2,0.003521,0.003521,0.001592,not_computed,0.0,0.0,0.001807,weak_match,weak_match,comparable_same_publications_unit_period_filter_language,pending
STM-METADATA-ES,BERTopic-METADATA-MULTILINGUAL,metadata,es,16,13,10,0.018315,0.018315,0.009568,not_computed,0.0,0.0,0.009718,weak_match,weak_match,comparable_same_publications_unit_period_filter_language,pending
STM-METADATA-ES,BERTopic-METADATA-MULTILINGUAL,metadata,es,16,19,0,0.0,0.0,0.0,not_computed,0.0,0.0,0.0,no_match,no_match,comparable_same_publications_unit_period_filter_language,pending
STM-METADATA-ES,BERTopic-METADATA-MULTILINGUAL,metadata,es,16,21,1,0.002033,0.002033,0.000888,not_computed,0.0,0.0,0.001035,weak_match,weak_match,comparable_same_publications_unit_period_filter_language,pending
STM-METADATA-ES,BERTopic-METADATA-MULTILINGUAL,metadata,es,16,22,0,0.0,0.0,0.0,not_computed,0.0,0.0,0.0,no_match,no_match,comparable_same_publications_unit_period_filter_language,pending
STM-METADATA-ES,BERTopic-METADATA-MULTILINGUAL,metadata,es,16,10,0,0.0,0.0,0.0,not_computed,0.0,0.0,0.0,no_match,no_match,comparable_same_publications_unit_period_filter_language,pending
STM-METADATA-ES,BERTopic-METADATA-MULTILINGUAL,metadata,es,16,20,3,0.00625,0.00625,0.002907,not_computed,0.0,0.0,0.003227,weak_match,weak_match,comparable_same_publications_unit_period_filter_language,pending
STM-METADATA-ES,BERTopic-METADATA-MULTILINGUAL,metadata,es,16,15,0,0.0,0.0,0.0,not_computed,0.0,0.0,0.0,no_match,no_match,comparable_same_publications_unit_period_filter_language,pending
STM-METADATA-ES,BERTopic-METADATA-MULTILINGUAL,metadata,es,16,7,3,0.006494,0.006494,0.002841,not_computed,0.0,0.0,0.003308,weak_match,weak_match,comparable_same_publications_unit_period_filter_language,pending
STM-METADATA-ES,BERTopic-METADATA-MULTILINGUAL,metadata,es,16,1,0,0.0,0.0,0.0,not_computed,0.0,0.0,0.0,no_match,no_match,comparable_same_publications_unit_period_filter_language,pending
STM-METADATA-ES,BERTopic-METADATA-MULTILINGUAL,metadata,es,16,12,0,0.0,0.0,0.0,not_computed,0.0,0.0,0.0,no_match,no_match,comparable_same_publications_unit_period_filter_language,pending
STM-METADATA-ES,BERTopic-METADATA-MULTILINGUAL,metadata,es,16,26,0,0.0,0.0,0.0,not_computed,0.0,0.0,0.0,no_match,no_match,comparable_same_publications_unit_period_filter_language,pending
STM-METADATA-ES,BERTopic-METADATA-MULTILINGUAL,metadata,es,16,25,0,0.0,0.0,0.0,not_computed,0.0,0.0,0.0,no_match,no_match,comparable_same_publications_unit_period_filter_language,pending
STM-METADATA-ES,BERTopic-METADATA-MULTILINGUAL,metadata,es,11,-1,20,0.015175,0.015175,0.0,not_computed,0.0,0.0,0.00607,weak_match,weak_match,comparable_same_publications_unit_period_filter_language,pending
STM-METADATA-ES,BERTopic-METADATA-MULTILINGUAL,metadata,es,11,16,13,0.138298,0.138298,0.066075,not_computed,0.041667,0.0,0.082255,BERTopic_combines_STM,BERTopic_combines_STM,comparable_same_publications_unit_period_filter_language,pending
STM-METADATA-ES,BERTopic-METADATA-MULTILINGUAL,metadata,es,11,6,1,0.003401,0.003401,0.001271,not_computed,0.0,0.0,0.001678,weak_match,weak_match,comparable_same_publications_unit_period_filter_language,pending
STM-METADATA-ES,BERTopic-METADATA-MULTILINGUAL,metadata,es,11,2,0,0.0,0.0,0.0,not_computed,0.0,0.0,0.0,no_match,no_match,comparable_same_publications_unit_period_filter_language,pending
STM-METADATA-ES,BERTopic-METADATA-MULTILINGUAL,metadata,es,11,23,0,0.0,0.0,0.0,not_computed,0.0,0.0,0.0,no_match,no_match,comparable_same_publications_unit_period_filter_language,pending
STM-METADATA-ES,BERTopic-METADATA-MULTILINGUAL,metadata,es,11,18,0,0.0,0.0,0.0,not_computed,0.0,0.0,0.0,no_match,no_match,comparable_same_publications_unit_period_filter_language,pending
STM-METADATA-ES,BERTopic-METADATA-MULTILINGUAL,metadata,es,11,8,0,0.0,0.0,0.0,not_computed,0.0,0.0,0.0,no_match,no_match,comparable_same_publications_unit_period_filter_language,pending
STM-METADATA-ES,BERTopic-METADATA-MULTILINGUAL,metadata,es,11,11,0,0.0,0.0,0.0,not_computed,0.0,0.0,0.0,no_match,no_match,comparable_same_publications_unit_period_filter_language,pending
STM-METADATA-ES,BERTopic-METADATA-MULTILINGUAL,metadata,es,11,3,5,0.033784,0.033784,0.010311,not_computed,0.0,0.0,0.016091,weak_match,weak_match,comparable_same_publications_unit_period_filter_language,pending
STM-METADATA-ES,BERTopic-METADATA-MULTILINGUAL,metadata,es,11,0,35,0.25,0.25,0.108241,not_computed,0.136364,0.0,0.161151,one_to_one,one_to_one,comparable_same_publications_unit_period_filter_language,pending
STM-METADATA-ES,BERTopic-METADATA-MULTILINGUAL,metadata,es,11,17,1,0.007353,0.007353,0.002259,not_computed,0.0,0.0,0.003506,weak_match,weak_match,comparable_same_publications_unit_period_filter_language,pending
STM-METADATA-ES,BERTopic-METADATA-MULTILINGUAL,metadata,es,11,14,0,0.0,0.0,0.0,not_computed,0.0,0.0,0.0,no_match,no_match,comparable_same_publications_unit_period_filter_language,pending
STM-METADATA-ES,BERTopic-METADATA-MULTILINGUAL,metadata,es,11,5,0,0.0,0.0,0.0,not_computed,0.0,0.0,0.0,no_match,no_match,comparable_same_publications_unit_period_filter_language,pending
STM-METADATA-ES,BERTopic-METADATA-MULTILINGUAL,metadata,es,11,4,0,0.0,0.0,0.0,not_computed,0.0,0.0,0.0,no_match,no_match,comparable_same_publications_unit_period_filter_language,pending
STM-METADATA-ES,BERTopic-METADATA-MULTILINGUAL,metadata,es,11,13,1,0.005682,0.005682,0.002103,not_computed,0.0,0.0,0.002798,weak_match,weak_match,comparable_same_publications_unit_period_filter_language,pending
STM-METADATA-ES,BERTopic-METADATA-MULTILINGUAL,metadata,es,11,19,0,0.0,0.0,0.0,not_computed,0.0,0.0,0.0,no_match,no_match,comparable_same_publications_unit_period_filter_language,pending
STM-METADATA-ES,BERTopic-METADATA-MULTILINGUAL,metadata,es,11,21,0,0.0,0.0,0.0,not_computed,0.0,0.0,0.0,no_match,no_match,comparable_same_publications_unit_period_filter_language,pending
STM-METADATA-ES,BERTopic-METADATA-MULTILINGUAL,metadata,es,11,22,0,0.0,0.0,0.0,not_computed,0.0,0.0,0.0,no_match,no_match,comparable_same_publications_unit_period_filter_language,pending
STM-METADATA-ES,BERTopic-METADATA-MULTILINGUAL,metadata,es,11,10,0,0.0,0.0,0.0,not_computed,0.0,0.0,0.0,no_match,no_match,comparable_same_publications_unit_period_filter_language,pending
STM-METADATA-ES,BERTopic-METADATA-MULTILINGUAL,metadata,es,11,20,0,0.0,0.0,0.0,not_computed,0.0,0.0,0.0,no_match,no_match,comparable_same_publications_unit_period_filter_language,pending
STM-METADATA-ES,BERTopic-METADATA-MULTILINGUAL,metadata,es,11,15,1,0.008403,0.008403,0.004255,not_computed,0.0,0.0,0.004425,weak_match,weak_match,comparable_same_publications_unit_period_filter_language,pending
STM-METADATA-ES,BERTopic-METADATA-MULTILINGUAL,metadata,es,11,7,0,0.0,0.0,0.0,not_computed,0.0,0.0,0.0,no_match,no_match,comparable_same_publications_unit_period_filter_language,pending
STM-METADATA-ES,BERTopic-METADATA-MULTILINGUAL,metadata,es,11,1,0,0.0,0.0,0.0,not_computed,0.0,0.0,0.0,no_match,no_match,comparable_same_publications_unit_period_filter_language,pending
STM-METADATA-ES,BERTopic-METADATA-MULTILINGUAL,metadata,es,11,12,0,0.0,0.0,0.0,not_computed,0.0,0.0,0.0,no_match,no_match,comparable_same_publications_unit_period_filter_language,pending
STM-METADATA-ES,BERTopic-METADATA-MULTILINGUAL,metadata,es,11,26,0,0.0,0.0,0.0,not_computed,0.0,0.0,0.0,no_match,no_match,comparable_same_publications_unit_period_filter_language,pending
STM-METADATA-ES,BERTopic-METADATA-MULTILINGUAL,metadata,es,11,25,0,0.0,0.0,0.0,not_computed,0.0,0.0,0.0,no_match,no_match,comparable_same_publications_unit_period_filter_language,pending
STM-METADATA-ES,BERTopic-METADATA-MULTILINGUAL,metadata,es,1,-1,134,0.096611,0.096611,0.0,not_computed,0.0,0.0,0.038645,language_specific_match,language_specific_match,comparable_same_publications_unit_period_filter_language,pending
STM-METADATA-ES,BERTopic-METADATA-MULTILINGUAL,metadata,es,1,16,0,0.0,0.0,0.0,not_computed,0.0,0.0,0.0,no_match,no_match,comparable_same_publications_unit_period_filter_language,pending
STM-METADATA-ES,BERTopic-METADATA-MULTILINGUAL,metadata,es,1,6,0,0.0,0.0,0.0,not_computed,0.0,0.0,0.0,no_match,no_match,comparable_same_publications_unit_period_filter_language,pending
STM-METADATA-ES,BERTopic-METADATA-MULTILINGUAL,metadata,es,1,2,1,0.003676,0.003676,0.000818,not_computed,0.0,0.0,0.001675,weak_match,weak_match,comparable_same_publications_unit_period_filter_language,pending
STM-METADATA-ES,BERTopic-METADATA-MULTILINGUAL,metadata,es,1,23,6,0.020339,0.020339,0.009351,not_computed,0.0,0.0,0.010473,weak_match,weak_match,comparable_same_publications_unit_period_filter_language,pending
STM-METADATA-ES,BERTopic-METADATA-MULTILINGUAL,metadata,es,1,18,0,0.0,0.0,0.0,not_computed,0.0,0.0,0.0,no_match,no_match,comparable_same_publications_unit_period_filter_language,pending
STM-METADATA-ES,BERTopic-METADATA-MULTILINGUAL,metadata,es,1,8,1,0.002232,0.002232,0.001526,not_computed,0.0,0.0,0.001274,weak_match,weak_match,comparable_same_publications_unit_period_filter_language,pending
STM-METADATA-ES,BERTopic-METADATA-MULTILINGUAL,metadata,es,1,11,10,0.037879,0.037879,0.022927,not_computed,0.0,0.0,0.020883,language_specific_match,language_specific_match,comparable_same_publications_unit_period_filter_language,pending
STM-METADATA-ES,BERTopic-METADATA-MULTILINGUAL,metadata,es,1,3,13,0.040248,0.040248,0.019299,not_computed,0.0,0.0,0.020924,language_specific_match,language_specific_match,comparable_same_publications_unit_period_filter_language,pending
STM-METADATA-ES,BERTopic-METADATA-MULTILINGUAL,metadata,es,1,0,0,0.0,0.0,0.0,not_computed,0.0,0.0,0.0,no_match,no_match,comparable_same_publications_unit_period_filter_language,pending
STM-METADATA-ES,BERTopic-METADATA-MULTILINGUAL,metadata,es,1,17,1,0.003135,0.003135,0.00163,not_computed,0.0,0.0,0.001662,weak_match,weak_match,comparable_same_publications_unit_period_filter_language,pending
STM-METADATA-ES,BERTopic-METADATA-MULTILINGUAL,metadata,es,1,14,28,0.080692,0.080692,0.042447,not_computed,0.0,0.0,0.042888,language_specific_match,language_specific_match,comparable_same_publications_unit_period_filter_language,pending
STM-METADATA-ES,BERTopic-METADATA-MULTILINGUAL,metadata,es,1,5,10,0.031646,0.031646,0.014943,not_computed,0.0,0.0,0.016394,weak_match,weak_match,comparable_same_publications_unit_period_filter_language,pending
STM-METADATA-ES,BERTopic-METADATA-MULTILINGUAL,metadata,es,1,4,12,0.033149,0.033149,0.015817,not_computed,0.0,0.0,0.017214,weak_match,weak_match,comparable_same_publications_unit_period_filter_language,pending
STM-METADATA-ES,BERTopic-METADATA-MULTILINGUAL,metadata,es,1,13,5,0.014085,0.014085,0.006731,not_computed,0.0,0.0,0.007317,weak_match,weak_match,comparable_same_publications_unit_period_filter_language,pending
STM-METADATA-ES,BERTopic-METADATA-MULTILINGUAL,metadata,es,1,19,4,0.013201,0.013201,0.005041,not_computed,0.0,0.0,0.006541,weak_match,weak_match,comparable_same_publications_unit_period_filter_language,pending
STM-METADATA-ES,BERTopic-METADATA-MULTILINGUAL,metadata,es,1,21,1,0.003378,0.003378,0.001784,not_computed,0.0,0.0,0.001797,weak_match,weak_match,comparable_same_publications_unit_period_filter_language,pending
STM-METADATA-ES,BERTopic-METADATA-MULTILINGUAL,metadata,es,1,22,5,0.018382,0.018382,0.009785,not_computed,0.0,0.0,0.009799,weak_match,weak_match,comparable_same_publications_unit_period_filter_language,pending
STM-METADATA-ES,BERTopic-METADATA-MULTILINGUAL,metadata,es,1,10,7,0.025271,0.025271,0.010055,not_computed,0.0,0.0,0.012622,weak_match,weak_match,comparable_same_publications_unit_period_filter_language,pending
STM-METADATA-ES,BERTopic-METADATA-MULTILINGUAL,metadata,es,1,20,0,0.0,0.0,0.0,not_computed,0.0,0.0,0.0,no_match,no_match,comparable_same_publications_unit_period_filter_language,pending
STM-METADATA-ES,BERTopic-METADATA-MULTILINGUAL,metadata,es,1,15,6,0.020202,0.020202,0.012301,not_computed,0.0,0.0,0.011156,weak_match,weak_match,comparable_same_publications_unit_period_filter_language,pending
STM-METADATA-ES,BERTopic-METADATA-MULTILINGUAL,metadata,es,1,7,0,0.0,0.0,0.0,not_computed,0.0,0.0,0.0,no_match,no_match,comparable_same_publications_unit_period_filter_language,pending
STM-METADATA-ES,BERTopic-METADATA-MULTILINGUAL,metadata,es,1,1,15,0.054745,0.054745,0.023823,not_computed,0.041667,0.0,0.03827,language_specific_match,language_specific_match,comparable_same_publications_unit_period_filter_language,pending
STM-METADATA-ES,BERTopic-METADATA-MULTILINGUAL,metadata,es,1,12,0,0.0,0.0,0.0,not_computed,0.0,0.0,0.0,no_match,no_match,comparable_same_publications_unit_period_filter_language,pending
STM-METADATA-ES,BERTopic-METADATA-MULTILINGUAL,metadata,es,1,26,1,0.003788,0.003788,0.001323,not_computed,0.0,0.0,0.001846,weak_match,weak_match,comparable_same_publications_unit_period_filter_language,pending
STM-METADATA-ES,BERTopic-METADATA-MULTILINGUAL,metadata,es,1,25,0,0.0,0.0,0.0,not_computed,0.0,0.0,0.0,no_match,no_match,comparable_same_publications_unit_period_filter_language,pending
STM-METADATA-ES,BERTopic-METADATA-MULTILINGUAL,metadata,es,6,-1,101,0.073348,0.073348,0.0,not_computed,0.0,0.0,0.029339,language_specific_match,language_specific_match,comparable_same_publications_unit_period_filter_language,pending
STM-METADATA-ES,BERTopic-METADATA-MULTILINGUAL,metadata,es,6,16,4,0.016461,0.016461,0.006905,not_computed,0.0,0.0,0.008311,weak_match,weak_match,comparable_same_publications_unit_period_filter_language,pending
STM-METADATA-ES,BERTopic-METADATA-MULTILINGUAL,metadata,es,6,6,12,0.028369,0.028369,0.013374,not_computed,0.041667,0.0,0.025108,language_specific_match,language_specific_match,comparable_same_publications_unit_period_filter_language,pending
STM-METADATA-ES,BERTopic-METADATA-MULTILINGUAL,metadata,es,6,2,0,0.0,0.0,0.0,not_computed,0.0,0.0,0.0,no_match,no_match,comparable_same_publications_unit_period_filter_language,pending
STM-METADATA-ES,BERTopic-METADATA-MULTILINGUAL,metadata,es,6,23,3,0.011765,0.011765,0.004866,not_computed,0.0,0.0,0.005922,weak_match,weak_match,comparable_same_publications_unit_period_filter_language,pending
STM-METADATA-ES,BERTopic-METADATA-MULTILINGUAL,metadata,es,6,18,2,0.008197,0.008197,0.003973,not_computed,0.0,0.0,0.004272,weak_match,weak_match,comparable_same_publications_unit_period_filter_language,pending
STM-METADATA-ES,BERTopic-METADATA-MULTILINGUAL,metadata,es,6,8,43,0.118457,0.118457,0.066458,not_computed,0.041667,0.0,0.074414,partial_overlap,partial_overlap,comparable_same_publications_unit_period_filter_language,pending
STM-METADATA-ES,BERTopic-METADATA-MULTILINGUAL,metadata,es,6,11,0,0.0,0.0,0.0,not_computed,0.0,0.0,0.0,no_match,no_match,comparable_same_publications_unit_period_filter_language,pending
STM-METADATA-ES,BERTopic-METADATA-MULTILINGUAL,metadata,es,6,3,2,0.006873,0.006873,0.002245,not_computed,0.0,0.0,0.00331,weak_match,weak_match,comparable_same_publications_unit_period_filter_language,pending
STM-METADATA-ES,BERTopic-METADATA-MULTILINGUAL,metadata,es,6,0,6,0.019417,0.019417,0.008973,not_computed,0.0,0.0,0.01001,weak_match,weak_match,comparable_same_publications_unit_period_filter_language,pending
STM-METADATA-ES,BERTopic-METADATA-MULTILINGUAL,metadata,es,6,17,1,0.003623,0.003623,0.001414,not_computed,0.0,0.0,0.001803,weak_match,weak_match,comparable_same_publications_unit_period_filter_language,pending
STM-METADATA-ES,BERTopic-METADATA-MULTILINGUAL,metadata,es,6,14,9,0.027864,0.027864,0.014974,not_computed,0.0,0.0,0.014889,weak_match,weak_match,comparable_same_publications_unit_period_filter_language,pending
STM-METADATA-ES,BERTopic-METADATA-MULTILINGUAL,metadata,es,6,5,5,0.017986,0.017986,0.009372,not_computed,0.0,0.0,0.009537,weak_match,weak_match,comparable_same_publications_unit_period_filter_language,pending
STM-METADATA-ES,BERTopic-METADATA-MULTILINGUAL,metadata,es,6,4,7,0.021605,0.021605,0.00843,not_computed,0.0,0.0,0.01075,weak_match,weak_match,comparable_same_publications_unit_period_filter_language,pending
STM-METADATA-ES,BERTopic-METADATA-MULTILINGUAL,metadata,es,6,13,3,0.009554,0.009554,0.003508,not_computed,0.0,0.0,0.004699,weak_match,weak_match,comparable_same_publications_unit_period_filter_language,pending
STM-METADATA-ES,BERTopic-METADATA-MULTILINGUAL,metadata,es,6,19,0,0.0,0.0,0.0,not_computed,0.0,0.0,0.0,no_match,no_match,comparable_same_publications_unit_period_filter_language,pending
STM-METADATA-ES,BERTopic-METADATA-MULTILINGUAL,metadata,es,6,21,14,0.058333,0.058333,0.03504,not_computed,0.041667,0.0,0.04251,language_specific_match,language_specific_match,comparable_same_publications_unit_period_filter_language,pending
STM-METADATA-ES,BERTopic-METADATA-MULTILINGUAL,metadata,es,6,22,1,0.004292,0.004292,0.001318,not_computed,0.0,0.0,0.002046,weak_match,weak_match,comparable_same_publications_unit_period_filter_language,pending
STM-METADATA-ES,BERTopic-METADATA-MULTILINGUAL,metadata,es,6,10,0,0.0,0.0,0.0,not_computed,0.0,0.0,0.0,no_match,no_match,comparable_same_publications_unit_period_filter_language,pending
STM-METADATA-ES,BERTopic-METADATA-MULTILINGUAL,metadata,es,6,20,2,0.008264,0.008264,0.004002,not_computed,0.0,0.0,0.004306,weak_match,weak_match,comparable_same_publications_unit_period_filter_language,pending
STM-METADATA-ES,BERTopic-METADATA-MULTILINGUAL,metadata,es,6,15,1,0.003861,0.003861,0.001468,not_computed,0.0,0.0,0.001911,weak_match,weak_match,comparable_same_publications_unit_period_filter_language,pending
STM-METADATA-ES,BERTopic-METADATA-MULTILINGUAL,metadata,es,6,7,1,0.004444,0.004444,0.002237,not_computed,0.0,0.0,0.002337,weak_match,weak_match,comparable_same_publications_unit_period_filter_language,pending
STM-METADATA-ES,BERTopic-METADATA-MULTILINGUAL,metadata,es,6,1,0,0.0,0.0,0.0,not_computed,0.0,0.0,0.0,no_match,no_match,comparable_same_publications_unit_period_filter_language,pending
STM-METADATA-ES,BERTopic-METADATA-MULTILINGUAL,metadata,es,6,12,0,0.0,0.0,0.0,not_computed,0.0,0.0,0.0,no_match,no_match,comparable_same_publications_unit_period_filter_language,pending
STM-METADATA-ES,BERTopic-METADATA-MULTILINGUAL,metadata,es,6,26,0,0.0,0.0,0.0,not_computed,0.0,0.0,0.0,no_match,no_match,comparable_same_publications_unit_period_filter_language,pending
STM-METADATA-ES,BERTopic-METADATA-MULTILINGUAL,metadata,es,6,25,0,0.0,0.0,0.0,not_computed,0.0,0.0,0.0,no_match,no_match,comparable_same_publications_unit_period_filter_language,pending
STM-METADATA-ES,BERTopic-METADATA-MULTILINGUAL,metadata,es,2,-1,63,0.048239,0.048239,0.0,not_computed,0.041667,0.0,0.029712,language_specific_match,language_specific_match,comparable_same_publications_unit_period_filter_language,pending
STM-METADATA-ES,BERTopic-METADATA-MULTILINGUAL,metadata,es,2,16,0,0.0,0.0,0.0,not_computed,0.0,0.0,0.0,no_match,no_match,comparable_same_publications_unit_period_filter_language,pending
STM-METADATA-ES,BERTopic-METADATA-MULTILINGUAL,metadata,es,2,6,5,0.015576,0.015576,0.005065,not_computed,0.041667,0.0,0.017913,weak_match,weak_match,comparable_same_publications_unit_period_filter_language,pending
STM-METADATA-ES,BERTopic-METADATA-MULTILINGUAL,metadata,es,2,2,5,0.043103,0.043103,0.019194,not_computed,0.0,0.0,0.02204,language_specific_match,language_specific_match,comparable_same_publications_unit_period_filter_language,pending
STM-METADATA-ES,BERTopic-METADATA-MULTILINGUAL,metadata,es,2,23,0,0.0,0.0,0.0,not_computed,0.0,0.0,0.0,no_match,no_match,comparable_same_publications_unit_period_filter_language,pending
STM-METADATA-ES,BERTopic-METADATA-MULTILINGUAL,metadata,es,2,18,0,0.0,0.0,0.0,not_computed,0.0,0.0,0.0,no_match,no_match,comparable_same_publications_unit_period_filter_language,pending
STM-METADATA-ES,BERTopic-METADATA-MULTILINGUAL,metadata,es,2,8,0,0.0,0.0,0.0,not_computed,0.0,0.0,0.0,no_match,no_match,comparable_same_publications_unit_period_filter_language,pending
STM-METADATA-ES,BERTopic-METADATA-MULTILINGUAL,metadata,es,2,11,0,0.0,0.0,0.0,not_computed,0.0,0.0,0.0,no_match,no_match,comparable_same_publications_unit_period_filter_language,pending
STM-METADATA-ES,BERTopic-METADATA-MULTILINGUAL,metadata,es,2,3,0,0.0,0.0,0.0,not_computed,0.0,0.0,0.0,no_match,no_match,comparable_same_publications_unit_period_filter_language,pending
STM-METADATA-ES,BERTopic-METADATA-MULTILINGUAL,metadata,es,2,0,0,0.0,0.0,0.0,not_computed,0.0,0.0,0.0,no_match,no_match,comparable_same_publications_unit_period_filter_language,pending
STM-METADATA-ES,BERTopic-METADATA-MULTILINGUAL,metadata,es,2,17,1,0.005988,0.005988,0.001771,not_computed,0.0,0.0,0.002838,weak_match,weak_match,comparable_same_publications_unit_period_filter_language,pending
STM-METADATA-ES,BERTopic-METADATA-MULTILINGUAL,metadata,es,2,14,1,0.004505,0.004505,0.002957,not_computed,0.0,0.0,0.002541,weak_match,weak_match,comparable_same_publications_unit_period_filter_language,pending
STM-METADATA-ES,BERTopic-METADATA-MULTILINGUAL,metadata,es,2,5,0,0.0,0.0,0.0,not_computed,0.0,0.0,0.0,no_match,no_match,comparable_same_publications_unit_period_filter_language,pending
STM-METADATA-ES,BERTopic-METADATA-MULTILINGUAL,metadata,es,2,4,0,0.0,0.0,0.0,not_computed,0.0,0.0,0.0,no_match,no_match,comparable_same_publications_unit_period_filter_language,pending
STM-METADATA-ES,BERTopic-METADATA-MULTILINGUAL,metadata,es,2,13,16,0.083333,0.083333,0.032455,not_computed,0.086957,0.0,0.063186,partial_overlap,partial_overlap,comparable_same_publications_unit_period_filter_language,pending
STM-METADATA-ES,BERTopic-METADATA-MULTILINGUAL,metadata,es,2,19,5,0.033333,0.033333,0.011969,not_computed,0.086957,0.0,0.038065,language_specific_match,language_specific_match,comparable_same_publications_unit_period_filter_language,pending
STM-METADATA-ES,BERTopic-METADATA-MULTILINGUAL,metadata,es,2,21,0,0.0,0.0,0.0,not_computed,0.0,0.0,0.0,no_match,no_match,comparable_same_publications_unit_period_filter_language,pending
STM-METADATA-ES,BERTopic-METADATA-MULTILINGUAL,metadata,es,2,22,4,0.033058,0.033058,0.0108,not_computed,0.041667,0.0,0.02634,language_specific_match,language_specific_match,comparable_same_publications_unit_period_filter_language,pending
STM-METADATA-ES,BERTopic-METADATA-MULTILINGUAL,metadata,es,2,10,5,0.03937,0.03937,0.014784,not_computed,0.0,0.0,0.019444,weak_match,weak_match,comparable_same_publications_unit_period_filter_language,pending
STM-METADATA-ES,BERTopic-METADATA-MULTILINGUAL,metadata,es,2,20,1,0.007463,0.007463,0.003527,not_computed,0.0,0.0,0.003867,weak_match,weak_match,comparable_same_publications_unit_period_filter_language,pending
STM-METADATA-ES,BERTopic-METADATA-MULTILINGUAL,metadata,es,2,15,0,0.0,0.0,0.0,not_computed,0.0,0.0,0.0,no_match,no_match,comparable_same_publications_unit_period_filter_language,pending
STM-METADATA-ES,BERTopic-METADATA-MULTILINGUAL,metadata,es,2,7,1,0.008621,0.008621,0.003957,not_computed,0.0,0.0,0.004438,weak_match,weak_match,comparable_same_publications_unit_period_filter_language,pending
STM-METADATA-ES,BERTopic-METADATA-MULTILINGUAL,metadata,es,2,1,0,0.0,0.0,0.0,not_computed,0.0,0.0,0.0,no_match,no_match,comparable_same_publications_unit_period_filter_language,pending
STM-METADATA-ES,BERTopic-METADATA-MULTILINGUAL,metadata,es,2,12,1,0.009091,0.009091,0.004228,not_computed,0.0,0.0,0.004693,weak_match,weak_match,comparable_same_publications_unit_period_filter_language,pending
STM-METADATA-ES,BERTopic-METADATA-MULTILINGUAL,metadata,es,2,26,0,0.0,0.0,0.0,not_computed,0.0,0.0,0.0,no_match,no_match,comparable_same_publications_unit_period_filter_language,pending
STM-METADATA-ES,BERTopic-METADATA-MULTILINGUAL,metadata,es,2,25,0,0.0,0.0,0.0,not_computed,0.0,0.0,0.0,no_match,no_match,comparable_same_publications_unit_period_filter_language,pending
STM-METADATA-ES,BERTopic-METADATA-MULTILINGUAL,metadata,es,4,-1,67,0.049963,0.049963,0.0,not_computed,0.0,0.0,0.019985,weak_match,weak_match,comparable_same_publications_unit_period_filter_language,pending
STM-METADATA-ES,BERTopic-METADATA-MULTILINGUAL,metadata,es,4,16,3,0.017241,0.017241,0.006621,not_computed,0.0,0.0,0.008552,weak_match,weak_match,comparable_same_publications_unit_period_filter_language,pending
STM-METADATA-ES,BERTopic-METADATA-MULTILINGUAL,metadata,es,4,6,0,0.0,0.0,0.0,not_computed,0.0,0.0,0.0,no_match,no_match,comparable_same_publications_unit_period_filter_language,pending
STM-METADATA-ES,BERTopic-METADATA-MULTILINGUAL,metadata,es,4,2,4,0.025641,0.025641,0.007639,not_computed,0.041667,0.0,0.022583,language_specific_match,language_specific_match,comparable_same_publications_unit_period_filter_language,pending
STM-METADATA-ES,BERTopic-METADATA-MULTILINGUAL,metadata,es,4,23,4,0.021739,0.021739,0.008946,not_computed,0.0,0.0,0.010932,weak_match,weak_match,comparable_same_publications_unit_period_filter_language,pending
STM-METADATA-ES,BERTopic-METADATA-MULTILINGUAL,metadata,es,4,18,8,0.047619,0.047619,0.020238,not_computed,0.0,0.0,0.024107,language_specific_match,language_specific_match,comparable_same_publications_unit_period_filter_language,pending
STM-METADATA-ES,BERTopic-METADATA-MULTILINGUAL,metadata,es,4,8,0,0.0,0.0,0.0,not_computed,0.0,0.0,0.0,no_match,no_match,comparable_same_publications_unit_period_filter_language,pending
STM-METADATA-ES,BERTopic-METADATA-MULTILINGUAL,metadata,es,4,11,0,0.0,0.0,0.0,not_computed,0.0,0.0,0.0,no_match,no_match,comparable_same_publications_unit_period_filter_language,pending
STM-METADATA-ES,BERTopic-METADATA-MULTILINGUAL,metadata,es,4,3,7,0.032407,0.032407,0.014145,not_computed,0.0,0.0,0.016499,weak_match,weak_match,comparable_same_publications_unit_period_filter_language,pending
STM-METADATA-ES,BERTopic-METADATA-MULTILINGUAL,metadata,es,4,0,13,0.056034,0.056034,0.028328,not_computed,0.041667,0.0,0.039912,language_specific_match,language_specific_match,comparable_same_publications_unit_period_filter_language,pending
STM-METADATA-ES,BERTopic-METADATA-MULTILINGUAL,metadata,es,4,17,14,0.072539,0.072539,0.037698,not_computed,0.041667,0.0,0.048857,language_specific_match,language_specific_match,comparable_same_publications_unit_period_filter_language,pending
STM-METADATA-ES,BERTopic-METADATA-MULTILINGUAL,metadata,es,4,14,9,0.035573,0.035573,0.018526,not_computed,0.0,0.0,0.018861,weak_match,weak_match,comparable_same_publications_unit_period_filter_language,pending
STM-METADATA-ES,BERTopic-METADATA-MULTILINGUAL,metadata,es,4,5,0,0.0,0.0,0.0,not_computed,0.0,0.0,0.0,no_match,no_match,comparable_same_publications_unit_period_filter_language,pending
STM-METADATA-ES,BERTopic-METADATA-MULTILINGUAL,metadata,es,4,4,4,0.015564,0.015564,0.005185,not_computed,0.0,0.0,0.007522,weak_match,weak_match,comparable_same_publications_unit_period_filter_language,pending
STM-METADATA-ES,BERTopic-METADATA-MULTILINGUAL,metadata,es,4,13,3,0.012295,0.012295,0.002786,not_computed,0.0,0.0,0.005614,weak_match,weak_match,comparable_same_publications_unit_period_filter_language,pending
STM-METADATA-ES,BERTopic-METADATA-MULTILINGUAL,metadata,es,4,19,2,0.010417,0.010417,0.004757,not_computed,0.0,0.0,0.005356,weak_match,weak_match,comparable_same_publications_unit_period_filter_language,pending
STM-METADATA-ES,BERTopic-METADATA-MULTILINGUAL,metadata,es,4,21,0,0.0,0.0,0.0,not_computed,0.0,0.0,0.0,no_match,no_match,comparable_same_publications_unit_period_filter_language,pending
STM-METADATA-ES,BERTopic-METADATA-MULTILINGUAL,metadata,es,4,22,1,0.006135,0.006135,0.003562,not_computed,0.0,0.0,0.003344,weak_match,weak_match,comparable_same_publications_unit_period_filter_language,pending
STM-METADATA-ES,BERTopic-METADATA-MULTILINGUAL,metadata,es,4,10,0,0.0,0.0,0.0,not_computed,0.0,0.0,0.0,no_match,no_match,comparable_same_publications_unit_period_filter_language,pending
STM-METADATA-ES,BERTopic-METADATA-MULTILINGUAL,metadata,es,4,20,0,0.0,0.0,0.0,not_computed,0.0,0.0,0.0,no_match,no_match,comparable_same_publications_unit_period_filter_language,pending
STM-METADATA-ES,BERTopic-METADATA-MULTILINGUAL,metadata,es,4,15,3,0.016043,0.016043,0.007896,not_computed,0.0,0.0,0.008391,weak_match,weak_match,comparable_same_publications_unit_period_filter_language,pending
STM-METADATA-ES,BERTopic-METADATA-MULTILINGUAL,metadata,es,4,7,1,0.006452,0.006452,0.002126,not_computed,0.0,0.0,0.003112,weak_match,weak_match,comparable_same_publications_unit_period_filter_language,pending
STM-METADATA-ES,BERTopic-METADATA-MULTILINGUAL,metadata,es,4,1,4,0.023256,0.023256,0.00877,not_computed,0.0,0.0,0.011495,weak_match,weak_match,comparable_same_publications_unit_period_filter_language,pending
STM-METADATA-ES,BERTopic-METADATA-MULTILINGUAL,metadata,es,4,12,0,0.0,0.0,0.0,not_computed,0.0,0.0,0.0,no_match,no_match,comparable_same_publications_unit_period_filter_language,pending
STM-METADATA-ES,BERTopic-METADATA-MULTILINGUAL,metadata,es,4,26,0,0.0,0.0,0.0,not_computed,0.0,0.0,0.0,no_match,no_match,comparable_same_publications_unit_period_filter_language,pending
STM-METADATA-ES,BERTopic-METADATA-MULTILINGUAL,metadata,es,4,25,0,0.0,0.0,0.0,not_computed,0.0,0.0,0.0,no_match,no_match,comparable_same_publications_unit_period_filter_language,pending
STM-METADATA-ES,BERTopic-METADATA-MULTILINGUAL,metadata,es,10,-1,110,0.08209,0.08209,0.0,not_computed,0.0,0.0,0.032836,language_specific_match,language_specific_match,comparable_same_publications_unit_period_filter_language,pending
STM-METADATA-ES,BERTopic-METADATA-MULTILINGUAL,metadata,es,10,16,4,0.018605,0.018605,0.006651,not_computed,0.0,0.0,0.009105,weak_match,weak_match,comparable_same_publications_unit_period_filter_language,pending
STM-METADATA-ES,BERTopic-METADATA-MULTILINGUAL,metadata,es,10,6,5,0.012438,0.012438,0.004422,not_computed,0.0,0.0,0.006081,weak_match,weak_match,comparable_same_publications_unit_period_filter_language,pending
STM-METADATA-ES,BERTopic-METADATA-MULTILINGUAL,metadata,es,10,2,0,0.0,0.0,0.0,not_computed,0.0,0.0,0.0,no_match,no_match,comparable_same_publications_unit_period_filter_language,pending
STM-METADATA-ES,BERTopic-METADATA-MULTILINGUAL,metadata,es,10,23,5,0.022222,0.022222,0.010959,not_computed,0.0,0.0,0.011629,weak_match,weak_match,comparable_same_publications_unit_period_filter_language,pending
STM-METADATA-ES,BERTopic-METADATA-MULTILINGUAL,metadata,es,10,18,4,0.018692,0.018692,0.00778,not_computed,0.0,0.0,0.009422,weak_match,weak_match,comparable_same_publications_unit_period_filter_language,pending
STM-METADATA-ES,BERTopic-METADATA-MULTILINGUAL,metadata,es,10,8,5,0.013405,0.013405,0.006877,not_computed,0.0,0.0,0.007081,weak_match,weak_match,comparable_same_publications_unit_period_filter_language,pending
STM-METADATA-ES,BERTopic-METADATA-MULTILINGUAL,metadata,es,10,11,0,0.0,0.0,0.0,not_computed,0.0,0.0,0.0,no_match,no_match,comparable_same_publications_unit_period_filter_language,pending
STM-METADATA-ES,BERTopic-METADATA-MULTILINGUAL,metadata,es,10,3,1,0.003788,0.003788,0.001331,not_computed,0.0,0.0,0.001848,weak_match,weak_match,comparable_same_publications_unit_period_filter_language,pending
STM-METADATA-ES,BERTopic-METADATA-MULTILINGUAL,metadata,es,10,0,8,0.028674,0.028674,0.009469,not_computed,0.0,0.0,0.013837,weak_match,weak_match,comparable_same_publications_unit_period_filter_language,pending
STM-METADATA-ES,BERTopic-METADATA-MULTILINGUAL,metadata,es,10,17,1,0.004032,0.004032,0.001591,not_computed,0.0,0.0,0.002011,weak_match,weak_match,comparable_same_publications_unit_period_filter_language,pending
STM-METADATA-ES,BERTopic-METADATA-MULTILINGUAL,metadata,es,10,14,17,0.059233,0.059233,0.031114,not_computed,0.041667,0.0,0.041889,language_specific_match,language_specific_match,comparable_same_publications_unit_period_filter_language,pending
STM-METADATA-ES,BERTopic-METADATA-MULTILINGUAL,metadata,es,10,5,5,0.02,0.02,0.006809,not_computed,0.0,0.0,0.009702,weak_match,weak_match,comparable_same_publications_unit_period_filter_language,pending
STM-METADATA-ES,BERTopic-METADATA-MULTILINGUAL,metadata,es,10,4,6,0.020202,0.020202,0.007694,not_computed,0.0,0.0,0.010004,weak_match,weak_match,comparable_same_publications_unit_period_filter_language,pending
STM-METADATA-ES,BERTopic-METADATA-MULTILINGUAL,metadata,es,10,13,7,0.024823,0.024823,0.008834,not_computed,0.0,0.0,0.012138,weak_match,weak_match,comparable_same_publications_unit_period_filter_language,pending
STM-METADATA-ES,BERTopic-METADATA-MULTILINGUAL,metadata,es,10,19,1,0.004255,0.004255,0.001973,not_computed,0.0,0.0,0.002195,weak_match,weak_match,comparable_same_publications_unit_period_filter_language,pending
STM-METADATA-ES,BERTopic-METADATA-MULTILINGUAL,metadata,es,10,21,2,0.008929,0.008929,0.003166,not_computed,0.0,0.0,0.004363,weak_match,weak_match,comparable_same_publications_unit_period_filter_language,pending
STM-METADATA-ES,BERTopic-METADATA-MULTILINGUAL,metadata,es,10,22,1,0.004878,0.004878,0.002936,not_computed,0.0,0.0,0.002685,weak_match,weak_match,comparable_same_publications_unit_period_filter_language,pending
STM-METADATA-ES,BERTopic-METADATA-MULTILINGUAL,metadata,es,10,10,1,0.004717,0.004717,0.001626,not_computed,0.0,0.0,0.002293,weak_match,weak_match,comparable_same_publications_unit_period_filter_language,pending
STM-METADATA-ES,BERTopic-METADATA-MULTILINGUAL,metadata,es,10,20,1,0.004651,0.004651,0.001199,not_computed,0.0,0.0,0.00216,weak_match,weak_match,comparable_same_publications_unit_period_filter_language,pending
STM-METADATA-ES,BERTopic-METADATA-MULTILINGUAL,metadata,es,10,15,4,0.017544,0.017544,0.008845,not_computed,0.0,0.0,0.009229,weak_match,weak_match,comparable_same_publications_unit_period_filter_language,pending
STM-METADATA-ES,BERTopic-METADATA-MULTILINGUAL,metadata,es,10,7,0,0.0,0.0,0.0,not_computed,0.0,0.0,0.0,no_match,no_match,comparable_same_publications_unit_period_filter_language,pending
STM-METADATA-ES,BERTopic-METADATA-MULTILINGUAL,metadata,es,10,1,1,0.004608,0.004608,0.001647,not_computed,0.0,0.0,0.002255,weak_match,weak_match,comparable_same_publications_unit_period_filter_language,pending
STM-METADATA-ES,BERTopic-METADATA-MULTILINGUAL,metadata,es,10,12,0,0.0,0.0,0.0,not_computed,0.0,0.0,0.0,no_match,no_match,comparable_same_publications_unit_period_filter_language,pending
STM-METADATA-ES,BERTopic-METADATA-MULTILINGUAL,metadata,es,10,26,0,0.0,0.0,0.0,not_computed,0.0,0.0,0.0,no_match,no_match,comparable_same_publications_unit_period_filter_language,pending
STM-METADATA-ES,BERTopic-METADATA-MULTILINGUAL,metadata,es,10,25,0,0.0,0.0,0.0,not_computed,0.0,0.0,0.0,no_match,no_match,comparable_same_publications_unit_period_filter_language,pending
STM-METADATA-ES,BERTopic-METADATA-MULTILINGUAL,metadata,es,5,-1,59,0.045315,0.045315,0.0,not_computed,0.0,0.0,0.018126,weak_match,weak_match,comparable_same_publications_unit_period_filter_language,pending
STM-METADATA-ES,BERTopic-METADATA-MULTILINGUAL,metadata,es,5,16,0,0.0,0.0,0.0,not_computed,0.0,0.0,0.0,no_match,no_match,comparable_same_publications_unit_period_filter_language,pending
STM-METADATA-ES,BERTopic-METADATA-MULTILINGUAL,metadata,es,5,6,19,0.063545,0.063545,0.028623,not_computed,0.0,0.0,0.032574,language_specific_match,language_specific_match,comparable_same_publications_unit_period_filter_language,pending
STM-METADATA-ES,BERTopic-METADATA-MULTILINGUAL,metadata,es,5,2,0,0.0,0.0,0.0,not_computed,0.0,0.0,0.0,no_match,no_match,comparable_same_publications_unit_period_filter_language,pending
STM-METADATA-ES,BERTopic-METADATA-MULTILINGUAL,metadata,es,5,23,0,0.0,0.0,0.0,not_computed,0.0,0.0,0.0,no_match,no_match,comparable_same_publications_unit_period_filter_language,pending
STM-METADATA-ES,BERTopic-METADATA-MULTILINGUAL,metadata,es,5,18,0,0.0,0.0,0.0,not_computed,0.0,0.0,0.0,no_match,no_match,comparable_same_publications_unit_period_filter_language,pending
STM-METADATA-ES,BERTopic-METADATA-MULTILINGUAL,metadata,es,5,8,3,0.01049,0.01049,0.004095,not_computed,0.0,0.0,0.00522,weak_match,weak_match,comparable_same_publications_unit_period_filter_language,pending
STM-METADATA-ES,BERTopic-METADATA-MULTILINGUAL,metadata,es,5,11,0,0.0,0.0,0.0,not_computed,0.0,0.0,0.0,no_match,no_match,comparable_same_publications_unit_period_filter_language,pending
STM-METADATA-ES,BERTopic-METADATA-MULTILINGUAL,metadata,es,5,3,1,0.005714,0.005714,0.001628,not_computed,0.0,0.0,0.002693,weak_match,weak_match,comparable_same_publications_unit_period_filter_language,pending
STM-METADATA-ES,BERTopic-METADATA-MULTILINGUAL,metadata,es,5,0,0,0.0,0.0,0.0,not_computed,0.0,0.0,0.0,no_match,no_match,comparable_same_publications_unit_period_filter_language,pending
STM-METADATA-ES,BERTopic-METADATA-MULTILINGUAL,metadata,es,5,17,0,0.0,0.0,0.0,not_computed,0.0,0.0,0.0,no_match,no_match,comparable_same_publications_unit_period_filter_language,pending
STM-METADATA-ES,BERTopic-METADATA-MULTILINGUAL,metadata,es,5,14,1,0.004673,0.004673,0.002456,not_computed,0.0,0.0,0.002483,weak_match,weak_match,comparable_same_publications_unit_period_filter_language,pending
STM-METADATA-ES,BERTopic-METADATA-MULTILINGUAL,metadata,es,5,5,0,0.0,0.0,0.0,not_computed,0.0,0.0,0.0,no_match,no_match,comparable_same_publications_unit_period_filter_language,pending
STM-METADATA-ES,BERTopic-METADATA-MULTILINGUAL,metadata,es,5,4,0,0.0,0.0,0.0,not_computed,0.0,0.0,0.0,no_match,no_match,comparable_same_publications_unit_period_filter_language,pending
STM-METADATA-ES,BERTopic-METADATA-MULTILINGUAL,metadata,es,5,13,6,0.030928,0.030928,0.01341,not_computed,0.0,0.0,0.015724,weak_match,weak_match,comparable_same_publications_unit_period_filter_language,pending
STM-METADATA-ES,BERTopic-METADATA-MULTILINGUAL,metadata,es,5,19,0,0.0,0.0,0.0,not_computed,0.0,0.0,0.0,no_match,no_match,comparable_same_publications_unit_period_filter_language,pending
STM-METADATA-ES,BERTopic-METADATA-MULTILINGUAL,metadata,es,5,21,0,0.0,0.0,0.0,not_computed,0.0,0.0,0.0,no_match,no_match,comparable_same_publications_unit_period_filter_language,pending
STM-METADATA-ES,BERTopic-METADATA-MULTILINGUAL,metadata,es,5,22,0,0.0,0.0,0.0,not_computed,0.0,0.0,0.0,no_match,no_match,comparable_same_publications_unit_period_filter_language,pending
STM-METADATA-ES,BERTopic-METADATA-MULTILINGUAL,metadata,es,5,10,1,0.00813,0.00813,0.002943,not_computed,0.0,0.0,0.003988,weak_match,weak_match,comparable_same_publications_unit_period_filter_language,pending
STM-METADATA-ES,BERTopic-METADATA-MULTILINGUAL,metadata,es,5,20,8,0.067227,0.067227,0.025024,not_computed,0.041667,0.0,0.043563,language_specific_match,language_specific_match,comparable_same_publications_unit_period_filter_language,pending
STM-METADATA-ES,BERTopic-METADATA-MULTILINGUAL,metadata,es,5,15,1,0.007042,0.007042,0.001563,not_computed,0.0,0.0,0.003208,weak_match,weak_match,comparable_same_publications_unit_period_filter_language,pending
STM-METADATA-ES,BERTopic-METADATA-MULTILINGUAL,metadata,es,5,7,1,0.009259,0.009259,0.004152,not_computed,0.0,0.0,0.004742,weak_match,weak_match,comparable_same_publications_unit_period_filter_language,pending
STM-METADATA-ES,BERTopic-METADATA-MULTILINGUAL,metadata,es,5,1,0,0.0,0.0,0.0,not_computed,0.041667,0.0,0.010417,weak_match,weak_match,comparable_same_publications_unit_period_filter_language,pending
STM-METADATA-ES,BERTopic-METADATA-MULTILINGUAL,metadata,es,5,12,0,0.0,0.0,0.0,not_computed,0.0,0.0,0.0,no_match,no_match,comparable_same_publications_unit_period_filter_language,pending
STM-METADATA-ES,BERTopic-METADATA-MULTILINGUAL,metadata,es,5,26,0,0.0,0.0,0.0,not_computed,0.0,0.0,0.0,no_match,no_match,comparable_same_publications_unit_period_filter_language,pending
STM-METADATA-ES,BERTopic-METADATA-MULTILINGUAL,metadata,es,5,25,0,0.0,0.0,0.0,not_computed,0.0,0.0,0.0,no_match,no_match,comparable_same_publications_unit_period_filter_language,pending
STM-METADATA-ES,BERTopic-METADATA-MULTILINGUAL,metadata,es,14,-1,77,0.057037,0.057037,0.0,not_computed,0.0,0.0,0.022815,language_specific_match,language_specific_match,comparable_same_publications_unit_period_filter_language,pending
STM-METADATA-ES,BERTopic-METADATA-MULTILINGUAL,metadata,es,14,16,1,0.005128,0.005128,0.001318,not_computed,0.0,0.0,0.002381,weak_match,weak_match,comparable_same_publications_unit_period_filter_language,pending
STM-METADATA-ES,BERTopic-METADATA-MULTILINGUAL,metadata,es,14,6,0,0.0,0.0,0.0,not_computed,0.0,0.0,0.0,no_match,no_match,comparable_same_publications_unit_period_filter_language,pending
STM-METADATA-ES,BERTopic-METADATA-MULTILINGUAL,metadata,es,14,2,0,0.0,0.0,0.0,not_computed,0.0,0.0,0.0,no_match,no_match,comparable_same_publications_unit_period_filter_language,pending
STM-METADATA-ES,BERTopic-METADATA-MULTILINGUAL,metadata,es,14,23,0,0.0,0.0,0.0,not_computed,0.0,0.0,0.0,no_match,no_match,comparable_same_publications_unit_period_filter_language,pending
STM-METADATA-ES,BERTopic-METADATA-MULTILINGUAL,metadata,es,14,18,0,0.0,0.0,0.0,not_computed,0.0,0.0,0.0,no_match,no_match,comparable_same_publications_unit_period_filter_language,pending
STM-METADATA-ES,BERTopic-METADATA-MULTILINGUAL,metadata,es,14,8,4,0.011396,0.011396,0.006481,not_computed,0.0,0.0,0.006179,weak_match,weak_match,comparable_same_publications_unit_period_filter_language,pending
STM-METADATA-ES,BERTopic-METADATA-MULTILINGUAL,metadata,es,14,11,0,0.0,0.0,0.0,not_computed,0.0,0.0,0.0,no_match,no_match,comparable_same_publications_unit_period_filter_language,pending
STM-METADATA-ES,BERTopic-METADATA-MULTILINGUAL,metadata,es,14,3,1,0.004149,0.004149,0.001524,not_computed,0.0,0.0,0.002041,weak_match,weak_match,comparable_same_publications_unit_period_filter_language,pending
STM-METADATA-ES,BERTopic-METADATA-MULTILINGUAL,metadata,es,14,0,9,0.035294,0.035294,0.018135,not_computed,0.0,0.0,0.018651,weak_match,weak_match,comparable_same_publications_unit_period_filter_language,pending
STM-METADATA-ES,BERTopic-METADATA-MULTILINGUAL,metadata,es,14,17,12,0.056075,0.056075,0.024171,not_computed,0.0,0.0,0.028473,language_specific_match,language_specific_match,comparable_same_publications_unit_period_filter_language,pending
STM-METADATA-ES,BERTopic-METADATA-MULTILINGUAL,metadata,es,14,14,16,0.060377,0.060377,0.032823,not_computed,0.0,0.0,0.032357,language_specific_match,language_specific_match,comparable_same_publications_unit_period_filter_language,pending
STM-METADATA-ES,BERTopic-METADATA-MULTILINGUAL,metadata,es,14,5,16,0.074074,0.074074,0.036306,not_computed,0.0,0.0,0.038706,language_specific_match,language_specific_match,comparable_same_publications_unit_period_filter_language,pending
STM-METADATA-ES,BERTopic-METADATA-MULTILINGUAL,metadata,es,14,4,7,0.025641,0.025641,0.010583,not_computed,0.0,0.0,0.012902,weak_match,weak_match,comparable_same_publications_unit_period_filter_language,pending
STM-METADATA-ES,BERTopic-METADATA-MULTILINGUAL,metadata,es,14,13,9,0.035019,0.035019,0.015593,not_computed,0.0,0.0,0.017906,weak_match,weak_match,comparable_same_publications_unit_period_filter_language,pending
STM-METADATA-ES,BERTopic-METADATA-MULTILINGUAL,metadata,es,14,19,10,0.049261,0.049261,0.022234,not_computed,0.0,0.0,0.025263,language_specific_match,language_specific_match,comparable_same_publications_unit_period_filter_language,pending
STM-METADATA-ES,BERTopic-METADATA-MULTILINGUAL,metadata,es,14,21,0,0.0,0.0,0.0,not_computed,0.0,0.0,0.0,no_match,no_match,comparable_same_publications_unit_period_filter_language,pending
STM-METADATA-ES,BERTopic-METADATA-MULTILINGUAL,metadata,es,14,22,0,0.0,0.0,0.0,not_computed,0.0,0.0,0.0,no_match,no_match,comparable_same_publications_unit_period_filter_language,pending
STM-METADATA-ES,BERTopic-METADATA-MULTILINGUAL,metadata,es,14,10,0,0.0,0.0,0.0,not_computed,0.0,0.0,0.0,no_match,no_match,comparable_same_publications_unit_period_filter_language,pending
STM-METADATA-ES,BERTopic-METADATA-MULTILINGUAL,metadata,es,14,20,1,0.005208,0.005208,0.002559,not_computed,0.0,0.0,0.002723,weak_match,weak_match,comparable_same_publications_unit_period_filter_language,pending
STM-METADATA-ES,BERTopic-METADATA-MULTILINGUAL,metadata,es,14,15,2,0.009662,0.009662,0.004698,not_computed,0.0,0.0,0.005039,weak_match,weak_match,comparable_same_publications_unit_period_filter_language,pending
STM-METADATA-ES,BERTopic-METADATA-MULTILINGUAL,metadata,es,14,7,0,0.0,0.0,0.0,not_computed,0.0,0.0,0.0,no_match,no_match,comparable_same_publications_unit_period_filter_language,pending
STM-METADATA-ES,BERTopic-METADATA-MULTILINGUAL,metadata,es,14,1,1,0.005155,0.005155,0.001843,not_computed,0.0,0.0,0.002523,weak_match,weak_match,comparable_same_publications_unit_period_filter_language,pending
STM-METADATA-ES,BERTopic-METADATA-MULTILINGUAL,metadata,es,14,12,0,0.0,0.0,0.0,not_computed,0.0,0.0,0.0,no_match,no_match,comparable_same_publications_unit_period_filter_language,pending
STM-METADATA-ES,BERTopic-METADATA-MULTILINGUAL,metadata,es,14,26,0,0.0,0.0,0.0,not_computed,0.0,0.0,0.0,no_match,no_match,comparable_same_publications_unit_period_filter_language,pending
STM-METADATA-ES,BERTopic-METADATA-MULTILINGUAL,metadata,es,14,25,0,0.0,0.0,0.0,not_computed,0.0,0.0,0.0,no_match,no_match,comparable_same_publications_unit_period_filter_language,pending
STM-METADATA-ES,BERTopic-METADATA-MULTILINGUAL,metadata,es,3,-1,39,0.029726,0.029726,0.0,not_computed,0.0,0.0,0.01189,weak_match,weak_match,comparable_same_publications_unit_period_filter_language,pending
STM-METADATA-ES,BERTopic-METADATA-MULTILINGUAL,metadata,es,3,16,0,0.0,0.0,0.0,not_computed,0.0,0.0,0.0,no_match,no_match,comparable_same_publications_unit_period_filter_language,pending
STM-METADATA-ES,BERTopic-METADATA-MULTILINGUAL,metadata,es,3,6,1,0.003257,0.003257,0.001144,not_computed,0.0,0.0,0.001589,weak_match,weak_match,comparable_same_publications_unit_period_filter_language,pending
STM-METADATA-ES,BERTopic-METADATA-MULTILINGUAL,metadata,es,3,2,0,0.0,0.0,0.0,not_computed,0.0,0.0,0.0,no_match,no_match,comparable_same_publications_unit_period_filter_language,pending
STM-METADATA-ES,BERTopic-METADATA-MULTILINGUAL,metadata,es,3,23,1,0.007692,0.007692,0.004351,not_computed,0.0,0.0,0.004165,weak_match,weak_match,comparable_same_publications_unit_period_filter_language,pending
STM-METADATA-ES,BERTopic-METADATA-MULTILINGUAL,metadata,es,3,18,2,0.017094,0.017094,0.011739,not_computed,0.0,0.0,0.009772,weak_match,weak_match,comparable_same_publications_unit_period_filter_language,pending
STM-METADATA-ES,BERTopic-METADATA-MULTILINGUAL,metadata,es,3,8,1,0.003597,0.003597,0.002814,not_computed,0.0,0.0,0.002142,weak_match,weak_match,comparable_same_publications_unit_period_filter_language,pending
STM-METADATA-ES,BERTopic-METADATA-MULTILINGUAL,metadata,es,3,11,1,0.009709,0.009709,0.007227,not_computed,0.0,0.0,0.00569,weak_match,weak_match,comparable_same_publications_unit_period_filter_language,pending
STM-METADATA-ES,BERTopic-METADATA-MULTILINGUAL,metadata,es,3,3,17,0.114094,0.114094,0.056958,not_computed,0.086957,0.0,0.081616,STM_split_by_BERTopic,STM_split_by_BERTopic,comparable_same_publications_unit_period_filter_language,pending
STM-METADATA-ES,BERTopic-METADATA-MULTILINGUAL,metadata,es,3,0,3,0.016216,0.016216,0.009525,not_computed,0.0,0.0,0.008868,weak_match,weak_match,comparable_same_publications_unit_period_filter_language,pending
STM-METADATA-ES,BERTopic-METADATA-MULTILINGUAL,metadata,es,3,17,3,0.020408,0.020408,0.010658,not_computed,0.0,0.0,0.010828,weak_match,weak_match,comparable_same_publications_unit_period_filter_language,pending
STM-METADATA-ES,BERTopic-METADATA-MULTILINGUAL,metadata,es,3,14,0,0.0,0.0,0.0,not_computed,0.0,0.0,0.0,no_match,no_match,comparable_same_publications_unit_period_filter_language,pending
STM-METADATA-ES,BERTopic-METADATA-MULTILINGUAL,metadata,es,3,5,2,0.012987,0.012987,0.005319,not_computed,0.0,0.0,0.006524,weak_match,weak_match,comparable_same_publications_unit_period_filter_language,pending
STM-METADATA-ES,BERTopic-METADATA-MULTILINGUAL,metadata,es,3,4,3,0.014925,0.014925,0.007506,not_computed,0.0,0.0,0.007847,weak_match,weak_match,comparable_same_publications_unit_period_filter_language,pending
STM-METADATA-ES,BERTopic-METADATA-MULTILINGUAL,metadata,es,3,13,0,0.0,0.0,0.0,not_computed,0.0,0.0,0.0,no_match,no_match,comparable_same_publications_unit_period_filter_language,pending
STM-METADATA-ES,BERTopic-METADATA-MULTILINGUAL,metadata,es,3,19,2,0.014815,0.014815,0.009897,not_computed,0.0,0.0,0.0084,weak_match,weak_match,comparable_same_publications_unit_period_filter_language,pending
STM-METADATA-ES,BERTopic-METADATA-MULTILINGUAL,metadata,es,3,21,0,0.0,0.0,0.0,not_computed,0.0,0.0,0.0,no_match,no_match,comparable_same_publications_unit_period_filter_language,pending
STM-METADATA-ES,BERTopic-METADATA-MULTILINGUAL,metadata,es,3,22,2,0.019048,0.019048,0.011994,not_computed,0.0,0.0,0.010618,weak_match,weak_match,comparable_same_publications_unit_period_filter_language,pending
STM-METADATA-ES,BERTopic-METADATA-MULTILINGUAL,metadata,es,3,10,1,0.00885,0.00885,0.005783,not_computed,0.0,0.0,0.004986,weak_match,weak_match,comparable_same_publications_unit_period_filter_language,pending
STM-METADATA-ES,BERTopic-METADATA-MULTILINGUAL,metadata,es,3,20,2,0.017391,0.017391,0.009276,not_computed,0.0,0.0,0.009275,weak_match,weak_match,comparable_same_publications_unit_period_filter_language,pending
STM-METADATA-ES,BERTopic-METADATA-MULTILINGUAL,metadata,es,3,15,4,0.031008,0.031008,0.016097,not_computed,0.0,0.0,0.016427,weak_match,weak_match,comparable_same_publications_unit_period_filter_language,pending
STM-METADATA-ES,BERTopic-METADATA-MULTILINGUAL,metadata,es,3,7,1,0.010204,0.010204,0.005348,not_computed,0.0,0.0,0.005419,weak_match,weak_match,comparable_same_publications_unit_period_filter_language,pending
STM-METADATA-ES,BERTopic-METADATA-MULTILINGUAL,metadata,es,3,1,2,0.017094,0.017094,0.009423,not_computed,0.0,0.0,0.009193,weak_match,weak_match,comparable_same_publications_unit_period_filter_language,pending
STM-METADATA-ES,BERTopic-METADATA-MULTILINGUAL,metadata,es,3,12,1,0.01087,0.01087,0.005893,not_computed,0.0,0.0,0.005821,weak_match,weak_match,comparable_same_publications_unit_period_filter_language,pending
STM-METADATA-ES,BERTopic-METADATA-MULTILINGUAL,metadata,es,3,26,2,0.021505,0.021505,0.013954,not_computed,0.0,0.0,0.012091,weak_match,weak_match,comparable_same_publications_unit_period_filter_language,pending
STM-METADATA-ES,BERTopic-METADATA-MULTILINGUAL,metadata,es,3,25,0,0.0,0.0,0.0,not_computed,0.0,0.0,0.0,no_match,no_match,comparable_same_publications_unit_period_filter_language,pending
STM-METADATA-ES,BERTopic-METADATA-MULTILINGUAL,metadata,es,9,-1,29,0.021626,0.021626,0.0,not_computed,0.0,0.0,0.00865,weak_match,weak_match,comparable_same_publications_unit_period_filter_language,pending
STM-METADATA-ES,BERTopic-METADATA-MULTILINGUAL,metadata,es,9,16,0,0.0,0.0,0.0,not_computed,0.0,0.0,0.0,no_match,no_match,comparable_same_publications_unit_period_filter_language,pending
STM-METADATA-ES,BERTopic-METADATA-MULTILINGUAL,metadata,es,9,6,0,0.0,0.0,0.0,not_computed,0.0,0.0,0.0,no_match,no_match,comparable_same_publications_unit_period_filter_language,pending
STM-METADATA-ES,BERTopic-METADATA-MULTILINGUAL,metadata,es,9,2,0,0.0,0.0,0.0,not_computed,0.0,0.0,0.0,no_match,no_match,comparable_same_publications_unit_period_filter_language,pending
STM-METADATA-ES,BERTopic-METADATA-MULTILINGUAL,metadata,es,9,23,18,0.136364,0.136364,0.073449,not_computed,0.136364,0.0,0.106998,BERTopic_combines_STM,BERTopic_combines_STM,comparable_same_publications_unit_period_filter_language,pending
STM-METADATA-ES,BERTopic-METADATA-MULTILINGUAL,metadata,es,9,18,0,0.0,0.0,0.0,not_computed,0.0,0.0,0.0,no_match,no_match,comparable_same_publications_unit_period_filter_language,pending
STM-METADATA-ES,BERTopic-METADATA-MULTILINGUAL,metadata,es,9,8,0,0.0,0.0,0.0,not_computed,0.0,0.0,0.0,no_match,no_match,comparable_same_publications_unit_period_filter_language,pending
STM-METADATA-ES,BERTopic-METADATA-MULTILINGUAL,metadata,es,9,11,0,0.0,0.0,0.0,not_computed,0.0,0.0,0.0,no_match,no_match,comparable_same_publications_unit_period_filter_language,pending
STM-METADATA-ES,BERTopic-METADATA-MULTILINGUAL,metadata,es,9,3,1,0.005435,0.005435,0.003037,not_computed,0.0,0.0,0.002933,weak_match,weak_match,comparable_same_publications_unit_period_filter_language,pending
STM-METADATA-ES,BERTopic-METADATA-MULTILINGUAL,metadata,es,9,0,2,0.009756,0.009756,0.003616,not_computed,0.0,0.0,0.004806,weak_match,weak_match,comparable_same_publications_unit_period_filter_language,pending
STM-METADATA-ES,BERTopic-METADATA-MULTILINGUAL,metadata,es,9,17,0,0.0,0.0,0.0,not_computed,0.0,0.0,0.0,no_match,no_match,comparable_same_publications_unit_period_filter_language,pending
STM-METADATA-ES,BERTopic-METADATA-MULTILINGUAL,metadata,es,9,14,0,0.0,0.0,0.0,not_computed,0.0,0.0,0.0,no_match,no_match,comparable_same_publications_unit_period_filter_language,pending
STM-METADATA-ES,BERTopic-METADATA-MULTILINGUAL,metadata,es,9,5,2,0.011561,0.011561,0.003762,not_computed,0.0,0.0,0.005565,weak_match,weak_match,comparable_same_publications_unit_period_filter_language,pending
STM-METADATA-ES,BERTopic-METADATA-MULTILINGUAL,metadata,es,9,4,50,0.289017,0.289017,0.126622,not_computed,0.190476,0.0,0.194882,one_to_one,one_to_one,comparable_same_publications_unit_period_filter_language,pending
STM-METADATA-ES,BERTopic-METADATA-MULTILINGUAL,metadata,es,9,13,0,0.0,0.0,0.0,not_computed,0.0,0.0,0.0,no_match,no_match,comparable_same_publications_unit_period_filter_language,pending
STM-METADATA-ES,BERTopic-METADATA-MULTILINGUAL,metadata,es,9,19,1,0.006452,0.006452,0.001427,not_computed,0.0,0.0,0.002937,weak_match,weak_match,comparable_same_publications_unit_period_filter_language,pending
STM-METADATA-ES,BERTopic-METADATA-MULTILINGUAL,metadata,es,9,21,2,0.013889,0.013889,0.004042,not_computed,0.0,0.0,0.006566,weak_match,weak_match,comparable_same_publications_unit_period_filter_language,pending
STM-METADATA-ES,BERTopic-METADATA-MULTILINGUAL,metadata,es,9,22,0,0.0,0.0,0.0,not_computed,0.0,0.0,0.0,no_match,no_match,comparable_same_publications_unit_period_filter_language,pending
STM-METADATA-ES,BERTopic-METADATA-MULTILINGUAL,metadata,es,9,10,2,0.015267,0.015267,0.005999,not_computed,0.0,0.0,0.007607,weak_match,weak_match,comparable_same_publications_unit_period_filter_language,pending
STM-METADATA-ES,BERTopic-METADATA-MULTILINGUAL,metadata,es,9,20,0,0.0,0.0,0.0,not_computed,0.0,0.0,0.0,no_match,no_match,comparable_same_publications_unit_period_filter_language,pending
STM-METADATA-ES,BERTopic-METADATA-MULTILINGUAL,metadata,es,9,15,2,0.013333,0.013333,0.00545,not_computed,0.0,0.0,0.006696,weak_match,weak_match,comparable_same_publications_unit_period_filter_language,pending
STM-METADATA-ES,BERTopic-METADATA-MULTILINGUAL,metadata,es,9,7,0,0.0,0.0,0.0,not_computed,0.0,0.0,0.0,no_match,no_match,comparable_same_publications_unit_period_filter_language,pending
STM-METADATA-ES,BERTopic-METADATA-MULTILINGUAL,metadata,es,9,1,0,0.0,0.0,0.0,not_computed,0.0,0.0,0.0,no_match,no_match,comparable_same_publications_unit_period_filter_language,pending
STM-METADATA-ES,BERTopic-METADATA-MULTILINGUAL,metadata,es,9,12,0,0.0,0.0,0.0,not_computed,0.0,0.0,0.0,no_match,no_match,comparable_same_publications_unit_period_filter_language,pending
STM-METADATA-ES,BERTopic-METADATA-MULTILINGUAL,metadata,es,9,26,0,0.0,0.0,0.0,not_computed,0.0,0.0,0.0,no_match,no_match,comparable_same_publications_unit_period_filter_language,pending
STM-METADATA-ES,BERTopic-METADATA-MULTILINGUAL,metadata,es,9,25,0,0.0,0.0,0.0,not_computed,0.0,0.0,0.0,no_match,no_match,comparable_same_publications_unit_period_filter_language,pending
STM-METADATA-ES,BERTopic-METADATA-MULTILINGUAL,metadata,es,7,-1,57,0.044358,0.044358,0.0,not_computed,0.0,0.0,0.017743,weak_match,weak_match,comparable_same_publications_unit_period_filter_language,pending
STM-METADATA-ES,BERTopic-METADATA-MULTILINGUAL,metadata,es,7,16,1,0.009091,0.009091,0.003863,not_computed,0.0,0.0,0.004602,weak_match,weak_match,comparable_same_publications_unit_period_filter_language,pending
STM-METADATA-ES,BERTopic-METADATA-MULTILINGUAL,metadata,es,7,6,2,0.006734,0.006734,0.002165,not_computed,0.0,0.0,0.003235,weak_match,weak_match,comparable_same_publications_unit_period_filter_language,pending
STM-METADATA-ES,BERTopic-METADATA-MULTILINGUAL,metadata,es,7,2,0,0.0,0.0,0.0,not_computed,0.0,0.0,0.0,no_match,no_match,comparable_same_publications_unit_period_filter_language,pending
STM-METADATA-ES,BERTopic-METADATA-MULTILINGUAL,metadata,es,7,23,0,0.0,0.0,0.0,not_computed,0.0,0.0,0.0,no_match,no_match,comparable_same_publications_unit_period_filter_language,pending
STM-METADATA-ES,BERTopic-METADATA-MULTILINGUAL,metadata,es,7,18,0,0.0,0.0,0.0,not_computed,0.0,0.0,0.0,no_match,no_match,comparable_same_publications_unit_period_filter_language,pending
STM-METADATA-ES,BERTopic-METADATA-MULTILINGUAL,metadata,es,7,8,3,0.011236,0.011236,0.006269,not_computed,0.0,0.0,0.006062,weak_match,weak_match,comparable_same_publications_unit_period_filter_language,pending
STM-METADATA-ES,BERTopic-METADATA-MULTILINGUAL,metadata,es,7,11,1,0.010638,0.010638,0.004015,not_computed,0.0,0.0,0.005259,weak_match,weak_match,comparable_same_publications_unit_period_filter_language,pending
STM-METADATA-ES,BERTopic-METADATA-MULTILINGUAL,metadata,es,7,3,3,0.019481,0.019481,0.009056,not_computed,0.0,0.0,0.010056,weak_match,weak_match,comparable_same_publications_unit_period_filter_language,pending
STM-METADATA-ES,BERTopic-METADATA-MULTILINGUAL,metadata,es,7,0,4,0.022857,0.022857,0.008075,not_computed,0.0,0.0,0.011162,weak_match,weak_match,comparable_same_publications_unit_period_filter_language,pending
STM-METADATA-ES,BERTopic-METADATA-MULTILINGUAL,metadata,es,7,17,1,0.007143,0.007143,0.00222,not_computed,0.0,0.0,0.003412,weak_match,weak_match,comparable_same_publications_unit_period_filter_language,pending
STM-METADATA-ES,BERTopic-METADATA-MULTILINGUAL,metadata,es,7,14,3,0.015544,0.015544,0.006148,not_computed,0.0,0.0,0.007755,weak_match,weak_match,comparable_same_publications_unit_period_filter_language,pending
STM-METADATA-ES,BERTopic-METADATA-MULTILINGUAL,metadata,es,7,5,2,0.013793,0.013793,0.006444,not_computed,0.0,0.0,0.007128,weak_match,weak_match,comparable_same_publications_unit_period_filter_language,pending
STM-METADATA-ES,BERTopic-METADATA-MULTILINGUAL,metadata,es,7,4,0,0.0,0.0,0.0,not_computed,0.0,0.0,0.0,no_match,no_match,comparable_same_publications_unit_period_filter_language,pending
STM-METADATA-ES,BERTopic-METADATA-MULTILINGUAL,metadata,es,7,13,3,0.016854,0.016854,0.005277,not_computed,0.0,0.0,0.008061,weak_match,weak_match,comparable_same_publications_unit_period_filter_language,pending
STM-METADATA-ES,BERTopic-METADATA-MULTILINGUAL,metadata,es,7,19,0,0.0,0.0,0.0,not_computed,0.0,0.0,0.0,no_match,no_match,comparable_same_publications_unit_period_filter_language,pending
STM-METADATA-ES,BERTopic-METADATA-MULTILINGUAL,metadata,es,7,21,0,0.0,0.0,0.0,not_computed,0.0,0.0,0.0,no_match,no_match,comparable_same_publications_unit_period_filter_language,pending
STM-METADATA-ES,BERTopic-METADATA-MULTILINGUAL,metadata,es,7,22,0,0.0,0.0,0.0,not_computed,0.0,0.0,0.0,no_match,no_match,comparable_same_publications_unit_period_filter_language,pending
STM-METADATA-ES,BERTopic-METADATA-MULTILINGUAL,metadata,es,7,10,0,0.0,0.0,0.0,not_computed,0.0,0.0,0.0,no_match,no_match,comparable_same_publications_unit_period_filter_language,pending
STM-METADATA-ES,BERTopic-METADATA-MULTILINGUAL,metadata,es,7,20,1,0.009346,0.009346,0.001588,not_computed,0.0,0.0,0.004135,weak_match,weak_match,comparable_same_publications_unit_period_filter_language,pending
STM-METADATA-ES,BERTopic-METADATA-MULTILINGUAL,metadata,es,7,15,0,0.0,0.0,0.0,not_computed,0.0,0.0,0.0,no_match,no_match,comparable_same_publications_unit_period_filter_language,pending
STM-METADATA-ES,BERTopic-METADATA-MULTILINGUAL,metadata,es,7,7,0,0.0,0.0,0.0,not_computed,0.086957,0.0,0.021739,language_specific_match,language_specific_match,comparable_same_publications_unit_period_filter_language,pending
STM-METADATA-ES,BERTopic-METADATA-MULTILINGUAL,metadata,es,7,1,0,0.0,0.0,0.0,not_computed,0.0,0.0,0.0,no_match,no_match,comparable_same_publications_unit_period_filter_language,pending
STM-METADATA-ES,BERTopic-METADATA-MULTILINGUAL,metadata,es,7,12,0,0.0,0.0,0.0,not_computed,0.0,0.0,0.0,no_match,no_match,comparable_same_publications_unit_period_filter_language,pending
STM-METADATA-ES,BERTopic-METADATA-MULTILINGUAL,metadata,es,7,26,0,0.0,0.0,0.0,not_computed,0.0,0.0,0.0,no_match,no_match,comparable_same_publications_unit_period_filter_language,pending
STM-METADATA-ES,BERTopic-METADATA-MULTILINGUAL,metadata,es,7,25,0,0.0,0.0,0.0,not_computed,0.0,0.0,0.0,no_match,no_match,comparable_same_publications_unit_period_filter_language,pending
STM-METADATA-ES,BERTopic-METADATA-MULTILINGUAL,metadata,es,13,-1,122,0.089312,0.089312,0.0,not_computed,0.0,0.0,0.035725,language_specific_match,language_specific_match,comparable_same_publications_unit_period_filter_language,pending
STM-METADATA-ES,BERTopic-METADATA-MULTILINGUAL,metadata,es,13,16,0,0.0,0.0,0.0,not_computed,0.0,0.0,0.0,no_match,no_match,comparable_same_publications_unit_period_filter_language,pending
STM-METADATA-ES,BERTopic-METADATA-MULTILINGUAL,metadata,es,13,6,10,0.022989,0.022989,0.008186,not_computed,0.0,0.0,0.011242,weak_match,weak_match,comparable_same_publications_unit_period_filter_language,pending
STM-METADATA-ES,BERTopic-METADATA-MULTILINGUAL,metadata,es,13,2,3,0.012658,0.012658,0.004788,not_computed,0.0,0.0,0.00626,weak_match,weak_match,comparable_same_publications_unit_period_filter_language,pending
STM-METADATA-ES,BERTopic-METADATA-MULTILINGUAL,metadata,es,13,23,0,0.0,0.0,0.0,not_computed,0.0,0.0,0.0,no_match,no_match,comparable_same_publications_unit_period_filter_language,pending
STM-METADATA-ES,BERTopic-METADATA-MULTILINGUAL,metadata,es,13,18,2,0.007874,0.007874,0.003387,not_computed,0.0,0.0,0.003996,weak_match,weak_match,comparable_same_publications_unit_period_filter_language,pending
STM-METADATA-ES,BERTopic-METADATA-MULTILINGUAL,metadata,es,13,8,4,0.009709,0.009709,0.003073,not_computed,0.0,0.0,0.004652,weak_match,weak_match,comparable_same_publications_unit_period_filter_language,pending
STM-METADATA-ES,BERTopic-METADATA-MULTILINGUAL,metadata,es,13,11,0,0.0,0.0,0.0,not_computed,0.0,0.0,0.0,no_match,no_match,comparable_same_publications_unit_period_filter_language,pending
STM-METADATA-ES,BERTopic-METADATA-MULTILINGUAL,metadata,es,13,3,5,0.016779,0.016779,0.006144,not_computed,0.0,0.0,0.008247,weak_match,weak_match,comparable_same_publications_unit_period_filter_language,pending
STM-METADATA-ES,BERTopic-METADATA-MULTILINGUAL,metadata,es,13,0,4,0.012461,0.012461,0.003607,not_computed,0.0,0.0,0.005886,weak_match,weak_match,comparable_same_publications_unit_period_filter_language,pending
STM-METADATA-ES,BERTopic-METADATA-MULTILINGUAL,metadata,es,13,17,4,0.014134,0.014134,0.005013,not_computed,0.0,0.0,0.006907,weak_match,weak_match,comparable_same_publications_unit_period_filter_language,pending
STM-METADATA-ES,BERTopic-METADATA-MULTILINGUAL,metadata,es,13,14,12,0.036364,0.036364,0.016633,not_computed,0.0,0.0,0.018704,weak_match,weak_match,comparable_same_publications_unit_period_filter_language,pending
STM-METADATA-ES,BERTopic-METADATA-MULTILINGUAL,metadata,es,13,5,14,0.050179,0.050179,0.021588,not_computed,0.0,0.0,0.025469,language_specific_match,language_specific_match,comparable_same_publications_unit_period_filter_language,pending
STM-METADATA-ES,BERTopic-METADATA-MULTILINGUAL,metadata,es,13,4,6,0.01791,0.01791,0.006698,not_computed,0.0,0.0,0.008839,weak_match,weak_match,comparable_same_publications_unit_period_filter_language,pending
STM-METADATA-ES,BERTopic-METADATA-MULTILINGUAL,metadata,es,13,13,16,0.051447,0.051447,0.02004,not_computed,0.0,0.0,0.025589,language_specific_match,language_specific_match,comparable_same_publications_unit_period_filter_language,pending
STM-METADATA-ES,BERTopic-METADATA-MULTILINGUAL,metadata,es,13,19,1,0.003663,0.003663,0.001696,not_computed,0.0,0.0,0.001889,weak_match,weak_match,comparable_same_publications_unit_period_filter_language,pending
STM-METADATA-ES,BERTopic-METADATA-MULTILINGUAL,metadata,es,13,21,12,0.047619,0.047619,0.014527,not_computed,0.0,0.0,0.022679,language_specific_match,language_specific_match,comparable_same_publications_unit_period_filter_language,pending
STM-METADATA-ES,BERTopic-METADATA-MULTILINGUAL,metadata,es,13,22,0,0.0,0.0,0.0,not_computed,0.0,0.0,0.0,no_match,no_match,comparable_same_publications_unit_period_filter_language,pending
STM-METADATA-ES,BERTopic-METADATA-MULTILINGUAL,metadata,es,13,10,3,0.012097,0.012097,0.005002,not_computed,0.0,0.0,0.006089,weak_match,weak_match,comparable_same_publications_unit_period_filter_language,pending
STM-METADATA-ES,BERTopic-METADATA-MULTILINGUAL,metadata,es,13,20,1,0.003953,0.003953,0.002029,not_computed,0.0,0.0,0.002088,weak_match,weak_match,comparable_same_publications_unit_period_filter_language,pending
STM-METADATA-ES,BERTopic-METADATA-MULTILINGUAL,metadata,es,13,15,5,0.018868,0.018868,0.007226,not_computed,0.0,0.0,0.009354,weak_match,weak_match,comparable_same_publications_unit_period_filter_language,pending
STM-METADATA-ES,BERTopic-METADATA-MULTILINGUAL,metadata,es,13,7,0,0.0,0.0,0.0,not_computed,0.0,0.0,0.0,no_match,no_match,comparable_same_publications_unit_period_filter_language,pending
STM-METADATA-ES,BERTopic-METADATA-MULTILINGUAL,metadata,es,13,1,2,0.007874,0.007874,0.002815,not_computed,0.0,0.0,0.003853,weak_match,weak_match,comparable_same_publications_unit_period_filter_language,pending
STM-METADATA-ES,BERTopic-METADATA-MULTILINGUAL,metadata,es,13,12,0,0.0,0.0,0.0,not_computed,0.0,0.0,0.0,no_match,no_match,comparable_same_publications_unit_period_filter_language,pending
STM-METADATA-ES,BERTopic-METADATA-MULTILINGUAL,metadata,es,13,26,1,0.004329,0.004329,0.001167,not_computed,0.0,0.0,0.002023,weak_match,weak_match,comparable_same_publications_unit_period_filter_language,pending
STM-METADATA-ES,BERTopic-METADATA-MULTILINGUAL,metadata,es,13,25,0,0.0,0.0,0.0,not_computed,0.0,0.0,0.0,no_match,no_match,comparable_same_publications_unit_period_filter_language,pending
STM-METADATA-ES,BERTopic-METADATA-MULTILINGUAL,metadata,es,17,-1,45,0.033809,0.033809,0.0,not_computed,0.0,0.0,0.013524,weak_match,weak_match,comparable_same_publications_unit_period_filter_language,pending
STM-METADATA-ES,BERTopic-METADATA-MULTILINGUAL,metadata,es,17,16,3,0.021127,0.021127,0.009672,not_computed,0.0,0.0,0.010869,weak_match,weak_match,comparable_same_publications_unit_period_filter_language,pending
STM-METADATA-ES,BERTopic-METADATA-MULTILINGUAL,metadata,es,17,6,2,0.006042,0.006042,0.001587,not_computed,0.0,0.0,0.002814,weak_match,weak_match,comparable_same_publications_unit_period_filter_language,pending
STM-METADATA-ES,BERTopic-METADATA-MULTILINGUAL,metadata,es,17,2,0,0.0,0.0,0.0,not_computed,0.0,0.0,0.0,no_match,no_match,comparable_same_publications_unit_period_filter_language,pending
STM-METADATA-ES,BERTopic-METADATA-MULTILINGUAL,metadata,es,17,23,0,0.0,0.0,0.0,not_computed,0.0,0.0,0.0,no_match,no_match,comparable_same_publications_unit_period_filter_language,pending
STM-METADATA-ES,BERTopic-METADATA-MULTILINGUAL,metadata,es,17,18,7,0.051095,0.051095,0.023026,not_computed,0.041667,0.0,0.036611,language_specific_match,language_specific_match,comparable_same_publications_unit_period_filter_language,pending
STM-METADATA-ES,BERTopic-METADATA-MULTILINGUAL,metadata,es,17,8,2,0.006623,0.006623,0.002045,not_computed,0.0,0.0,0.00316,weak_match,weak_match,comparable_same_publications_unit_period_filter_language,pending
STM-METADATA-ES,BERTopic-METADATA-MULTILINGUAL,metadata,es,17,11,0,0.0,0.0,0.0,not_computed,0.0,0.0,0.0,no_match,no_match,comparable_same_publications_unit_period_filter_language,pending
STM-METADATA-ES,BERTopic-METADATA-MULTILINGUAL,metadata,es,17,3,1,0.005263,0.005263,0.001521,not_computed,0.0,0.0,0.002486,weak_match,weak_match,comparable_same_publications_unit_period_filter_language,pending
STM-METADATA-ES,BERTopic-METADATA-MULTILINGUAL,metadata,es,17,0,4,0.019139,0.019139,0.006316,not_computed,0.0,0.0,0.009235,weak_match,weak_match,comparable_same_publications_unit_period_filter_language,pending
STM-METADATA-ES,BERTopic-METADATA-MULTILINGUAL,metadata,es,17,17,17,0.107595,0.107595,0.058156,not_computed,0.086957,0.0,0.079316,partial_overlap,partial_overlap,comparable_same_publications_unit_period_filter_language,pending
STM-METADATA-ES,BERTopic-METADATA-MULTILINGUAL,metadata,es,17,14,11,0.050228,0.050228,0.021,not_computed,0.0,0.0,0.025341,language_specific_match,language_specific_match,comparable_same_publications_unit_period_filter_language,pending
STM-METADATA-ES,BERTopic-METADATA-MULTILINGUAL,metadata,es,17,5,4,0.022599,0.022599,0.009858,not_computed,0.0,0.0,0.011504,weak_match,weak_match,comparable_same_publications_unit_period_filter_language,pending
STM-METADATA-ES,BERTopic-METADATA-MULTILINGUAL,metadata,es,17,4,2,0.008811,0.008811,0.003219,not_computed,0.0,0.0,0.004329,weak_match,weak_match,comparable_same_publications_unit_period_filter_language,pending
STM-METADATA-ES,BERTopic-METADATA-MULTILINGUAL,metadata,es,17,13,7,0.033654,0.033654,0.013412,not_computed,0.0,0.0,0.016815,weak_match,weak_match,comparable_same_publications_unit_period_filter_language,pending
STM-METADATA-ES,BERTopic-METADATA-MULTILINGUAL,metadata,es,17,19,1,0.006211,0.006211,0.002365,not_computed,0.0,0.0,0.003076,weak_match,weak_match,comparable_same_publications_unit_period_filter_language,pending
STM-METADATA-ES,BERTopic-METADATA-MULTILINGUAL,metadata,es,17,21,2,0.013333,0.013333,0.005364,not_computed,0.0,0.0,0.006674,weak_match,weak_match,comparable_same_publications_unit_period_filter_language,pending
STM-METADATA-ES,BERTopic-METADATA-MULTILINGUAL,metadata,es,17,22,0,0.0,0.0,0.0,not_computed,0.0,0.0,0.0,no_match,no_match,comparable_same_publications_unit_period_filter_language,pending
STM-METADATA-ES,BERTopic-METADATA-MULTILINGUAL,metadata,es,17,10,0,0.0,0.0,0.0,not_computed,0.0,0.0,0.0,no_match,no_match,comparable_same_publications_unit_period_filter_language,pending
STM-METADATA-ES,BERTopic-METADATA-MULTILINGUAL,metadata,es,17,20,0,0.0,0.0,0.0,not_computed,0.0,0.0,0.0,no_match,no_match,comparable_same_publications_unit_period_filter_language,pending
STM-METADATA-ES,BERTopic-METADATA-MULTILINGUAL,metadata,es,17,15,5,0.03268,0.03268,0.013078,not_computed,0.0,0.0,0.016341,weak_match,weak_match,comparable_same_publications_unit_period_filter_language,pending
STM-METADATA-ES,BERTopic-METADATA-MULTILINGUAL,metadata,es,17,7,0,0.0,0.0,0.0,not_computed,0.0,0.0,0.0,no_match,no_match,comparable_same_publications_unit_period_filter_language,pending
STM-METADATA-ES,BERTopic-METADATA-MULTILINGUAL,metadata,es,17,1,1,0.006993,0.006993,0.003497,not_computed,0.0,0.0,0.003671,weak_match,weak_match,comparable_same_publications_unit_period_filter_language,pending
STM-METADATA-ES,BERTopic-METADATA-MULTILINGUAL,metadata,es,17,12,0,0.0,0.0,0.0,not_computed,0.0,0.0,0.0,no_match,no_match,comparable_same_publications_unit_period_filter_language,pending
STM-METADATA-ES,BERTopic-METADATA-MULTILINGUAL,metadata,es,17,26,1,0.008403,0.008403,0.006339,not_computed,0.0,0.0,0.004946,weak_match,weak_match,comparable_same_publications_unit_period_filter_language,pending
STM-METADATA-ES,BERTopic-METADATA-MULTILINGUAL,metadata,es,17,25,0,0.0,0.0,0.0,not_computed,0.0,0.0,0.0,no_match,no_match,comparable_same_publications_unit_period_filter_language,pending
STM-METADATA-ES,BERTopic-METADATA-MULTILINGUAL,metadata,es,8,-1,47,0.036834,0.036834,0.0,not_computed,0.0,0.0,0.014734,weak_match,weak_match,comparable_same_publications_unit_period_filter_language,pending
STM-METADATA-ES,BERTopic-METADATA-MULTILINGUAL,metadata,es,8,16,0,0.0,0.0,0.0,not_computed,0.0,0.0,0.0,no_match,no_match,comparable_same_publications_unit_period_filter_language,pending
STM-METADATA-ES,BERTopic-METADATA-MULTILINGUAL,metadata,es,8,6,1,0.003584,0.003584,0.001185,not_computed,0.0,0.0,0.00173,weak_match,weak_match,comparable_same_publications_unit_period_filter_language,pending
STM-METADATA-ES,BERTopic-METADATA-MULTILINGUAL,metadata,es,8,2,0,0.0,0.0,0.0,not_computed,0.0,0.0,0.0,no_match,no_match,comparable_same_publications_unit_period_filter_language,pending
STM-METADATA-ES,BERTopic-METADATA-MULTILINGUAL,metadata,es,8,23,0,0.0,0.0,0.0,not_computed,0.0,0.0,0.0,no_match,no_match,comparable_same_publications_unit_period_filter_language,pending
STM-METADATA-ES,BERTopic-METADATA-MULTILINGUAL,metadata,es,8,18,2,0.022472,0.022472,0.011247,not_computed,0.0,0.0,0.0118,weak_match,weak_match,comparable_same_publications_unit_period_filter_language,pending
STM-METADATA-ES,BERTopic-METADATA-MULTILINGUAL,metadata,es,8,8,0,0.0,0.0,0.0,not_computed,0.0,0.0,0.0,no_match,no_match,comparable_same_publications_unit_period_filter_language,pending
STM-METADATA-ES,BERTopic-METADATA-MULTILINGUAL,metadata,es,8,11,0,0.0,0.0,0.0,not_computed,0.0,0.0,0.0,no_match,no_match,comparable_same_publications_unit_period_filter_language,pending
STM-METADATA-ES,BERTopic-METADATA-MULTILINGUAL,metadata,es,8,3,1,0.007299,0.007299,0.002337,not_computed,0.0,0.0,0.003504,weak_match,weak_match,comparable_same_publications_unit_period_filter_language,pending
STM-METADATA-ES,BERTopic-METADATA-MULTILINGUAL,metadata,es,8,0,2,0.012658,0.012658,0.010979,not_computed,0.0,0.0,0.007808,weak_match,weak_match,comparable_same_publications_unit_period_filter_language,pending
STM-METADATA-ES,BERTopic-METADATA-MULTILINGUAL,metadata,es,8,17,3,0.02521,0.02521,0.014458,not_computed,0.0,0.0,0.013698,weak_match,weak_match,comparable_same_publications_unit_period_filter_language,pending
STM-METADATA-ES,BERTopic-METADATA-MULTILINGUAL,metadata,es,8,14,2,0.011429,0.011429,0.009216,not_computed,0.0,0.0,0.006875,weak_match,weak_match,comparable_same_publications_unit_period_filter_language,pending
STM-METADATA-ES,BERTopic-METADATA-MULTILINGUAL,metadata,es,8,5,1,0.007874,0.007874,0.002657,not_computed,0.0,0.0,0.003814,weak_match,weak_match,comparable_same_publications_unit_period_filter_language,pending
STM-METADATA-ES,BERTopic-METADATA-MULTILINGUAL,metadata,es,8,4,0,0.0,0.0,0.0,not_computed,0.0,0.0,0.0,no_match,no_match,comparable_same_publications_unit_period_filter_language,pending
STM-METADATA-ES,BERTopic-METADATA-MULTILINGUAL,metadata,es,8,13,0,0.0,0.0,0.0,not_computed,0.0,0.0,0.0,no_match,no_match,comparable_same_publications_unit_period_filter_language,pending
STM-METADATA-ES,BERTopic-METADATA-MULTILINGUAL,metadata,es,8,19,0,0.0,0.0,0.0,not_computed,0.0,0.0,0.0,no_match,no_match,comparable_same_publications_unit_period_filter_language,pending
STM-METADATA-ES,BERTopic-METADATA-MULTILINGUAL,metadata,es,8,21,0,0.0,0.0,0.0,not_computed,0.0,0.0,0.0,no_match,no_match,comparable_same_publications_unit_period_filter_language,pending
STM-METADATA-ES,BERTopic-METADATA-MULTILINGUAL,metadata,es,8,22,0,0.0,0.0,0.0,not_computed,0.0,0.0,0.0,no_match,no_match,comparable_same_publications_unit_period_filter_language,pending
STM-METADATA-ES,BERTopic-METADATA-MULTILINGUAL,metadata,es,8,10,2,0.02381,0.02381,0.016808,not_computed,0.0,0.0,0.013726,weak_match,weak_match,comparable_same_publications_unit_period_filter_language,pending
STM-METADATA-ES,BERTopic-METADATA-MULTILINGUAL,metadata,es,8,20,0,0.0,0.0,0.0,not_computed,0.0,0.0,0.0,no_match,no_match,comparable_same_publications_unit_period_filter_language,pending
STM-METADATA-ES,BERTopic-METADATA-MULTILINGUAL,metadata,es,8,15,1,0.009615,0.009615,0.003491,not_computed,0.0,0.0,0.004719,weak_match,weak_match,comparable_same_publications_unit_period_filter_language,pending
STM-METADATA-ES,BERTopic-METADATA-MULTILINGUAL,metadata,es,8,7,0,0.0,0.0,0.0,not_computed,0.0,0.0,0.0,no_match,no_match,comparable_same_publications_unit_period_filter_language,pending
STM-METADATA-ES,BERTopic-METADATA-MULTILINGUAL,metadata,es,8,1,0,0.0,0.0,0.0,not_computed,0.0,0.0,0.0,no_match,no_match,comparable_same_publications_unit_period_filter_language,pending
STM-METADATA-ES,BERTopic-METADATA-MULTILINGUAL,metadata,es,8,12,0,0.0,0.0,0.0,not_computed,0.0,0.0,0.0,no_match,no_match,comparable_same_publications_unit_period_filter_language,pending
STM-METADATA-ES,BERTopic-METADATA-MULTILINGUAL,metadata,es,8,26,0,0.0,0.0,0.0,not_computed,0.0,0.0,0.0,no_match,no_match,comparable_same_publications_unit_period_filter_language,pending
STM-METADATA-ES,BERTopic-METADATA-MULTILINGUAL,metadata,es,8,25,0,0.0,0.0,0.0,not_computed,0.0,0.0,0.0,no_match,no_match,comparable_same_publications_unit_period_filter_language,pending
STM-METADATA-ES,BERTopic-METADATA-MULTILINGUAL,metadata,es,12,-1,100,0.074516,0.074516,0.0,not_computed,0.0,0.0,0.029806,language_specific_match,language_specific_match,comparable_same_publications_unit_period_filter_language,pending
STM-METADATA-ES,BERTopic-METADATA-MULTILINGUAL,metadata,es,12,16,0,0.0,0.0,0.0,not_computed,0.0,0.0,0.0,no_match,no_match,comparable_same_publications_unit_period_filter_language,pending
STM-METADATA-ES,BERTopic-METADATA-MULTILINGUAL,metadata,es,12,6,3,0.007576,0.007576,0.003266,not_computed,0.0,0.0,0.003847,weak_match,weak_match,comparable_same_publications_unit_period_filter_language,pending
STM-METADATA-ES,BERTopic-METADATA-MULTILINGUAL,metadata,es,12,2,0,0.0,0.0,0.0,not_computed,0.0,0.0,0.0,no_match,no_match,comparable_same_publications_unit_period_filter_language,pending
STM-METADATA-ES,BERTopic-METADATA-MULTILINGUAL,metadata,es,12,23,3,0.013699,0.013699,0.005922,not_computed,0.0,0.0,0.00696,weak_match,weak_match,comparable_same_publications_unit_period_filter_language,pending
STM-METADATA-ES,BERTopic-METADATA-MULTILINGUAL,metadata,es,12,18,0,0.0,0.0,0.0,not_computed,0.0,0.0,0.0,no_match,no_match,comparable_same_publications_unit_period_filter_language,pending
STM-METADATA-ES,BERTopic-METADATA-MULTILINGUAL,metadata,es,12,8,2,0.005435,0.005435,0.001806,not_computed,0.0,0.0,0.002626,weak_match,weak_match,comparable_same_publications_unit_period_filter_language,pending
STM-METADATA-ES,BERTopic-METADATA-MULTILINGUAL,metadata,es,12,11,1,0.005155,0.005155,0.001705,not_computed,0.041667,0.0,0.012905,weak_match,weak_match,comparable_same_publications_unit_period_filter_language,pending
STM-METADATA-ES,BERTopic-METADATA-MULTILINGUAL,metadata,es,12,3,12,0.04898,0.04898,0.021406,not_computed,0.0,0.0,0.024943,language_specific_match,language_specific_match,comparable_same_publications_unit_period_filter_language,pending
STM-METADATA-ES,BERTopic-METADATA-MULTILINGUAL,metadata,es,12,0,1,0.003597,0.003597,0.001498,not_computed,0.0,0.0,0.001813,weak_match,weak_match,comparable_same_publications_unit_period_filter_language,pending
STM-METADATA-ES,BERTopic-METADATA-MULTILINGUAL,metadata,es,12,17,0,0.0,0.0,0.0,not_computed,0.0,0.0,0.0,no_match,no_match,comparable_same_publications_unit_period_filter_language,pending
STM-METADATA-ES,BERTopic-METADATA-MULTILINGUAL,metadata,es,12,14,2,0.006803,0.006803,0.002428,not_computed,0.0,0.0,0.003328,weak_match,weak_match,comparable_same_publications_unit_period_filter_language,pending
STM-METADATA-ES,BERTopic-METADATA-MULTILINGUAL,metadata,es,12,5,1,0.004065,0.004065,0.000951,not_computed,0.0,0.0,0.001864,weak_match,weak_match,comparable_same_publications_unit_period_filter_language,pending
STM-METADATA-ES,BERTopic-METADATA-MULTILINGUAL,metadata,es,12,4,14,0.049822,0.049822,0.02225,not_computed,0.0,0.0,0.025491,language_specific_match,language_specific_match,comparable_same_publications_unit_period_filter_language,pending
STM-METADATA-ES,BERTopic-METADATA-MULTILINGUAL,metadata,es,12,13,10,0.0369,0.0369,0.015018,not_computed,0.0,0.0,0.018515,weak_match,weak_match,comparable_same_publications_unit_period_filter_language,pending
STM-METADATA-ES,BERTopic-METADATA-MULTILINGUAL,metadata,es,12,19,20,0.096154,0.096154,0.049351,not_computed,0.041667,0.0,0.061216,partial_overlap,partial_overlap,comparable_same_publications_unit_period_filter_language,pending
STM-METADATA-ES,BERTopic-METADATA-MULTILINGUAL,metadata,es,12,21,2,0.009259,0.009259,0.004382,not_computed,0.0,0.0,0.004799,weak_match,weak_match,comparable_same_publications_unit_period_filter_language,pending
STM-METADATA-ES,BERTopic-METADATA-MULTILINGUAL,metadata,es,12,22,0,0.0,0.0,0.0,not_computed,0.0,0.0,0.0,no_match,no_match,comparable_same_publications_unit_period_filter_language,pending
STM-METADATA-ES,BERTopic-METADATA-MULTILINGUAL,metadata,es,12,10,0,0.0,0.0,0.0,not_computed,0.0,0.0,0.0,no_match,no_match,comparable_same_publications_unit_period_filter_language,pending
STM-METADATA-ES,BERTopic-METADATA-MULTILINGUAL,metadata,es,12,20,4,0.019608,0.019608,0.010633,not_computed,0.0,0.0,0.010501,weak_match,weak_match,comparable_same_publications_unit_period_filter_language,pending
STM-METADATA-ES,BERTopic-METADATA-MULTILINGUAL,metadata,es,12,15,2,0.009009,0.009009,0.003131,not_computed,0.0,0.0,0.004386,weak_match,weak_match,comparable_same_publications_unit_period_filter_language,pending
STM-METADATA-ES,BERTopic-METADATA-MULTILINGUAL,metadata,es,12,7,0,0.0,0.0,0.0,not_computed,0.0,0.0,0.0,no_match,no_match,comparable_same_publications_unit_period_filter_language,pending
STM-METADATA-ES,BERTopic-METADATA-MULTILINGUAL,metadata,es,12,1,3,0.014493,0.014493,0.004956,not_computed,0.0,0.0,0.007036,weak_match,weak_match,comparable_same_publications_unit_period_filter_language,pending
STM-METADATA-ES,BERTopic-METADATA-MULTILINGUAL,metadata,es,12,12,1,0.005464,0.005464,0.003447,not_computed,0.0,0.0,0.003047,weak_match,weak_match,comparable_same_publications_unit_period_filter_language,pending
STM-METADATA-ES,BERTopic-METADATA-MULTILINGUAL,metadata,es,12,26,0,0.0,0.0,0.0,not_computed,0.0,0.0,0.0,no_match,no_match,comparable_same_publications_unit_period_filter_language,pending
STM-METADATA-ES,BERTopic-METADATA-MULTILINGUAL,metadata,es,12,25,0,0.0,0.0,0.0,not_computed,0.0,0.0,0.0,no_match,no_match,comparable_same_publications_unit_period_filter_language,pending
STM-METADATA-ES,BERTopic-METADATA-MULTILINGUAL,metadata,es,18,-1,31,0.024181,0.024181,0.0,not_computed,0.0,0.0,0.009672,weak_match,weak_match,comparable_same_publications_unit_period_filter_language,pending
STM-METADATA-ES,BERTopic-METADATA-MULTILINGUAL,metadata,es,18,16,1,0.012346,0.012346,0.008082,not_computed,0.0,0.0,0.006959,weak_match,weak_match,comparable_same_publications_unit_period_filter_language,pending
STM-METADATA-ES,BERTopic-METADATA-MULTILINGUAL,metadata,es,18,6,0,0.0,0.0,0.0,not_computed,0.0,0.0,0.0,no_match,no_match,comparable_same_publications_unit_period_filter_language,pending
STM-METADATA-ES,BERTopic-METADATA-MULTILINGUAL,metadata,es,18,2,0,0.0,0.0,0.0,not_computed,0.0,0.0,0.0,no_match,no_match,comparable_same_publications_unit_period_filter_language,pending
STM-METADATA-ES,BERTopic-METADATA-MULTILINGUAL,metadata,es,18,23,0,0.0,0.0,0.0,not_computed,0.0,0.0,0.0,no_match,no_match,comparable_same_publications_unit_period_filter_language,pending
STM-METADATA-ES,BERTopic-METADATA-MULTILINGUAL,metadata,es,18,18,1,0.0125,0.0125,0.004664,not_computed,0.0,0.0,0.006166,weak_match,weak_match,comparable_same_publications_unit_period_filter_language,pending
STM-METADATA-ES,BERTopic-METADATA-MULTILINGUAL,metadata,es,18,8,0,0.0,0.0,0.0,not_computed,0.0,0.0,0.0,no_match,no_match,comparable_same_publications_unit_period_filter_language,pending
STM-METADATA-ES,BERTopic-METADATA-MULTILINGUAL,metadata,es,18,11,1,0.015385,0.015385,0.004462,not_computed,0.0,0.0,0.007269,weak_match,weak_match,comparable_same_publications_unit_period_filter_language,pending
STM-METADATA-ES,BERTopic-METADATA-MULTILINGUAL,metadata,es,18,3,3,0.024,0.024,0.010656,not_computed,0.0,0.0,0.012264,weak_match,weak_match,comparable_same_publications_unit_period_filter_language,pending
STM-METADATA-ES,BERTopic-METADATA-MULTILINGUAL,metadata,es,18,0,0,0.0,0.0,0.0,not_computed,0.0,0.0,0.0,no_match,no_match,comparable_same_publications_unit_period_filter_language,pending
STM-METADATA-ES,BERTopic-METADATA-MULTILINGUAL,metadata,es,18,17,0,0.0,0.0,0.0,not_computed,0.0,0.0,0.0,no_match,no_match,comparable_same_publications_unit_period_filter_language,pending
STM-METADATA-ES,BERTopic-METADATA-MULTILINGUAL,metadata,es,18,14,1,0.006024,0.006024,0.004147,not_computed,0.0,0.0,0.003446,weak_match,weak_match,comparable_same_publications_unit_period_filter_language,pending
STM-METADATA-ES,BERTopic-METADATA-MULTILINGUAL,metadata,es,18,5,1,0.008547,0.008547,0.003935,not_computed,0.0,0.0,0.004403,weak_match,weak_match,comparable_same_publications_unit_period_filter_language,pending
STM-METADATA-ES,BERTopic-METADATA-MULTILINGUAL,metadata,es,18,4,0,0.0,0.0,0.0,not_computed,0.0,0.0,0.0,no_match,no_match,comparable_same_publications_unit_period_filter_language,pending
STM-METADATA-ES,BERTopic-METADATA-MULTILINGUAL,metadata,es,18,13,2,0.013333,0.013333,0.005134,not_computed,0.0,0.0,0.006617,weak_match,weak_match,comparable_same_publications_unit_period_filter_language,pending
STM-METADATA-ES,BERTopic-METADATA-MULTILINGUAL,metadata,es,18,19,0,0.0,0.0,0.0,not_computed,0.0,0.0,0.0,no_match,no_match,comparable_same_publications_unit_period_filter_language,pending
STM-METADATA-ES,BERTopic-METADATA-MULTILINGUAL,metadata,es,18,21,1,0.011364,0.011364,0.008429,not_computed,0.0,0.0,0.006653,weak_match,weak_match,comparable_same_publications_unit_period_filter_language,pending
STM-METADATA-ES,BERTopic-METADATA-MULTILINGUAL,metadata,es,18,22,2,0.029851,0.029851,0.019323,not_computed,0.0,0.0,0.016771,weak_match,weak_match,comparable_same_publications_unit_period_filter_language,pending
STM-METADATA-ES,BERTopic-METADATA-MULTILINGUAL,metadata,es,18,10,0,0.0,0.0,0.0,not_computed,0.0,0.0,0.0,no_match,no_match,comparable_same_publications_unit_period_filter_language,pending
STM-METADATA-ES,BERTopic-METADATA-MULTILINGUAL,metadata,es,18,20,2,0.025974,0.025974,0.009519,not_computed,0.0,0.0,0.012769,weak_match,weak_match,comparable_same_publications_unit_period_filter_language,pending
STM-METADATA-ES,BERTopic-METADATA-MULTILINGUAL,metadata,es,18,15,6,0.067416,0.067416,0.036055,not_computed,0.086957,0.0,0.057719,partial_overlap,partial_overlap,comparable_same_publications_unit_period_filter_language,pending
STM-METADATA-ES,BERTopic-METADATA-MULTILINGUAL,metadata,es,18,7,0,0.0,0.0,0.0,not_computed,0.0,0.0,0.0,no_match,no_match,comparable_same_publications_unit_period_filter_language,pending
STM-METADATA-ES,BERTopic-METADATA-MULTILINGUAL,metadata,es,18,1,0,0.0,0.0,0.0,not_computed,0.0,0.0,0.0,no_match,no_match,comparable_same_publications_unit_period_filter_language,pending
STM-METADATA-ES,BERTopic-METADATA-MULTILINGUAL,metadata,es,18,12,0,0.0,0.0,0.0,not_computed,0.0,0.0,0.0,no_match,no_match,comparable_same_publications_unit_period_filter_language,pending
STM-METADATA-ES,BERTopic-METADATA-MULTILINGUAL,metadata,es,18,26,0,0.0,0.0,0.0,not_computed,0.0,0.0,0.0,no_match,no_match,comparable_same_publications_unit_period_filter_language,pending
STM-METADATA-ES,BERTopic-METADATA-MULTILINGUAL,metadata,es,18,25,0,0.0,0.0,0.0,not_computed,0.0,0.0,0.0,no_match,no_match,comparable_same_publications_unit_period_filter_language,pending
STM-METADATA-ES,BERTopic-METADATA-MULTILINGUAL,metadata,es,15,-1,17,0.013354,0.013354,0.0,not_computed,0.0,0.0,0.005342,weak_match,weak_match,comparable_same_publications_unit_period_filter_language,pending
STM-METADATA-ES,BERTopic-METADATA-MULTILINGUAL,metadata,es,15,16,0,0.0,0.0,0.0,not_computed,0.0,0.0,0.0,no_match,no_match,comparable_same_publications_unit_period_filter_language,pending
STM-METADATA-ES,BERTopic-METADATA-MULTILINGUAL,metadata,es,15,6,0,0.0,0.0,0.0,not_computed,0.0,0.0,0.0,no_match,no_match,comparable_same_publications_unit_period_filter_language,pending
STM-METADATA-ES,BERTopic-METADATA-MULTILINGUAL,metadata,es,15,2,0,0.0,0.0,0.0,not_computed,0.0,0.0,0.0,no_match,no_match,comparable_same_publications_unit_period_filter_language,pending
STM-METADATA-ES,BERTopic-METADATA-MULTILINGUAL,metadata,es,15,23,0,0.0,0.0,0.0,not_computed,0.0,0.0,0.0,no_match,no_match,comparable_same_publications_unit_period_filter_language,pending
STM-METADATA-ES,BERTopic-METADATA-MULTILINGUAL,metadata,es,15,18,0,0.0,0.0,0.0,not_computed,0.0,0.0,0.0,no_match,no_match,comparable_same_publications_unit_period_filter_language,pending
STM-METADATA-ES,BERTopic-METADATA-MULTILINGUAL,metadata,es,15,8,0,0.0,0.0,0.0,not_computed,0.0,0.0,0.0,no_match,no_match,comparable_same_publications_unit_period_filter_language,pending
STM-METADATA-ES,BERTopic-METADATA-MULTILINGUAL,metadata,es,15,11,0,0.0,0.0,0.0,not_computed,0.0,0.0,0.0,no_match,no_match,comparable_same_publications_unit_period_filter_language,pending
STM-METADATA-ES,BERTopic-METADATA-MULTILINGUAL,metadata,es,15,3,1,0.009615,0.009615,0.006459,not_computed,0.0,0.0,0.005461,weak_match,weak_match,comparable_same_publications_unit_period_filter_language,pending
STM-METADATA-ES,BERTopic-METADATA-MULTILINGUAL,metadata,es,15,0,1,0.007937,0.007937,0.007867,not_computed,0.0,0.0,0.005141,weak_match,weak_match,comparable_same_publications_unit_period_filter_language,pending
STM-METADATA-ES,BERTopic-METADATA-MULTILINGUAL,metadata,es,15,17,0,0.0,0.0,0.0,not_computed,0.0,0.0,0.0,no_match,no_match,comparable_same_publications_unit_period_filter_language,pending
STM-METADATA-ES,BERTopic-METADATA-MULTILINGUAL,metadata,es,15,14,0,0.0,0.0,0.0,not_computed,0.0,0.0,0.0,no_match,no_match,comparable_same_publications_unit_period_filter_language,pending
STM-METADATA-ES,BERTopic-METADATA-MULTILINGUAL,metadata,es,15,5,1,0.010638,0.010638,0.009324,not_computed,0.0,0.0,0.006586,weak_match,weak_match,comparable_same_publications_unit_period_filter_language,pending
STM-METADATA-ES,BERTopic-METADATA-MULTILINGUAL,metadata,es,15,4,1,0.007042,0.007042,0.004796,not_computed,0.0,0.0,0.004016,weak_match,weak_match,comparable_same_publications_unit_period_filter_language,pending
STM-METADATA-ES,BERTopic-METADATA-MULTILINGUAL,metadata,es,15,13,2,0.015748,0.015748,0.015228,not_computed,0.0,0.0,0.010106,weak_match,weak_match,comparable_same_publications_unit_period_filter_language,pending
STM-METADATA-ES,BERTopic-METADATA-MULTILINGUAL,metadata,es,15,19,0,0.0,0.0,0.0,not_computed,0.0,0.0,0.0,no_match,no_match,comparable_same_publications_unit_period_filter_language,pending
STM-METADATA-ES,BERTopic-METADATA-MULTILINGUAL,metadata,es,15,21,0,0.0,0.0,0.0,not_computed,0.0,0.0,0.0,no_match,no_match,comparable_same_publications_unit_period_filter_language,pending
STM-METADATA-ES,BERTopic-METADATA-MULTILINGUAL,metadata,es,15,22,1,0.022222,0.022222,0.020889,not_computed,0.0,0.0,0.014111,weak_match,weak_match,comparable_same_publications_unit_period_filter_language,pending
STM-METADATA-ES,BERTopic-METADATA-MULTILINGUAL,metadata,es,15,10,2,0.039216,0.039216,0.034771,not_computed,0.0,0.0,0.024379,language_specific_match,language_specific_match,comparable_same_publications_unit_period_filter_language,pending
STM-METADATA-ES,BERTopic-METADATA-MULTILINGUAL,metadata,es,15,20,1,0.018182,0.018182,0.013863,not_computed,0.0,0.0,0.010738,weak_match,weak_match,comparable_same_publications_unit_period_filter_language,pending
STM-METADATA-ES,BERTopic-METADATA-MULTILINGUAL,metadata,es,15,15,0,0.0,0.0,0.0,not_computed,0.0,0.0,0.0,no_match,no_match,comparable_same_publications_unit_period_filter_language,pending
STM-METADATA-ES,BERTopic-METADATA-MULTILINGUAL,metadata,es,15,7,1,0.027027,0.027027,0.021819,not_computed,0.0,0.0,0.016265,weak_match,weak_match,comparable_same_publications_unit_period_filter_language,pending
STM-METADATA-ES,BERTopic-METADATA-MULTILINGUAL,metadata,es,15,1,0,0.0,0.0,0.0,not_computed,0.0,0.0,0.0,no_match,no_match,comparable_same_publications_unit_period_filter_language,pending
STM-METADATA-ES,BERTopic-METADATA-MULTILINGUAL,metadata,es,15,12,0,0.0,0.0,0.0,not_computed,0.0,0.0,0.0,no_match,no_match,comparable_same_publications_unit_period_filter_language,pending
STM-METADATA-ES,BERTopic-METADATA-MULTILINGUAL,metadata,es,15,26,0,0.0,0.0,0.0,not_computed,0.0,0.0,0.0,no_match,no_match,comparable_same_publications_unit_period_filter_language,pending
STM-METADATA-ES,BERTopic-METADATA-MULTILINGUAL,metadata,es,15,25,1,0.034483,0.034483,0.033918,not_computed,0.0,0.0,0.022273,language_specific_match,language_specific_match,comparable_same_publications_unit_period_filter_language,pending
STM-METADATA-EN,BERTopic-METADATA-MULTILINGUAL,metadata,en,6,12,9,0.02719,0.02719,0.00896,not_computed,0.0,0.0,0.013116,weak_match,weak_match,comparable_same_publications_unit_period_filter_language,pending
STM-METADATA-EN,BERTopic-METADATA-MULTILINGUAL,metadata,en,6,16,0,0.0,0.0,0.0,not_computed,0.0,0.0,0.0,no_match,no_match,comparable_same_publications_unit_period_filter_language,pending
STM-METADATA-EN,BERTopic-METADATA-MULTILINGUAL,metadata,en,6,-1,108,0.067081,0.067081,0.0,not_computed,0.0,0.0,0.026832,language_specific_match,language_specific_match,comparable_same_publications_unit_period_filter_language,pending
STM-METADATA-EN,BERTopic-METADATA-MULTILINGUAL,metadata,en,6,0,0,0.0,0.0,0.0,not_computed,0.0,0.0,0.0,no_match,no_match,comparable_same_publications_unit_period_filter_language,pending
STM-METADATA-EN,BERTopic-METADATA-MULTILINGUAL,metadata,en,6,2,33,0.075862,0.075862,0.033268,not_computed,0.0,0.0,0.038662,language_specific_match,language_specific_match,comparable_same_publications_unit_period_filter_language,pending
STM-METADATA-EN,BERTopic-METADATA-MULTILINGUAL,metadata,en,6,19,0,0.0,0.0,0.0,not_computed,0.0,0.0,0.0,no_match,no_match,comparable_same_publications_unit_period_filter_language,pending
STM-METADATA-EN,BERTopic-METADATA-MULTILINGUAL,metadata,en,6,7,51,0.140884,0.140884,0.064724,not_computed,0.041667,0.0,0.082951,STM_split_by_BERTopic,STM_split_by_BERTopic,comparable_same_publications_unit_period_filter_language,pending
STM-METADATA-EN,BERTopic-METADATA-MULTILINGUAL,metadata,en,6,18,0,0.0,0.0,0.0,not_computed,0.0,0.0,0.0,no_match,no_match,comparable_same_publications_unit_period_filter_language,pending
STM-METADATA-EN,BERTopic-METADATA-MULTILINGUAL,metadata,en,6,24,0,0.0,0.0,0.0,not_computed,0.0,0.0,0.0,no_match,no_match,comparable_same_publications_unit_period_filter_language,pending
STM-METADATA-EN,BERTopic-METADATA-MULTILINGUAL,metadata,en,6,9,3,0.007673,0.007673,0.001791,not_computed,0.0,0.0,0.003517,weak_match,weak_match,comparable_same_publications_unit_period_filter_language,pending
STM-METADATA-EN,BERTopic-METADATA-MULTILINGUAL,metadata,en,6,5,0,0.0,0.0,0.0,not_computed,0.0,0.0,0.0,no_match,no_match,comparable_same_publications_unit_period_filter_language,pending
STM-METADATA-EN,BERTopic-METADATA-MULTILINGUAL,metadata,en,6,4,0,0.0,0.0,0.0,not_computed,0.0,0.0,0.0,no_match,no_match,comparable_same_publications_unit_period_filter_language,pending
STM-METADATA-EN,BERTopic-METADATA-MULTILINGUAL,metadata,en,6,3,1,0.002681,0.002681,0.001413,not_computed,0.0,0.0,0.001426,weak_match,weak_match,comparable_same_publications_unit_period_filter_language,pending
STM-METADATA-EN,BERTopic-METADATA-MULTILINGUAL,metadata,en,6,17,0,0.0,0.0,0.0,not_computed,0.0,0.0,0.0,no_match,no_match,comparable_same_publications_unit_period_filter_language,pending
STM-METADATA-EN,BERTopic-METADATA-MULTILINGUAL,metadata,en,6,13,0,0.0,0.0,0.0,not_computed,0.0,0.0,0.0,no_match,no_match,comparable_same_publications_unit_period_filter_language,pending
STM-METADATA-EN,BERTopic-METADATA-MULTILINGUAL,metadata,en,6,1,0,0.0,0.0,0.0,not_computed,0.0,0.0,0.0,no_match,no_match,comparable_same_publications_unit_period_filter_language,pending
STM-METADATA-EN,BERTopic-METADATA-MULTILINGUAL,metadata,en,6,27,0,0.0,0.0,0.0,not_computed,0.0,0.0,0.0,no_match,no_match,comparable_same_publications_unit_period_filter_language,pending
STM-METADATA-EN,BERTopic-METADATA-MULTILINGUAL,metadata,en,6,22,0,0.0,0.0,0.0,not_computed,0.0,0.0,0.0,no_match,no_match,comparable_same_publications_unit_period_filter_language,pending
STM-METADATA-EN,BERTopic-METADATA-MULTILINGUAL,metadata,en,6,10,1,0.002857,0.002857,0.001169,not_computed,0.0,0.0,0.001435,weak_match,weak_match,comparable_same_publications_unit_period_filter_language,pending
STM-METADATA-EN,BERTopic-METADATA-MULTILINGUAL,metadata,en,6,25,3,0.011321,0.011321,0.005122,not_computed,0.0,0.0,0.005809,weak_match,weak_match,comparable_same_publications_unit_period_filter_language,pending
STM-METADATA-EN,BERTopic-METADATA-MULTILINGUAL,metadata,en,6,26,0,0.0,0.0,0.0,not_computed,0.0,0.0,0.0,no_match,no_match,comparable_same_publications_unit_period_filter_language,pending
STM-METADATA-EN,BERTopic-METADATA-MULTILINGUAL,metadata,en,6,6,0,0.0,0.0,0.0,not_computed,0.0,0.0,0.0,no_match,no_match,comparable_same_publications_unit_period_filter_language,pending
STM-METADATA-EN,BERTopic-METADATA-MULTILINGUAL,metadata,en,6,20,2,0.007843,0.007843,0.0021,not_computed,0.0,0.0,0.003662,weak_match,weak_match,comparable_same_publications_unit_period_filter_language,pending
STM-METADATA-EN,BERTopic-METADATA-MULTILINGUAL,metadata,en,6,11,1,0.004149,0.004149,0.000883,not_computed,0.0,0.0,0.001881,weak_match,weak_match,comparable_same_publications_unit_period_filter_language,pending
STM-METADATA-EN,BERTopic-METADATA-MULTILINGUAL,metadata,en,6,21,0,0.0,0.0,0.0,not_computed,0.0,0.0,0.0,no_match,no_match,comparable_same_publications_unit_period_filter_language,pending
STM-METADATA-EN,BERTopic-METADATA-MULTILINGUAL,metadata,en,6,14,1,0.004505,0.004505,0.0015,not_computed,0.0,0.0,0.002177,weak_match,weak_match,comparable_same_publications_unit_period_filter_language,pending
STM-METADATA-EN,BERTopic-METADATA-MULTILINGUAL,metadata,en,6,23,0,0.0,0.0,0.0,not_computed,0.0,0.0,0.0,no_match,no_match,comparable_same_publications_unit_period_filter_language,pending
STM-METADATA-EN,BERTopic-METADATA-MULTILINGUAL,metadata,en,6,15,0,0.0,0.0,0.0,not_computed,0.0,0.0,0.0,no_match,no_match,comparable_same_publications_unit_period_filter_language,pending
STM-METADATA-EN,BERTopic-METADATA-MULTILINGUAL,metadata,en,6,8,0,0.0,0.0,0.0,not_computed,0.0,0.0,0.0,no_match,no_match,comparable_same_publications_unit_period_filter_language,pending
STM-METADATA-EN,BERTopic-METADATA-MULTILINGUAL,metadata,en,10,12,6,0.025105,0.025105,0.005985,not_computed,0.0,0.0,0.011538,weak_match,weak_match,comparable_same_publications_unit_period_filter_language,pending
STM-METADATA-EN,BERTopic-METADATA-MULTILINGUAL,metadata,en,10,16,5,0.025381,0.025381,0.010674,not_computed,0.0,0.0,0.012821,weak_match,weak_match,comparable_same_publications_unit_period_filter_language,pending
STM-METADATA-EN,BERTopic-METADATA-MULTILINGUAL,metadata,en,10,-1,48,0.030476,0.030476,0.0,not_computed,0.0,0.0,0.01219,weak_match,weak_match,comparable_same_publications_unit_period_filter_language,pending
STM-METADATA-EN,BERTopic-METADATA-MULTILINGUAL,metadata,en,10,0,2,0.005952,0.005952,0.001984,not_computed,0.0,0.0,0.002877,weak_match,weak_match,comparable_same_publications_unit_period_filter_language,pending
STM-METADATA-EN,BERTopic-METADATA-MULTILINGUAL,metadata,en,10,2,19,0.053672,0.053672,0.020195,not_computed,0.041667,0.0,0.036934,language_specific_match,language_specific_match,comparable_same_publications_unit_period_filter_language,pending
STM-METADATA-EN,BERTopic-METADATA-MULTILINGUAL,metadata,en,10,19,2,0.013986,0.013986,0.003122,not_computed,0.0,0.0,0.006375,weak_match,weak_match,comparable_same_publications_unit_period_filter_language,pending
STM-METADATA-EN,BERTopic-METADATA-MULTILINGUAL,metadata,en,10,7,3,0.009524,0.009524,0.002466,not_computed,0.0,0.0,0.004426,weak_match,weak_match,comparable_same_publications_unit_period_filter_language,pending
STM-METADATA-EN,BERTopic-METADATA-MULTILINGUAL,metadata,en,10,18,10,0.06993,0.06993,0.026161,not_computed,0.086957,0.0,0.056251,partial_overlap,partial_overlap,comparable_same_publications_unit_period_filter_language,pending
STM-METADATA-EN,BERTopic-METADATA-MULTILINGUAL,metadata,en,10,24,1,0.005618,0.005618,0.001825,not_computed,0.0,0.0,0.002703,weak_match,weak_match,comparable_same_publications_unit_period_filter_language,pending
STM-METADATA-EN,BERTopic-METADATA-MULTILINGUAL,metadata,en,10,9,0,0.0,0.0,0.0,not_computed,0.0,0.0,0.0,no_match,no_match,comparable_same_publications_unit_period_filter_language,pending
STM-METADATA-EN,BERTopic-METADATA-MULTILINGUAL,metadata,en,10,5,1,0.003623,0.003623,0.001138,not_computed,0.0,0.0,0.001734,weak_match,weak_match,comparable_same_publications_unit_period_filter_language,pending
STM-METADATA-EN,BERTopic-METADATA-MULTILINGUAL,metadata,en,10,4,1,0.004808,0.004808,0.002467,not_computed,0.0,0.0,0.00254,weak_match,weak_match,comparable_same_publications_unit_period_filter_language,pending
STM-METADATA-EN,BERTopic-METADATA-MULTILINGUAL,metadata,en,10,3,4,0.014545,0.014545,0.005136,not_computed,0.0,0.0,0.007102,weak_match,weak_match,comparable_same_publications_unit_period_filter_language,pending
STM-METADATA-EN,BERTopic-METADATA-MULTILINGUAL,metadata,en,10,17,1,0.006211,0.006211,0.002003,not_computed,0.0,0.0,0.002985,weak_match,weak_match,comparable_same_publications_unit_period_filter_language,pending
STM-METADATA-EN,BERTopic-METADATA-MULTILINGUAL,metadata,en,10,13,0,0.0,0.0,0.0,not_computed,0.0,0.0,0.0,no_match,no_match,comparable_same_publications_unit_period_filter_language,pending
STM-METADATA-EN,BERTopic-METADATA-MULTILINGUAL,metadata,en,10,1,2,0.011834,0.011834,0.005332,not_computed,0.0,0.0,0.006067,weak_match,weak_match,comparable_same_publications_unit_period_filter_language,pending
STM-METADATA-EN,BERTopic-METADATA-MULTILINGUAL,metadata,en,10,27,1,0.006135,0.006135,0.0018,not_computed,0.0,0.0,0.002904,weak_match,weak_match,comparable_same_publications_unit_period_filter_language,pending
STM-METADATA-EN,BERTopic-METADATA-MULTILINGUAL,metadata,en,10,22,1,0.006803,0.006803,0.001598,not_computed,0.0,0.0,0.003121,weak_match,weak_match,comparable_same_publications_unit_period_filter_language,pending
STM-METADATA-EN,BERTopic-METADATA-MULTILINGUAL,metadata,en,10,10,0,0.0,0.0,0.0,not_computed,0.0,0.0,0.0,no_match,no_match,comparable_same_publications_unit_period_filter_language,pending
STM-METADATA-EN,BERTopic-METADATA-MULTILINGUAL,metadata,en,10,25,1,0.005814,0.005814,0.001926,not_computed,0.0,0.0,0.002807,weak_match,weak_match,comparable_same_publications_unit_period_filter_language,pending
STM-METADATA-EN,BERTopic-METADATA-MULTILINGUAL,metadata,en,10,26,0,0.0,0.0,0.0,not_computed,0.0,0.0,0.0,no_match,no_match,comparable_same_publications_unit_period_filter_language,pending
STM-METADATA-EN,BERTopic-METADATA-MULTILINGUAL,metadata,en,10,6,0,0.0,0.0,0.0,not_computed,0.0,0.0,0.0,no_match,no_match,comparable_same_publications_unit_period_filter_language,pending
STM-METADATA-EN,BERTopic-METADATA-MULTILINGUAL,metadata,en,10,20,9,0.058824,0.058824,0.020592,not_computed,0.086957,0.0,0.050417,partial_overlap,partial_overlap,comparable_same_publications_unit_period_filter_language,pending
STM-METADATA-EN,BERTopic-METADATA-MULTILINGUAL,metadata,en,10,11,1,0.006849,0.006849,0.001581,not_computed,0.0,0.0,0.003135,weak_match,weak_match,comparable_same_publications_unit_period_filter_language,pending
STM-METADATA-EN,BERTopic-METADATA-MULTILINGUAL,metadata,en,10,21,0,0.0,0.0,0.0,not_computed,0.0,0.0,0.0,no_match,no_match,comparable_same_publications_unit_period_filter_language,pending
STM-METADATA-EN,BERTopic-METADATA-MULTILINGUAL,metadata,en,10,14,0,0.0,0.0,0.0,not_computed,0.0,0.0,0.0,no_match,no_match,comparable_same_publications_unit_period_filter_language,pending
STM-METADATA-EN,BERTopic-METADATA-MULTILINGUAL,metadata,en,10,23,0,0.0,0.0,0.0,not_computed,0.0,0.0,0.0,no_match,no_match,comparable_same_publications_unit_period_filter_language,pending
STM-METADATA-EN,BERTopic-METADATA-MULTILINGUAL,metadata,en,10,15,0,0.0,0.0,0.0,not_computed,0.0,0.0,0.0,no_match,no_match,comparable_same_publications_unit_period_filter_language,pending
STM-METADATA-EN,BERTopic-METADATA-MULTILINGUAL,metadata,en,10,8,0,0.0,0.0,0.0,not_computed,0.0,0.0,0.0,no_match,no_match,comparable_same_publications_unit_period_filter_language,pending
STM-METADATA-EN,BERTopic-METADATA-MULTILINGUAL,metadata,en,18,12,10,0.030488,0.030488,0.009189,not_computed,0.0,0.0,0.014492,weak_match,weak_match,comparable_same_publications_unit_period_filter_language,pending
STM-METADATA-EN,BERTopic-METADATA-MULTILINGUAL,metadata,en,18,16,0,0.0,0.0,0.0,not_computed,0.0,0.0,0.0,no_match,no_match,comparable_same_publications_unit_period_filter_language,pending
STM-METADATA-EN,BERTopic-METADATA-MULTILINGUAL,metadata,en,18,-1,88,0.054054,0.054054,0.0,not_computed,0.0,0.0,0.021622,language_specific_match,language_specific_match,comparable_same_publications_unit_period_filter_language,pending
STM-METADATA-EN,BERTopic-METADATA-MULTILINGUAL,metadata,en,18,0,11,0.02619,0.02619,0.008233,not_computed,0.0,0.0,0.012534,weak_match,weak_match,comparable_same_publications_unit_period_filter_language,pending
STM-METADATA-EN,BERTopic-METADATA-MULTILINGUAL,metadata,en,18,2,17,0.037862,0.037862,0.016121,not_computed,0.0,0.0,0.019175,weak_match,weak_match,comparable_same_publications_unit_period_filter_language,pending
STM-METADATA-EN,BERTopic-METADATA-MULTILINGUAL,metadata,en,18,19,1,0.004219,0.004219,0.001393,not_computed,0.0,0.0,0.002036,weak_match,weak_match,comparable_same_publications_unit_period_filter_language,pending
STM-METADATA-EN,BERTopic-METADATA-MULTILINGUAL,metadata,en,18,7,0,0.0,0.0,0.0,not_computed,0.0,0.0,0.0,no_match,no_match,comparable_same_publications_unit_period_filter_language,pending
STM-METADATA-EN,BERTopic-METADATA-MULTILINGUAL,metadata,en,18,18,4,0.016529,0.016529,0.005441,not_computed,0.0,0.0,0.007972,weak_match,weak_match,comparable_same_publications_unit_period_filter_language,pending
STM-METADATA-EN,BERTopic-METADATA-MULTILINGUAL,metadata,en,18,24,2,0.007407,0.007407,0.00296,not_computed,0.0,0.0,0.003703,weak_match,weak_match,comparable_same_publications_unit_period_filter_language,pending
STM-METADATA-EN,BERTopic-METADATA-MULTILINGUAL,metadata,en,18,9,26,0.071038,0.071038,0.024345,not_computed,0.0,0.0,0.034501,language_specific_match,language_specific_match,comparable_same_publications_unit_period_filter_language,pending
STM-METADATA-EN,BERTopic-METADATA-MULTILINGUAL,metadata,en,18,5,18,0.051136,0.051136,0.020654,not_computed,0.0,0.0,0.025618,language_specific_match,language_specific_match,comparable_same_publications_unit_period_filter_language,pending
STM-METADATA-EN,BERTopic-METADATA-MULTILINGUAL,metadata,en,18,4,1,0.003322,0.003322,0.000864,not_computed,0.0,0.0,0.001545,weak_match,weak_match,comparable_same_publications_unit_period_filter_language,pending
STM-METADATA-EN,BERTopic-METADATA-MULTILINGUAL,metadata,en,18,3,2,0.005405,0.005405,0.001789,not_computed,0.0,0.0,0.002609,weak_match,weak_match,comparable_same_publications_unit_period_filter_language,pending
STM-METADATA-EN,BERTopic-METADATA-MULTILINGUAL,metadata,en,18,17,8,0.032389,0.032389,0.012835,not_computed,0.0,0.0,0.016164,weak_match,weak_match,comparable_same_publications_unit_period_filter_language,pending
STM-METADATA-EN,BERTopic-METADATA-MULTILINGUAL,metadata,en,18,13,3,0.012712,0.012712,0.006065,not_computed,0.0,0.0,0.006601,weak_match,weak_match,comparable_same_publications_unit_period_filter_language,pending
STM-METADATA-EN,BERTopic-METADATA-MULTILINGUAL,metadata,en,18,1,2,0.007634,0.007634,0.002192,not_computed,0.0,0.0,0.003601,weak_match,weak_match,comparable_same_publications_unit_period_filter_language,pending
STM-METADATA-EN,BERTopic-METADATA-MULTILINGUAL,metadata,en,18,27,0,0.0,0.0,0.0,not_computed,0.0,0.0,0.0,no_match,no_match,comparable_same_publications_unit_period_filter_language,pending
STM-METADATA-EN,BERTopic-METADATA-MULTILINGUAL,metadata,en,18,22,6,0.025532,0.025532,0.00952,not_computed,0.0,0.0,0.012593,weak_match,weak_match,comparable_same_publications_unit_period_filter_language,pending
STM-METADATA-EN,BERTopic-METADATA-MULTILINGUAL,metadata,en,18,10,3,0.008671,0.008671,0.003375,not_computed,0.0,0.0,0.004312,weak_match,weak_match,comparable_same_publications_unit_period_filter_language,pending
STM-METADATA-EN,BERTopic-METADATA-MULTILINGUAL,metadata,en,18,25,5,0.019157,0.019157,0.008311,not_computed,0.0,0.0,0.009741,weak_match,weak_match,comparable_same_publications_unit_period_filter_language,pending
STM-METADATA-EN,BERTopic-METADATA-MULTILINGUAL,metadata,en,18,26,0,0.0,0.0,0.0,not_computed,0.0,0.0,0.0,no_match,no_match,comparable_same_publications_unit_period_filter_language,pending
STM-METADATA-EN,BERTopic-METADATA-MULTILINGUAL,metadata,en,18,6,0,0.0,0.0,0.0,not_computed,0.0,0.0,0.0,no_match,no_match,comparable_same_publications_unit_period_filter_language,pending
STM-METADATA-EN,BERTopic-METADATA-MULTILINGUAL,metadata,en,18,20,0,0.0,0.0,0.0,not_computed,0.0,0.0,0.0,no_match,no_match,comparable_same_publications_unit_period_filter_language,pending
STM-METADATA-EN,BERTopic-METADATA-MULTILINGUAL,metadata,en,18,11,2,0.008403,0.008403,0.003294,not_computed,0.0,0.0,0.004185,weak_match,weak_match,comparable_same_publications_unit_period_filter_language,pending
STM-METADATA-EN,BERTopic-METADATA-MULTILINGUAL,metadata,en,18,21,2,0.008584,0.008584,0.003294,not_computed,0.0,0.0,0.004257,weak_match,weak_match,comparable_same_publications_unit_period_filter_language,pending
STM-METADATA-EN,BERTopic-METADATA-MULTILINGUAL,metadata,en,18,14,0,0.0,0.0,0.0,not_computed,0.0,0.0,0.0,no_match,no_match,comparable_same_publications_unit_period_filter_language,pending
STM-METADATA-EN,BERTopic-METADATA-MULTILINGUAL,metadata,en,18,23,0,0.0,0.0,0.0,not_computed,0.0,0.0,0.0,no_match,no_match,comparable_same_publications_unit_period_filter_language,pending
STM-METADATA-EN,BERTopic-METADATA-MULTILINGUAL,metadata,en,18,15,0,0.0,0.0,0.0,not_computed,0.0,0.0,0.0,no_match,no_match,comparable_same_publications_unit_period_filter_language,pending
STM-METADATA-EN,BERTopic-METADATA-MULTILINGUAL,metadata,en,18,8,0,0.0,0.0,0.0,not_computed,0.0,0.0,0.0,no_match,no_match,comparable_same_publications_unit_period_filter_language,pending
STM-METADATA-EN,BERTopic-METADATA-MULTILINGUAL,metadata,en,1,12,2,0.007143,0.007143,0.001803,not_computed,0.0,0.0,0.003308,weak_match,weak_match,comparable_same_publications_unit_period_filter_language,pending
STM-METADATA-EN,BERTopic-METADATA-MULTILINGUAL,metadata,en,1,16,0,0.0,0.0,0.0,not_computed,0.0,0.0,0.0,no_match,no_match,comparable_same_publications_unit_period_filter_language,pending
STM-METADATA-EN,BERTopic-METADATA-MULTILINGUAL,metadata,en,1,-1,68,0.042714,0.042714,0.0,not_computed,0.0,0.0,0.017085,weak_match,weak_match,comparable_same_publications_unit_period_filter_language,pending
STM-METADATA-EN,BERTopic-METADATA-MULTILINGUAL,metadata,en,1,0,36,0.106195,0.106195,0.045309,not_computed,0.086957,0.0,0.075544,partial_overlap,partial_overlap,comparable_same_publications_unit_period_filter_language,pending
STM-METADATA-EN,BERTopic-METADATA-MULTILINGUAL,metadata,en,1,2,0,0.0,0.0,0.0,not_computed,0.0,0.0,0.0,no_match,no_match,comparable_same_publications_unit_period_filter_language,pending
STM-METADATA-EN,BERTopic-METADATA-MULTILINGUAL,metadata,en,1,19,0,0.0,0.0,0.0,not_computed,0.0,0.0,0.0,no_match,no_match,comparable_same_publications_unit_period_filter_language,pending
STM-METADATA-EN,BERTopic-METADATA-MULTILINGUAL,metadata,en,1,7,0,0.0,0.0,0.0,not_computed,0.0,0.0,0.0,no_match,no_match,comparable_same_publications_unit_period_filter_language,pending
STM-METADATA-EN,BERTopic-METADATA-MULTILINGUAL,metadata,en,1,18,0,0.0,0.0,0.0,not_computed,0.0,0.0,0.0,no_match,no_match,comparable_same_publications_unit_period_filter_language,pending
STM-METADATA-EN,BERTopic-METADATA-MULTILINGUAL,metadata,en,1,24,0,0.0,0.0,0.0,not_computed,0.0,0.0,0.0,no_match,no_match,comparable_same_publications_unit_period_filter_language,pending
STM-METADATA-EN,BERTopic-METADATA-MULTILINGUAL,metadata,en,1,9,1,0.002985,0.002985,0.000738,not_computed,0.0,0.0,0.001379,weak_match,weak_match,comparable_same_publications_unit_period_filter_language,pending
STM-METADATA-EN,BERTopic-METADATA-MULTILINGUAL,metadata,en,1,5,15,0.050167,0.050167,0.017876,not_computed,0.0,0.0,0.024536,language_specific_match,language_specific_match,comparable_same_publications_unit_period_filter_language,pending
STM-METADATA-EN,BERTopic-METADATA-MULTILINGUAL,metadata,en,1,4,2,0.008197,0.008197,0.002262,not_computed,0.0,0.0,0.003844,weak_match,weak_match,comparable_same_publications_unit_period_filter_language,pending
STM-METADATA-EN,BERTopic-METADATA-MULTILINGUAL,metadata,en,1,3,1,0.003175,0.003175,0.000905,not_computed,0.0,0.0,0.001496,weak_match,weak_match,comparable_same_publications_unit_period_filter_language,pending
STM-METADATA-EN,BERTopic-METADATA-MULTILINGUAL,metadata,en,1,17,3,0.015306,0.015306,0.003799,not_computed,0.0,0.0,0.007072,weak_match,weak_match,comparable_same_publications_unit_period_filter_language,pending
STM-METADATA-EN,BERTopic-METADATA-MULTILINGUAL,metadata,en,1,13,0,0.0,0.0,0.0,not_computed,0.0,0.0,0.0,no_match,no_match,comparable_same_publications_unit_period_filter_language,pending
STM-METADATA-EN,BERTopic-METADATA-MULTILINGUAL,metadata,en,1,1,11,0.055838,0.055838,0.020123,not_computed,0.0,0.0,0.027366,language_specific_match,language_specific_match,comparable_same_publications_unit_period_filter_language,pending
STM-METADATA-EN,BERTopic-METADATA-MULTILINGUAL,metadata,en,1,27,0,0.0,0.0,0.0,not_computed,0.0,0.0,0.0,no_match,no_match,comparable_same_publications_unit_period_filter_language,pending
STM-METADATA-EN,BERTopic-METADATA-MULTILINGUAL,metadata,en,1,22,0,0.0,0.0,0.0,not_computed,0.0,0.0,0.0,no_match,no_match,comparable_same_publications_unit_period_filter_language,pending
STM-METADATA-EN,BERTopic-METADATA-MULTILINGUAL,metadata,en,1,10,0,0.0,0.0,0.0,not_computed,0.0,0.0,0.0,no_match,no_match,comparable_same_publications_unit_period_filter_language,pending
STM-METADATA-EN,BERTopic-METADATA-MULTILINGUAL,metadata,en,1,25,0,0.0,0.0,0.0,not_computed,0.0,0.0,0.0,no_match,no_match,comparable_same_publications_unit_period_filter_language,pending
STM-METADATA-EN,BERTopic-METADATA-MULTILINGUAL,metadata,en,1,26,3,0.017341,0.017341,0.006009,not_computed,0.0,0.0,0.008439,weak_match,weak_match,comparable_same_publications_unit_period_filter_language,pending
STM-METADATA-EN,BERTopic-METADATA-MULTILINGUAL,metadata,en,1,6,0,0.0,0.0,0.0,not_computed,0.0,0.0,0.0,no_match,no_match,comparable_same_publications_unit_period_filter_language,pending
STM-METADATA-EN,BERTopic-METADATA-MULTILINGUAL,metadata,en,1,20,0,0.0,0.0,0.0,not_computed,0.0,0.0,0.0,no_match,no_match,comparable_same_publications_unit_period_filter_language,pending
STM-METADATA-EN,BERTopic-METADATA-MULTILINGUAL,metadata,en,1,11,2,0.010989,0.010989,0.004644,not_computed,0.0,0.0,0.005556,weak_match,weak_match,comparable_same_publications_unit_period_filter_language,pending
STM-METADATA-EN,BERTopic-METADATA-MULTILINGUAL,metadata,en,1,21,10,0.059172,0.059172,0.025147,not_computed,0.136364,0.0,0.064046,partial_overlap,partial_overlap,comparable_same_publications_unit_period_filter_language,pending
STM-METADATA-EN,BERTopic-METADATA-MULTILINGUAL,metadata,en,1,14,0,0.0,0.0,0.0,not_computed,0.0,0.0,0.0,no_match,no_match,comparable_same_publications_unit_period_filter_language,pending
STM-METADATA-EN,BERTopic-METADATA-MULTILINGUAL,metadata,en,1,23,1,0.005714,0.005714,0.001951,not_computed,0.0,0.0,0.002773,weak_match,weak_match,comparable_same_publications_unit_period_filter_language,pending
STM-METADATA-EN,BERTopic-METADATA-MULTILINGUAL,metadata,en,1,15,0,0.0,0.0,0.0,not_computed,0.0,0.0,0.0,no_match,no_match,comparable_same_publications_unit_period_filter_language,pending
STM-METADATA-EN,BERTopic-METADATA-MULTILINGUAL,metadata,en,1,8,0,0.0,0.0,0.0,not_computed,0.0,0.0,0.0,no_match,no_match,comparable_same_publications_unit_period_filter_language,pending
STM-METADATA-EN,BERTopic-METADATA-MULTILINGUAL,metadata,en,9,12,0,0.0,0.0,0.0,not_computed,0.0,0.0,0.0,no_match,no_match,comparable_same_publications_unit_period_filter_language,pending
STM-METADATA-EN,BERTopic-METADATA-MULTILINGUAL,metadata,en,9,16,61,0.225092,0.225092,0.106099,not_computed,0.041667,0.0,0.126978,BERTopic_combines_STM,BERTopic_combines_STM,comparable_same_publications_unit_period_filter_language,pending
STM-METADATA-EN,BERTopic-METADATA-MULTILINGUAL,metadata,en,9,-1,39,0.022754,0.022754,0.0,not_computed,0.0,0.0,0.009102,weak_match,weak_match,comparable_same_publications_unit_period_filter_language,pending
STM-METADATA-EN,BERTopic-METADATA-MULTILINGUAL,metadata,en,9,0,85,0.221932,0.221932,0.084613,not_computed,0.190476,0.0,0.157545,one_to_one,one_to_one,comparable_same_publications_unit_period_filter_language,pending
STM-METADATA-EN,BERTopic-METADATA-MULTILINGUAL,metadata,en,9,2,20,0.041408,0.041408,0.01975,not_computed,0.0,0.0,0.021501,language_specific_match,language_specific_match,comparable_same_publications_unit_period_filter_language,pending
STM-METADATA-EN,BERTopic-METADATA-MULTILINGUAL,metadata,en,9,19,1,0.00365,0.00365,0.000744,not_computed,0.0,0.0,0.001646,weak_match,weak_match,comparable_same_publications_unit_period_filter_language,pending
STM-METADATA-EN,BERTopic-METADATA-MULTILINGUAL,metadata,en,9,7,5,0.011287,0.011287,0.003944,not_computed,0.0,0.0,0.005501,weak_match,weak_match,comparable_same_publications_unit_period_filter_language,pending
STM-METADATA-EN,BERTopic-METADATA-MULTILINGUAL,metadata,en,9,18,0,0.0,0.0,0.0,not_computed,0.0,0.0,0.0,no_match,no_match,comparable_same_publications_unit_period_filter_language,pending
STM-METADATA-EN,BERTopic-METADATA-MULTILINGUAL,metadata,en,9,24,5,0.016447,0.016447,0.007798,not_computed,0.0,0.0,0.008528,weak_match,weak_match,comparable_same_publications_unit_period_filter_language,pending
STM-METADATA-EN,BERTopic-METADATA-MULTILINGUAL,metadata,en,9,9,1,0.002336,0.002336,0.001031,not_computed,0.0,0.0,0.001192,weak_match,weak_match,comparable_same_publications_unit_period_filter_language,pending
STM-METADATA-EN,BERTopic-METADATA-MULTILINGUAL,metadata,en,9,5,6,0.014963,0.014963,0.005313,not_computed,0.0,0.0,0.007313,weak_match,weak_match,comparable_same_publications_unit_period_filter_language,pending
STM-METADATA-EN,BERTopic-METADATA-MULTILINGUAL,metadata,en,9,4,4,0.01194,0.01194,0.003858,not_computed,0.0,0.0,0.005741,weak_match,weak_match,comparable_same_publications_unit_period_filter_language,pending
STM-METADATA-EN,BERTopic-METADATA-MULTILINGUAL,metadata,en,9,3,2,0.004914,0.004914,0.001304,not_computed,0.0,0.0,0.002292,weak_match,weak_match,comparable_same_publications_unit_period_filter_language,pending
STM-METADATA-EN,BERTopic-METADATA-MULTILINGUAL,metadata,en,9,17,3,0.010381,0.010381,0.004858,not_computed,0.0,0.0,0.005367,weak_match,weak_match,comparable_same_publications_unit_period_filter_language,pending
STM-METADATA-EN,BERTopic-METADATA-MULTILINGUAL,metadata,en,9,13,0,0.0,0.0,0.0,not_computed,0.0,0.0,0.0,no_match,no_match,comparable_same_publications_unit_period_filter_language,pending
STM-METADATA-EN,BERTopic-METADATA-MULTILINGUAL,metadata,en,9,1,0,0.0,0.0,0.0,not_computed,0.0,0.0,0.0,no_match,no_match,comparable_same_publications_unit_period_filter_language,pending
STM-METADATA-EN,BERTopic-METADATA-MULTILINGUAL,metadata,en,9,27,0,0.0,0.0,0.0,not_computed,0.0,0.0,0.0,no_match,no_match,comparable_same_publications_unit_period_filter_language,pending
STM-METADATA-EN,BERTopic-METADATA-MULTILINGUAL,metadata,en,9,22,2,0.007246,0.007246,0.003627,not_computed,0.0,0.0,0.003805,weak_match,weak_match,comparable_same_publications_unit_period_filter_language,pending
STM-METADATA-EN,BERTopic-METADATA-MULTILINGUAL,metadata,en,9,10,2,0.005208,0.005208,0.002015,not_computed,0.0,0.0,0.002587,weak_match,weak_match,comparable_same_publications_unit_period_filter_language,pending
STM-METADATA-EN,BERTopic-METADATA-MULTILINGUAL,metadata,en,9,25,10,0.03413,0.03413,0.017921,not_computed,0.0,0.0,0.018132,weak_match,weak_match,comparable_same_publications_unit_period_filter_language,pending
STM-METADATA-EN,BERTopic-METADATA-MULTILINGUAL,metadata,en,9,26,0,0.0,0.0,0.0,not_computed,0.0,0.0,0.0,no_match,no_match,comparable_same_publications_unit_period_filter_language,pending
STM-METADATA-EN,BERTopic-METADATA-MULTILINGUAL,metadata,en,9,6,0,0.0,0.0,0.0,not_computed,0.0,0.0,0.0,no_match,no_match,comparable_same_publications_unit_period_filter_language,pending
STM-METADATA-EN,BERTopic-METADATA-MULTILINGUAL,metadata,en,9,20,1,0.003436,0.003436,0.001463,not_computed,0.0,0.0,0.00174,weak_match,weak_match,comparable_same_publications_unit_period_filter_language,pending
STM-METADATA-EN,BERTopic-METADATA-MULTILINGUAL,metadata,en,9,11,0,0.0,0.0,0.0,not_computed,0.0,0.0,0.0,no_match,no_match,comparable_same_publications_unit_period_filter_language,pending
STM-METADATA-EN,BERTopic-METADATA-MULTILINGUAL,metadata,en,9,21,0,0.0,0.0,0.0,not_computed,0.0,0.0,0.0,no_match,no_match,comparable_same_publications_unit_period_filter_language,pending
STM-METADATA-EN,BERTopic-METADATA-MULTILINGUAL,metadata,en,9,14,0,0.0,0.0,0.0,not_computed,0.0,0.0,0.0,no_match,no_match,comparable_same_publications_unit_period_filter_language,pending
STM-METADATA-EN,BERTopic-METADATA-MULTILINGUAL,metadata,en,9,23,1,0.003731,0.003731,0.001388,not_computed,0.0,0.0,0.00184,weak_match,weak_match,comparable_same_publications_unit_period_filter_language,pending
STM-METADATA-EN,BERTopic-METADATA-MULTILINGUAL,metadata,en,9,15,0,0.0,0.0,0.0,not_computed,0.0,0.0,0.0,no_match,no_match,comparable_same_publications_unit_period_filter_language,pending
STM-METADATA-EN,BERTopic-METADATA-MULTILINGUAL,metadata,en,9,8,0,0.0,0.0,0.0,not_computed,0.0,0.0,0.0,no_match,no_match,comparable_same_publications_unit_period_filter_language,pending
STM-METADATA-EN,BERTopic-METADATA-MULTILINGUAL,metadata,en,14,12,2,0.006897,0.006897,0.001693,not_computed,0.0,0.0,0.003182,weak_match,weak_match,comparable_same_publications_unit_period_filter_language,pending
STM-METADATA-EN,BERTopic-METADATA-MULTILINGUAL,metadata,en,14,16,1,0.004032,0.004032,0.000929,not_computed,0.0,0.0,0.001845,weak_match,weak_match,comparable_same_publications_unit_period_filter_language,pending
STM-METADATA-EN,BERTopic-METADATA-MULTILINGUAL,metadata,en,14,-1,85,0.053628,0.053628,0.0,not_computed,0.0,0.0,0.021451,language_specific_match,language_specific_match,comparable_same_publications_unit_period_filter_language,pending
STM-METADATA-EN,BERTopic-METADATA-MULTILINGUAL,metadata,en,14,0,2,0.005222,0.005222,0.001647,not_computed,0.0,0.0,0.0025,weak_match,weak_match,comparable_same_publications_unit_period_filter_language,pending
STM-METADATA-EN,BERTopic-METADATA-MULTILINGUAL,metadata,en,14,2,1,0.002387,0.002387,0.000527,not_computed,0.0,0.0,0.001086,weak_match,weak_match,comparable_same_publications_unit_period_filter_language,pending
STM-METADATA-EN,BERTopic-METADATA-MULTILINGUAL,metadata,en,14,19,0,0.0,0.0,0.0,not_computed,0.0,0.0,0.0,no_match,no_match,comparable_same_publications_unit_period_filter_language,pending
STM-METADATA-EN,BERTopic-METADATA-MULTILINGUAL,metadata,en,14,7,19,0.054913,0.054913,0.024032,not_computed,0.086957,0.0,0.049712,language_specific_match,language_specific_match,comparable_same_publications_unit_period_filter_language,pending
STM-METADATA-EN,BERTopic-METADATA-MULTILINGUAL,metadata,en,14,18,0,0.0,0.0,0.0,not_computed,0.0,0.0,0.0,no_match,no_match,comparable_same_publications_unit_period_filter_language,pending
STM-METADATA-EN,BERTopic-METADATA-MULTILINGUAL,metadata,en,14,24,0,0.0,0.0,0.0,not_computed,0.0,0.0,0.0,no_match,no_match,comparable_same_publications_unit_period_filter_language,pending
STM-METADATA-EN,BERTopic-METADATA-MULTILINGUAL,metadata,en,14,9,18,0.054878,0.054878,0.026118,not_computed,0.0,0.0,0.028481,language_specific_match,language_specific_match,comparable_same_publications_unit_period_filter_language,pending
STM-METADATA-EN,BERTopic-METADATA-MULTILINGUAL,metadata,en,14,5,0,0.0,0.0,0.0,not_computed,0.0,0.0,0.0,no_match,no_match,comparable_same_publications_unit_period_filter_language,pending
STM-METADATA-EN,BERTopic-METADATA-MULTILINGUAL,metadata,en,14,4,0,0.0,0.0,0.0,not_computed,0.0,0.0,0.0,no_match,no_match,comparable_same_publications_unit_period_filter_language,pending
STM-METADATA-EN,BERTopic-METADATA-MULTILINGUAL,metadata,en,14,3,12,0.038217,0.038217,0.015155,not_computed,0.0,0.0,0.019075,weak_match,weak_match,comparable_same_publications_unit_period_filter_language,pending
STM-METADATA-EN,BERTopic-METADATA-MULTILINGUAL,metadata,en,14,17,0,0.0,0.0,0.0,not_computed,0.0,0.0,0.0,no_match,no_match,comparable_same_publications_unit_period_filter_language,pending
STM-METADATA-EN,BERTopic-METADATA-MULTILINGUAL,metadata,en,14,13,0,0.0,0.0,0.0,not_computed,0.0,0.0,0.0,no_match,no_match,comparable_same_publications_unit_period_filter_language,pending
STM-METADATA-EN,BERTopic-METADATA-MULTILINGUAL,metadata,en,14,1,0,0.0,0.0,0.0,not_computed,0.0,0.0,0.0,no_match,no_match,comparable_same_publications_unit_period_filter_language,pending
STM-METADATA-EN,BERTopic-METADATA-MULTILINGUAL,metadata,en,14,27,0,0.0,0.0,0.0,not_computed,0.0,0.0,0.0,no_match,no_match,comparable_same_publications_unit_period_filter_language,pending
STM-METADATA-EN,BERTopic-METADATA-MULTILINGUAL,metadata,en,14,22,0,0.0,0.0,0.0,not_computed,0.0,0.0,0.0,no_match,no_match,comparable_same_publications_unit_period_filter_language,pending
STM-METADATA-EN,BERTopic-METADATA-MULTILINGUAL,metadata,en,14,10,0,0.0,0.0,0.0,not_computed,0.0,0.0,0.0,no_match,no_match,comparable_same_publications_unit_period_filter_language,pending
STM-METADATA-EN,BERTopic-METADATA-MULTILINGUAL,metadata,en,14,25,0,0.0,0.0,0.0,not_computed,0.0,0.0,0.0,no_match,no_match,comparable_same_publications_unit_period_filter_language,pending
STM-METADATA-EN,BERTopic-METADATA-MULTILINGUAL,metadata,en,14,26,0,0.0,0.0,0.0,not_computed,0.0,0.0,0.0,no_match,no_match,comparable_same_publications_unit_period_filter_language,pending
STM-METADATA-EN,BERTopic-METADATA-MULTILINGUAL,metadata,en,14,6,0,0.0,0.0,0.0,not_computed,0.0,0.0,0.0,no_match,no_match,comparable_same_publications_unit_period_filter_language,pending
STM-METADATA-EN,BERTopic-METADATA-MULTILINGUAL,metadata,en,14,20,13,0.066327,0.066327,0.033148,not_computed,0.0,0.0,0.034818,language_specific_match,language_specific_match,comparable_same_publications_unit_period_filter_language,pending
STM-METADATA-EN,BERTopic-METADATA-MULTILINGUAL,metadata,en,14,11,0,0.0,0.0,0.0,not_computed,0.0,0.0,0.0,no_match,no_match,comparable_same_publications_unit_period_filter_language,pending
STM-METADATA-EN,BERTopic-METADATA-MULTILINGUAL,metadata,en,14,21,0,0.0,0.0,0.0,not_computed,0.0,0.0,0.0,no_match,no_match,comparable_same_publications_unit_period_filter_language,pending
STM-METADATA-EN,BERTopic-METADATA-MULTILINGUAL,metadata,en,14,14,0,0.0,0.0,0.0,not_computed,0.0,0.0,0.0,no_match,no_match,comparable_same_publications_unit_period_filter_language,pending
STM-METADATA-EN,BERTopic-METADATA-MULTILINGUAL,metadata,en,14,23,1,0.005405,0.005405,0.001494,not_computed,0.0,0.0,0.002536,weak_match,weak_match,comparable_same_publications_unit_period_filter_language,pending
STM-METADATA-EN,BERTopic-METADATA-MULTILINGUAL,metadata,en,14,15,11,0.062857,0.062857,0.02462,not_computed,0.041667,0.0,0.041715,language_specific_match,language_specific_match,comparable_same_publications_unit_period_filter_language,pending
STM-METADATA-EN,BERTopic-METADATA-MULTILINGUAL,metadata,en,14,8,0,0.0,0.0,0.0,not_computed,0.0,0.0,0.0,no_match,no_match,comparable_same_publications_unit_period_filter_language,pending
STM-METADATA-EN,BERTopic-METADATA-MULTILINGUAL,metadata,en,17,12,2,0.004673,0.004673,0.001959,not_computed,0.0,0.0,0.002359,weak_match,weak_match,comparable_same_publications_unit_period_filter_language,pending
STM-METADATA-EN,BERTopic-METADATA-MULTILINGUAL,metadata,en,17,16,0,0.0,0.0,0.0,not_computed,0.0,0.0,0.0,no_match,no_match,comparable_same_publications_unit_period_filter_language,pending
STM-METADATA-EN,BERTopic-METADATA-MULTILINGUAL,metadata,en,17,-1,137,0.081987,0.081987,0.0,not_computed,0.190476,0.0,0.080414,STM_split_by_BERTopic,STM_split_by_BERTopic,comparable_same_publications_unit_period_filter_language,pending
STM-METADATA-EN,BERTopic-METADATA-MULTILINGUAL,metadata,en,17,0,14,0.027505,0.027505,0.013173,not_computed,0.0,0.0,0.014295,weak_match,weak_match,comparable_same_publications_unit_period_filter_language,pending
STM-METADATA-EN,BERTopic-METADATA-MULTILINGUAL,metadata,en,17,2,3,0.005405,0.005405,0.001547,not_computed,0.0,0.0,0.002549,weak_match,weak_match,comparable_same_publications_unit_period_filter_language,pending
STM-METADATA-EN,BERTopic-METADATA-MULTILINGUAL,metadata,en,17,19,7,0.021672,0.021672,0.011177,not_computed,0.086957,0.0,0.033202,language_specific_match,language_specific_match,comparable_same_publications_unit_period_filter_language,pending
STM-METADATA-EN,BERTopic-METADATA-MULTILINGUAL,metadata,en,17,7,0,0.0,0.0,0.0,not_computed,0.0,0.0,0.0,no_match,no_match,comparable_same_publications_unit_period_filter_language,pending
STM-METADATA-EN,BERTopic-METADATA-MULTILINGUAL,metadata,en,17,18,2,0.005952,0.005952,0.003126,not_computed,0.0,0.0,0.003163,weak_match,weak_match,comparable_same_publications_unit_period_filter_language,pending
STM-METADATA-EN,BERTopic-METADATA-MULTILINGUAL,metadata,en,17,24,0,0.0,0.0,0.0,not_computed,0.0,0.0,0.0,no_match,no_match,comparable_same_publications_unit_period_filter_language,pending
STM-METADATA-EN,BERTopic-METADATA-MULTILINGUAL,metadata,en,17,9,0,0.0,0.0,0.0,not_computed,0.0,0.0,0.0,no_match,no_match,comparable_same_publications_unit_period_filter_language,pending
STM-METADATA-EN,BERTopic-METADATA-MULTILINGUAL,metadata,en,17,5,26,0.059633,0.059633,0.030385,not_computed,0.041667,0.0,0.041866,language_specific_match,language_specific_match,comparable_same_publications_unit_period_filter_language,pending
STM-METADATA-EN,BERTopic-METADATA-MULTILINGUAL,metadata,en,17,4,18,0.047872,0.047872,0.022691,not_computed,0.0,0.0,0.024822,language_specific_match,language_specific_match,comparable_same_publications_unit_period_filter_language,pending
STM-METADATA-EN,BERTopic-METADATA-MULTILINGUAL,metadata,en,17,3,8,0.017544,0.017544,0.006848,not_computed,0.0,0.0,0.008729,weak_match,weak_match,comparable_same_publications_unit_period_filter_language,pending
STM-METADATA-EN,BERTopic-METADATA-MULTILINGUAL,metadata,en,17,17,2,0.005797,0.005797,0.003112,not_computed,0.0,0.0,0.003097,weak_match,weak_match,comparable_same_publications_unit_period_filter_language,pending
STM-METADATA-EN,BERTopic-METADATA-MULTILINGUAL,metadata,en,17,13,9,0.02795,0.02795,0.012274,not_computed,0.086957,0.0,0.035988,language_specific_match,language_specific_match,comparable_same_publications_unit_period_filter_language,pending
STM-METADATA-EN,BERTopic-METADATA-MULTILINGUAL,metadata,en,17,1,19,0.05638,0.05638,0.029121,not_computed,0.086957,0.0,0.051571,partial_overlap,partial_overlap,comparable_same_publications_unit_period_filter_language,pending
STM-METADATA-EN,BERTopic-METADATA-MULTILINGUAL,metadata,en,17,27,0,0.0,0.0,0.0,not_computed,0.0,0.0,0.0,no_match,no_match,comparable_same_publications_unit_period_filter_language,pending
STM-METADATA-EN,BERTopic-METADATA-MULTILINGUAL,metadata,en,17,22,6,0.018349,0.018349,0.008481,not_computed,0.0,0.0,0.00946,weak_match,weak_match,comparable_same_publications_unit_period_filter_language,pending
STM-METADATA-EN,BERTopic-METADATA-MULTILINGUAL,metadata,en,17,10,2,0.004556,0.004556,0.001612,not_computed,0.0,0.0,0.002225,weak_match,weak_match,comparable_same_publications_unit_period_filter_language,pending
STM-METADATA-EN,BERTopic-METADATA-MULTILINGUAL,metadata,en,17,25,0,0.0,0.0,0.0,not_computed,0.0,0.0,0.0,no_match,no_match,comparable_same_publications_unit_period_filter_language,pending
STM-METADATA-EN,BERTopic-METADATA-MULTILINGUAL,metadata,en,17,26,5,0.015674,0.015674,0.00868,not_computed,0.041667,0.0,0.018856,weak_match,weak_match,comparable_same_publications_unit_period_filter_language,pending
STM-METADATA-EN,BERTopic-METADATA-MULTILINGUAL,metadata,en,17,6,10,0.032468,0.032468,0.014357,not_computed,0.086957,0.0,0.038315,language_specific_match,language_specific_match,comparable_same_publications_unit_period_filter_language,pending
STM-METADATA-EN,BERTopic-METADATA-MULTILINGUAL,metadata,en,17,20,1,0.00289,0.00289,0.000737,not_computed,0.0,0.0,0.00134,weak_match,weak_match,comparable_same_publications_unit_period_filter_language,pending
STM-METADATA-EN,BERTopic-METADATA-MULTILINGUAL,metadata,en,17,11,17,0.053968,0.053968,0.030566,not_computed,0.041667,0.0,0.039646,language_specific_match,language_specific_match,comparable_same_publications_unit_period_filter_language,pending
STM-METADATA-EN,BERTopic-METADATA-MULTILINGUAL,metadata,en,17,21,1,0.003067,0.003067,0.002141,not_computed,0.0,0.0,0.001762,weak_match,weak_match,comparable_same_publications_unit_period_filter_language,pending
STM-METADATA-EN,BERTopic-METADATA-MULTILINGUAL,metadata,en,17,14,8,0.02623,0.02623,0.013314,not_computed,0.190476,0.0,0.061439,partial_overlap,partial_overlap,comparable_same_publications_unit_period_filter_language,pending
STM-METADATA-EN,BERTopic-METADATA-MULTILINGUAL,metadata,en,17,23,4,0.0125,0.0125,0.006032,not_computed,0.0,0.0,0.006508,weak_match,weak_match,comparable_same_publications_unit_period_filter_language,pending
STM-METADATA-EN,BERTopic-METADATA-MULTILINGUAL,metadata,en,17,15,0,0.0,0.0,0.0,not_computed,0.086957,0.0,0.021739,language_specific_match,language_specific_match,comparable_same_publications_unit_period_filter_language,pending
STM-METADATA-EN,BERTopic-METADATA-MULTILINGUAL,metadata,en,17,8,2,0.006494,0.006494,0.003464,not_computed,0.086957,0.0,0.025203,language_specific_match,language_specific_match,comparable_same_publications_unit_period_filter_language,pending
STM-METADATA-EN,BERTopic-METADATA-MULTILINGUAL,metadata,en,4,12,7,0.024476,0.024476,0.006401,not_computed,0.0,0.0,0.011391,weak_match,weak_match,comparable_same_publications_unit_period_filter_language,pending
STM-METADATA-EN,BERTopic-METADATA-MULTILINGUAL,metadata,en,4,16,3,0.012146,0.012146,0.002951,not_computed,0.0,0.0,0.005596,weak_match,weak_match,comparable_same_publications_unit_period_filter_language,pending
STM-METADATA-EN,BERTopic-METADATA-MULTILINGUAL,metadata,en,4,-1,61,0.037888,0.037888,0.0,not_computed,0.0,0.0,0.015155,weak_match,weak_match,comparable_same_publications_unit_period_filter_language,pending
STM-METADATA-EN,BERTopic-METADATA-MULTILINGUAL,metadata,en,4,0,1,0.002597,0.002597,0.000978,not_computed,0.0,0.0,0.001284,weak_match,weak_match,comparable_same_publications_unit_period_filter_language,pending
STM-METADATA-EN,BERTopic-METADATA-MULTILINGUAL,metadata,en,4,2,2,0.004773,0.004773,0.001741,not_computed,0.0,0.0,0.002345,weak_match,weak_match,comparable_same_publications_unit_period_filter_language,pending
STM-METADATA-EN,BERTopic-METADATA-MULTILINGUAL,metadata,en,4,19,0,0.0,0.0,0.0,not_computed,0.0,0.0,0.0,no_match,no_match,comparable_same_publications_unit_period_filter_language,pending
STM-METADATA-EN,BERTopic-METADATA-MULTILINGUAL,metadata,en,4,7,62,0.203947,0.203947,0.094194,not_computed,0.041667,0.0,0.115544,STM_split_by_BERTopic,STM_split_by_BERTopic,comparable_same_publications_unit_period_filter_language,pending
STM-METADATA-EN,BERTopic-METADATA-MULTILINGUAL,metadata,en,4,18,1,0.005,0.005,0.001039,not_computed,0.0,0.0,0.00226,weak_match,weak_match,comparable_same_publications_unit_period_filter_language,pending
STM-METADATA-EN,BERTopic-METADATA-MULTILINGUAL,metadata,en,4,24,1,0.004425,0.004425,0.001727,not_computed,0.0,0.0,0.002202,weak_match,weak_match,comparable_same_publications_unit_period_filter_language,pending
STM-METADATA-EN,BERTopic-METADATA-MULTILINGUAL,metadata,en,4,9,6,0.017595,0.017595,0.006299,not_computed,0.0,0.0,0.008613,weak_match,weak_match,comparable_same_publications_unit_period_filter_language,pending
STM-METADATA-EN,BERTopic-METADATA-MULTILINGUAL,metadata,en,4,5,6,0.018809,0.018809,0.006288,not_computed,0.0,0.0,0.009096,weak_match,weak_match,comparable_same_publications_unit_period_filter_language,pending
STM-METADATA-EN,BERTopic-METADATA-MULTILINGUAL,metadata,en,4,4,0,0.0,0.0,0.0,not_computed,0.0,0.0,0.0,no_match,no_match,comparable_same_publications_unit_period_filter_language,pending
STM-METADATA-EN,BERTopic-METADATA-MULTILINGUAL,metadata,en,4,3,2,0.006154,0.006154,0.001692,not_computed,0.0,0.0,0.002885,weak_match,weak_match,comparable_same_publications_unit_period_filter_language,pending
STM-METADATA-EN,BERTopic-METADATA-MULTILINGUAL,metadata,en,4,17,0,0.0,0.0,0.0,not_computed,0.0,0.0,0.0,no_match,no_match,comparable_same_publications_unit_period_filter_language,pending
STM-METADATA-EN,BERTopic-METADATA-MULTILINGUAL,metadata,en,4,13,0,0.0,0.0,0.0,not_computed,0.0,0.0,0.0,no_match,no_match,comparable_same_publications_unit_period_filter_language,pending
STM-METADATA-EN,BERTopic-METADATA-MULTILINGUAL,metadata,en,4,1,2,0.009217,0.009217,0.002349,not_computed,0.0,0.0,0.004274,weak_match,weak_match,comparable_same_publications_unit_period_filter_language,pending
STM-METADATA-EN,BERTopic-METADATA-MULTILINGUAL,metadata,en,4,27,0,0.0,0.0,0.0,not_computed,0.0,0.0,0.0,no_match,no_match,comparable_same_publications_unit_period_filter_language,pending
STM-METADATA-EN,BERTopic-METADATA-MULTILINGUAL,metadata,en,4,22,0,0.0,0.0,0.0,not_computed,0.041667,0.0,0.010417,weak_match,weak_match,comparable_same_publications_unit_period_filter_language,pending
STM-METADATA-EN,BERTopic-METADATA-MULTILINGUAL,metadata,en,4,10,0,0.0,0.0,0.0,not_computed,0.0,0.0,0.0,no_match,no_match,comparable_same_publications_unit_period_filter_language,pending
STM-METADATA-EN,BERTopic-METADATA-MULTILINGUAL,metadata,en,4,25,6,0.027907,0.027907,0.010466,not_computed,0.0,0.0,0.013779,weak_match,weak_match,comparable_same_publications_unit_period_filter_language,pending
STM-METADATA-EN,BERTopic-METADATA-MULTILINGUAL,metadata,en,4,26,0,0.0,0.0,0.0,not_computed,0.0,0.0,0.0,no_match,no_match,comparable_same_publications_unit_period_filter_language,pending
STM-METADATA-EN,BERTopic-METADATA-MULTILINGUAL,metadata,en,4,6,1,0.005556,0.005556,0.002406,not_computed,0.0,0.0,0.002824,weak_match,weak_match,comparable_same_publications_unit_period_filter_language,pending
STM-METADATA-EN,BERTopic-METADATA-MULTILINGUAL,metadata,en,4,20,4,0.019417,0.019417,0.006717,not_computed,0.0,0.0,0.009446,weak_match,weak_match,comparable_same_publications_unit_period_filter_language,pending
STM-METADATA-EN,BERTopic-METADATA-MULTILINGUAL,metadata,en,4,11,0,0.0,0.0,0.0,not_computed,0.0,0.0,0.0,no_match,no_match,comparable_same_publications_unit_period_filter_language,pending
STM-METADATA-EN,BERTopic-METADATA-MULTILINGUAL,metadata,en,4,21,0,0.0,0.0,0.0,not_computed,0.0,0.0,0.0,no_match,no_match,comparable_same_publications_unit_period_filter_language,pending
STM-METADATA-EN,BERTopic-METADATA-MULTILINGUAL,metadata,en,4,14,0,0.0,0.0,0.0,not_computed,0.0,0.0,0.0,no_match,no_match,comparable_same_publications_unit_period_filter_language,pending
STM-METADATA-EN,BERTopic-METADATA-MULTILINGUAL,metadata,en,4,23,0,0.0,0.0,0.0,not_computed,0.0,0.0,0.0,no_match,no_match,comparable_same_publications_unit_period_filter_language,pending
STM-METADATA-EN,BERTopic-METADATA-MULTILINGUAL,metadata,en,4,15,1,0.005376,0.005376,0.002437,not_computed,0.0,0.0,0.00276,weak_match,weak_match,comparable_same_publications_unit_period_filter_language,pending
STM-METADATA-EN,BERTopic-METADATA-MULTILINGUAL,metadata,en,4,8,0,0.0,0.0,0.0,not_computed,0.0,0.0,0.0,no_match,no_match,comparable_same_publications_unit_period_filter_language,pending
STM-METADATA-EN,BERTopic-METADATA-MULTILINGUAL,metadata,en,3,12,23,0.078231,0.078231,0.025803,not_computed,0.0,0.0,0.037743,language_specific_match,language_specific_match,comparable_same_publications_unit_period_filter_language,pending
STM-METADATA-EN,BERTopic-METADATA-MULTILINGUAL,metadata,en,3,16,1,0.003663,0.003663,0.000994,not_computed,0.0,0.0,0.001714,weak_match,weak_match,comparable_same_publications_unit_period_filter_language,pending
STM-METADATA-EN,BERTopic-METADATA-MULTILINGUAL,metadata,en,3,-1,93,0.058052,0.058052,0.0,not_computed,0.0,0.0,0.023221,language_specific_match,language_specific_match,comparable_same_publications_unit_period_filter_language,pending
STM-METADATA-EN,BERTopic-METADATA-MULTILINGUAL,metadata,en,3,0,0,0.0,0.0,0.0,not_computed,0.0,0.0,0.0,no_match,no_match,comparable_same_publications_unit_period_filter_language,pending
STM-METADATA-EN,BERTopic-METADATA-MULTILINGUAL,metadata,en,3,2,0,0.0,0.0,0.0,not_computed,0.0,0.0,0.0,no_match,no_match,comparable_same_publications_unit_period_filter_language,pending
STM-METADATA-EN,BERTopic-METADATA-MULTILINGUAL,metadata,en,3,19,3,0.014019,0.014019,0.004252,not_computed,0.0,0.0,0.00667,weak_match,weak_match,comparable_same_publications_unit_period_filter_language,pending
STM-METADATA-EN,BERTopic-METADATA-MULTILINGUAL,metadata,en,3,7,5,0.012987,0.012987,0.003729,not_computed,0.0,0.0,0.006127,weak_match,weak_match,comparable_same_publications_unit_period_filter_language,pending
STM-METADATA-EN,BERTopic-METADATA-MULTILINGUAL,metadata,en,3,18,0,0.0,0.0,0.0,not_computed,0.0,0.0,0.0,no_match,no_match,comparable_same_publications_unit_period_filter_language,pending
STM-METADATA-EN,BERTopic-METADATA-MULTILINGUAL,metadata,en,3,24,0,0.0,0.0,0.0,not_computed,0.0,0.0,0.0,no_match,no_match,comparable_same_publications_unit_period_filter_language,pending
STM-METADATA-EN,BERTopic-METADATA-MULTILINGUAL,metadata,en,3,9,42,0.12766,0.12766,0.053728,not_computed,0.041667,0.0,0.074913,partial_overlap,partial_overlap,comparable_same_publications_unit_period_filter_language,pending
STM-METADATA-EN,BERTopic-METADATA-MULTILINGUAL,metadata,en,3,5,1,0.002874,0.002874,0.000683,not_computed,0.0,0.0,0.00132,weak_match,weak_match,comparable_same_publications_unit_period_filter_language,pending
STM-METADATA-EN,BERTopic-METADATA-MULTILINGUAL,metadata,en,3,4,2,0.007168,0.007168,0.002075,not_computed,0.0,0.0,0.003386,weak_match,weak_match,comparable_same_publications_unit_period_filter_language,pending
STM-METADATA-EN,BERTopic-METADATA-MULTILINGUAL,metadata,en,3,3,0,0.0,0.0,0.0,not_computed,0.0,0.0,0.0,no_match,no_match,comparable_same_publications_unit_period_filter_language,pending
STM-METADATA-EN,BERTopic-METADATA-MULTILINGUAL,metadata,en,3,17,4,0.017391,0.017391,0.005706,not_computed,0.0,0.0,0.008383,weak_match,weak_match,comparable_same_publications_unit_period_filter_language,pending
STM-METADATA-EN,BERTopic-METADATA-MULTILINGUAL,metadata,en,3,13,1,0.004608,0.004608,0.001216,not_computed,0.0,0.0,0.002147,weak_match,weak_match,comparable_same_publications_unit_period_filter_language,pending
STM-METADATA-EN,BERTopic-METADATA-MULTILINGUAL,metadata,en,3,1,0,0.0,0.0,0.0,not_computed,0.0,0.0,0.0,no_match,no_match,comparable_same_publications_unit_period_filter_language,pending
STM-METADATA-EN,BERTopic-METADATA-MULTILINGUAL,metadata,en,3,27,0,0.0,0.0,0.0,not_computed,0.0,0.0,0.0,no_match,no_match,comparable_same_publications_unit_period_filter_language,pending
STM-METADATA-EN,BERTopic-METADATA-MULTILINGUAL,metadata,en,3,22,4,0.018519,0.018519,0.009493,not_computed,0.0,0.0,0.009781,weak_match,weak_match,comparable_same_publications_unit_period_filter_language,pending
STM-METADATA-EN,BERTopic-METADATA-MULTILINGUAL,metadata,en,3,10,2,0.006135,0.006135,0.00221,not_computed,0.0,0.0,0.003007,weak_match,weak_match,comparable_same_publications_unit_period_filter_language,pending
STM-METADATA-EN,BERTopic-METADATA-MULTILINGUAL,metadata,en,3,25,1,0.004098,0.004098,0.001444,not_computed,0.0,0.0,0.002,weak_match,weak_match,comparable_same_publications_unit_period_filter_language,pending
STM-METADATA-EN,BERTopic-METADATA-MULTILINGUAL,metadata,en,3,26,5,0.024272,0.024272,0.011074,not_computed,0.0,0.0,0.012477,weak_match,weak_match,comparable_same_publications_unit_period_filter_language,pending
STM-METADATA-EN,BERTopic-METADATA-MULTILINGUAL,metadata,en,3,6,1,0.004902,0.004902,0.001368,not_computed,0.0,0.0,0.002303,weak_match,weak_match,comparable_same_publications_unit_period_filter_language,pending
STM-METADATA-EN,BERTopic-METADATA-MULTILINGUAL,metadata,en,3,20,2,0.008621,0.008621,0.003139,not_computed,0.0,0.0,0.004233,weak_match,weak_match,comparable_same_publications_unit_period_filter_language,pending
STM-METADATA-EN,BERTopic-METADATA-MULTILINGUAL,metadata,en,3,11,0,0.0,0.0,0.0,not_computed,0.0,0.0,0.0,no_match,no_match,comparable_same_publications_unit_period_filter_language,pending
STM-METADATA-EN,BERTopic-METADATA-MULTILINGUAL,metadata,en,3,21,0,0.0,0.0,0.0,not_computed,0.0,0.0,0.0,no_match,no_match,comparable_same_publications_unit_period_filter_language,pending
STM-METADATA-EN,BERTopic-METADATA-MULTILINGUAL,metadata,en,3,14,0,0.0,0.0,0.0,not_computed,0.0,0.0,0.0,no_match,no_match,comparable_same_publications_unit_period_filter_language,pending
STM-METADATA-EN,BERTopic-METADATA-MULTILINGUAL,metadata,en,3,23,0,0.0,0.0,0.0,not_computed,0.0,0.0,0.0,no_match,no_match,comparable_same_publications_unit_period_filter_language,pending
STM-METADATA-EN,BERTopic-METADATA-MULTILINGUAL,metadata,en,3,15,0,0.0,0.0,0.0,not_computed,0.0,0.0,0.0,no_match,no_match,comparable_same_publications_unit_period_filter_language,pending
STM-METADATA-EN,BERTopic-METADATA-MULTILINGUAL,metadata,en,3,8,0,0.0,0.0,0.0,not_computed,0.0,0.0,0.0,no_match,no_match,comparable_same_publications_unit_period_filter_language,pending
STM-METADATA-EN,BERTopic-METADATA-MULTILINGUAL,metadata,en,8,12,7,0.016129,0.016129,0.00561,not_computed,0.0,0.0,0.007854,weak_match,weak_match,comparable_same_publications_unit_period_filter_language,pending
STM-METADATA-EN,BERTopic-METADATA-MULTILINGUAL,metadata,en,8,16,2,0.005051,0.005051,0.001537,not_computed,0.0,0.0,0.002404,weak_match,weak_match,comparable_same_publications_unit_period_filter_language,pending
STM-METADATA-EN,BERTopic-METADATA-MULTILINGUAL,metadata,en,8,-1,172,0.104432,0.104432,0.0,not_computed,0.0,0.0,0.041773,language_specific_match,language_specific_match,comparable_same_publications_unit_period_filter_language,pending
STM-METADATA-EN,BERTopic-METADATA-MULTILINGUAL,metadata,en,8,0,8,0.015209,0.015209,0.006474,not_computed,0.0,0.0,0.007702,weak_match,weak_match,comparable_same_publications_unit_period_filter_language,pending
STM-METADATA-EN,BERTopic-METADATA-MULTILINGUAL,metadata,en,8,2,48,0.092131,0.092131,0.042161,not_computed,0.0,0.0,0.047393,language_specific_match,language_specific_match,comparable_same_publications_unit_period_filter_language,pending
STM-METADATA-EN,BERTopic-METADATA-MULTILINGUAL,metadata,en,8,19,2,0.0059,0.0059,0.00147,not_computed,0.0,0.0,0.002727,weak_match,weak_match,comparable_same_publications_unit_period_filter_language,pending
STM-METADATA-EN,BERTopic-METADATA-MULTILINGUAL,metadata,en,8,7,1,0.001949,0.001949,0.000526,not_computed,0.0,0.0,0.000911,weak_match,weak_match,comparable_same_publications_unit_period_filter_language,pending
STM-METADATA-EN,BERTopic-METADATA-MULTILINGUAL,metadata,en,8,18,3,0.008671,0.008671,0.00207,not_computed,0.0,0.0,0.003986,weak_match,weak_match,comparable_same_publications_unit_period_filter_language,pending
STM-METADATA-EN,BERTopic-METADATA-MULTILINGUAL,metadata,en,8,24,0,0.0,0.0,0.0,not_computed,0.0,0.0,0.0,no_match,no_match,comparable_same_publications_unit_period_filter_language,pending
STM-METADATA-EN,BERTopic-METADATA-MULTILINGUAL,metadata,en,8,9,5,0.010204,0.010204,0.004393,not_computed,0.0,0.0,0.00518,weak_match,weak_match,comparable_same_publications_unit_period_filter_language,pending
STM-METADATA-EN,BERTopic-METADATA-MULTILINGUAL,metadata,en,8,5,3,0.006383,0.006383,0.002128,not_computed,0.0,0.0,0.003085,weak_match,weak_match,comparable_same_publications_unit_period_filter_language,pending
STM-METADATA-EN,BERTopic-METADATA-MULTILINGUAL,metadata,en,8,4,4,0.009975,0.009975,0.003065,not_computed,0.0,0.0,0.004756,weak_match,weak_match,comparable_same_publications_unit_period_filter_language,pending
STM-METADATA-EN,BERTopic-METADATA-MULTILINGUAL,metadata,en,8,3,3,0.006356,0.006356,0.001906,not_computed,0.0,0.0,0.003019,weak_match,weak_match,comparable_same_publications_unit_period_filter_language,pending
STM-METADATA-EN,BERTopic-METADATA-MULTILINGUAL,metadata,en,8,17,3,0.008451,0.008451,0.003348,not_computed,0.0,0.0,0.004217,weak_match,weak_match,comparable_same_publications_unit_period_filter_language,pending
STM-METADATA-EN,BERTopic-METADATA-MULTILINGUAL,metadata,en,8,13,6,0.017857,0.017857,0.009411,not_computed,0.0,0.0,0.009496,weak_match,weak_match,comparable_same_publications_unit_period_filter_language,pending
STM-METADATA-EN,BERTopic-METADATA-MULTILINGUAL,metadata,en,8,1,8,0.022284,0.022284,0.009022,not_computed,0.0,0.0,0.011169,weak_match,weak_match,comparable_same_publications_unit_period_filter_language,pending
STM-METADATA-EN,BERTopic-METADATA-MULTILINGUAL,metadata,en,8,27,3,0.008403,0.008403,0.002872,not_computed,0.0,0.0,0.004079,weak_match,weak_match,comparable_same_publications_unit_period_filter_language,pending
STM-METADATA-EN,BERTopic-METADATA-MULTILINGUAL,metadata,en,8,22,3,0.008798,0.008798,0.004231,not_computed,0.0,0.0,0.004577,weak_match,weak_match,comparable_same_publications_unit_period_filter_language,pending
STM-METADATA-EN,BERTopic-METADATA-MULTILINGUAL,metadata,en,8,10,10,0.022624,0.022624,0.008737,not_computed,0.0,0.0,0.011234,weak_match,weak_match,comparable_same_publications_unit_period_filter_language,pending
STM-METADATA-EN,BERTopic-METADATA-MULTILINGUAL,metadata,en,8,25,8,0.022161,0.022161,0.009141,not_computed,0.0,0.0,0.01115,weak_match,weak_match,comparable_same_publications_unit_period_filter_language,pending
STM-METADATA-EN,BERTopic-METADATA-MULTILINGUAL,metadata,en,8,26,2,0.006006,0.006006,0.002536,not_computed,0.0,0.0,0.003036,weak_match,weak_match,comparable_same_publications_unit_period_filter_language,pending
STM-METADATA-EN,BERTopic-METADATA-MULTILINGUAL,metadata,en,8,6,0,0.0,0.0,0.0,not_computed,0.0,0.0,0.0,no_match,no_match,comparable_same_publications_unit_period_filter_language,pending
STM-METADATA-EN,BERTopic-METADATA-MULTILINGUAL,metadata,en,8,20,4,0.011299,0.011299,0.00339,not_computed,0.0,0.0,0.005367,weak_match,weak_match,comparable_same_publications_unit_period_filter_language,pending
STM-METADATA-EN,BERTopic-METADATA-MULTILINGUAL,metadata,en,8,11,1,0.002924,0.002924,0.00173,not_computed,0.0,0.0,0.001602,weak_match,weak_match,comparable_same_publications_unit_period_filter_language,pending
STM-METADATA-EN,BERTopic-METADATA-MULTILINGUAL,metadata,en,8,21,0,0.0,0.0,0.0,not_computed,0.0,0.0,0.0,no_match,no_match,comparable_same_publications_unit_period_filter_language,pending
STM-METADATA-EN,BERTopic-METADATA-MULTILINGUAL,metadata,en,8,14,1,0.003096,0.003096,0.00115,not_computed,0.0,0.0,0.001526,weak_match,weak_match,comparable_same_publications_unit_period_filter_language,pending
STM-METADATA-EN,BERTopic-METADATA-MULTILINGUAL,metadata,en,8,23,5,0.015152,0.015152,0.006744,not_computed,0.0,0.0,0.007747,weak_match,weak_match,comparable_same_publications_unit_period_filter_language,pending
STM-METADATA-EN,BERTopic-METADATA-MULTILINGUAL,metadata,en,8,15,2,0.006006,0.006006,0.001785,not_computed,0.0,0.0,0.002849,weak_match,weak_match,comparable_same_publications_unit_period_filter_language,pending
STM-METADATA-EN,BERTopic-METADATA-MULTILINGUAL,metadata,en,8,8,0,0.0,0.0,0.0,not_computed,0.0,0.0,0.0,no_match,no_match,comparable_same_publications_unit_period_filter_language,pending
STM-METADATA-EN,BERTopic-METADATA-MULTILINGUAL,metadata,en,16,12,4,0.011461,0.011461,0.005296,not_computed,0.0,0.0,0.005909,weak_match,weak_match,comparable_same_publications_unit_period_filter_language,pending
STM-METADATA-EN,BERTopic-METADATA-MULTILINGUAL,metadata,en,16,16,2,0.006494,0.006494,0.002107,not_computed,0.0,0.0,0.003124,weak_match,weak_match,comparable_same_publications_unit_period_filter_language,pending
STM-METADATA-EN,BERTopic-METADATA-MULTILINGUAL,metadata,en,16,-1,112,0.069179,0.069179,0.0,not_computed,0.0,0.0,0.027671,language_specific_match,language_specific_match,comparable_same_publications_unit_period_filter_language,pending
STM-METADATA-EN,BERTopic-METADATA-MULTILINGUAL,metadata,en,16,0,12,0.02765,0.02765,0.007511,not_computed,0.0,0.0,0.012938,weak_match,weak_match,comparable_same_publications_unit_period_filter_language,pending
STM-METADATA-EN,BERTopic-METADATA-MULTILINGUAL,metadata,en,16,2,8,0.016913,0.016913,0.00532,not_computed,0.0,0.0,0.008095,weak_match,weak_match,comparable_same_publications_unit_period_filter_language,pending
STM-METADATA-EN,BERTopic-METADATA-MULTILINGUAL,metadata,en,16,19,2,0.007968,0.007968,0.002693,not_computed,0.0,0.0,0.00386,weak_match,weak_match,comparable_same_publications_unit_period_filter_language,pending
STM-METADATA-EN,BERTopic-METADATA-MULTILINGUAL,metadata,en,16,7,7,0.016706,0.016706,0.006192,not_computed,0.0,0.0,0.008231,weak_match,weak_match,comparable_same_publications_unit_period_filter_language,pending
STM-METADATA-EN,BERTopic-METADATA-MULTILINGUAL,metadata,en,16,18,0,0.0,0.0,0.0,not_computed,0.0,0.0,0.0,no_match,no_match,comparable_same_publications_unit_period_filter_language,pending
STM-METADATA-EN,BERTopic-METADATA-MULTILINGUAL,metadata,en,16,24,0,0.0,0.0,0.0,not_computed,0.0,0.0,0.0,no_match,no_match,comparable_same_publications_unit_period_filter_language,pending
STM-METADATA-EN,BERTopic-METADATA-MULTILINGUAL,metadata,en,16,9,38,0.102981,0.102981,0.048118,not_computed,0.136364,0.0,0.087313,STM_split_by_BERTopic,STM_split_by_BERTopic,comparable_same_publications_unit_period_filter_language,pending
STM-METADATA-EN,BERTopic-METADATA-MULTILINGUAL,metadata,en,16,5,4,0.010499,0.010499,0.003154,not_computed,0.0,0.0,0.004988,weak_match,weak_match,comparable_same_publications_unit_period_filter_language,pending
STM-METADATA-EN,BERTopic-METADATA-MULTILINGUAL,metadata,en,16,4,1,0.003165,0.003165,0.000882,not_computed,0.0,0.0,0.001486,weak_match,weak_match,comparable_same_publications_unit_period_filter_language,pending
STM-METADATA-EN,BERTopic-METADATA-MULTILINGUAL,metadata,en,16,3,8,0.021108,0.021108,0.006494,not_computed,0.0,0.0,0.010067,weak_match,weak_match,comparable_same_publications_unit_period_filter_language,pending
STM-METADATA-EN,BERTopic-METADATA-MULTILINGUAL,metadata,en,16,17,4,0.015038,0.015038,0.00344,not_computed,0.0,0.0,0.006875,weak_match,weak_match,comparable_same_publications_unit_period_filter_language,pending
STM-METADATA-EN,BERTopic-METADATA-MULTILINGUAL,metadata,en,16,13,0,0.0,0.0,0.0,not_computed,0.0,0.0,0.0,no_match,no_match,comparable_same_publications_unit_period_filter_language,pending
STM-METADATA-EN,BERTopic-METADATA-MULTILINGUAL,metadata,en,16,1,0,0.0,0.0,0.0,not_computed,0.0,0.0,0.0,no_match,no_match,comparable_same_publications_unit_period_filter_language,pending
STM-METADATA-EN,BERTopic-METADATA-MULTILINGUAL,metadata,en,16,27,0,0.0,0.0,0.0,not_computed,0.0,0.0,0.0,no_match,no_match,comparable_same_publications_unit_period_filter_language,pending
STM-METADATA-EN,BERTopic-METADATA-MULTILINGUAL,metadata,en,16,22,7,0.028112,0.028112,0.012322,not_computed,0.0,0.0,0.014325,weak_match,weak_match,comparable_same_publications_unit_period_filter_language,pending
STM-METADATA-EN,BERTopic-METADATA-MULTILINGUAL,metadata,en,16,10,4,0.011111,0.011111,0.003999,not_computed,0.0,0.0,0.005444,weak_match,weak_match,comparable_same_publications_unit_period_filter_language,pending
STM-METADATA-EN,BERTopic-METADATA-MULTILINGUAL,metadata,en,16,25,8,0.029304,0.029304,0.012984,not_computed,0.0,0.0,0.014968,weak_match,weak_match,comparable_same_publications_unit_period_filter_language,pending
STM-METADATA-EN,BERTopic-METADATA-MULTILINGUAL,metadata,en,16,26,1,0.004065,0.004065,0.001029,not_computed,0.0,0.0,0.001883,weak_match,weak_match,comparable_same_publications_unit_period_filter_language,pending
STM-METADATA-EN,BERTopic-METADATA-MULTILINGUAL,metadata,en,16,6,1,0.004167,0.004167,0.001466,not_computed,0.0,0.0,0.002033,weak_match,weak_match,comparable_same_publications_unit_period_filter_language,pending
STM-METADATA-EN,BERTopic-METADATA-MULTILINGUAL,metadata,en,16,20,1,0.003717,0.003717,0.000906,not_computed,0.0,0.0,0.001714,weak_match,weak_match,comparable_same_publications_unit_period_filter_language,pending
STM-METADATA-EN,BERTopic-METADATA-MULTILINGUAL,metadata,en,16,11,1,0.003937,0.003937,0.00078,not_computed,0.0,0.0,0.00177,weak_match,weak_match,comparable_same_publications_unit_period_filter_language,pending
STM-METADATA-EN,BERTopic-METADATA-MULTILINGUAL,metadata,en,16,21,0,0.0,0.0,0.0,not_computed,0.0,0.0,0.0,no_match,no_match,comparable_same_publications_unit_period_filter_language,pending
STM-METADATA-EN,BERTopic-METADATA-MULTILINGUAL,metadata,en,16,14,0,0.0,0.0,0.0,not_computed,0.0,0.0,0.0,no_match,no_match,comparable_same_publications_unit_period_filter_language,pending
STM-METADATA-EN,BERTopic-METADATA-MULTILINGUAL,metadata,en,16,23,0,0.0,0.0,0.0,not_computed,0.0,0.0,0.0,no_match,no_match,comparable_same_publications_unit_period_filter_language,pending
STM-METADATA-EN,BERTopic-METADATA-MULTILINGUAL,metadata,en,16,15,1,0.004065,0.004065,0.000959,not_computed,0.0,0.0,0.001866,weak_match,weak_match,comparable_same_publications_unit_period_filter_language,pending
STM-METADATA-EN,BERTopic-METADATA-MULTILINGUAL,metadata,en,16,8,0,0.0,0.0,0.0,not_computed,0.0,0.0,0.0,no_match,no_match,comparable_same_publications_unit_period_filter_language,pending
STM-METADATA-EN,BERTopic-METADATA-MULTILINGUAL,metadata,en,15,12,1,0.0025,0.0025,0.000897,not_computed,0.0,0.0,0.001224,weak_match,weak_match,comparable_same_publications_unit_period_filter_language,pending
STM-METADATA-EN,BERTopic-METADATA-MULTILINGUAL,metadata,en,15,16,3,0.008451,0.008451,0.005132,not_computed,0.0,0.0,0.004663,weak_match,weak_match,comparable_same_publications_unit_period_filter_language,pending
STM-METADATA-EN,BERTopic-METADATA-MULTILINGUAL,metadata,en,15,-1,100,0.059559,0.059559,0.0,not_computed,0.0,0.0,0.023824,language_specific_match,language_specific_match,comparable_same_publications_unit_period_filter_language,pending
STM-METADATA-EN,BERTopic-METADATA-MULTILINGUAL,metadata,en,15,0,19,0.04,0.04,0.017545,not_computed,0.0,0.0,0.020386,language_specific_match,language_specific_match,comparable_same_publications_unit_period_filter_language,pending
STM-METADATA-EN,BERTopic-METADATA-MULTILINGUAL,metadata,en,15,2,1,0.001894,0.001894,0.000403,not_computed,0.0,0.0,0.000858,weak_match,weak_match,comparable_same_publications_unit_period_filter_language,pending
STM-METADATA-EN,BERTopic-METADATA-MULTILINGUAL,metadata,en,15,19,0,0.0,0.0,0.0,not_computed,0.0,0.0,0.0,no_match,no_match,comparable_same_publications_unit_period_filter_language,pending
STM-METADATA-EN,BERTopic-METADATA-MULTILINGUAL,metadata,en,15,7,3,0.006369,0.006369,0.003635,not_computed,0.0,0.0,0.003457,weak_match,weak_match,comparable_same_publications_unit_period_filter_language,pending
STM-METADATA-EN,BERTopic-METADATA-MULTILINGUAL,metadata,en,15,18,7,0.023179,0.023179,0.011639,not_computed,0.0,0.0,0.012181,weak_match,weak_match,comparable_same_publications_unit_period_filter_language,pending
STM-METADATA-EN,BERTopic-METADATA-MULTILINGUAL,metadata,en,15,24,51,0.179577,0.179577,0.122704,not_computed,0.190476,0.0,0.150126,one_to_one,one_to_one,comparable_same_publications_unit_period_filter_language,pending
STM-METADATA-EN,BERTopic-METADATA-MULTILINGUAL,metadata,en,15,9,12,0.027088,0.027088,0.011865,not_computed,0.0,0.0,0.013801,weak_match,weak_match,comparable_same_publications_unit_period_filter_language,pending
STM-METADATA-EN,BERTopic-METADATA-MULTILINGUAL,metadata,en,15,5,43,0.110256,0.110256,0.057953,not_computed,0.041667,0.0,0.069008,partial_overlap,partial_overlap,comparable_same_publications_unit_period_filter_language,pending
STM-METADATA-EN,BERTopic-METADATA-MULTILINGUAL,metadata,en,15,4,6,0.016713,0.016713,0.008451,not_computed,0.0,0.0,0.008798,weak_match,weak_match,comparable_same_publications_unit_period_filter_language,pending
STM-METADATA-EN,BERTopic-METADATA-MULTILINGUAL,metadata,en,15,3,4,0.009281,0.009281,0.003818,not_computed,0.0,0.0,0.004667,weak_match,weak_match,comparable_same_publications_unit_period_filter_language,pending
STM-METADATA-EN,BERTopic-METADATA-MULTILINGUAL,metadata,en,15,17,7,0.022508,0.022508,0.011851,not_computed,0.0,0.0,0.011966,weak_match,weak_match,comparable_same_publications_unit_period_filter_language,pending
STM-METADATA-EN,BERTopic-METADATA-MULTILINGUAL,metadata,en,15,13,1,0.003322,0.003322,0.00094,not_computed,0.0,0.0,0.001564,weak_match,weak_match,comparable_same_publications_unit_period_filter_language,pending
STM-METADATA-EN,BERTopic-METADATA-MULTILINGUAL,metadata,en,15,1,1,0.003067,0.003067,0.001049,not_computed,0.0,0.0,0.001489,weak_match,weak_match,comparable_same_publications_unit_period_filter_language,pending
STM-METADATA-EN,BERTopic-METADATA-MULTILINGUAL,metadata,en,15,27,0,0.0,0.0,0.0,not_computed,0.0,0.0,0.0,no_match,no_match,comparable_same_publications_unit_period_filter_language,pending
STM-METADATA-EN,BERTopic-METADATA-MULTILINGUAL,metadata,en,15,22,0,0.0,0.0,0.0,not_computed,0.0,0.0,0.0,no_match,no_match,comparable_same_publications_unit_period_filter_language,pending
STM-METADATA-EN,BERTopic-METADATA-MULTILINGUAL,metadata,en,15,10,3,0.007335,0.007335,0.003624,not_computed,0.0,0.0,0.00384,weak_match,weak_match,comparable_same_publications_unit_period_filter_language,pending
STM-METADATA-EN,BERTopic-METADATA-MULTILINGUAL,metadata,en,15,25,4,0.012308,0.012308,0.003492,not_computed,0.041667,0.0,0.016213,weak_match,weak_match,comparable_same_publications_unit_period_filter_language,pending
STM-METADATA-EN,BERTopic-METADATA-MULTILINGUAL,metadata,en,15,26,3,0.010274,0.010274,0.009114,not_computed,0.0,0.0,0.006388,weak_match,weak_match,comparable_same_publications_unit_period_filter_language,pending
STM-METADATA-EN,BERTopic-METADATA-MULTILINGUAL,metadata,en,15,6,0,0.0,0.0,0.0,not_computed,0.0,0.0,0.0,no_match,no_match,comparable_same_publications_unit_period_filter_language,pending
STM-METADATA-EN,BERTopic-METADATA-MULTILINGUAL,metadata,en,15,20,0,0.0,0.0,0.0,not_computed,0.0,0.0,0.0,no_match,no_match,comparable_same_publications_unit_period_filter_language,pending
STM-METADATA-EN,BERTopic-METADATA-MULTILINGUAL,metadata,en,15,11,0,0.0,0.0,0.0,not_computed,0.0,0.0,0.0,no_match,no_match,comparable_same_publications_unit_period_filter_language,pending
STM-METADATA-EN,BERTopic-METADATA-MULTILINGUAL,metadata,en,15,21,2,0.006757,0.006757,0.003829,not_computed,0.0,0.0,0.00366,weak_match,weak_match,comparable_same_publications_unit_period_filter_language,pending
STM-METADATA-EN,BERTopic-METADATA-MULTILINGUAL,metadata,en,15,14,0,0.0,0.0,0.0,not_computed,0.0,0.0,0.0,no_match,no_match,comparable_same_publications_unit_period_filter_language,pending
STM-METADATA-EN,BERTopic-METADATA-MULTILINGUAL,metadata,en,15,23,2,0.006826,0.006826,0.001965,not_computed,0.0,0.0,0.003222,weak_match,weak_match,comparable_same_publications_unit_period_filter_language,pending
STM-METADATA-EN,BERTopic-METADATA-MULTILINGUAL,metadata,en,15,15,1,0.003401,0.003401,0.001653,not_computed,0.0,0.0,0.001774,weak_match,weak_match,comparable_same_publications_unit_period_filter_language,pending
STM-METADATA-EN,BERTopic-METADATA-MULTILINGUAL,metadata,en,15,8,0,0.0,0.0,0.0,not_computed,0.0,0.0,0.0,no_match,no_match,comparable_same_publications_unit_period_filter_language,pending
STM-METADATA-EN,BERTopic-METADATA-MULTILINGUAL,metadata,en,7,12,0,0.0,0.0,0.0,not_computed,0.0,0.0,0.0,no_match,no_match,comparable_same_publications_unit_period_filter_language,pending
STM-METADATA-EN,BERTopic-METADATA-MULTILINGUAL,metadata,en,7,16,0,0.0,0.0,0.0,not_computed,0.0,0.0,0.0,no_match,no_match,comparable_same_publications_unit_period_filter_language,pending
STM-METADATA-EN,BERTopic-METADATA-MULTILINGUAL,metadata,en,7,-1,86,0.052567,0.052567,0.0,not_computed,0.0,0.0,0.021027,language_specific_match,language_specific_match,comparable_same_publications_unit_period_filter_language,pending
STM-METADATA-EN,BERTopic-METADATA-MULTILINGUAL,metadata,en,7,0,13,0.03066,0.03066,0.013436,not_computed,0.0,0.0,0.015623,weak_match,weak_match,comparable_same_publications_unit_period_filter_language,pending
STM-METADATA-EN,BERTopic-METADATA-MULTILINGUAL,metadata,en,7,2,2,0.004255,0.004255,0.001338,not_computed,0.0,0.0,0.002037,weak_match,weak_match,comparable_same_publications_unit_period_filter_language,pending
STM-METADATA-EN,BERTopic-METADATA-MULTILINGUAL,metadata,en,7,19,0,0.0,0.0,0.0,not_computed,0.0,0.0,0.0,no_match,no_match,comparable_same_publications_unit_period_filter_language,pending
STM-METADATA-EN,BERTopic-METADATA-MULTILINGUAL,metadata,en,7,7,31,0.080311,0.080311,0.029891,not_computed,0.0,0.0,0.039597,language_specific_match,language_specific_match,comparable_same_publications_unit_period_filter_language,pending
STM-METADATA-EN,BERTopic-METADATA-MULTILINGUAL,metadata,en,7,18,4,0.016129,0.016129,0.010503,not_computed,0.0,0.0,0.009077,weak_match,weak_match,comparable_same_publications_unit_period_filter_language,pending
STM-METADATA-EN,BERTopic-METADATA-MULTILINGUAL,metadata,en,7,24,0,0.0,0.0,0.0,not_computed,0.0,0.0,0.0,no_match,no_match,comparable_same_publications_unit_period_filter_language,pending
STM-METADATA-EN,BERTopic-METADATA-MULTILINGUAL,metadata,en,7,9,4,0.010152,0.010152,0.003997,not_computed,0.0,0.0,0.00506,weak_match,weak_match,comparable_same_publications_unit_period_filter_language,pending
STM-METADATA-EN,BERTopic-METADATA-MULTILINGUAL,metadata,en,7,5,25,0.071225,0.071225,0.036637,not_computed,0.0,0.0,0.037649,language_specific_match,language_specific_match,comparable_same_publications_unit_period_filter_language,pending
STM-METADATA-EN,BERTopic-METADATA-MULTILINGUAL,metadata,en,7,4,9,0.0301,0.0301,0.012934,not_computed,0.0,0.0,0.015274,weak_match,weak_match,comparable_same_publications_unit_period_filter_language,pending
STM-METADATA-EN,BERTopic-METADATA-MULTILINGUAL,metadata,en,7,3,3,0.008,0.008,0.003666,not_computed,0.0,0.0,0.004117,weak_match,weak_match,comparable_same_publications_unit_period_filter_language,pending
STM-METADATA-EN,BERTopic-METADATA-MULTILINGUAL,metadata,en,7,17,2,0.007722,0.007722,0.00426,not_computed,0.0,0.0,0.004154,weak_match,weak_match,comparable_same_publications_unit_period_filter_language,pending
STM-METADATA-EN,BERTopic-METADATA-MULTILINGUAL,metadata,en,7,13,1,0.004098,0.004098,0.001178,not_computed,0.0,0.0,0.001934,weak_match,weak_match,comparable_same_publications_unit_period_filter_language,pending
STM-METADATA-EN,BERTopic-METADATA-MULTILINGUAL,metadata,en,7,1,3,0.011236,0.011236,0.004014,not_computed,0.0,0.0,0.005498,weak_match,weak_match,comparable_same_publications_unit_period_filter_language,pending
STM-METADATA-EN,BERTopic-METADATA-MULTILINGUAL,metadata,en,7,27,0,0.0,0.0,0.0,not_computed,0.0,0.0,0.0,no_match,no_match,comparable_same_publications_unit_period_filter_language,pending
STM-METADATA-EN,BERTopic-METADATA-MULTILINGUAL,metadata,en,7,22,0,0.0,0.0,0.0,not_computed,0.0,0.0,0.0,no_match,no_match,comparable_same_publications_unit_period_filter_language,pending
STM-METADATA-EN,BERTopic-METADATA-MULTILINGUAL,metadata,en,7,10,7,0.020115,0.020115,0.007488,not_computed,0.0,0.0,0.009918,weak_match,weak_match,comparable_same_publications_unit_period_filter_language,pending
STM-METADATA-EN,BERTopic-METADATA-MULTILINGUAL,metadata,en,7,25,5,0.018727,0.018727,0.007065,not_computed,0.0,0.0,0.009257,weak_match,weak_match,comparable_same_publications_unit_period_filter_language,pending
STM-METADATA-EN,BERTopic-METADATA-MULTILINGUAL,metadata,en,7,26,0,0.0,0.0,0.0,not_computed,0.0,0.0,0.0,no_match,no_match,comparable_same_publications_unit_period_filter_language,pending
STM-METADATA-EN,BERTopic-METADATA-MULTILINGUAL,metadata,en,7,6,2,0.008696,0.008696,0.004509,not_computed,0.0,0.0,0.004605,weak_match,weak_match,comparable_same_publications_unit_period_filter_language,pending
STM-METADATA-EN,BERTopic-METADATA-MULTILINGUAL,metadata,en,7,20,3,0.011628,0.011628,0.006736,not_computed,0.0,0.0,0.006335,weak_match,weak_match,comparable_same_publications_unit_period_filter_language,pending
STM-METADATA-EN,BERTopic-METADATA-MULTILINGUAL,metadata,en,7,11,4,0.016529,0.016529,0.011065,not_computed,0.0,0.0,0.009378,weak_match,weak_match,comparable_same_publications_unit_period_filter_language,pending
STM-METADATA-EN,BERTopic-METADATA-MULTILINGUAL,metadata,en,7,21,5,0.021186,0.021186,0.00872,not_computed,0.0,0.0,0.010655,weak_match,weak_match,comparable_same_publications_unit_period_filter_language,pending
STM-METADATA-EN,BERTopic-METADATA-MULTILINGUAL,metadata,en,7,14,0,0.0,0.0,0.0,not_computed,0.0,0.0,0.0,no_match,no_match,comparable_same_publications_unit_period_filter_language,pending
STM-METADATA-EN,BERTopic-METADATA-MULTILINGUAL,metadata,en,7,23,0,0.0,0.0,0.0,not_computed,0.0,0.0,0.0,no_match,no_match,comparable_same_publications_unit_period_filter_language,pending
STM-METADATA-EN,BERTopic-METADATA-MULTILINGUAL,metadata,en,7,15,3,0.012766,0.012766,0.007697,not_computed,0.0,0.0,0.007031,weak_match,weak_match,comparable_same_publications_unit_period_filter_language,pending
STM-METADATA-EN,BERTopic-METADATA-MULTILINGUAL,metadata,en,7,8,5,0.022831,0.022831,0.009476,not_computed,0.0,0.0,0.011501,weak_match,weak_match,comparable_same_publications_unit_period_filter_language,pending
STM-METADATA-EN,BERTopic-METADATA-MULTILINGUAL,metadata,en,5,12,3,0.009009,0.009009,0.002551,not_computed,0.0,0.0,0.004241,weak_match,weak_match,comparable_same_publications_unit_period_filter_language,pending
STM-METADATA-EN,BERTopic-METADATA-MULTILINGUAL,metadata,en,5,16,0,0.0,0.0,0.0,not_computed,0.0,0.0,0.0,no_match,no_match,comparable_same_publications_unit_period_filter_language,pending
STM-METADATA-EN,BERTopic-METADATA-MULTILINGUAL,metadata,en,5,-1,65,0.039418,0.039418,0.0,not_computed,0.0,0.0,0.015767,weak_match,weak_match,comparable_same_publications_unit_period_filter_language,pending
STM-METADATA-EN,BERTopic-METADATA-MULTILINGUAL,metadata,en,5,0,8,0.019002,0.019002,0.006744,not_computed,0.0,0.0,0.009287,weak_match,weak_match,comparable_same_publications_unit_period_filter_language,pending
STM-METADATA-EN,BERTopic-METADATA-MULTILINGUAL,metadata,en,5,2,1,0.00216,0.00216,0.000793,not_computed,0.0,0.0,0.001062,weak_match,weak_match,comparable_same_publications_unit_period_filter_language,pending
STM-METADATA-EN,BERTopic-METADATA-MULTILINGUAL,metadata,en,5,19,0,0.0,0.0,0.0,not_computed,0.0,0.0,0.0,no_match,no_match,comparable_same_publications_unit_period_filter_language,pending
STM-METADATA-EN,BERTopic-METADATA-MULTILINGUAL,metadata,en,5,7,0,0.0,0.0,0.0,not_computed,0.0,0.0,0.0,no_match,no_match,comparable_same_publications_unit_period_filter_language,pending
STM-METADATA-EN,BERTopic-METADATA-MULTILINGUAL,metadata,en,5,18,0,0.0,0.0,0.0,not_computed,0.0,0.0,0.0,no_match,no_match,comparable_same_publications_unit_period_filter_language,pending
STM-METADATA-EN,BERTopic-METADATA-MULTILINGUAL,metadata,en,5,24,1,0.003717,0.003717,0.001636,not_computed,0.0,0.0,0.001896,weak_match,weak_match,comparable_same_publications_unit_period_filter_language,pending
STM-METADATA-EN,BERTopic-METADATA-MULTILINGUAL,metadata,en,5,9,6,0.015625,0.015625,0.004535,not_computed,0.0,0.0,0.007384,weak_match,weak_match,comparable_same_publications_unit_period_filter_language,pending
STM-METADATA-EN,BERTopic-METADATA-MULTILINGUAL,metadata,en,5,5,6,0.016575,0.016575,0.006933,not_computed,0.0,0.0,0.008363,weak_match,weak_match,comparable_same_publications_unit_period_filter_language,pending
STM-METADATA-EN,BERTopic-METADATA-MULTILINGUAL,metadata,en,5,4,1,0.003344,0.003344,0.001095,not_computed,0.0,0.0,0.001612,weak_match,weak_match,comparable_same_publications_unit_period_filter_language,pending
STM-METADATA-EN,BERTopic-METADATA-MULTILINGUAL,metadata,en,5,3,106,0.401515,0.401515,0.1765,not_computed,0.190476,0.0,0.25235,one_to_one,one_to_one,comparable_same_publications_unit_period_filter_language,pending
STM-METADATA-EN,BERTopic-METADATA-MULTILINGUAL,metadata,en,5,17,1,0.003968,0.003968,0.00095,not_computed,0.0,0.0,0.001825,weak_match,weak_match,comparable_same_publications_unit_period_filter_language,pending
STM-METADATA-EN,BERTopic-METADATA-MULTILINGUAL,metadata,en,5,13,2,0.008511,0.008511,0.00315,not_computed,0.0,0.0,0.004192,weak_match,weak_match,comparable_same_publications_unit_period_filter_language,pending
STM-METADATA-EN,BERTopic-METADATA-MULTILINGUAL,metadata,en,5,1,1,0.003831,0.003831,0.001089,not_computed,0.0,0.0,0.001805,weak_match,weak_match,comparable_same_publications_unit_period_filter_language,pending
STM-METADATA-EN,BERTopic-METADATA-MULTILINGUAL,metadata,en,5,27,1,0.003937,0.003937,0.001171,not_computed,0.0,0.0,0.001867,weak_match,weak_match,comparable_same_publications_unit_period_filter_language,pending
STM-METADATA-EN,BERTopic-METADATA-MULTILINGUAL,metadata,en,5,22,0,0.0,0.0,0.0,not_computed,0.0,0.0,0.0,no_match,no_match,comparable_same_publications_unit_period_filter_language,pending
STM-METADATA-EN,BERTopic-METADATA-MULTILINGUAL,metadata,en,5,10,3,0.008721,0.008721,0.002617,not_computed,0.0,0.0,0.004143,weak_match,weak_match,comparable_same_publications_unit_period_filter_language,pending
STM-METADATA-EN,BERTopic-METADATA-MULTILINGUAL,metadata,en,5,25,0,0.0,0.0,0.0,not_computed,0.0,0.0,0.0,no_match,no_match,comparable_same_publications_unit_period_filter_language,pending
STM-METADATA-EN,BERTopic-METADATA-MULTILINGUAL,metadata,en,5,26,0,0.0,0.0,0.0,not_computed,0.0,0.0,0.0,no_match,no_match,comparable_same_publications_unit_period_filter_language,pending
STM-METADATA-EN,BERTopic-METADATA-MULTILINGUAL,metadata,en,5,6,0,0.0,0.0,0.0,not_computed,0.0,0.0,0.0,no_match,no_match,comparable_same_publications_unit_period_filter_language,pending
STM-METADATA-EN,BERTopic-METADATA-MULTILINGUAL,metadata,en,5,20,1,0.003968,0.003968,0.001359,not_computed,0.0,0.0,0.001927,weak_match,weak_match,comparable_same_publications_unit_period_filter_language,pending
STM-METADATA-EN,BERTopic-METADATA-MULTILINGUAL,metadata,en,5,11,0,0.0,0.0,0.0,not_computed,0.0,0.0,0.0,no_match,no_match,comparable_same_publications_unit_period_filter_language,pending
STM-METADATA-EN,BERTopic-METADATA-MULTILINGUAL,metadata,en,5,21,2,0.008658,0.008658,0.003312,not_computed,0.0,0.0,0.004291,weak_match,weak_match,comparable_same_publications_unit_period_filter_language,pending
STM-METADATA-EN,BERTopic-METADATA-MULTILINGUAL,metadata,en,5,14,0,0.0,0.0,0.0,not_computed,0.0,0.0,0.0,no_match,no_match,comparable_same_publications_unit_period_filter_language,pending
STM-METADATA-EN,BERTopic-METADATA-MULTILINGUAL,metadata,en,5,23,0,0.0,0.0,0.0,not_computed,0.0,0.0,0.0,no_match,no_match,comparable_same_publications_unit_period_filter_language,pending
STM-METADATA-EN,BERTopic-METADATA-MULTILINGUAL,metadata,en,5,15,1,0.004367,0.004367,0.001219,not_computed,0.0,0.0,0.002052,weak_match,weak_match,comparable_same_publications_unit_period_filter_language,pending
STM-METADATA-EN,BERTopic-METADATA-MULTILINGUAL,metadata,en,5,8,0,0.0,0.0,0.0,not_computed,0.0,0.0,0.0,no_match,no_match,comparable_same_publications_unit_period_filter_language,pending
STM-METADATA-EN,BERTopic-METADATA-MULTILINGUAL,metadata,en,11,12,17,0.055195,0.055195,0.015988,not_computed,0.0,0.0,0.026075,language_specific_match,language_specific_match,comparable_same_publications_unit_period_filter_language,pending
STM-METADATA-EN,BERTopic-METADATA-MULTILINGUAL,metadata,en,11,16,4,0.014388,0.014388,0.00521,not_computed,0.0,0.0,0.007058,weak_match,weak_match,comparable_same_publications_unit_period_filter_language,pending
STM-METADATA-EN,BERTopic-METADATA-MULTILINGUAL,metadata,en,11,-1,74,0.045427,0.045427,0.0,not_computed,0.0,0.0,0.018171,weak_match,weak_match,comparable_same_publications_unit_period_filter_language,pending
STM-METADATA-EN,BERTopic-METADATA-MULTILINGUAL,metadata,en,11,0,2,0.004808,0.004808,0.001767,not_computed,0.0,0.0,0.002365,weak_match,weak_match,comparable_same_publications_unit_period_filter_language,pending
STM-METADATA-EN,BERTopic-METADATA-MULTILINGUAL,metadata,en,11,2,82,0.221024,0.221024,0.094525,not_computed,0.086957,0.0,0.13378,STM_split_by_BERTopic,STM_split_by_BERTopic,comparable_same_publications_unit_period_filter_language,pending
STM-METADATA-EN,BERTopic-METADATA-MULTILINGUAL,metadata,en,11,19,3,0.013514,0.013514,0.005559,not_computed,0.0,0.0,0.006795,weak_match,weak_match,comparable_same_publications_unit_period_filter_language,pending
STM-METADATA-EN,BERTopic-METADATA-MULTILINGUAL,metadata,en,11,7,0,0.0,0.0,0.0,not_computed,0.0,0.0,0.0,no_match,no_match,comparable_same_publications_unit_period_filter_language,pending
STM-METADATA-EN,BERTopic-METADATA-MULTILINGUAL,metadata,en,11,18,0,0.0,0.0,0.0,not_computed,0.0,0.0,0.0,no_match,no_match,comparable_same_publications_unit_period_filter_language,pending
STM-METADATA-EN,BERTopic-METADATA-MULTILINGUAL,metadata,en,11,24,0,0.0,0.0,0.0,not_computed,0.0,0.0,0.0,no_match,no_match,comparable_same_publications_unit_period_filter_language,pending
STM-METADATA-EN,BERTopic-METADATA-MULTILINGUAL,metadata,en,11,9,0,0.0,0.0,0.0,not_computed,0.0,0.0,0.0,no_match,no_match,comparable_same_publications_unit_period_filter_language,pending
STM-METADATA-EN,BERTopic-METADATA-MULTILINGUAL,metadata,en,11,5,0,0.0,0.0,0.0,not_computed,0.0,0.0,0.0,no_match,no_match,comparable_same_publications_unit_period_filter_language,pending
STM-METADATA-EN,BERTopic-METADATA-MULTILINGUAL,metadata,en,11,4,3,0.01049,0.01049,0.003698,not_computed,0.0,0.0,0.00512,weak_match,weak_match,comparable_same_publications_unit_period_filter_language,pending
STM-METADATA-EN,BERTopic-METADATA-MULTILINGUAL,metadata,en,11,3,0,0.0,0.0,0.0,not_computed,0.0,0.0,0.0,no_match,no_match,comparable_same_publications_unit_period_filter_language,pending
STM-METADATA-EN,BERTopic-METADATA-MULTILINGUAL,metadata,en,11,17,2,0.008333,0.008333,0.002372,not_computed,0.0,0.0,0.003926,weak_match,weak_match,comparable_same_publications_unit_period_filter_language,pending
STM-METADATA-EN,BERTopic-METADATA-MULTILINGUAL,metadata,en,11,13,2,0.008929,0.008929,0.003882,not_computed,0.0,0.0,0.004542,weak_match,weak_match,comparable_same_publications_unit_period_filter_language,pending
STM-METADATA-EN,BERTopic-METADATA-MULTILINGUAL,metadata,en,11,1,1,0.004,0.004,0.001279,not_computed,0.0,0.0,0.00192,weak_match,weak_match,comparable_same_publications_unit_period_filter_language,pending
STM-METADATA-EN,BERTopic-METADATA-MULTILINGUAL,metadata,en,11,27,1,0.004115,0.004115,0.002007,not_computed,0.0,0.0,0.002148,weak_match,weak_match,comparable_same_publications_unit_period_filter_language,pending
STM-METADATA-EN,BERTopic-METADATA-MULTILINGUAL,metadata,en,11,22,0,0.0,0.0,0.0,not_computed,0.0,0.0,0.0,no_match,no_match,comparable_same_publications_unit_period_filter_language,pending
STM-METADATA-EN,BERTopic-METADATA-MULTILINGUAL,metadata,en,11,10,4,0.012048,0.012048,0.005374,not_computed,0.0,0.0,0.006163,weak_match,weak_match,comparable_same_publications_unit_period_filter_language,pending
STM-METADATA-EN,BERTopic-METADATA-MULTILINGUAL,metadata,en,11,25,1,0.003968,0.003968,0.001259,not_computed,0.0,0.0,0.001902,weak_match,weak_match,comparable_same_publications_unit_period_filter_language,pending
STM-METADATA-EN,BERTopic-METADATA-MULTILINGUAL,metadata,en,11,26,1,0.004587,0.004587,0.001303,not_computed,0.0,0.0,0.002161,weak_match,weak_match,comparable_same_publications_unit_period_filter_language,pending
STM-METADATA-EN,BERTopic-METADATA-MULTILINGUAL,metadata,en,11,6,0,0.0,0.0,0.0,not_computed,0.0,0.0,0.0,no_match,no_match,comparable_same_publications_unit_period_filter_language,pending
STM-METADATA-EN,BERTopic-METADATA-MULTILINGUAL,metadata,en,11,20,0,0.0,0.0,0.0,not_computed,0.0,0.0,0.0,no_match,no_match,comparable_same_publications_unit_period_filter_language,pending
STM-METADATA-EN,BERTopic-METADATA-MULTILINGUAL,metadata,en,11,11,0,0.0,0.0,0.0,not_computed,0.0,0.0,0.0,no_match,no_match,comparable_same_publications_unit_period_filter_language,pending
STM-METADATA-EN,BERTopic-METADATA-MULTILINGUAL,metadata,en,11,21,0,0.0,0.0,0.0,not_computed,0.0,0.0,0.0,no_match,no_match,comparable_same_publications_unit_period_filter_language,pending
STM-METADATA-EN,BERTopic-METADATA-MULTILINGUAL,metadata,en,11,14,0,0.0,0.0,0.0,not_computed,0.0,0.0,0.0,no_match,no_match,comparable_same_publications_unit_period_filter_language,pending
STM-METADATA-EN,BERTopic-METADATA-MULTILINGUAL,metadata,en,11,23,1,0.004587,0.004587,0.001139,not_computed,0.0,0.0,0.00212,weak_match,weak_match,comparable_same_publications_unit_period_filter_language,pending
STM-METADATA-EN,BERTopic-METADATA-MULTILINGUAL,metadata,en,11,15,0,0.0,0.0,0.0,not_computed,0.0,0.0,0.0,no_match,no_match,comparable_same_publications_unit_period_filter_language,pending
STM-METADATA-EN,BERTopic-METADATA-MULTILINGUAL,metadata,en,11,8,0,0.0,0.0,0.0,not_computed,0.0,0.0,0.0,no_match,no_match,comparable_same_publications_unit_period_filter_language,pending
STM-METADATA-EN,BERTopic-METADATA-MULTILINGUAL,metadata,en,12,12,5,0.014164,0.014164,0.004464,not_computed,0.0,0.0,0.006782,weak_match,weak_match,comparable_same_publications_unit_period_filter_language,pending
STM-METADATA-EN,BERTopic-METADATA-MULTILINGUAL,metadata,en,12,16,0,0.0,0.0,0.0,not_computed,0.0,0.0,0.0,no_match,no_match,comparable_same_publications_unit_period_filter_language,pending
STM-METADATA-EN,BERTopic-METADATA-MULTILINGUAL,metadata,en,12,-1,56,0.033333,0.033333,0.0,not_computed,0.0,0.0,0.013333,weak_match,weak_match,comparable_same_publications_unit_period_filter_language,pending
STM-METADATA-EN,BERTopic-METADATA-MULTILINGUAL,metadata,en,12,0,0,0.0,0.0,0.0,not_computed,0.0,0.0,0.0,no_match,no_match,comparable_same_publications_unit_period_filter_language,pending
STM-METADATA-EN,BERTopic-METADATA-MULTILINGUAL,metadata,en,12,2,7,0.014614,0.014614,0.005806,not_computed,0.0,0.0,0.007297,weak_match,weak_match,comparable_same_publications_unit_period_filter_language,pending
STM-METADATA-EN,BERTopic-METADATA-MULTILINGUAL,metadata,en,12,19,5,0.019763,0.019763,0.010588,not_computed,0.0,0.0,0.010552,weak_match,weak_match,comparable_same_publications_unit_period_filter_language,pending
STM-METADATA-EN,BERTopic-METADATA-MULTILINGUAL,metadata,en,12,7,2,0.004662,0.004662,0.002137,not_computed,0.0,0.0,0.002399,weak_match,weak_match,comparable_same_publications_unit_period_filter_language,pending
STM-METADATA-EN,BERTopic-METADATA-MULTILINGUAL,metadata,en,12,18,0,0.0,0.0,0.0,not_computed,0.0,0.0,0.0,no_match,no_match,comparable_same_publications_unit_period_filter_language,pending
STM-METADATA-EN,BERTopic-METADATA-MULTILINGUAL,metadata,en,12,24,0,0.0,0.0,0.0,not_computed,0.0,0.0,0.0,no_match,no_match,comparable_same_publications_unit_period_filter_language,pending
STM-METADATA-EN,BERTopic-METADATA-MULTILINGUAL,metadata,en,12,9,8,0.019802,0.019802,0.008269,not_computed,0.0,0.0,0.009988,weak_match,weak_match,comparable_same_publications_unit_period_filter_language,pending
STM-METADATA-EN,BERTopic-METADATA-MULTILINGUAL,metadata,en,12,5,0,0.0,0.0,0.0,not_computed,0.0,0.0,0.0,no_match,no_match,comparable_same_publications_unit_period_filter_language,pending
STM-METADATA-EN,BERTopic-METADATA-MULTILINGUAL,metadata,en,12,4,6,0.018987,0.018987,0.00662,not_computed,0.0,0.0,0.00925,weak_match,weak_match,comparable_same_publications_unit_period_filter_language,pending
STM-METADATA-EN,BERTopic-METADATA-MULTILINGUAL,metadata,en,12,3,2,0.005128,0.005128,0.001926,not_computed,0.0,0.0,0.002533,weak_match,weak_match,comparable_same_publications_unit_period_filter_language,pending
STM-METADATA-EN,BERTopic-METADATA-MULTILINGUAL,metadata,en,12,17,0,0.0,0.0,0.0,not_computed,0.0,0.0,0.0,no_match,no_match,comparable_same_publications_unit_period_filter_language,pending
STM-METADATA-EN,BERTopic-METADATA-MULTILINGUAL,metadata,en,12,13,1,0.003876,0.003876,0.000854,not_computed,0.0,0.0,0.001764,weak_match,weak_match,comparable_same_publications_unit_period_filter_language,pending
STM-METADATA-EN,BERTopic-METADATA-MULTILINGUAL,metadata,en,12,1,0,0.0,0.0,0.0,not_computed,0.0,0.0,0.0,no_match,no_match,comparable_same_publications_unit_period_filter_language,pending
STM-METADATA-EN,BERTopic-METADATA-MULTILINGUAL,metadata,en,12,27,39,0.163866,0.163866,0.080848,not_computed,0.25,0.0,0.148258,BERTopic_combines_STM,BERTopic_combines_STM,comparable_same_publications_unit_period_filter_language,pending
STM-METADATA-EN,BERTopic-METADATA-MULTILINGUAL,metadata,en,12,22,0,0.0,0.0,0.0,not_computed,0.0,0.0,0.0,no_match,no_match,comparable_same_publications_unit_period_filter_language,pending
STM-METADATA-EN,BERTopic-METADATA-MULTILINGUAL,metadata,en,12,10,96,0.351648,0.351648,0.136222,not_computed,0.190476,0.0,0.222334,one_to_one,one_to_one,comparable_same_publications_unit_period_filter_language,pending
STM-METADATA-EN,BERTopic-METADATA-MULTILINGUAL,metadata,en,12,25,3,0.010601,0.010601,0.004356,not_computed,0.0,0.0,0.005329,weak_match,weak_match,comparable_same_publications_unit_period_filter_language,pending
STM-METADATA-EN,BERTopic-METADATA-MULTILINGUAL,metadata,en,12,26,0,0.0,0.0,0.0,not_computed,0.0,0.0,0.0,no_match,no_match,comparable_same_publications_unit_period_filter_language,pending
STM-METADATA-EN,BERTopic-METADATA-MULTILINGUAL,metadata,en,12,6,0,0.0,0.0,0.0,not_computed,0.0,0.0,0.0,no_match,no_match,comparable_same_publications_unit_period_filter_language,pending
STM-METADATA-EN,BERTopic-METADATA-MULTILINGUAL,metadata,en,12,20,0,0.0,0.0,0.0,not_computed,0.0,0.0,0.0,no_match,no_match,comparable_same_publications_unit_period_filter_language,pending
STM-METADATA-EN,BERTopic-METADATA-MULTILINGUAL,metadata,en,12,11,0,0.0,0.0,0.0,not_computed,0.0,0.0,0.0,no_match,no_match,comparable_same_publications_unit_period_filter_language,pending
STM-METADATA-EN,BERTopic-METADATA-MULTILINGUAL,metadata,en,12,21,0,0.0,0.0,0.0,not_computed,0.0,0.0,0.0,no_match,no_match,comparable_same_publications_unit_period_filter_language,pending
STM-METADATA-EN,BERTopic-METADATA-MULTILINGUAL,metadata,en,12,14,0,0.0,0.0,0.0,not_computed,0.0,0.0,0.0,no_match,no_match,comparable_same_publications_unit_period_filter_language,pending
STM-METADATA-EN,BERTopic-METADATA-MULTILINGUAL,metadata,en,12,23,1,0.003984,0.003984,0.000849,not_computed,0.0,0.0,0.001806,weak_match,weak_match,comparable_same_publications_unit_period_filter_language,pending
STM-METADATA-EN,BERTopic-METADATA-MULTILINGUAL,metadata,en,12,15,0,0.0,0.0,0.0,not_computed,0.0,0.0,0.0,no_match,no_match,comparable_same_publications_unit_period_filter_language,pending
STM-METADATA-EN,BERTopic-METADATA-MULTILINGUAL,metadata,en,12,8,0,0.0,0.0,0.0,not_computed,0.0,0.0,0.0,no_match,no_match,comparable_same_publications_unit_period_filter_language,pending
STM-METADATA-EN,BERTopic-METADATA-MULTILINGUAL,metadata,en,13,12,28,0.08,0.08,0.033652,not_computed,0.0,0.0,0.040413,language_specific_match,language_specific_match,comparable_same_publications_unit_period_filter_language,pending
STM-METADATA-EN,BERTopic-METADATA-MULTILINGUAL,metadata,en,13,16,2,0.006006,0.006006,0.001831,not_computed,0.0,0.0,0.00286,weak_match,weak_match,comparable_same_publications_unit_period_filter_language,pending
STM-METADATA-EN,BERTopic-METADATA-MULTILINGUAL,metadata,en,13,-1,113,0.068777,0.068777,0.0,not_computed,0.0,0.0,0.027511,language_specific_match,language_specific_match,comparable_same_publications_unit_period_filter_language,pending
STM-METADATA-EN,BERTopic-METADATA-MULTILINGUAL,metadata,en,13,0,7,0.015086,0.015086,0.004376,not_computed,0.0,0.0,0.007128,weak_match,weak_match,comparable_same_publications_unit_period_filter_language,pending
STM-METADATA-EN,BERTopic-METADATA-MULTILINGUAL,metadata,en,13,2,10,0.020161,0.020161,0.006759,not_computed,0.0,0.0,0.009754,weak_match,weak_match,comparable_same_publications_unit_period_filter_language,pending
STM-METADATA-EN,BERTopic-METADATA-MULTILINGUAL,metadata,en,13,19,0,0.0,0.0,0.0,not_computed,0.0,0.0,0.0,no_match,no_match,comparable_same_publications_unit_period_filter_language,pending
STM-METADATA-EN,BERTopic-METADATA-MULTILINGUAL,metadata,en,13,7,11,0.025,0.025,0.008993,not_computed,0.0,0.0,0.012248,weak_match,weak_match,comparable_same_publications_unit_period_filter_language,pending
STM-METADATA-EN,BERTopic-METADATA-MULTILINGUAL,metadata,en,13,18,4,0.014184,0.014184,0.004188,not_computed,0.0,0.0,0.006721,weak_match,weak_match,comparable_same_publications_unit_period_filter_language,pending
STM-METADATA-EN,BERTopic-METADATA-MULTILINGUAL,metadata,en,13,24,0,0.0,0.0,0.0,not_computed,0.0,0.0,0.0,no_match,no_match,comparable_same_publications_unit_period_filter_language,pending
STM-METADATA-EN,BERTopic-METADATA-MULTILINGUAL,metadata,en,13,9,11,0.026128,0.026128,0.009287,not_computed,0.0,0.0,0.012773,weak_match,weak_match,comparable_same_publications_unit_period_filter_language,pending
STM-METADATA-EN,BERTopic-METADATA-MULTILINGUAL,metadata,en,13,5,5,0.012346,0.012346,0.004036,not_computed,0.0,0.0,0.005947,weak_match,weak_match,comparable_same_publications_unit_period_filter_language,pending
STM-METADATA-EN,BERTopic-METADATA-MULTILINGUAL,metadata,en,13,4,33,0.106796,0.106796,0.042169,not_computed,0.136364,0.0,0.087352,STM_split_by_BERTopic,STM_split_by_BERTopic,comparable_same_publications_unit_period_filter_language,pending
STM-METADATA-EN,BERTopic-METADATA-MULTILINGUAL,metadata,en,13,3,3,0.007335,0.007335,0.001939,not_computed,0.0,0.0,0.003419,weak_match,weak_match,comparable_same_publications_unit_period_filter_language,pending
STM-METADATA-EN,BERTopic-METADATA-MULTILINGUAL,metadata,en,13,17,4,0.013746,0.013746,0.004598,not_computed,0.0,0.0,0.006648,weak_match,weak_match,comparable_same_publications_unit_period_filter_language,pending
STM-METADATA-EN,BERTopic-METADATA-MULTILINGUAL,metadata,en,13,13,2,0.00722,0.00722,0.002426,not_computed,0.0,0.0,0.003495,weak_match,weak_match,comparable_same_publications_unit_period_filter_language,pending
STM-METADATA-EN,BERTopic-METADATA-MULTILINGUAL,metadata,en,13,1,3,0.009967,0.009967,0.002699,not_computed,0.0,0.0,0.004662,weak_match,weak_match,comparable_same_publications_unit_period_filter_language,pending
STM-METADATA-EN,BERTopic-METADATA-MULTILINGUAL,metadata,en,13,27,1,0.003378,0.003378,0.002071,not_computed,0.0,0.0,0.001869,weak_match,weak_match,comparable_same_publications_unit_period_filter_language,pending
STM-METADATA-EN,BERTopic-METADATA-MULTILINGUAL,metadata,en,13,22,1,0.003571,0.003571,0.001949,not_computed,0.0,0.0,0.001916,weak_match,weak_match,comparable_same_publications_unit_period_filter_language,pending
STM-METADATA-EN,BERTopic-METADATA-MULTILINGUAL,metadata,en,13,10,1,0.002577,0.002577,0.001484,not_computed,0.0,0.0,0.001402,weak_match,weak_match,comparable_same_publications_unit_period_filter_language,pending
STM-METADATA-EN,BERTopic-METADATA-MULTILINGUAL,metadata,en,13,25,0,0.0,0.0,0.0,not_computed,0.0,0.0,0.0,no_match,no_match,comparable_same_publications_unit_period_filter_language,pending
STM-METADATA-EN,BERTopic-METADATA-MULTILINGUAL,metadata,en,13,26,1,0.00369,0.00369,0.001473,not_computed,0.0,0.0,0.001844,weak_match,weak_match,comparable_same_publications_unit_period_filter_language,pending
STM-METADATA-EN,BERTopic-METADATA-MULTILINGUAL,metadata,en,13,6,0,0.0,0.0,0.0,not_computed,0.0,0.0,0.0,no_match,no_match,comparable_same_publications_unit_period_filter_language,pending
STM-METADATA-EN,BERTopic-METADATA-MULTILINGUAL,metadata,en,13,20,3,0.010274,0.010274,0.003534,not_computed,0.0,0.0,0.004993,weak_match,weak_match,comparable_same_publications_unit_period_filter_language,pending
STM-METADATA-EN,BERTopic-METADATA-MULTILINGUAL,metadata,en,13,11,0,0.0,0.0,0.0,not_computed,0.0,0.0,0.0,no_match,no_match,comparable_same_publications_unit_period_filter_language,pending
STM-METADATA-EN,BERTopic-METADATA-MULTILINGUAL,metadata,en,13,21,2,0.007326,0.007326,0.00211,not_computed,0.0,0.0,0.003458,weak_match,weak_match,comparable_same_publications_unit_period_filter_language,pending
STM-METADATA-EN,BERTopic-METADATA-MULTILINGUAL,metadata,en,13,14,0,0.0,0.0,0.0,not_computed,0.0,0.0,0.0,no_match,no_match,comparable_same_publications_unit_period_filter_language,pending
STM-METADATA-EN,BERTopic-METADATA-MULTILINGUAL,metadata,en,13,23,5,0.018727,0.018727,0.005682,not_computed,0.0,0.0,0.008911,weak_match,weak_match,comparable_same_publications_unit_period_filter_language,pending
STM-METADATA-EN,BERTopic-METADATA-MULTILINGUAL,metadata,en,13,15,1,0.00369,0.00369,0.00151,not_computed,0.0,0.0,0.001854,weak_match,weak_match,comparable_same_publications_unit_period_filter_language,pending
STM-METADATA-EN,BERTopic-METADATA-MULTILINGUAL,metadata,en,13,8,0,0.0,0.0,0.0,not_computed,0.0,0.0,0.0,no_match,no_match,comparable_same_publications_unit_period_filter_language,pending
STM-METADATA-EN,BERTopic-METADATA-MULTILINGUAL,metadata,en,2,12,1,0.007752,0.007752,0.002182,not_computed,0.041667,0.0,0.014063,weak_match,weak_match,comparable_same_publications_unit_period_filter_language,pending
STM-METADATA-EN,BERTopic-METADATA-MULTILINGUAL,metadata,en,2,16,0,0.0,0.0,0.0,not_computed,0.0,0.0,0.0,no_match,no_match,comparable_same_publications_unit_period_filter_language,pending
STM-METADATA-EN,BERTopic-METADATA-MULTILINGUAL,metadata,en,2,-1,0,0.0,0.0,0.0,not_computed,0.0,0.0,0.0,no_match,no_match,comparable_same_publications_unit_period_filter_language,pending
STM-METADATA-EN,BERTopic-METADATA-MULTILINGUAL,metadata,en,2,0,0,0.0,0.0,0.0,not_computed,0.0,0.0,0.0,no_match,no_match,comparable_same_publications_unit_period_filter_language,pending
STM-METADATA-EN,BERTopic-METADATA-MULTILINGUAL,metadata,en,2,2,1,0.003891,0.003891,0.001479,not_computed,0.0,0.0,0.001926,weak_match,weak_match,comparable_same_publications_unit_period_filter_language,pending
STM-METADATA-EN,BERTopic-METADATA-MULTILINGUAL,metadata,en,2,19,1,0.034483,0.034483,0.010774,not_computed,0.086957,0.0,0.038226,language_specific_match,language_specific_match,comparable_same_publications_unit_period_filter_language,pending
STM-METADATA-EN,BERTopic-METADATA-MULTILINGUAL,metadata,en,2,7,0,0.0,0.0,0.0,not_computed,0.0,0.0,0.0,no_match,no_match,comparable_same_publications_unit_period_filter_language,pending
STM-METADATA-EN,BERTopic-METADATA-MULTILINGUAL,metadata,en,2,18,0,0.0,0.0,0.0,not_computed,0.0,0.0,0.0,no_match,no_match,comparable_same_publications_unit_period_filter_language,pending
STM-METADATA-EN,BERTopic-METADATA-MULTILINGUAL,metadata,en,2,24,0,0.0,0.0,0.0,not_computed,0.0,0.0,0.0,no_match,no_match,comparable_same_publications_unit_period_filter_language,pending
STM-METADATA-EN,BERTopic-METADATA-MULTILINGUAL,metadata,en,2,9,0,0.0,0.0,0.0,not_computed,0.0,0.0,0.0,no_match,no_match,comparable_same_publications_unit_period_filter_language,pending
STM-METADATA-EN,BERTopic-METADATA-MULTILINGUAL,metadata,en,2,5,0,0.0,0.0,0.0,not_computed,0.0,0.0,0.0,no_match,no_match,comparable_same_publications_unit_period_filter_language,pending
STM-METADATA-EN,BERTopic-METADATA-MULTILINGUAL,metadata,en,2,4,0,0.0,0.0,0.0,not_computed,0.0,0.0,0.0,no_match,no_match,comparable_same_publications_unit_period_filter_language,pending
STM-METADATA-EN,BERTopic-METADATA-MULTILINGUAL,metadata,en,2,3,0,0.0,0.0,0.0,not_computed,0.0,0.0,0.0,no_match,no_match,comparable_same_publications_unit_period_filter_language,pending
STM-METADATA-EN,BERTopic-METADATA-MULTILINGUAL,metadata,en,2,17,0,0.0,0.0,0.0,not_computed,0.0,0.0,0.0,no_match,no_match,comparable_same_publications_unit_period_filter_language,pending
STM-METADATA-EN,BERTopic-METADATA-MULTILINGUAL,metadata,en,2,13,0,0.0,0.0,0.0,not_computed,0.0,0.0,0.0,no_match,no_match,comparable_same_publications_unit_period_filter_language,pending
STM-METADATA-EN,BERTopic-METADATA-MULTILINGUAL,metadata,en,2,1,0,0.0,0.0,0.0,not_computed,0.0,0.0,0.0,no_match,no_match,comparable_same_publications_unit_period_filter_language,pending
STM-METADATA-EN,BERTopic-METADATA-MULTILINGUAL,metadata,en,2,27,0,0.0,0.0,0.0,not_computed,0.0,0.0,0.0,no_match,no_match,comparable_same_publications_unit_period_filter_language,pending
STM-METADATA-EN,BERTopic-METADATA-MULTILINGUAL,metadata,en,2,22,0,0.0,0.0,0.0,not_computed,0.0,0.0,0.0,no_match,no_match,comparable_same_publications_unit_period_filter_language,pending
STM-METADATA-EN,BERTopic-METADATA-MULTILINGUAL,metadata,en,2,10,0,0.0,0.0,0.0,not_computed,0.0,0.0,0.0,no_match,no_match,comparable_same_publications_unit_period_filter_language,pending
STM-METADATA-EN,BERTopic-METADATA-MULTILINGUAL,metadata,en,2,25,0,0.0,0.0,0.0,not_computed,0.0,0.0,0.0,no_match,no_match,comparable_same_publications_unit_period_filter_language,pending
STM-METADATA-EN,BERTopic-METADATA-MULTILINGUAL,metadata,en,2,26,0,0.0,0.0,0.0,not_computed,0.0,0.0,0.0,no_match,no_match,comparable_same_publications_unit_period_filter_language,pending
STM-METADATA-EN,BERTopic-METADATA-MULTILINGUAL,metadata,en,2,6,0,0.0,0.0,0.0,not_computed,0.0,0.0,0.0,no_match,no_match,comparable_same_publications_unit_period_filter_language,pending
STM-METADATA-EN,BERTopic-METADATA-MULTILINGUAL,metadata,en,2,20,0,0.0,0.0,0.0,not_computed,0.0,0.0,0.0,no_match,no_match,comparable_same_publications_unit_period_filter_language,pending
STM-METADATA-EN,BERTopic-METADATA-MULTILINGUAL,metadata,en,2,11,0,0.0,0.0,0.0,not_computed,0.0,0.0,0.0,no_match,no_match,comparable_same_publications_unit_period_filter_language,pending
STM-METADATA-EN,BERTopic-METADATA-MULTILINGUAL,metadata,en,2,21,0,0.0,0.0,0.0,not_computed,0.0,0.0,0.0,no_match,no_match,comparable_same_publications_unit_period_filter_language,pending
STM-METADATA-EN,BERTopic-METADATA-MULTILINGUAL,metadata,en,2,14,0,0.0,0.0,0.0,not_computed,0.0,0.0,0.0,no_match,no_match,comparable_same_publications_unit_period_filter_language,pending
STM-METADATA-EN,BERTopic-METADATA-MULTILINGUAL,metadata,en,2,23,0,0.0,0.0,0.0,not_computed,0.041667,0.0,0.010417,weak_match,weak_match,comparable_same_publications_unit_period_filter_language,pending
STM-METADATA-EN,BERTopic-METADATA-MULTILINGUAL,metadata,en,2,15,0,0.0,0.0,0.0,not_computed,0.0,0.0,0.0,no_match,no_match,comparable_same_publications_unit_period_filter_language,pending
STM-METADATA-EN,BERTopic-METADATA-MULTILINGUAL,metadata,en,2,8,0,0.0,0.0,0.0,not_computed,0.0,0.0,0.0,no_match,no_match,comparable_same_publications_unit_period_filter_language,pending
STM-METADATA-PT,BERTopic-METADATA-MULTILINGUAL,metadata,pt,1,1,133,0.348168,0.348168,0.232456,not_computed,0.086957,0.0,0.21912,one_to_one,one_to_one,comparable_same_publications_unit_period_filter_language,pending
STM-METADATA-PT,BERTopic-METADATA-MULTILINGUAL,metadata,pt,1,10,1,0.003049,0.003049,0.001648,not_computed,0.0,0.0,0.001632,weak_match,weak_match,comparable_same_publications_unit_period_filter_language,pending
STM-METADATA-PT,BERTopic-METADATA-MULTILINGUAL,metadata,pt,1,-1,97,0.167241,0.167241,0.0,not_computed,0.0,0.0,0.066897,partial_overlap,partial_overlap,comparable_same_publications_unit_period_filter_language,pending
STM-METADATA-PT,BERTopic-METADATA-MULTILINGUAL,metadata,pt,1,5,5,0.01497,0.01497,0.008957,not_computed,0.0,0.0,0.008227,weak_match,weak_match,comparable_same_publications_unit_period_filter_language,pending
STM-METADATA-PT,BERTopic-METADATA-MULTILINGUAL,metadata,pt,1,26,12,0.036145,0.036145,0.028889,not_computed,0.0,0.0,0.02168,language_specific_match,language_specific_match,comparable_same_publications_unit_period_filter_language,pending
STM-METADATA-PT,BERTopic-METADATA-MULTILINGUAL,metadata,pt,1,0,0,0.0,0.0,0.0,not_computed,0.0,0.0,0.0,no_match,no_match,comparable_same_publications_unit_period_filter_language,pending
STM-METADATA-PT,BERTopic-METADATA-MULTILINGUAL,metadata,pt,1,13,0,0.0,0.0,0.0,not_computed,0.0,0.0,0.0,no_match,no_match,comparable_same_publications_unit_period_filter_language,pending
STM-METADATA-PT,BERTopic-METADATA-MULTILINGUAL,metadata,pt,1,3,5,0.01462,0.01462,0.006242,not_computed,0.0,0.0,0.007408,weak_match,weak_match,comparable_same_publications_unit_period_filter_language,pending
STM-METADATA-PT,BERTopic-METADATA-MULTILINGUAL,metadata,pt,1,4,5,0.013624,0.013624,0.007055,not_computed,0.0,0.0,0.007213,weak_match,weak_match,comparable_same_publications_unit_period_filter_language,pending
STM-METADATA-PT,BERTopic-METADATA-MULTILINGUAL,metadata,pt,1,11,25,0.062344,0.062344,0.039009,not_computed,0.0,0.0,0.03469,language_specific_match,language_specific_match,comparable_same_publications_unit_period_filter_language,pending
STM-METADATA-PT,BERTopic-METADATA-MULTILINGUAL,metadata,pt,1,15,20,0.055402,0.055402,0.035927,not_computed,0.0,0.0,0.031142,language_specific_match,language_specific_match,comparable_same_publications_unit_period_filter_language,pending
STM-METADATA-PT,BERTopic-METADATA-MULTILINGUAL,metadata,pt,1,18,0,0.0,0.0,0.0,not_computed,0.0,0.0,0.0,no_match,no_match,comparable_same_publications_unit_period_filter_language,pending
STM-METADATA-PT,BERTopic-METADATA-MULTILINGUAL,metadata,pt,1,22,7,0.021021,0.021021,0.014357,not_computed,0.0,0.0,0.011998,weak_match,weak_match,comparable_same_publications_unit_period_filter_language,pending
STM-METADATA-PT,BERTopic-METADATA-MULTILINGUAL,metadata,pt,1,23,2,0.00627,0.00627,0.002978,not_computed,0.0,0.0,0.003252,weak_match,weak_match,comparable_same_publications_unit_period_filter_language,pending
STM-METADATA-PT,BERTopic-METADATA-MULTILINGUAL,metadata,pt,1,21,3,0.009259,0.009259,0.005251,not_computed,0.0,0.0,0.005016,weak_match,weak_match,comparable_same_publications_unit_period_filter_language,pending
STM-METADATA-PT,BERTopic-METADATA-MULTILINGUAL,metadata,pt,1,17,1,0.003077,0.003077,0.001349,not_computed,0.0,0.0,0.001568,weak_match,weak_match,comparable_same_publications_unit_period_filter_language,pending
STM-METADATA-PT,BERTopic-METADATA-MULTILINGUAL,metadata,pt,1,27,0,0.0,0.0,0.0,not_computed,0.0,0.0,0.0,no_match,no_match,comparable_same_publications_unit_period_filter_language,pending
STM-METADATA-PT,BERTopic-METADATA-MULTILINGUAL,metadata,pt,1,12,1,0.003145,0.003145,0.002566,not_computed,0.0,0.0,0.001899,weak_match,weak_match,comparable_same_publications_unit_period_filter_language,pending
STM-METADATA-PT,BERTopic-METADATA-MULTILINGUAL,metadata,pt,1,14,1,0.003106,0.003106,0.001409,not_computed,0.0,0.0,0.001595,weak_match,weak_match,comparable_same_publications_unit_period_filter_language,pending
STM-METADATA-PT,BERTopic-METADATA-MULTILINGUAL,metadata,pt,1,16,0,0.0,0.0,0.0,not_computed,0.0,0.0,0.0,no_match,no_match,comparable_same_publications_unit_period_filter_language,pending
STM-METADATA-PT,BERTopic-METADATA-MULTILINGUAL,metadata,pt,1,8,0,0.0,0.0,0.0,not_computed,0.0,0.0,0.0,no_match,no_match,comparable_same_publications_unit_period_filter_language,pending
STM-METADATA-PT,BERTopic-METADATA-MULTILINGUAL,metadata,pt,2,1,16,0.033058,0.033058,0.016804,not_computed,0.0,0.0,0.017424,weak_match,weak_match,comparable_same_publications_unit_period_filter_language,pending
STM-METADATA-PT,BERTopic-METADATA-MULTILINGUAL,metadata,pt,2,10,3,0.009646,0.009646,0.005662,not_computed,0.0,0.0,0.005274,weak_match,weak_match,comparable_same_publications_unit_period_filter_language,pending
STM-METADATA-PT,BERTopic-METADATA-MULTILINGUAL,metadata,pt,2,-1,119,0.219153,0.219153,0.0,not_computed,0.0,0.0,0.087661,BERTopic_combines_STM,BERTopic_combines_STM,comparable_same_publications_unit_period_filter_language,pending
STM-METADATA-PT,BERTopic-METADATA-MULTILINGUAL,metadata,pt,2,5,9,0.028571,0.028571,0.018467,not_computed,0.0,0.0,0.016045,weak_match,weak_match,comparable_same_publications_unit_period_filter_language,pending
STM-METADATA-PT,BERTopic-METADATA-MULTILINGUAL,metadata,pt,2,26,13,0.041139,0.041139,0.024582,not_computed,0.0,0.0,0.022601,language_specific_match,language_specific_match,comparable_same_publications_unit_period_filter_language,pending
STM-METADATA-PT,BERTopic-METADATA-MULTILINGUAL,metadata,pt,2,0,29,0.094463,0.094463,0.067222,not_computed,0.0,0.0,0.054591,partial_overlap,partial_overlap,comparable_same_publications_unit_period_filter_language,pending
STM-METADATA-PT,BERTopic-METADATA-MULTILINGUAL,metadata,pt,2,13,0,0.0,0.0,0.0,not_computed,0.0,0.0,0.0,no_match,no_match,comparable_same_publications_unit_period_filter_language,pending
STM-METADATA-PT,BERTopic-METADATA-MULTILINGUAL,metadata,pt,2,3,6,0.018405,0.018405,0.008905,not_computed,0.0,0.0,0.009588,weak_match,weak_match,comparable_same_publications_unit_period_filter_language,pending
STM-METADATA-PT,BERTopic-METADATA-MULTILINGUAL,metadata,pt,2,4,44,0.140575,0.140575,0.087941,not_computed,0.136364,0.0,0.112306,STM_split_by_BERTopic,STM_split_by_BERTopic,comparable_same_publications_unit_period_filter_language,pending
STM-METADATA-PT,BERTopic-METADATA-MULTILINGUAL,metadata,pt,2,11,8,0.019851,0.019851,0.011214,not_computed,0.0,0.0,0.010744,weak_match,weak_match,comparable_same_publications_unit_period_filter_language,pending
STM-METADATA-PT,BERTopic-METADATA-MULTILINGUAL,metadata,pt,2,15,30,0.089286,0.089286,0.060637,not_computed,0.0,0.0,0.050873,partial_overlap,partial_overlap,comparable_same_publications_unit_period_filter_language,pending
STM-METADATA-PT,BERTopic-METADATA-MULTILINGUAL,metadata,pt,2,18,7,0.023026,0.023026,0.015717,not_computed,0.0,0.0,0.01314,weak_match,weak_match,comparable_same_publications_unit_period_filter_language,pending
STM-METADATA-PT,BERTopic-METADATA-MULTILINGUAL,metadata,pt,2,22,6,0.018809,0.018809,0.011208,not_computed,0.0,0.0,0.010326,weak_match,weak_match,comparable_same_publications_unit_period_filter_language,pending
STM-METADATA-PT,BERTopic-METADATA-MULTILINGUAL,metadata,pt,2,23,1,0.003279,0.003279,0.00256,not_computed,0.0,0.0,0.001952,weak_match,weak_match,comparable_same_publications_unit_period_filter_language,pending
STM-METADATA-PT,BERTopic-METADATA-MULTILINGUAL,metadata,pt,2,21,4,0.012987,0.012987,0.006383,not_computed,0.0,0.0,0.006791,weak_match,weak_match,comparable_same_publications_unit_period_filter_language,pending
STM-METADATA-PT,BERTopic-METADATA-MULTILINGUAL,metadata,pt,2,17,4,0.013029,0.013029,0.009117,not_computed,0.0,0.0,0.007491,weak_match,weak_match,comparable_same_publications_unit_period_filter_language,pending
STM-METADATA-PT,BERTopic-METADATA-MULTILINGUAL,metadata,pt,2,27,1,0.003268,0.003268,0.001938,not_computed,0.0,0.0,0.001792,weak_match,weak_match,comparable_same_publications_unit_period_filter_language,pending
STM-METADATA-PT,BERTopic-METADATA-MULTILINGUAL,metadata,pt,2,12,0,0.0,0.0,0.0,not_computed,0.0,0.0,0.0,no_match,no_match,comparable_same_publications_unit_period_filter_language,pending
STM-METADATA-PT,BERTopic-METADATA-MULTILINGUAL,metadata,pt,2,14,0,0.0,0.0,0.0,not_computed,0.0,0.0,0.0,no_match,no_match,comparable_same_publications_unit_period_filter_language,pending
STM-METADATA-PT,BERTopic-METADATA-MULTILINGUAL,metadata,pt,2,16,2,0.006601,0.006601,0.005939,not_computed,0.0,0.0,0.004125,weak_match,weak_match,comparable_same_publications_unit_period_filter_language,pending
STM-METADATA-PT,BERTopic-METADATA-MULTILINGUAL,metadata,pt,2,8,1,0.0033,0.0033,0.002624,not_computed,0.0,0.0,0.001976,weak_match,weak_match,comparable_same_publications_unit_period_filter_language,pending
STM-METADATA-PT,BERTopic-METADATA-MULTILINGUAL,metadata,pt,3,1,8,0.031008,0.031008,0.022327,not_computed,0.0,0.0,0.017985,weak_match,weak_match,comparable_same_publications_unit_period_filter_language,pending
STM-METADATA-PT,BERTopic-METADATA-MULTILINGUAL,metadata,pt,3,10,0,0.0,0.0,0.0,not_computed,0.0,0.0,0.0,no_match,no_match,comparable_same_publications_unit_period_filter_language,pending
STM-METADATA-PT,BERTopic-METADATA-MULTILINGUAL,metadata,pt,3,-1,31,0.078086,0.078086,0.0,not_computed,0.086957,0.0,0.052973,partial_overlap,partial_overlap,comparable_same_publications_unit_period_filter_language,pending
STM-METADATA-PT,BERTopic-METADATA-MULTILINGUAL,metadata,pt,3,5,0,0.0,0.0,0.0,not_computed,0.041667,0.0,0.010417,weak_match,weak_match,comparable_same_publications_unit_period_filter_language,pending
STM-METADATA-PT,BERTopic-METADATA-MULTILINGUAL,metadata,pt,3,26,1,0.010638,0.010638,0.005792,not_computed,0.0,0.0,0.005703,weak_match,weak_match,comparable_same_publications_unit_period_filter_language,pending
STM-METADATA-PT,BERTopic-METADATA-MULTILINGUAL,metadata,pt,3,0,1,0.009901,0.009901,0.007555,not_computed,0.0,0.0,0.005849,weak_match,weak_match,comparable_same_publications_unit_period_filter_language,pending
STM-METADATA-PT,BERTopic-METADATA-MULTILINGUAL,metadata,pt,3,13,0,0.0,0.0,0.0,not_computed,0.0,0.0,0.0,no_match,no_match,comparable_same_publications_unit_period_filter_language,pending
STM-METADATA-PT,BERTopic-METADATA-MULTILINGUAL,metadata,pt,3,3,16,0.195122,0.195122,0.095711,not_computed,0.086957,0.0,0.123716,STM_split_by_BERTopic,STM_split_by_BERTopic,comparable_same_publications_unit_period_filter_language,pending
STM-METADATA-PT,BERTopic-METADATA-MULTILINGUAL,metadata,pt,3,4,3,0.025,0.025,0.012498,not_computed,0.0,0.0,0.013124,weak_match,weak_match,comparable_same_publications_unit_period_filter_language,pending
STM-METADATA-PT,BERTopic-METADATA-MULTILINGUAL,metadata,pt,3,11,4,0.023121,0.023121,0.01852,not_computed,0.0,0.0,0.013878,weak_match,weak_match,comparable_same_publications_unit_period_filter_language,pending
STM-METADATA-PT,BERTopic-METADATA-MULTILINGUAL,metadata,pt,3,15,2,0.015385,0.015385,0.014754,not_computed,0.0,0.0,0.009842,weak_match,weak_match,comparable_same_publications_unit_period_filter_language,pending
STM-METADATA-PT,BERTopic-METADATA-MULTILINGUAL,metadata,pt,3,18,0,0.0,0.0,0.0,not_computed,0.0,0.0,0.0,no_match,no_match,comparable_same_publications_unit_period_filter_language,pending
STM-METADATA-PT,BERTopic-METADATA-MULTILINGUAL,metadata,pt,3,22,0,0.0,0.0,0.0,not_computed,0.0,0.0,0.0,no_match,no_match,comparable_same_publications_unit_period_filter_language,pending
STM-METADATA-PT,BERTopic-METADATA-MULTILINGUAL,metadata,pt,3,23,0,0.0,0.0,0.0,not_computed,0.0,0.0,0.0,no_match,no_match,comparable_same_publications_unit_period_filter_language,pending
STM-METADATA-PT,BERTopic-METADATA-MULTILINGUAL,metadata,pt,3,21,1,0.012987,0.012987,0.003145,not_computed,0.0,0.0,0.005981,weak_match,weak_match,comparable_same_publications_unit_period_filter_language,pending
STM-METADATA-PT,BERTopic-METADATA-MULTILINGUAL,metadata,pt,3,17,1,0.013158,0.013158,0.004349,not_computed,0.0,0.0,0.00635,weak_match,weak_match,comparable_same_publications_unit_period_filter_language,pending
STM-METADATA-PT,BERTopic-METADATA-MULTILINGUAL,metadata,pt,3,27,0,0.0,0.0,0.0,not_computed,0.0,0.0,0.0,no_match,no_match,comparable_same_publications_unit_period_filter_language,pending
STM-METADATA-PT,BERTopic-METADATA-MULTILINGUAL,metadata,pt,3,12,0,0.0,0.0,0.0,not_computed,0.0,0.0,0.0,no_match,no_match,comparable_same_publications_unit_period_filter_language,pending
STM-METADATA-PT,BERTopic-METADATA-MULTILINGUAL,metadata,pt,3,14,1,0.013699,0.013699,0.013474,not_computed,0.136364,0.0,0.042939,language_specific_match,language_specific_match,comparable_same_publications_unit_period_filter_language,pending
STM-METADATA-PT,BERTopic-METADATA-MULTILINGUAL,metadata,pt,3,16,0,0.0,0.0,0.0,not_computed,0.0,0.0,0.0,no_match,no_match,comparable_same_publications_unit_period_filter_language,pending
STM-METADATA-PT,BERTopic-METADATA-MULTILINGUAL,metadata,pt,3,8,0,0.0,0.0,0.0,not_computed,0.041667,0.0,0.010417,weak_match,weak_match,comparable_same_publications_unit_period_filter_language,pending
STM-METADATA-PT,BERTopic-METADATA-MULTILINGUAL,metadata,pt,5,1,40,0.095238,0.095238,0.056439,not_computed,0.0,0.0,0.052205,partial_overlap,partial_overlap,comparable_same_publications_unit_period_filter_language,pending
STM-METADATA-PT,BERTopic-METADATA-MULTILINGUAL,metadata,pt,5,10,7,0.026217,0.026217,0.018079,not_computed,0.0,0.0,0.015007,weak_match,weak_match,comparable_same_publications_unit_period_filter_language,pending
STM-METADATA-PT,BERTopic-METADATA-MULTILINGUAL,metadata,pt,5,-1,99,0.189293,0.189293,0.0,not_computed,0.0,0.0,0.075717,partial_overlap,partial_overlap,comparable_same_publications_unit_period_filter_language,pending
STM-METADATA-PT,BERTopic-METADATA-MULTILINGUAL,metadata,pt,5,5,7,0.025271,0.025271,0.014514,not_computed,0.0,0.0,0.013737,weak_match,weak_match,comparable_same_publications_unit_period_filter_language,pending
STM-METADATA-PT,BERTopic-METADATA-MULTILINGUAL,metadata,pt,5,26,0,0.0,0.0,0.0,not_computed,0.0,0.0,0.0,no_match,no_match,comparable_same_publications_unit_period_filter_language,pending
STM-METADATA-PT,BERTopic-METADATA-MULTILINGUAL,metadata,pt,5,0,3,0.010239,0.010239,0.00636,not_computed,0.0,0.0,0.005686,weak_match,weak_match,comparable_same_publications_unit_period_filter_language,pending
STM-METADATA-PT,BERTopic-METADATA-MULTILINGUAL,metadata,pt,5,13,2,0.007605,0.007605,0.003836,not_computed,0.0,0.0,0.004001,weak_match,weak_match,comparable_same_publications_unit_period_filter_language,pending
STM-METADATA-PT,BERTopic-METADATA-MULTILINGUAL,metadata,pt,5,3,2,0.006897,0.006897,0.002622,not_computed,0.0,0.0,0.003414,weak_match,weak_match,comparable_same_publications_unit_period_filter_language,pending
STM-METADATA-PT,BERTopic-METADATA-MULTILINGUAL,metadata,pt,5,4,2,0.006349,0.006349,0.002518,not_computed,0.0,0.0,0.003169,weak_match,weak_match,comparable_same_publications_unit_period_filter_language,pending
STM-METADATA-PT,BERTopic-METADATA-MULTILINGUAL,metadata,pt,5,11,71,0.236667,0.236667,0.159828,not_computed,0.0,0.0,0.134624,STM_split_by_BERTopic,STM_split_by_BERTopic,comparable_same_publications_unit_period_filter_language,pending
STM-METADATA-PT,BERTopic-METADATA-MULTILINGUAL,metadata,pt,5,15,11,0.034921,0.034921,0.025678,not_computed,0.0,0.0,0.020388,language_specific_match,language_specific_match,comparable_same_publications_unit_period_filter_language,pending
STM-METADATA-PT,BERTopic-METADATA-MULTILINGUAL,metadata,pt,5,18,1,0.003704,0.003704,0.00143,not_computed,0.0,0.0,0.001839,weak_match,weak_match,comparable_same_publications_unit_period_filter_language,pending
STM-METADATA-PT,BERTopic-METADATA-MULTILINGUAL,metadata,pt,5,22,9,0.032609,0.032609,0.022619,not_computed,0.0,0.0,0.018698,weak_match,weak_match,comparable_same_publications_unit_period_filter_language,pending
STM-METADATA-PT,BERTopic-METADATA-MULTILINGUAL,metadata,pt,5,23,0,0.0,0.0,0.0,not_computed,0.0,0.0,0.0,no_match,no_match,comparable_same_publications_unit_period_filter_language,pending
STM-METADATA-PT,BERTopic-METADATA-MULTILINGUAL,metadata,pt,5,21,1,0.00369,0.00369,0.003648,not_computed,0.0,0.0,0.002388,weak_match,weak_match,comparable_same_publications_unit_period_filter_language,pending
STM-METADATA-PT,BERTopic-METADATA-MULTILINGUAL,metadata,pt,5,17,2,0.007435,0.007435,0.003594,not_computed,0.0,0.0,0.003872,weak_match,weak_match,comparable_same_publications_unit_period_filter_language,pending
STM-METADATA-PT,BERTopic-METADATA-MULTILINGUAL,metadata,pt,5,27,3,0.011364,0.011364,0.007525,not_computed,0.0,0.0,0.006427,weak_match,weak_match,comparable_same_publications_unit_period_filter_language,pending
STM-METADATA-PT,BERTopic-METADATA-MULTILINGUAL,metadata,pt,5,12,0,0.0,0.0,0.0,not_computed,0.0,0.0,0.0,no_match,no_match,comparable_same_publications_unit_period_filter_language,pending
STM-METADATA-PT,BERTopic-METADATA-MULTILINGUAL,metadata,pt,5,14,3,0.011321,0.011321,0.005487,not_computed,0.0,0.0,0.0059,weak_match,weak_match,comparable_same_publications_unit_period_filter_language,pending
STM-METADATA-PT,BERTopic-METADATA-MULTILINGUAL,metadata,pt,5,16,0,0.0,0.0,0.0,not_computed,0.0,0.0,0.0,no_match,no_match,comparable_same_publications_unit_period_filter_language,pending
STM-METADATA-PT,BERTopic-METADATA-MULTILINGUAL,metadata,pt,5,8,0,0.0,0.0,0.0,not_computed,0.0,0.0,0.0,no_match,no_match,comparable_same_publications_unit_period_filter_language,pending
STM-METADATA-PT,BERTopic-METADATA-MULTILINGUAL,metadata,pt,4,1,0,0.0,0.0,0.0,not_computed,0.0,0.0,0.0,no_match,no_match,comparable_same_publications_unit_period_filter_language,pending
STM-METADATA-PT,BERTopic-METADATA-MULTILINGUAL,metadata,pt,4,10,0,0.0,0.0,0.0,not_computed,0.0,0.0,0.0,no_match,no_match,comparable_same_publications_unit_period_filter_language,pending
STM-METADATA-PT,BERTopic-METADATA-MULTILINGUAL,metadata,pt,4,-1,13,0.036212,0.036212,0.0,not_computed,0.0,0.0,0.014485,weak_match,weak_match,comparable_same_publications_unit_period_filter_language,pending
STM-METADATA-PT,BERTopic-METADATA-MULTILINGUAL,metadata,pt,4,5,0,0.0,0.0,0.0,not_computed,0.0,0.0,0.0,no_match,no_match,comparable_same_publications_unit_period_filter_language,pending
STM-METADATA-PT,BERTopic-METADATA-MULTILINGUAL,metadata,pt,4,26,0,0.0,0.0,0.0,not_computed,0.0,0.0,0.0,no_match,no_match,comparable_same_publications_unit_period_filter_language,pending
STM-METADATA-PT,BERTopic-METADATA-MULTILINGUAL,metadata,pt,4,0,0,0.0,0.0,0.0,not_computed,0.0,0.0,0.0,no_match,no_match,comparable_same_publications_unit_period_filter_language,pending
STM-METADATA-PT,BERTopic-METADATA-MULTILINGUAL,metadata,pt,4,13,0,0.0,0.0,0.0,not_computed,0.0,0.0,0.0,no_match,no_match,comparable_same_publications_unit_period_filter_language,pending
STM-METADATA-PT,BERTopic-METADATA-MULTILINGUAL,metadata,pt,4,3,0,0.0,0.0,0.0,not_computed,0.0,0.0,0.0,no_match,no_match,comparable_same_publications_unit_period_filter_language,pending
STM-METADATA-PT,BERTopic-METADATA-MULTILINGUAL,metadata,pt,4,4,0,0.0,0.0,0.0,not_computed,0.0,0.0,0.0,no_match,no_match,comparable_same_publications_unit_period_filter_language,pending
STM-METADATA-PT,BERTopic-METADATA-MULTILINGUAL,metadata,pt,4,11,0,0.0,0.0,0.0,not_computed,0.0,0.0,0.0,no_match,no_match,comparable_same_publications_unit_period_filter_language,pending
STM-METADATA-PT,BERTopic-METADATA-MULTILINGUAL,metadata,pt,4,15,0,0.0,0.0,0.0,not_computed,0.0,0.0,0.0,no_match,no_match,comparable_same_publications_unit_period_filter_language,pending
STM-METADATA-PT,BERTopic-METADATA-MULTILINGUAL,metadata,pt,4,18,0,0.0,0.0,0.0,not_computed,0.0,0.0,0.0,no_match,no_match,comparable_same_publications_unit_period_filter_language,pending
STM-METADATA-PT,BERTopic-METADATA-MULTILINGUAL,metadata,pt,4,22,0,0.0,0.0,0.0,not_computed,0.0,0.0,0.0,no_match,no_match,comparable_same_publications_unit_period_filter_language,pending
STM-METADATA-PT,BERTopic-METADATA-MULTILINGUAL,metadata,pt,4,23,0,0.0,0.0,0.0,not_computed,0.0,0.0,0.0,no_match,no_match,comparable_same_publications_unit_period_filter_language,pending
STM-METADATA-PT,BERTopic-METADATA-MULTILINGUAL,metadata,pt,4,21,0,0.0,0.0,0.0,not_computed,0.0,0.0,0.0,no_match,no_match,comparable_same_publications_unit_period_filter_language,pending
STM-METADATA-PT,BERTopic-METADATA-MULTILINGUAL,metadata,pt,4,17,0,0.0,0.0,0.0,not_computed,0.0,0.0,0.0,no_match,no_match,comparable_same_publications_unit_period_filter_language,pending
STM-METADATA-PT,BERTopic-METADATA-MULTILINGUAL,metadata,pt,4,27,0,0.0,0.0,0.0,not_computed,0.0,0.0,0.0,no_match,no_match,comparable_same_publications_unit_period_filter_language,pending
STM-METADATA-PT,BERTopic-METADATA-MULTILINGUAL,metadata,pt,4,12,0,0.0,0.0,0.0,not_computed,0.0,0.0,0.0,no_match,no_match,comparable_same_publications_unit_period_filter_language,pending
STM-METADATA-PT,BERTopic-METADATA-MULTILINGUAL,metadata,pt,4,14,0,0.0,0.0,0.0,not_computed,0.0,0.0,0.0,no_match,no_match,comparable_same_publications_unit_period_filter_language,pending
STM-METADATA-PT,BERTopic-METADATA-MULTILINGUAL,metadata,pt,4,16,0,0.0,0.0,0.0,not_computed,0.0,0.0,0.0,no_match,no_match,comparable_same_publications_unit_period_filter_language,pending
STM-METADATA-PT,BERTopic-METADATA-MULTILINGUAL,metadata,pt,4,8,0,0.0,0.0,0.0,not_computed,0.0,0.0,0.0,no_match,no_match,comparable_same_publications_unit_period_filter_language,pending
