stm_model,bertopic_model,corpus,language,stm_topic,bertopic_topic,document_overlap,document_jaccard,jaccard_overlap,weighted_theta_overlap,centroid_similarity,keyword_similarity,representative_document_similarity,combined_alignment,relationship,alignment_status,comparability_status,human_review_status
STM-METADATA-ES,BERTopic-METADATA-MULTILINGUAL,metadata,es,13,-1,111,0.083837,0.083837,0.0,not_computed,0.0,0.0,0.033535,language_specific_match,language_specific_match,comparable_same_publications_unit_period_filter_language,pending
STM-METADATA-ES,BERTopic-METADATA-MULTILINGUAL,metadata,es,13,10,7,0.024823,0.024823,0.008346,not_computed,0.0,0.0,0.012015,weak_match,weak_match,comparable_same_publications_unit_period_filter_language,pending
STM-METADATA-ES,BERTopic-METADATA-MULTILINGUAL,metadata,es,13,0,4,0.012539,0.012539,0.00381,not_computed,0.0,0.0,0.005968,weak_match,weak_match,comparable_same_publications_unit_period_filter_language,pending
STM-METADATA-ES,BERTopic-METADATA-MULTILINGUAL,metadata,es,13,5,6,0.013761,0.013761,0.004359,not_computed,0.0,0.0,0.006594,weak_match,weak_match,comparable_same_publications_unit_period_filter_language,pending
STM-METADATA-ES,BERTopic-METADATA-MULTILINGUAL,metadata,es,13,20,2,0.007905,0.007905,0.003513,not_computed,0.0,0.0,0.00404,weak_match,weak_match,comparable_same_publications_unit_period_filter_language,pending
STM-METADATA-ES,BERTopic-METADATA-MULTILINGUAL,metadata,es,13,29,1,0.004219,0.004219,0.001512,not_computed,0.0,0.0,0.002066,weak_match,weak_match,comparable_same_publications_unit_period_filter_language,pending
STM-METADATA-ES,BERTopic-METADATA-MULTILINGUAL,metadata,es,13,24,0,0.0,0.0,0.0,not_computed,0.0,0.0,0.0,no_match,no_match,comparable_same_publications_unit_period_filter_language,pending
STM-METADATA-ES,BERTopic-METADATA-MULTILINGUAL,metadata,es,13,3,3,0.006479,0.006479,0.002196,not_computed,0.0,0.0,0.003141,weak_match,weak_match,comparable_same_publications_unit_period_filter_language,pending
STM-METADATA-ES,BERTopic-METADATA-MULTILINGUAL,metadata,es,13,13,0,0.0,0.0,0.0,not_computed,0.0,0.0,0.0,no_match,no_match,comparable_same_publications_unit_period_filter_language,pending
STM-METADATA-ES,BERTopic-METADATA-MULTILINGUAL,metadata,es,13,1,7,0.023333,0.023333,0.009625,not_computed,0.0,0.0,0.01174,weak_match,weak_match,comparable_same_publications_unit_period_filter_language,pending
STM-METADATA-ES,BERTopic-METADATA-MULTILINGUAL,metadata,es,13,15,16,0.054422,0.054422,0.021246,not_computed,0.0,0.0,0.02708,language_specific_match,language_specific_match,comparable_same_publications_unit_period_filter_language,pending
STM-METADATA-ES,BERTopic-METADATA-MULTILINGUAL,metadata,es,13,14,16,0.050633,0.050633,0.023479,not_computed,0.0,0.0,0.026123,language_specific_match,language_specific_match,comparable_same_publications_unit_period_filter_language,pending
STM-METADATA-ES,BERTopic-METADATA-MULTILINGUAL,metadata,es,13,25,1,0.004202,0.004202,0.002111,not_computed,0.0,0.0,0.002208,weak_match,weak_match,comparable_same_publications_unit_period_filter_language,pending
STM-METADATA-ES,BERTopic-METADATA-MULTILINGUAL,metadata,es,13,6,0,0.0,0.0,0.0,not_computed,0.0,0.0,0.0,no_match,no_match,comparable_same_publications_unit_period_filter_language,pending
STM-METADATA-ES,BERTopic-METADATA-MULTILINGUAL,metadata,es,13,4,4,0.011976,0.011976,0.005108,not_computed,0.0,0.0,0.006068,weak_match,weak_match,comparable_same_publications_unit_period_filter_language,pending
STM-METADATA-ES,BERTopic-METADATA-MULTILINGUAL,metadata,es,13,18,9,0.032143,0.032143,0.017688,not_computed,0.0,0.0,0.017279,weak_match,weak_match,comparable_same_publications_unit_period_filter_language,pending
STM-METADATA-ES,BERTopic-METADATA-MULTILINGUAL,metadata,es,13,23,14,0.055118,0.055118,0.021209,not_computed,0.0,0.0,0.027349,language_specific_match,language_specific_match,comparable_same_publications_unit_period_filter_language,pending
STM-METADATA-ES,BERTopic-METADATA-MULTILINGUAL,metadata,es,13,22,4,0.015326,0.015326,0.006852,not_computed,0.0,0.0,0.007843,weak_match,weak_match,comparable_same_publications_unit_period_filter_language,pending
STM-METADATA-ES,BERTopic-METADATA-MULTILINGUAL,metadata,es,13,19,6,0.021661,0.021661,0.007056,not_computed,0.0,0.0,0.010428,weak_match,weak_match,comparable_same_publications_unit_period_filter_language,pending
STM-METADATA-ES,BERTopic-METADATA-MULTILINGUAL,metadata,es,13,2,4,0.016949,0.016949,0.006605,not_computed,0.0,0.0,0.008431,weak_match,weak_match,comparable_same_publications_unit_period_filter_language,pending
STM-METADATA-ES,BERTopic-METADATA-MULTILINGUAL,metadata,es,13,12,0,0.0,0.0,0.0,not_computed,0.0,0.0,0.0,no_match,no_match,comparable_same_publications_unit_period_filter_language,pending
STM-METADATA-ES,BERTopic-METADATA-MULTILINGUAL,metadata,es,13,9,3,0.012048,0.012048,0.003541,not_computed,0.0,0.0,0.005705,weak_match,weak_match,comparable_same_publications_unit_period_filter_language,pending
STM-METADATA-ES,BERTopic-METADATA-MULTILINGUAL,metadata,es,13,17,2,0.007018,0.007018,0.002847,not_computed,0.0,0.0,0.003519,weak_match,weak_match,comparable_same_publications_unit_period_filter_language,pending
STM-METADATA-ES,BERTopic-METADATA-MULTILINGUAL,metadata,es,13,31,1,0.003937,0.003937,0.001045,not_computed,0.0,0.0,0.001836,weak_match,weak_match,comparable_same_publications_unit_period_filter_language,pending
STM-METADATA-ES,BERTopic-METADATA-MULTILINGUAL,metadata,es,13,11,0,0.0,0.0,0.0,not_computed,0.0,0.0,0.0,no_match,no_match,comparable_same_publications_unit_period_filter_language,pending
STM-METADATA-ES,BERTopic-METADATA-MULTILINGUAL,metadata,es,13,21,2,0.007937,0.007937,0.003267,not_computed,0.0,0.0,0.003991,weak_match,weak_match,comparable_same_publications_unit_period_filter_language,pending
STM-METADATA-ES,BERTopic-METADATA-MULTILINGUAL,metadata,es,13,27,0,0.0,0.0,0.0,not_computed,0.0,0.0,0.0,no_match,no_match,comparable_same_publications_unit_period_filter_language,pending
STM-METADATA-ES,BERTopic-METADATA-MULTILINGUAL,metadata,es,13,30,2,0.008547,0.008547,0.003469,not_computed,0.0,0.0,0.004286,weak_match,weak_match,comparable_same_publications_unit_period_filter_language,pending
STM-METADATA-ES,BERTopic-METADATA-MULTILINGUAL,metadata,es,13,8,0,0.0,0.0,0.0,not_computed,0.0,0.0,0.0,no_match,no_match,comparable_same_publications_unit_period_filter_language,pending
STM-METADATA-ES,BERTopic-METADATA-MULTILINGUAL,metadata,es,13,32,0,0.0,0.0,0.0,not_computed,0.0,0.0,0.0,no_match,no_match,comparable_same_publications_unit_period_filter_language,pending
STM-METADATA-ES,BERTopic-METADATA-MULTILINGUAL,metadata,es,13,7,0,0.0,0.0,0.0,not_computed,0.0,0.0,0.0,no_match,no_match,comparable_same_publications_unit_period_filter_language,pending
STM-METADATA-ES,BERTopic-METADATA-MULTILINGUAL,metadata,es,13,16,2,0.008696,0.008696,0.002988,not_computed,0.0,0.0,0.004225,weak_match,weak_match,comparable_same_publications_unit_period_filter_language,pending
STM-METADATA-ES,BERTopic-METADATA-MULTILINGUAL,metadata,es,14,-1,74,0.057409,0.057409,0.0,not_computed,0.0,0.0,0.022964,language_specific_match,language_specific_match,comparable_same_publications_unit_period_filter_language,pending
STM-METADATA-ES,BERTopic-METADATA-MULTILINGUAL,metadata,es,14,10,2,0.009302,0.009302,0.006276,not_computed,0.0,0.0,0.00529,weak_match,weak_match,comparable_same_publications_unit_period_filter_language,pending
STM-METADATA-ES,BERTopic-METADATA-MULTILINGUAL,metadata,es,14,0,5,0.020325,0.020325,0.010448,not_computed,0.0,0.0,0.010742,weak_match,weak_match,comparable_same_publications_unit_period_filter_language,pending
STM-METADATA-ES,BERTopic-METADATA-MULTILINGUAL,metadata,es,14,5,1,0.00271,0.00271,0.000595,not_computed,0.0,0.0,0.001233,weak_match,weak_match,comparable_same_publications_unit_period_filter_language,pending
STM-METADATA-ES,BERTopic-METADATA-MULTILINGUAL,metadata,es,14,20,1,0.005495,0.005495,0.003008,not_computed,0.0,0.0,0.00295,weak_match,weak_match,comparable_same_publications_unit_period_filter_language,pending
STM-METADATA-ES,BERTopic-METADATA-MULTILINGUAL,metadata,es,14,29,0,0.0,0.0,0.0,not_computed,0.0,0.0,0.0,no_match,no_match,comparable_same_publications_unit_period_filter_language,pending
STM-METADATA-ES,BERTopic-METADATA-MULTILINGUAL,metadata,es,14,24,1,0.005102,0.005102,0.001071,not_computed,0.0,0.0,0.002309,weak_match,weak_match,comparable_same_publications_unit_period_filter_language,pending
STM-METADATA-ES,BERTopic-METADATA-MULTILINGUAL,metadata,es,14,3,2,0.005102,0.005102,0.002633,not_computed,0.0,0.0,0.002699,weak_match,weak_match,comparable_same_publications_unit_period_filter_language,pending
STM-METADATA-ES,BERTopic-METADATA-MULTILINGUAL,metadata,es,14,13,1,0.005435,0.005435,0.001132,not_computed,0.0,0.0,0.002457,weak_match,weak_match,comparable_same_publications_unit_period_filter_language,pending
STM-METADATA-ES,BERTopic-METADATA-MULTILINGUAL,metadata,es,14,1,1,0.004274,0.004274,0.001587,not_computed,0.0,0.0,0.002106,weak_match,weak_match,comparable_same_publications_unit_period_filter_language,pending
STM-METADATA-ES,BERTopic-METADATA-MULTILINGUAL,metadata,es,14,15,9,0.039301,0.039301,0.016989,not_computed,0.0,0.0,0.019968,weak_match,weak_match,comparable_same_publications_unit_period_filter_language,pending
STM-METADATA-ES,BERTopic-METADATA-MULTILINGUAL,metadata,es,14,14,15,0.061224,0.061224,0.030636,not_computed,0.0,0.0,0.032149,language_specific_match,language_specific_match,comparable_same_publications_unit_period_filter_language,pending
STM-METADATA-ES,BERTopic-METADATA-MULTILINGUAL,metadata,es,14,25,0,0.0,0.0,0.0,not_computed,0.0,0.0,0.0,no_match,no_match,comparable_same_publications_unit_period_filter_language,pending
STM-METADATA-ES,BERTopic-METADATA-MULTILINGUAL,metadata,es,14,6,0,0.0,0.0,0.0,not_computed,0.0,0.0,0.0,no_match,no_match,comparable_same_publications_unit_period_filter_language,pending
STM-METADATA-ES,BERTopic-METADATA-MULTILINGUAL,metadata,es,14,4,6,0.023077,0.023077,0.008365,not_computed,0.0,0.0,0.011322,weak_match,weak_match,comparable_same_publications_unit_period_filter_language,pending
STM-METADATA-ES,BERTopic-METADATA-MULTILINGUAL,metadata,es,14,18,9,0.043269,0.043269,0.016774,not_computed,0.0,0.0,0.021501,language_specific_match,language_specific_match,comparable_same_publications_unit_period_filter_language,pending
STM-METADATA-ES,BERTopic-METADATA-MULTILINGUAL,metadata,es,14,23,9,0.048128,0.048128,0.023054,not_computed,0.0,0.0,0.025015,language_specific_match,language_specific_match,comparable_same_publications_unit_period_filter_language,pending
STM-METADATA-ES,BERTopic-METADATA-MULTILINGUAL,metadata,es,14,22,0,0.0,0.0,0.0,not_computed,0.0,0.0,0.0,no_match,no_match,comparable_same_publications_unit_period_filter_language,pending
STM-METADATA-ES,BERTopic-METADATA-MULTILINGUAL,metadata,es,14,19,7,0.034314,0.034314,0.015201,not_computed,0.0,0.0,0.017526,weak_match,weak_match,comparable_same_publications_unit_period_filter_language,pending
STM-METADATA-ES,BERTopic-METADATA-MULTILINGUAL,metadata,es,14,2,0,0.0,0.0,0.0,not_computed,0.0,0.0,0.0,no_match,no_match,comparable_same_publications_unit_period_filter_language,pending
STM-METADATA-ES,BERTopic-METADATA-MULTILINGUAL,metadata,es,14,12,0,0.0,0.0,0.0,not_computed,0.0,0.0,0.0,no_match,no_match,comparable_same_publications_unit_period_filter_language,pending
STM-METADATA-ES,BERTopic-METADATA-MULTILINGUAL,metadata,es,14,9,1,0.005587,0.005587,0.001445,not_computed,0.0,0.0,0.002596,weak_match,weak_match,comparable_same_publications_unit_period_filter_language,pending
STM-METADATA-ES,BERTopic-METADATA-MULTILINGUAL,metadata,es,14,17,8,0.038647,0.038647,0.016405,not_computed,0.0,0.0,0.01956,weak_match,weak_match,comparable_same_publications_unit_period_filter_language,pending
STM-METADATA-ES,BERTopic-METADATA-MULTILINGUAL,metadata,es,14,31,1,0.005495,0.005495,0.002018,not_computed,0.0,0.0,0.002702,weak_match,weak_match,comparable_same_publications_unit_period_filter_language,pending
STM-METADATA-ES,BERTopic-METADATA-MULTILINGUAL,metadata,es,14,11,0,0.0,0.0,0.0,not_computed,0.0,0.0,0.0,no_match,no_match,comparable_same_publications_unit_period_filter_language,pending
STM-METADATA-ES,BERTopic-METADATA-MULTILINGUAL,metadata,es,14,21,1,0.005525,0.005525,0.002016,not_computed,0.0,0.0,0.002714,weak_match,weak_match,comparable_same_publications_unit_period_filter_language,pending
STM-METADATA-ES,BERTopic-METADATA-MULTILINGUAL,metadata,es,14,27,0,0.0,0.0,0.0,not_computed,0.0,0.0,0.0,no_match,no_match,comparable_same_publications_unit_period_filter_language,pending
STM-METADATA-ES,BERTopic-METADATA-MULTILINGUAL,metadata,es,14,30,0,0.0,0.0,0.0,not_computed,0.0,0.0,0.0,no_match,no_match,comparable_same_publications_unit_period_filter_language,pending
STM-METADATA-ES,BERTopic-METADATA-MULTILINGUAL,metadata,es,14,8,0,0.0,0.0,0.0,not_computed,0.0,0.0,0.0,no_match,no_match,comparable_same_publications_unit_period_filter_language,pending
STM-METADATA-ES,BERTopic-METADATA-MULTILINGUAL,metadata,es,14,32,0,0.0,0.0,0.0,not_computed,0.0,0.0,0.0,no_match,no_match,comparable_same_publications_unit_period_filter_language,pending
STM-METADATA-ES,BERTopic-METADATA-MULTILINGUAL,metadata,es,14,7,0,0.0,0.0,0.0,not_computed,0.0,0.0,0.0,no_match,no_match,comparable_same_publications_unit_period_filter_language,pending
STM-METADATA-ES,BERTopic-METADATA-MULTILINGUAL,metadata,es,14,16,1,0.006289,0.006289,0.00267,not_computed,0.0,0.0,0.003183,weak_match,weak_match,comparable_same_publications_unit_period_filter_language,pending
STM-METADATA-ES,BERTopic-METADATA-MULTILINGUAL,metadata,es,4,-1,34,0.027006,0.027006,0.0,not_computed,0.0,0.0,0.010802,weak_match,weak_match,comparable_same_publications_unit_period_filter_language,pending
STM-METADATA-ES,BERTopic-METADATA-MULTILINGUAL,metadata,es,4,10,4,0.027972,0.027972,0.015503,not_computed,0.0,0.0,0.015064,weak_match,weak_match,comparable_same_publications_unit_period_filter_language,pending
STM-METADATA-ES,BERTopic-METADATA-MULTILINGUAL,metadata,es,4,0,3,0.016854,0.016854,0.008567,not_computed,0.0,0.0,0.008883,weak_match,weak_match,comparable_same_publications_unit_period_filter_language,pending
STM-METADATA-ES,BERTopic-METADATA-MULTILINGUAL,metadata,es,4,5,0,0.0,0.0,0.0,not_computed,0.0,0.0,0.0,no_match,no_match,comparable_same_publications_unit_period_filter_language,pending
STM-METADATA-ES,BERTopic-METADATA-MULTILINGUAL,metadata,es,4,20,2,0.018018,0.018018,0.004178,not_computed,0.0,0.0,0.008252,weak_match,weak_match,comparable_same_publications_unit_period_filter_language,pending
STM-METADATA-ES,BERTopic-METADATA-MULTILINGUAL,metadata,es,4,29,1,0.010526,0.010526,0.004869,not_computed,0.0,0.0,0.005428,weak_match,weak_match,comparable_same_publications_unit_period_filter_language,pending
STM-METADATA-ES,BERTopic-METADATA-MULTILINGUAL,metadata,es,4,24,1,0.007937,0.007937,0.004674,not_computed,0.0,0.0,0.004343,weak_match,weak_match,comparable_same_publications_unit_period_filter_language,pending
STM-METADATA-ES,BERTopic-METADATA-MULTILINGUAL,metadata,es,4,3,4,0.0125,0.0125,0.008776,not_computed,0.0,0.0,0.007194,weak_match,weak_match,comparable_same_publications_unit_period_filter_language,pending
STM-METADATA-ES,BERTopic-METADATA-MULTILINGUAL,metadata,es,4,13,0,0.0,0.0,0.0,not_computed,0.0,0.0,0.0,no_match,no_match,comparable_same_publications_unit_period_filter_language,pending
STM-METADATA-ES,BERTopic-METADATA-MULTILINGUAL,metadata,es,4,1,19,0.130137,0.130137,0.06778,not_computed,0.086957,0.0,0.090739,STM_split_by_BERTopic,STM_split_by_BERTopic,comparable_same_publications_unit_period_filter_language,pending
STM-METADATA-ES,BERTopic-METADATA-MULTILINGUAL,metadata,es,4,15,0,0.0,0.0,0.0,not_computed,0.0,0.0,0.0,no_match,no_match,comparable_same_publications_unit_period_filter_language,pending
STM-METADATA-ES,BERTopic-METADATA-MULTILINGUAL,metadata,es,4,14,0,0.0,0.0,0.0,not_computed,0.0,0.0,0.0,no_match,no_match,comparable_same_publications_unit_period_filter_language,pending
STM-METADATA-ES,BERTopic-METADATA-MULTILINGUAL,metadata,es,4,25,3,0.031915,0.031915,0.015566,not_computed,0.0,0.0,0.016657,weak_match,weak_match,comparable_same_publications_unit_period_filter_language,pending
STM-METADATA-ES,BERTopic-METADATA-MULTILINGUAL,metadata,es,4,6,1,0.010101,0.010101,0.006857,not_computed,0.0,0.0,0.005755,weak_match,weak_match,comparable_same_publications_unit_period_filter_language,pending
STM-METADATA-ES,BERTopic-METADATA-MULTILINGUAL,metadata,es,4,4,2,0.010309,0.010309,0.005439,not_computed,0.0,0.0,0.005483,weak_match,weak_match,comparable_same_publications_unit_period_filter_language,pending
STM-METADATA-ES,BERTopic-METADATA-MULTILINGUAL,metadata,es,4,18,1,0.006849,0.006849,0.003293,not_computed,0.0,0.0,0.003563,weak_match,weak_match,comparable_same_publications_unit_period_filter_language,pending
STM-METADATA-ES,BERTopic-METADATA-MULTILINGUAL,metadata,es,4,23,0,0.0,0.0,0.0,not_computed,0.0,0.0,0.0,no_match,no_match,comparable_same_publications_unit_period_filter_language,pending
STM-METADATA-ES,BERTopic-METADATA-MULTILINGUAL,metadata,es,4,22,0,0.0,0.0,0.0,not_computed,0.0,0.0,0.0,no_match,no_match,comparable_same_publications_unit_period_filter_language,pending
STM-METADATA-ES,BERTopic-METADATA-MULTILINGUAL,metadata,es,4,19,3,0.021739,0.021739,0.009425,not_computed,0.0,0.0,0.011052,weak_match,weak_match,comparable_same_publications_unit_period_filter_language,pending
STM-METADATA-ES,BERTopic-METADATA-MULTILINGUAL,metadata,es,4,2,0,0.0,0.0,0.0,not_computed,0.0,0.0,0.0,no_match,no_match,comparable_same_publications_unit_period_filter_language,pending
STM-METADATA-ES,BERTopic-METADATA-MULTILINGUAL,metadata,es,4,12,1,0.010101,0.010101,0.00674,not_computed,0.0,0.0,0.005725,weak_match,weak_match,comparable_same_publications_unit_period_filter_language,pending
STM-METADATA-ES,BERTopic-METADATA-MULTILINGUAL,metadata,es,4,9,1,0.009174,0.009174,0.005742,not_computed,0.0,0.0,0.005105,weak_match,weak_match,comparable_same_publications_unit_period_filter_language,pending
STM-METADATA-ES,BERTopic-METADATA-MULTILINGUAL,metadata,es,4,17,0,0.0,0.0,0.0,not_computed,0.0,0.0,0.0,no_match,no_match,comparable_same_publications_unit_period_filter_language,pending
STM-METADATA-ES,BERTopic-METADATA-MULTILINGUAL,metadata,es,4,31,1,0.008929,0.008929,0.00485,not_computed,0.0,0.0,0.004784,weak_match,weak_match,comparable_same_publications_unit_period_filter_language,pending
STM-METADATA-ES,BERTopic-METADATA-MULTILINGUAL,metadata,es,4,11,0,0.0,0.0,0.0,not_computed,0.0,0.0,0.0,no_match,no_match,comparable_same_publications_unit_period_filter_language,pending
STM-METADATA-ES,BERTopic-METADATA-MULTILINGUAL,metadata,es,4,21,2,0.018182,0.018182,0.008819,not_computed,0.0,0.0,0.009477,weak_match,weak_match,comparable_same_publications_unit_period_filter_language,pending
STM-METADATA-ES,BERTopic-METADATA-MULTILINGUAL,metadata,es,4,27,1,0.011628,0.011628,0.005197,not_computed,0.0,0.0,0.005951,weak_match,weak_match,comparable_same_publications_unit_period_filter_language,pending
STM-METADATA-ES,BERTopic-METADATA-MULTILINGUAL,metadata,es,4,30,1,0.010753,0.010753,0.005792,not_computed,0.0,0.0,0.005749,weak_match,weak_match,comparable_same_publications_unit_period_filter_language,pending
STM-METADATA-ES,BERTopic-METADATA-MULTILINGUAL,metadata,es,4,8,0,0.0,0.0,0.0,not_computed,0.0,0.0,0.0,no_match,no_match,comparable_same_publications_unit_period_filter_language,pending
STM-METADATA-ES,BERTopic-METADATA-MULTILINGUAL,metadata,es,4,32,0,0.0,0.0,0.0,not_computed,0.0,0.0,0.0,no_match,no_match,comparable_same_publications_unit_period_filter_language,pending
STM-METADATA-ES,BERTopic-METADATA-MULTILINGUAL,metadata,es,4,7,0,0.0,0.0,0.0,not_computed,0.0,0.0,0.0,no_match,no_match,comparable_same_publications_unit_period_filter_language,pending
STM-METADATA-ES,BERTopic-METADATA-MULTILINGUAL,metadata,es,4,16,0,0.0,0.0,0.0,not_computed,0.0,0.0,0.0,no_match,no_match,comparable_same_publications_unit_period_filter_language,pending
STM-METADATA-ES,BERTopic-METADATA-MULTILINGUAL,metadata,es,10,-1,87,0.06682,0.06682,0.0,not_computed,0.0,0.0,0.026728,language_specific_match,language_specific_match,comparable_same_publications_unit_period_filter_language,pending
STM-METADATA-ES,BERTopic-METADATA-MULTILINGUAL,metadata,es,10,10,6,0.025316,0.025316,0.012196,not_computed,0.0,0.0,0.013176,weak_match,weak_match,comparable_same_publications_unit_period_filter_language,pending
STM-METADATA-ES,BERTopic-METADATA-MULTILINGUAL,metadata,es,10,0,8,0.02974,0.02974,0.008813,not_computed,0.0,0.0,0.014099,weak_match,weak_match,comparable_same_publications_unit_period_filter_language,pending
STM-METADATA-ES,BERTopic-METADATA-MULTILINGUAL,metadata,es,10,5,4,0.010204,0.010204,0.00319,not_computed,0.0,0.0,0.004879,weak_match,weak_match,comparable_same_publications_unit_period_filter_language,pending
STM-METADATA-ES,BERTopic-METADATA-MULTILINGUAL,metadata,es,10,20,0,0.0,0.0,0.0,not_computed,0.0,0.0,0.0,no_match,no_match,comparable_same_publications_unit_period_filter_language,pending
STM-METADATA-ES,BERTopic-METADATA-MULTILINGUAL,metadata,es,10,29,1,0.005236,0.005236,0.001425,not_computed,0.0,0.0,0.00245,weak_match,weak_match,comparable_same_publications_unit_period_filter_language,pending
STM-METADATA-ES,BERTopic-METADATA-MULTILINGUAL,metadata,es,10,24,6,0.02765,0.02765,0.01297,not_computed,0.0,0.0,0.014302,weak_match,weak_match,comparable_same_publications_unit_period_filter_language,pending
STM-METADATA-ES,BERTopic-METADATA-MULTILINGUAL,metadata,es,10,3,9,0.021898,0.021898,0.010319,not_computed,0.0,0.0,0.011339,weak_match,weak_match,comparable_same_publications_unit_period_filter_language,pending
STM-METADATA-ES,BERTopic-METADATA-MULTILINGUAL,metadata,es,10,13,5,0.024272,0.024272,0.007868,not_computed,0.0,0.0,0.011676,weak_match,weak_match,comparable_same_publications_unit_period_filter_language,pending
STM-METADATA-ES,BERTopic-METADATA-MULTILINGUAL,metadata,es,10,1,2,0.007722,0.007722,0.002274,not_computed,0.0,0.0,0.003657,weak_match,weak_match,comparable_same_publications_unit_period_filter_language,pending
STM-METADATA-ES,BERTopic-METADATA-MULTILINGUAL,metadata,es,10,15,5,0.019305,0.019305,0.007775,not_computed,0.0,0.0,0.009666,weak_match,weak_match,comparable_same_publications_unit_period_filter_language,pending
STM-METADATA-ES,BERTopic-METADATA-MULTILINGUAL,metadata,es,10,14,12,0.043796,0.043796,0.022039,not_computed,0.086957,0.0,0.044767,language_specific_match,language_specific_match,comparable_same_publications_unit_period_filter_language,pending
STM-METADATA-ES,BERTopic-METADATA-MULTILINGUAL,metadata,es,10,25,0,0.0,0.0,0.0,not_computed,0.0,0.0,0.0,no_match,no_match,comparable_same_publications_unit_period_filter_language,pending
STM-METADATA-ES,BERTopic-METADATA-MULTILINGUAL,metadata,es,10,6,1,0.005128,0.005128,0.00102,not_computed,0.0,0.0,0.002306,weak_match,weak_match,comparable_same_publications_unit_period_filter_language,pending
STM-METADATA-ES,BERTopic-METADATA-MULTILINGUAL,metadata,es,10,4,6,0.020979,0.020979,0.007459,not_computed,0.0,0.0,0.010256,weak_match,weak_match,comparable_same_publications_unit_period_filter_language,pending
STM-METADATA-ES,BERTopic-METADATA-MULTILINGUAL,metadata,es,10,18,7,0.029661,0.029661,0.010919,not_computed,0.0,0.0,0.014594,weak_match,weak_match,comparable_same_publications_unit_period_filter_language,pending
STM-METADATA-ES,BERTopic-METADATA-MULTILINGUAL,metadata,es,10,23,4,0.018349,0.018349,0.006337,not_computed,0.0,0.0,0.008924,weak_match,weak_match,comparable_same_publications_unit_period_filter_language,pending
STM-METADATA-ES,BERTopic-METADATA-MULTILINGUAL,metadata,es,10,22,4,0.018605,0.018605,0.005596,not_computed,0.0,0.0,0.008841,weak_match,weak_match,comparable_same_publications_unit_period_filter_language,pending
STM-METADATA-ES,BERTopic-METADATA-MULTILINGUAL,metadata,es,10,19,1,0.004237,0.004237,0.00169,not_computed,0.0,0.0,0.002118,weak_match,weak_match,comparable_same_publications_unit_period_filter_language,pending
STM-METADATA-ES,BERTopic-METADATA-MULTILINGUAL,metadata,es,10,2,0,0.0,0.0,0.0,not_computed,0.0,0.0,0.0,no_match,no_match,comparable_same_publications_unit_period_filter_language,pending
STM-METADATA-ES,BERTopic-METADATA-MULTILINGUAL,metadata,es,10,12,0,0.0,0.0,0.0,not_computed,0.0,0.0,0.0,no_match,no_match,comparable_same_publications_unit_period_filter_language,pending
STM-METADATA-ES,BERTopic-METADATA-MULTILINGUAL,metadata,es,10,9,1,0.004878,0.004878,0.001085,not_computed,0.0,0.0,0.002223,weak_match,weak_match,comparable_same_publications_unit_period_filter_language,pending
STM-METADATA-ES,BERTopic-METADATA-MULTILINGUAL,metadata,es,10,17,2,0.008368,0.008368,0.002935,not_computed,0.0,0.0,0.004081,weak_match,weak_match,comparable_same_publications_unit_period_filter_language,pending
STM-METADATA-ES,BERTopic-METADATA-MULTILINGUAL,metadata,es,10,31,5,0.02451,0.02451,0.009347,not_computed,0.0,0.0,0.012141,weak_match,weak_match,comparable_same_publications_unit_period_filter_language,pending
STM-METADATA-ES,BERTopic-METADATA-MULTILINGUAL,metadata,es,10,11,0,0.0,0.0,0.0,not_computed,0.0,0.0,0.0,no_match,no_match,comparable_same_publications_unit_period_filter_language,pending
STM-METADATA-ES,BERTopic-METADATA-MULTILINGUAL,metadata,es,10,21,4,0.019608,0.019608,0.008194,not_computed,0.0,0.0,0.009892,weak_match,weak_match,comparable_same_publications_unit_period_filter_language,pending
STM-METADATA-ES,BERTopic-METADATA-MULTILINGUAL,metadata,es,10,27,0,0.0,0.0,0.0,not_computed,0.0,0.0,0.0,no_match,no_match,comparable_same_publications_unit_period_filter_language,pending
STM-METADATA-ES,BERTopic-METADATA-MULTILINGUAL,metadata,es,10,30,1,0.005291,0.005291,0.003364,not_computed,0.041667,0.0,0.013374,weak_match,weak_match,comparable_same_publications_unit_period_filter_language,pending
STM-METADATA-ES,BERTopic-METADATA-MULTILINGUAL,metadata,es,10,8,0,0.0,0.0,0.0,not_computed,0.0,0.0,0.0,no_match,no_match,comparable_same_publications_unit_period_filter_language,pending
STM-METADATA-ES,BERTopic-METADATA-MULTILINGUAL,metadata,es,10,32,0,0.0,0.0,0.0,not_computed,0.0,0.0,0.0,no_match,no_match,comparable_same_publications_unit_period_filter_language,pending
STM-METADATA-ES,BERTopic-METADATA-MULTILINGUAL,metadata,es,10,7,0,0.0,0.0,0.0,not_computed,0.0,0.0,0.0,no_match,no_match,comparable_same_publications_unit_period_filter_language,pending
STM-METADATA-ES,BERTopic-METADATA-MULTILINGUAL,metadata,es,10,16,0,0.0,0.0,0.0,not_computed,0.0,0.0,0.0,no_match,no_match,comparable_same_publications_unit_period_filter_language,pending
STM-METADATA-ES,BERTopic-METADATA-MULTILINGUAL,metadata,es,9,-1,9,0.007132,0.007132,0.0,not_computed,0.0,0.0,0.002853,weak_match,weak_match,comparable_same_publications_unit_period_filter_language,pending
STM-METADATA-ES,BERTopic-METADATA-MULTILINGUAL,metadata,es,9,10,1,0.008065,0.008065,0.00404,not_computed,0.0,0.0,0.004236,weak_match,weak_match,comparable_same_publications_unit_period_filter_language,pending
STM-METADATA-ES,BERTopic-METADATA-MULTILINGUAL,metadata,es,9,0,35,0.282258,0.282258,0.125854,not_computed,0.190476,0.0,0.191986,one_to_one,one_to_one,comparable_same_publications_unit_period_filter_language,pending
STM-METADATA-ES,BERTopic-METADATA-MULTILINGUAL,metadata,es,9,5,1,0.00361,0.00361,0.001075,not_computed,0.0,0.0,0.001713,weak_match,weak_match,comparable_same_publications_unit_period_filter_language,pending
STM-METADATA-ES,BERTopic-METADATA-MULTILINGUAL,metadata,es,9,20,0,0.0,0.0,0.0,not_computed,0.0,0.0,0.0,no_match,no_match,comparable_same_publications_unit_period_filter_language,pending
STM-METADATA-ES,BERTopic-METADATA-MULTILINGUAL,metadata,es,9,29,0,0.0,0.0,0.0,not_computed,0.0,0.0,0.0,no_match,no_match,comparable_same_publications_unit_period_filter_language,pending
STM-METADATA-ES,BERTopic-METADATA-MULTILINGUAL,metadata,es,9,24,0,0.0,0.0,0.0,not_computed,0.0,0.0,0.0,no_match,no_match,comparable_same_publications_unit_period_filter_language,pending
STM-METADATA-ES,BERTopic-METADATA-MULTILINGUAL,metadata,es,9,3,0,0.0,0.0,0.0,not_computed,0.0,0.0,0.0,no_match,no_match,comparable_same_publications_unit_period_filter_language,pending
STM-METADATA-ES,BERTopic-METADATA-MULTILINGUAL,metadata,es,9,13,13,0.1625,0.1625,0.075361,not_computed,0.041667,0.0,0.094257,BERTopic_combines_STM,BERTopic_combines_STM,comparable_same_publications_unit_period_filter_language,pending
STM-METADATA-ES,BERTopic-METADATA-MULTILINGUAL,metadata,es,9,1,1,0.007042,0.007042,0.002637,not_computed,0.0,0.0,0.003476,weak_match,weak_match,comparable_same_publications_unit_period_filter_language,pending
STM-METADATA-ES,BERTopic-METADATA-MULTILINGUAL,metadata,es,9,15,1,0.006897,0.006897,0.002373,not_computed,0.0,0.0,0.003352,weak_match,weak_match,comparable_same_publications_unit_period_filter_language,pending
STM-METADATA-ES,BERTopic-METADATA-MULTILINGUAL,metadata,es,9,14,1,0.005988,0.005988,0.001585,not_computed,0.0,0.0,0.002791,weak_match,weak_match,comparable_same_publications_unit_period_filter_language,pending
STM-METADATA-ES,BERTopic-METADATA-MULTILINGUAL,metadata,es,9,25,0,0.0,0.0,0.0,not_computed,0.0,0.0,0.0,no_match,no_match,comparable_same_publications_unit_period_filter_language,pending
STM-METADATA-ES,BERTopic-METADATA-MULTILINGUAL,metadata,es,9,6,0,0.0,0.0,0.0,not_computed,0.0,0.0,0.0,no_match,no_match,comparable_same_publications_unit_period_filter_language,pending
STM-METADATA-ES,BERTopic-METADATA-MULTILINGUAL,metadata,es,9,4,0,0.0,0.0,0.0,not_computed,0.0,0.0,0.0,no_match,no_match,comparable_same_publications_unit_period_filter_language,pending
STM-METADATA-ES,BERTopic-METADATA-MULTILINGUAL,metadata,es,9,18,0,0.0,0.0,0.0,not_computed,0.0,0.0,0.0,no_match,no_match,comparable_same_publications_unit_period_filter_language,pending
STM-METADATA-ES,BERTopic-METADATA-MULTILINGUAL,metadata,es,9,23,0,0.0,0.0,0.0,not_computed,0.0,0.0,0.0,no_match,no_match,comparable_same_publications_unit_period_filter_language,pending
STM-METADATA-ES,BERTopic-METADATA-MULTILINGUAL,metadata,es,9,22,0,0.0,0.0,0.0,not_computed,0.0,0.0,0.0,no_match,no_match,comparable_same_publications_unit_period_filter_language,pending
STM-METADATA-ES,BERTopic-METADATA-MULTILINGUAL,metadata,es,9,19,1,0.008475,0.008475,0.002349,not_computed,0.0,0.0,0.003977,weak_match,weak_match,comparable_same_publications_unit_period_filter_language,pending
STM-METADATA-ES,BERTopic-METADATA-MULTILINGUAL,metadata,es,9,2,0,0.0,0.0,0.0,not_computed,0.0,0.0,0.0,no_match,no_match,comparable_same_publications_unit_period_filter_language,pending
STM-METADATA-ES,BERTopic-METADATA-MULTILINGUAL,metadata,es,9,12,0,0.0,0.0,0.0,not_computed,0.0,0.0,0.0,no_match,no_match,comparable_same_publications_unit_period_filter_language,pending
STM-METADATA-ES,BERTopic-METADATA-MULTILINGUAL,metadata,es,9,9,0,0.0,0.0,0.0,not_computed,0.0,0.0,0.0,no_match,no_match,comparable_same_publications_unit_period_filter_language,pending
STM-METADATA-ES,BERTopic-METADATA-MULTILINGUAL,metadata,es,9,17,0,0.0,0.0,0.0,not_computed,0.0,0.0,0.0,no_match,no_match,comparable_same_publications_unit_period_filter_language,pending
STM-METADATA-ES,BERTopic-METADATA-MULTILINGUAL,metadata,es,9,31,0,0.0,0.0,0.0,not_computed,0.0,0.0,0.0,no_match,no_match,comparable_same_publications_unit_period_filter_language,pending
STM-METADATA-ES,BERTopic-METADATA-MULTILINGUAL,metadata,es,9,11,0,0.0,0.0,0.0,not_computed,0.0,0.0,0.0,no_match,no_match,comparable_same_publications_unit_period_filter_language,pending
STM-METADATA-ES,BERTopic-METADATA-MULTILINGUAL,metadata,es,9,21,0,0.0,0.0,0.0,not_computed,0.0,0.0,0.0,no_match,no_match,comparable_same_publications_unit_period_filter_language,pending
STM-METADATA-ES,BERTopic-METADATA-MULTILINGUAL,metadata,es,9,27,0,0.0,0.0,0.0,not_computed,0.0,0.0,0.0,no_match,no_match,comparable_same_publications_unit_period_filter_language,pending
STM-METADATA-ES,BERTopic-METADATA-MULTILINGUAL,metadata,es,9,30,0,0.0,0.0,0.0,not_computed,0.0,0.0,0.0,no_match,no_match,comparable_same_publications_unit_period_filter_language,pending
STM-METADATA-ES,BERTopic-METADATA-MULTILINGUAL,metadata,es,9,8,0,0.0,0.0,0.0,not_computed,0.0,0.0,0.0,no_match,no_match,comparable_same_publications_unit_period_filter_language,pending
STM-METADATA-ES,BERTopic-METADATA-MULTILINGUAL,metadata,es,9,32,0,0.0,0.0,0.0,not_computed,0.0,0.0,0.0,no_match,no_match,comparable_same_publications_unit_period_filter_language,pending
STM-METADATA-ES,BERTopic-METADATA-MULTILINGUAL,metadata,es,9,7,0,0.0,0.0,0.0,not_computed,0.0,0.0,0.0,no_match,no_match,comparable_same_publications_unit_period_filter_language,pending
STM-METADATA-ES,BERTopic-METADATA-MULTILINGUAL,metadata,es,9,16,0,0.0,0.0,0.0,not_computed,0.0,0.0,0.0,no_match,no_match,comparable_same_publications_unit_period_filter_language,pending
STM-METADATA-ES,BERTopic-METADATA-MULTILINGUAL,metadata,es,1,-1,130,0.097233,0.097233,0.0,not_computed,0.0,0.0,0.038893,language_specific_match,language_specific_match,comparable_same_publications_unit_period_filter_language,pending
STM-METADATA-ES,BERTopic-METADATA-MULTILINGUAL,metadata,es,1,10,12,0.038835,0.038835,0.018013,not_computed,0.0,0.0,0.020037,language_specific_match,language_specific_match,comparable_same_publications_unit_period_filter_language,pending
STM-METADATA-ES,BERTopic-METADATA-MULTILINGUAL,metadata,es,1,0,1,0.002825,0.002825,0.000547,not_computed,0.0,0.0,0.001267,weak_match,weak_match,comparable_same_publications_unit_period_filter_language,pending
STM-METADATA-ES,BERTopic-METADATA-MULTILINGUAL,metadata,es,1,5,0,0.0,0.0,0.0,not_computed,0.0,0.0,0.0,no_match,no_match,comparable_same_publications_unit_period_filter_language,pending
STM-METADATA-ES,BERTopic-METADATA-MULTILINGUAL,metadata,es,1,20,1,0.003497,0.003497,0.000813,not_computed,0.0,0.0,0.001602,weak_match,weak_match,comparable_same_publications_unit_period_filter_language,pending
STM-METADATA-ES,BERTopic-METADATA-MULTILINGUAL,metadata,es,1,29,2,0.007463,0.007463,0.003523,not_computed,0.0,0.0,0.003866,weak_match,weak_match,comparable_same_publications_unit_period_filter_language,pending
STM-METADATA-ES,BERTopic-METADATA-MULTILINGUAL,metadata,es,1,24,6,0.020339,0.020339,0.008341,not_computed,0.0,0.0,0.010221,weak_match,weak_match,comparable_same_publications_unit_period_filter_language,pending
STM-METADATA-ES,BERTopic-METADATA-MULTILINGUAL,metadata,es,1,3,1,0.002012,0.002012,0.001279,not_computed,0.0,0.0,0.001125,weak_match,weak_match,comparable_same_publications_unit_period_filter_language,pending
STM-METADATA-ES,BERTopic-METADATA-MULTILINGUAL,metadata,es,1,13,0,0.0,0.0,0.0,not_computed,0.0,0.0,0.0,no_match,no_match,comparable_same_publications_unit_period_filter_language,pending
STM-METADATA-ES,BERTopic-METADATA-MULTILINGUAL,metadata,es,1,1,15,0.046296,0.046296,0.018694,not_computed,0.0,0.0,0.023192,language_specific_match,language_specific_match,comparable_same_publications_unit_period_filter_language,pending
STM-METADATA-ES,BERTopic-METADATA-MULTILINGUAL,metadata,es,1,15,8,0.023952,0.023952,0.009682,not_computed,0.0,0.0,0.012001,weak_match,weak_match,comparable_same_publications_unit_period_filter_language,pending
STM-METADATA-ES,BERTopic-METADATA-MULTILINGUAL,metadata,es,1,14,23,0.067449,0.067449,0.031726,not_computed,0.0,0.0,0.034911,language_specific_match,language_specific_match,comparable_same_publications_unit_period_filter_language,pending
STM-METADATA-ES,BERTopic-METADATA-MULTILINGUAL,metadata,es,1,25,5,0.018797,0.018797,0.00953,not_computed,0.0,0.0,0.009901,weak_match,weak_match,comparable_same_publications_unit_period_filter_language,pending
STM-METADATA-ES,BERTopic-METADATA-MULTILINGUAL,metadata,es,1,6,10,0.037879,0.037879,0.0161,not_computed,0.041667,0.0,0.029593,language_specific_match,language_specific_match,comparable_same_publications_unit_period_filter_language,pending
STM-METADATA-ES,BERTopic-METADATA-MULTILINGUAL,metadata,es,1,4,12,0.03352,0.03352,0.018303,not_computed,0.0,0.0,0.017984,weak_match,weak_match,comparable_same_publications_unit_period_filter_language,pending
STM-METADATA-ES,BERTopic-METADATA-MULTILINGUAL,metadata,es,1,18,7,0.022293,0.022293,0.010758,not_computed,0.0,0.0,0.011607,weak_match,weak_match,comparable_same_publications_unit_period_filter_language,pending
STM-METADATA-ES,BERTopic-METADATA-MULTILINGUAL,metadata,es,1,23,1,0.003344,0.003344,0.002735,not_computed,0.0,0.0,0.002022,weak_match,weak_match,comparable_same_publications_unit_period_filter_language,pending
STM-METADATA-ES,BERTopic-METADATA-MULTILINGUAL,metadata,es,1,22,2,0.00678,0.00678,0.002259,not_computed,0.0,0.0,0.003277,weak_match,weak_match,comparable_same_publications_unit_period_filter_language,pending
STM-METADATA-ES,BERTopic-METADATA-MULTILINGUAL,metadata,es,1,19,1,0.003185,0.003185,0.001356,not_computed,0.0,0.0,0.001613,weak_match,weak_match,comparable_same_publications_unit_period_filter_language,pending
STM-METADATA-ES,BERTopic-METADATA-MULTILINGUAL,metadata,es,1,2,1,0.00369,0.00369,0.000846,not_computed,0.0,0.0,0.001687,weak_match,weak_match,comparable_same_publications_unit_period_filter_language,pending
STM-METADATA-ES,BERTopic-METADATA-MULTILINGUAL,metadata,es,1,12,11,0.041825,0.041825,0.023657,not_computed,0.0,0.0,0.022644,language_specific_match,language_specific_match,comparable_same_publications_unit_period_filter_language,pending
STM-METADATA-ES,BERTopic-METADATA-MULTILINGUAL,metadata,es,1,9,5,0.017921,0.017921,0.00819,not_computed,0.0,0.0,0.009216,weak_match,weak_match,comparable_same_publications_unit_period_filter_language,pending
STM-METADATA-ES,BERTopic-METADATA-MULTILINGUAL,metadata,es,1,17,3,0.009494,0.009494,0.004579,not_computed,0.0,0.0,0.004942,weak_match,weak_match,comparable_same_publications_unit_period_filter_language,pending
STM-METADATA-ES,BERTopic-METADATA-MULTILINGUAL,metadata,es,1,31,0,0.0,0.0,0.0,not_computed,0.0,0.0,0.0,no_match,no_match,comparable_same_publications_unit_period_filter_language,pending
STM-METADATA-ES,BERTopic-METADATA-MULTILINGUAL,metadata,es,1,11,0,0.0,0.0,0.0,not_computed,0.0,0.0,0.0,no_match,no_match,comparable_same_publications_unit_period_filter_language,pending
STM-METADATA-ES,BERTopic-METADATA-MULTILINGUAL,metadata,es,1,21,0,0.0,0.0,0.0,not_computed,0.0,0.0,0.0,no_match,no_match,comparable_same_publications_unit_period_filter_language,pending
STM-METADATA-ES,BERTopic-METADATA-MULTILINGUAL,metadata,es,1,27,0,0.0,0.0,0.0,not_computed,0.0,0.0,0.0,no_match,no_match,comparable_same_publications_unit_period_filter_language,pending
STM-METADATA-ES,BERTopic-METADATA-MULTILINGUAL,metadata,es,1,30,2,0.007519,0.007519,0.005007,not_computed,0.0,0.0,0.004259,weak_match,weak_match,comparable_same_publications_unit_period_filter_language,pending
STM-METADATA-ES,BERTopic-METADATA-MULTILINGUAL,metadata,es,1,8,0,0.0,0.0,0.0,not_computed,0.0,0.0,0.0,no_match,no_match,comparable_same_publications_unit_period_filter_language,pending
STM-METADATA-ES,BERTopic-METADATA-MULTILINGUAL,metadata,es,1,32,0,0.0,0.0,0.0,not_computed,0.0,0.0,0.0,no_match,no_match,comparable_same_publications_unit_period_filter_language,pending
STM-METADATA-ES,BERTopic-METADATA-MULTILINGUAL,metadata,es,1,7,0,0.0,0.0,0.0,not_computed,0.0,0.0,0.0,no_match,no_match,comparable_same_publications_unit_period_filter_language,pending
STM-METADATA-ES,BERTopic-METADATA-MULTILINGUAL,metadata,es,1,16,0,0.0,0.0,0.0,not_computed,0.0,0.0,0.0,no_match,no_match,comparable_same_publications_unit_period_filter_language,pending
STM-METADATA-ES,BERTopic-METADATA-MULTILINGUAL,metadata,es,8,-1,25,0.01938,0.01938,0.0,not_computed,0.0,0.0,0.007752,weak_match,weak_match,comparable_same_publications_unit_period_filter_language,pending
STM-METADATA-ES,BERTopic-METADATA-MULTILINGUAL,metadata,es,8,10,4,0.024242,0.024242,0.00805,not_computed,0.041667,0.0,0.022126,language_specific_match,language_specific_match,comparable_same_publications_unit_period_filter_language,pending
STM-METADATA-ES,BERTopic-METADATA-MULTILINGUAL,metadata,es,8,0,1,0.00495,0.00495,0.001811,not_computed,0.0,0.0,0.002433,weak_match,weak_match,comparable_same_publications_unit_period_filter_language,pending
STM-METADATA-ES,BERTopic-METADATA-MULTILINGUAL,metadata,es,8,5,0,0.0,0.0,0.0,not_computed,0.0,0.0,0.0,no_match,no_match,comparable_same_publications_unit_period_filter_language,pending
STM-METADATA-ES,BERTopic-METADATA-MULTILINGUAL,metadata,es,8,20,0,0.0,0.0,0.0,not_computed,0.0,0.0,0.0,no_match,no_match,comparable_same_publications_unit_period_filter_language,pending
STM-METADATA-ES,BERTopic-METADATA-MULTILINGUAL,metadata,es,8,29,0,0.0,0.0,0.0,not_computed,0.0,0.0,0.0,no_match,no_match,comparable_same_publications_unit_period_filter_language,pending
STM-METADATA-ES,BERTopic-METADATA-MULTILINGUAL,metadata,es,8,24,12,0.087591,0.087591,0.04726,not_computed,0.086957,0.0,0.068591,partial_overlap,partial_overlap,comparable_same_publications_unit_period_filter_language,pending
STM-METADATA-ES,BERTopic-METADATA-MULTILINGUAL,metadata,es,8,3,0,0.0,0.0,0.0,not_computed,0.0,0.0,0.0,no_match,no_match,comparable_same_publications_unit_period_filter_language,pending
STM-METADATA-ES,BERTopic-METADATA-MULTILINGUAL,metadata,es,8,13,0,0.0,0.0,0.0,not_computed,0.0,0.0,0.0,no_match,no_match,comparable_same_publications_unit_period_filter_language,pending
STM-METADATA-ES,BERTopic-METADATA-MULTILINGUAL,metadata,es,8,1,2,0.010811,0.010811,0.004743,not_computed,0.0,0.0,0.00551,weak_match,weak_match,comparable_same_publications_unit_period_filter_language,pending
STM-METADATA-ES,BERTopic-METADATA-MULTILINGUAL,metadata,es,8,15,0,0.0,0.0,0.0,not_computed,0.0,0.0,0.0,no_match,no_match,comparable_same_publications_unit_period_filter_language,pending
STM-METADATA-ES,BERTopic-METADATA-MULTILINGUAL,metadata,es,8,14,3,0.014354,0.014354,0.005086,not_computed,0.0,0.0,0.007013,weak_match,weak_match,comparable_same_publications_unit_period_filter_language,pending
STM-METADATA-ES,BERTopic-METADATA-MULTILINGUAL,metadata,es,8,25,0,0.0,0.0,0.0,not_computed,0.0,0.0,0.0,no_match,no_match,comparable_same_publications_unit_period_filter_language,pending
STM-METADATA-ES,BERTopic-METADATA-MULTILINGUAL,metadata,es,8,6,0,0.0,0.0,0.0,not_computed,0.0,0.0,0.0,no_match,no_match,comparable_same_publications_unit_period_filter_language,pending
STM-METADATA-ES,BERTopic-METADATA-MULTILINGUAL,metadata,es,8,4,57,0.354037,0.354037,0.154372,not_computed,0.25,0.0,0.242708,one_to_one,one_to_one,comparable_same_publications_unit_period_filter_language,pending
STM-METADATA-ES,BERTopic-METADATA-MULTILINGUAL,metadata,es,8,18,0,0.0,0.0,0.0,not_computed,0.0,0.0,0.0,no_match,no_match,comparable_same_publications_unit_period_filter_language,pending
STM-METADATA-ES,BERTopic-METADATA-MULTILINGUAL,metadata,es,8,23,0,0.0,0.0,0.0,not_computed,0.0,0.0,0.0,no_match,no_match,comparable_same_publications_unit_period_filter_language,pending
STM-METADATA-ES,BERTopic-METADATA-MULTILINGUAL,metadata,es,8,22,0,0.0,0.0,0.0,not_computed,0.0,0.0,0.0,no_match,no_match,comparable_same_publications_unit_period_filter_language,pending
STM-METADATA-ES,BERTopic-METADATA-MULTILINGUAL,metadata,es,8,19,0,0.0,0.0,0.0,not_computed,0.0,0.0,0.0,no_match,no_match,comparable_same_publications_unit_period_filter_language,pending
STM-METADATA-ES,BERTopic-METADATA-MULTILINGUAL,metadata,es,8,2,0,0.0,0.0,0.0,not_computed,0.0,0.0,0.0,no_match,no_match,comparable_same_publications_unit_period_filter_language,pending
STM-METADATA-ES,BERTopic-METADATA-MULTILINGUAL,metadata,es,8,12,0,0.0,0.0,0.0,not_computed,0.0,0.0,0.0,no_match,no_match,comparable_same_publications_unit_period_filter_language,pending
STM-METADATA-ES,BERTopic-METADATA-MULTILINGUAL,metadata,es,8,9,2,0.015385,0.015385,0.00549,not_computed,0.0,0.0,0.007526,weak_match,weak_match,comparable_same_publications_unit_period_filter_language,pending
STM-METADATA-ES,BERTopic-METADATA-MULTILINGUAL,metadata,es,8,17,0,0.0,0.0,0.0,not_computed,0.0,0.0,0.0,no_match,no_match,comparable_same_publications_unit_period_filter_language,pending
STM-METADATA-ES,BERTopic-METADATA-MULTILINGUAL,metadata,es,8,31,0,0.0,0.0,0.0,not_computed,0.0,0.0,0.0,no_match,no_match,comparable_same_publications_unit_period_filter_language,pending
STM-METADATA-ES,BERTopic-METADATA-MULTILINGUAL,metadata,es,8,11,0,0.0,0.0,0.0,not_computed,0.0,0.0,0.0,no_match,no_match,comparable_same_publications_unit_period_filter_language,pending
STM-METADATA-ES,BERTopic-METADATA-MULTILINGUAL,metadata,es,8,21,0,0.0,0.0,0.0,not_computed,0.0,0.0,0.0,no_match,no_match,comparable_same_publications_unit_period_filter_language,pending
STM-METADATA-ES,BERTopic-METADATA-MULTILINGUAL,metadata,es,8,27,0,0.0,0.0,0.0,not_computed,0.0,0.0,0.0,no_match,no_match,comparable_same_publications_unit_period_filter_language,pending
STM-METADATA-ES,BERTopic-METADATA-MULTILINGUAL,metadata,es,8,30,1,0.008696,0.008696,0.003627,not_computed,0.0,0.0,0.004385,weak_match,weak_match,comparable_same_publications_unit_period_filter_language,pending
STM-METADATA-ES,BERTopic-METADATA-MULTILINGUAL,metadata,es,8,8,0,0.0,0.0,0.0,not_computed,0.0,0.0,0.0,no_match,no_match,comparable_same_publications_unit_period_filter_language,pending
STM-METADATA-ES,BERTopic-METADATA-MULTILINGUAL,metadata,es,8,32,0,0.0,0.0,0.0,not_computed,0.0,0.0,0.0,no_match,no_match,comparable_same_publications_unit_period_filter_language,pending
STM-METADATA-ES,BERTopic-METADATA-MULTILINGUAL,metadata,es,8,7,0,0.0,0.0,0.0,not_computed,0.0,0.0,0.0,no_match,no_match,comparable_same_publications_unit_period_filter_language,pending
STM-METADATA-ES,BERTopic-METADATA-MULTILINGUAL,metadata,es,8,16,0,0.0,0.0,0.0,not_computed,0.0,0.0,0.0,no_match,no_match,comparable_same_publications_unit_period_filter_language,pending
STM-METADATA-ES,BERTopic-METADATA-MULTILINGUAL,metadata,es,16,-1,140,0.092287,0.092287,0.0,not_computed,0.0,0.0,0.036915,language_specific_match,language_specific_match,comparable_same_publications_unit_period_filter_language,pending
STM-METADATA-ES,BERTopic-METADATA-MULTILINGUAL,metadata,es,16,10,0,0.0,0.0,0.0,not_computed,0.0,0.0,0.0,no_match,no_match,comparable_same_publications_unit_period_filter_language,pending
STM-METADATA-ES,BERTopic-METADATA-MULTILINGUAL,metadata,es,16,0,5,0.009259,0.009259,0.004111,not_computed,0.0,0.0,0.004731,weak_match,weak_match,comparable_same_publications_unit_period_filter_language,pending
STM-METADATA-ES,BERTopic-METADATA-MULTILINGUAL,metadata,es,16,5,161,0.32008,0.32008,0.181419,not_computed,0.041667,0.0,0.183803,one_to_one,one_to_one,comparable_same_publications_unit_period_filter_language,pending
STM-METADATA-ES,BERTopic-METADATA-MULTILINGUAL,metadata,es,16,20,4,0.008457,0.008457,0.004158,not_computed,0.0,0.0,0.004422,weak_match,weak_match,comparable_same_publications_unit_period_filter_language,pending
STM-METADATA-ES,BERTopic-METADATA-MULTILINGUAL,metadata,es,16,29,0,0.0,0.0,0.0,not_computed,0.0,0.0,0.0,no_match,no_match,comparable_same_publications_unit_period_filter_language,pending
STM-METADATA-ES,BERTopic-METADATA-MULTILINGUAL,metadata,es,16,24,0,0.0,0.0,0.0,not_computed,0.0,0.0,0.0,no_match,no_match,comparable_same_publications_unit_period_filter_language,pending
STM-METADATA-ES,BERTopic-METADATA-MULTILINGUAL,metadata,es,16,3,116,0.202797,0.202797,0.121231,not_computed,0.041667,0.0,0.121843,BERTopic_combines_STM,BERTopic_combines_STM,comparable_same_publications_unit_period_filter_language,pending
STM-METADATA-ES,BERTopic-METADATA-MULTILINGUAL,metadata,es,16,13,0,0.0,0.0,0.0,not_computed,0.0,0.0,0.0,no_match,no_match,comparable_same_publications_unit_period_filter_language,pending
STM-METADATA-ES,BERTopic-METADATA-MULTILINGUAL,metadata,es,16,1,2,0.003795,0.003795,0.001638,not_computed,0.0,0.0,0.001927,weak_match,weak_match,comparable_same_publications_unit_period_filter_language,pending
STM-METADATA-ES,BERTopic-METADATA-MULTILINGUAL,metadata,es,16,15,4,0.007576,0.007576,0.004273,not_computed,0.0,0.0,0.004099,weak_match,weak_match,comparable_same_publications_unit_period_filter_language,pending
STM-METADATA-ES,BERTopic-METADATA-MULTILINGUAL,metadata,es,16,14,0,0.0,0.0,0.0,not_computed,0.0,0.0,0.0,no_match,no_match,comparable_same_publications_unit_period_filter_language,pending
STM-METADATA-ES,BERTopic-METADATA-MULTILINGUAL,metadata,es,16,25,0,0.0,0.0,0.0,not_computed,0.0,0.0,0.0,no_match,no_match,comparable_same_publications_unit_period_filter_language,pending
STM-METADATA-ES,BERTopic-METADATA-MULTILINGUAL,metadata,es,16,6,0,0.0,0.0,0.0,not_computed,0.0,0.0,0.0,no_match,no_match,comparable_same_publications_unit_period_filter_language,pending
STM-METADATA-ES,BERTopic-METADATA-MULTILINGUAL,metadata,es,16,4,2,0.003584,0.003584,0.001973,not_computed,0.0,0.0,0.001927,weak_match,weak_match,comparable_same_publications_unit_period_filter_language,pending
STM-METADATA-ES,BERTopic-METADATA-MULTILINGUAL,metadata,es,16,18,0,0.0,0.0,0.0,not_computed,0.0,0.0,0.0,no_match,no_match,comparable_same_publications_unit_period_filter_language,pending
STM-METADATA-ES,BERTopic-METADATA-MULTILINGUAL,metadata,es,16,23,0,0.0,0.0,0.0,not_computed,0.0,0.0,0.0,no_match,no_match,comparable_same_publications_unit_period_filter_language,pending
STM-METADATA-ES,BERTopic-METADATA-MULTILINGUAL,metadata,es,16,22,1,0.002058,0.002058,0.001033,not_computed,0.0,0.0,0.001081,weak_match,weak_match,comparable_same_publications_unit_period_filter_language,pending
STM-METADATA-ES,BERTopic-METADATA-MULTILINGUAL,metadata,es,16,19,1,0.001984,0.001984,0.001314,not_computed,0.0,0.0,0.001122,weak_match,weak_match,comparable_same_publications_unit_period_filter_language,pending
STM-METADATA-ES,BERTopic-METADATA-MULTILINGUAL,metadata,es,16,2,0,0.0,0.0,0.0,not_computed,0.0,0.0,0.0,no_match,no_match,comparable_same_publications_unit_period_filter_language,pending
STM-METADATA-ES,BERTopic-METADATA-MULTILINGUAL,metadata,es,16,12,0,0.0,0.0,0.0,not_computed,0.0,0.0,0.0,no_match,no_match,comparable_same_publications_unit_period_filter_language,pending
STM-METADATA-ES,BERTopic-METADATA-MULTILINGUAL,metadata,es,16,9,0,0.0,0.0,0.0,not_computed,0.0,0.0,0.0,no_match,no_match,comparable_same_publications_unit_period_filter_language,pending
STM-METADATA-ES,BERTopic-METADATA-MULTILINGUAL,metadata,es,16,17,4,0.007921,0.007921,0.003419,not_computed,0.0,0.0,0.004023,weak_match,weak_match,comparable_same_publications_unit_period_filter_language,pending
STM-METADATA-ES,BERTopic-METADATA-MULTILINGUAL,metadata,es,16,31,6,0.012739,0.012739,0.007727,not_computed,0.0,0.0,0.007027,weak_match,weak_match,comparable_same_publications_unit_period_filter_language,pending
STM-METADATA-ES,BERTopic-METADATA-MULTILINGUAL,metadata,es,16,11,0,0.0,0.0,0.0,not_computed,0.0,0.0,0.0,no_match,no_match,comparable_same_publications_unit_period_filter_language,pending
STM-METADATA-ES,BERTopic-METADATA-MULTILINGUAL,metadata,es,16,21,1,0.002105,0.002105,0.000489,not_computed,0.0,0.0,0.000964,weak_match,weak_match,comparable_same_publications_unit_period_filter_language,pending
STM-METADATA-ES,BERTopic-METADATA-MULTILINGUAL,metadata,es,16,27,0,0.0,0.0,0.0,not_computed,0.0,0.0,0.0,no_match,no_match,comparable_same_publications_unit_period_filter_language,pending
STM-METADATA-ES,BERTopic-METADATA-MULTILINGUAL,metadata,es,16,30,0,0.0,0.0,0.0,not_computed,0.0,0.0,0.0,no_match,no_match,comparable_same_publications_unit_period_filter_language,pending
STM-METADATA-ES,BERTopic-METADATA-MULTILINGUAL,metadata,es,16,8,2,0.004425,0.004425,0.002138,not_computed,0.0,0.0,0.002304,weak_match,weak_match,comparable_same_publications_unit_period_filter_language,pending
STM-METADATA-ES,BERTopic-METADATA-MULTILINGUAL,metadata,es,16,32,0,0.0,0.0,0.0,not_computed,0.0,0.0,0.0,no_match,no_match,comparable_same_publications_unit_period_filter_language,pending
STM-METADATA-ES,BERTopic-METADATA-MULTILINGUAL,metadata,es,16,7,0,0.0,0.0,0.0,not_computed,0.0,0.0,0.0,no_match,no_match,comparable_same_publications_unit_period_filter_language,pending
STM-METADATA-ES,BERTopic-METADATA-MULTILINGUAL,metadata,es,16,16,0,0.0,0.0,0.0,not_computed,0.0,0.0,0.0,no_match,no_match,comparable_same_publications_unit_period_filter_language,pending
STM-METADATA-ES,BERTopic-METADATA-MULTILINGUAL,metadata,es,3,-1,64,0.049536,0.049536,0.0,not_computed,0.0,0.0,0.019814,weak_match,weak_match,comparable_same_publications_unit_period_filter_language,pending
STM-METADATA-ES,BERTopic-METADATA-MULTILINGUAL,metadata,es,3,10,7,0.034483,0.034483,0.014595,not_computed,0.0,0.0,0.017442,weak_match,weak_match,comparable_same_publications_unit_period_filter_language,pending
STM-METADATA-ES,BERTopic-METADATA-MULTILINGUAL,metadata,es,3,0,13,0.056277,0.056277,0.025401,not_computed,0.0,0.0,0.028861,language_specific_match,language_specific_match,comparable_same_publications_unit_period_filter_language,pending
STM-METADATA-ES,BERTopic-METADATA-MULTILINGUAL,metadata,es,3,5,0,0.0,0.0,0.0,not_computed,0.0,0.0,0.0,no_match,no_match,comparable_same_publications_unit_period_filter_language,pending
STM-METADATA-ES,BERTopic-METADATA-MULTILINGUAL,metadata,es,3,20,0,0.0,0.0,0.0,not_computed,0.0,0.0,0.0,no_match,no_match,comparable_same_publications_unit_period_filter_language,pending
STM-METADATA-ES,BERTopic-METADATA-MULTILINGUAL,metadata,es,3,29,1,0.006329,0.006329,0.004727,not_computed,0.0,0.0,0.003713,weak_match,weak_match,comparable_same_publications_unit_period_filter_language,pending
STM-METADATA-ES,BERTopic-METADATA-MULTILINGUAL,metadata,es,3,24,11,0.061453,0.061453,0.027882,not_computed,0.0,0.0,0.031552,language_specific_match,language_specific_match,comparable_same_publications_unit_period_filter_language,pending
STM-METADATA-ES,BERTopic-METADATA-MULTILINGUAL,metadata,es,3,3,1,0.002591,0.002591,0.00101,not_computed,0.0,0.0,0.001289,weak_match,weak_match,comparable_same_publications_unit_period_filter_language,pending
STM-METADATA-ES,BERTopic-METADATA-MULTILINGUAL,metadata,es,3,13,2,0.011364,0.011364,0.00481,not_computed,0.0,0.0,0.005748,weak_match,weak_match,comparable_same_publications_unit_period_filter_language,pending
STM-METADATA-ES,BERTopic-METADATA-MULTILINGUAL,metadata,es,3,1,10,0.045872,0.045872,0.017373,not_computed,0.0,0.0,0.022692,language_specific_match,language_specific_match,comparable_same_publications_unit_period_filter_language,pending
STM-METADATA-ES,BERTopic-METADATA-MULTILINGUAL,metadata,es,3,15,1,0.004348,0.004348,0.001352,not_computed,0.0,0.0,0.002077,weak_match,weak_match,comparable_same_publications_unit_period_filter_language,pending
STM-METADATA-ES,BERTopic-METADATA-MULTILINGUAL,metadata,es,3,14,6,0.024291,0.024291,0.013982,not_computed,0.0,0.0,0.013212,weak_match,weak_match,comparable_same_publications_unit_period_filter_language,pending
STM-METADATA-ES,BERTopic-METADATA-MULTILINGUAL,metadata,es,3,25,0,0.0,0.0,0.0,not_computed,0.0,0.0,0.0,no_match,no_match,comparable_same_publications_unit_period_filter_language,pending
STM-METADATA-ES,BERTopic-METADATA-MULTILINGUAL,metadata,es,3,6,1,0.006173,0.006173,0.001922,not_computed,0.0,0.0,0.00295,weak_match,weak_match,comparable_same_publications_unit_period_filter_language,pending
STM-METADATA-ES,BERTopic-METADATA-MULTILINGUAL,metadata,es,3,4,0,0.0,0.0,0.0,not_computed,0.0,0.0,0.0,no_match,no_match,comparable_same_publications_unit_period_filter_language,pending
STM-METADATA-ES,BERTopic-METADATA-MULTILINGUAL,metadata,es,3,18,7,0.034483,0.034483,0.019069,not_computed,0.0,0.0,0.01856,weak_match,weak_match,comparable_same_publications_unit_period_filter_language,pending
STM-METADATA-ES,BERTopic-METADATA-MULTILINGUAL,metadata,es,3,23,1,0.005319,0.005319,0.001807,not_computed,0.0,0.0,0.002579,weak_match,weak_match,comparable_same_publications_unit_period_filter_language,pending
STM-METADATA-ES,BERTopic-METADATA-MULTILINGUAL,metadata,es,3,22,2,0.01087,0.01087,0.003247,not_computed,0.0,0.0,0.005159,weak_match,weak_match,comparable_same_publications_unit_period_filter_language,pending
STM-METADATA-ES,BERTopic-METADATA-MULTILINGUAL,metadata,es,3,19,9,0.046154,0.046154,0.021079,not_computed,0.0,0.0,0.023731,language_specific_match,language_specific_match,comparable_same_publications_unit_period_filter_language,pending
STM-METADATA-ES,BERTopic-METADATA-MULTILINGUAL,metadata,es,3,2,2,0.012579,0.012579,0.003713,not_computed,0.0,0.0,0.00596,weak_match,weak_match,comparable_same_publications_unit_period_filter_language,pending
STM-METADATA-ES,BERTopic-METADATA-MULTILINGUAL,metadata,es,3,12,0,0.0,0.0,0.0,not_computed,0.0,0.0,0.0,no_match,no_match,comparable_same_publications_unit_period_filter_language,pending
STM-METADATA-ES,BERTopic-METADATA-MULTILINGUAL,metadata,es,3,9,1,0.005814,0.005814,0.002455,not_computed,0.0,0.0,0.002939,weak_match,weak_match,comparable_same_publications_unit_period_filter_language,pending
STM-METADATA-ES,BERTopic-METADATA-MULTILINGUAL,metadata,es,3,17,1,0.004831,0.004831,0.002593,not_computed,0.0,0.0,0.002581,weak_match,weak_match,comparable_same_publications_unit_period_filter_language,pending
STM-METADATA-ES,BERTopic-METADATA-MULTILINGUAL,metadata,es,3,31,1,0.005714,0.005714,0.00259,not_computed,0.0,0.0,0.002933,weak_match,weak_match,comparable_same_publications_unit_period_filter_language,pending
STM-METADATA-ES,BERTopic-METADATA-MULTILINGUAL,metadata,es,3,11,1,0.006494,0.006494,0.002542,not_computed,0.0,0.0,0.003233,weak_match,weak_match,comparable_same_publications_unit_period_filter_language,pending
STM-METADATA-ES,BERTopic-METADATA-MULTILINGUAL,metadata,es,3,21,5,0.029412,0.029412,0.014097,not_computed,0.0,0.0,0.015289,weak_match,weak_match,comparable_same_publications_unit_period_filter_language,pending
STM-METADATA-ES,BERTopic-METADATA-MULTILINGUAL,metadata,es,3,27,0,0.0,0.0,0.0,not_computed,0.0,0.0,0.0,no_match,no_match,comparable_same_publications_unit_period_filter_language,pending
STM-METADATA-ES,BERTopic-METADATA-MULTILINGUAL,metadata,es,3,30,1,0.00641,0.00641,0.00548,not_computed,0.0,0.0,0.003934,weak_match,weak_match,comparable_same_publications_unit_period_filter_language,pending
STM-METADATA-ES,BERTopic-METADATA-MULTILINGUAL,metadata,es,3,8,0,0.0,0.0,0.0,not_computed,0.0,0.0,0.0,no_match,no_match,comparable_same_publications_unit_period_filter_language,pending
STM-METADATA-ES,BERTopic-METADATA-MULTILINGUAL,metadata,es,3,32,0,0.0,0.0,0.0,not_computed,0.0,0.0,0.0,no_match,no_match,comparable_same_publications_unit_period_filter_language,pending
STM-METADATA-ES,BERTopic-METADATA-MULTILINGUAL,metadata,es,3,7,0,0.0,0.0,0.0,not_computed,0.0,0.0,0.0,no_match,no_match,comparable_same_publications_unit_period_filter_language,pending
STM-METADATA-ES,BERTopic-METADATA-MULTILINGUAL,metadata,es,3,16,0,0.0,0.0,0.0,not_computed,0.0,0.0,0.0,no_match,no_match,comparable_same_publications_unit_period_filter_language,pending
STM-METADATA-ES,BERTopic-METADATA-MULTILINGUAL,metadata,es,18,-1,28,0.022617,0.022617,0.0,not_computed,0.0,0.0,0.009047,weak_match,weak_match,comparable_same_publications_unit_period_filter_language,pending
STM-METADATA-ES,BERTopic-METADATA-MULTILINGUAL,metadata,es,18,10,8,0.071429,0.071429,0.022909,not_computed,0.0,0.0,0.034299,language_specific_match,language_specific_match,comparable_same_publications_unit_period_filter_language,pending
STM-METADATA-ES,BERTopic-METADATA-MULTILINGUAL,metadata,es,18,0,0,0.0,0.0,0.0,not_computed,0.0,0.0,0.0,no_match,no_match,comparable_same_publications_unit_period_filter_language,pending
STM-METADATA-ES,BERTopic-METADATA-MULTILINGUAL,metadata,es,18,5,4,0.01487,0.01487,0.005102,not_computed,0.0,0.0,0.007223,weak_match,weak_match,comparable_same_publications_unit_period_filter_language,pending
STM-METADATA-ES,BERTopic-METADATA-MULTILINGUAL,metadata,es,18,20,6,0.075,0.075,0.023341,not_computed,0.086957,0.0,0.057574,partial_overlap,partial_overlap,comparable_same_publications_unit_period_filter_language,pending
STM-METADATA-ES,BERTopic-METADATA-MULTILINGUAL,metadata,es,18,29,2,0.029851,0.029851,0.011566,not_computed,0.0,0.0,0.014832,weak_match,weak_match,comparable_same_publications_unit_period_filter_language,pending
STM-METADATA-ES,BERTopic-METADATA-MULTILINGUAL,metadata,es,18,24,0,0.0,0.0,0.0,not_computed,0.0,0.0,0.0,no_match,no_match,comparable_same_publications_unit_period_filter_language,pending
STM-METADATA-ES,BERTopic-METADATA-MULTILINGUAL,metadata,es,18,3,2,0.00678,0.00678,0.003424,not_computed,0.0,0.0,0.003568,weak_match,weak_match,comparable_same_publications_unit_period_filter_language,pending
STM-METADATA-ES,BERTopic-METADATA-MULTILINGUAL,metadata,es,18,13,0,0.0,0.0,0.0,not_computed,0.0,0.0,0.0,no_match,no_match,comparable_same_publications_unit_period_filter_language,pending
STM-METADATA-ES,BERTopic-METADATA-MULTILINGUAL,metadata,es,18,1,0,0.0,0.0,0.0,not_computed,0.0,0.0,0.0,no_match,no_match,comparable_same_publications_unit_period_filter_language,pending
STM-METADATA-ES,BERTopic-METADATA-MULTILINGUAL,metadata,es,18,15,0,0.0,0.0,0.0,not_computed,0.0,0.0,0.0,no_match,no_match,comparable_same_publications_unit_period_filter_language,pending
STM-METADATA-ES,BERTopic-METADATA-MULTILINGUAL,metadata,es,18,14,2,0.012422,0.012422,0.00729,not_computed,0.0,0.0,0.006792,weak_match,weak_match,comparable_same_publications_unit_period_filter_language,pending
STM-METADATA-ES,BERTopic-METADATA-MULTILINGUAL,metadata,es,18,25,1,0.014493,0.014493,0.003842,not_computed,0.0,0.0,0.006758,weak_match,weak_match,comparable_same_publications_unit_period_filter_language,pending
STM-METADATA-ES,BERTopic-METADATA-MULTILINGUAL,metadata,es,18,6,0,0.0,0.0,0.0,not_computed,0.0,0.0,0.0,no_match,no_match,comparable_same_publications_unit_period_filter_language,pending
STM-METADATA-ES,BERTopic-METADATA-MULTILINGUAL,metadata,es,18,4,0,0.0,0.0,0.0,not_computed,0.0,0.0,0.0,no_match,no_match,comparable_same_publications_unit_period_filter_language,pending
STM-METADATA-ES,BERTopic-METADATA-MULTILINGUAL,metadata,es,18,18,0,0.0,0.0,0.0,not_computed,0.0,0.0,0.0,no_match,no_match,comparable_same_publications_unit_period_filter_language,pending
STM-METADATA-ES,BERTopic-METADATA-MULTILINGUAL,metadata,es,18,23,0,0.0,0.0,0.0,not_computed,0.0,0.0,0.0,no_match,no_match,comparable_same_publications_unit_period_filter_language,pending
STM-METADATA-ES,BERTopic-METADATA-MULTILINGUAL,metadata,es,18,22,0,0.0,0.0,0.0,not_computed,0.0,0.0,0.0,no_match,no_match,comparable_same_publications_unit_period_filter_language,pending
STM-METADATA-ES,BERTopic-METADATA-MULTILINGUAL,metadata,es,18,19,0,0.0,0.0,0.0,not_computed,0.0,0.0,0.0,no_match,no_match,comparable_same_publications_unit_period_filter_language,pending
STM-METADATA-ES,BERTopic-METADATA-MULTILINGUAL,metadata,es,18,2,0,0.0,0.0,0.0,not_computed,0.0,0.0,0.0,no_match,no_match,comparable_same_publications_unit_period_filter_language,pending
STM-METADATA-ES,BERTopic-METADATA-MULTILINGUAL,metadata,es,18,12,0,0.0,0.0,0.0,not_computed,0.0,0.0,0.0,no_match,no_match,comparable_same_publications_unit_period_filter_language,pending
STM-METADATA-ES,BERTopic-METADATA-MULTILINGUAL,metadata,es,18,9,1,0.012195,0.012195,0.004609,not_computed,0.0,0.0,0.00603,weak_match,weak_match,comparable_same_publications_unit_period_filter_language,pending
STM-METADATA-ES,BERTopic-METADATA-MULTILINGUAL,metadata,es,18,17,2,0.017241,0.017241,0.005243,not_computed,0.0,0.0,0.008207,weak_match,weak_match,comparable_same_publications_unit_period_filter_language,pending
STM-METADATA-ES,BERTopic-METADATA-MULTILINGUAL,metadata,es,18,31,1,0.011765,0.011765,0.003831,not_computed,0.0,0.0,0.005664,weak_match,weak_match,comparable_same_publications_unit_period_filter_language,pending
STM-METADATA-ES,BERTopic-METADATA-MULTILINGUAL,metadata,es,18,11,1,0.015625,0.015625,0.004417,not_computed,0.0,0.0,0.007354,weak_match,weak_match,comparable_same_publications_unit_period_filter_language,pending
STM-METADATA-ES,BERTopic-METADATA-MULTILINGUAL,metadata,es,18,21,0,0.0,0.0,0.0,not_computed,0.0,0.0,0.0,no_match,no_match,comparable_same_publications_unit_period_filter_language,pending
STM-METADATA-ES,BERTopic-METADATA-MULTILINGUAL,metadata,es,18,27,0,0.0,0.0,0.0,not_computed,0.0,0.0,0.0,no_match,no_match,comparable_same_publications_unit_period_filter_language,pending
STM-METADATA-ES,BERTopic-METADATA-MULTILINGUAL,metadata,es,18,30,0,0.0,0.0,0.0,not_computed,0.0,0.0,0.0,no_match,no_match,comparable_same_publications_unit_period_filter_language,pending
STM-METADATA-ES,BERTopic-METADATA-MULTILINGUAL,metadata,es,18,8,0,0.0,0.0,0.0,not_computed,0.0,0.0,0.0,no_match,no_match,comparable_same_publications_unit_period_filter_language,pending
STM-METADATA-ES,BERTopic-METADATA-MULTILINGUAL,metadata,es,18,32,0,0.0,0.0,0.0,not_computed,0.0,0.0,0.0,no_match,no_match,comparable_same_publications_unit_period_filter_language,pending
STM-METADATA-ES,BERTopic-METADATA-MULTILINGUAL,metadata,es,18,7,0,0.0,0.0,0.0,not_computed,0.0,0.0,0.0,no_match,no_match,comparable_same_publications_unit_period_filter_language,pending
STM-METADATA-ES,BERTopic-METADATA-MULTILINGUAL,metadata,es,18,16,0,0.0,0.0,0.0,not_computed,0.0,0.0,0.0,no_match,no_match,comparable_same_publications_unit_period_filter_language,pending
STM-METADATA-ES,BERTopic-METADATA-MULTILINGUAL,metadata,es,7,-1,42,0.033735,0.033735,0.0,not_computed,0.0,0.0,0.013494,weak_match,weak_match,comparable_same_publications_unit_period_filter_language,pending
STM-METADATA-ES,BERTopic-METADATA-MULTILINGUAL,metadata,es,7,10,0,0.0,0.0,0.0,not_computed,0.0,0.0,0.0,no_match,no_match,comparable_same_publications_unit_period_filter_language,pending
STM-METADATA-ES,BERTopic-METADATA-MULTILINGUAL,metadata,es,7,0,3,0.017442,0.017442,0.006241,not_computed,0.0,0.0,0.008537,weak_match,weak_match,comparable_same_publications_unit_period_filter_language,pending
STM-METADATA-ES,BERTopic-METADATA-MULTILINGUAL,metadata,es,7,5,2,0.006849,0.006849,0.002197,not_computed,0.0,0.0,0.003289,weak_match,weak_match,comparable_same_publications_unit_period_filter_language,pending
STM-METADATA-ES,BERTopic-METADATA-MULTILINGUAL,metadata,es,7,20,0,0.0,0.0,0.0,not_computed,0.0,0.0,0.0,no_match,no_match,comparable_same_publications_unit_period_filter_language,pending
STM-METADATA-ES,BERTopic-METADATA-MULTILINGUAL,metadata,es,7,29,0,0.0,0.0,0.0,not_computed,0.0,0.0,0.0,no_match,no_match,comparable_same_publications_unit_period_filter_language,pending
STM-METADATA-ES,BERTopic-METADATA-MULTILINGUAL,metadata,es,7,24,0,0.0,0.0,0.0,not_computed,0.0,0.0,0.0,no_match,no_match,comparable_same_publications_unit_period_filter_language,pending
STM-METADATA-ES,BERTopic-METADATA-MULTILINGUAL,metadata,es,7,3,24,0.081633,0.081633,0.050472,not_computed,0.0,0.0,0.045271,language_specific_match,language_specific_match,comparable_same_publications_unit_period_filter_language,pending
STM-METADATA-ES,BERTopic-METADATA-MULTILINGUAL,metadata,es,7,13,0,0.0,0.0,0.0,not_computed,0.0,0.0,0.0,no_match,no_match,comparable_same_publications_unit_period_filter_language,pending
STM-METADATA-ES,BERTopic-METADATA-MULTILINGUAL,metadata,es,7,1,2,0.012739,0.012739,0.009401,not_computed,0.0,0.0,0.007446,weak_match,weak_match,comparable_same_publications_unit_period_filter_language,pending
STM-METADATA-ES,BERTopic-METADATA-MULTILINGUAL,metadata,es,7,15,2,0.0125,0.0125,0.003564,not_computed,0.0,0.0,0.005891,weak_match,weak_match,comparable_same_publications_unit_period_filter_language,pending
STM-METADATA-ES,BERTopic-METADATA-MULTILINGUAL,metadata,es,7,14,1,0.005464,0.005464,0.002522,not_computed,0.0,0.0,0.002816,weak_match,weak_match,comparable_same_publications_unit_period_filter_language,pending
STM-METADATA-ES,BERTopic-METADATA-MULTILINGUAL,metadata,es,7,25,0,0.0,0.0,0.0,not_computed,0.0,0.0,0.0,no_match,no_match,comparable_same_publications_unit_period_filter_language,pending
STM-METADATA-ES,BERTopic-METADATA-MULTILINGUAL,metadata,es,7,6,0,0.0,0.0,0.0,not_computed,0.0,0.0,0.0,no_match,no_match,comparable_same_publications_unit_period_filter_language,pending
STM-METADATA-ES,BERTopic-METADATA-MULTILINGUAL,metadata,es,7,4,0,0.0,0.0,0.0,not_computed,0.0,0.0,0.0,no_match,no_match,comparable_same_publications_unit_period_filter_language,pending
STM-METADATA-ES,BERTopic-METADATA-MULTILINGUAL,metadata,es,7,18,0,0.0,0.0,0.0,not_computed,0.0,0.0,0.0,no_match,no_match,comparable_same_publications_unit_period_filter_language,pending
STM-METADATA-ES,BERTopic-METADATA-MULTILINGUAL,metadata,es,7,23,0,0.0,0.0,0.0,not_computed,0.0,0.0,0.0,no_match,no_match,comparable_same_publications_unit_period_filter_language,pending
STM-METADATA-ES,BERTopic-METADATA-MULTILINGUAL,metadata,es,7,22,0,0.0,0.0,0.0,not_computed,0.0,0.0,0.0,no_match,no_match,comparable_same_publications_unit_period_filter_language,pending
STM-METADATA-ES,BERTopic-METADATA-MULTILINGUAL,metadata,es,7,19,0,0.0,0.0,0.0,not_computed,0.0,0.0,0.0,no_match,no_match,comparable_same_publications_unit_period_filter_language,pending
STM-METADATA-ES,BERTopic-METADATA-MULTILINGUAL,metadata,es,7,2,0,0.0,0.0,0.0,not_computed,0.0,0.0,0.0,no_match,no_match,comparable_same_publications_unit_period_filter_language,pending
STM-METADATA-ES,BERTopic-METADATA-MULTILINGUAL,metadata,es,7,12,0,0.0,0.0,0.0,not_computed,0.0,0.0,0.0,no_match,no_match,comparable_same_publications_unit_period_filter_language,pending
STM-METADATA-ES,BERTopic-METADATA-MULTILINGUAL,metadata,es,7,9,0,0.0,0.0,0.0,not_computed,0.0,0.0,0.0,no_match,no_match,comparable_same_publications_unit_period_filter_language,pending
STM-METADATA-ES,BERTopic-METADATA-MULTILINGUAL,metadata,es,7,17,1,0.007246,0.007246,0.002158,not_computed,0.0,0.0,0.003438,weak_match,weak_match,comparable_same_publications_unit_period_filter_language,pending
STM-METADATA-ES,BERTopic-METADATA-MULTILINGUAL,metadata,es,7,31,2,0.019048,0.019048,0.005154,not_computed,0.0,0.0,0.008907,weak_match,weak_match,comparable_same_publications_unit_period_filter_language,pending
STM-METADATA-ES,BERTopic-METADATA-MULTILINGUAL,metadata,es,7,11,0,0.0,0.0,0.0,not_computed,0.0,0.0,0.0,no_match,no_match,comparable_same_publications_unit_period_filter_language,pending
STM-METADATA-ES,BERTopic-METADATA-MULTILINGUAL,metadata,es,7,21,0,0.0,0.0,0.0,not_computed,0.0,0.0,0.0,no_match,no_match,comparable_same_publications_unit_period_filter_language,pending
STM-METADATA-ES,BERTopic-METADATA-MULTILINGUAL,metadata,es,7,27,0,0.0,0.0,0.0,not_computed,0.0,0.0,0.0,no_match,no_match,comparable_same_publications_unit_period_filter_language,pending
STM-METADATA-ES,BERTopic-METADATA-MULTILINGUAL,metadata,es,7,30,0,0.0,0.0,0.0,not_computed,0.0,0.0,0.0,no_match,no_match,comparable_same_publications_unit_period_filter_language,pending
STM-METADATA-ES,BERTopic-METADATA-MULTILINGUAL,metadata,es,7,8,0,0.0,0.0,0.0,not_computed,0.086957,0.0,0.021739,language_specific_match,language_specific_match,comparable_same_publications_unit_period_filter_language,pending
STM-METADATA-ES,BERTopic-METADATA-MULTILINGUAL,metadata,es,7,32,0,0.0,0.0,0.0,not_computed,0.0,0.0,0.0,no_match,no_match,comparable_same_publications_unit_period_filter_language,pending
STM-METADATA-ES,BERTopic-METADATA-MULTILINGUAL,metadata,es,7,7,0,0.0,0.0,0.0,not_computed,0.0,0.0,0.0,no_match,no_match,comparable_same_publications_unit_period_filter_language,pending
STM-METADATA-ES,BERTopic-METADATA-MULTILINGUAL,metadata,es,7,16,0,0.0,0.0,0.0,not_computed,0.0,0.0,0.0,no_match,no_match,comparable_same_publications_unit_period_filter_language,pending
STM-METADATA-ES,BERTopic-METADATA-MULTILINGUAL,metadata,es,20,-1,43,0.034318,0.034318,0.0,not_computed,0.0,0.0,0.013727,weak_match,weak_match,comparable_same_publications_unit_period_filter_language,pending
STM-METADATA-ES,BERTopic-METADATA-MULTILINGUAL,metadata,es,20,10,0,0.0,0.0,0.0,not_computed,0.0,0.0,0.0,no_match,no_match,comparable_same_publications_unit_period_filter_language,pending
STM-METADATA-ES,BERTopic-METADATA-MULTILINGUAL,metadata,es,20,0,1,0.005464,0.005464,0.001821,not_computed,0.0,0.0,0.002641,weak_match,weak_match,comparable_same_publications_unit_period_filter_language,pending
STM-METADATA-ES,BERTopic-METADATA-MULTILINGUAL,metadata,es,20,5,6,0.020202,0.020202,0.008011,not_computed,0.0,0.0,0.010084,weak_match,weak_match,comparable_same_publications_unit_period_filter_language,pending
STM-METADATA-ES,BERTopic-METADATA-MULTILINGUAL,metadata,es,20,20,0,0.0,0.0,0.0,not_computed,0.0,0.0,0.0,no_match,no_match,comparable_same_publications_unit_period_filter_language,pending
STM-METADATA-ES,BERTopic-METADATA-MULTILINGUAL,metadata,es,20,29,0,0.0,0.0,0.0,not_computed,0.0,0.0,0.0,no_match,no_match,comparable_same_publications_unit_period_filter_language,pending
STM-METADATA-ES,BERTopic-METADATA-MULTILINGUAL,metadata,es,20,24,0,0.0,0.0,0.0,not_computed,0.0,0.0,0.0,no_match,no_match,comparable_same_publications_unit_period_filter_language,pending
STM-METADATA-ES,BERTopic-METADATA-MULTILINGUAL,metadata,es,20,3,8,0.025078,0.025078,0.009205,not_computed,0.041667,0.0,0.022749,language_specific_match,language_specific_match,comparable_same_publications_unit_period_filter_language,pending
STM-METADATA-ES,BERTopic-METADATA-MULTILINGUAL,metadata,es,20,13,0,0.0,0.0,0.0,not_computed,0.0,0.0,0.0,no_match,no_match,comparable_same_publications_unit_period_filter_language,pending
STM-METADATA-ES,BERTopic-METADATA-MULTILINGUAL,metadata,es,20,1,2,0.012048,0.012048,0.003808,not_computed,0.0,0.0,0.005771,weak_match,weak_match,comparable_same_publications_unit_period_filter_language,pending
STM-METADATA-ES,BERTopic-METADATA-MULTILINGUAL,metadata,es,20,15,4,0.023952,0.023952,0.007056,not_computed,0.0,0.0,0.011345,weak_match,weak_match,comparable_same_publications_unit_period_filter_language,pending
STM-METADATA-ES,BERTopic-METADATA-MULTILINGUAL,metadata,es,20,14,4,0.021164,0.021164,0.009005,not_computed,0.0,0.0,0.010717,weak_match,weak_match,comparable_same_publications_unit_period_filter_language,pending
STM-METADATA-ES,BERTopic-METADATA-MULTILINGUAL,metadata,es,20,25,0,0.0,0.0,0.0,not_computed,0.0,0.0,0.0,no_match,no_match,comparable_same_publications_unit_period_filter_language,pending
STM-METADATA-ES,BERTopic-METADATA-MULTILINGUAL,metadata,es,20,6,0,0.0,0.0,0.0,not_computed,0.0,0.0,0.0,no_match,no_match,comparable_same_publications_unit_period_filter_language,pending
STM-METADATA-ES,BERTopic-METADATA-MULTILINGUAL,metadata,es,20,4,1,0.005051,0.005051,0.00173,not_computed,0.0,0.0,0.002453,weak_match,weak_match,comparable_same_publications_unit_period_filter_language,pending
STM-METADATA-ES,BERTopic-METADATA-MULTILINGUAL,metadata,es,20,18,1,0.006711,0.006711,0.001206,not_computed,0.0,0.0,0.002986,weak_match,weak_match,comparable_same_publications_unit_period_filter_language,pending
STM-METADATA-ES,BERTopic-METADATA-MULTILINGUAL,metadata,es,20,23,6,0.04878,0.04878,0.022767,not_computed,0.041667,0.0,0.035621,language_specific_match,language_specific_match,comparable_same_publications_unit_period_filter_language,pending
STM-METADATA-ES,BERTopic-METADATA-MULTILINGUAL,metadata,es,20,22,0,0.0,0.0,0.0,not_computed,0.0,0.0,0.0,no_match,no_match,comparable_same_publications_unit_period_filter_language,pending
STM-METADATA-ES,BERTopic-METADATA-MULTILINGUAL,metadata,es,20,19,4,0.028571,0.028571,0.009536,not_computed,0.0,0.0,0.013813,weak_match,weak_match,comparable_same_publications_unit_period_filter_language,pending
STM-METADATA-ES,BERTopic-METADATA-MULTILINGUAL,metadata,es,20,2,0,0.0,0.0,0.0,not_computed,0.0,0.0,0.0,no_match,no_match,comparable_same_publications_unit_period_filter_language,pending
STM-METADATA-ES,BERTopic-METADATA-MULTILINGUAL,metadata,es,20,12,0,0.0,0.0,0.0,not_computed,0.0,0.0,0.0,no_match,no_match,comparable_same_publications_unit_period_filter_language,pending
STM-METADATA-ES,BERTopic-METADATA-MULTILINGUAL,metadata,es,20,9,0,0.0,0.0,0.0,not_computed,0.0,0.0,0.0,no_match,no_match,comparable_same_publications_unit_period_filter_language,pending
STM-METADATA-ES,BERTopic-METADATA-MULTILINGUAL,metadata,es,20,17,4,0.027778,0.027778,0.011046,not_computed,0.0,0.0,0.013873,weak_match,weak_match,comparable_same_publications_unit_period_filter_language,pending
STM-METADATA-ES,BERTopic-METADATA-MULTILINGUAL,metadata,es,20,31,0,0.0,0.0,0.0,not_computed,0.0,0.0,0.0,no_match,no_match,comparable_same_publications_unit_period_filter_language,pending
STM-METADATA-ES,BERTopic-METADATA-MULTILINGUAL,metadata,es,20,11,2,0.021505,0.021505,0.008784,not_computed,0.0,0.0,0.010798,weak_match,weak_match,comparable_same_publications_unit_period_filter_language,pending
STM-METADATA-ES,BERTopic-METADATA-MULTILINGUAL,metadata,es,20,21,0,0.0,0.0,0.0,not_computed,0.0,0.0,0.0,no_match,no_match,comparable_same_publications_unit_period_filter_language,pending
STM-METADATA-ES,BERTopic-METADATA-MULTILINGUAL,metadata,es,20,27,1,0.011236,0.011236,0.007603,not_computed,0.0,0.0,0.006395,weak_match,weak_match,comparable_same_publications_unit_period_filter_language,pending
STM-METADATA-ES,BERTopic-METADATA-MULTILINGUAL,metadata,es,20,30,0,0.0,0.0,0.0,not_computed,0.0,0.0,0.0,no_match,no_match,comparable_same_publications_unit_period_filter_language,pending
STM-METADATA-ES,BERTopic-METADATA-MULTILINGUAL,metadata,es,20,8,0,0.0,0.0,0.0,not_computed,0.041667,0.0,0.010417,weak_match,weak_match,comparable_same_publications_unit_period_filter_language,pending
STM-METADATA-ES,BERTopic-METADATA-MULTILINGUAL,metadata,es,20,32,0,0.0,0.0,0.0,not_computed,0.0,0.0,0.0,no_match,no_match,comparable_same_publications_unit_period_filter_language,pending
STM-METADATA-ES,BERTopic-METADATA-MULTILINGUAL,metadata,es,20,7,0,0.0,0.0,0.0,not_computed,0.0,0.0,0.0,no_match,no_match,comparable_same_publications_unit_period_filter_language,pending
STM-METADATA-ES,BERTopic-METADATA-MULTILINGUAL,metadata,es,20,16,1,0.01087,0.01087,0.004782,not_computed,0.0,0.0,0.005543,weak_match,weak_match,comparable_same_publications_unit_period_filter_language,pending
STM-METADATA-ES,BERTopic-METADATA-MULTILINGUAL,metadata,es,5,-1,96,0.071749,0.071749,0.0,not_computed,0.0,0.0,0.0287,language_specific_match,language_specific_match,comparable_same_publications_unit_period_filter_language,pending
STM-METADATA-ES,BERTopic-METADATA-MULTILINGUAL,metadata,es,5,10,2,0.006993,0.006993,0.002147,not_computed,0.0,0.0,0.003334,weak_match,weak_match,comparable_same_publications_unit_period_filter_language,pending
STM-METADATA-ES,BERTopic-METADATA-MULTILINGUAL,metadata,es,5,0,5,0.015773,0.015773,0.008166,not_computed,0.0,0.0,0.008351,weak_match,weak_match,comparable_same_publications_unit_period_filter_language,pending
STM-METADATA-ES,BERTopic-METADATA-MULTILINGUAL,metadata,es,5,5,11,0.025581,0.025581,0.010552,not_computed,0.0,0.0,0.01287,weak_match,weak_match,comparable_same_publications_unit_period_filter_language,pending
STM-METADATA-ES,BERTopic-METADATA-MULTILINGUAL,metadata,es,5,20,2,0.007937,0.007937,0.003834,not_computed,0.0,0.0,0.004133,weak_match,weak_match,comparable_same_publications_unit_period_filter_language,pending
STM-METADATA-ES,BERTopic-METADATA-MULTILINGUAL,metadata,es,5,29,1,0.004237,0.004237,0.001791,not_computed,0.0,0.0,0.002143,weak_match,weak_match,comparable_same_publications_unit_period_filter_language,pending
STM-METADATA-ES,BERTopic-METADATA-MULTILINGUAL,metadata,es,5,24,3,0.011321,0.011321,0.004305,not_computed,0.0,0.0,0.005604,weak_match,weak_match,comparable_same_publications_unit_period_filter_language,pending
STM-METADATA-ES,BERTopic-METADATA-MULTILINGUAL,metadata,es,5,3,58,0.142506,0.142506,0.073793,not_computed,0.041667,0.0,0.085867,STM_split_by_BERTopic,STM_split_by_BERTopic,comparable_same_publications_unit_period_filter_language,pending
STM-METADATA-ES,BERTopic-METADATA-MULTILINGUAL,metadata,es,5,13,4,0.015873,0.015873,0.006742,not_computed,0.0,0.0,0.008035,weak_match,weak_match,comparable_same_publications_unit_period_filter_language,pending
STM-METADATA-ES,BERTopic-METADATA-MULTILINGUAL,metadata,es,5,1,1,0.003279,0.003279,0.001074,not_computed,0.0,0.0,0.00158,weak_match,weak_match,comparable_same_publications_unit_period_filter_language,pending
STM-METADATA-ES,BERTopic-METADATA-MULTILINGUAL,metadata,es,5,15,1,0.003247,0.003247,0.00101,not_computed,0.0,0.0,0.001551,weak_match,weak_match,comparable_same_publications_unit_period_filter_language,pending
STM-METADATA-ES,BERTopic-METADATA-MULTILINGUAL,metadata,es,5,14,8,0.024768,0.024768,0.012271,not_computed,0.0,0.0,0.012975,weak_match,weak_match,comparable_same_publications_unit_period_filter_language,pending
STM-METADATA-ES,BERTopic-METADATA-MULTILINGUAL,metadata,es,5,25,0,0.0,0.0,0.0,not_computed,0.0,0.0,0.0,no_match,no_match,comparable_same_publications_unit_period_filter_language,pending
STM-METADATA-ES,BERTopic-METADATA-MULTILINGUAL,metadata,es,5,6,0,0.0,0.0,0.0,not_computed,0.0,0.0,0.0,no_match,no_match,comparable_same_publications_unit_period_filter_language,pending
STM-METADATA-ES,BERTopic-METADATA-MULTILINGUAL,metadata,es,5,4,5,0.01506,0.01506,0.006551,not_computed,0.0,0.0,0.007662,weak_match,weak_match,comparable_same_publications_unit_period_filter_language,pending
STM-METADATA-ES,BERTopic-METADATA-MULTILINGUAL,metadata,es,5,18,4,0.014085,0.014085,0.006178,not_computed,0.0,0.0,0.007178,weak_match,weak_match,comparable_same_publications_unit_period_filter_language,pending
STM-METADATA-ES,BERTopic-METADATA-MULTILINGUAL,metadata,es,5,23,2,0.007547,0.007547,0.003536,not_computed,0.0,0.0,0.003903,weak_match,weak_match,comparable_same_publications_unit_period_filter_language,pending
STM-METADATA-ES,BERTopic-METADATA-MULTILINGUAL,metadata,es,5,22,14,0.056,0.056,0.033356,not_computed,0.0,0.0,0.030739,language_specific_match,language_specific_match,comparable_same_publications_unit_period_filter_language,pending
STM-METADATA-ES,BERTopic-METADATA-MULTILINGUAL,metadata,es,5,19,1,0.003559,0.003559,0.001065,not_computed,0.0,0.0,0.00169,weak_match,weak_match,comparable_same_publications_unit_period_filter_language,pending
STM-METADATA-ES,BERTopic-METADATA-MULTILINGUAL,metadata,es,5,2,0,0.0,0.0,0.0,not_computed,0.0,0.0,0.0,no_match,no_match,comparable_same_publications_unit_period_filter_language,pending
STM-METADATA-ES,BERTopic-METADATA-MULTILINGUAL,metadata,es,5,12,1,0.004167,0.004167,0.002694,not_computed,0.0,0.0,0.00234,weak_match,weak_match,comparable_same_publications_unit_period_filter_language,pending
STM-METADATA-ES,BERTopic-METADATA-MULTILINGUAL,metadata,es,5,9,0,0.0,0.0,0.0,not_computed,0.0,0.0,0.0,no_match,no_match,comparable_same_publications_unit_period_filter_language,pending
STM-METADATA-ES,BERTopic-METADATA-MULTILINGUAL,metadata,es,5,17,1,0.003509,0.003509,0.001187,not_computed,0.0,0.0,0.0017,weak_match,weak_match,comparable_same_publications_unit_period_filter_language,pending
STM-METADATA-ES,BERTopic-METADATA-MULTILINGUAL,metadata,es,5,31,3,0.011952,0.011952,0.005346,not_computed,0.0,0.0,0.006117,weak_match,weak_match,comparable_same_publications_unit_period_filter_language,pending
STM-METADATA-ES,BERTopic-METADATA-MULTILINGUAL,metadata,es,5,11,0,0.0,0.0,0.0,not_computed,0.0,0.0,0.0,no_match,no_match,comparable_same_publications_unit_period_filter_language,pending
STM-METADATA-ES,BERTopic-METADATA-MULTILINGUAL,metadata,es,5,21,2,0.007968,0.007968,0.004005,not_computed,0.0,0.0,0.004189,weak_match,weak_match,comparable_same_publications_unit_period_filter_language,pending
STM-METADATA-ES,BERTopic-METADATA-MULTILINGUAL,metadata,es,5,27,0,0.0,0.0,0.0,not_computed,0.0,0.0,0.0,no_match,no_match,comparable_same_publications_unit_period_filter_language,pending
STM-METADATA-ES,BERTopic-METADATA-MULTILINGUAL,metadata,es,5,30,0,0.0,0.0,0.0,not_computed,0.0,0.0,0.0,no_match,no_match,comparable_same_publications_unit_period_filter_language,pending
STM-METADATA-ES,BERTopic-METADATA-MULTILINGUAL,metadata,es,5,8,1,0.004348,0.004348,0.002098,not_computed,0.0,0.0,0.002264,weak_match,weak_match,comparable_same_publications_unit_period_filter_language,pending
STM-METADATA-ES,BERTopic-METADATA-MULTILINGUAL,metadata,es,5,32,0,0.0,0.0,0.0,not_computed,0.0,0.0,0.0,no_match,no_match,comparable_same_publications_unit_period_filter_language,pending
STM-METADATA-ES,BERTopic-METADATA-MULTILINGUAL,metadata,es,5,7,0,0.0,0.0,0.0,not_computed,0.0,0.0,0.0,no_match,no_match,comparable_same_publications_unit_period_filter_language,pending
STM-METADATA-ES,BERTopic-METADATA-MULTILINGUAL,metadata,es,5,16,0,0.0,0.0,0.0,not_computed,0.0,0.0,0.0,no_match,no_match,comparable_same_publications_unit_period_filter_language,pending
STM-METADATA-ES,BERTopic-METADATA-MULTILINGUAL,metadata,es,17,-1,45,0.035405,0.035405,0.0,not_computed,0.0,0.0,0.014162,weak_match,weak_match,comparable_same_publications_unit_period_filter_language,pending
STM-METADATA-ES,BERTopic-METADATA-MULTILINGUAL,metadata,es,17,10,6,0.036585,0.036585,0.016535,not_computed,0.0,0.0,0.018768,weak_match,weak_match,comparable_same_publications_unit_period_filter_language,pending
STM-METADATA-ES,BERTopic-METADATA-MULTILINGUAL,metadata,es,17,0,4,0.02,0.02,0.006511,not_computed,0.0,0.0,0.009628,weak_match,weak_match,comparable_same_publications_unit_period_filter_language,pending
STM-METADATA-ES,BERTopic-METADATA-MULTILINGUAL,metadata,es,17,5,1,0.003106,0.003106,0.000983,not_computed,0.0,0.0,0.001488,weak_match,weak_match,comparable_same_publications_unit_period_filter_language,pending
STM-METADATA-ES,BERTopic-METADATA-MULTILINGUAL,metadata,es,17,20,0,0.0,0.0,0.0,not_computed,0.0,0.0,0.0,no_match,no_match,comparable_same_publications_unit_period_filter_language,pending
STM-METADATA-ES,BERTopic-METADATA-MULTILINGUAL,metadata,es,17,29,0,0.0,0.0,0.0,not_computed,0.0,0.0,0.0,no_match,no_match,comparable_same_publications_unit_period_filter_language,pending
STM-METADATA-ES,BERTopic-METADATA-MULTILINGUAL,metadata,es,17,24,0,0.0,0.0,0.0,not_computed,0.0,0.0,0.0,no_match,no_match,comparable_same_publications_unit_period_filter_language,pending
STM-METADATA-ES,BERTopic-METADATA-MULTILINGUAL,metadata,es,17,3,4,0.011662,0.011662,0.004761,not_computed,0.0,0.0,0.005855,weak_match,weak_match,comparable_same_publications_unit_period_filter_language,pending
STM-METADATA-ES,BERTopic-METADATA-MULTILINGUAL,metadata,es,17,13,4,0.029851,0.029851,0.013612,not_computed,0.0,0.0,0.015343,weak_match,weak_match,comparable_same_publications_unit_period_filter_language,pending
STM-METADATA-ES,BERTopic-METADATA-MULTILINGUAL,metadata,es,17,1,2,0.010753,0.010753,0.0035,not_computed,0.0,0.0,0.005176,weak_match,weak_match,comparable_same_publications_unit_period_filter_language,pending
STM-METADATA-ES,BERTopic-METADATA-MULTILINGUAL,metadata,es,17,15,6,0.032432,0.032432,0.014361,not_computed,0.0,0.0,0.016563,weak_match,weak_match,comparable_same_publications_unit_period_filter_language,pending
STM-METADATA-ES,BERTopic-METADATA-MULTILINGUAL,metadata,es,17,14,7,0.033981,0.033981,0.013861,not_computed,0.0,0.0,0.017057,weak_match,weak_match,comparable_same_publications_unit_period_filter_language,pending
STM-METADATA-ES,BERTopic-METADATA-MULTILINGUAL,metadata,es,17,25,0,0.0,0.0,0.0,not_computed,0.0,0.0,0.0,no_match,no_match,comparable_same_publications_unit_period_filter_language,pending
STM-METADATA-ES,BERTopic-METADATA-MULTILINGUAL,metadata,es,17,6,1,0.008197,0.008197,0.003741,not_computed,0.0,0.0,0.004214,weak_match,weak_match,comparable_same_publications_unit_period_filter_language,pending
STM-METADATA-ES,BERTopic-METADATA-MULTILINGUAL,metadata,es,17,4,0,0.0,0.0,0.0,not_computed,0.0,0.0,0.0,no_match,no_match,comparable_same_publications_unit_period_filter_language,pending
STM-METADATA-ES,BERTopic-METADATA-MULTILINGUAL,metadata,es,17,18,1,0.005917,0.005917,0.002481,not_computed,0.0,0.0,0.002987,weak_match,weak_match,comparable_same_publications_unit_period_filter_language,pending
STM-METADATA-ES,BERTopic-METADATA-MULTILINGUAL,metadata,es,17,23,2,0.013605,0.013605,0.00766,not_computed,0.0,0.0,0.007357,weak_match,weak_match,comparable_same_publications_unit_period_filter_language,pending
STM-METADATA-ES,BERTopic-METADATA-MULTILINGUAL,metadata,es,17,22,2,0.013889,0.013889,0.004502,not_computed,0.0,0.0,0.006681,weak_match,weak_match,comparable_same_publications_unit_period_filter_language,pending
STM-METADATA-ES,BERTopic-METADATA-MULTILINGUAL,metadata,es,17,19,13,0.086093,0.086093,0.040397,not_computed,0.086957,0.0,0.066275,partial_overlap,partial_overlap,comparable_same_publications_unit_period_filter_language,pending
STM-METADATA-ES,BERTopic-METADATA-MULTILINGUAL,metadata,es,17,2,0,0.0,0.0,0.0,not_computed,0.0,0.0,0.0,no_match,no_match,comparable_same_publications_unit_period_filter_language,pending
STM-METADATA-ES,BERTopic-METADATA-MULTILINGUAL,metadata,es,17,12,0,0.0,0.0,0.0,not_computed,0.0,0.0,0.0,no_match,no_match,comparable_same_publications_unit_period_filter_language,pending
STM-METADATA-ES,BERTopic-METADATA-MULTILINGUAL,metadata,es,17,9,0,0.0,0.0,0.0,not_computed,0.0,0.0,0.0,no_match,no_match,comparable_same_publications_unit_period_filter_language,pending
STM-METADATA-ES,BERTopic-METADATA-MULTILINGUAL,metadata,es,17,17,3,0.018182,0.018182,0.005725,not_computed,0.0,0.0,0.008704,weak_match,weak_match,comparable_same_publications_unit_period_filter_language,pending
STM-METADATA-ES,BERTopic-METADATA-MULTILINGUAL,metadata,es,17,31,0,0.0,0.0,0.0,not_computed,0.0,0.0,0.0,no_match,no_match,comparable_same_publications_unit_period_filter_language,pending
STM-METADATA-ES,BERTopic-METADATA-MULTILINGUAL,metadata,es,17,11,0,0.0,0.0,0.0,not_computed,0.0,0.0,0.0,no_match,no_match,comparable_same_publications_unit_period_filter_language,pending
STM-METADATA-ES,BERTopic-METADATA-MULTILINGUAL,metadata,es,17,21,7,0.054688,0.054688,0.023425,not_computed,0.041667,0.0,0.038148,language_specific_match,language_specific_match,comparable_same_publications_unit_period_filter_language,pending
STM-METADATA-ES,BERTopic-METADATA-MULTILINGUAL,metadata,es,17,27,0,0.0,0.0,0.0,not_computed,0.0,0.0,0.0,no_match,no_match,comparable_same_publications_unit_period_filter_language,pending
STM-METADATA-ES,BERTopic-METADATA-MULTILINGUAL,metadata,es,17,30,0,0.0,0.0,0.0,not_computed,0.0,0.0,0.0,no_match,no_match,comparable_same_publications_unit_period_filter_language,pending
STM-METADATA-ES,BERTopic-METADATA-MULTILINGUAL,metadata,es,17,8,0,0.0,0.0,0.0,not_computed,0.0,0.0,0.0,no_match,no_match,comparable_same_publications_unit_period_filter_language,pending
STM-METADATA-ES,BERTopic-METADATA-MULTILINGUAL,metadata,es,17,32,0,0.0,0.0,0.0,not_computed,0.0,0.0,0.0,no_match,no_match,comparable_same_publications_unit_period_filter_language,pending
STM-METADATA-ES,BERTopic-METADATA-MULTILINGUAL,metadata,es,17,7,0,0.0,0.0,0.0,not_computed,0.0,0.0,0.0,no_match,no_match,comparable_same_publications_unit_period_filter_language,pending
STM-METADATA-ES,BERTopic-METADATA-MULTILINGUAL,metadata,es,17,16,0,0.0,0.0,0.0,not_computed,0.0,0.0,0.0,no_match,no_match,comparable_same_publications_unit_period_filter_language,pending
STM-METADATA-ES,BERTopic-METADATA-MULTILINGUAL,metadata,es,11,-1,38,0.030894,0.030894,0.0,not_computed,0.0,0.0,0.012358,weak_match,weak_match,comparable_same_publications_unit_period_filter_language,pending
STM-METADATA-ES,BERTopic-METADATA-MULTILINGUAL,metadata,es,11,10,1,0.008264,0.008264,0.001932,not_computed,0.0,0.0,0.003789,weak_match,weak_match,comparable_same_publications_unit_period_filter_language,pending
STM-METADATA-ES,BERTopic-METADATA-MULTILINGUAL,metadata,es,11,0,2,0.012987,0.012987,0.00713,not_computed,0.0,0.0,0.006977,weak_match,weak_match,comparable_same_publications_unit_period_filter_language,pending
STM-METADATA-ES,BERTopic-METADATA-MULTILINGUAL,metadata,es,11,5,0,0.0,0.0,0.0,not_computed,0.0,0.0,0.0,no_match,no_match,comparable_same_publications_unit_period_filter_language,pending
STM-METADATA-ES,BERTopic-METADATA-MULTILINGUAL,metadata,es,11,20,0,0.0,0.0,0.0,not_computed,0.0,0.0,0.0,no_match,no_match,comparable_same_publications_unit_period_filter_language,pending
STM-METADATA-ES,BERTopic-METADATA-MULTILINGUAL,metadata,es,11,29,0,0.0,0.0,0.0,not_computed,0.0,0.0,0.0,no_match,no_match,comparable_same_publications_unit_period_filter_language,pending
STM-METADATA-ES,BERTopic-METADATA-MULTILINGUAL,metadata,es,11,24,0,0.0,0.0,0.0,not_computed,0.0,0.0,0.0,no_match,no_match,comparable_same_publications_unit_period_filter_language,pending
STM-METADATA-ES,BERTopic-METADATA-MULTILINGUAL,metadata,es,11,3,3,0.010135,0.010135,0.006388,not_computed,0.0,0.0,0.005651,weak_match,weak_match,comparable_same_publications_unit_period_filter_language,pending
STM-METADATA-ES,BERTopic-METADATA-MULTILINGUAL,metadata,es,11,13,0,0.0,0.0,0.0,not_computed,0.0,0.0,0.0,no_match,no_match,comparable_same_publications_unit_period_filter_language,pending
STM-METADATA-ES,BERTopic-METADATA-MULTILINGUAL,metadata,es,11,1,0,0.0,0.0,0.0,not_computed,0.0,0.0,0.0,no_match,no_match,comparable_same_publications_unit_period_filter_language,pending
STM-METADATA-ES,BERTopic-METADATA-MULTILINGUAL,metadata,es,11,15,0,0.0,0.0,0.0,not_computed,0.0,0.0,0.0,no_match,no_match,comparable_same_publications_unit_period_filter_language,pending
STM-METADATA-ES,BERTopic-METADATA-MULTILINGUAL,metadata,es,11,14,2,0.01227,0.01227,0.008578,not_computed,0.0,0.0,0.007052,weak_match,weak_match,comparable_same_publications_unit_period_filter_language,pending
STM-METADATA-ES,BERTopic-METADATA-MULTILINGUAL,metadata,es,11,25,0,0.0,0.0,0.0,not_computed,0.0,0.0,0.0,no_match,no_match,comparable_same_publications_unit_period_filter_language,pending
STM-METADATA-ES,BERTopic-METADATA-MULTILINGUAL,metadata,es,11,6,0,0.0,0.0,0.0,not_computed,0.0,0.0,0.0,no_match,no_match,comparable_same_publications_unit_period_filter_language,pending
STM-METADATA-ES,BERTopic-METADATA-MULTILINGUAL,metadata,es,11,4,0,0.0,0.0,0.0,not_computed,0.0,0.0,0.0,no_match,no_match,comparable_same_publications_unit_period_filter_language,pending
STM-METADATA-ES,BERTopic-METADATA-MULTILINGUAL,metadata,es,11,18,1,0.008264,0.008264,0.006996,not_computed,0.0,0.0,0.005055,weak_match,weak_match,comparable_same_publications_unit_period_filter_language,pending
STM-METADATA-ES,BERTopic-METADATA-MULTILINGUAL,metadata,es,11,23,0,0.0,0.0,0.0,not_computed,0.0,0.0,0.0,no_match,no_match,comparable_same_publications_unit_period_filter_language,pending
STM-METADATA-ES,BERTopic-METADATA-MULTILINGUAL,metadata,es,11,22,7,0.076923,0.076923,0.026392,not_computed,0.086957,0.0,0.059106,partial_overlap,partial_overlap,comparable_same_publications_unit_period_filter_language,pending
STM-METADATA-ES,BERTopic-METADATA-MULTILINGUAL,metadata,es,11,19,2,0.017544,0.017544,0.008846,not_computed,0.0,0.0,0.009229,weak_match,weak_match,comparable_same_publications_unit_period_filter_language,pending
STM-METADATA-ES,BERTopic-METADATA-MULTILINGUAL,metadata,es,11,2,0,0.0,0.0,0.0,not_computed,0.0,0.0,0.0,no_match,no_match,comparable_same_publications_unit_period_filter_language,pending
STM-METADATA-ES,BERTopic-METADATA-MULTILINGUAL,metadata,es,11,12,0,0.0,0.0,0.0,not_computed,0.0,0.0,0.0,no_match,no_match,comparable_same_publications_unit_period_filter_language,pending
STM-METADATA-ES,BERTopic-METADATA-MULTILINGUAL,metadata,es,11,9,2,0.024096,0.024096,0.016259,not_computed,0.0,0.0,0.013703,weak_match,weak_match,comparable_same_publications_unit_period_filter_language,pending
STM-METADATA-ES,BERTopic-METADATA-MULTILINGUAL,metadata,es,11,17,0,0.0,0.0,0.0,not_computed,0.0,0.0,0.0,no_match,no_match,comparable_same_publications_unit_period_filter_language,pending
STM-METADATA-ES,BERTopic-METADATA-MULTILINGUAL,metadata,es,11,31,0,0.0,0.0,0.0,not_computed,0.0,0.0,0.0,no_match,no_match,comparable_same_publications_unit_period_filter_language,pending
STM-METADATA-ES,BERTopic-METADATA-MULTILINGUAL,metadata,es,11,11,0,0.0,0.0,0.0,not_computed,0.0,0.0,0.0,no_match,no_match,comparable_same_publications_unit_period_filter_language,pending
STM-METADATA-ES,BERTopic-METADATA-MULTILINGUAL,metadata,es,11,21,2,0.023529,0.023529,0.011881,not_computed,0.0,0.0,0.012382,weak_match,weak_match,comparable_same_publications_unit_period_filter_language,pending
STM-METADATA-ES,BERTopic-METADATA-MULTILINGUAL,metadata,es,11,27,0,0.0,0.0,0.0,not_computed,0.0,0.0,0.0,no_match,no_match,comparable_same_publications_unit_period_filter_language,pending
STM-METADATA-ES,BERTopic-METADATA-MULTILINGUAL,metadata,es,11,30,0,0.0,0.0,0.0,not_computed,0.0,0.0,0.0,no_match,no_match,comparable_same_publications_unit_period_filter_language,pending
STM-METADATA-ES,BERTopic-METADATA-MULTILINGUAL,metadata,es,11,8,0,0.0,0.0,0.0,not_computed,0.0,0.0,0.0,no_match,no_match,comparable_same_publications_unit_period_filter_language,pending
STM-METADATA-ES,BERTopic-METADATA-MULTILINGUAL,metadata,es,11,32,0,0.0,0.0,0.0,not_computed,0.0,0.0,0.0,no_match,no_match,comparable_same_publications_unit_period_filter_language,pending
STM-METADATA-ES,BERTopic-METADATA-MULTILINGUAL,metadata,es,11,7,0,0.0,0.0,0.0,not_computed,0.0,0.0,0.0,no_match,no_match,comparable_same_publications_unit_period_filter_language,pending
STM-METADATA-ES,BERTopic-METADATA-MULTILINGUAL,metadata,es,11,16,0,0.0,0.0,0.0,not_computed,0.0,0.0,0.0,no_match,no_match,comparable_same_publications_unit_period_filter_language,pending
STM-METADATA-ES,BERTopic-METADATA-MULTILINGUAL,metadata,es,19,-1,73,0.058167,0.058167,0.0,not_computed,0.0,0.0,0.023267,language_specific_match,language_specific_match,comparable_same_publications_unit_period_filter_language,pending
STM-METADATA-ES,BERTopic-METADATA-MULTILINGUAL,metadata,es,19,10,0,0.0,0.0,0.0,not_computed,0.0,0.0,0.0,no_match,no_match,comparable_same_publications_unit_period_filter_language,pending
STM-METADATA-ES,BERTopic-METADATA-MULTILINGUAL,metadata,es,19,0,4,0.018868,0.018868,0.008163,not_computed,0.0,0.0,0.009588,weak_match,weak_match,comparable_same_publications_unit_period_filter_language,pending
STM-METADATA-ES,BERTopic-METADATA-MULTILINGUAL,metadata,es,19,5,3,0.009036,0.009036,0.002195,not_computed,0.0,0.0,0.004163,weak_match,weak_match,comparable_same_publications_unit_period_filter_language,pending
STM-METADATA-ES,BERTopic-METADATA-MULTILINGUAL,metadata,es,19,20,1,0.006803,0.006803,0.001337,not_computed,0.0,0.0,0.003055,weak_match,weak_match,comparable_same_publications_unit_period_filter_language,pending
STM-METADATA-ES,BERTopic-METADATA-MULTILINGUAL,metadata,es,19,29,1,0.007692,0.007692,0.001796,not_computed,0.0,0.0,0.003526,weak_match,weak_match,comparable_same_publications_unit_period_filter_language,pending
STM-METADATA-ES,BERTopic-METADATA-MULTILINGUAL,metadata,es,19,24,0,0.0,0.0,0.0,not_computed,0.0,0.0,0.0,no_match,no_match,comparable_same_publications_unit_period_filter_language,pending
STM-METADATA-ES,BERTopic-METADATA-MULTILINGUAL,metadata,es,19,3,1,0.002793,0.002793,0.000693,not_computed,0.0,0.0,0.001291,weak_match,weak_match,comparable_same_publications_unit_period_filter_language,pending
STM-METADATA-ES,BERTopic-METADATA-MULTILINGUAL,metadata,es,19,13,0,0.0,0.0,0.0,not_computed,0.0,0.0,0.0,no_match,no_match,comparable_same_publications_unit_period_filter_language,pending
STM-METADATA-ES,BERTopic-METADATA-MULTILINGUAL,metadata,es,19,1,1,0.005025,0.005025,0.002055,not_computed,0.0,0.0,0.002524,weak_match,weak_match,comparable_same_publications_unit_period_filter_language,pending
STM-METADATA-ES,BERTopic-METADATA-MULTILINGUAL,metadata,es,19,15,6,0.030457,0.030457,0.01125,not_computed,0.0,0.0,0.014995,weak_match,weak_match,comparable_same_publications_unit_period_filter_language,pending
STM-METADATA-ES,BERTopic-METADATA-MULTILINGUAL,metadata,es,19,14,1,0.004464,0.004464,0.001718,not_computed,0.0,0.0,0.002215,weak_match,weak_match,comparable_same_publications_unit_period_filter_language,pending
STM-METADATA-ES,BERTopic-METADATA-MULTILINGUAL,metadata,es,19,25,0,0.0,0.0,0.0,not_computed,0.0,0.0,0.0,no_match,no_match,comparable_same_publications_unit_period_filter_language,pending
STM-METADATA-ES,BERTopic-METADATA-MULTILINGUAL,metadata,es,19,6,0,0.0,0.0,0.0,not_computed,0.0,0.0,0.0,no_match,no_match,comparable_same_publications_unit_period_filter_language,pending
STM-METADATA-ES,BERTopic-METADATA-MULTILINGUAL,metadata,es,19,4,2,0.008734,0.008734,0.00284,not_computed,0.0,0.0,0.004203,weak_match,weak_match,comparable_same_publications_unit_period_filter_language,pending
STM-METADATA-ES,BERTopic-METADATA-MULTILINGUAL,metadata,es,19,18,12,0.070588,0.070588,0.031378,not_computed,0.136364,0.0,0.070171,partial_overlap,partial_overlap,comparable_same_publications_unit_period_filter_language,pending
STM-METADATA-ES,BERTopic-METADATA-MULTILINGUAL,metadata,es,19,23,2,0.012579,0.012579,0.002861,not_computed,0.0,0.0,0.005747,weak_match,weak_match,comparable_same_publications_unit_period_filter_language,pending
STM-METADATA-ES,BERTopic-METADATA-MULTILINGUAL,metadata,es,19,22,0,0.0,0.0,0.0,not_computed,0.0,0.0,0.0,no_match,no_match,comparable_same_publications_unit_period_filter_language,pending
STM-METADATA-ES,BERTopic-METADATA-MULTILINGUAL,metadata,es,19,19,6,0.035294,0.035294,0.011241,not_computed,0.0,0.0,0.016928,weak_match,weak_match,comparable_same_publications_unit_period_filter_language,pending
STM-METADATA-ES,BERTopic-METADATA-MULTILINGUAL,metadata,es,19,2,0,0.0,0.0,0.0,not_computed,0.0,0.0,0.0,no_match,no_match,comparable_same_publications_unit_period_filter_language,pending
STM-METADATA-ES,BERTopic-METADATA-MULTILINGUAL,metadata,es,19,12,0,0.0,0.0,0.0,not_computed,0.0,0.0,0.0,no_match,no_match,comparable_same_publications_unit_period_filter_language,pending
STM-METADATA-ES,BERTopic-METADATA-MULTILINGUAL,metadata,es,19,9,2,0.013986,0.013986,0.00465,not_computed,0.0,0.0,0.006757,weak_match,weak_match,comparable_same_publications_unit_period_filter_language,pending
STM-METADATA-ES,BERTopic-METADATA-MULTILINGUAL,metadata,es,19,17,2,0.011236,0.011236,0.003753,not_computed,0.0,0.0,0.005433,weak_match,weak_match,comparable_same_publications_unit_period_filter_language,pending
STM-METADATA-ES,BERTopic-METADATA-MULTILINGUAL,metadata,es,19,31,1,0.006803,0.006803,0.001918,not_computed,0.0,0.0,0.003201,weak_match,weak_match,comparable_same_publications_unit_period_filter_language,pending
STM-METADATA-ES,BERTopic-METADATA-MULTILINGUAL,metadata,es,19,11,0,0.0,0.0,0.0,not_computed,0.0,0.0,0.0,no_match,no_match,comparable_same_publications_unit_period_filter_language,pending
STM-METADATA-ES,BERTopic-METADATA-MULTILINGUAL,metadata,es,19,21,1,0.006849,0.006849,0.001841,not_computed,0.0,0.0,0.0032,weak_match,weak_match,comparable_same_publications_unit_period_filter_language,pending
STM-METADATA-ES,BERTopic-METADATA-MULTILINGUAL,metadata,es,19,27,0,0.0,0.0,0.0,not_computed,0.0,0.0,0.0,no_match,no_match,comparable_same_publications_unit_period_filter_language,pending
STM-METADATA-ES,BERTopic-METADATA-MULTILINGUAL,metadata,es,19,30,1,0.007812,0.007812,0.002797,not_computed,0.0,0.0,0.003824,weak_match,weak_match,comparable_same_publications_unit_period_filter_language,pending
STM-METADATA-ES,BERTopic-METADATA-MULTILINGUAL,metadata,es,19,8,0,0.0,0.0,0.0,not_computed,0.0,0.0,0.0,no_match,no_match,comparable_same_publications_unit_period_filter_language,pending
STM-METADATA-ES,BERTopic-METADATA-MULTILINGUAL,metadata,es,19,32,0,0.0,0.0,0.0,not_computed,0.0,0.0,0.0,no_match,no_match,comparable_same_publications_unit_period_filter_language,pending
STM-METADATA-ES,BERTopic-METADATA-MULTILINGUAL,metadata,es,19,7,0,0.0,0.0,0.0,not_computed,0.0,0.0,0.0,no_match,no_match,comparable_same_publications_unit_period_filter_language,pending
STM-METADATA-ES,BERTopic-METADATA-MULTILINGUAL,metadata,es,19,16,0,0.0,0.0,0.0,not_computed,0.0,0.0,0.0,no_match,no_match,comparable_same_publications_unit_period_filter_language,pending
STM-METADATA-ES,BERTopic-METADATA-MULTILINGUAL,metadata,es,2,-1,31,0.02494,0.02494,0.0,not_computed,0.041667,0.0,0.020393,language_specific_match,language_specific_match,comparable_same_publications_unit_period_filter_language,pending
STM-METADATA-ES,BERTopic-METADATA-MULTILINGUAL,metadata,es,2,10,0,0.0,0.0,0.0,not_computed,0.0,0.0,0.0,no_match,no_match,comparable_same_publications_unit_period_filter_language,pending
STM-METADATA-ES,BERTopic-METADATA-MULTILINGUAL,metadata,es,2,0,1,0.006211,0.006211,0.001971,not_computed,0.0,0.0,0.002977,weak_match,weak_match,comparable_same_publications_unit_period_filter_language,pending
STM-METADATA-ES,BERTopic-METADATA-MULTILINGUAL,metadata,es,2,5,5,0.018116,0.018116,0.005445,not_computed,0.041667,0.0,0.019024,weak_match,weak_match,comparable_same_publications_unit_period_filter_language,pending
STM-METADATA-ES,BERTopic-METADATA-MULTILINGUAL,metadata,es,2,20,1,0.010753,0.010753,0.005079,not_computed,0.0,0.0,0.005571,weak_match,weak_match,comparable_same_publications_unit_period_filter_language,pending
STM-METADATA-ES,BERTopic-METADATA-MULTILINGUAL,metadata,es,2,29,0,0.0,0.0,0.0,not_computed,0.0,0.0,0.0,no_match,no_match,comparable_same_publications_unit_period_filter_language,pending
STM-METADATA-ES,BERTopic-METADATA-MULTILINGUAL,metadata,es,2,24,0,0.0,0.0,0.0,not_computed,0.0,0.0,0.0,no_match,no_match,comparable_same_publications_unit_period_filter_language,pending
STM-METADATA-ES,BERTopic-METADATA-MULTILINGUAL,metadata,es,2,3,1,0.003289,0.003289,0.00076,not_computed,0.0,0.0,0.001506,weak_match,weak_match,comparable_same_publications_unit_period_filter_language,pending
STM-METADATA-ES,BERTopic-METADATA-MULTILINGUAL,metadata,es,2,13,0,0.0,0.0,0.0,not_computed,0.0,0.0,0.0,no_match,no_match,comparable_same_publications_unit_period_filter_language,pending
STM-METADATA-ES,BERTopic-METADATA-MULTILINGUAL,metadata,es,2,1,0,0.0,0.0,0.0,not_computed,0.0,0.0,0.0,no_match,no_match,comparable_same_publications_unit_period_filter_language,pending
STM-METADATA-ES,BERTopic-METADATA-MULTILINGUAL,metadata,es,2,15,10,0.071942,0.071942,0.021776,not_computed,0.086957,0.0,0.05596,partial_overlap,partial_overlap,comparable_same_publications_unit_period_filter_language,pending
STM-METADATA-ES,BERTopic-METADATA-MULTILINGUAL,metadata,es,2,14,1,0.005882,0.005882,0.00154,not_computed,0.0,0.0,0.002738,weak_match,weak_match,comparable_same_publications_unit_period_filter_language,pending
STM-METADATA-ES,BERTopic-METADATA-MULTILINGUAL,metadata,es,2,25,1,0.012987,0.012987,0.004452,not_computed,0.0,0.0,0.006308,weak_match,weak_match,comparable_same_publications_unit_period_filter_language,pending
STM-METADATA-ES,BERTopic-METADATA-MULTILINGUAL,metadata,es,2,6,0,0.0,0.0,0.0,not_computed,0.041667,0.0,0.010417,weak_match,weak_match,comparable_same_publications_unit_period_filter_language,pending
STM-METADATA-ES,BERTopic-METADATA-MULTILINGUAL,metadata,es,2,4,0,0.0,0.0,0.0,not_computed,0.0,0.0,0.0,no_match,no_match,comparable_same_publications_unit_period_filter_language,pending
STM-METADATA-ES,BERTopic-METADATA-MULTILINGUAL,metadata,es,2,18,1,0.007874,0.007874,0.002161,not_computed,0.0,0.0,0.00369,weak_match,weak_match,comparable_same_publications_unit_period_filter_language,pending
STM-METADATA-ES,BERTopic-METADATA-MULTILINGUAL,metadata,es,2,23,0,0.0,0.0,0.0,not_computed,0.0,0.0,0.0,no_match,no_match,comparable_same_publications_unit_period_filter_language,pending
STM-METADATA-ES,BERTopic-METADATA-MULTILINGUAL,metadata,es,2,22,0,0.0,0.0,0.0,not_computed,0.0,0.0,0.0,no_match,no_match,comparable_same_publications_unit_period_filter_language,pending
STM-METADATA-ES,BERTopic-METADATA-MULTILINGUAL,metadata,es,2,19,1,0.008264,0.008264,0.002897,not_computed,0.0,0.0,0.00403,weak_match,weak_match,comparable_same_publications_unit_period_filter_language,pending
STM-METADATA-ES,BERTopic-METADATA-MULTILINGUAL,metadata,es,2,2,5,0.067568,0.067568,0.027712,not_computed,0.0,0.0,0.033955,language_specific_match,language_specific_match,comparable_same_publications_unit_period_filter_language,pending
STM-METADATA-ES,BERTopic-METADATA-MULTILINGUAL,metadata,es,2,12,0,0.0,0.0,0.0,not_computed,0.0,0.0,0.0,no_match,no_match,comparable_same_publications_unit_period_filter_language,pending
STM-METADATA-ES,BERTopic-METADATA-MULTILINGUAL,metadata,es,2,9,1,0.011111,0.011111,0.002261,not_computed,0.0,0.0,0.00501,weak_match,weak_match,comparable_same_publications_unit_period_filter_language,pending
STM-METADATA-ES,BERTopic-METADATA-MULTILINGUAL,metadata,es,2,17,3,0.02439,0.02439,0.007582,not_computed,0.086957,0.0,0.033391,language_specific_match,language_specific_match,comparable_same_publications_unit_period_filter_language,pending
STM-METADATA-ES,BERTopic-METADATA-MULTILINGUAL,metadata,es,2,31,0,0.0,0.0,0.0,not_computed,0.0,0.0,0.0,no_match,no_match,comparable_same_publications_unit_period_filter_language,pending
STM-METADATA-ES,BERTopic-METADATA-MULTILINGUAL,metadata,es,2,11,2,0.028169,0.028169,0.009425,not_computed,0.0,0.0,0.013624,weak_match,weak_match,comparable_same_publications_unit_period_filter_language,pending
STM-METADATA-ES,BERTopic-METADATA-MULTILINGUAL,metadata,es,2,21,0,0.0,0.0,0.0,not_computed,0.0,0.0,0.0,no_match,no_match,comparable_same_publications_unit_period_filter_language,pending
STM-METADATA-ES,BERTopic-METADATA-MULTILINGUAL,metadata,es,2,27,0,0.0,0.0,0.0,not_computed,0.0,0.0,0.0,no_match,no_match,comparable_same_publications_unit_period_filter_language,pending
STM-METADATA-ES,BERTopic-METADATA-MULTILINGUAL,metadata,es,2,30,0,0.0,0.0,0.0,not_computed,0.0,0.0,0.0,no_match,no_match,comparable_same_publications_unit_period_filter_language,pending
STM-METADATA-ES,BERTopic-METADATA-MULTILINGUAL,metadata,es,2,8,2,0.028986,0.028986,0.013989,not_computed,0.0,0.0,0.015091,weak_match,weak_match,comparable_same_publications_unit_period_filter_language,pending
STM-METADATA-ES,BERTopic-METADATA-MULTILINGUAL,metadata,es,2,32,0,0.0,0.0,0.0,not_computed,0.0,0.0,0.0,no_match,no_match,comparable_same_publications_unit_period_filter_language,pending
STM-METADATA-ES,BERTopic-METADATA-MULTILINGUAL,metadata,es,2,7,0,0.0,0.0,0.0,not_computed,0.0,0.0,0.0,no_match,no_match,comparable_same_publications_unit_period_filter_language,pending
STM-METADATA-ES,BERTopic-METADATA-MULTILINGUAL,metadata,es,2,16,0,0.0,0.0,0.0,not_computed,0.0,0.0,0.0,no_match,no_match,comparable_same_publications_unit_period_filter_language,pending
STM-METADATA-ES,BERTopic-METADATA-MULTILINGUAL,metadata,es,12,-1,93,0.071981,0.071981,0.0,not_computed,0.0,0.0,0.028793,language_specific_match,language_specific_match,comparable_same_publications_unit_period_filter_language,pending
STM-METADATA-ES,BERTopic-METADATA-MULTILINGUAL,metadata,es,12,10,2,0.008439,0.008439,0.003608,not_computed,0.0,0.0,0.004277,weak_match,weak_match,comparable_same_publications_unit_period_filter_language,pending
STM-METADATA-ES,BERTopic-METADATA-MULTILINGUAL,metadata,es,12,0,0,0.0,0.0,0.0,not_computed,0.0,0.0,0.0,no_match,no_match,comparable_same_publications_unit_period_filter_language,pending
STM-METADATA-ES,BERTopic-METADATA-MULTILINGUAL,metadata,es,12,5,4,0.010309,0.010309,0.004025,not_computed,0.0,0.0,0.00513,weak_match,weak_match,comparable_same_publications_unit_period_filter_language,pending
STM-METADATA-ES,BERTopic-METADATA-MULTILINGUAL,metadata,es,12,20,6,0.030151,0.030151,0.012725,not_computed,0.0,0.0,0.015242,weak_match,weak_match,comparable_same_publications_unit_period_filter_language,pending
STM-METADATA-ES,BERTopic-METADATA-MULTILINGUAL,metadata,es,12,29,0,0.0,0.0,0.0,not_computed,0.0,0.0,0.0,no_match,no_match,comparable_same_publications_unit_period_filter_language,pending
STM-METADATA-ES,BERTopic-METADATA-MULTILINGUAL,metadata,es,12,24,2,0.009217,0.009217,0.00457,not_computed,0.0,0.0,0.004829,weak_match,weak_match,comparable_same_publications_unit_period_filter_language,pending
STM-METADATA-ES,BERTopic-METADATA-MULTILINGUAL,metadata,es,12,3,1,0.00241,0.00241,0.001064,not_computed,0.0,0.0,0.00123,weak_match,weak_match,comparable_same_publications_unit_period_filter_language,pending
STM-METADATA-ES,BERTopic-METADATA-MULTILINGUAL,metadata,es,12,13,1,0.004854,0.004854,0.001466,not_computed,0.0,0.0,0.002308,weak_match,weak_match,comparable_same_publications_unit_period_filter_language,pending
STM-METADATA-ES,BERTopic-METADATA-MULTILINGUAL,metadata,es,12,1,12,0.04898,0.04898,0.021153,not_computed,0.0,0.0,0.02488,language_specific_match,language_specific_match,comparable_same_publications_unit_period_filter_language,pending
STM-METADATA-ES,BERTopic-METADATA-MULTILINGUAL,metadata,es,12,15,5,0.019608,0.019608,0.007961,not_computed,0.041667,0.0,0.02025,language_specific_match,language_specific_match,comparable_same_publications_unit_period_filter_language,pending
STM-METADATA-ES,BERTopic-METADATA-MULTILINGUAL,metadata,es,12,14,3,0.010753,0.010753,0.002861,not_computed,0.041667,0.0,0.015433,weak_match,weak_match,comparable_same_publications_unit_period_filter_language,pending
STM-METADATA-ES,BERTopic-METADATA-MULTILINGUAL,metadata,es,12,25,0,0.0,0.0,0.0,not_computed,0.0,0.0,0.0,no_match,no_match,comparable_same_publications_unit_period_filter_language,pending
STM-METADATA-ES,BERTopic-METADATA-MULTILINGUAL,metadata,es,12,6,1,0.005236,0.005236,0.001927,not_computed,0.0,0.0,0.002576,weak_match,weak_match,comparable_same_publications_unit_period_filter_language,pending
STM-METADATA-ES,BERTopic-METADATA-MULTILINGUAL,metadata,es,12,4,13,0.047273,0.047273,0.020881,not_computed,0.0,0.0,0.024129,language_specific_match,language_specific_match,comparable_same_publications_unit_period_filter_language,pending
STM-METADATA-ES,BERTopic-METADATA-MULTILINGUAL,metadata,es,12,18,1,0.004202,0.004202,0.002864,not_computed,0.0,0.0,0.002397,weak_match,weak_match,comparable_same_publications_unit_period_filter_language,pending
STM-METADATA-ES,BERTopic-METADATA-MULTILINGUAL,metadata,es,12,23,0,0.0,0.0,0.0,not_computed,0.0,0.0,0.0,no_match,no_match,comparable_same_publications_unit_period_filter_language,pending
STM-METADATA-ES,BERTopic-METADATA-MULTILINGUAL,metadata,es,12,22,2,0.00939,0.00939,0.005305,not_computed,0.0,0.0,0.005082,weak_match,weak_match,comparable_same_publications_unit_period_filter_language,pending
STM-METADATA-ES,BERTopic-METADATA-MULTILINGUAL,metadata,es,12,19,0,0.0,0.0,0.0,not_computed,0.0,0.0,0.0,no_match,no_match,comparable_same_publications_unit_period_filter_language,pending
STM-METADATA-ES,BERTopic-METADATA-MULTILINGUAL,metadata,es,12,2,1,0.005291,0.005291,0.001088,not_computed,0.0,0.0,0.002388,weak_match,weak_match,comparable_same_publications_unit_period_filter_language,pending
STM-METADATA-ES,BERTopic-METADATA-MULTILINGUAL,metadata,es,12,12,2,0.010526,0.010526,0.003007,not_computed,0.0,0.0,0.004962,weak_match,weak_match,comparable_same_publications_unit_period_filter_language,pending
STM-METADATA-ES,BERTopic-METADATA-MULTILINGUAL,metadata,es,12,9,3,0.015075,0.015075,0.005832,not_computed,0.0,0.0,0.007488,weak_match,weak_match,comparable_same_publications_unit_period_filter_language,pending
STM-METADATA-ES,BERTopic-METADATA-MULTILINGUAL,metadata,es,12,17,23,0.107477,0.107477,0.048168,not_computed,0.041667,0.0,0.065449,partial_overlap,partial_overlap,comparable_same_publications_unit_period_filter_language,pending
STM-METADATA-ES,BERTopic-METADATA-MULTILINGUAL,metadata,es,12,31,0,0.0,0.0,0.0,not_computed,0.0,0.0,0.0,no_match,no_match,comparable_same_publications_unit_period_filter_language,pending
STM-METADATA-ES,BERTopic-METADATA-MULTILINGUAL,metadata,es,12,11,1,0.005464,0.005464,0.00276,not_computed,0.0,0.0,0.002876,weak_match,weak_match,comparable_same_publications_unit_period_filter_language,pending
STM-METADATA-ES,BERTopic-METADATA-MULTILINGUAL,metadata,es,12,21,0,0.0,0.0,0.0,not_computed,0.0,0.0,0.0,no_match,no_match,comparable_same_publications_unit_period_filter_language,pending
STM-METADATA-ES,BERTopic-METADATA-MULTILINGUAL,metadata,es,12,27,0,0.0,0.0,0.0,not_computed,0.0,0.0,0.0,no_match,no_match,comparable_same_publications_unit_period_filter_language,pending
STM-METADATA-ES,BERTopic-METADATA-MULTILINGUAL,metadata,es,12,30,0,0.0,0.0,0.0,not_computed,0.0,0.0,0.0,no_match,no_match,comparable_same_publications_unit_period_filter_language,pending
STM-METADATA-ES,BERTopic-METADATA-MULTILINGUAL,metadata,es,12,8,0,0.0,0.0,0.0,not_computed,0.0,0.0,0.0,no_match,no_match,comparable_same_publications_unit_period_filter_language,pending
STM-METADATA-ES,BERTopic-METADATA-MULTILINGUAL,metadata,es,12,32,0,0.0,0.0,0.0,not_computed,0.0,0.0,0.0,no_match,no_match,comparable_same_publications_unit_period_filter_language,pending
STM-METADATA-ES,BERTopic-METADATA-MULTILINGUAL,metadata,es,12,7,0,0.0,0.0,0.0,not_computed,0.0,0.0,0.0,no_match,no_match,comparable_same_publications_unit_period_filter_language,pending
STM-METADATA-ES,BERTopic-METADATA-MULTILINGUAL,metadata,es,12,16,1,0.005525,0.005525,0.001317,not_computed,0.0,0.0,0.002539,weak_match,weak_match,comparable_same_publications_unit_period_filter_language,pending
STM-METADATA-ES,BERTopic-METADATA-MULTILINGUAL,metadata,es,15,-1,17,0.013934,0.013934,0.0,not_computed,0.0,0.0,0.005574,weak_match,weak_match,comparable_same_publications_unit_period_filter_language,pending
STM-METADATA-ES,BERTopic-METADATA-MULTILINGUAL,metadata,es,15,10,0,0.0,0.0,0.0,not_computed,0.0,0.0,0.0,no_match,no_match,comparable_same_publications_unit_period_filter_language,pending
STM-METADATA-ES,BERTopic-METADATA-MULTILINGUAL,metadata,es,15,0,1,0.008065,0.008065,0.007991,not_computed,0.0,0.0,0.005223,weak_match,weak_match,comparable_same_publications_unit_period_filter_language,pending
STM-METADATA-ES,BERTopic-METADATA-MULTILINGUAL,metadata,es,15,5,0,0.0,0.0,0.0,not_computed,0.0,0.0,0.0,no_match,no_match,comparable_same_publications_unit_period_filter_language,pending
STM-METADATA-ES,BERTopic-METADATA-MULTILINGUAL,metadata,es,15,20,1,0.017857,0.017857,0.006241,not_computed,0.0,0.0,0.008703,weak_match,weak_match,comparable_same_publications_unit_period_filter_language,pending
STM-METADATA-ES,BERTopic-METADATA-MULTILINGUAL,metadata,es,15,29,1,0.025641,0.025641,0.024977,not_computed,0.0,0.0,0.016501,weak_match,weak_match,comparable_same_publications_unit_period_filter_language,pending
STM-METADATA-ES,BERTopic-METADATA-MULTILINGUAL,metadata,es,15,24,0,0.0,0.0,0.0,not_computed,0.0,0.0,0.0,no_match,no_match,comparable_same_publications_unit_period_filter_language,pending
STM-METADATA-ES,BERTopic-METADATA-MULTILINGUAL,metadata,es,15,3,0,0.0,0.0,0.0,not_computed,0.0,0.0,0.0,no_match,no_match,comparable_same_publications_unit_period_filter_language,pending
STM-METADATA-ES,BERTopic-METADATA-MULTILINGUAL,metadata,es,15,13,0,0.0,0.0,0.0,not_computed,0.0,0.0,0.0,no_match,no_match,comparable_same_publications_unit_period_filter_language,pending
STM-METADATA-ES,BERTopic-METADATA-MULTILINGUAL,metadata,es,15,1,1,0.009259,0.009259,0.007128,not_computed,0.0,0.0,0.005486,weak_match,weak_match,comparable_same_publications_unit_period_filter_language,pending
STM-METADATA-ES,BERTopic-METADATA-MULTILINGUAL,metadata,es,15,15,2,0.018182,0.018182,0.0175,not_computed,0.0,0.0,0.011648,weak_match,weak_match,comparable_same_publications_unit_period_filter_language,pending
STM-METADATA-ES,BERTopic-METADATA-MULTILINGUAL,metadata,es,15,14,0,0.0,0.0,0.0,not_computed,0.0,0.0,0.0,no_match,no_match,comparable_same_publications_unit_period_filter_language,pending
STM-METADATA-ES,BERTopic-METADATA-MULTILINGUAL,metadata,es,15,25,1,0.025,0.025,0.023465,not_computed,0.0,0.0,0.015866,weak_match,weak_match,comparable_same_publications_unit_period_filter_language,pending
STM-METADATA-ES,BERTopic-METADATA-MULTILINGUAL,metadata,es,15,6,0,0.0,0.0,0.0,not_computed,0.0,0.0,0.0,no_match,no_match,comparable_same_publications_unit_period_filter_language,pending
STM-METADATA-ES,BERTopic-METADATA-MULTILINGUAL,metadata,es,15,4,1,0.007194,0.007194,0.007083,not_computed,0.0,0.0,0.004648,weak_match,weak_match,comparable_same_publications_unit_period_filter_language,pending
STM-METADATA-ES,BERTopic-METADATA-MULTILINGUAL,metadata,es,15,18,0,0.0,0.0,0.0,not_computed,0.0,0.0,0.0,no_match,no_match,comparable_same_publications_unit_period_filter_language,pending
STM-METADATA-ES,BERTopic-METADATA-MULTILINGUAL,metadata,es,15,23,0,0.0,0.0,0.0,not_computed,0.0,0.0,0.0,no_match,no_match,comparable_same_publications_unit_period_filter_language,pending
STM-METADATA-ES,BERTopic-METADATA-MULTILINGUAL,metadata,es,15,22,0,0.0,0.0,0.0,not_computed,0.0,0.0,0.0,no_match,no_match,comparable_same_publications_unit_period_filter_language,pending
STM-METADATA-ES,BERTopic-METADATA-MULTILINGUAL,metadata,es,15,19,0,0.0,0.0,0.0,not_computed,0.0,0.0,0.0,no_match,no_match,comparable_same_publications_unit_period_filter_language,pending
STM-METADATA-ES,BERTopic-METADATA-MULTILINGUAL,metadata,es,15,2,0,0.0,0.0,0.0,not_computed,0.0,0.0,0.0,no_match,no_match,comparable_same_publications_unit_period_filter_language,pending
STM-METADATA-ES,BERTopic-METADATA-MULTILINGUAL,metadata,es,15,12,0,0.0,0.0,0.0,not_computed,0.0,0.0,0.0,no_match,no_match,comparable_same_publications_unit_period_filter_language,pending
STM-METADATA-ES,BERTopic-METADATA-MULTILINGUAL,metadata,es,15,9,2,0.038462,0.038462,0.029724,not_computed,0.0,0.0,0.022816,language_specific_match,language_specific_match,comparable_same_publications_unit_period_filter_language,pending
STM-METADATA-ES,BERTopic-METADATA-MULTILINGUAL,metadata,es,15,17,0,0.0,0.0,0.0,not_computed,0.0,0.0,0.0,no_match,no_match,comparable_same_publications_unit_period_filter_language,pending
STM-METADATA-ES,BERTopic-METADATA-MULTILINGUAL,metadata,es,15,31,0,0.0,0.0,0.0,not_computed,0.0,0.0,0.0,no_match,no_match,comparable_same_publications_unit_period_filter_language,pending
STM-METADATA-ES,BERTopic-METADATA-MULTILINGUAL,metadata,es,15,11,0,0.0,0.0,0.0,not_computed,0.0,0.0,0.0,no_match,no_match,comparable_same_publications_unit_period_filter_language,pending
STM-METADATA-ES,BERTopic-METADATA-MULTILINGUAL,metadata,es,15,21,0,0.0,0.0,0.0,not_computed,0.0,0.0,0.0,no_match,no_match,comparable_same_publications_unit_period_filter_language,pending
STM-METADATA-ES,BERTopic-METADATA-MULTILINGUAL,metadata,es,15,27,0,0.0,0.0,0.0,not_computed,0.0,0.0,0.0,no_match,no_match,comparable_same_publications_unit_period_filter_language,pending
STM-METADATA-ES,BERTopic-METADATA-MULTILINGUAL,metadata,es,15,30,0,0.0,0.0,0.0,not_computed,0.0,0.0,0.0,no_match,no_match,comparable_same_publications_unit_period_filter_language,pending
STM-METADATA-ES,BERTopic-METADATA-MULTILINGUAL,metadata,es,15,8,0,0.0,0.0,0.0,not_computed,0.0,0.0,0.0,no_match,no_match,comparable_same_publications_unit_period_filter_language,pending
STM-METADATA-ES,BERTopic-METADATA-MULTILINGUAL,metadata,es,15,32,1,0.034483,0.034483,0.033867,not_computed,0.0,0.0,0.02226,language_specific_match,language_specific_match,comparable_same_publications_unit_period_filter_language,pending
STM-METADATA-ES,BERTopic-METADATA-MULTILINGUAL,metadata,es,15,7,1,0.034483,0.034483,0.023226,not_computed,0.0,0.0,0.019599,weak_match,weak_match,comparable_same_publications_unit_period_filter_language,pending
STM-METADATA-ES,BERTopic-METADATA-MULTILINGUAL,metadata,es,15,16,0,0.0,0.0,0.0,not_computed,0.0,0.0,0.0,no_match,no_match,comparable_same_publications_unit_period_filter_language,pending
STM-METADATA-ES,BERTopic-METADATA-MULTILINGUAL,metadata,es,6,-1,28,0.02282,0.02282,0.0,not_computed,0.0,0.0,0.009128,weak_match,weak_match,comparable_same_publications_unit_period_filter_language,pending
STM-METADATA-ES,BERTopic-METADATA-MULTILINGUAL,metadata,es,6,10,0,0.0,0.0,0.0,not_computed,0.0,0.0,0.0,no_match,no_match,comparable_same_publications_unit_period_filter_language,pending
STM-METADATA-ES,BERTopic-METADATA-MULTILINGUAL,metadata,es,6,0,0,0.0,0.0,0.0,not_computed,0.0,0.0,0.0,no_match,no_match,comparable_same_publications_unit_period_filter_language,pending
STM-METADATA-ES,BERTopic-METADATA-MULTILINGUAL,metadata,es,6,5,6,0.023438,0.023438,0.011521,not_computed,0.0,0.0,0.012255,weak_match,weak_match,comparable_same_publications_unit_period_filter_language,pending
STM-METADATA-ES,BERTopic-METADATA-MULTILINGUAL,metadata,es,6,20,1,0.013514,0.013514,0.002213,not_computed,0.0,0.0,0.005959,weak_match,weak_match,comparable_same_publications_unit_period_filter_language,pending
STM-METADATA-ES,BERTopic-METADATA-MULTILINGUAL,metadata,es,6,29,0,0.0,0.0,0.0,not_computed,0.0,0.0,0.0,no_match,no_match,comparable_same_publications_unit_period_filter_language,pending
STM-METADATA-ES,BERTopic-METADATA-MULTILINGUAL,metadata,es,6,24,0,0.0,0.0,0.0,not_computed,0.0,0.0,0.0,no_match,no_match,comparable_same_publications_unit_period_filter_language,pending
STM-METADATA-ES,BERTopic-METADATA-MULTILINGUAL,metadata,es,6,3,1,0.003509,0.003509,0.001694,not_computed,0.0,0.0,0.001827,weak_match,weak_match,comparable_same_publications_unit_period_filter_language,pending
STM-METADATA-ES,BERTopic-METADATA-MULTILINGUAL,metadata,es,6,13,0,0.0,0.0,0.0,not_computed,0.0,0.0,0.0,no_match,no_match,comparable_same_publications_unit_period_filter_language,pending
STM-METADATA-ES,BERTopic-METADATA-MULTILINGUAL,metadata,es,6,1,0,0.0,0.0,0.0,not_computed,0.0,0.0,0.0,no_match,no_match,comparable_same_publications_unit_period_filter_language,pending
STM-METADATA-ES,BERTopic-METADATA-MULTILINGUAL,metadata,es,6,15,3,0.023622,0.023622,0.012453,not_computed,0.0,0.0,0.012562,weak_match,weak_match,comparable_same_publications_unit_period_filter_language,pending
STM-METADATA-ES,BERTopic-METADATA-MULTILINGUAL,metadata,es,6,14,0,0.0,0.0,0.0,not_computed,0.0,0.0,0.0,no_match,no_match,comparable_same_publications_unit_period_filter_language,pending
STM-METADATA-ES,BERTopic-METADATA-MULTILINGUAL,metadata,es,6,25,0,0.0,0.0,0.0,not_computed,0.0,0.0,0.0,no_match,no_match,comparable_same_publications_unit_period_filter_language,pending
STM-METADATA-ES,BERTopic-METADATA-MULTILINGUAL,metadata,es,6,6,0,0.0,0.0,0.0,not_computed,0.0,0.0,0.0,no_match,no_match,comparable_same_publications_unit_period_filter_language,pending
STM-METADATA-ES,BERTopic-METADATA-MULTILINGUAL,metadata,es,6,4,0,0.0,0.0,0.0,not_computed,0.0,0.0,0.0,no_match,no_match,comparable_same_publications_unit_period_filter_language,pending
STM-METADATA-ES,BERTopic-METADATA-MULTILINGUAL,metadata,es,6,18,1,0.009259,0.009259,0.003972,not_computed,0.0,0.0,0.004697,weak_match,weak_match,comparable_same_publications_unit_period_filter_language,pending
STM-METADATA-ES,BERTopic-METADATA-MULTILINGUAL,metadata,es,6,23,0,0.0,0.0,0.0,not_computed,0.0,0.0,0.0,no_match,no_match,comparable_same_publications_unit_period_filter_language,pending
STM-METADATA-ES,BERTopic-METADATA-MULTILINGUAL,metadata,es,6,22,0,0.0,0.0,0.0,not_computed,0.0,0.0,0.0,no_match,no_match,comparable_same_publications_unit_period_filter_language,pending
STM-METADATA-ES,BERTopic-METADATA-MULTILINGUAL,metadata,es,6,19,0,0.0,0.0,0.0,not_computed,0.0,0.0,0.0,no_match,no_match,comparable_same_publications_unit_period_filter_language,pending
STM-METADATA-ES,BERTopic-METADATA-MULTILINGUAL,metadata,es,6,2,0,0.0,0.0,0.0,not_computed,0.0,0.0,0.0,no_match,no_match,comparable_same_publications_unit_period_filter_language,pending
STM-METADATA-ES,BERTopic-METADATA-MULTILINGUAL,metadata,es,6,12,0,0.0,0.0,0.0,not_computed,0.0,0.0,0.0,no_match,no_match,comparable_same_publications_unit_period_filter_language,pending
STM-METADATA-ES,BERTopic-METADATA-MULTILINGUAL,metadata,es,6,9,0,0.0,0.0,0.0,not_computed,0.0,0.0,0.0,no_match,no_match,comparable_same_publications_unit_period_filter_language,pending
STM-METADATA-ES,BERTopic-METADATA-MULTILINGUAL,metadata,es,6,17,1,0.009434,0.009434,0.004413,not_computed,0.0,0.0,0.004877,weak_match,weak_match,comparable_same_publications_unit_period_filter_language,pending
STM-METADATA-ES,BERTopic-METADATA-MULTILINGUAL,metadata,es,6,31,6,0.086957,0.086957,0.03534,not_computed,0.190476,0.0,0.091237,STM_split_by_BERTopic,STM_split_by_BERTopic,comparable_same_publications_unit_period_filter_language,pending
STM-METADATA-ES,BERTopic-METADATA-MULTILINGUAL,metadata,es,6,11,0,0.0,0.0,0.0,not_computed,0.0,0.0,0.0,no_match,no_match,comparable_same_publications_unit_period_filter_language,pending
STM-METADATA-ES,BERTopic-METADATA-MULTILINGUAL,metadata,es,6,21,0,0.0,0.0,0.0,not_computed,0.0,0.0,0.0,no_match,no_match,comparable_same_publications_unit_period_filter_language,pending
STM-METADATA-ES,BERTopic-METADATA-MULTILINGUAL,metadata,es,6,27,0,0.0,0.0,0.0,not_computed,0.0,0.0,0.0,no_match,no_match,comparable_same_publications_unit_period_filter_language,pending
STM-METADATA-ES,BERTopic-METADATA-MULTILINGUAL,metadata,es,6,30,0,0.0,0.0,0.0,not_computed,0.0,0.0,0.0,no_match,no_match,comparable_same_publications_unit_period_filter_language,pending
STM-METADATA-ES,BERTopic-METADATA-MULTILINGUAL,metadata,es,6,8,0,0.0,0.0,0.0,not_computed,0.0,0.0,0.0,no_match,no_match,comparable_same_publications_unit_period_filter_language,pending
STM-METADATA-ES,BERTopic-METADATA-MULTILINGUAL,metadata,es,6,32,0,0.0,0.0,0.0,not_computed,0.0,0.0,0.0,no_match,no_match,comparable_same_publications_unit_period_filter_language,pending
STM-METADATA-ES,BERTopic-METADATA-MULTILINGUAL,metadata,es,6,7,0,0.0,0.0,0.0,not_computed,0.0,0.0,0.0,no_match,no_match,comparable_same_publications_unit_period_filter_language,pending
STM-METADATA-ES,BERTopic-METADATA-MULTILINGUAL,metadata,es,6,16,0,0.0,0.0,0.0,not_computed,0.0,0.0,0.0,no_match,no_match,comparable_same_publications_unit_period_filter_language,pending
STM-METADATA-EN,BERTopic-METADATA-MULTILINGUAL,metadata,en,17,-1,145,0.085596,0.085596,0.0,not_computed,0.0,0.0,0.034238,language_specific_match,language_specific_match,comparable_same_publications_unit_period_filter_language,pending
STM-METADATA-EN,BERTopic-METADATA-MULTILINGUAL,metadata,en,17,31,0,0.0,0.0,0.0,not_computed,0.0,0.0,0.0,no_match,no_match,comparable_same_publications_unit_period_filter_language,pending
STM-METADATA-EN,BERTopic-METADATA-MULTILINGUAL,metadata,en,17,23,1,0.004149,0.004149,0.00075,not_computed,0.0,0.0,0.001847,weak_match,weak_match,comparable_same_publications_unit_period_filter_language,pending
STM-METADATA-EN,BERTopic-METADATA-MULTILINGUAL,metadata,en,17,20,0,0.0,0.0,0.0,not_computed,0.0,0.0,0.0,no_match,no_match,comparable_same_publications_unit_period_filter_language,pending
STM-METADATA-EN,BERTopic-METADATA-MULTILINGUAL,metadata,en,17,5,0,0.0,0.0,0.0,not_computed,0.0,0.0,0.0,no_match,no_match,comparable_same_publications_unit_period_filter_language,pending
STM-METADATA-EN,BERTopic-METADATA-MULTILINGUAL,metadata,en,17,11,6,0.017045,0.017045,0.0055,not_computed,0.0,0.0,0.008193,weak_match,weak_match,comparable_same_publications_unit_period_filter_language,pending
STM-METADATA-EN,BERTopic-METADATA-MULTILINGUAL,metadata,en,17,16,1,0.003257,0.003257,0.00094,not_computed,0.0,0.0,0.001538,weak_match,weak_match,comparable_same_publications_unit_period_filter_language,pending
STM-METADATA-EN,BERTopic-METADATA-MULTILINGUAL,metadata,en,17,7,36,0.088889,0.088889,0.044614,not_computed,0.086957,0.0,0.068448,partial_overlap,partial_overlap,comparable_same_publications_unit_period_filter_language,pending
STM-METADATA-EN,BERTopic-METADATA-MULTILINGUAL,metadata,en,17,2,4,0.008621,0.008621,0.002501,not_computed,0.0,0.0,0.004074,weak_match,weak_match,comparable_same_publications_unit_period_filter_language,pending
STM-METADATA-EN,BERTopic-METADATA-MULTILINGUAL,metadata,en,17,28,1,0.003817,0.003817,0.001316,not_computed,0.0,0.0,0.001856,weak_match,weak_match,comparable_same_publications_unit_period_filter_language,pending
STM-METADATA-EN,BERTopic-METADATA-MULTILINGUAL,metadata,en,17,26,0,0.0,0.0,0.0,not_computed,0.0,0.0,0.0,no_match,no_match,comparable_same_publications_unit_period_filter_language,pending
STM-METADATA-EN,BERTopic-METADATA-MULTILINGUAL,metadata,en,17,22,0,0.0,0.0,0.0,not_computed,0.0,0.0,0.0,no_match,no_match,comparable_same_publications_unit_period_filter_language,pending
STM-METADATA-EN,BERTopic-METADATA-MULTILINGUAL,metadata,en,17,4,1,0.003279,0.003279,0.000773,not_computed,0.0,0.0,0.001505,weak_match,weak_match,comparable_same_publications_unit_period_filter_language,pending
STM-METADATA-EN,BERTopic-METADATA-MULTILINGUAL,metadata,en,17,17,3,0.012048,0.012048,0.003673,not_computed,0.0,0.0,0.005737,weak_match,weak_match,comparable_same_publications_unit_period_filter_language,pending
STM-METADATA-EN,BERTopic-METADATA-MULTILINGUAL,metadata,en,17,1,5,0.013263,0.013263,0.004567,not_computed,0.0,0.0,0.006447,weak_match,weak_match,comparable_same_publications_unit_period_filter_language,pending
STM-METADATA-EN,BERTopic-METADATA-MULTILINGUAL,metadata,en,17,27,0,0.0,0.0,0.0,not_computed,0.0,0.0,0.0,no_match,no_match,comparable_same_publications_unit_period_filter_language,pending
STM-METADATA-EN,BERTopic-METADATA-MULTILINGUAL,metadata,en,17,6,1,0.004,0.004,0.001161,not_computed,0.0,0.0,0.00189,weak_match,weak_match,comparable_same_publications_unit_period_filter_language,pending
STM-METADATA-EN,BERTopic-METADATA-MULTILINGUAL,metadata,en,17,13,1,0.003311,0.003311,0.001128,not_computed,0.0,0.0,0.001606,weak_match,weak_match,comparable_same_publications_unit_period_filter_language,pending
STM-METADATA-EN,BERTopic-METADATA-MULTILINGUAL,metadata,en,17,8,3,0.007463,0.007463,0.003331,not_computed,0.0,0.0,0.003818,weak_match,weak_match,comparable_same_publications_unit_period_filter_language,pending
STM-METADATA-EN,BERTopic-METADATA-MULTILINGUAL,metadata,en,17,32,1,0.003906,0.003906,0.001989,not_computed,0.0,0.0,0.00206,weak_match,weak_match,comparable_same_publications_unit_period_filter_language,pending
STM-METADATA-EN,BERTopic-METADATA-MULTILINGUAL,metadata,en,17,0,3,0.006961,0.006961,0.002138,not_computed,0.0,0.0,0.003319,weak_match,weak_match,comparable_same_publications_unit_period_filter_language,pending
STM-METADATA-EN,BERTopic-METADATA-MULTILINGUAL,metadata,en,17,9,3,0.008427,0.008427,0.002703,not_computed,0.0,0.0,0.004047,weak_match,weak_match,comparable_same_publications_unit_period_filter_language,pending
STM-METADATA-EN,BERTopic-METADATA-MULTILINGUAL,metadata,en,17,30,0,0.0,0.0,0.0,not_computed,0.0,0.0,0.0,no_match,no_match,comparable_same_publications_unit_period_filter_language,pending
STM-METADATA-EN,BERTopic-METADATA-MULTILINGUAL,metadata,en,17,33,0,0.0,0.0,0.0,not_computed,0.0,0.0,0.0,no_match,no_match,comparable_same_publications_unit_period_filter_language,pending
STM-METADATA-EN,BERTopic-METADATA-MULTILINGUAL,metadata,en,17,21,0,0.0,0.0,0.0,not_computed,0.0,0.0,0.0,no_match,no_match,comparable_same_publications_unit_period_filter_language,pending
STM-METADATA-EN,BERTopic-METADATA-MULTILINGUAL,metadata,en,17,24,0,0.0,0.0,0.0,not_computed,0.0,0.0,0.0,no_match,no_match,comparable_same_publications_unit_period_filter_language,pending
STM-METADATA-EN,BERTopic-METADATA-MULTILINGUAL,metadata,en,17,29,0,0.0,0.0,0.0,not_computed,0.0,0.0,0.0,no_match,no_match,comparable_same_publications_unit_period_filter_language,pending
STM-METADATA-EN,BERTopic-METADATA-MULTILINGUAL,metadata,en,17,15,0,0.0,0.0,0.0,not_computed,0.0,0.0,0.0,no_match,no_match,comparable_same_publications_unit_period_filter_language,pending
STM-METADATA-EN,BERTopic-METADATA-MULTILINGUAL,metadata,en,17,19,0,0.0,0.0,0.0,not_computed,0.0,0.0,0.0,no_match,no_match,comparable_same_publications_unit_period_filter_language,pending
STM-METADATA-EN,BERTopic-METADATA-MULTILINGUAL,metadata,en,17,3,0,0.0,0.0,0.0,not_computed,0.0,0.0,0.0,no_match,no_match,comparable_same_publications_unit_period_filter_language,pending
STM-METADATA-EN,BERTopic-METADATA-MULTILINGUAL,metadata,en,17,10,0,0.0,0.0,0.0,not_computed,0.0,0.0,0.0,no_match,no_match,comparable_same_publications_unit_period_filter_language,pending
STM-METADATA-EN,BERTopic-METADATA-MULTILINGUAL,metadata,en,17,25,4,0.016949,0.016949,0.007755,not_computed,0.0,0.0,0.008718,weak_match,weak_match,comparable_same_publications_unit_period_filter_language,pending
STM-METADATA-EN,BERTopic-METADATA-MULTILINGUAL,metadata,en,17,18,0,0.0,0.0,0.0,not_computed,0.0,0.0,0.0,no_match,no_match,comparable_same_publications_unit_period_filter_language,pending
STM-METADATA-EN,BERTopic-METADATA-MULTILINGUAL,metadata,en,17,12,1,0.004098,0.004098,0.001051,not_computed,0.0,0.0,0.001902,weak_match,weak_match,comparable_same_publications_unit_period_filter_language,pending
STM-METADATA-EN,BERTopic-METADATA-MULTILINGUAL,metadata,en,17,14,0,0.0,0.0,0.0,not_computed,0.0,0.0,0.0,no_match,no_match,comparable_same_publications_unit_period_filter_language,pending
STM-METADATA-EN,BERTopic-METADATA-MULTILINGUAL,metadata,en,18,-1,89,0.053357,0.053357,0.0,not_computed,0.0,0.0,0.021343,language_specific_match,language_specific_match,comparable_same_publications_unit_period_filter_language,pending
STM-METADATA-EN,BERTopic-METADATA-MULTILINGUAL,metadata,en,18,31,0,0.0,0.0,0.0,not_computed,0.0,0.0,0.0,no_match,no_match,comparable_same_publications_unit_period_filter_language,pending
STM-METADATA-EN,BERTopic-METADATA-MULTILINGUAL,metadata,en,18,23,2,0.012658,0.012658,0.004489,not_computed,0.0,0.0,0.006186,weak_match,weak_match,comparable_same_publications_unit_period_filter_language,pending
STM-METADATA-EN,BERTopic-METADATA-MULTILINGUAL,metadata,en,18,20,1,0.005495,0.005495,0.001758,not_computed,0.0,0.0,0.002637,weak_match,weak_match,comparable_same_publications_unit_period_filter_language,pending
STM-METADATA-EN,BERTopic-METADATA-MULTILINGUAL,metadata,en,18,5,0,0.0,0.0,0.0,not_computed,0.0,0.0,0.0,no_match,no_match,comparable_same_publications_unit_period_filter_language,pending
STM-METADATA-EN,BERTopic-METADATA-MULTILINGUAL,metadata,en,18,11,4,0.014706,0.014706,0.004471,not_computed,0.0,0.0,0.007,weak_match,weak_match,comparable_same_publications_unit_period_filter_language,pending
STM-METADATA-EN,BERTopic-METADATA-MULTILINGUAL,metadata,en,18,16,2,0.008929,0.008929,0.004139,not_computed,0.0,0.0,0.004606,weak_match,weak_match,comparable_same_publications_unit_period_filter_language,pending
STM-METADATA-EN,BERTopic-METADATA-MULTILINGUAL,metadata,en,18,7,6,0.016997,0.016997,0.005797,not_computed,0.0,0.0,0.008248,weak_match,weak_match,comparable_same_publications_unit_period_filter_language,pending
STM-METADATA-EN,BERTopic-METADATA-MULTILINGUAL,metadata,en,18,2,1,0.002597,0.002597,0.000938,not_computed,0.0,0.0,0.001273,weak_match,weak_match,comparable_same_publications_unit_period_filter_language,pending
STM-METADATA-EN,BERTopic-METADATA-MULTILINGUAL,metadata,en,18,28,0,0.0,0.0,0.0,not_computed,0.0,0.0,0.0,no_match,no_match,comparable_same_publications_unit_period_filter_language,pending
STM-METADATA-EN,BERTopic-METADATA-MULTILINGUAL,metadata,en,18,26,0,0.0,0.0,0.0,not_computed,0.0,0.0,0.0,no_match,no_match,comparable_same_publications_unit_period_filter_language,pending
STM-METADATA-EN,BERTopic-METADATA-MULTILINGUAL,metadata,en,18,22,0,0.0,0.0,0.0,not_computed,0.0,0.0,0.0,no_match,no_match,comparable_same_publications_unit_period_filter_language,pending
STM-METADATA-EN,BERTopic-METADATA-MULTILINGUAL,metadata,en,18,4,0,0.0,0.0,0.0,not_computed,0.0,0.0,0.0,no_match,no_match,comparable_same_publications_unit_period_filter_language,pending
STM-METADATA-EN,BERTopic-METADATA-MULTILINGUAL,metadata,en,18,17,0,0.0,0.0,0.0,not_computed,0.0,0.0,0.0,no_match,no_match,comparable_same_publications_unit_period_filter_language,pending
STM-METADATA-EN,BERTopic-METADATA-MULTILINGUAL,metadata,en,18,1,3,0.010101,0.010101,0.003135,not_computed,0.0,0.0,0.004824,weak_match,weak_match,comparable_same_publications_unit_period_filter_language,pending
STM-METADATA-EN,BERTopic-METADATA-MULTILINGUAL,metadata,en,18,27,2,0.012579,0.012579,0.003216,not_computed,0.0,0.0,0.005835,weak_match,weak_match,comparable_same_publications_unit_period_filter_language,pending
STM-METADATA-EN,BERTopic-METADATA-MULTILINGUAL,metadata,en,18,6,3,0.018072,0.018072,0.006345,not_computed,0.0,0.0,0.008815,weak_match,weak_match,comparable_same_publications_unit_period_filter_language,pending
STM-METADATA-EN,BERTopic-METADATA-MULTILINGUAL,metadata,en,18,13,0,0.0,0.0,0.0,not_computed,0.0,0.0,0.0,no_match,no_match,comparable_same_publications_unit_period_filter_language,pending
STM-METADATA-EN,BERTopic-METADATA-MULTILINGUAL,metadata,en,18,8,1,0.003106,0.003106,0.001271,not_computed,0.0,0.0,0.00156,weak_match,weak_match,comparable_same_publications_unit_period_filter_language,pending
STM-METADATA-EN,BERTopic-METADATA-MULTILINGUAL,metadata,en,18,32,1,0.005747,0.005747,0.001465,not_computed,0.0,0.0,0.002665,weak_match,weak_match,comparable_same_publications_unit_period_filter_language,pending
STM-METADATA-EN,BERTopic-METADATA-MULTILINGUAL,metadata,en,18,0,5,0.014409,0.014409,0.004803,not_computed,0.0,0.0,0.006964,weak_match,weak_match,comparable_same_publications_unit_period_filter_language,pending
STM-METADATA-EN,BERTopic-METADATA-MULTILINGUAL,metadata,en,18,9,3,0.010949,0.010949,0.003814,not_computed,0.0,0.0,0.005333,weak_match,weak_match,comparable_same_publications_unit_period_filter_language,pending
STM-METADATA-EN,BERTopic-METADATA-MULTILINGUAL,metadata,en,18,30,3,0.019481,0.019481,0.008537,not_computed,0.0,0.0,0.009926,weak_match,weak_match,comparable_same_publications_unit_period_filter_language,pending
STM-METADATA-EN,BERTopic-METADATA-MULTILINGUAL,metadata,en,18,33,1,0.006329,0.006329,0.001887,not_computed,0.0,0.0,0.003003,weak_match,weak_match,comparable_same_publications_unit_period_filter_language,pending
STM-METADATA-EN,BERTopic-METADATA-MULTILINGUAL,metadata,en,18,21,2,0.011628,0.011628,0.008935,not_computed,0.041667,0.0,0.017302,weak_match,weak_match,comparable_same_publications_unit_period_filter_language,pending
STM-METADATA-EN,BERTopic-METADATA-MULTILINGUAL,metadata,en,18,24,0,0.0,0.0,0.0,not_computed,0.0,0.0,0.0,no_match,no_match,comparable_same_publications_unit_period_filter_language,pending
STM-METADATA-EN,BERTopic-METADATA-MULTILINGUAL,metadata,en,18,29,1,0.006024,0.006024,0.002122,not_computed,0.0,0.0,0.00294,weak_match,weak_match,comparable_same_publications_unit_period_filter_language,pending
STM-METADATA-EN,BERTopic-METADATA-MULTILINGUAL,metadata,en,18,15,2,0.012121,0.012121,0.003391,not_computed,0.0,0.0,0.005696,weak_match,weak_match,comparable_same_publications_unit_period_filter_language,pending
STM-METADATA-EN,BERTopic-METADATA-MULTILINGUAL,metadata,en,18,19,1,0.006494,0.006494,0.00189,not_computed,0.0,0.0,0.00307,weak_match,weak_match,comparable_same_publications_unit_period_filter_language,pending
STM-METADATA-EN,BERTopic-METADATA-MULTILINGUAL,metadata,en,18,3,0,0.0,0.0,0.0,not_computed,0.0,0.0,0.0,no_match,no_match,comparable_same_publications_unit_period_filter_language,pending
STM-METADATA-EN,BERTopic-METADATA-MULTILINGUAL,metadata,en,18,10,1,0.006173,0.006173,0.002091,not_computed,0.0,0.0,0.002992,weak_match,weak_match,comparable_same_publications_unit_period_filter_language,pending
STM-METADATA-EN,BERTopic-METADATA-MULTILINGUAL,metadata,en,18,25,1,0.006369,0.006369,0.001448,not_computed,0.0,0.0,0.00291,weak_match,weak_match,comparable_same_publications_unit_period_filter_language,pending
STM-METADATA-EN,BERTopic-METADATA-MULTILINGUAL,metadata,en,18,18,0,0.0,0.0,0.0,not_computed,0.0,0.0,0.0,no_match,no_match,comparable_same_publications_unit_period_filter_language,pending
STM-METADATA-EN,BERTopic-METADATA-MULTILINGUAL,metadata,en,18,12,1,0.006173,0.006173,0.00126,not_computed,0.0,0.0,0.002784,weak_match,weak_match,comparable_same_publications_unit_period_filter_language,pending
STM-METADATA-EN,BERTopic-METADATA-MULTILINGUAL,metadata,en,18,14,2,0.013986,0.013986,0.006106,not_computed,0.041667,0.0,0.017538,weak_match,weak_match,comparable_same_publications_unit_period_filter_language,pending
STM-METADATA-EN,BERTopic-METADATA-MULTILINGUAL,metadata,en,19,-1,82,0.045304,0.045304,0.0,not_computed,0.0,0.0,0.018122,weak_match,weak_match,comparable_same_publications_unit_period_filter_language,pending
STM-METADATA-EN,BERTopic-METADATA-MULTILINGUAL,metadata,en,19,31,0,0.0,0.0,0.0,not_computed,0.0,0.0,0.0,no_match,no_match,comparable_same_publications_unit_period_filter_language,pending
STM-METADATA-EN,BERTopic-METADATA-MULTILINGUAL,metadata,en,19,23,3,0.010274,0.010274,0.004713,not_computed,0.0,0.0,0.005288,weak_match,weak_match,comparable_same_publications_unit_period_filter_language,pending
STM-METADATA-EN,BERTopic-METADATA-MULTILINGUAL,metadata,en,19,20,5,0.015974,0.015974,0.00524,not_computed,0.0,0.0,0.0077,weak_match,weak_match,comparable_same_publications_unit_period_filter_language,pending
STM-METADATA-EN,BERTopic-METADATA-MULTILINGUAL,metadata,en,19,5,0,0.0,0.0,0.0,not_computed,0.0,0.0,0.0,no_match,no_match,comparable_same_publications_unit_period_filter_language,pending
STM-METADATA-EN,BERTopic-METADATA-MULTILINGUAL,metadata,en,19,11,4,0.009828,0.009828,0.003536,not_computed,0.0,0.0,0.004815,weak_match,weak_match,comparable_same_publications_unit_period_filter_language,pending
STM-METADATA-EN,BERTopic-METADATA-MULTILINGUAL,metadata,en,19,16,5,0.014045,0.014045,0.005123,not_computed,0.0,0.0,0.006899,weak_match,weak_match,comparable_same_publications_unit_period_filter_language,pending
STM-METADATA-EN,BERTopic-METADATA-MULTILINGUAL,metadata,en,19,7,2,0.004065,0.004065,0.001555,not_computed,0.0,0.0,0.002015,weak_match,weak_match,comparable_same_publications_unit_period_filter_language,pending
STM-METADATA-EN,BERTopic-METADATA-MULTILINGUAL,metadata,en,19,2,13,0.025591,0.025591,0.009239,not_computed,0.0,0.0,0.012546,weak_match,weak_match,comparable_same_publications_unit_period_filter_language,pending
STM-METADATA-EN,BERTopic-METADATA-MULTILINGUAL,metadata,en,19,28,5,0.016077,0.016077,0.006916,not_computed,0.0,0.0,0.00816,weak_match,weak_match,comparable_same_publications_unit_period_filter_language,pending
STM-METADATA-EN,BERTopic-METADATA-MULTILINGUAL,metadata,en,19,26,0,0.0,0.0,0.0,not_computed,0.0,0.0,0.0,no_match,no_match,comparable_same_publications_unit_period_filter_language,pending
STM-METADATA-EN,BERTopic-METADATA-MULTILINGUAL,metadata,en,19,22,0,0.0,0.0,0.0,not_computed,0.0,0.0,0.0,no_match,no_match,comparable_same_publications_unit_period_filter_language,pending
STM-METADATA-EN,BERTopic-METADATA-MULTILINGUAL,metadata,en,19,4,4,0.011268,0.011268,0.003669,not_computed,0.0,0.0,0.005424,weak_match,weak_match,comparable_same_publications_unit_period_filter_language,pending
STM-METADATA-EN,BERTopic-METADATA-MULTILINGUAL,metadata,en,19,17,2,0.006601,0.006601,0.002175,not_computed,0.0,0.0,0.003184,weak_match,weak_match,comparable_same_publications_unit_period_filter_language,pending
STM-METADATA-EN,BERTopic-METADATA-MULTILINGUAL,metadata,en,19,1,4,0.009281,0.009281,0.002416,not_computed,0.0,0.0,0.004316,weak_match,weak_match,comparable_same_publications_unit_period_filter_language,pending
STM-METADATA-EN,BERTopic-METADATA-MULTILINGUAL,metadata,en,19,27,1,0.00339,0.00339,0.001549,not_computed,0.0,0.0,0.001743,weak_match,weak_match,comparable_same_publications_unit_period_filter_language,pending
STM-METADATA-EN,BERTopic-METADATA-MULTILINGUAL,metadata,en,19,6,0,0.0,0.0,0.0,not_computed,0.0,0.0,0.0,no_match,no_match,comparable_same_publications_unit_period_filter_language,pending
STM-METADATA-EN,BERTopic-METADATA-MULTILINGUAL,metadata,en,19,13,40,0.126582,0.126582,0.050481,not_computed,0.0,0.0,0.063253,partial_overlap,partial_overlap,comparable_same_publications_unit_period_filter_language,pending
STM-METADATA-EN,BERTopic-METADATA-MULTILINGUAL,metadata,en,19,8,12,0.026906,0.026906,0.011674,not_computed,0.0,0.0,0.013681,weak_match,weak_match,comparable_same_publications_unit_period_filter_language,pending
STM-METADATA-EN,BERTopic-METADATA-MULTILINGUAL,metadata,en,19,32,3,0.009772,0.009772,0.003386,not_computed,0.0,0.0,0.004755,weak_match,weak_match,comparable_same_publications_unit_period_filter_language,pending
STM-METADATA-EN,BERTopic-METADATA-MULTILINGUAL,metadata,en,19,0,65,0.154028,0.154028,0.066322,not_computed,0.086957,0.0,0.099931,STM_split_by_BERTopic,STM_split_by_BERTopic,comparable_same_publications_unit_period_filter_language,pending
STM-METADATA-EN,BERTopic-METADATA-MULTILINGUAL,metadata,en,19,9,0,0.0,0.0,0.0,not_computed,0.0,0.0,0.0,no_match,no_match,comparable_same_publications_unit_period_filter_language,pending
STM-METADATA-EN,BERTopic-METADATA-MULTILINGUAL,metadata,en,19,30,3,0.010381,0.010381,0.003994,not_computed,0.0,0.0,0.005151,weak_match,weak_match,comparable_same_publications_unit_period_filter_language,pending
STM-METADATA-EN,BERTopic-METADATA-MULTILINGUAL,metadata,en,19,33,1,0.003413,0.003413,0.001668,not_computed,0.0,0.0,0.001782,weak_match,weak_match,comparable_same_publications_unit_period_filter_language,pending
STM-METADATA-EN,BERTopic-METADATA-MULTILINGUAL,metadata,en,19,21,13,0.043919,0.043919,0.015811,not_computed,0.086957,0.0,0.043259,language_specific_match,language_specific_match,comparable_same_publications_unit_period_filter_language,pending
STM-METADATA-EN,BERTopic-METADATA-MULTILINGUAL,metadata,en,19,24,0,0.0,0.0,0.0,not_computed,0.0,0.0,0.0,no_match,no_match,comparable_same_publications_unit_period_filter_language,pending
STM-METADATA-EN,BERTopic-METADATA-MULTILINGUAL,metadata,en,19,29,0,0.0,0.0,0.0,not_computed,0.0,0.0,0.0,no_match,no_match,comparable_same_publications_unit_period_filter_language,pending
STM-METADATA-EN,BERTopic-METADATA-MULTILINGUAL,metadata,en,19,15,1,0.003322,0.003322,0.000981,not_computed,0.0,0.0,0.001574,weak_match,weak_match,comparable_same_publications_unit_period_filter_language,pending
STM-METADATA-EN,BERTopic-METADATA-MULTILINGUAL,metadata,en,19,19,3,0.010453,0.010453,0.005621,not_computed,0.041667,0.0,0.016003,weak_match,weak_match,comparable_same_publications_unit_period_filter_language,pending
STM-METADATA-EN,BERTopic-METADATA-MULTILINGUAL,metadata,en,19,3,0,0.0,0.0,0.0,not_computed,0.0,0.0,0.0,no_match,no_match,comparable_same_publications_unit_period_filter_language,pending
STM-METADATA-EN,BERTopic-METADATA-MULTILINGUAL,metadata,en,19,10,2,0.006757,0.006757,0.002201,not_computed,0.0,0.0,0.003253,weak_match,weak_match,comparable_same_publications_unit_period_filter_language,pending
STM-METADATA-EN,BERTopic-METADATA-MULTILINGUAL,metadata,en,19,25,0,0.0,0.0,0.0,not_computed,0.0,0.0,0.0,no_match,no_match,comparable_same_publications_unit_period_filter_language,pending
STM-METADATA-EN,BERTopic-METADATA-MULTILINGUAL,metadata,en,19,18,0,0.0,0.0,0.0,not_computed,0.0,0.0,0.0,no_match,no_match,comparable_same_publications_unit_period_filter_language,pending
STM-METADATA-EN,BERTopic-METADATA-MULTILINGUAL,metadata,en,19,12,0,0.0,0.0,0.0,not_computed,0.0,0.0,0.0,no_match,no_match,comparable_same_publications_unit_period_filter_language,pending
STM-METADATA-EN,BERTopic-METADATA-MULTILINGUAL,metadata,en,19,14,0,0.0,0.0,0.0,not_computed,0.0,0.0,0.0,no_match,no_match,comparable_same_publications_unit_period_filter_language,pending
STM-METADATA-EN,BERTopic-METADATA-MULTILINGUAL,metadata,en,1,-1,60,0.035524,0.035524,0.0,not_computed,0.0,0.0,0.01421,weak_match,weak_match,comparable_same_publications_unit_period_filter_language,pending
STM-METADATA-EN,BERTopic-METADATA-MULTILINGUAL,metadata,en,1,31,2,0.014493,0.014493,0.004012,not_computed,0.041667,0.0,0.017217,weak_match,weak_match,comparable_same_publications_unit_period_filter_language,pending
STM-METADATA-EN,BERTopic-METADATA-MULTILINGUAL,metadata,en,1,23,2,0.013333,0.013333,0.004107,not_computed,0.0,0.0,0.00636,weak_match,weak_match,comparable_same_publications_unit_period_filter_language,pending
STM-METADATA-EN,BERTopic-METADATA-MULTILINGUAL,metadata,en,1,20,0,0.0,0.0,0.0,not_computed,0.0,0.0,0.0,no_match,no_match,comparable_same_publications_unit_period_filter_language,pending
STM-METADATA-EN,BERTopic-METADATA-MULTILINGUAL,metadata,en,1,5,0,0.0,0.0,0.0,not_computed,0.0,0.0,0.0,no_match,no_match,comparable_same_publications_unit_period_filter_language,pending
STM-METADATA-EN,BERTopic-METADATA-MULTILINGUAL,metadata,en,1,11,4,0.015152,0.015152,0.00301,not_computed,0.0,0.0,0.006813,weak_match,weak_match,comparable_same_publications_unit_period_filter_language,pending
STM-METADATA-EN,BERTopic-METADATA-MULTILINGUAL,metadata,en,1,16,13,0.063415,0.063415,0.025088,not_computed,0.0,0.0,0.031638,language_specific_match,language_specific_match,comparable_same_publications_unit_period_filter_language,pending
STM-METADATA-EN,BERTopic-METADATA-MULTILINGUAL,metadata,en,1,7,2,0.005731,0.005731,0.002002,not_computed,0.0,0.0,0.002793,weak_match,weak_match,comparable_same_publications_unit_period_filter_language,pending
STM-METADATA-EN,BERTopic-METADATA-MULTILINGUAL,metadata,en,1,2,0,0.0,0.0,0.0,not_computed,0.0,0.0,0.0,no_match,no_match,comparable_same_publications_unit_period_filter_language,pending
STM-METADATA-EN,BERTopic-METADATA-MULTILINGUAL,metadata,en,1,28,0,0.0,0.0,0.0,not_computed,0.0,0.0,0.0,no_match,no_match,comparable_same_publications_unit_period_filter_language,pending
STM-METADATA-EN,BERTopic-METADATA-MULTILINGUAL,metadata,en,1,26,0,0.0,0.0,0.0,not_computed,0.0,0.0,0.0,no_match,no_match,comparable_same_publications_unit_period_filter_language,pending
STM-METADATA-EN,BERTopic-METADATA-MULTILINGUAL,metadata,en,1,22,1,0.006494,0.006494,0.002258,not_computed,0.0,0.0,0.003162,weak_match,weak_match,comparable_same_publications_unit_period_filter_language,pending
STM-METADATA-EN,BERTopic-METADATA-MULTILINGUAL,metadata,en,1,4,1,0.004651,0.004651,0.001175,not_computed,0.0,0.0,0.002154,weak_match,weak_match,comparable_same_publications_unit_period_filter_language,pending
STM-METADATA-EN,BERTopic-METADATA-MULTILINGUAL,metadata,en,1,17,0,0.0,0.0,0.0,not_computed,0.0,0.0,0.0,no_match,no_match,comparable_same_publications_unit_period_filter_language,pending
STM-METADATA-EN,BERTopic-METADATA-MULTILINGUAL,metadata,en,1,1,1,0.003436,0.003436,0.000948,not_computed,0.0,0.0,0.001612,weak_match,weak_match,comparable_same_publications_unit_period_filter_language,pending
STM-METADATA-EN,BERTopic-METADATA-MULTILINGUAL,metadata,en,1,27,2,0.013245,0.013245,0.005469,not_computed,0.0,0.0,0.006665,weak_match,weak_match,comparable_same_publications_unit_period_filter_language,pending
STM-METADATA-EN,BERTopic-METADATA-MULTILINGUAL,metadata,en,1,6,1,0.00625,0.00625,0.002739,not_computed,0.0,0.0,0.003185,weak_match,weak_match,comparable_same_publications_unit_period_filter_language,pending
STM-METADATA-EN,BERTopic-METADATA-MULTILINGUAL,metadata,en,1,13,1,0.004717,0.004717,0.000963,not_computed,0.0,0.0,0.002128,weak_match,weak_match,comparable_same_publications_unit_period_filter_language,pending
STM-METADATA-EN,BERTopic-METADATA-MULTILINGUAL,metadata,en,1,8,0,0.0,0.0,0.0,not_computed,0.0,0.0,0.0,no_match,no_match,comparable_same_publications_unit_period_filter_language,pending
STM-METADATA-EN,BERTopic-METADATA-MULTILINGUAL,metadata,en,1,32,0,0.0,0.0,0.0,not_computed,0.0,0.0,0.0,no_match,no_match,comparable_same_publications_unit_period_filter_language,pending
STM-METADATA-EN,BERTopic-METADATA-MULTILINGUAL,metadata,en,1,0,23,0.071651,0.071651,0.029364,not_computed,0.041667,0.0,0.046418,language_specific_match,language_specific_match,comparable_same_publications_unit_period_filter_language,pending
STM-METADATA-EN,BERTopic-METADATA-MULTILINGUAL,metadata,en,1,9,0,0.0,0.0,0.0,not_computed,0.0,0.0,0.0,no_match,no_match,comparable_same_publications_unit_period_filter_language,pending
STM-METADATA-EN,BERTopic-METADATA-MULTILINGUAL,metadata,en,1,30,0,0.0,0.0,0.0,not_computed,0.0,0.0,0.0,no_match,no_match,comparable_same_publications_unit_period_filter_language,pending
STM-METADATA-EN,BERTopic-METADATA-MULTILINGUAL,metadata,en,1,33,10,0.070922,0.070922,0.025936,not_computed,0.0,0.0,0.034853,language_specific_match,language_specific_match,comparable_same_publications_unit_period_filter_language,pending
STM-METADATA-EN,BERTopic-METADATA-MULTILINGUAL,metadata,en,1,21,0,0.0,0.0,0.0,not_computed,0.0,0.0,0.0,no_match,no_match,comparable_same_publications_unit_period_filter_language,pending
STM-METADATA-EN,BERTopic-METADATA-MULTILINGUAL,metadata,en,1,24,1,0.006757,0.006757,0.002376,not_computed,0.0,0.0,0.003297,weak_match,weak_match,comparable_same_publications_unit_period_filter_language,pending
STM-METADATA-EN,BERTopic-METADATA-MULTILINGUAL,metadata,en,1,29,1,0.006329,0.006329,0.001249,not_computed,0.0,0.0,0.002844,weak_match,weak_match,comparable_same_publications_unit_period_filter_language,pending
STM-METADATA-EN,BERTopic-METADATA-MULTILINGUAL,metadata,en,1,15,0,0.0,0.0,0.0,not_computed,0.0,0.0,0.0,no_match,no_match,comparable_same_publications_unit_period_filter_language,pending
STM-METADATA-EN,BERTopic-METADATA-MULTILINGUAL,metadata,en,1,19,2,0.013793,0.013793,0.00384,not_computed,0.0,0.0,0.006477,weak_match,weak_match,comparable_same_publications_unit_period_filter_language,pending
STM-METADATA-EN,BERTopic-METADATA-MULTILINGUAL,metadata,en,1,3,0,0.0,0.0,0.0,not_computed,0.0,0.0,0.0,no_match,no_match,comparable_same_publications_unit_period_filter_language,pending
STM-METADATA-EN,BERTopic-METADATA-MULTILINGUAL,metadata,en,1,10,0,0.0,0.0,0.0,not_computed,0.0,0.0,0.0,no_match,no_match,comparable_same_publications_unit_period_filter_language,pending
STM-METADATA-EN,BERTopic-METADATA-MULTILINGUAL,metadata,en,1,25,1,0.006711,0.006711,0.00142,not_computed,0.0,0.0,0.00304,weak_match,weak_match,comparable_same_publications_unit_period_filter_language,pending
STM-METADATA-EN,BERTopic-METADATA-MULTILINGUAL,metadata,en,1,18,0,0.0,0.0,0.0,not_computed,0.0,0.0,0.0,no_match,no_match,comparable_same_publications_unit_period_filter_language,pending
STM-METADATA-EN,BERTopic-METADATA-MULTILINGUAL,metadata,en,1,12,2,0.013072,0.013072,0.005135,not_computed,0.0,0.0,0.006512,weak_match,weak_match,comparable_same_publications_unit_period_filter_language,pending
STM-METADATA-EN,BERTopic-METADATA-MULTILINGUAL,metadata,en,1,14,0,0.0,0.0,0.0,not_computed,0.0,0.0,0.0,no_match,no_match,comparable_same_publications_unit_period_filter_language,pending
STM-METADATA-EN,BERTopic-METADATA-MULTILINGUAL,metadata,en,20,-1,162,0.090756,0.090756,0.0,not_computed,0.25,0.0,0.098803,STM_split_by_BERTopic,STM_split_by_BERTopic,comparable_same_publications_unit_period_filter_language,pending
STM-METADATA-EN,BERTopic-METADATA-MULTILINGUAL,metadata,en,20,31,1,0.002967,0.002967,0.001781,not_computed,0.0,0.0,0.001632,weak_match,weak_match,comparable_same_publications_unit_period_filter_language,pending
STM-METADATA-EN,BERTopic-METADATA-MULTILINGUAL,metadata,en,20,23,4,0.011561,0.011561,0.004865,not_computed,0.086957,0.0,0.02758,language_specific_match,language_specific_match,comparable_same_publications_unit_period_filter_language,pending
STM-METADATA-EN,BERTopic-METADATA-MULTILINGUAL,metadata,en,20,20,0,0.0,0.0,0.0,not_computed,0.0,0.0,0.0,no_match,no_match,comparable_same_publications_unit_period_filter_language,pending
STM-METADATA-EN,BERTopic-METADATA-MULTILINGUAL,metadata,en,20,5,7,0.020772,0.020772,0.00824,not_computed,0.086957,0.0,0.032108,language_specific_match,language_specific_match,comparable_same_publications_unit_period_filter_language,pending
STM-METADATA-EN,BERTopic-METADATA-MULTILINGUAL,metadata,en,20,11,4,0.008658,0.008658,0.003256,not_computed,0.0,0.0,0.004277,weak_match,weak_match,comparable_same_publications_unit_period_filter_language,pending
STM-METADATA-EN,BERTopic-METADATA-MULTILINGUAL,metadata,en,20,16,12,0.029703,0.029703,0.014497,not_computed,0.0,0.0,0.015506,weak_match,weak_match,comparable_same_publications_unit_period_filter_language,pending
STM-METADATA-EN,BERTopic-METADATA-MULTILINGUAL,metadata,en,20,7,1,0.001825,0.001825,0.000421,not_computed,0.0,0.0,0.000835,weak_match,weak_match,comparable_same_publications_unit_period_filter_language,pending
STM-METADATA-EN,BERTopic-METADATA-MULTILINGUAL,metadata,en,20,2,5,0.008757,0.008757,0.002137,not_computed,0.0,0.0,0.004037,weak_match,weak_match,comparable_same_publications_unit_period_filter_language,pending
STM-METADATA-EN,BERTopic-METADATA-MULTILINGUAL,metadata,en,20,28,0,0.0,0.0,0.0,not_computed,0.0,0.0,0.0,no_match,no_match,comparable_same_publications_unit_period_filter_language,pending
STM-METADATA-EN,BERTopic-METADATA-MULTILINGUAL,metadata,en,20,26,0,0.0,0.0,0.0,not_computed,0.0,0.0,0.0,no_match,no_match,comparable_same_publications_unit_period_filter_language,pending
STM-METADATA-EN,BERTopic-METADATA-MULTILINGUAL,metadata,en,20,22,2,0.005698,0.005698,0.003037,not_computed,0.0,0.0,0.003039,weak_match,weak_match,comparable_same_publications_unit_period_filter_language,pending
STM-METADATA-EN,BERTopic-METADATA-MULTILINGUAL,metadata,en,20,4,16,0.040201,0.040201,0.018626,not_computed,0.0,0.0,0.020737,language_specific_match,language_specific_match,comparable_same_publications_unit_period_filter_language,pending
STM-METADATA-EN,BERTopic-METADATA-MULTILINGUAL,metadata,en,20,17,8,0.022727,0.022727,0.010744,not_computed,0.086957,0.0,0.033516,language_specific_match,language_specific_match,comparable_same_publications_unit_period_filter_language,pending
STM-METADATA-EN,BERTopic-METADATA-MULTILINGUAL,metadata,en,20,1,6,0.012397,0.012397,0.004894,not_computed,0.0,0.0,0.006182,weak_match,weak_match,comparable_same_publications_unit_period_filter_language,pending
STM-METADATA-EN,BERTopic-METADATA-MULTILINGUAL,metadata,en,20,27,6,0.017391,0.017391,0.009193,not_computed,0.0,0.0,0.009255,weak_match,weak_match,comparable_same_publications_unit_period_filter_language,pending
STM-METADATA-EN,BERTopic-METADATA-MULTILINGUAL,metadata,en,20,6,20,0.058997,0.058997,0.03052,not_computed,0.086957,0.0,0.052968,partial_overlap,partial_overlap,comparable_same_publications_unit_period_filter_language,pending
STM-METADATA-EN,BERTopic-METADATA-MULTILINGUAL,metadata,en,20,13,1,0.002439,0.002439,0.000819,not_computed,0.0,0.0,0.00118,weak_match,weak_match,comparable_same_publications_unit_period_filter_language,pending
STM-METADATA-EN,BERTopic-METADATA-MULTILINGUAL,metadata,en,20,8,1,0.001953,0.001953,0.001023,not_computed,0.0,0.0,0.001037,weak_match,weak_match,comparable_same_publications_unit_period_filter_language,pending
STM-METADATA-EN,BERTopic-METADATA-MULTILINGUAL,metadata,en,20,32,0,0.0,0.0,0.0,not_computed,0.0,0.0,0.0,no_match,no_match,comparable_same_publications_unit_period_filter_language,pending
STM-METADATA-EN,BERTopic-METADATA-MULTILINGUAL,metadata,en,20,0,10,0.018797,0.018797,0.009226,not_computed,0.0,0.0,0.009825,weak_match,weak_match,comparable_same_publications_unit_period_filter_language,pending
STM-METADATA-EN,BERTopic-METADATA-MULTILINGUAL,metadata,en,20,9,2,0.004301,0.004301,0.001706,not_computed,0.0,0.0,0.002147,weak_match,weak_match,comparable_same_publications_unit_period_filter_language,pending
STM-METADATA-EN,BERTopic-METADATA-MULTILINGUAL,metadata,en,20,30,4,0.011662,0.011662,0.007587,not_computed,0.0,0.0,0.006561,weak_match,weak_match,comparable_same_publications_unit_period_filter_language,pending
STM-METADATA-EN,BERTopic-METADATA-MULTILINGUAL,metadata,en,20,33,3,0.008671,0.008671,0.00332,not_computed,0.0,0.0,0.004298,weak_match,weak_match,comparable_same_publications_unit_period_filter_language,pending
STM-METADATA-EN,BERTopic-METADATA-MULTILINGUAL,metadata,en,20,21,2,0.005525,0.005525,0.002261,not_computed,0.0,0.0,0.002775,weak_match,weak_match,comparable_same_publications_unit_period_filter_language,pending
STM-METADATA-EN,BERTopic-METADATA-MULTILINGUAL,metadata,en,20,24,6,0.017595,0.017595,0.006181,not_computed,0.0,0.0,0.008583,weak_match,weak_match,comparable_same_publications_unit_period_filter_language,pending
STM-METADATA-EN,BERTopic-METADATA-MULTILINGUAL,metadata,en,20,29,1,0.002809,0.002809,0.000732,not_computed,0.0,0.0,0.001307,weak_match,weak_match,comparable_same_publications_unit_period_filter_language,pending
STM-METADATA-EN,BERTopic-METADATA-MULTILINGUAL,metadata,en,20,15,7,0.02,0.02,0.008662,not_computed,0.041667,0.0,0.020582,language_specific_match,language_specific_match,comparable_same_publications_unit_period_filter_language,pending
STM-METADATA-EN,BERTopic-METADATA-MULTILINGUAL,metadata,en,20,19,1,0.002907,0.002907,0.001722,not_computed,0.0,0.0,0.001593,weak_match,weak_match,comparable_same_publications_unit_period_filter_language,pending
STM-METADATA-EN,BERTopic-METADATA-MULTILINGUAL,metadata,en,20,3,6,0.017964,0.017964,0.006976,not_computed,0.086957,0.0,0.030669,language_specific_match,language_specific_match,comparable_same_publications_unit_period_filter_language,pending
STM-METADATA-EN,BERTopic-METADATA-MULTILINGUAL,metadata,en,20,10,2,0.005698,0.005698,0.00171,not_computed,0.086957,0.0,0.024446,language_specific_match,language_specific_match,comparable_same_publications_unit_period_filter_language,pending
STM-METADATA-EN,BERTopic-METADATA-MULTILINGUAL,metadata,en,20,25,3,0.008696,0.008696,0.003818,not_computed,0.0,0.0,0.004433,weak_match,weak_match,comparable_same_publications_unit_period_filter_language,pending
STM-METADATA-EN,BERTopic-METADATA-MULTILINGUAL,metadata,en,20,18,3,0.009009,0.009009,0.005638,not_computed,0.0,0.0,0.005013,weak_match,weak_match,comparable_same_publications_unit_period_filter_language,pending
STM-METADATA-EN,BERTopic-METADATA-MULTILINGUAL,metadata,en,20,12,18,0.053731,0.053731,0.027661,not_computed,0.086957,0.0,0.050147,partial_overlap,partial_overlap,comparable_same_publications_unit_period_filter_language,pending
STM-METADATA-EN,BERTopic-METADATA-MULTILINGUAL,metadata,en,20,14,4,0.012085,0.012085,0.006906,not_computed,0.086957,0.0,0.028299,language_specific_match,language_specific_match,comparable_same_publications_unit_period_filter_language,pending
STM-METADATA-EN,BERTopic-METADATA-MULTILINGUAL,metadata,en,15,-1,101,0.056966,0.056966,0.0,not_computed,0.0,0.0,0.022786,language_specific_match,language_specific_match,comparable_same_publications_unit_period_filter_language,pending
STM-METADATA-EN,BERTopic-METADATA-MULTILINGUAL,metadata,en,15,31,1,0.003788,0.003788,0.001237,not_computed,0.0,0.0,0.001824,weak_match,weak_match,comparable_same_publications_unit_period_filter_language,pending
STM-METADATA-EN,BERTopic-METADATA-MULTILINGUAL,metadata,en,15,23,1,0.003623,0.003623,0.001611,not_computed,0.0,0.0,0.001852,weak_match,weak_match,comparable_same_publications_unit_period_filter_language,pending
STM-METADATA-EN,BERTopic-METADATA-MULTILINGUAL,metadata,en,15,20,8,0.027397,0.027397,0.012515,not_computed,0.0,0.0,0.014088,weak_match,weak_match,comparable_same_publications_unit_period_filter_language,pending
STM-METADATA-EN,BERTopic-METADATA-MULTILINGUAL,metadata,en,15,5,7,0.026515,0.026515,0.010092,not_computed,0.0,0.0,0.013129,weak_match,weak_match,comparable_same_publications_unit_period_filter_language,pending
STM-METADATA-EN,BERTopic-METADATA-MULTILINGUAL,metadata,en,15,11,6,0.015504,0.015504,0.004692,not_computed,0.0,0.0,0.007375,weak_match,weak_match,comparable_same_publications_unit_period_filter_language,pending
STM-METADATA-EN,BERTopic-METADATA-MULTILINGUAL,metadata,en,15,16,8,0.023881,0.023881,0.009454,not_computed,0.0,0.0,0.011916,weak_match,weak_match,comparable_same_publications_unit_period_filter_language,pending
STM-METADATA-EN,BERTopic-METADATA-MULTILINGUAL,metadata,en,15,7,8,0.017094,0.017094,0.005923,not_computed,0.0,0.0,0.008318,weak_match,weak_match,comparable_same_publications_unit_period_filter_language,pending
STM-METADATA-EN,BERTopic-METADATA-MULTILINGUAL,metadata,en,15,2,2,0.003992,0.003992,0.001343,not_computed,0.0,0.0,0.001932,weak_match,weak_match,comparable_same_publications_unit_period_filter_language,pending
STM-METADATA-EN,BERTopic-METADATA-MULTILINGUAL,metadata,en,15,28,0,0.0,0.0,0.0,not_computed,0.0,0.0,0.0,no_match,no_match,comparable_same_publications_unit_period_filter_language,pending
STM-METADATA-EN,BERTopic-METADATA-MULTILINGUAL,metadata,en,15,26,0,0.0,0.0,0.0,not_computed,0.0,0.0,0.0,no_match,no_match,comparable_same_publications_unit_period_filter_language,pending
STM-METADATA-EN,BERTopic-METADATA-MULTILINGUAL,metadata,en,15,22,0,0.0,0.0,0.0,not_computed,0.0,0.0,0.0,no_match,no_match,comparable_same_publications_unit_period_filter_language,pending
STM-METADATA-EN,BERTopic-METADATA-MULTILINGUAL,metadata,en,15,4,4,0.011869,0.011869,0.003439,not_computed,0.0,0.0,0.005608,weak_match,weak_match,comparable_same_publications_unit_period_filter_language,pending
STM-METADATA-EN,BERTopic-METADATA-MULTILINGUAL,metadata,en,15,17,2,0.007018,0.007018,0.002016,not_computed,0.0,0.0,0.003311,weak_match,weak_match,comparable_same_publications_unit_period_filter_language,pending
STM-METADATA-EN,BERTopic-METADATA-MULTILINGUAL,metadata,en,15,1,3,0.007246,0.007246,0.003346,not_computed,0.0,0.0,0.003735,weak_match,weak_match,comparable_same_publications_unit_period_filter_language,pending
STM-METADATA-EN,BERTopic-METADATA-MULTILINGUAL,metadata,en,15,27,0,0.0,0.0,0.0,not_computed,0.0,0.0,0.0,no_match,no_match,comparable_same_publications_unit_period_filter_language,pending
STM-METADATA-EN,BERTopic-METADATA-MULTILINGUAL,metadata,en,15,6,1,0.003509,0.003509,0.00089,not_computed,0.0,0.0,0.001626,weak_match,weak_match,comparable_same_publications_unit_period_filter_language,pending
STM-METADATA-EN,BERTopic-METADATA-MULTILINGUAL,metadata,en,15,13,3,0.008955,0.008955,0.002611,not_computed,0.0,0.0,0.004235,weak_match,weak_match,comparable_same_publications_unit_period_filter_language,pending
STM-METADATA-EN,BERTopic-METADATA-MULTILINGUAL,metadata,en,15,8,76,0.208791,0.208791,0.090499,not_computed,0.086957,0.0,0.12788,STM_split_by_BERTopic,STM_split_by_BERTopic,comparable_same_publications_unit_period_filter_language,pending
STM-METADATA-EN,BERTopic-METADATA-MULTILINGUAL,metadata,en,15,32,0,0.0,0.0,0.0,not_computed,0.0,0.0,0.0,no_match,no_match,comparable_same_publications_unit_period_filter_language,pending
STM-METADATA-EN,BERTopic-METADATA-MULTILINGUAL,metadata,en,15,0,9,0.019565,0.019565,0.007856,not_computed,0.0,0.0,0.00979,weak_match,weak_match,comparable_same_publications_unit_period_filter_language,pending
STM-METADATA-EN,BERTopic-METADATA-MULTILINGUAL,metadata,en,15,9,1,0.002545,0.002545,0.000597,not_computed,0.0,0.0,0.001167,weak_match,weak_match,comparable_same_publications_unit_period_filter_language,pending
STM-METADATA-EN,BERTopic-METADATA-MULTILINGUAL,metadata,en,15,30,1,0.003663,0.003663,0.001672,not_computed,0.0,0.0,0.001883,weak_match,weak_match,comparable_same_publications_unit_period_filter_language,pending
STM-METADATA-EN,BERTopic-METADATA-MULTILINGUAL,metadata,en,15,33,0,0.0,0.0,0.0,not_computed,0.0,0.0,0.0,no_match,no_match,comparable_same_publications_unit_period_filter_language,pending
STM-METADATA-EN,BERTopic-METADATA-MULTILINGUAL,metadata,en,15,21,1,0.003448,0.003448,0.001519,not_computed,0.0,0.0,0.001759,weak_match,weak_match,comparable_same_publications_unit_period_filter_language,pending
STM-METADATA-EN,BERTopic-METADATA-MULTILINGUAL,metadata,en,15,24,1,0.003663,0.003663,0.001545,not_computed,0.0,0.0,0.001851,weak_match,weak_match,comparable_same_publications_unit_period_filter_language,pending
STM-METADATA-EN,BERTopic-METADATA-MULTILINGUAL,metadata,en,15,29,5,0.017921,0.017921,0.006991,not_computed,0.0,0.0,0.008916,weak_match,weak_match,comparable_same_publications_unit_period_filter_language,pending
STM-METADATA-EN,BERTopic-METADATA-MULTILINGUAL,metadata,en,15,15,0,0.0,0.0,0.0,not_computed,0.0,0.0,0.0,no_match,no_match,comparable_same_publications_unit_period_filter_language,pending
STM-METADATA-EN,BERTopic-METADATA-MULTILINGUAL,metadata,en,15,19,0,0.0,0.0,0.0,not_computed,0.0,0.0,0.0,no_match,no_match,comparable_same_publications_unit_period_filter_language,pending
STM-METADATA-EN,BERTopic-METADATA-MULTILINGUAL,metadata,en,15,3,3,0.011364,0.011364,0.005079,not_computed,0.0,0.0,0.005815,weak_match,weak_match,comparable_same_publications_unit_period_filter_language,pending
STM-METADATA-EN,BERTopic-METADATA-MULTILINGUAL,metadata,en,15,10,3,0.01083,0.01083,0.00382,not_computed,0.0,0.0,0.005287,weak_match,weak_match,comparable_same_publications_unit_period_filter_language,pending
STM-METADATA-EN,BERTopic-METADATA-MULTILINGUAL,metadata,en,15,25,0,0.0,0.0,0.0,not_computed,0.0,0.0,0.0,no_match,no_match,comparable_same_publications_unit_period_filter_language,pending
STM-METADATA-EN,BERTopic-METADATA-MULTILINGUAL,metadata,en,15,18,0,0.0,0.0,0.0,not_computed,0.0,0.0,0.0,no_match,no_match,comparable_same_publications_unit_period_filter_language,pending
STM-METADATA-EN,BERTopic-METADATA-MULTILINGUAL,metadata,en,15,12,0,0.0,0.0,0.0,not_computed,0.0,0.0,0.0,no_match,no_match,comparable_same_publications_unit_period_filter_language,pending
STM-METADATA-EN,BERTopic-METADATA-MULTILINGUAL,metadata,en,15,14,0,0.0,0.0,0.0,not_computed,0.0,0.0,0.0,no_match,no_match,comparable_same_publications_unit_period_filter_language,pending
STM-METADATA-EN,BERTopic-METADATA-MULTILINGUAL,metadata,en,6,-1,99,0.056864,0.056864,0.0,not_computed,0.041667,0.0,0.033162,language_specific_match,language_specific_match,comparable_same_publications_unit_period_filter_language,pending
STM-METADATA-EN,BERTopic-METADATA-MULTILINGUAL,metadata,en,6,31,0,0.0,0.0,0.0,not_computed,0.0,0.0,0.0,no_match,no_match,comparable_same_publications_unit_period_filter_language,pending
STM-METADATA-EN,BERTopic-METADATA-MULTILINGUAL,metadata,en,6,23,0,0.0,0.0,0.0,not_computed,0.0,0.0,0.0,no_match,no_match,comparable_same_publications_unit_period_filter_language,pending
STM-METADATA-EN,BERTopic-METADATA-MULTILINGUAL,metadata,en,6,20,0,0.0,0.0,0.0,not_computed,0.0,0.0,0.0,no_match,no_match,comparable_same_publications_unit_period_filter_language,pending
STM-METADATA-EN,BERTopic-METADATA-MULTILINGUAL,metadata,en,6,5,0,0.0,0.0,0.0,not_computed,0.0,0.0,0.0,no_match,no_match,comparable_same_publications_unit_period_filter_language,pending
STM-METADATA-EN,BERTopic-METADATA-MULTILINGUAL,metadata,en,6,11,11,0.031609,0.031609,0.010012,not_computed,0.0,0.0,0.015147,weak_match,weak_match,comparable_same_publications_unit_period_filter_language,pending
STM-METADATA-EN,BERTopic-METADATA-MULTILINGUAL,metadata,en,6,16,0,0.0,0.0,0.0,not_computed,0.0,0.0,0.0,no_match,no_match,comparable_same_publications_unit_period_filter_language,pending
STM-METADATA-EN,BERTopic-METADATA-MULTILINGUAL,metadata,en,6,7,18,0.042453,0.042453,0.014174,not_computed,0.041667,0.0,0.030941,language_specific_match,language_specific_match,comparable_same_publications_unit_period_filter_language,pending
STM-METADATA-EN,BERTopic-METADATA-MULTILINGUAL,metadata,en,6,2,23,0.05157,0.05157,0.020387,not_computed,0.0,0.0,0.025724,language_specific_match,language_specific_match,comparable_same_publications_unit_period_filter_language,pending
STM-METADATA-EN,BERTopic-METADATA-MULTILINGUAL,metadata,en,6,28,0,0.0,0.0,0.0,not_computed,0.0,0.0,0.0,no_match,no_match,comparable_same_publications_unit_period_filter_language,pending
STM-METADATA-EN,BERTopic-METADATA-MULTILINGUAL,metadata,en,6,26,0,0.0,0.0,0.0,not_computed,0.0,0.0,0.0,no_match,no_match,comparable_same_publications_unit_period_filter_language,pending
STM-METADATA-EN,BERTopic-METADATA-MULTILINGUAL,metadata,en,6,22,0,0.0,0.0,0.0,not_computed,0.0,0.0,0.0,no_match,no_match,comparable_same_publications_unit_period_filter_language,pending
STM-METADATA-EN,BERTopic-METADATA-MULTILINGUAL,metadata,en,6,4,1,0.003268,0.003268,0.00079,not_computed,0.0,0.0,0.001505,weak_match,weak_match,comparable_same_publications_unit_period_filter_language,pending
STM-METADATA-EN,BERTopic-METADATA-MULTILINGUAL,metadata,en,6,17,1,0.003968,0.003968,0.001177,not_computed,0.0,0.0,0.001882,weak_match,weak_match,comparable_same_publications_unit_period_filter_language,pending
STM-METADATA-EN,BERTopic-METADATA-MULTILINGUAL,metadata,en,6,1,0,0.0,0.0,0.0,not_computed,0.0,0.0,0.0,no_match,no_match,comparable_same_publications_unit_period_filter_language,pending
STM-METADATA-EN,BERTopic-METADATA-MULTILINGUAL,metadata,en,6,27,0,0.0,0.0,0.0,not_computed,0.0,0.0,0.0,no_match,no_match,comparable_same_publications_unit_period_filter_language,pending
STM-METADATA-EN,BERTopic-METADATA-MULTILINGUAL,metadata,en,6,6,0,0.0,0.0,0.0,not_computed,0.0,0.0,0.0,no_match,no_match,comparable_same_publications_unit_period_filter_language,pending
STM-METADATA-EN,BERTopic-METADATA-MULTILINGUAL,metadata,en,6,13,1,0.0033,0.0033,0.001148,not_computed,0.0,0.0,0.001607,weak_match,weak_match,comparable_same_publications_unit_period_filter_language,pending
STM-METADATA-EN,BERTopic-METADATA-MULTILINGUAL,metadata,en,6,8,64,0.187135,0.187135,0.087144,not_computed,0.190476,0.0,0.144259,STM_split_by_BERTopic,STM_split_by_BERTopic,comparable_same_publications_unit_period_filter_language,pending
STM-METADATA-EN,BERTopic-METADATA-MULTILINGUAL,metadata,en,6,32,2,0.007812,0.007812,0.002886,not_computed,0.0,0.0,0.003846,weak_match,weak_match,comparable_same_publications_unit_period_filter_language,pending
STM-METADATA-EN,BERTopic-METADATA-MULTILINGUAL,metadata,en,6,0,0,0.0,0.0,0.0,not_computed,0.0,0.0,0.0,no_match,no_match,comparable_same_publications_unit_period_filter_language,pending
STM-METADATA-EN,BERTopic-METADATA-MULTILINGUAL,metadata,en,6,9,0,0.0,0.0,0.0,not_computed,0.0,0.0,0.0,no_match,no_match,comparable_same_publications_unit_period_filter_language,pending
STM-METADATA-EN,BERTopic-METADATA-MULTILINGUAL,metadata,en,6,30,0,0.0,0.0,0.0,not_computed,0.0,0.0,0.0,no_match,no_match,comparable_same_publications_unit_period_filter_language,pending
STM-METADATA-EN,BERTopic-METADATA-MULTILINGUAL,metadata,en,6,33,0,0.0,0.0,0.0,not_computed,0.0,0.0,0.0,no_match,no_match,comparable_same_publications_unit_period_filter_language,pending
STM-METADATA-EN,BERTopic-METADATA-MULTILINGUAL,metadata,en,6,21,0,0.0,0.0,0.0,not_computed,0.0,0.0,0.0,no_match,no_match,comparable_same_publications_unit_period_filter_language,pending
STM-METADATA-EN,BERTopic-METADATA-MULTILINGUAL,metadata,en,6,24,0,0.0,0.0,0.0,not_computed,0.0,0.0,0.0,no_match,no_match,comparable_same_publications_unit_period_filter_language,pending
STM-METADATA-EN,BERTopic-METADATA-MULTILINGUAL,metadata,en,6,29,0,0.0,0.0,0.0,not_computed,0.0,0.0,0.0,no_match,no_match,comparable_same_publications_unit_period_filter_language,pending
STM-METADATA-EN,BERTopic-METADATA-MULTILINGUAL,metadata,en,6,15,0,0.0,0.0,0.0,not_computed,0.0,0.0,0.0,no_match,no_match,comparable_same_publications_unit_period_filter_language,pending
STM-METADATA-EN,BERTopic-METADATA-MULTILINGUAL,metadata,en,6,19,0,0.0,0.0,0.0,not_computed,0.0,0.0,0.0,no_match,no_match,comparable_same_publications_unit_period_filter_language,pending
STM-METADATA-EN,BERTopic-METADATA-MULTILINGUAL,metadata,en,6,3,0,0.0,0.0,0.0,not_computed,0.0,0.0,0.0,no_match,no_match,comparable_same_publications_unit_period_filter_language,pending
STM-METADATA-EN,BERTopic-METADATA-MULTILINGUAL,metadata,en,6,10,1,0.004082,0.004082,0.001268,not_computed,0.0,0.0,0.00195,weak_match,weak_match,comparable_same_publications_unit_period_filter_language,pending
STM-METADATA-EN,BERTopic-METADATA-MULTILINGUAL,metadata,en,6,25,0,0.0,0.0,0.0,not_computed,0.0,0.0,0.0,no_match,no_match,comparable_same_publications_unit_period_filter_language,pending
STM-METADATA-EN,BERTopic-METADATA-MULTILINGUAL,metadata,en,6,18,0,0.0,0.0,0.0,not_computed,0.0,0.0,0.0,no_match,no_match,comparable_same_publications_unit_period_filter_language,pending
STM-METADATA-EN,BERTopic-METADATA-MULTILINGUAL,metadata,en,6,12,0,0.0,0.0,0.0,not_computed,0.0,0.0,0.0,no_match,no_match,comparable_same_publications_unit_period_filter_language,pending
STM-METADATA-EN,BERTopic-METADATA-MULTILINGUAL,metadata,en,6,14,0,0.0,0.0,0.0,not_computed,0.0,0.0,0.0,no_match,no_match,comparable_same_publications_unit_period_filter_language,pending
STM-METADATA-EN,BERTopic-METADATA-MULTILINGUAL,metadata,en,10,-1,10,0.005995,0.005995,0.0,not_computed,0.0,0.0,0.002398,weak_match,weak_match,comparable_same_publications_unit_period_filter_language,pending
STM-METADATA-EN,BERTopic-METADATA-MULTILINGUAL,metadata,en,10,31,1,0.014706,0.014706,0.003997,not_computed,0.0,0.0,0.006882,weak_match,weak_match,comparable_same_publications_unit_period_filter_language,pending
STM-METADATA-EN,BERTopic-METADATA-MULTILINGUAL,metadata,en,10,23,0,0.0,0.0,0.0,not_computed,0.0,0.0,0.0,no_match,no_match,comparable_same_publications_unit_period_filter_language,pending
STM-METADATA-EN,BERTopic-METADATA-MULTILINGUAL,metadata,en,10,20,17,0.195402,0.195402,0.07248,not_computed,0.190476,0.0,0.1439,STM_split_by_BERTopic,STM_split_by_BERTopic,comparable_same_publications_unit_period_filter_language,pending
STM-METADATA-EN,BERTopic-METADATA-MULTILINGUAL,metadata,en,10,5,0,0.0,0.0,0.0,not_computed,0.0,0.0,0.0,no_match,no_match,comparable_same_publications_unit_period_filter_language,pending
STM-METADATA-EN,BERTopic-METADATA-MULTILINGUAL,metadata,en,10,11,0,0.0,0.0,0.0,not_computed,0.0,0.0,0.0,no_match,no_match,comparable_same_publications_unit_period_filter_language,pending
STM-METADATA-EN,BERTopic-METADATA-MULTILINGUAL,metadata,en,10,16,1,0.006849,0.006849,0.002183,not_computed,0.0,0.0,0.003286,weak_match,weak_match,comparable_same_publications_unit_period_filter_language,pending
STM-METADATA-EN,BERTopic-METADATA-MULTILINGUAL,metadata,en,10,7,0,0.0,0.0,0.0,not_computed,0.0,0.0,0.0,no_match,no_match,comparable_same_publications_unit_period_filter_language,pending
STM-METADATA-EN,BERTopic-METADATA-MULTILINGUAL,metadata,en,10,2,2,0.006557,0.006557,0.00174,not_computed,0.0,0.0,0.003058,weak_match,weak_match,comparable_same_publications_unit_period_filter_language,pending
STM-METADATA-EN,BERTopic-METADATA-MULTILINGUAL,metadata,en,10,28,0,0.0,0.0,0.0,not_computed,0.0,0.0,0.0,no_match,no_match,comparable_same_publications_unit_period_filter_language,pending
STM-METADATA-EN,BERTopic-METADATA-MULTILINGUAL,metadata,en,10,26,0,0.0,0.0,0.0,not_computed,0.0,0.0,0.0,no_match,no_match,comparable_same_publications_unit_period_filter_language,pending
STM-METADATA-EN,BERTopic-METADATA-MULTILINGUAL,metadata,en,10,22,0,0.0,0.0,0.0,not_computed,0.0,0.0,0.0,no_match,no_match,comparable_same_publications_unit_period_filter_language,pending
STM-METADATA-EN,BERTopic-METADATA-MULTILINGUAL,metadata,en,10,4,0,0.0,0.0,0.0,not_computed,0.0,0.0,0.0,no_match,no_match,comparable_same_publications_unit_period_filter_language,pending
STM-METADATA-EN,BERTopic-METADATA-MULTILINGUAL,metadata,en,10,17,0,0.0,0.0,0.0,not_computed,0.0,0.0,0.0,no_match,no_match,comparable_same_publications_unit_period_filter_language,pending
STM-METADATA-EN,BERTopic-METADATA-MULTILINGUAL,metadata,en,10,1,0,0.0,0.0,0.0,not_computed,0.0,0.0,0.0,no_match,no_match,comparable_same_publications_unit_period_filter_language,pending
STM-METADATA-EN,BERTopic-METADATA-MULTILINGUAL,metadata,en,10,27,0,0.0,0.0,0.0,not_computed,0.0,0.0,0.0,no_match,no_match,comparable_same_publications_unit_period_filter_language,pending
STM-METADATA-EN,BERTopic-METADATA-MULTILINGUAL,metadata,en,10,6,0,0.0,0.0,0.0,not_computed,0.0,0.0,0.0,no_match,no_match,comparable_same_publications_unit_period_filter_language,pending
STM-METADATA-EN,BERTopic-METADATA-MULTILINGUAL,metadata,en,10,13,18,0.145161,0.145161,0.051995,not_computed,0.086957,0.0,0.092802,BERTopic_combines_STM,BERTopic_combines_STM,comparable_same_publications_unit_period_filter_language,pending
STM-METADATA-EN,BERTopic-METADATA-MULTILINGUAL,metadata,en,10,8,0,0.0,0.0,0.0,not_computed,0.0,0.0,0.0,no_match,no_match,comparable_same_publications_unit_period_filter_language,pending
STM-METADATA-EN,BERTopic-METADATA-MULTILINGUAL,metadata,en,10,32,0,0.0,0.0,0.0,not_computed,0.0,0.0,0.0,no_match,no_match,comparable_same_publications_unit_period_filter_language,pending
STM-METADATA-EN,BERTopic-METADATA-MULTILINGUAL,metadata,en,10,0,1,0.003676,0.003676,0.0013,not_computed,0.0,0.0,0.001795,weak_match,weak_match,comparable_same_publications_unit_period_filter_language,pending
STM-METADATA-EN,BERTopic-METADATA-MULTILINGUAL,metadata,en,10,9,0,0.0,0.0,0.0,not_computed,0.0,0.0,0.0,no_match,no_match,comparable_same_publications_unit_period_filter_language,pending
STM-METADATA-EN,BERTopic-METADATA-MULTILINGUAL,metadata,en,10,30,0,0.0,0.0,0.0,not_computed,0.0,0.0,0.0,no_match,no_match,comparable_same_publications_unit_period_filter_language,pending
STM-METADATA-EN,BERTopic-METADATA-MULTILINGUAL,metadata,en,10,33,0,0.0,0.0,0.0,not_computed,0.0,0.0,0.0,no_match,no_match,comparable_same_publications_unit_period_filter_language,pending
STM-METADATA-EN,BERTopic-METADATA-MULTILINGUAL,metadata,en,10,21,0,0.0,0.0,0.0,not_computed,0.0,0.0,0.0,no_match,no_match,comparable_same_publications_unit_period_filter_language,pending
STM-METADATA-EN,BERTopic-METADATA-MULTILINGUAL,metadata,en,10,24,0,0.0,0.0,0.0,not_computed,0.0,0.0,0.0,no_match,no_match,comparable_same_publications_unit_period_filter_language,pending
STM-METADATA-EN,BERTopic-METADATA-MULTILINGUAL,metadata,en,10,29,9,0.113924,0.113924,0.038308,not_computed,0.190476,0.0,0.102766,BERTopic_combines_STM,BERTopic_combines_STM,comparable_same_publications_unit_period_filter_language,pending
STM-METADATA-EN,BERTopic-METADATA-MULTILINGUAL,metadata,en,10,15,0,0.0,0.0,0.0,not_computed,0.0,0.0,0.0,no_match,no_match,comparable_same_publications_unit_period_filter_language,pending
STM-METADATA-EN,BERTopic-METADATA-MULTILINGUAL,metadata,en,10,19,0,0.0,0.0,0.0,not_computed,0.0,0.0,0.0,no_match,no_match,comparable_same_publications_unit_period_filter_language,pending
STM-METADATA-EN,BERTopic-METADATA-MULTILINGUAL,metadata,en,10,3,0,0.0,0.0,0.0,not_computed,0.0,0.0,0.0,no_match,no_match,comparable_same_publications_unit_period_filter_language,pending
STM-METADATA-EN,BERTopic-METADATA-MULTILINGUAL,metadata,en,10,10,0,0.0,0.0,0.0,not_computed,0.0,0.0,0.0,no_match,no_match,comparable_same_publications_unit_period_filter_language,pending
STM-METADATA-EN,BERTopic-METADATA-MULTILINGUAL,metadata,en,10,25,0,0.0,0.0,0.0,not_computed,0.0,0.0,0.0,no_match,no_match,comparable_same_publications_unit_period_filter_language,pending
STM-METADATA-EN,BERTopic-METADATA-MULTILINGUAL,metadata,en,10,18,0,0.0,0.0,0.0,not_computed,0.0,0.0,0.0,no_match,no_match,comparable_same_publications_unit_period_filter_language,pending
STM-METADATA-EN,BERTopic-METADATA-MULTILINGUAL,metadata,en,10,12,0,0.0,0.0,0.0,not_computed,0.0,0.0,0.0,no_match,no_match,comparable_same_publications_unit_period_filter_language,pending
STM-METADATA-EN,BERTopic-METADATA-MULTILINGUAL,metadata,en,10,14,0,0.0,0.0,0.0,not_computed,0.0,0.0,0.0,no_match,no_match,comparable_same_publications_unit_period_filter_language,pending
STM-METADATA-EN,BERTopic-METADATA-MULTILINGUAL,metadata,en,11,-1,60,0.034247,0.034247,0.0,not_computed,0.0,0.0,0.013699,weak_match,weak_match,comparable_same_publications_unit_period_filter_language,pending
STM-METADATA-EN,BERTopic-METADATA-MULTILINGUAL,metadata,en,11,31,0,0.0,0.0,0.0,not_computed,0.0,0.0,0.0,no_match,no_match,comparable_same_publications_unit_period_filter_language,pending
STM-METADATA-EN,BERTopic-METADATA-MULTILINGUAL,metadata,en,11,23,0,0.0,0.0,0.0,not_computed,0.0,0.0,0.0,no_match,no_match,comparable_same_publications_unit_period_filter_language,pending
STM-METADATA-EN,BERTopic-METADATA-MULTILINGUAL,metadata,en,11,20,1,0.004219,0.004219,0.000892,not_computed,0.0,0.0,0.001911,weak_match,weak_match,comparable_same_publications_unit_period_filter_language,pending
STM-METADATA-EN,BERTopic-METADATA-MULTILINGUAL,metadata,en,11,5,0,0.0,0.0,0.0,not_computed,0.0,0.0,0.0,no_match,no_match,comparable_same_publications_unit_period_filter_language,pending
STM-METADATA-EN,BERTopic-METADATA-MULTILINGUAL,metadata,en,11,11,26,0.085246,0.085246,0.023626,not_computed,0.0,0.0,0.040005,language_specific_match,language_specific_match,comparable_same_publications_unit_period_filter_language,pending
STM-METADATA-EN,BERTopic-METADATA-MULTILINGUAL,metadata,en,11,16,0,0.0,0.0,0.0,not_computed,0.0,0.0,0.0,no_match,no_match,comparable_same_publications_unit_period_filter_language,pending
STM-METADATA-EN,BERTopic-METADATA-MULTILINGUAL,metadata,en,11,7,0,0.0,0.0,0.0,not_computed,0.0,0.0,0.0,no_match,no_match,comparable_same_publications_unit_period_filter_language,pending
STM-METADATA-EN,BERTopic-METADATA-MULTILINGUAL,metadata,en,11,2,78,0.214876,0.214876,0.083088,not_computed,0.0,0.0,0.106722,STM_split_by_BERTopic,STM_split_by_BERTopic,comparable_same_publications_unit_period_filter_language,pending
STM-METADATA-EN,BERTopic-METADATA-MULTILINGUAL,metadata,en,11,28,0,0.0,0.0,0.0,not_computed,0.0,0.0,0.0,no_match,no_match,comparable_same_publications_unit_period_filter_language,pending
STM-METADATA-EN,BERTopic-METADATA-MULTILINGUAL,metadata,en,11,26,1,0.004219,0.004219,0.001236,not_computed,0.0,0.0,0.001997,weak_match,weak_match,comparable_same_publications_unit_period_filter_language,pending
STM-METADATA-EN,BERTopic-METADATA-MULTILINGUAL,metadata,en,11,22,0,0.0,0.0,0.0,not_computed,0.0,0.0,0.0,no_match,no_match,comparable_same_publications_unit_period_filter_language,pending
STM-METADATA-EN,BERTopic-METADATA-MULTILINGUAL,metadata,en,11,4,5,0.018248,0.018248,0.005641,not_computed,0.0,0.0,0.00871,weak_match,weak_match,comparable_same_publications_unit_period_filter_language,pending
STM-METADATA-EN,BERTopic-METADATA-MULTILINGUAL,metadata,en,11,17,4,0.0181,0.0181,0.006532,not_computed,0.0,0.0,0.008873,weak_match,weak_match,comparable_same_publications_unit_period_filter_language,pending
STM-METADATA-EN,BERTopic-METADATA-MULTILINGUAL,metadata,en,11,1,0,0.0,0.0,0.0,not_computed,0.0,0.0,0.0,no_match,no_match,comparable_same_publications_unit_period_filter_language,pending
STM-METADATA-EN,BERTopic-METADATA-MULTILINGUAL,metadata,en,11,27,1,0.004651,0.004651,0.0012,not_computed,0.0,0.0,0.00216,weak_match,weak_match,comparable_same_publications_unit_period_filter_language,pending
STM-METADATA-EN,BERTopic-METADATA-MULTILINGUAL,metadata,en,11,6,1,0.004484,0.004484,0.001533,not_computed,0.0,0.0,0.002177,weak_match,weak_match,comparable_same_publications_unit_period_filter_language,pending
STM-METADATA-EN,BERTopic-METADATA-MULTILINGUAL,metadata,en,11,13,2,0.007299,0.007299,0.002756,not_computed,0.0,0.0,0.003609,weak_match,weak_match,comparable_same_publications_unit_period_filter_language,pending
STM-METADATA-EN,BERTopic-METADATA-MULTILINGUAL,metadata,en,11,8,0,0.0,0.0,0.0,not_computed,0.0,0.0,0.0,no_match,no_match,comparable_same_publications_unit_period_filter_language,pending
STM-METADATA-EN,BERTopic-METADATA-MULTILINGUAL,metadata,en,11,32,0,0.0,0.0,0.0,not_computed,0.0,0.0,0.0,no_match,no_match,comparable_same_publications_unit_period_filter_language,pending
STM-METADATA-EN,BERTopic-METADATA-MULTILINGUAL,metadata,en,11,0,2,0.004938,0.004938,0.001758,not_computed,0.0,0.0,0.002415,weak_match,weak_match,comparable_same_publications_unit_period_filter_language,pending
STM-METADATA-EN,BERTopic-METADATA-MULTILINGUAL,metadata,en,11,9,3,0.009119,0.009119,0.003373,not_computed,0.0,0.0,0.004491,weak_match,weak_match,comparable_same_publications_unit_period_filter_language,pending
STM-METADATA-EN,BERTopic-METADATA-MULTILINGUAL,metadata,en,11,30,0,0.0,0.0,0.0,not_computed,0.0,0.0,0.0,no_match,no_match,comparable_same_publications_unit_period_filter_language,pending
STM-METADATA-EN,BERTopic-METADATA-MULTILINGUAL,metadata,en,11,33,0,0.0,0.0,0.0,not_computed,0.0,0.0,0.0,no_match,no_match,comparable_same_publications_unit_period_filter_language,pending
STM-METADATA-EN,BERTopic-METADATA-MULTILINGUAL,metadata,en,11,21,0,0.0,0.0,0.0,not_computed,0.0,0.0,0.0,no_match,no_match,comparable_same_publications_unit_period_filter_language,pending
STM-METADATA-EN,BERTopic-METADATA-MULTILINGUAL,metadata,en,11,24,1,0.004739,0.004739,0.001178,not_computed,0.0,0.0,0.00219,weak_match,weak_match,comparable_same_publications_unit_period_filter_language,pending
STM-METADATA-EN,BERTopic-METADATA-MULTILINGUAL,metadata,en,11,29,6,0.027778,0.027778,0.010782,not_computed,0.0,0.0,0.013807,weak_match,weak_match,comparable_same_publications_unit_period_filter_language,pending
STM-METADATA-EN,BERTopic-METADATA-MULTILINGUAL,metadata,en,11,15,2,0.009091,0.009091,0.003557,not_computed,0.0,0.0,0.004526,weak_match,weak_match,comparable_same_publications_unit_period_filter_language,pending
STM-METADATA-EN,BERTopic-METADATA-MULTILINGUAL,metadata,en,11,19,0,0.0,0.0,0.0,not_computed,0.0,0.0,0.0,no_match,no_match,comparable_same_publications_unit_period_filter_language,pending
STM-METADATA-EN,BERTopic-METADATA-MULTILINGUAL,metadata,en,11,3,0,0.0,0.0,0.0,not_computed,0.0,0.0,0.0,no_match,no_match,comparable_same_publications_unit_period_filter_language,pending
STM-METADATA-EN,BERTopic-METADATA-MULTILINGUAL,metadata,en,11,10,0,0.0,0.0,0.0,not_computed,0.0,0.0,0.0,no_match,no_match,comparable_same_publications_unit_period_filter_language,pending
STM-METADATA-EN,BERTopic-METADATA-MULTILINGUAL,metadata,en,11,25,0,0.0,0.0,0.0,not_computed,0.0,0.0,0.0,no_match,no_match,comparable_same_publications_unit_period_filter_language,pending
STM-METADATA-EN,BERTopic-METADATA-MULTILINGUAL,metadata,en,11,18,0,0.0,0.0,0.0,not_computed,0.0,0.0,0.0,no_match,no_match,comparable_same_publications_unit_period_filter_language,pending
STM-METADATA-EN,BERTopic-METADATA-MULTILINGUAL,metadata,en,11,12,0,0.0,0.0,0.0,not_computed,0.0,0.0,0.0,no_match,no_match,comparable_same_publications_unit_period_filter_language,pending
STM-METADATA-EN,BERTopic-METADATA-MULTILINGUAL,metadata,en,11,14,0,0.0,0.0,0.0,not_computed,0.0,0.0,0.0,no_match,no_match,comparable_same_publications_unit_period_filter_language,pending
STM-METADATA-EN,BERTopic-METADATA-MULTILINGUAL,metadata,en,14,-1,118,0.066931,0.066931,0.0,not_computed,0.0,0.0,0.026773,language_specific_match,language_specific_match,comparable_same_publications_unit_period_filter_language,pending
STM-METADATA-EN,BERTopic-METADATA-MULTILINGUAL,metadata,en,14,31,2,0.007407,0.007407,0.002956,not_computed,0.0,0.0,0.003702,weak_match,weak_match,comparable_same_publications_unit_period_filter_language,pending
STM-METADATA-EN,BERTopic-METADATA-MULTILINGUAL,metadata,en,14,23,1,0.003534,0.003534,0.000838,not_computed,0.0,0.0,0.001623,weak_match,weak_match,comparable_same_publications_unit_period_filter_language,pending
STM-METADATA-EN,BERTopic-METADATA-MULTILINGUAL,metadata,en,14,20,3,0.009868,0.009868,0.003669,not_computed,0.0,0.0,0.004865,weak_match,weak_match,comparable_same_publications_unit_period_filter_language,pending
STM-METADATA-EN,BERTopic-METADATA-MULTILINGUAL,metadata,en,14,5,0,0.0,0.0,0.0,not_computed,0.0,0.0,0.0,no_match,no_match,comparable_same_publications_unit_period_filter_language,pending
STM-METADATA-EN,BERTopic-METADATA-MULTILINGUAL,metadata,en,14,11,41,0.114206,0.114206,0.053415,not_computed,0.041667,0.0,0.069453,partial_overlap,partial_overlap,comparable_same_publications_unit_period_filter_language,pending
STM-METADATA-EN,BERTopic-METADATA-MULTILINGUAL,metadata,en,14,16,0,0.0,0.0,0.0,not_computed,0.0,0.0,0.0,no_match,no_match,comparable_same_publications_unit_period_filter_language,pending
STM-METADATA-EN,BERTopic-METADATA-MULTILINGUAL,metadata,en,14,7,22,0.047722,0.047722,0.018845,not_computed,0.0,0.0,0.0238,language_specific_match,language_specific_match,comparable_same_publications_unit_period_filter_language,pending
STM-METADATA-EN,BERTopic-METADATA-MULTILINGUAL,metadata,en,14,2,26,0.053719,0.053719,0.022151,not_computed,0.0,0.0,0.027025,language_specific_match,language_specific_match,comparable_same_publications_unit_period_filter_language,pending
STM-METADATA-EN,BERTopic-METADATA-MULTILINGUAL,metadata,en,14,28,0,0.0,0.0,0.0,not_computed,0.0,0.0,0.0,no_match,no_match,comparable_same_publications_unit_period_filter_language,pending
STM-METADATA-EN,BERTopic-METADATA-MULTILINGUAL,metadata,en,14,26,3,0.009868,0.009868,0.004142,not_computed,0.0,0.0,0.004983,weak_match,weak_match,comparable_same_publications_unit_period_filter_language,pending
STM-METADATA-EN,BERTopic-METADATA-MULTILINGUAL,metadata,en,14,22,1,0.003497,0.003497,0.001027,not_computed,0.0,0.0,0.001655,weak_match,weak_match,comparable_same_publications_unit_period_filter_language,pending
STM-METADATA-EN,BERTopic-METADATA-MULTILINGUAL,metadata,en,14,4,5,0.014577,0.014577,0.00509,not_computed,0.0,0.0,0.007103,weak_match,weak_match,comparable_same_publications_unit_period_filter_language,pending
STM-METADATA-EN,BERTopic-METADATA-MULTILINGUAL,metadata,en,14,17,0,0.0,0.0,0.0,not_computed,0.0,0.0,0.0,no_match,no_match,comparable_same_publications_unit_period_filter_language,pending
STM-METADATA-EN,BERTopic-METADATA-MULTILINGUAL,metadata,en,14,1,3,0.007126,0.007126,0.002706,not_computed,0.0,0.0,0.003527,weak_match,weak_match,comparable_same_publications_unit_period_filter_language,pending
STM-METADATA-EN,BERTopic-METADATA-MULTILINGUAL,metadata,en,14,27,0,0.0,0.0,0.0,not_computed,0.0,0.0,0.0,no_match,no_match,comparable_same_publications_unit_period_filter_language,pending
STM-METADATA-EN,BERTopic-METADATA-MULTILINGUAL,metadata,en,14,6,1,0.003425,0.003425,0.001617,not_computed,0.0,0.0,0.001774,weak_match,weak_match,comparable_same_publications_unit_period_filter_language,pending
STM-METADATA-EN,BERTopic-METADATA-MULTILINGUAL,metadata,en,14,13,0,0.0,0.0,0.0,not_computed,0.0,0.0,0.0,no_match,no_match,comparable_same_publications_unit_period_filter_language,pending
STM-METADATA-EN,BERTopic-METADATA-MULTILINGUAL,metadata,en,14,8,1,0.002242,0.002242,0.000465,not_computed,0.0,0.0,0.001013,weak_match,weak_match,comparable_same_publications_unit_period_filter_language,pending
STM-METADATA-EN,BERTopic-METADATA-MULTILINGUAL,metadata,en,14,32,0,0.0,0.0,0.0,not_computed,0.0,0.0,0.0,no_match,no_match,comparable_same_publications_unit_period_filter_language,pending
STM-METADATA-EN,BERTopic-METADATA-MULTILINGUAL,metadata,en,14,0,5,0.010616,0.010616,0.003061,not_computed,0.0,0.0,0.005012,weak_match,weak_match,comparable_same_publications_unit_period_filter_language,pending
STM-METADATA-EN,BERTopic-METADATA-MULTILINGUAL,metadata,en,14,9,4,0.010076,0.010076,0.002867,not_computed,0.0,0.0,0.004747,weak_match,weak_match,comparable_same_publications_unit_period_filter_language,pending
STM-METADATA-EN,BERTopic-METADATA-MULTILINGUAL,metadata,en,14,30,3,0.010791,0.010791,0.003544,not_computed,0.0,0.0,0.005202,weak_match,weak_match,comparable_same_publications_unit_period_filter_language,pending
STM-METADATA-EN,BERTopic-METADATA-MULTILINGUAL,metadata,en,14,33,0,0.0,0.0,0.0,not_computed,0.0,0.0,0.0,no_match,no_match,comparable_same_publications_unit_period_filter_language,pending
STM-METADATA-EN,BERTopic-METADATA-MULTILINGUAL,metadata,en,14,21,5,0.017065,0.017065,0.008131,not_computed,0.0,0.0,0.008859,weak_match,weak_match,comparable_same_publications_unit_period_filter_language,pending
STM-METADATA-EN,BERTopic-METADATA-MULTILINGUAL,metadata,en,14,24,1,0.003571,0.003571,0.001621,not_computed,0.0,0.0,0.001834,weak_match,weak_match,comparable_same_publications_unit_period_filter_language,pending
STM-METADATA-EN,BERTopic-METADATA-MULTILINGUAL,metadata,en,14,29,1,0.003448,0.003448,0.001318,not_computed,0.0,0.0,0.001709,weak_match,weak_match,comparable_same_publications_unit_period_filter_language,pending
STM-METADATA-EN,BERTopic-METADATA-MULTILINGUAL,metadata,en,14,15,9,0.031915,0.031915,0.013557,not_computed,0.0,0.0,0.016155,weak_match,weak_match,comparable_same_publications_unit_period_filter_language,pending
STM-METADATA-EN,BERTopic-METADATA-MULTILINGUAL,metadata,en,14,19,2,0.00722,0.00722,0.002137,not_computed,0.0,0.0,0.003422,weak_match,weak_match,comparable_same_publications_unit_period_filter_language,pending
STM-METADATA-EN,BERTopic-METADATA-MULTILINGUAL,metadata,en,14,3,0,0.0,0.0,0.0,not_computed,0.0,0.0,0.0,no_match,no_match,comparable_same_publications_unit_period_filter_language,pending
STM-METADATA-EN,BERTopic-METADATA-MULTILINGUAL,metadata,en,14,10,1,0.003497,0.003497,0.001219,not_computed,0.0,0.0,0.001703,weak_match,weak_match,comparable_same_publications_unit_period_filter_language,pending
STM-METADATA-EN,BERTopic-METADATA-MULTILINGUAL,metadata,en,14,25,4,0.014388,0.014388,0.004002,not_computed,0.0,0.0,0.006756,weak_match,weak_match,comparable_same_publications_unit_period_filter_language,pending
STM-METADATA-EN,BERTopic-METADATA-MULTILINGUAL,metadata,en,14,18,0,0.0,0.0,0.0,not_computed,0.0,0.0,0.0,no_match,no_match,comparable_same_publications_unit_period_filter_language,pending
STM-METADATA-EN,BERTopic-METADATA-MULTILINGUAL,metadata,en,14,12,0,0.0,0.0,0.0,not_computed,0.0,0.0,0.0,no_match,no_match,comparable_same_publications_unit_period_filter_language,pending
STM-METADATA-EN,BERTopic-METADATA-MULTILINGUAL,metadata,en,14,14,0,0.0,0.0,0.0,not_computed,0.0,0.0,0.0,no_match,no_match,comparable_same_publications_unit_period_filter_language,pending
STM-METADATA-EN,BERTopic-METADATA-MULTILINGUAL,metadata,en,7,-1,59,0.034747,0.034747,0.0,not_computed,0.0,0.0,0.013899,weak_match,weak_match,comparable_same_publications_unit_period_filter_language,pending
STM-METADATA-EN,BERTopic-METADATA-MULTILINGUAL,metadata,en,7,31,0,0.0,0.0,0.0,not_computed,0.0,0.0,0.0,no_match,no_match,comparable_same_publications_unit_period_filter_language,pending
STM-METADATA-EN,BERTopic-METADATA-MULTILINGUAL,metadata,en,7,23,0,0.0,0.0,0.0,not_computed,0.0,0.0,0.0,no_match,no_match,comparable_same_publications_unit_period_filter_language,pending
STM-METADATA-EN,BERTopic-METADATA-MULTILINGUAL,metadata,en,7,20,1,0.005495,0.005495,0.001435,not_computed,0.0,0.0,0.002557,weak_match,weak_match,comparable_same_publications_unit_period_filter_language,pending
STM-METADATA-EN,BERTopic-METADATA-MULTILINGUAL,metadata,en,7,5,1,0.006536,0.006536,0.001525,not_computed,0.0,0.0,0.002996,weak_match,weak_match,comparable_same_publications_unit_period_filter_language,pending
STM-METADATA-EN,BERTopic-METADATA-MULTILINGUAL,metadata,en,7,11,15,0.057471,0.057471,0.017927,not_computed,0.0,0.0,0.02747,language_specific_match,language_specific_match,comparable_same_publications_unit_period_filter_language,pending
STM-METADATA-EN,BERTopic-METADATA-MULTILINGUAL,metadata,en,7,16,0,0.0,0.0,0.0,not_computed,0.0,0.0,0.0,no_match,no_match,comparable_same_publications_unit_period_filter_language,pending
STM-METADATA-EN,BERTopic-METADATA-MULTILINGUAL,metadata,en,7,7,45,0.143312,0.143312,0.050607,not_computed,0.041667,0.0,0.080393,STM_split_by_BERTopic,STM_split_by_BERTopic,comparable_same_publications_unit_period_filter_language,pending
STM-METADATA-EN,BERTopic-METADATA-MULTILINGUAL,metadata,en,7,2,0,0.0,0.0,0.0,not_computed,0.0,0.0,0.0,no_match,no_match,comparable_same_publications_unit_period_filter_language,pending
STM-METADATA-EN,BERTopic-METADATA-MULTILINGUAL,metadata,en,7,28,0,0.0,0.0,0.0,not_computed,0.0,0.0,0.0,no_match,no_match,comparable_same_publications_unit_period_filter_language,pending
STM-METADATA-EN,BERTopic-METADATA-MULTILINGUAL,metadata,en,7,26,0,0.0,0.0,0.0,not_computed,0.0,0.0,0.0,no_match,no_match,comparable_same_publications_unit_period_filter_language,pending
STM-METADATA-EN,BERTopic-METADATA-MULTILINGUAL,metadata,en,7,22,0,0.0,0.0,0.0,not_computed,0.0,0.0,0.0,no_match,no_match,comparable_same_publications_unit_period_filter_language,pending
STM-METADATA-EN,BERTopic-METADATA-MULTILINGUAL,metadata,en,7,4,1,0.004484,0.004484,0.001395,not_computed,0.0,0.0,0.002142,weak_match,weak_match,comparable_same_publications_unit_period_filter_language,pending
STM-METADATA-EN,BERTopic-METADATA-MULTILINGUAL,metadata,en,7,17,1,0.005917,0.005917,0.002435,not_computed,0.0,0.0,0.002976,weak_match,weak_match,comparable_same_publications_unit_period_filter_language,pending
STM-METADATA-EN,BERTopic-METADATA-MULTILINGUAL,metadata,en,7,1,0,0.0,0.0,0.0,not_computed,0.0,0.0,0.0,no_match,no_match,comparable_same_publications_unit_period_filter_language,pending
STM-METADATA-EN,BERTopic-METADATA-MULTILINGUAL,metadata,en,7,27,4,0.025478,0.025478,0.01151,not_computed,0.0,0.0,0.013069,weak_match,weak_match,comparable_same_publications_unit_period_filter_language,pending
STM-METADATA-EN,BERTopic-METADATA-MULTILINGUAL,metadata,en,7,6,0,0.0,0.0,0.0,not_computed,0.0,0.0,0.0,no_match,no_match,comparable_same_publications_unit_period_filter_language,pending
STM-METADATA-EN,BERTopic-METADATA-MULTILINGUAL,metadata,en,7,13,1,0.004545,0.004545,0.001119,not_computed,0.0,0.0,0.002098,weak_match,weak_match,comparable_same_publications_unit_period_filter_language,pending
STM-METADATA-EN,BERTopic-METADATA-MULTILINGUAL,metadata,en,7,8,2,0.006231,0.006231,0.001693,not_computed,0.0,0.0,0.002915,weak_match,weak_match,comparable_same_publications_unit_period_filter_language,pending
STM-METADATA-EN,BERTopic-METADATA-MULTILINGUAL,metadata,en,7,32,0,0.0,0.0,0.0,not_computed,0.0,0.0,0.0,no_match,no_match,comparable_same_publications_unit_period_filter_language,pending
STM-METADATA-EN,BERTopic-METADATA-MULTILINGUAL,metadata,en,7,0,0,0.0,0.0,0.0,not_computed,0.0,0.0,0.0,no_match,no_match,comparable_same_publications_unit_period_filter_language,pending
STM-METADATA-EN,BERTopic-METADATA-MULTILINGUAL,metadata,en,7,9,1,0.003623,0.003623,0.001453,not_computed,0.0,0.0,0.001813,weak_match,weak_match,comparable_same_publications_unit_period_filter_language,pending
STM-METADATA-EN,BERTopic-METADATA-MULTILINGUAL,metadata,en,7,30,0,0.0,0.0,0.0,not_computed,0.0,0.0,0.0,no_match,no_match,comparable_same_publications_unit_period_filter_language,pending
STM-METADATA-EN,BERTopic-METADATA-MULTILINGUAL,metadata,en,7,33,1,0.006329,0.006329,0.001378,not_computed,0.0,0.0,0.002876,weak_match,weak_match,comparable_same_publications_unit_period_filter_language,pending
STM-METADATA-EN,BERTopic-METADATA-MULTILINGUAL,metadata,en,7,21,0,0.0,0.0,0.0,not_computed,0.0,0.0,0.0,no_match,no_match,comparable_same_publications_unit_period_filter_language,pending
STM-METADATA-EN,BERTopic-METADATA-MULTILINGUAL,metadata,en,7,24,0,0.0,0.0,0.0,not_computed,0.0,0.0,0.0,no_match,no_match,comparable_same_publications_unit_period_filter_language,pending
STM-METADATA-EN,BERTopic-METADATA-MULTILINGUAL,metadata,en,7,29,2,0.012121,0.012121,0.003781,not_computed,0.0,0.0,0.005794,weak_match,weak_match,comparable_same_publications_unit_period_filter_language,pending
STM-METADATA-EN,BERTopic-METADATA-MULTILINGUAL,metadata,en,7,15,1,0.006024,0.006024,0.002761,not_computed,0.0,0.0,0.0031,weak_match,weak_match,comparable_same_publications_unit_period_filter_language,pending
STM-METADATA-EN,BERTopic-METADATA-MULTILINGUAL,metadata,en,7,19,0,0.0,0.0,0.0,not_computed,0.0,0.0,0.0,no_match,no_match,comparable_same_publications_unit_period_filter_language,pending
STM-METADATA-EN,BERTopic-METADATA-MULTILINGUAL,metadata,en,7,3,0,0.0,0.0,0.0,not_computed,0.0,0.0,0.0,no_match,no_match,comparable_same_publications_unit_period_filter_language,pending
STM-METADATA-EN,BERTopic-METADATA-MULTILINGUAL,metadata,en,7,10,0,0.0,0.0,0.0,not_computed,0.0,0.0,0.0,no_match,no_match,comparable_same_publications_unit_period_filter_language,pending
STM-METADATA-EN,BERTopic-METADATA-MULTILINGUAL,metadata,en,7,25,3,0.019355,0.019355,0.01075,not_computed,0.0,0.0,0.010429,weak_match,weak_match,comparable_same_publications_unit_period_filter_language,pending
STM-METADATA-EN,BERTopic-METADATA-MULTILINGUAL,metadata,en,7,18,0,0.0,0.0,0.0,not_computed,0.0,0.0,0.0,no_match,no_match,comparable_same_publications_unit_period_filter_language,pending
STM-METADATA-EN,BERTopic-METADATA-MULTILINGUAL,metadata,en,7,12,0,0.0,0.0,0.0,not_computed,0.0,0.0,0.0,no_match,no_match,comparable_same_publications_unit_period_filter_language,pending
STM-METADATA-EN,BERTopic-METADATA-MULTILINGUAL,metadata,en,7,14,0,0.0,0.0,0.0,not_computed,0.0,0.0,0.0,no_match,no_match,comparable_same_publications_unit_period_filter_language,pending
STM-METADATA-EN,BERTopic-METADATA-MULTILINGUAL,metadata,en,4,-1,114,0.065068,0.065068,0.0,not_computed,0.0,0.0,0.026027,language_specific_match,language_specific_match,comparable_same_publications_unit_period_filter_language,pending
STM-METADATA-EN,BERTopic-METADATA-MULTILINGUAL,metadata,en,4,31,1,0.003906,0.003906,0.00134,not_computed,0.0,0.0,0.001897,weak_match,weak_match,comparable_same_publications_unit_period_filter_language,pending
STM-METADATA-EN,BERTopic-METADATA-MULTILINGUAL,metadata,en,4,23,3,0.011278,0.011278,0.005619,not_computed,0.0,0.0,0.005916,weak_match,weak_match,comparable_same_publications_unit_period_filter_language,pending
STM-METADATA-EN,BERTopic-METADATA-MULTILINGUAL,metadata,en,4,20,0,0.0,0.0,0.0,not_computed,0.0,0.0,0.0,no_match,no_match,comparable_same_publications_unit_period_filter_language,pending
STM-METADATA-EN,BERTopic-METADATA-MULTILINGUAL,metadata,en,4,5,0,0.0,0.0,0.0,not_computed,0.0,0.0,0.0,no_match,no_match,comparable_same_publications_unit_period_filter_language,pending
STM-METADATA-EN,BERTopic-METADATA-MULTILINGUAL,metadata,en,4,11,1,0.002604,0.002604,0.000994,not_computed,0.0,0.0,0.00129,weak_match,weak_match,comparable_same_publications_unit_period_filter_language,pending
STM-METADATA-EN,BERTopic-METADATA-MULTILINGUAL,metadata,en,4,16,26,0.084142,0.084142,0.046746,not_computed,0.0,0.0,0.045344,language_specific_match,language_specific_match,comparable_same_publications_unit_period_filter_language,pending
STM-METADATA-EN,BERTopic-METADATA-MULTILINGUAL,metadata,en,4,7,18,0.04,0.04,0.019986,not_computed,0.0,0.0,0.020996,language_specific_match,language_specific_match,comparable_same_publications_unit_period_filter_language,pending
STM-METADATA-EN,BERTopic-METADATA-MULTILINGUAL,metadata,en,4,2,1,0.002024,0.002024,0.000874,not_computed,0.0,0.0,0.001028,weak_match,weak_match,comparable_same_publications_unit_period_filter_language,pending
STM-METADATA-EN,BERTopic-METADATA-MULTILINGUAL,metadata,en,4,28,34,0.132812,0.132812,0.088027,not_computed,0.136364,0.0,0.109223,STM_split_by_BERTopic,STM_split_by_BERTopic,comparable_same_publications_unit_period_filter_language,pending
STM-METADATA-EN,BERTopic-METADATA-MULTILINGUAL,metadata,en,4,26,0,0.0,0.0,0.0,not_computed,0.0,0.0,0.0,no_match,no_match,comparable_same_publications_unit_period_filter_language,pending
STM-METADATA-EN,BERTopic-METADATA-MULTILINGUAL,metadata,en,4,22,1,0.00369,0.00369,0.003019,not_computed,0.0,0.0,0.002231,weak_match,weak_match,comparable_same_publications_unit_period_filter_language,pending
STM-METADATA-EN,BERTopic-METADATA-MULTILINGUAL,metadata,en,4,4,8,0.024615,0.024615,0.010712,not_computed,0.0,0.0,0.012524,weak_match,weak_match,comparable_same_publications_unit_period_filter_language,pending
STM-METADATA-EN,BERTopic-METADATA-MULTILINGUAL,metadata,en,4,17,0,0.0,0.0,0.0,not_computed,0.0,0.0,0.0,no_match,no_match,comparable_same_publications_unit_period_filter_language,pending
STM-METADATA-EN,BERTopic-METADATA-MULTILINGUAL,metadata,en,4,1,4,0.009877,0.009877,0.003548,not_computed,0.0,0.0,0.004838,weak_match,weak_match,comparable_same_publications_unit_period_filter_language,pending
STM-METADATA-EN,BERTopic-METADATA-MULTILINGUAL,metadata,en,4,27,3,0.011236,0.011236,0.006526,not_computed,0.0,0.0,0.006126,weak_match,weak_match,comparable_same_publications_unit_period_filter_language,pending
STM-METADATA-EN,BERTopic-METADATA-MULTILINGUAL,metadata,en,4,6,0,0.0,0.0,0.0,not_computed,0.0,0.0,0.0,no_match,no_match,comparable_same_publications_unit_period_filter_language,pending
STM-METADATA-EN,BERTopic-METADATA-MULTILINGUAL,metadata,en,4,13,0,0.0,0.0,0.0,not_computed,0.0,0.0,0.0,no_match,no_match,comparable_same_publications_unit_period_filter_language,pending
STM-METADATA-EN,BERTopic-METADATA-MULTILINGUAL,metadata,en,4,8,2,0.004651,0.004651,0.002999,not_computed,0.0,0.0,0.00261,weak_match,weak_match,comparable_same_publications_unit_period_filter_language,pending
STM-METADATA-EN,BERTopic-METADATA-MULTILINGUAL,metadata,en,4,32,9,0.032727,0.032727,0.01138,not_computed,0.041667,0.0,0.026353,language_specific_match,language_specific_match,comparable_same_publications_unit_period_filter_language,pending
STM-METADATA-EN,BERTopic-METADATA-MULTILINGUAL,metadata,en,4,0,5,0.010965,0.010965,0.004546,not_computed,0.0,0.0,0.005522,weak_match,weak_match,comparable_same_publications_unit_period_filter_language,pending
STM-METADATA-EN,BERTopic-METADATA-MULTILINGUAL,metadata,en,4,9,1,0.002597,0.002597,0.001534,not_computed,0.0,0.0,0.001422,weak_match,weak_match,comparable_same_publications_unit_period_filter_language,pending
STM-METADATA-EN,BERTopic-METADATA-MULTILINGUAL,metadata,en,4,30,1,0.003774,0.003774,0.000959,not_computed,0.0,0.0,0.001749,weak_match,weak_match,comparable_same_publications_unit_period_filter_language,pending
STM-METADATA-EN,BERTopic-METADATA-MULTILINGUAL,metadata,en,4,33,2,0.007519,0.007519,0.003534,not_computed,0.0,0.0,0.003891,weak_match,weak_match,comparable_same_publications_unit_period_filter_language,pending
STM-METADATA-EN,BERTopic-METADATA-MULTILINGUAL,metadata,en,4,21,4,0.014337,0.014337,0.007087,not_computed,0.0,0.0,0.007506,weak_match,weak_match,comparable_same_publications_unit_period_filter_language,pending
STM-METADATA-EN,BERTopic-METADATA-MULTILINGUAL,metadata,en,4,24,1,0.003774,0.003774,0.001654,not_computed,0.0,0.0,0.001923,weak_match,weak_match,comparable_same_publications_unit_period_filter_language,pending
STM-METADATA-EN,BERTopic-METADATA-MULTILINGUAL,metadata,en,4,29,0,0.0,0.0,0.0,not_computed,0.0,0.0,0.0,no_match,no_match,comparable_same_publications_unit_period_filter_language,pending
STM-METADATA-EN,BERTopic-METADATA-MULTILINGUAL,metadata,en,4,15,1,0.003636,0.003636,0.001112,not_computed,0.0,0.0,0.001733,weak_match,weak_match,comparable_same_publications_unit_period_filter_language,pending
STM-METADATA-EN,BERTopic-METADATA-MULTILINGUAL,metadata,en,4,19,0,0.0,0.0,0.0,not_computed,0.0,0.0,0.0,no_match,no_match,comparable_same_publications_unit_period_filter_language,pending
STM-METADATA-EN,BERTopic-METADATA-MULTILINGUAL,metadata,en,4,3,0,0.0,0.0,0.0,not_computed,0.0,0.0,0.0,no_match,no_match,comparable_same_publications_unit_period_filter_language,pending
STM-METADATA-EN,BERTopic-METADATA-MULTILINGUAL,metadata,en,4,10,5,0.018727,0.018727,0.009877,not_computed,0.0,0.0,0.00996,weak_match,weak_match,comparable_same_publications_unit_period_filter_language,pending
STM-METADATA-EN,BERTopic-METADATA-MULTILINGUAL,metadata,en,4,25,0,0.0,0.0,0.0,not_computed,0.0,0.0,0.0,no_match,no_match,comparable_same_publications_unit_period_filter_language,pending
STM-METADATA-EN,BERTopic-METADATA-MULTILINGUAL,metadata,en,4,18,1,0.003937,0.003937,0.003541,not_computed,0.0,0.0,0.00246,weak_match,weak_match,comparable_same_publications_unit_period_filter_language,pending
STM-METADATA-EN,BERTopic-METADATA-MULTILINGUAL,metadata,en,4,12,0,0.0,0.0,0.0,not_computed,0.0,0.0,0.0,no_match,no_match,comparable_same_publications_unit_period_filter_language,pending
STM-METADATA-EN,BERTopic-METADATA-MULTILINGUAL,metadata,en,4,14,1,0.003953,0.003953,0.001739,not_computed,0.0,0.0,0.002016,weak_match,weak_match,comparable_same_publications_unit_period_filter_language,pending
STM-METADATA-EN,BERTopic-METADATA-MULTILINGUAL,metadata,en,13,-1,31,0.017357,0.017357,0.0,not_computed,0.0,0.0,0.006943,weak_match,weak_match,comparable_same_publications_unit_period_filter_language,pending
STM-METADATA-EN,BERTopic-METADATA-MULTILINGUAL,metadata,en,13,31,0,0.0,0.0,0.0,not_computed,0.0,0.0,0.0,no_match,no_match,comparable_same_publications_unit_period_filter_language,pending
STM-METADATA-EN,BERTopic-METADATA-MULTILINGUAL,metadata,en,13,23,0,0.0,0.0,0.0,not_computed,0.0,0.0,0.0,no_match,no_match,comparable_same_publications_unit_period_filter_language,pending
STM-METADATA-EN,BERTopic-METADATA-MULTILINGUAL,metadata,en,13,20,0,0.0,0.0,0.0,not_computed,0.0,0.0,0.0,no_match,no_match,comparable_same_publications_unit_period_filter_language,pending
STM-METADATA-EN,BERTopic-METADATA-MULTILINGUAL,metadata,en,13,5,0,0.0,0.0,0.0,not_computed,0.0,0.0,0.0,no_match,no_match,comparable_same_publications_unit_period_filter_language,pending
STM-METADATA-EN,BERTopic-METADATA-MULTILINGUAL,metadata,en,13,11,3,0.009009,0.009009,0.003084,not_computed,0.0,0.0,0.004375,weak_match,weak_match,comparable_same_publications_unit_period_filter_language,pending
STM-METADATA-EN,BERTopic-METADATA-MULTILINGUAL,metadata,en,13,16,0,0.0,0.0,0.0,not_computed,0.0,0.0,0.0,no_match,no_match,comparable_same_publications_unit_period_filter_language,pending
STM-METADATA-EN,BERTopic-METADATA-MULTILINGUAL,metadata,en,13,7,5,0.012077,0.012077,0.004665,not_computed,0.0,0.0,0.005997,weak_match,weak_match,comparable_same_publications_unit_period_filter_language,pending
STM-METADATA-EN,BERTopic-METADATA-MULTILINGUAL,metadata,en,13,2,4,0.00905,0.00905,0.003423,not_computed,0.0,0.0,0.004476,weak_match,weak_match,comparable_same_publications_unit_period_filter_language,pending
STM-METADATA-EN,BERTopic-METADATA-MULTILINGUAL,metadata,en,13,28,0,0.0,0.0,0.0,not_computed,0.0,0.0,0.0,no_match,no_match,comparable_same_publications_unit_period_filter_language,pending
STM-METADATA-EN,BERTopic-METADATA-MULTILINGUAL,metadata,en,13,26,39,0.191176,0.191176,0.090964,not_computed,0.25,0.0,0.161711,BERTopic_combines_STM,BERTopic_combines_STM,comparable_same_publications_unit_period_filter_language,pending
STM-METADATA-EN,BERTopic-METADATA-MULTILINGUAL,metadata,en,13,22,0,0.0,0.0,0.0,not_computed,0.0,0.0,0.0,no_match,no_match,comparable_same_publications_unit_period_filter_language,pending
STM-METADATA-EN,BERTopic-METADATA-MULTILINGUAL,metadata,en,13,4,5,0.017921,0.017921,0.006946,not_computed,0.0,0.0,0.008905,weak_match,weak_match,comparable_same_publications_unit_period_filter_language,pending
STM-METADATA-EN,BERTopic-METADATA-MULTILINGUAL,metadata,en,13,17,7,0.03139,0.03139,0.015302,not_computed,0.0,0.0,0.016382,weak_match,weak_match,comparable_same_publications_unit_period_filter_language,pending
STM-METADATA-EN,BERTopic-METADATA-MULTILINGUAL,metadata,en,13,1,0,0.0,0.0,0.0,not_computed,0.0,0.0,0.0,no_match,no_match,comparable_same_publications_unit_period_filter_language,pending
STM-METADATA-EN,BERTopic-METADATA-MULTILINGUAL,metadata,en,13,27,0,0.0,0.0,0.0,not_computed,0.0,0.0,0.0,no_match,no_match,comparable_same_publications_unit_period_filter_language,pending
STM-METADATA-EN,BERTopic-METADATA-MULTILINGUAL,metadata,en,13,6,0,0.0,0.0,0.0,not_computed,0.0,0.0,0.0,no_match,no_match,comparable_same_publications_unit_period_filter_language,pending
STM-METADATA-EN,BERTopic-METADATA-MULTILINGUAL,metadata,en,13,13,0,0.0,0.0,0.0,not_computed,0.0,0.0,0.0,no_match,no_match,comparable_same_publications_unit_period_filter_language,pending
STM-METADATA-EN,BERTopic-METADATA-MULTILINGUAL,metadata,en,13,8,0,0.0,0.0,0.0,not_computed,0.0,0.0,0.0,no_match,no_match,comparable_same_publications_unit_period_filter_language,pending
STM-METADATA-EN,BERTopic-METADATA-MULTILINGUAL,metadata,en,13,32,2,0.008584,0.008584,0.002561,not_computed,0.0,0.0,0.004074,weak_match,weak_match,comparable_same_publications_unit_period_filter_language,pending
STM-METADATA-EN,BERTopic-METADATA-MULTILINGUAL,metadata,en,13,0,0,0.0,0.0,0.0,not_computed,0.0,0.0,0.0,no_match,no_match,comparable_same_publications_unit_period_filter_language,pending
STM-METADATA-EN,BERTopic-METADATA-MULTILINGUAL,metadata,en,13,9,100,0.421941,0.421941,0.148933,not_computed,0.25,0.0,0.26851,one_to_one,one_to_one,comparable_same_publications_unit_period_filter_language,pending
STM-METADATA-EN,BERTopic-METADATA-MULTILINGUAL,metadata,en,13,30,0,0.0,0.0,0.0,not_computed,0.0,0.0,0.0,no_match,no_match,comparable_same_publications_unit_period_filter_language,pending
STM-METADATA-EN,BERTopic-METADATA-MULTILINGUAL,metadata,en,13,33,0,0.0,0.0,0.0,not_computed,0.0,0.0,0.0,no_match,no_match,comparable_same_publications_unit_period_filter_language,pending
STM-METADATA-EN,BERTopic-METADATA-MULTILINGUAL,metadata,en,13,21,0,0.0,0.0,0.0,not_computed,0.0,0.0,0.0,no_match,no_match,comparable_same_publications_unit_period_filter_language,pending
STM-METADATA-EN,BERTopic-METADATA-MULTILINGUAL,metadata,en,13,24,2,0.009302,0.009302,0.003279,not_computed,0.0,0.0,0.004541,weak_match,weak_match,comparable_same_publications_unit_period_filter_language,pending
STM-METADATA-EN,BERTopic-METADATA-MULTILINGUAL,metadata,en,13,29,0,0.0,0.0,0.0,not_computed,0.0,0.0,0.0,no_match,no_match,comparable_same_publications_unit_period_filter_language,pending
STM-METADATA-EN,BERTopic-METADATA-MULTILINGUAL,metadata,en,13,15,0,0.0,0.0,0.0,not_computed,0.0,0.0,0.0,no_match,no_match,comparable_same_publications_unit_period_filter_language,pending
STM-METADATA-EN,BERTopic-METADATA-MULTILINGUAL,metadata,en,13,19,0,0.0,0.0,0.0,not_computed,0.0,0.0,0.0,no_match,no_match,comparable_same_publications_unit_period_filter_language,pending
STM-METADATA-EN,BERTopic-METADATA-MULTILINGUAL,metadata,en,13,3,0,0.0,0.0,0.0,not_computed,0.0,0.0,0.0,no_match,no_match,comparable_same_publications_unit_period_filter_language,pending
STM-METADATA-EN,BERTopic-METADATA-MULTILINGUAL,metadata,en,13,10,0,0.0,0.0,0.0,not_computed,0.0,0.0,0.0,no_match,no_match,comparable_same_publications_unit_period_filter_language,pending
STM-METADATA-EN,BERTopic-METADATA-MULTILINGUAL,metadata,en,13,25,0,0.0,0.0,0.0,not_computed,0.0,0.0,0.0,no_match,no_match,comparable_same_publications_unit_period_filter_language,pending
STM-METADATA-EN,BERTopic-METADATA-MULTILINGUAL,metadata,en,13,18,0,0.0,0.0,0.0,not_computed,0.0,0.0,0.0,no_match,no_match,comparable_same_publications_unit_period_filter_language,pending
STM-METADATA-EN,BERTopic-METADATA-MULTILINGUAL,metadata,en,13,12,0,0.0,0.0,0.0,not_computed,0.0,0.0,0.0,no_match,no_match,comparable_same_publications_unit_period_filter_language,pending
STM-METADATA-EN,BERTopic-METADATA-MULTILINGUAL,metadata,en,13,14,0,0.0,0.0,0.0,not_computed,0.0,0.0,0.0,no_match,no_match,comparable_same_publications_unit_period_filter_language,pending
STM-METADATA-EN,BERTopic-METADATA-MULTILINGUAL,metadata,en,16,-1,109,0.062969,0.062969,0.0,not_computed,0.0,0.0,0.025188,language_specific_match,language_specific_match,comparable_same_publications_unit_period_filter_language,pending
STM-METADATA-EN,BERTopic-METADATA-MULTILINGUAL,metadata,en,16,31,2,0.008734,0.008734,0.00528,not_computed,0.0,0.0,0.004814,weak_match,weak_match,comparable_same_publications_unit_period_filter_language,pending
STM-METADATA-EN,BERTopic-METADATA-MULTILINGUAL,metadata,en,16,23,0,0.0,0.0,0.0,not_computed,0.0,0.0,0.0,no_match,no_match,comparable_same_publications_unit_period_filter_language,pending
STM-METADATA-EN,BERTopic-METADATA-MULTILINGUAL,metadata,en,16,20,3,0.011407,0.011407,0.003471,not_computed,0.0,0.0,0.005431,weak_match,weak_match,comparable_same_publications_unit_period_filter_language,pending
STM-METADATA-EN,BERTopic-METADATA-MULTILINGUAL,metadata,en,16,5,0,0.0,0.0,0.0,not_computed,0.0,0.0,0.0,no_match,no_match,comparable_same_publications_unit_period_filter_language,pending
STM-METADATA-EN,BERTopic-METADATA-MULTILINGUAL,metadata,en,16,11,4,0.011268,0.011268,0.003374,not_computed,0.0,0.0,0.005351,weak_match,weak_match,comparable_same_publications_unit_period_filter_language,pending
STM-METADATA-EN,BERTopic-METADATA-MULTILINGUAL,metadata,en,16,16,4,0.013115,0.013115,0.004836,not_computed,0.0,0.0,0.006455,weak_match,weak_match,comparable_same_publications_unit_period_filter_language,pending
STM-METADATA-EN,BERTopic-METADATA-MULTILINGUAL,metadata,en,16,7,43,0.107769,0.107769,0.039556,not_computed,0.0,0.0,0.052997,partial_overlap,partial_overlap,comparable_same_publications_unit_period_filter_language,pending
STM-METADATA-EN,BERTopic-METADATA-MULTILINGUAL,metadata,en,16,2,14,0.030769,0.030769,0.012275,not_computed,0.0,0.0,0.015376,weak_match,weak_match,comparable_same_publications_unit_period_filter_language,pending
STM-METADATA-EN,BERTopic-METADATA-MULTILINGUAL,metadata,en,16,28,0,0.0,0.0,0.0,not_computed,0.0,0.0,0.0,no_match,no_match,comparable_same_publications_unit_period_filter_language,pending
STM-METADATA-EN,BERTopic-METADATA-MULTILINGUAL,metadata,en,16,26,0,0.0,0.0,0.0,not_computed,0.0,0.0,0.0,no_match,no_match,comparable_same_publications_unit_period_filter_language,pending
STM-METADATA-EN,BERTopic-METADATA-MULTILINGUAL,metadata,en,16,22,0,0.0,0.0,0.0,not_computed,0.0,0.0,0.0,no_match,no_match,comparable_same_publications_unit_period_filter_language,pending
STM-METADATA-EN,BERTopic-METADATA-MULTILINGUAL,metadata,en,16,4,3,0.009868,0.009868,0.002033,not_computed,0.0,0.0,0.004456,weak_match,weak_match,comparable_same_publications_unit_period_filter_language,pending
STM-METADATA-EN,BERTopic-METADATA-MULTILINGUAL,metadata,en,16,17,0,0.0,0.0,0.0,not_computed,0.0,0.0,0.0,no_match,no_match,comparable_same_publications_unit_period_filter_language,pending
STM-METADATA-EN,BERTopic-METADATA-MULTILINGUAL,metadata,en,16,1,5,0.013228,0.013228,0.004771,not_computed,0.0,0.0,0.006484,weak_match,weak_match,comparable_same_publications_unit_period_filter_language,pending
STM-METADATA-EN,BERTopic-METADATA-MULTILINGUAL,metadata,en,16,27,0,0.0,0.0,0.0,not_computed,0.0,0.0,0.0,no_match,no_match,comparable_same_publications_unit_period_filter_language,pending
STM-METADATA-EN,BERTopic-METADATA-MULTILINGUAL,metadata,en,16,6,0,0.0,0.0,0.0,not_computed,0.0,0.0,0.0,no_match,no_match,comparable_same_publications_unit_period_filter_language,pending
STM-METADATA-EN,BERTopic-METADATA-MULTILINGUAL,metadata,en,16,13,1,0.0033,0.0033,0.000843,not_computed,0.0,0.0,0.001531,weak_match,weak_match,comparable_same_publications_unit_period_filter_language,pending
STM-METADATA-EN,BERTopic-METADATA-MULTILINGUAL,metadata,en,16,8,15,0.038363,0.038363,0.015215,not_computed,0.0,0.0,0.019149,weak_match,weak_match,comparable_same_publications_unit_period_filter_language,pending
STM-METADATA-EN,BERTopic-METADATA-MULTILINGUAL,metadata,en,16,32,0,0.0,0.0,0.0,not_computed,0.0,0.0,0.0,no_match,no_match,comparable_same_publications_unit_period_filter_language,pending
STM-METADATA-EN,BERTopic-METADATA-MULTILINGUAL,metadata,en,16,0,6,0.013986,0.013986,0.005451,not_computed,0.0,0.0,0.006957,weak_match,weak_match,comparable_same_publications_unit_period_filter_language,pending
STM-METADATA-EN,BERTopic-METADATA-MULTILINGUAL,metadata,en,16,9,5,0.014085,0.014085,0.004236,not_computed,0.0,0.0,0.006693,weak_match,weak_match,comparable_same_publications_unit_period_filter_language,pending
STM-METADATA-EN,BERTopic-METADATA-MULTILINGUAL,metadata,en,16,30,0,0.0,0.0,0.0,not_computed,0.0,0.0,0.0,no_match,no_match,comparable_same_publications_unit_period_filter_language,pending
STM-METADATA-EN,BERTopic-METADATA-MULTILINGUAL,metadata,en,16,33,0,0.0,0.0,0.0,not_computed,0.0,0.0,0.0,no_match,no_match,comparable_same_publications_unit_period_filter_language,pending
STM-METADATA-EN,BERTopic-METADATA-MULTILINGUAL,metadata,en,16,21,1,0.003906,0.003906,0.000829,not_computed,0.0,0.0,0.00177,weak_match,weak_match,comparable_same_publications_unit_period_filter_language,pending
STM-METADATA-EN,BERTopic-METADATA-MULTILINGUAL,metadata,en,16,24,0,0.0,0.0,0.0,not_computed,0.0,0.0,0.0,no_match,no_match,comparable_same_publications_unit_period_filter_language,pending
STM-METADATA-EN,BERTopic-METADATA-MULTILINGUAL,metadata,en,16,29,2,0.008065,0.008065,0.002081,not_computed,0.0,0.0,0.003746,weak_match,weak_match,comparable_same_publications_unit_period_filter_language,pending
STM-METADATA-EN,BERTopic-METADATA-MULTILINGUAL,metadata,en,16,15,0,0.0,0.0,0.0,not_computed,0.0,0.0,0.0,no_match,no_match,comparable_same_publications_unit_period_filter_language,pending
STM-METADATA-EN,BERTopic-METADATA-MULTILINGUAL,metadata,en,16,19,0,0.0,0.0,0.0,not_computed,0.0,0.0,0.0,no_match,no_match,comparable_same_publications_unit_period_filter_language,pending
STM-METADATA-EN,BERTopic-METADATA-MULTILINGUAL,metadata,en,16,3,0,0.0,0.0,0.0,not_computed,0.0,0.0,0.0,no_match,no_match,comparable_same_publications_unit_period_filter_language,pending
STM-METADATA-EN,BERTopic-METADATA-MULTILINGUAL,metadata,en,16,10,1,0.004082,0.004082,0.001619,not_computed,0.0,0.0,0.002037,weak_match,weak_match,comparable_same_publications_unit_period_filter_language,pending
STM-METADATA-EN,BERTopic-METADATA-MULTILINGUAL,metadata,en,16,25,1,0.004167,0.004167,0.001514,not_computed,0.0,0.0,0.002045,weak_match,weak_match,comparable_same_publications_unit_period_filter_language,pending
STM-METADATA-EN,BERTopic-METADATA-MULTILINGUAL,metadata,en,16,18,2,0.008811,0.008811,0.002931,not_computed,0.0,0.0,0.004257,weak_match,weak_match,comparable_same_publications_unit_period_filter_language,pending
STM-METADATA-EN,BERTopic-METADATA-MULTILINGUAL,metadata,en,16,12,0,0.0,0.0,0.0,not_computed,0.0,0.0,0.0,no_match,no_match,comparable_same_publications_unit_period_filter_language,pending
STM-METADATA-EN,BERTopic-METADATA-MULTILINGUAL,metadata,en,16,14,0,0.0,0.0,0.0,not_computed,0.0,0.0,0.0,no_match,no_match,comparable_same_publications_unit_period_filter_language,pending
STM-METADATA-EN,BERTopic-METADATA-MULTILINGUAL,metadata,en,9,-1,137,0.077797,0.077797,0.0,not_computed,0.0,0.0,0.031119,language_specific_match,language_specific_match,comparable_same_publications_unit_period_filter_language,pending
STM-METADATA-EN,BERTopic-METADATA-MULTILINGUAL,metadata,en,9,31,0,0.0,0.0,0.0,not_computed,0.0,0.0,0.0,no_match,no_match,comparable_same_publications_unit_period_filter_language,pending
STM-METADATA-EN,BERTopic-METADATA-MULTILINGUAL,metadata,en,9,23,3,0.010067,0.010067,0.002807,not_computed,0.0,0.0,0.004729,weak_match,weak_match,comparable_same_publications_unit_period_filter_language,pending
STM-METADATA-EN,BERTopic-METADATA-MULTILINGUAL,metadata,en,9,20,2,0.006211,0.006211,0.00251,not_computed,0.0,0.0,0.003112,weak_match,weak_match,comparable_same_publications_unit_period_filter_language,pending
STM-METADATA-EN,BERTopic-METADATA-MULTILINGUAL,metadata,en,9,5,0,0.0,0.0,0.0,not_computed,0.0,0.0,0.0,no_match,no_match,comparable_same_publications_unit_period_filter_language,pending
STM-METADATA-EN,BERTopic-METADATA-MULTILINGUAL,metadata,en,9,11,0,0.0,0.0,0.0,not_computed,0.0,0.0,0.0,no_match,no_match,comparable_same_publications_unit_period_filter_language,pending
STM-METADATA-EN,BERTopic-METADATA-MULTILINGUAL,metadata,en,9,16,5,0.013812,0.013812,0.004635,not_computed,0.0,0.0,0.006684,weak_match,weak_match,comparable_same_publications_unit_period_filter_language,pending
STM-METADATA-EN,BERTopic-METADATA-MULTILINGUAL,metadata,en,9,7,4,0.008065,0.008065,0.002648,not_computed,0.0,0.0,0.003888,weak_match,weak_match,comparable_same_publications_unit_period_filter_language,pending
STM-METADATA-EN,BERTopic-METADATA-MULTILINGUAL,metadata,en,9,2,61,0.130901,0.130901,0.062217,not_computed,0.0,0.0,0.067915,partial_overlap,partial_overlap,comparable_same_publications_unit_period_filter_language,pending
STM-METADATA-EN,BERTopic-METADATA-MULTILINGUAL,metadata,en,9,28,1,0.003115,0.003115,0.002039,not_computed,0.0,0.0,0.001756,weak_match,weak_match,comparable_same_publications_unit_period_filter_language,pending
STM-METADATA-EN,BERTopic-METADATA-MULTILINGUAL,metadata,en,9,26,2,0.006211,0.006211,0.001912,not_computed,0.0,0.0,0.002962,weak_match,weak_match,comparable_same_publications_unit_period_filter_language,pending
STM-METADATA-EN,BERTopic-METADATA-MULTILINGUAL,metadata,en,9,22,0,0.0,0.0,0.0,not_computed,0.0,0.0,0.0,no_match,no_match,comparable_same_publications_unit_period_filter_language,pending
STM-METADATA-EN,BERTopic-METADATA-MULTILINGUAL,metadata,en,9,4,6,0.016713,0.016713,0.006314,not_computed,0.0,0.0,0.008264,weak_match,weak_match,comparable_same_publications_unit_period_filter_language,pending
STM-METADATA-EN,BERTopic-METADATA-MULTILINGUAL,metadata,en,9,17,0,0.0,0.0,0.0,not_computed,0.0,0.0,0.0,no_match,no_match,comparable_same_publications_unit_period_filter_language,pending
STM-METADATA-EN,BERTopic-METADATA-MULTILINGUAL,metadata,en,9,1,3,0.006849,0.006849,0.002444,not_computed,0.0,0.0,0.003351,weak_match,weak_match,comparable_same_publications_unit_period_filter_language,pending
STM-METADATA-EN,BERTopic-METADATA-MULTILINGUAL,metadata,en,9,27,1,0.003322,0.003322,0.000693,not_computed,0.0,0.0,0.001502,weak_match,weak_match,comparable_same_publications_unit_period_filter_language,pending
STM-METADATA-EN,BERTopic-METADATA-MULTILINGUAL,metadata,en,9,6,1,0.003236,0.003236,0.001302,not_computed,0.0,0.0,0.00162,weak_match,weak_match,comparable_same_publications_unit_period_filter_language,pending
STM-METADATA-EN,BERTopic-METADATA-MULTILINGUAL,metadata,en,9,13,3,0.008357,0.008357,0.003595,not_computed,0.0,0.0,0.004241,weak_match,weak_match,comparable_same_publications_unit_period_filter_language,pending
STM-METADATA-EN,BERTopic-METADATA-MULTILINGUAL,metadata,en,9,8,3,0.006508,0.006508,0.001528,not_computed,0.0,0.0,0.002985,weak_match,weak_match,comparable_same_publications_unit_period_filter_language,pending
STM-METADATA-EN,BERTopic-METADATA-MULTILINGUAL,metadata,en,9,32,16,0.053333,0.053333,0.028866,not_computed,0.0,0.0,0.02855,language_specific_match,language_specific_match,comparable_same_publications_unit_period_filter_language,pending
STM-METADATA-EN,BERTopic-METADATA-MULTILINGUAL,metadata,en,9,0,7,0.014403,0.014403,0.007094,not_computed,0.0,0.0,0.007535,weak_match,weak_match,comparable_same_publications_unit_period_filter_language,pending
STM-METADATA-EN,BERTopic-METADATA-MULTILINGUAL,metadata,en,9,9,10,0.02451,0.02451,0.011578,not_computed,0.0,0.0,0.012698,weak_match,weak_match,comparable_same_publications_unit_period_filter_language,pending
STM-METADATA-EN,BERTopic-METADATA-MULTILINGUAL,metadata,en,9,30,0,0.0,0.0,0.0,not_computed,0.0,0.0,0.0,no_match,no_match,comparable_same_publications_unit_period_filter_language,pending
STM-METADATA-EN,BERTopic-METADATA-MULTILINGUAL,metadata,en,9,33,0,0.0,0.0,0.0,not_computed,0.0,0.0,0.0,no_match,no_match,comparable_same_publications_unit_period_filter_language,pending
STM-METADATA-EN,BERTopic-METADATA-MULTILINGUAL,metadata,en,9,21,1,0.003185,0.003185,0.000995,not_computed,0.0,0.0,0.001523,weak_match,weak_match,comparable_same_publications_unit_period_filter_language,pending
STM-METADATA-EN,BERTopic-METADATA-MULTILINGUAL,metadata,en,9,24,3,0.010169,0.010169,0.005452,not_computed,0.0,0.0,0.005431,weak_match,weak_match,comparable_same_publications_unit_period_filter_language,pending
STM-METADATA-EN,BERTopic-METADATA-MULTILINGUAL,metadata,en,9,29,1,0.003257,0.003257,0.000983,not_computed,0.0,0.0,0.001549,weak_match,weak_match,comparable_same_publications_unit_period_filter_language,pending
STM-METADATA-EN,BERTopic-METADATA-MULTILINGUAL,metadata,en,9,15,3,0.009836,0.009836,0.003862,not_computed,0.0,0.0,0.0049,weak_match,weak_match,comparable_same_publications_unit_period_filter_language,pending
STM-METADATA-EN,BERTopic-METADATA-MULTILINGUAL,metadata,en,9,19,0,0.0,0.0,0.0,not_computed,0.0,0.0,0.0,no_match,no_match,comparable_same_publications_unit_period_filter_language,pending
STM-METADATA-EN,BERTopic-METADATA-MULTILINGUAL,metadata,en,9,3,0,0.0,0.0,0.0,not_computed,0.0,0.0,0.0,no_match,no_match,comparable_same_publications_unit_period_filter_language,pending
STM-METADATA-EN,BERTopic-METADATA-MULTILINGUAL,metadata,en,9,10,1,0.0033,0.0033,0.000767,not_computed,0.0,0.0,0.001512,weak_match,weak_match,comparable_same_publications_unit_period_filter_language,pending
STM-METADATA-EN,BERTopic-METADATA-MULTILINGUAL,metadata,en,9,25,3,0.010135,0.010135,0.004116,not_computed,0.0,0.0,0.005083,weak_match,weak_match,comparable_same_publications_unit_period_filter_language,pending
STM-METADATA-EN,BERTopic-METADATA-MULTILINGUAL,metadata,en,9,18,0,0.0,0.0,0.0,not_computed,0.0,0.0,0.0,no_match,no_match,comparable_same_publications_unit_period_filter_language,pending
STM-METADATA-EN,BERTopic-METADATA-MULTILINGUAL,metadata,en,9,12,2,0.006623,0.006623,0.003104,not_computed,0.0,0.0,0.003425,weak_match,weak_match,comparable_same_publications_unit_period_filter_language,pending
STM-METADATA-EN,BERTopic-METADATA-MULTILINGUAL,metadata,en,9,14,0,0.0,0.0,0.0,not_computed,0.0,0.0,0.0,no_match,no_match,comparable_same_publications_unit_period_filter_language,pending
STM-METADATA-EN,BERTopic-METADATA-MULTILINGUAL,metadata,en,5,-1,47,0.028589,0.028589,0.0,not_computed,0.0,0.0,0.011436,weak_match,weak_match,comparable_same_publications_unit_period_filter_language,pending
STM-METADATA-EN,BERTopic-METADATA-MULTILINGUAL,metadata,en,5,31,0,0.0,0.0,0.0,not_computed,0.0,0.0,0.0,no_match,no_match,comparable_same_publications_unit_period_filter_language,pending
STM-METADATA-EN,BERTopic-METADATA-MULTILINGUAL,metadata,en,5,23,0,0.0,0.0,0.0,not_computed,0.0,0.0,0.0,no_match,no_match,comparable_same_publications_unit_period_filter_language,pending
STM-METADATA-EN,BERTopic-METADATA-MULTILINGUAL,metadata,en,5,20,0,0.0,0.0,0.0,not_computed,0.0,0.0,0.0,no_match,no_match,comparable_same_publications_unit_period_filter_language,pending
STM-METADATA-EN,BERTopic-METADATA-MULTILINGUAL,metadata,en,5,5,1,0.011494,0.011494,0.002275,not_computed,0.0,0.0,0.005167,weak_match,weak_match,comparable_same_publications_unit_period_filter_language,pending
STM-METADATA-EN,BERTopic-METADATA-MULTILINGUAL,metadata,en,5,11,2,0.009615,0.009615,0.002711,not_computed,0.0,0.0,0.004524,weak_match,weak_match,comparable_same_publications_unit_period_filter_language,pending
STM-METADATA-EN,BERTopic-METADATA-MULTILINGUAL,metadata,en,5,16,0,0.0,0.0,0.0,not_computed,0.0,0.0,0.0,no_match,no_match,comparable_same_publications_unit_period_filter_language,pending
STM-METADATA-EN,BERTopic-METADATA-MULTILINGUAL,metadata,en,5,7,0,0.0,0.0,0.0,not_computed,0.0,0.0,0.0,no_match,no_match,comparable_same_publications_unit_period_filter_language,pending
STM-METADATA-EN,BERTopic-METADATA-MULTILINGUAL,metadata,en,5,2,1,0.003135,0.003135,0.000858,not_computed,0.0,0.0,0.001469,weak_match,weak_match,comparable_same_publications_unit_period_filter_language,pending
STM-METADATA-EN,BERTopic-METADATA-MULTILINGUAL,metadata,en,5,28,0,0.0,0.0,0.0,not_computed,0.0,0.0,0.0,no_match,no_match,comparable_same_publications_unit_period_filter_language,pending
STM-METADATA-EN,BERTopic-METADATA-MULTILINGUAL,metadata,en,5,26,0,0.0,0.0,0.0,not_computed,0.0,0.0,0.0,no_match,no_match,comparable_same_publications_unit_period_filter_language,pending
STM-METADATA-EN,BERTopic-METADATA-MULTILINGUAL,metadata,en,5,22,0,0.0,0.0,0.0,not_computed,0.0,0.0,0.0,no_match,no_match,comparable_same_publications_unit_period_filter_language,pending
STM-METADATA-EN,BERTopic-METADATA-MULTILINGUAL,metadata,en,5,4,9,0.060403,0.060403,0.01918,not_computed,0.086957,0.0,0.050695,partial_overlap,partial_overlap,comparable_same_publications_unit_period_filter_language,pending
STM-METADATA-EN,BERTopic-METADATA-MULTILINGUAL,metadata,en,5,17,1,0.009709,0.009709,0.002891,not_computed,0.0,0.0,0.004606,weak_match,weak_match,comparable_same_publications_unit_period_filter_language,pending
STM-METADATA-EN,BERTopic-METADATA-MULTILINGUAL,metadata,en,5,1,1,0.004292,0.004292,0.001096,not_computed,0.0,0.0,0.001991,weak_match,weak_match,comparable_same_publications_unit_period_filter_language,pending
STM-METADATA-EN,BERTopic-METADATA-MULTILINGUAL,metadata,en,5,27,1,0.010638,0.010638,0.002156,not_computed,0.0,0.0,0.004794,weak_match,weak_match,comparable_same_publications_unit_period_filter_language,pending
STM-METADATA-EN,BERTopic-METADATA-MULTILINGUAL,metadata,en,5,6,1,0.009804,0.009804,0.003973,not_computed,0.0,0.0,0.004915,weak_match,weak_match,comparable_same_publications_unit_period_filter_language,pending
STM-METADATA-EN,BERTopic-METADATA-MULTILINGUAL,metadata,en,5,13,1,0.006494,0.006494,0.001623,not_computed,0.0,0.0,0.003003,weak_match,weak_match,comparable_same_publications_unit_period_filter_language,pending
STM-METADATA-EN,BERTopic-METADATA-MULTILINGUAL,metadata,en,5,8,0,0.0,0.0,0.0,not_computed,0.0,0.0,0.0,no_match,no_match,comparable_same_publications_unit_period_filter_language,pending
STM-METADATA-EN,BERTopic-METADATA-MULTILINGUAL,metadata,en,5,32,1,0.009259,0.009259,0.001455,not_computed,0.0,0.0,0.004068,weak_match,weak_match,comparable_same_publications_unit_period_filter_language,pending
STM-METADATA-EN,BERTopic-METADATA-MULTILINGUAL,metadata,en,5,0,0,0.0,0.0,0.0,not_computed,0.0,0.0,0.0,no_match,no_match,comparable_same_publications_unit_period_filter_language,pending
STM-METADATA-EN,BERTopic-METADATA-MULTILINGUAL,metadata,en,5,9,0,0.0,0.0,0.0,not_computed,0.0,0.0,0.0,no_match,no_match,comparable_same_publications_unit_period_filter_language,pending
STM-METADATA-EN,BERTopic-METADATA-MULTILINGUAL,metadata,en,5,30,0,0.0,0.0,0.0,not_computed,0.0,0.0,0.0,no_match,no_match,comparable_same_publications_unit_period_filter_language,pending
STM-METADATA-EN,BERTopic-METADATA-MULTILINGUAL,metadata,en,5,33,1,0.01087,0.01087,0.001983,not_computed,0.0,0.0,0.004844,weak_match,weak_match,comparable_same_publications_unit_period_filter_language,pending
STM-METADATA-EN,BERTopic-METADATA-MULTILINGUAL,metadata,en,5,21,3,0.028571,0.028571,0.010545,not_computed,0.0,0.0,0.014065,weak_match,weak_match,comparable_same_publications_unit_period_filter_language,pending
STM-METADATA-EN,BERTopic-METADATA-MULTILINGUAL,metadata,en,5,24,0,0.0,0.0,0.0,not_computed,0.041667,0.0,0.010417,weak_match,weak_match,comparable_same_publications_unit_period_filter_language,pending
STM-METADATA-EN,BERTopic-METADATA-MULTILINGUAL,metadata,en,5,29,0,0.0,0.0,0.0,not_computed,0.0,0.0,0.0,no_match,no_match,comparable_same_publications_unit_period_filter_language,pending
STM-METADATA-EN,BERTopic-METADATA-MULTILINGUAL,metadata,en,5,15,0,0.0,0.0,0.0,not_computed,0.0,0.0,0.0,no_match,no_match,comparable_same_publications_unit_period_filter_language,pending
STM-METADATA-EN,BERTopic-METADATA-MULTILINGUAL,metadata,en,5,19,1,0.011364,0.011364,0.003332,not_computed,0.0,0.0,0.005378,weak_match,weak_match,comparable_same_publications_unit_period_filter_language,pending
STM-METADATA-EN,BERTopic-METADATA-MULTILINGUAL,metadata,en,5,3,0,0.0,0.0,0.0,not_computed,0.0,0.0,0.0,no_match,no_match,comparable_same_publications_unit_period_filter_language,pending
STM-METADATA-EN,BERTopic-METADATA-MULTILINGUAL,metadata,en,5,10,0,0.0,0.0,0.0,not_computed,0.0,0.0,0.0,no_match,no_match,comparable_same_publications_unit_period_filter_language,pending
STM-METADATA-EN,BERTopic-METADATA-MULTILINGUAL,metadata,en,5,25,0,0.0,0.0,0.0,not_computed,0.0,0.0,0.0,no_match,no_match,comparable_same_publications_unit_period_filter_language,pending
STM-METADATA-EN,BERTopic-METADATA-MULTILINGUAL,metadata,en,5,18,1,0.012658,0.012658,0.002831,not_computed,0.0,0.0,0.005771,weak_match,weak_match,comparable_same_publications_unit_period_filter_language,pending
STM-METADATA-EN,BERTopic-METADATA-MULTILINGUAL,metadata,en,5,12,0,0.0,0.0,0.0,not_computed,0.0,0.0,0.0,no_match,no_match,comparable_same_publications_unit_period_filter_language,pending
STM-METADATA-EN,BERTopic-METADATA-MULTILINGUAL,metadata,en,5,14,0,0.0,0.0,0.0,not_computed,0.0,0.0,0.0,no_match,no_match,comparable_same_publications_unit_period_filter_language,pending
STM-METADATA-EN,BERTopic-METADATA-MULTILINGUAL,metadata,en,8,-1,97,0.056428,0.056428,0.0,not_computed,0.0,0.0,0.022571,language_specific_match,language_specific_match,comparable_same_publications_unit_period_filter_language,pending
STM-METADATA-EN,BERTopic-METADATA-MULTILINGUAL,metadata,en,8,31,0,0.0,0.0,0.0,not_computed,0.0,0.0,0.0,no_match,no_match,comparable_same_publications_unit_period_filter_language,pending
STM-METADATA-EN,BERTopic-METADATA-MULTILINGUAL,metadata,en,8,23,0,0.0,0.0,0.0,not_computed,0.0,0.0,0.0,no_match,no_match,comparable_same_publications_unit_period_filter_language,pending
STM-METADATA-EN,BERTopic-METADATA-MULTILINGUAL,metadata,en,8,20,2,0.008333,0.008333,0.001885,not_computed,0.0,0.0,0.003805,weak_match,weak_match,comparable_same_publications_unit_period_filter_language,pending
STM-METADATA-EN,BERTopic-METADATA-MULTILINGUAL,metadata,en,8,5,0,0.0,0.0,0.0,not_computed,0.0,0.0,0.0,no_match,no_match,comparable_same_publications_unit_period_filter_language,pending
STM-METADATA-EN,BERTopic-METADATA-MULTILINGUAL,metadata,en,8,11,1,0.002994,0.002994,0.001073,not_computed,0.0,0.0,0.001466,weak_match,weak_match,comparable_same_publications_unit_period_filter_language,pending
STM-METADATA-EN,BERTopic-METADATA-MULTILINGUAL,metadata,en,8,16,8,0.028881,0.028881,0.012872,not_computed,0.041667,0.0,0.025187,language_specific_match,language_specific_match,comparable_same_publications_unit_period_filter_language,pending
STM-METADATA-EN,BERTopic-METADATA-MULTILINGUAL,metadata,en,8,7,0,0.0,0.0,0.0,not_computed,0.0,0.0,0.0,no_match,no_match,comparable_same_publications_unit_period_filter_language,pending
STM-METADATA-EN,BERTopic-METADATA-MULTILINGUAL,metadata,en,8,2,2,0.004515,0.004515,0.001283,not_computed,0.0,0.0,0.002127,weak_match,weak_match,comparable_same_publications_unit_period_filter_language,pending
STM-METADATA-EN,BERTopic-METADATA-MULTILINGUAL,metadata,en,8,28,0,0.0,0.0,0.0,not_computed,0.0,0.0,0.0,no_match,no_match,comparable_same_publications_unit_period_filter_language,pending
STM-METADATA-EN,BERTopic-METADATA-MULTILINGUAL,metadata,en,8,26,0,0.0,0.0,0.0,not_computed,0.0,0.0,0.0,no_match,no_match,comparable_same_publications_unit_period_filter_language,pending
STM-METADATA-EN,BERTopic-METADATA-MULTILINGUAL,metadata,en,8,22,19,0.093596,0.093596,0.051583,not_computed,0.136364,0.0,0.084425,STM_split_by_BERTopic,STM_split_by_BERTopic,comparable_same_publications_unit_period_filter_language,pending
STM-METADATA-EN,BERTopic-METADATA-MULTILINGUAL,metadata,en,8,4,15,0.05597,0.05597,0.022454,not_computed,0.0,0.0,0.028001,language_specific_match,language_specific_match,comparable_same_publications_unit_period_filter_language,pending
STM-METADATA-EN,BERTopic-METADATA-MULTILINGUAL,metadata,en,8,17,0,0.0,0.0,0.0,not_computed,0.0,0.0,0.0,no_match,no_match,comparable_same_publications_unit_period_filter_language,pending
STM-METADATA-EN,BERTopic-METADATA-MULTILINGUAL,metadata,en,8,1,8,0.022792,0.022792,0.009575,not_computed,0.0,0.0,0.011511,weak_match,weak_match,comparable_same_publications_unit_period_filter_language,pending
STM-METADATA-EN,BERTopic-METADATA-MULTILINGUAL,metadata,en,8,27,2,0.009174,0.009174,0.004577,not_computed,0.0,0.0,0.004814,weak_match,weak_match,comparable_same_publications_unit_period_filter_language,pending
STM-METADATA-EN,BERTopic-METADATA-MULTILINGUAL,metadata,en,8,6,1,0.004405,0.004405,0.00093,not_computed,0.0,0.0,0.001995,weak_match,weak_match,comparable_same_publications_unit_period_filter_language,pending
STM-METADATA-EN,BERTopic-METADATA-MULTILINGUAL,metadata,en,8,13,1,0.003584,0.003584,0.000951,not_computed,0.0,0.0,0.001671,weak_match,weak_match,comparable_same_publications_unit_period_filter_language,pending
STM-METADATA-EN,BERTopic-METADATA-MULTILINGUAL,metadata,en,8,8,5,0.013263,0.013263,0.004734,not_computed,0.0,0.0,0.006489,weak_match,weak_match,comparable_same_publications_unit_period_filter_language,pending
STM-METADATA-EN,BERTopic-METADATA-MULTILINGUAL,metadata,en,8,32,1,0.004292,0.004292,0.001221,not_computed,0.0,0.0,0.002022,weak_match,weak_match,comparable_same_publications_unit_period_filter_language,pending
STM-METADATA-EN,BERTopic-METADATA-MULTILINGUAL,metadata,en,8,0,10,0.024938,0.024938,0.009233,not_computed,0.0,0.0,0.012283,weak_match,weak_match,comparable_same_publications_unit_period_filter_language,pending
STM-METADATA-EN,BERTopic-METADATA-MULTILINGUAL,metadata,en,8,9,5,0.015106,0.015106,0.006058,not_computed,0.0,0.0,0.007557,weak_match,weak_match,comparable_same_publications_unit_period_filter_language,pending
STM-METADATA-EN,BERTopic-METADATA-MULTILINGUAL,metadata,en,8,30,4,0.018868,0.018868,0.011656,not_computed,0.0,0.0,0.010461,weak_match,weak_match,comparable_same_publications_unit_period_filter_language,pending
STM-METADATA-EN,BERTopic-METADATA-MULTILINGUAL,metadata,en,8,33,2,0.009259,0.009259,0.004905,not_computed,0.0,0.0,0.00493,weak_match,weak_match,comparable_same_publications_unit_period_filter_language,pending
STM-METADATA-EN,BERTopic-METADATA-MULTILINGUAL,metadata,en,8,21,3,0.013043,0.013043,0.003749,not_computed,0.0,0.0,0.006155,weak_match,weak_match,comparable_same_publications_unit_period_filter_language,pending
STM-METADATA-EN,BERTopic-METADATA-MULTILINGUAL,metadata,en,8,24,1,0.004651,0.004651,0.000812,not_computed,0.0,0.0,0.002063,weak_match,weak_match,comparable_same_publications_unit_period_filter_language,pending
STM-METADATA-EN,BERTopic-METADATA-MULTILINGUAL,metadata,en,8,29,0,0.0,0.0,0.0,not_computed,0.0,0.0,0.0,no_match,no_match,comparable_same_publications_unit_period_filter_language,pending
STM-METADATA-EN,BERTopic-METADATA-MULTILINGUAL,metadata,en,8,15,0,0.0,0.0,0.0,not_computed,0.0,0.0,0.0,no_match,no_match,comparable_same_publications_unit_period_filter_language,pending
STM-METADATA-EN,BERTopic-METADATA-MULTILINGUAL,metadata,en,8,19,0,0.0,0.0,0.0,not_computed,0.0,0.0,0.0,no_match,no_match,comparable_same_publications_unit_period_filter_language,pending
STM-METADATA-EN,BERTopic-METADATA-MULTILINGUAL,metadata,en,8,3,3,0.014563,0.014563,0.00626,not_computed,0.0,0.0,0.00739,weak_match,weak_match,comparable_same_publications_unit_period_filter_language,pending
STM-METADATA-EN,BERTopic-METADATA-MULTILINGUAL,metadata,en,8,10,7,0.032558,0.032558,0.013921,not_computed,0.0,0.0,0.016503,weak_match,weak_match,comparable_same_publications_unit_period_filter_language,pending
STM-METADATA-EN,BERTopic-METADATA-MULTILINGUAL,metadata,en,8,25,0,0.0,0.0,0.0,not_computed,0.0,0.0,0.0,no_match,no_match,comparable_same_publications_unit_period_filter_language,pending
STM-METADATA-EN,BERTopic-METADATA-MULTILINGUAL,metadata,en,8,18,0,0.0,0.0,0.0,not_computed,0.0,0.0,0.0,no_match,no_match,comparable_same_publications_unit_period_filter_language,pending
STM-METADATA-EN,BERTopic-METADATA-MULTILINGUAL,metadata,en,8,12,0,0.0,0.0,0.0,not_computed,0.0,0.0,0.0,no_match,no_match,comparable_same_publications_unit_period_filter_language,pending
STM-METADATA-EN,BERTopic-METADATA-MULTILINGUAL,metadata,en,8,14,0,0.0,0.0,0.0,not_computed,0.0,0.0,0.0,no_match,no_match,comparable_same_publications_unit_period_filter_language,pending
STM-METADATA-EN,BERTopic-METADATA-MULTILINGUAL,metadata,en,3,-1,38,0.021652,0.021652,0.0,not_computed,0.0,0.0,0.008661,weak_match,weak_match,comparable_same_publications_unit_period_filter_language,pending
STM-METADATA-EN,BERTopic-METADATA-MULTILINGUAL,metadata,en,3,31,0,0.0,0.0,0.0,not_computed,0.0,0.0,0.0,no_match,no_match,comparable_same_publications_unit_period_filter_language,pending
STM-METADATA-EN,BERTopic-METADATA-MULTILINGUAL,metadata,en,3,23,0,0.0,0.0,0.0,not_computed,0.0,0.0,0.0,no_match,no_match,comparable_same_publications_unit_period_filter_language,pending
STM-METADATA-EN,BERTopic-METADATA-MULTILINGUAL,metadata,en,3,20,2,0.009217,0.009217,0.002331,not_computed,0.0,0.0,0.004269,weak_match,weak_match,comparable_same_publications_unit_period_filter_language,pending
STM-METADATA-EN,BERTopic-METADATA-MULTILINGUAL,metadata,en,3,5,0,0.0,0.0,0.0,not_computed,0.0,0.0,0.0,no_match,no_match,comparable_same_publications_unit_period_filter_language,pending
STM-METADATA-EN,BERTopic-METADATA-MULTILINGUAL,metadata,en,3,11,5,0.016287,0.016287,0.004634,not_computed,0.0,0.0,0.007673,weak_match,weak_match,comparable_same_publications_unit_period_filter_language,pending
STM-METADATA-EN,BERTopic-METADATA-MULTILINGUAL,metadata,en,3,16,1,0.003831,0.003831,0.002066,not_computed,0.0,0.0,0.002049,weak_match,weak_match,comparable_same_publications_unit_period_filter_language,pending
STM-METADATA-EN,BERTopic-METADATA-MULTILINGUAL,metadata,en,3,7,9,0.023316,0.023316,0.009434,not_computed,0.0,0.0,0.011685,weak_match,weak_match,comparable_same_publications_unit_period_filter_language,pending
STM-METADATA-EN,BERTopic-METADATA-MULTILINGUAL,metadata,en,3,2,3,0.00716,0.00716,0.002707,not_computed,0.0,0.0,0.003541,weak_match,weak_match,comparable_same_publications_unit_period_filter_language,pending
STM-METADATA-EN,BERTopic-METADATA-MULTILINGUAL,metadata,en,3,28,1,0.00463,0.00463,0.001506,not_computed,0.0,0.0,0.002228,weak_match,weak_match,comparable_same_publications_unit_period_filter_language,pending
STM-METADATA-EN,BERTopic-METADATA-MULTILINGUAL,metadata,en,3,26,0,0.0,0.0,0.0,not_computed,0.0,0.0,0.0,no_match,no_match,comparable_same_publications_unit_period_filter_language,pending
STM-METADATA-EN,BERTopic-METADATA-MULTILINGUAL,metadata,en,3,22,1,0.005051,0.005051,0.001875,not_computed,0.0,0.0,0.002489,weak_match,weak_match,comparable_same_publications_unit_period_filter_language,pending
STM-METADATA-EN,BERTopic-METADATA-MULTILINGUAL,metadata,en,3,4,1,0.003861,0.003861,0.001783,not_computed,0.0,0.0,0.00199,weak_match,weak_match,comparable_same_publications_unit_period_filter_language,pending
STM-METADATA-EN,BERTopic-METADATA-MULTILINGUAL,metadata,en,3,17,0,0.0,0.0,0.0,not_computed,0.0,0.0,0.0,no_match,no_match,comparable_same_publications_unit_period_filter_language,pending
STM-METADATA-EN,BERTopic-METADATA-MULTILINGUAL,metadata,en,3,1,109,0.480176,0.480176,0.206938,not_computed,0.190476,0.0,0.291424,one_to_one,one_to_one,comparable_same_publications_unit_period_filter_language,pending
STM-METADATA-EN,BERTopic-METADATA-MULTILINGUAL,metadata,en,3,27,0,0.0,0.0,0.0,not_computed,0.0,0.0,0.0,no_match,no_match,comparable_same_publications_unit_period_filter_language,pending
STM-METADATA-EN,BERTopic-METADATA-MULTILINGUAL,metadata,en,3,6,0,0.0,0.0,0.0,not_computed,0.0,0.0,0.0,no_match,no_match,comparable_same_publications_unit_period_filter_language,pending
STM-METADATA-EN,BERTopic-METADATA-MULTILINGUAL,metadata,en,3,13,0,0.0,0.0,0.0,not_computed,0.0,0.0,0.0,no_match,no_match,comparable_same_publications_unit_period_filter_language,pending
STM-METADATA-EN,BERTopic-METADATA-MULTILINGUAL,metadata,en,3,8,0,0.0,0.0,0.0,not_computed,0.0,0.0,0.0,no_match,no_match,comparable_same_publications_unit_period_filter_language,pending
STM-METADATA-EN,BERTopic-METADATA-MULTILINGUAL,metadata,en,3,32,0,0.0,0.0,0.0,not_computed,0.0,0.0,0.0,no_match,no_match,comparable_same_publications_unit_period_filter_language,pending
STM-METADATA-EN,BERTopic-METADATA-MULTILINGUAL,metadata,en,3,0,1,0.002584,0.002584,0.000583,not_computed,0.0,0.0,0.001179,weak_match,weak_match,comparable_same_publications_unit_period_filter_language,pending
STM-METADATA-EN,BERTopic-METADATA-MULTILINGUAL,metadata,en,3,9,0,0.0,0.0,0.0,not_computed,0.0,0.0,0.0,no_match,no_match,comparable_same_publications_unit_period_filter_language,pending
STM-METADATA-EN,BERTopic-METADATA-MULTILINGUAL,metadata,en,3,30,0,0.0,0.0,0.0,not_computed,0.0,0.0,0.0,no_match,no_match,comparable_same_publications_unit_period_filter_language,pending
STM-METADATA-EN,BERTopic-METADATA-MULTILINGUAL,metadata,en,3,33,0,0.0,0.0,0.0,not_computed,0.0,0.0,0.0,no_match,no_match,comparable_same_publications_unit_period_filter_language,pending
STM-METADATA-EN,BERTopic-METADATA-MULTILINGUAL,metadata,en,3,21,0,0.0,0.0,0.0,not_computed,0.0,0.0,0.0,no_match,no_match,comparable_same_publications_unit_period_filter_language,pending
STM-METADATA-EN,BERTopic-METADATA-MULTILINGUAL,metadata,en,3,24,1,0.005208,0.005208,0.0018,not_computed,0.0,0.0,0.002533,weak_match,weak_match,comparable_same_publications_unit_period_filter_language,pending
STM-METADATA-EN,BERTopic-METADATA-MULTILINGUAL,metadata,en,3,29,0,0.0,0.0,0.0,not_computed,0.0,0.0,0.0,no_match,no_match,comparable_same_publications_unit_period_filter_language,pending
STM-METADATA-EN,BERTopic-METADATA-MULTILINGUAL,metadata,en,3,15,1,0.00495,0.00495,0.002343,not_computed,0.0,0.0,0.002566,weak_match,weak_match,comparable_same_publications_unit_period_filter_language,pending
STM-METADATA-EN,BERTopic-METADATA-MULTILINGUAL,metadata,en,3,19,0,0.0,0.0,0.0,not_computed,0.0,0.0,0.0,no_match,no_match,comparable_same_publications_unit_period_filter_language,pending
STM-METADATA-EN,BERTopic-METADATA-MULTILINGUAL,metadata,en,3,3,0,0.0,0.0,0.0,not_computed,0.0,0.0,0.0,no_match,no_match,comparable_same_publications_unit_period_filter_language,pending
STM-METADATA-EN,BERTopic-METADATA-MULTILINGUAL,metadata,en,3,10,1,0.005051,0.005051,0.001612,not_computed,0.0,0.0,0.002423,weak_match,weak_match,comparable_same_publications_unit_period_filter_language,pending
STM-METADATA-EN,BERTopic-METADATA-MULTILINGUAL,metadata,en,3,25,0,0.0,0.0,0.0,not_computed,0.0,0.0,0.0,no_match,no_match,comparable_same_publications_unit_period_filter_language,pending
STM-METADATA-EN,BERTopic-METADATA-MULTILINGUAL,metadata,en,3,18,0,0.0,0.0,0.0,not_computed,0.0,0.0,0.0,no_match,no_match,comparable_same_publications_unit_period_filter_language,pending
STM-METADATA-EN,BERTopic-METADATA-MULTILINGUAL,metadata,en,3,12,0,0.0,0.0,0.0,not_computed,0.0,0.0,0.0,no_match,no_match,comparable_same_publications_unit_period_filter_language,pending
STM-METADATA-EN,BERTopic-METADATA-MULTILINGUAL,metadata,en,3,14,0,0.0,0.0,0.0,not_computed,0.0,0.0,0.0,no_match,no_match,comparable_same_publications_unit_period_filter_language,pending
STM-METADATA-EN,BERTopic-METADATA-MULTILINGUAL,metadata,en,12,-1,61,0.03526,0.03526,0.0,not_computed,0.0,0.0,0.014104,weak_match,weak_match,comparable_same_publications_unit_period_filter_language,pending
STM-METADATA-EN,BERTopic-METADATA-MULTILINGUAL,metadata,en,12,31,0,0.0,0.0,0.0,not_computed,0.0,0.0,0.0,no_match,no_match,comparable_same_publications_unit_period_filter_language,pending
STM-METADATA-EN,BERTopic-METADATA-MULTILINGUAL,metadata,en,12,23,2,0.010417,0.010417,0.004517,not_computed,0.0,0.0,0.005296,weak_match,weak_match,comparable_same_publications_unit_period_filter_language,pending
STM-METADATA-EN,BERTopic-METADATA-MULTILINGUAL,metadata,en,12,20,0,0.0,0.0,0.0,not_computed,0.0,0.0,0.0,no_match,no_match,comparable_same_publications_unit_period_filter_language,pending
STM-METADATA-EN,BERTopic-METADATA-MULTILINGUAL,metadata,en,12,5,0,0.0,0.0,0.0,not_computed,0.0,0.0,0.0,no_match,no_match,comparable_same_publications_unit_period_filter_language,pending
STM-METADATA-EN,BERTopic-METADATA-MULTILINGUAL,metadata,en,12,11,1,0.003236,0.003236,0.000907,not_computed,0.0,0.0,0.001521,weak_match,weak_match,comparable_same_publications_unit_period_filter_language,pending
STM-METADATA-EN,BERTopic-METADATA-MULTILINGUAL,metadata,en,12,16,2,0.007752,0.007752,0.00279,not_computed,0.0,0.0,0.003798,weak_match,weak_match,comparable_same_publications_unit_period_filter_language,pending
STM-METADATA-EN,BERTopic-METADATA-MULTILINGUAL,metadata,en,12,7,2,0.005115,0.005115,0.001865,not_computed,0.0,0.0,0.002512,weak_match,weak_match,comparable_same_publications_unit_period_filter_language,pending
STM-METADATA-EN,BERTopic-METADATA-MULTILINGUAL,metadata,en,12,2,7,0.016949,0.016949,0.00531,not_computed,0.0,0.0,0.008107,weak_match,weak_match,comparable_same_publications_unit_period_filter_language,pending
STM-METADATA-EN,BERTopic-METADATA-MULTILINGUAL,metadata,en,12,28,1,0.004673,0.004673,0.001619,not_computed,0.0,0.0,0.002274,weak_match,weak_match,comparable_same_publications_unit_period_filter_language,pending
STM-METADATA-EN,BERTopic-METADATA-MULTILINGUAL,metadata,en,12,26,0,0.0,0.0,0.0,not_computed,0.0,0.0,0.0,no_match,no_match,comparable_same_publications_unit_period_filter_language,pending
STM-METADATA-EN,BERTopic-METADATA-MULTILINGUAL,metadata,en,12,22,0,0.0,0.0,0.0,not_computed,0.0,0.0,0.0,no_match,no_match,comparable_same_publications_unit_period_filter_language,pending
STM-METADATA-EN,BERTopic-METADATA-MULTILINGUAL,metadata,en,12,4,1,0.003891,0.003891,0.001567,not_computed,0.0,0.0,0.001948,weak_match,weak_match,comparable_same_publications_unit_period_filter_language,pending
STM-METADATA-EN,BERTopic-METADATA-MULTILINGUAL,metadata,en,12,17,2,0.009901,0.009901,0.004594,not_computed,0.0,0.0,0.005109,weak_match,weak_match,comparable_same_publications_unit_period_filter_language,pending
STM-METADATA-EN,BERTopic-METADATA-MULTILINGUAL,metadata,en,12,1,7,0.021407,0.021407,0.008111,not_computed,0.0,0.0,0.01059,weak_match,weak_match,comparable_same_publications_unit_period_filter_language,pending
STM-METADATA-EN,BERTopic-METADATA-MULTILINGUAL,metadata,en,12,27,0,0.0,0.0,0.0,not_computed,0.0,0.0,0.0,no_match,no_match,comparable_same_publications_unit_period_filter_language,pending
STM-METADATA-EN,BERTopic-METADATA-MULTILINGUAL,metadata,en,12,6,0,0.0,0.0,0.0,not_computed,0.0,0.0,0.0,no_match,no_match,comparable_same_publications_unit_period_filter_language,pending
STM-METADATA-EN,BERTopic-METADATA-MULTILINGUAL,metadata,en,12,13,9,0.036585,0.036585,0.018556,not_computed,0.0,0.0,0.019273,weak_match,weak_match,comparable_same_publications_unit_period_filter_language,pending
STM-METADATA-EN,BERTopic-METADATA-MULTILINGUAL,metadata,en,12,8,0,0.0,0.0,0.0,not_computed,0.0,0.0,0.0,no_match,no_match,comparable_same_publications_unit_period_filter_language,pending
STM-METADATA-EN,BERTopic-METADATA-MULTILINGUAL,metadata,en,12,32,1,0.004808,0.004808,0.00137,not_computed,0.0,0.0,0.002266,weak_match,weak_match,comparable_same_publications_unit_period_filter_language,pending
STM-METADATA-EN,BERTopic-METADATA-MULTILINGUAL,metadata,en,12,0,62,0.191358,0.191358,0.094928,not_computed,0.086957,0.0,0.122014,STM_split_by_BERTopic,STM_split_by_BERTopic,comparable_same_publications_unit_period_filter_language,pending
STM-METADATA-EN,BERTopic-METADATA-MULTILINGUAL,metadata,en,12,9,1,0.003226,0.003226,0.000877,not_computed,0.0,0.0,0.00151,weak_match,weak_match,comparable_same_publications_unit_period_filter_language,pending
STM-METADATA-EN,BERTopic-METADATA-MULTILINGUAL,metadata,en,12,30,0,0.0,0.0,0.0,not_computed,0.0,0.0,0.0,no_match,no_match,comparable_same_publications_unit_period_filter_language,pending
STM-METADATA-EN,BERTopic-METADATA-MULTILINGUAL,metadata,en,12,33,0,0.0,0.0,0.0,not_computed,0.0,0.0,0.0,no_match,no_match,comparable_same_publications_unit_period_filter_language,pending
STM-METADATA-EN,BERTopic-METADATA-MULTILINGUAL,metadata,en,12,21,1,0.004831,0.004831,0.001309,not_computed,0.0,0.0,0.00226,weak_match,weak_match,comparable_same_publications_unit_period_filter_language,pending
STM-METADATA-EN,BERTopic-METADATA-MULTILINGUAL,metadata,en,12,24,1,0.005263,0.005263,0.001285,not_computed,0.0,0.0,0.002426,weak_match,weak_match,comparable_same_publications_unit_period_filter_language,pending
STM-METADATA-EN,BERTopic-METADATA-MULTILINGUAL,metadata,en,12,29,0,0.0,0.0,0.0,not_computed,0.0,0.0,0.0,no_match,no_match,comparable_same_publications_unit_period_filter_language,pending
STM-METADATA-EN,BERTopic-METADATA-MULTILINGUAL,metadata,en,12,15,2,0.01005,0.01005,0.002436,not_computed,0.0,0.0,0.004629,weak_match,weak_match,comparable_same_publications_unit_period_filter_language,pending
STM-METADATA-EN,BERTopic-METADATA-MULTILINGUAL,metadata,en,12,19,7,0.038462,0.038462,0.01722,not_computed,0.0,0.0,0.01969,weak_match,weak_match,comparable_same_publications_unit_period_filter_language,pending
STM-METADATA-EN,BERTopic-METADATA-MULTILINGUAL,metadata,en,12,3,0,0.0,0.0,0.0,not_computed,0.0,0.0,0.0,no_match,no_match,comparable_same_publications_unit_period_filter_language,pending
STM-METADATA-EN,BERTopic-METADATA-MULTILINGUAL,metadata,en,12,10,0,0.0,0.0,0.0,not_computed,0.0,0.0,0.0,no_match,no_match,comparable_same_publications_unit_period_filter_language,pending
STM-METADATA-EN,BERTopic-METADATA-MULTILINGUAL,metadata,en,12,25,0,0.0,0.0,0.0,not_computed,0.0,0.0,0.0,no_match,no_match,comparable_same_publications_unit_period_filter_language,pending
STM-METADATA-EN,BERTopic-METADATA-MULTILINGUAL,metadata,en,12,18,1,0.005587,0.005587,0.0024,not_computed,0.0,0.0,0.002835,weak_match,weak_match,comparable_same_publications_unit_period_filter_language,pending
STM-METADATA-EN,BERTopic-METADATA-MULTILINGUAL,metadata,en,12,12,1,0.005102,0.005102,0.000909,not_computed,0.0,0.0,0.002268,weak_match,weak_match,comparable_same_publications_unit_period_filter_language,pending
STM-METADATA-EN,BERTopic-METADATA-MULTILINGUAL,metadata,en,12,14,0,0.0,0.0,0.0,not_computed,0.0,0.0,0.0,no_match,no_match,comparable_same_publications_unit_period_filter_language,pending
STM-METADATA-EN,BERTopic-METADATA-MULTILINGUAL,metadata,en,2,-1,0,0.0,0.0,0.0,not_computed,0.0,0.0,0.0,no_match,no_match,comparable_same_publications_unit_period_filter_language,pending
STM-METADATA-EN,BERTopic-METADATA-MULTILINGUAL,metadata,en,2,31,0,0.0,0.0,0.0,not_computed,0.0,0.0,0.0,no_match,no_match,comparable_same_publications_unit_period_filter_language,pending
STM-METADATA-EN,BERTopic-METADATA-MULTILINGUAL,metadata,en,2,23,0,0.0,0.0,0.0,not_computed,0.0,0.0,0.0,no_match,no_match,comparable_same_publications_unit_period_filter_language,pending
STM-METADATA-EN,BERTopic-METADATA-MULTILINGUAL,metadata,en,2,20,0,0.0,0.0,0.0,not_computed,0.0,0.0,0.0,no_match,no_match,comparable_same_publications_unit_period_filter_language,pending
STM-METADATA-EN,BERTopic-METADATA-MULTILINGUAL,metadata,en,2,5,0,0.0,0.0,0.0,not_computed,0.0,0.0,0.0,no_match,no_match,comparable_same_publications_unit_period_filter_language,pending
STM-METADATA-EN,BERTopic-METADATA-MULTILINGUAL,metadata,en,2,11,0,0.0,0.0,0.0,not_computed,0.041667,0.0,0.010417,weak_match,weak_match,comparable_same_publications_unit_period_filter_language,pending
STM-METADATA-EN,BERTopic-METADATA-MULTILINGUAL,metadata,en,2,16,0,0.0,0.0,0.0,not_computed,0.0,0.0,0.0,no_match,no_match,comparable_same_publications_unit_period_filter_language,pending
STM-METADATA-EN,BERTopic-METADATA-MULTILINGUAL,metadata,en,2,7,0,0.0,0.0,0.0,not_computed,0.0,0.0,0.0,no_match,no_match,comparable_same_publications_unit_period_filter_language,pending
STM-METADATA-EN,BERTopic-METADATA-MULTILINGUAL,metadata,en,2,2,1,0.004016,0.004016,0.001461,not_computed,0.0,0.0,0.001972,weak_match,weak_match,comparable_same_publications_unit_period_filter_language,pending
STM-METADATA-EN,BERTopic-METADATA-MULTILINGUAL,metadata,en,2,28,0,0.0,0.0,0.0,not_computed,0.0,0.0,0.0,no_match,no_match,comparable_same_publications_unit_period_filter_language,pending
STM-METADATA-EN,BERTopic-METADATA-MULTILINGUAL,metadata,en,2,26,0,0.0,0.0,0.0,not_computed,0.0,0.0,0.0,no_match,no_match,comparable_same_publications_unit_period_filter_language,pending
STM-METADATA-EN,BERTopic-METADATA-MULTILINGUAL,metadata,en,2,22,0,0.0,0.0,0.0,not_computed,0.0,0.0,0.0,no_match,no_match,comparable_same_publications_unit_period_filter_language,pending
STM-METADATA-EN,BERTopic-METADATA-MULTILINGUAL,metadata,en,2,4,0,0.0,0.0,0.0,not_computed,0.0,0.0,0.0,no_match,no_match,comparable_same_publications_unit_period_filter_language,pending
STM-METADATA-EN,BERTopic-METADATA-MULTILINGUAL,metadata,en,2,17,1,0.030303,0.030303,0.007621,not_computed,0.086957,0.0,0.035766,language_specific_match,language_specific_match,comparable_same_publications_unit_period_filter_language,pending
STM-METADATA-EN,BERTopic-METADATA-MULTILINGUAL,metadata,en,2,1,0,0.0,0.0,0.0,not_computed,0.0,0.0,0.0,no_match,no_match,comparable_same_publications_unit_period_filter_language,pending
STM-METADATA-EN,BERTopic-METADATA-MULTILINGUAL,metadata,en,2,27,0,0.0,0.0,0.0,not_computed,0.0,0.0,0.0,no_match,no_match,comparable_same_publications_unit_period_filter_language,pending
STM-METADATA-EN,BERTopic-METADATA-MULTILINGUAL,metadata,en,2,6,0,0.0,0.0,0.0,not_computed,0.0,0.0,0.0,no_match,no_match,comparable_same_publications_unit_period_filter_language,pending
STM-METADATA-EN,BERTopic-METADATA-MULTILINGUAL,metadata,en,2,13,0,0.0,0.0,0.0,not_computed,0.0,0.0,0.0,no_match,no_match,comparable_same_publications_unit_period_filter_language,pending
STM-METADATA-EN,BERTopic-METADATA-MULTILINGUAL,metadata,en,2,8,0,0.0,0.0,0.0,not_computed,0.0,0.0,0.0,no_match,no_match,comparable_same_publications_unit_period_filter_language,pending
STM-METADATA-EN,BERTopic-METADATA-MULTILINGUAL,metadata,en,2,32,0,0.0,0.0,0.0,not_computed,0.0,0.0,0.0,no_match,no_match,comparable_same_publications_unit_period_filter_language,pending
STM-METADATA-EN,BERTopic-METADATA-MULTILINGUAL,metadata,en,2,0,0,0.0,0.0,0.0,not_computed,0.0,0.0,0.0,no_match,no_match,comparable_same_publications_unit_period_filter_language,pending
STM-METADATA-EN,BERTopic-METADATA-MULTILINGUAL,metadata,en,2,9,0,0.0,0.0,0.0,not_computed,0.0,0.0,0.0,no_match,no_match,comparable_same_publications_unit_period_filter_language,pending
STM-METADATA-EN,BERTopic-METADATA-MULTILINGUAL,metadata,en,2,30,0,0.0,0.0,0.0,not_computed,0.0,0.0,0.0,no_match,no_match,comparable_same_publications_unit_period_filter_language,pending
STM-METADATA-EN,BERTopic-METADATA-MULTILINGUAL,metadata,en,2,33,0,0.0,0.0,0.0,not_computed,0.0,0.0,0.0,no_match,no_match,comparable_same_publications_unit_period_filter_language,pending
STM-METADATA-EN,BERTopic-METADATA-MULTILINGUAL,metadata,en,2,21,0,0.0,0.0,0.0,not_computed,0.0,0.0,0.0,no_match,no_match,comparable_same_publications_unit_period_filter_language,pending
STM-METADATA-EN,BERTopic-METADATA-MULTILINGUAL,metadata,en,2,24,0,0.0,0.0,0.0,not_computed,0.041667,0.0,0.010417,weak_match,weak_match,comparable_same_publications_unit_period_filter_language,pending
STM-METADATA-EN,BERTopic-METADATA-MULTILINGUAL,metadata,en,2,29,0,0.0,0.0,0.0,not_computed,0.0,0.0,0.0,no_match,no_match,comparable_same_publications_unit_period_filter_language,pending
STM-METADATA-EN,BERTopic-METADATA-MULTILINGUAL,metadata,en,2,15,0,0.0,0.0,0.0,not_computed,0.0,0.0,0.0,no_match,no_match,comparable_same_publications_unit_period_filter_language,pending
STM-METADATA-EN,BERTopic-METADATA-MULTILINGUAL,metadata,en,2,19,0,0.0,0.0,0.0,not_computed,0.0,0.0,0.0,no_match,no_match,comparable_same_publications_unit_period_filter_language,pending
STM-METADATA-EN,BERTopic-METADATA-MULTILINGUAL,metadata,en,2,3,0,0.0,0.0,0.0,not_computed,0.0,0.0,0.0,no_match,no_match,comparable_same_publications_unit_period_filter_language,pending
STM-METADATA-EN,BERTopic-METADATA-MULTILINGUAL,metadata,en,2,10,0,0.0,0.0,0.0,not_computed,0.0,0.0,0.0,no_match,no_match,comparable_same_publications_unit_period_filter_language,pending
STM-METADATA-EN,BERTopic-METADATA-MULTILINGUAL,metadata,en,2,25,0,0.0,0.0,0.0,not_computed,0.0,0.0,0.0,no_match,no_match,comparable_same_publications_unit_period_filter_language,pending
STM-METADATA-EN,BERTopic-METADATA-MULTILINGUAL,metadata,en,2,18,0,0.0,0.0,0.0,not_computed,0.0,0.0,0.0,no_match,no_match,comparable_same_publications_unit_period_filter_language,pending
STM-METADATA-EN,BERTopic-METADATA-MULTILINGUAL,metadata,en,2,12,0,0.0,0.0,0.0,not_computed,0.0,0.0,0.0,no_match,no_match,comparable_same_publications_unit_period_filter_language,pending
STM-METADATA-EN,BERTopic-METADATA-MULTILINGUAL,metadata,en,2,14,0,0.0,0.0,0.0,not_computed,0.0,0.0,0.0,no_match,no_match,comparable_same_publications_unit_period_filter_language,pending
STM-METADATA-PT,BERTopic-METADATA-MULTILINGUAL,metadata,pt,1,0,1,0.003425,0.003425,0.001405,not_computed,0.0,0.0,0.001721,weak_match,weak_match,comparable_same_publications_unit_period_filter_language,pending
STM-METADATA-PT,BERTopic-METADATA-MULTILINGUAL,metadata,pt,1,6,106,0.318318,0.318318,0.204981,not_computed,0.086957,0.0,0.200312,one_to_one,one_to_one,comparable_same_publications_unit_period_filter_language,pending
STM-METADATA-PT,BERTopic-METADATA-MULTILINGUAL,metadata,pt,1,-1,82,0.150735,0.150735,0.0,not_computed,0.0,0.0,0.060294,partial_overlap,partial_overlap,comparable_same_publications_unit_period_filter_language,pending
STM-METADATA-PT,BERTopic-METADATA-MULTILINGUAL,metadata,pt,1,4,4,0.013115,0.013115,0.006258,not_computed,0.0,0.0,0.00681,weak_match,weak_match,comparable_same_publications_unit_period_filter_language,pending
STM-METADATA-PT,BERTopic-METADATA-MULTILINGUAL,metadata,pt,1,27,11,0.041199,0.041199,0.031593,not_computed,0.0,0.0,0.024378,language_specific_match,language_specific_match,comparable_same_publications_unit_period_filter_language,pending
STM-METADATA-PT,BERTopic-METADATA-MULTILINGUAL,metadata,pt,1,33,11,0.042146,0.042146,0.031138,not_computed,0.0,0.0,0.024643,language_specific_match,language_specific_match,comparable_same_publications_unit_period_filter_language,pending
STM-METADATA-PT,BERTopic-METADATA-MULTILINGUAL,metadata,pt,1,10,13,0.040373,0.040373,0.021582,not_computed,0.0,0.0,0.021545,language_specific_match,language_specific_match,comparable_same_publications_unit_period_filter_language,pending
STM-METADATA-PT,BERTopic-METADATA-MULTILINGUAL,metadata,pt,1,9,0,0.0,0.0,0.0,not_computed,0.0,0.0,0.0,no_match,no_match,comparable_same_publications_unit_period_filter_language,pending
STM-METADATA-PT,BERTopic-METADATA-MULTILINGUAL,metadata,pt,1,1,2,0.007018,0.007018,0.002699,not_computed,0.0,0.0,0.003482,weak_match,weak_match,comparable_same_publications_unit_period_filter_language,pending
STM-METADATA-PT,BERTopic-METADATA-MULTILINGUAL,metadata,pt,1,12,13,0.037249,0.037249,0.022929,not_computed,0.0,0.0,0.020632,language_specific_match,language_specific_match,comparable_same_publications_unit_period_filter_language,pending
STM-METADATA-PT,BERTopic-METADATA-MULTILINGUAL,metadata,pt,1,22,1,0.003759,0.003759,0.002637,not_computed,0.0,0.0,0.002163,weak_match,weak_match,comparable_same_publications_unit_period_filter_language,pending
STM-METADATA-PT,BERTopic-METADATA-MULTILINGUAL,metadata,pt,1,16,1,0.003831,0.003831,0.002816,not_computed,0.0,0.0,0.002237,weak_match,weak_match,comparable_same_publications_unit_period_filter_language,pending
STM-METADATA-PT,BERTopic-METADATA-MULTILINGUAL,metadata,pt,1,26,0,0.0,0.0,0.0,not_computed,0.0,0.0,0.0,no_match,no_match,comparable_same_publications_unit_period_filter_language,pending
STM-METADATA-PT,BERTopic-METADATA-MULTILINGUAL,metadata,pt,1,25,2,0.00722,0.00722,0.003996,not_computed,0.0,0.0,0.003887,weak_match,weak_match,comparable_same_publications_unit_period_filter_language,pending
STM-METADATA-PT,BERTopic-METADATA-MULTILINGUAL,metadata,pt,1,24,0,0.0,0.0,0.0,not_computed,0.0,0.0,0.0,no_match,no_match,comparable_same_publications_unit_period_filter_language,pending
STM-METADATA-PT,BERTopic-METADATA-MULTILINGUAL,metadata,pt,1,23,1,0.003861,0.003861,0.00144,not_computed,0.0,0.0,0.001905,weak_match,weak_match,comparable_same_publications_unit_period_filter_language,pending
STM-METADATA-PT,BERTopic-METADATA-MULTILINGUAL,metadata,pt,1,29,1,0.003846,0.003846,0.002551,not_computed,0.0,0.0,0.002176,weak_match,weak_match,comparable_same_publications_unit_period_filter_language,pending
STM-METADATA-PT,BERTopic-METADATA-MULTILINGUAL,metadata,pt,1,18,1,0.00361,0.00361,0.002072,not_computed,0.0,0.0,0.001962,weak_match,weak_match,comparable_same_publications_unit_period_filter_language,pending
STM-METADATA-PT,BERTopic-METADATA-MULTILINGUAL,metadata,pt,1,14,0,0.0,0.0,0.0,not_computed,0.0,0.0,0.0,no_match,no_match,comparable_same_publications_unit_period_filter_language,pending
STM-METADATA-PT,BERTopic-METADATA-MULTILINGUAL,metadata,pt,1,19,0,0.0,0.0,0.0,not_computed,0.0,0.0,0.0,no_match,no_match,comparable_same_publications_unit_period_filter_language,pending
STM-METADATA-PT,BERTopic-METADATA-MULTILINGUAL,metadata,pt,1,30,7,0.026415,0.026415,0.01682,not_computed,0.0,0.0,0.014771,weak_match,weak_match,comparable_same_publications_unit_period_filter_language,pending
STM-METADATA-PT,BERTopic-METADATA-MULTILINGUAL,metadata,pt,1,21,0,0.0,0.0,0.0,not_computed,0.0,0.0,0.0,no_match,no_match,comparable_same_publications_unit_period_filter_language,pending
STM-METADATA-PT,BERTopic-METADATA-MULTILINGUAL,metadata,pt,1,11,1,0.003876,0.003876,0.002279,not_computed,0.0,0.0,0.00212,weak_match,weak_match,comparable_same_publications_unit_period_filter_language,pending
STM-METADATA-PT,BERTopic-METADATA-MULTILINGUAL,metadata,pt,1,31,0,0.0,0.0,0.0,not_computed,0.0,0.0,0.0,no_match,no_match,comparable_same_publications_unit_period_filter_language,pending
STM-METADATA-PT,BERTopic-METADATA-MULTILINGUAL,metadata,pt,1,3,0,0.0,0.0,0.0,not_computed,0.0,0.0,0.0,no_match,no_match,comparable_same_publications_unit_period_filter_language,pending
STM-METADATA-PT,BERTopic-METADATA-MULTILINGUAL,metadata,pt,1,17,0,0.0,0.0,0.0,not_computed,0.0,0.0,0.0,no_match,no_match,comparable_same_publications_unit_period_filter_language,pending
STM-METADATA-PT,BERTopic-METADATA-MULTILINGUAL,metadata,pt,1,15,0,0.0,0.0,0.0,not_computed,0.0,0.0,0.0,no_match,no_match,comparable_same_publications_unit_period_filter_language,pending
STM-METADATA-PT,BERTopic-METADATA-MULTILINGUAL,metadata,pt,1,13,0,0.0,0.0,0.0,not_computed,0.0,0.0,0.0,no_match,no_match,comparable_same_publications_unit_period_filter_language,pending
STM-METADATA-PT,BERTopic-METADATA-MULTILINGUAL,metadata,pt,4,0,11,0.030055,0.030055,0.019434,not_computed,0.0,0.0,0.01688,weak_match,weak_match,comparable_same_publications_unit_period_filter_language,pending
STM-METADATA-PT,BERTopic-METADATA-MULTILINGUAL,metadata,pt,4,6,18,0.035644,0.035644,0.01577,not_computed,0.0,0.0,0.0182,weak_match,weak_match,comparable_same_publications_unit_period_filter_language,pending
STM-METADATA-PT,BERTopic-METADATA-MULTILINGUAL,metadata,pt,4,-1,157,0.283906,0.283906,0.0,not_computed,0.0,0.0,0.113562,STM_split_by_BERTopic,STM_split_by_BERTopic,comparable_same_publications_unit_period_filter_language,pending
STM-METADATA-PT,BERTopic-METADATA-MULTILINGUAL,metadata,pt,4,4,11,0.028796,0.028796,0.01456,not_computed,0.0,0.0,0.015158,weak_match,weak_match,comparable_same_publications_unit_period_filter_language,pending
STM-METADATA-PT,BERTopic-METADATA-MULTILINGUAL,metadata,pt,4,27,2,0.005556,0.005556,0.00278,not_computed,0.0,0.0,0.002917,weak_match,weak_match,comparable_same_publications_unit_period_filter_language,pending
STM-METADATA-PT,BERTopic-METADATA-MULTILINGUAL,metadata,pt,4,33,1,0.002817,0.002817,0.001478,not_computed,0.0,0.0,0.001496,weak_match,weak_match,comparable_same_publications_unit_period_filter_language,pending
STM-METADATA-PT,BERTopic-METADATA-MULTILINGUAL,metadata,pt,4,10,30,0.077121,0.077121,0.049277,not_computed,0.0,0.0,0.043168,language_specific_match,language_specific_match,comparable_same_publications_unit_period_filter_language,pending
STM-METADATA-PT,BERTopic-METADATA-MULTILINGUAL,metadata,pt,4,9,8,0.023188,0.023188,0.011051,not_computed,0.0,0.0,0.012038,weak_match,weak_match,comparable_same_publications_unit_period_filter_language,pending
STM-METADATA-PT,BERTopic-METADATA-MULTILINGUAL,metadata,pt,4,1,25,0.072254,0.072254,0.049678,not_computed,0.086957,0.0,0.06306,partial_overlap,partial_overlap,comparable_same_publications_unit_period_filter_language,pending
STM-METADATA-PT,BERTopic-METADATA-MULTILINGUAL,metadata,pt,4,12,35,0.085158,0.085158,0.057616,not_computed,0.0,0.0,0.048467,language_specific_match,language_specific_match,comparable_same_publications_unit_period_filter_language,pending
STM-METADATA-PT,BERTopic-METADATA-MULTILINGUAL,metadata,pt,4,22,2,0.005731,0.005731,0.001933,not_computed,0.0,0.0,0.002776,weak_match,weak_match,comparable_same_publications_unit_period_filter_language,pending
STM-METADATA-PT,BERTopic-METADATA-MULTILINGUAL,metadata,pt,4,16,2,0.005814,0.005814,0.002993,not_computed,0.0,0.0,0.003074,weak_match,weak_match,comparable_same_publications_unit_period_filter_language,pending
STM-METADATA-PT,BERTopic-METADATA-MULTILINGUAL,metadata,pt,4,26,3,0.008746,0.008746,0.006469,not_computed,0.0,0.0,0.005116,weak_match,weak_match,comparable_same_publications_unit_period_filter_language,pending
STM-METADATA-PT,BERTopic-METADATA-MULTILINGUAL,metadata,pt,4,25,15,0.043103,0.043103,0.027811,not_computed,0.0,0.0,0.024194,language_specific_match,language_specific_match,comparable_same_publications_unit_period_filter_language,pending
STM-METADATA-PT,BERTopic-METADATA-MULTILINGUAL,metadata,pt,4,24,2,0.005831,0.005831,0.002323,not_computed,0.0,0.0,0.002913,weak_match,weak_match,comparable_same_publications_unit_period_filter_language,pending
STM-METADATA-PT,BERTopic-METADATA-MULTILINGUAL,metadata,pt,4,23,0,0.0,0.0,0.0,not_computed,0.0,0.0,0.0,no_match,no_match,comparable_same_publications_unit_period_filter_language,pending
STM-METADATA-PT,BERTopic-METADATA-MULTILINGUAL,metadata,pt,4,29,1,0.002907,0.002907,0.001062,not_computed,0.0,0.0,0.001428,weak_match,weak_match,comparable_same_publications_unit_period_filter_language,pending
STM-METADATA-PT,BERTopic-METADATA-MULTILINGUAL,metadata,pt,4,18,8,0.022599,0.022599,0.014011,not_computed,0.0,0.0,0.012542,weak_match,weak_match,comparable_same_publications_unit_period_filter_language,pending
STM-METADATA-PT,BERTopic-METADATA-MULTILINGUAL,metadata,pt,4,14,1,0.002907,0.002907,0.001694,not_computed,0.0,0.0,0.001586,weak_match,weak_match,comparable_same_publications_unit_period_filter_language,pending
STM-METADATA-PT,BERTopic-METADATA-MULTILINGUAL,metadata,pt,4,19,2,0.005814,0.005814,0.002436,not_computed,0.0,0.0,0.002935,weak_match,weak_match,comparable_same_publications_unit_period_filter_language,pending
STM-METADATA-PT,BERTopic-METADATA-MULTILINGUAL,metadata,pt,4,30,2,0.00565,0.00565,0.003145,not_computed,0.0,0.0,0.003046,weak_match,weak_match,comparable_same_publications_unit_period_filter_language,pending
STM-METADATA-PT,BERTopic-METADATA-MULTILINGUAL,metadata,pt,4,21,3,0.008646,0.008646,0.004341,not_computed,0.0,0.0,0.004543,weak_match,weak_match,comparable_same_publications_unit_period_filter_language,pending
STM-METADATA-PT,BERTopic-METADATA-MULTILINGUAL,metadata,pt,4,11,0,0.0,0.0,0.0,not_computed,0.0,0.0,0.0,no_match,no_match,comparable_same_publications_unit_period_filter_language,pending
STM-METADATA-PT,BERTopic-METADATA-MULTILINGUAL,metadata,pt,4,31,1,0.002924,0.002924,0.001506,not_computed,0.0,0.0,0.001546,weak_match,weak_match,comparable_same_publications_unit_period_filter_language,pending
STM-METADATA-PT,BERTopic-METADATA-MULTILINGUAL,metadata,pt,4,3,1,0.002924,0.002924,0.00161,not_computed,0.0,0.0,0.001572,weak_match,weak_match,comparable_same_publications_unit_period_filter_language,pending
STM-METADATA-PT,BERTopic-METADATA-MULTILINGUAL,metadata,pt,4,17,0,0.0,0.0,0.0,not_computed,0.0,0.0,0.0,no_match,no_match,comparable_same_publications_unit_period_filter_language,pending
STM-METADATA-PT,BERTopic-METADATA-MULTILINGUAL,metadata,pt,4,15,1,0.002924,0.002924,0.00246,not_computed,0.0,0.0,0.001785,weak_match,weak_match,comparable_same_publications_unit_period_filter_language,pending
STM-METADATA-PT,BERTopic-METADATA-MULTILINGUAL,metadata,pt,4,13,0,0.0,0.0,0.0,not_computed,0.0,0.0,0.0,no_match,no_match,comparable_same_publications_unit_period_filter_language,pending
STM-METADATA-PT,BERTopic-METADATA-MULTILINGUAL,metadata,pt,5,0,0,0.0,0.0,0.0,not_computed,0.0,0.0,0.0,no_match,no_match,comparable_same_publications_unit_period_filter_language,pending
STM-METADATA-PT,BERTopic-METADATA-MULTILINGUAL,metadata,pt,5,6,45,0.147059,0.147059,0.081624,not_computed,0.0,0.0,0.07923,partial_overlap,partial_overlap,comparable_same_publications_unit_period_filter_language,pending
STM-METADATA-PT,BERTopic-METADATA-MULTILINGUAL,metadata,pt,5,-1,52,0.106996,0.106996,0.0,not_computed,0.086957,0.0,0.064537,partial_overlap,partial_overlap,comparable_same_publications_unit_period_filter_language,pending
STM-METADATA-PT,BERTopic-METADATA-MULTILINGUAL,metadata,pt,5,4,4,0.018433,0.018433,0.008887,not_computed,0.0,0.0,0.009595,weak_match,weak_match,comparable_same_publications_unit_period_filter_language,pending
STM-METADATA-PT,BERTopic-METADATA-MULTILINGUAL,metadata,pt,5,27,2,0.010638,0.010638,0.00478,not_computed,0.0,0.0,0.00545,weak_match,weak_match,comparable_same_publications_unit_period_filter_language,pending
STM-METADATA-PT,BERTopic-METADATA-MULTILINGUAL,metadata,pt,5,33,1,0.005464,0.005464,0.003179,not_computed,0.0,0.0,0.002981,weak_match,weak_match,comparable_same_publications_unit_period_filter_language,pending
STM-METADATA-PT,BERTopic-METADATA-MULTILINGUAL,metadata,pt,5,10,5,0.020661,0.020661,0.011142,not_computed,0.0,0.0,0.01105,weak_match,weak_match,comparable_same_publications_unit_period_filter_language,pending
STM-METADATA-PT,BERTopic-METADATA-MULTILINGUAL,metadata,pt,5,9,2,0.011173,0.011173,0.00549,not_computed,0.0,0.0,0.005842,weak_match,weak_match,comparable_same_publications_unit_period_filter_language,pending
STM-METADATA-PT,BERTopic-METADATA-MULTILINGUAL,metadata,pt,5,1,1,0.005051,0.005051,0.003379,not_computed,0.0,0.0,0.002865,weak_match,weak_match,comparable_same_publications_unit_period_filter_language,pending
STM-METADATA-PT,BERTopic-METADATA-MULTILINGUAL,metadata,pt,5,12,48,0.212389,0.212389,0.136504,not_computed,0.0,0.0,0.119082,STM_split_by_BERTopic,STM_split_by_BERTopic,comparable_same_publications_unit_period_filter_language,pending
STM-METADATA-PT,BERTopic-METADATA-MULTILINGUAL,metadata,pt,5,22,1,0.005618,0.005618,0.00246,not_computed,0.0,0.0,0.002862,weak_match,weak_match,comparable_same_publications_unit_period_filter_language,pending
STM-METADATA-PT,BERTopic-METADATA-MULTILINGUAL,metadata,pt,5,16,0,0.0,0.0,0.0,not_computed,0.0,0.0,0.0,no_match,no_match,comparable_same_publications_unit_period_filter_language,pending
STM-METADATA-PT,BERTopic-METADATA-MULTILINGUAL,metadata,pt,5,26,0,0.0,0.0,0.0,not_computed,0.0,0.0,0.0,no_match,no_match,comparable_same_publications_unit_period_filter_language,pending
STM-METADATA-PT,BERTopic-METADATA-MULTILINGUAL,metadata,pt,5,25,2,0.010582,0.010582,0.005969,not_computed,0.0,0.0,0.005725,weak_match,weak_match,comparable_same_publications_unit_period_filter_language,pending
STM-METADATA-PT,BERTopic-METADATA-MULTILINGUAL,metadata,pt,5,24,0,0.0,0.0,0.0,not_computed,0.0,0.0,0.0,no_match,no_match,comparable_same_publications_unit_period_filter_language,pending
STM-METADATA-PT,BERTopic-METADATA-MULTILINGUAL,metadata,pt,5,23,0,0.0,0.0,0.0,not_computed,0.041667,0.0,0.010417,weak_match,weak_match,comparable_same_publications_unit_period_filter_language,pending
STM-METADATA-PT,BERTopic-METADATA-MULTILINGUAL,metadata,pt,5,29,0,0.0,0.0,0.0,not_computed,0.0,0.0,0.0,no_match,no_match,comparable_same_publications_unit_period_filter_language,pending
STM-METADATA-PT,BERTopic-METADATA-MULTILINGUAL,metadata,pt,5,18,4,0.021505,0.021505,0.012392,not_computed,0.041667,0.0,0.022117,language_specific_match,language_specific_match,comparable_same_publications_unit_period_filter_language,pending
STM-METADATA-PT,BERTopic-METADATA-MULTILINGUAL,metadata,pt,5,14,2,0.011696,0.011696,0.009377,not_computed,0.190476,0.0,0.054642,partial_overlap,partial_overlap,comparable_same_publications_unit_period_filter_language,pending
STM-METADATA-PT,BERTopic-METADATA-MULTILINGUAL,metadata,pt,5,19,1,0.00578,0.00578,0.001611,not_computed,0.0,0.0,0.002715,weak_match,weak_match,comparable_same_publications_unit_period_filter_language,pending
STM-METADATA-PT,BERTopic-METADATA-MULTILINGUAL,metadata,pt,5,30,0,0.0,0.0,0.0,not_computed,0.0,0.0,0.0,no_match,no_match,comparable_same_publications_unit_period_filter_language,pending
STM-METADATA-PT,BERTopic-METADATA-MULTILINGUAL,metadata,pt,5,21,0,0.0,0.0,0.0,not_computed,0.0,0.0,0.0,no_match,no_match,comparable_same_publications_unit_period_filter_language,pending
STM-METADATA-PT,BERTopic-METADATA-MULTILINGUAL,metadata,pt,5,11,0,0.0,0.0,0.0,not_computed,0.0,0.0,0.0,no_match,no_match,comparable_same_publications_unit_period_filter_language,pending
STM-METADATA-PT,BERTopic-METADATA-MULTILINGUAL,metadata,pt,5,31,0,0.0,0.0,0.0,not_computed,0.0,0.0,0.0,no_match,no_match,comparable_same_publications_unit_period_filter_language,pending
STM-METADATA-PT,BERTopic-METADATA-MULTILINGUAL,metadata,pt,5,3,0,0.0,0.0,0.0,not_computed,0.041667,0.0,0.010417,weak_match,weak_match,comparable_same_publications_unit_period_filter_language,pending
STM-METADATA-PT,BERTopic-METADATA-MULTILINGUAL,metadata,pt,5,17,0,0.0,0.0,0.0,not_computed,0.0,0.0,0.0,no_match,no_match,comparable_same_publications_unit_period_filter_language,pending
STM-METADATA-PT,BERTopic-METADATA-MULTILINGUAL,metadata,pt,5,15,0,0.0,0.0,0.0,not_computed,0.0,0.0,0.0,no_match,no_match,comparable_same_publications_unit_period_filter_language,pending
STM-METADATA-PT,BERTopic-METADATA-MULTILINGUAL,metadata,pt,5,13,0,0.0,0.0,0.0,not_computed,0.0,0.0,0.0,no_match,no_match,comparable_same_publications_unit_period_filter_language,pending
STM-METADATA-PT,BERTopic-METADATA-MULTILINGUAL,metadata,pt,2,0,23,0.104072,0.104072,0.068662,not_computed,0.041667,0.0,0.069211,partial_overlap,partial_overlap,comparable_same_publications_unit_period_filter_language,pending
STM-METADATA-PT,BERTopic-METADATA-MULTILINGUAL,metadata,pt,2,6,12,0.031746,0.031746,0.016334,not_computed,0.0,0.0,0.016782,weak_match,weak_match,comparable_same_publications_unit_period_filter_language,pending
STM-METADATA-PT,BERTopic-METADATA-MULTILINGUAL,metadata,pt,2,-1,64,0.124756,0.124756,0.0,not_computed,0.0,0.0,0.049903,language_specific_match,language_specific_match,comparable_same_publications_unit_period_filter_language,pending
STM-METADATA-PT,BERTopic-METADATA-MULTILINGUAL,metadata,pt,2,4,32,0.140351,0.140351,0.088076,not_computed,0.190476,0.0,0.125778,STM_split_by_BERTopic,STM_split_by_BERTopic,comparable_same_publications_unit_period_filter_language,pending
STM-METADATA-PT,BERTopic-METADATA-MULTILINGUAL,metadata,pt,2,27,5,0.022321,0.022321,0.01178,not_computed,0.0,0.0,0.011874,weak_match,weak_match,comparable_same_publications_unit_period_filter_language,pending
STM-METADATA-PT,BERTopic-METADATA-MULTILINGUAL,metadata,pt,2,33,1,0.004505,0.004505,0.002071,not_computed,0.0,0.0,0.002319,weak_match,weak_match,comparable_same_publications_unit_period_filter_language,pending
STM-METADATA-PT,BERTopic-METADATA-MULTILINGUAL,metadata,pt,2,10,29,0.11284,0.11284,0.069044,not_computed,0.0,0.0,0.062397,partial_overlap,partial_overlap,comparable_same_publications_unit_period_filter_language,pending
STM-METADATA-PT,BERTopic-METADATA-MULTILINGUAL,metadata,pt,2,9,1,0.004566,0.004566,0.001669,not_computed,0.0,0.0,0.002244,weak_match,weak_match,comparable_same_publications_unit_period_filter_language,pending
STM-METADATA-PT,BERTopic-METADATA-MULTILINGUAL,metadata,pt,2,1,1,0.004219,0.004219,0.002226,not_computed,0.0,0.0,0.002244,weak_match,weak_match,comparable_same_publications_unit_period_filter_language,pending
STM-METADATA-PT,BERTopic-METADATA-MULTILINGUAL,metadata,pt,2,12,8,0.02623,0.02623,0.014627,not_computed,0.0,0.0,0.014148,weak_match,weak_match,comparable_same_publications_unit_period_filter_language,pending
STM-METADATA-PT,BERTopic-METADATA-MULTILINGUAL,metadata,pt,2,22,5,0.023474,0.023474,0.012421,not_computed,0.0,0.0,0.012495,weak_match,weak_match,comparable_same_publications_unit_period_filter_language,pending
STM-METADATA-PT,BERTopic-METADATA-MULTILINGUAL,metadata,pt,2,16,1,0.004717,0.004717,0.003677,not_computed,0.0,0.0,0.002806,weak_match,weak_match,comparable_same_publications_unit_period_filter_language,pending
STM-METADATA-PT,BERTopic-METADATA-MULTILINGUAL,metadata,pt,2,26,1,0.004717,0.004717,0.001948,not_computed,0.0,0.0,0.002374,weak_match,weak_match,comparable_same_publications_unit_period_filter_language,pending
STM-METADATA-PT,BERTopic-METADATA-MULTILINGUAL,metadata,pt,2,25,2,0.008772,0.008772,0.005191,not_computed,0.0,0.0,0.004806,weak_match,weak_match,comparable_same_publications_unit_period_filter_language,pending
STM-METADATA-PT,BERTopic-METADATA-MULTILINGUAL,metadata,pt,2,24,1,0.004739,0.004739,0.002802,not_computed,0.0,0.0,0.002596,weak_match,weak_match,comparable_same_publications_unit_period_filter_language,pending
STM-METADATA-PT,BERTopic-METADATA-MULTILINGUAL,metadata,pt,2,23,1,0.004762,0.004762,0.002331,not_computed,0.0,0.0,0.002488,weak_match,weak_match,comparable_same_publications_unit_period_filter_language,pending
STM-METADATA-PT,BERTopic-METADATA-MULTILINGUAL,metadata,pt,2,29,1,0.004739,0.004739,0.004225,not_computed,0.0,0.0,0.002952,weak_match,weak_match,comparable_same_publications_unit_period_filter_language,pending
STM-METADATA-PT,BERTopic-METADATA-MULTILINGUAL,metadata,pt,2,18,7,0.031532,0.031532,0.025168,not_computed,0.0,0.0,0.018904,weak_match,weak_match,comparable_same_publications_unit_period_filter_language,pending
STM-METADATA-PT,BERTopic-METADATA-MULTILINGUAL,metadata,pt,2,14,0,0.0,0.0,0.0,not_computed,0.0,0.0,0.0,no_match,no_match,comparable_same_publications_unit_period_filter_language,pending
STM-METADATA-PT,BERTopic-METADATA-MULTILINGUAL,metadata,pt,2,19,1,0.004717,0.004717,0.004239,not_computed,0.041667,0.0,0.013363,weak_match,weak_match,comparable_same_publications_unit_period_filter_language,pending
STM-METADATA-PT,BERTopic-METADATA-MULTILINGUAL,metadata,pt,2,30,5,0.022936,0.022936,0.014031,not_computed,0.0,0.0,0.012682,weak_match,weak_match,comparable_same_publications_unit_period_filter_language,pending
STM-METADATA-PT,BERTopic-METADATA-MULTILINGUAL,metadata,pt,2,21,5,0.023585,0.023585,0.012958,not_computed,0.0,0.0,0.012673,weak_match,weak_match,comparable_same_publications_unit_period_filter_language,pending
STM-METADATA-PT,BERTopic-METADATA-MULTILINGUAL,metadata,pt,2,11,0,0.0,0.0,0.0,not_computed,0.0,0.0,0.0,no_match,no_match,comparable_same_publications_unit_period_filter_language,pending
STM-METADATA-PT,BERTopic-METADATA-MULTILINGUAL,metadata,pt,2,31,0,0.0,0.0,0.0,not_computed,0.0,0.0,0.0,no_match,no_match,comparable_same_publications_unit_period_filter_language,pending
STM-METADATA-PT,BERTopic-METADATA-MULTILINGUAL,metadata,pt,2,3,0,0.0,0.0,0.0,not_computed,0.0,0.0,0.0,no_match,no_match,comparable_same_publications_unit_period_filter_language,pending
STM-METADATA-PT,BERTopic-METADATA-MULTILINGUAL,metadata,pt,2,17,1,0.004785,0.004785,0.002703,not_computed,0.0,0.0,0.00259,weak_match,weak_match,comparable_same_publications_unit_period_filter_language,pending
STM-METADATA-PT,BERTopic-METADATA-MULTILINGUAL,metadata,pt,2,15,0,0.0,0.0,0.0,not_computed,0.0,0.0,0.0,no_match,no_match,comparable_same_publications_unit_period_filter_language,pending
STM-METADATA-PT,BERTopic-METADATA-MULTILINGUAL,metadata,pt,2,13,2,0.009569,0.009569,0.007419,not_computed,0.0,0.0,0.005682,weak_match,weak_match,comparable_same_publications_unit_period_filter_language,pending
STM-METADATA-PT,BERTopic-METADATA-MULTILINGUAL,metadata,pt,3,0,0,0.0,0.0,0.0,not_computed,0.0,0.0,0.0,no_match,no_match,comparable_same_publications_unit_period_filter_language,pending
STM-METADATA-PT,BERTopic-METADATA-MULTILINGUAL,metadata,pt,3,6,0,0.0,0.0,0.0,not_computed,0.0,0.0,0.0,no_match,no_match,comparable_same_publications_unit_period_filter_language,pending
STM-METADATA-PT,BERTopic-METADATA-MULTILINGUAL,metadata,pt,3,-1,13,0.035326,0.035326,0.0,not_computed,0.0,0.0,0.01413,weak_match,weak_match,comparable_same_publications_unit_period_filter_language,pending
STM-METADATA-PT,BERTopic-METADATA-MULTILINGUAL,metadata,pt,3,4,0,0.0,0.0,0.0,not_computed,0.0,0.0,0.0,no_match,no_match,comparable_same_publications_unit_period_filter_language,pending
STM-METADATA-PT,BERTopic-METADATA-MULTILINGUAL,metadata,pt,3,27,0,0.0,0.0,0.0,not_computed,0.0,0.0,0.0,no_match,no_match,comparable_same_publications_unit_period_filter_language,pending
STM-METADATA-PT,BERTopic-METADATA-MULTILINGUAL,metadata,pt,3,33,0,0.0,0.0,0.0,not_computed,0.0,0.0,0.0,no_match,no_match,comparable_same_publications_unit_period_filter_language,pending
STM-METADATA-PT,BERTopic-METADATA-MULTILINGUAL,metadata,pt,3,10,0,0.0,0.0,0.0,not_computed,0.0,0.0,0.0,no_match,no_match,comparable_same_publications_unit_period_filter_language,pending
STM-METADATA-PT,BERTopic-METADATA-MULTILINGUAL,metadata,pt,3,9,0,0.0,0.0,0.0,not_computed,0.0,0.0,0.0,no_match,no_match,comparable_same_publications_unit_period_filter_language,pending
STM-METADATA-PT,BERTopic-METADATA-MULTILINGUAL,metadata,pt,3,1,0,0.0,0.0,0.0,not_computed,0.0,0.0,0.0,no_match,no_match,comparable_same_publications_unit_period_filter_language,pending
STM-METADATA-PT,BERTopic-METADATA-MULTILINGUAL,metadata,pt,3,12,0,0.0,0.0,0.0,not_computed,0.0,0.0,0.0,no_match,no_match,comparable_same_publications_unit_period_filter_language,pending
STM-METADATA-PT,BERTopic-METADATA-MULTILINGUAL,metadata,pt,3,22,0,0.0,0.0,0.0,not_computed,0.0,0.0,0.0,no_match,no_match,comparable_same_publications_unit_period_filter_language,pending
STM-METADATA-PT,BERTopic-METADATA-MULTILINGUAL,metadata,pt,3,16,0,0.0,0.0,0.0,not_computed,0.0,0.0,0.0,no_match,no_match,comparable_same_publications_unit_period_filter_language,pending
STM-METADATA-PT,BERTopic-METADATA-MULTILINGUAL,metadata,pt,3,26,0,0.0,0.0,0.0,not_computed,0.0,0.0,0.0,no_match,no_match,comparable_same_publications_unit_period_filter_language,pending
STM-METADATA-PT,BERTopic-METADATA-MULTILINGUAL,metadata,pt,3,25,0,0.0,0.0,0.0,not_computed,0.0,0.0,0.0,no_match,no_match,comparable_same_publications_unit_period_filter_language,pending
STM-METADATA-PT,BERTopic-METADATA-MULTILINGUAL,metadata,pt,3,24,0,0.0,0.0,0.0,not_computed,0.0,0.0,0.0,no_match,no_match,comparable_same_publications_unit_period_filter_language,pending
STM-METADATA-PT,BERTopic-METADATA-MULTILINGUAL,metadata,pt,3,23,0,0.0,0.0,0.0,not_computed,0.0,0.0,0.0,no_match,no_match,comparable_same_publications_unit_period_filter_language,pending
STM-METADATA-PT,BERTopic-METADATA-MULTILINGUAL,metadata,pt,3,29,0,0.0,0.0,0.0,not_computed,0.0,0.0,0.0,no_match,no_match,comparable_same_publications_unit_period_filter_language,pending
STM-METADATA-PT,BERTopic-METADATA-MULTILINGUAL,metadata,pt,3,18,0,0.0,0.0,0.0,not_computed,0.0,0.0,0.0,no_match,no_match,comparable_same_publications_unit_period_filter_language,pending
STM-METADATA-PT,BERTopic-METADATA-MULTILINGUAL,metadata,pt,3,14,0,0.0,0.0,0.0,not_computed,0.0,0.0,0.0,no_match,no_match,comparable_same_publications_unit_period_filter_language,pending
STM-METADATA-PT,BERTopic-METADATA-MULTILINGUAL,metadata,pt,3,19,0,0.0,0.0,0.0,not_computed,0.0,0.0,0.0,no_match,no_match,comparable_same_publications_unit_period_filter_language,pending
STM-METADATA-PT,BERTopic-METADATA-MULTILINGUAL,metadata,pt,3,30,0,0.0,0.0,0.0,not_computed,0.0,0.0,0.0,no_match,no_match,comparable_same_publications_unit_period_filter_language,pending
STM-METADATA-PT,BERTopic-METADATA-MULTILINGUAL,metadata,pt,3,21,0,0.0,0.0,0.0,not_computed,0.0,0.0,0.0,no_match,no_match,comparable_same_publications_unit_period_filter_language,pending
STM-METADATA-PT,BERTopic-METADATA-MULTILINGUAL,metadata,pt,3,11,0,0.0,0.0,0.0,not_computed,0.0,0.0,0.0,no_match,no_match,comparable_same_publications_unit_period_filter_language,pending
STM-METADATA-PT,BERTopic-METADATA-MULTILINGUAL,metadata,pt,3,31,0,0.0,0.0,0.0,not_computed,0.0,0.0,0.0,no_match,no_match,comparable_same_publications_unit_period_filter_language,pending
STM-METADATA-PT,BERTopic-METADATA-MULTILINGUAL,metadata,pt,3,3,0,0.0,0.0,0.0,not_computed,0.0,0.0,0.0,no_match,no_match,comparable_same_publications_unit_period_filter_language,pending
STM-METADATA-PT,BERTopic-METADATA-MULTILINGUAL,metadata,pt,3,17,0,0.0,0.0,0.0,not_computed,0.0,0.0,0.0,no_match,no_match,comparable_same_publications_unit_period_filter_language,pending
STM-METADATA-PT,BERTopic-METADATA-MULTILINGUAL,metadata,pt,3,15,0,0.0,0.0,0.0,not_computed,0.0,0.0,0.0,no_match,no_match,comparable_same_publications_unit_period_filter_language,pending
STM-METADATA-PT,BERTopic-METADATA-MULTILINGUAL,metadata,pt,3,13,0,0.0,0.0,0.0,not_computed,0.0,0.0,0.0,no_match,no_match,comparable_same_publications_unit_period_filter_language,pending
