drive_file_id,filename,size,modified_time,web_view_link,doi,preview_url,open_url
1vtvWoDU9x0hchvQ71hCoaKYeC1RADPDp,Girma - 2022 - A REVIEW OF EDUCATIONAL LEADERSHIP CHALLENGES IN THE 21ST CENTURY.pdf,760849,2026-10-04T18:08:23.392Z,https://drive.google.com/file/d/1vtvWoDU9x0hchvQ71hCoaKYeC1RADPDp/view?usp=drivesdk,girma - 2022 - a review of educational leadership challenges in the 21st century,https://drive.google.com/file/d/1vtvWoDU9x0hchvQ71hCoaKYeC1RADPDp/preview,https://drive.google.com/file/d/1vtvWoDU9x0hchvQ71hCoaKYeC1RADPDp/view
1KiECnpn9lTrVJn6hzBeLlKY9iXPnA4WH,Amilhamja - 2026 - Why Emotional Intelligence Matters in Educational Leadership.pdf,530773,2026-10-04T18:07:49.605Z,https://drive.google.com/file/d/1KiECnpn9lTrVJn6hzBeLlKY9iXPnA4WH/view?usp=drivesdk,amilhamja - 2026 - why emotional intelligence matters in educational leadership,https://drive.google.com/file/d/1KiECnpn9lTrVJn6hzBeLlKY9iXPnA4WH/preview,https://drive.google.com/file/d/1KiECnpn9lTrVJn6hzBeLlKY9iXPnA4WH/view
1aeATDcEqz2CrCr1Aban2Ra9aL0k0zjrK,Wan - 2025 - The Role of Educational Leadership in Shaping Inclusive Practices.pdf,613065,2026-10-04T18:07:40.578Z,https://drive.google.com/file/d/1aeATDcEqz2CrCr1Aban2Ra9aL0k0zjrK/view?usp=drivesdk,wan - 2025 - the role of educational leadership in shaping inclusive practices,https://drive.google.com/file/d/1aeATDcEqz2CrCr1Aban2Ra9aL0k0zjrK/preview,https://drive.google.com/file/d/1aeATDcEqz2CrCr1Aban2Ra9aL0k0zjrK/view
1FeO7nolD7bF0GunXJr9rzGIK7LTrmJey,S. Magno - 2022 - Replication Data for Comparative Educational Leadership Lab.pdf,0,2026-10-04T18:07:35.505Z,https://drive.google.com/file/d/1FeO7nolD7bF0GunXJr9rzGIK7LTrmJey/view?usp=drivesdk,s. magno - 2022 - replication data for comparative educational leadership lab,https://drive.google.com/file/d/1FeO7nolD7bF0GunXJr9rzGIK7LTrmJey/preview,https://drive.google.com/file/d/1FeO7nolD7bF0GunXJr9rzGIK7LTrmJey/view
1QjH6-TzJtRMGgYv9jjecLmcoKwNP5Coa,Barnard - 2024 - Making Space for Cultural Equality in Educational Leadership.pdf,1636452,2026-10-04T18:07:31.990Z,https://drive.google.com/file/d/1QjH6-TzJtRMGgYv9jjecLmcoKwNP5Coa/view?usp=drivesdk,barnard - 2024 - making space for cultural equality in educational leadership,https://drive.google.com/file/d/1QjH6-TzJtRMGgYv9jjecLmcoKwNP5Coa/preview,https://drive.google.com/file/d/1QjH6-TzJtRMGgYv9jjecLmcoKwNP5Coa/view
1h5MHiPuzZThpoMR4UUKvCC9ddmgrTNsD,Abd Hamid et al - 2026 - Educational Leadership The Role Of School Staff.pdf,230143,2026-10-04T18:06:41.693Z,https://drive.google.com/file/d/1h5MHiPuzZThpoMR4UUKvCC9ddmgrTNsD/view?usp=drivesdk,abd hamid et al - 2026 - educational leadership the role of school staff,https://drive.google.com/file/d/1h5MHiPuzZThpoMR4UUKvCC9ddmgrTNsD/preview,https://drive.google.com/file/d/1h5MHiPuzZThpoMR4UUKvCC9ddmgrTNsD/view
1UgqM1EK0FdO3cv3bYhsu2899bGhTdKOZ,Urrea Solano et al - 2026 - Editorial Educational leadership and sustainable development.pdf,193151,2026-10-04T18:06:38.485Z,https://drive.google.com/file/d/1UgqM1EK0FdO3cv3bYhsu2899bGhTdKOZ/view?usp=drivesdk,urrea solano et al - 2026 - editorial educational leadership and sustainable development,https://drive.google.com/file/d/1UgqM1EK0FdO3cv3bYhsu2899bGhTdKOZ/preview,https://drive.google.com/file/d/1UgqM1EK0FdO3cv3bYhsu2899bGhTdKOZ/view
19nP5NIeLwRLFopGhhF7NqXqgY6Br8pdt,Macfarlane Der Merwe - 2022 - Book Review Inviting Educational Leadership.pdf,65663,2026-10-04T18:06:30.849Z,https://drive.google.com/file/d/19nP5NIeLwRLFopGhhF7NqXqgY6Br8pdt/view?usp=drivesdk,macfarlane der merwe - 2022 - book review inviting educational leadership,https://drive.google.com/file/d/19nP5NIeLwRLFopGhhF7NqXqgY6Br8pdt/preview,https://drive.google.com/file/d/19nP5NIeLwRLFopGhhF7NqXqgY6Br8pdt/view
1E9AkrJHO3OmvjI0pRRETJHsy2aeMygp9,Shafiepour Motlagh Zahmet Kash - 2024 - Educational leadership model of digital schools.pdf,2527210,2026-10-04T18:06:23.343Z,https://drive.google.com/file/d/1E9AkrJHO3OmvjI0pRRETJHsy2aeMygp9/view?usp=drivesdk,shafiepour motlagh zahmet kash - 2024 - educational leadership model of digital schools,https://drive.google.com/file/d/1E9AkrJHO3OmvjI0pRRETJHsy2aeMygp9/preview,https://drive.google.com/file/d/1E9AkrJHO3OmvjI0pRRETJHsy2aeMygp9/view
1MBDV1BJr1IpXQ6BywNtdQtvnm1Gm0XXQ,Sudsomboon - 2026 - AI Changing the Arc of Educational Leadership.pdf,321415,2026-10-04T18:06:16.340Z,https://drive.google.com/file/d/1MBDV1BJr1IpXQ6BywNtdQtvnm1Gm0XXQ/view?usp=drivesdk,sudsomboon - 2026 - ai changing the arc of educational leadership,https://drive.google.com/file/d/1MBDV1BJr1IpXQ6BywNtdQtvnm1Gm0XXQ/preview,https://drive.google.com/file/d/1MBDV1BJr1IpXQ6BywNtdQtvnm1Gm0XXQ/view
1SLsdBXkKgYhgNzY-pQ0UaJ01z90jr1yv,Marcello Lopulalan - 2026 - Organizational Silence in Educational Leadership Practice.pdf,344722,2026-10-04T18:06:11.315Z,https://drive.google.com/file/d/1SLsdBXkKgYhgNzY-pQ0UaJ01z90jr1yv/view?usp=drivesdk,marcello lopulalan - 2026 - organizational silence in educational leadership practice,https://drive.google.com/file/d/1SLsdBXkKgYhgNzY-pQ0UaJ01z90jr1yv/preview,https://drive.google.com/file/d/1SLsdBXkKgYhgNzY-pQ0UaJ01z90jr1yv/view
1mIKKlHgDXzeLy6X0-B1o-Fh5lXEXLscK,Autor desconocido - 2025 - Deconstructing Mentoring for Effective Educational Leadership.pdf,362140,2026-10-04T18:06:07.408Z,https://drive.google.com/file/d/1mIKKlHgDXzeLy6X0-B1o-Fh5lXEXLscK/view?usp=drivesdk,autor desconocido - 2025 - deconstructing mentoring for effective educational leadership,https://drive.google.com/file/d/1mIKKlHgDXzeLy6X0-B1o-Fh5lXEXLscK/preview,https://drive.google.com/file/d/1mIKKlHgDXzeLy6X0-B1o-Fh5lXEXLscK/view
1OBr7LGD3w9vGKUtIFSGEKfvVbYhVqf-q,Pepito Jr - 2026 - Navigating VUCA in Educational Leadership.pdf,296398,2026-10-04T18:05:30.529Z,https://drive.google.com/file/d/1OBr7LGD3w9vGKUtIFSGEKfvVbYhVqf-q/view?usp=drivesdk,pepito jr - 2026 - navigating vuca in educational leadership,https://drive.google.com/file/d/1OBr7LGD3w9vGKUtIFSGEKfvVbYhVqf-q/preview,https://drive.google.com/file/d/1OBr7LGD3w9vGKUtIFSGEKfvVbYhVqf-q/view
1rBY1w_DOMaPH2jbc0ow1xO_ZWmg5X8cS,Li Mykolayivna Lapuzina - 2023 - The importance of educational leadership development.pdf,200004,2026-10-04T18:05:00.529Z,https://drive.google.com/file/d/1rBY1w_DOMaPH2jbc0ow1xO_ZWmg5X8cS/view?usp=drivesdk,li mykolayivna lapuzina - 2023 - the importance of educational leadership development,https://drive.google.com/file/d/1rBY1w_DOMaPH2jbc0ow1xO_ZWmg5X8cS/preview,https://drive.google.com/file/d/1rBY1w_DOMaPH2jbc0ow1xO_ZWmg5X8cS/view
1stZmQCNF2VUHnOUB5C-LofLFbluHVK1k,Kisno et al - 2022 - Agile Methodology in Educational Leadership Scrum.pdf,323270,2026-10-04T18:04:51.566Z,https://drive.google.com/file/d/1stZmQCNF2VUHnOUB5C-LofLFbluHVK1k/view?usp=drivesdk,kisno et al - 2022 - agile methodology in educational leadership scrum,https://drive.google.com/file/d/1stZmQCNF2VUHnOUB5C-LofLFbluHVK1k/preview,https://drive.google.com/file/d/1stZmQCNF2VUHnOUB5C-LofLFbluHVK1k/view
1reP2Gm0li1UZCvdrWzw2vWxjM32ALco5,Clipa HONCIUC - 2020 - Educational Leadership – Roles on Work Performance.pdf,499398,2026-10-04T18:04:46.036Z,https://drive.google.com/file/d/1reP2Gm0li1UZCvdrWzw2vWxjM32ALco5/view?usp=drivesdk,clipa honciuc - 2020 - educational leadership – roles on work performance,https://drive.google.com/file/d/1reP2Gm0li1UZCvdrWzw2vWxjM32ALco5/preview,https://drive.google.com/file/d/1reP2Gm0li1UZCvdrWzw2vWxjM32ALco5/view
1ZkGmnfB84OSrss38arWfq6zPRI8nC1Zn,Frigstad - 2025 - Trust in Educational Leadership.pdf,226964,2026-10-04T18:04:39.178Z,https://drive.google.com/file/d/1ZkGmnfB84OSrss38arWfq6zPRI8nC1Zn/view?usp=drivesdk,frigstad - 2025 - trust in educational leadership,https://drive.google.com/file/d/1ZkGmnfB84OSrss38arWfq6zPRI8nC1Zn/preview,https://drive.google.com/file/d/1ZkGmnfB84OSrss38arWfq6zPRI8nC1Zn/view
1m01agPZJuZxWDXpXqrxo70mHiEC7jmho,Harvie - 2021 - Understanding educational leadership critical perspectives and approaches.pdf,280456,2026-10-04T18:04:13.258Z,https://drive.google.com/file/d/1m01agPZJuZxWDXpXqrxo70mHiEC7jmho/view?usp=drivesdk,harvie - 2021 - understanding educational leadership critical perspectives and approaches,https://drive.google.com/file/d/1m01agPZJuZxWDXpXqrxo70mHiEC7jmho/preview,https://drive.google.com/file/d/1m01agPZJuZxWDXpXqrxo70mHiEC7jmho/view
1oOZKjfAsVPMcuAQXpOSWaWYx1p97XdYG,Tokcalar TUNA - 2023 - Examining the Perspectives of Female Teachers Working in Pre-School Education Institutions.pdf,664908,2026-10-04T18:04:09.339Z,https://drive.google.com/file/d/1oOZKjfAsVPMcuAQXpOSWaWYx1p97XdYG/view?usp=drivesdk,tokcalar tuna - 2023 - examining the perspectives of female teachers working in pre-school education institutions,https://drive.google.com/file/d/1oOZKjfAsVPMcuAQXpOSWaWYx1p97XdYG/preview,https://drive.google.com/file/d/1oOZKjfAsVPMcuAQXpOSWaWYx1p97XdYG/view
1lhoCMILRmlOxjyUwnGbW7CzVnX4vVAcs,Saniah Reevany Bustami - 2026 - The EFFECT OF THE IMPLEMENTATION OF EDUCATION POLICY AND SCHOOL MANAGEMENT ON THE QUALITY.pdf,282787,2026-10-04T18:04:02.581Z,https://drive.google.com/file/d/1lhoCMILRmlOxjyUwnGbW7CzVnX4vVAcs/view?usp=drivesdk,saniah reevany bustami - 2026 - the effect of the implementation of education policy and school management on the quality,https://drive.google.com/file/d/1lhoCMILRmlOxjyUwnGbW7CzVnX4vVAcs/preview,https://drive.google.com/file/d/1lhoCMILRmlOxjyUwnGbW7CzVnX4vVAcs/view
1Hs-7-tUipF1zFH8Gmd5KEfYnJNedHwTp,Mokhtarzadeh - 2026 - Harnessing Artificial Intelligence in School Management A Systematic Review of Application.pdf,770335,2026-10-04T18:03:58.957Z,https://drive.google.com/file/d/1Hs-7-tUipF1zFH8Gmd5KEfYnJNedHwTp/view?usp=drivesdk,mokhtarzadeh - 2026 - harnessing artificial intelligence in school management a systematic review of application,https://drive.google.com/file/d/1Hs-7-tUipF1zFH8Gmd5KEfYnJNedHwTp/preview,https://drive.google.com/file/d/1Hs-7-tUipF1zFH8Gmd5KEfYnJNedHwTp/view
1w56Yk1PunNuKXXfzsdSckHYD_lTaKVi1,TATAR OFLAZ - 2022 - EXAMINING THE PROBLEMS FACED BY PRINCIPAL AUTHORIZED TEACHERS WORKING IN MULTIGRADE CLASSR.pdf,776473,2026-10-04T18:03:54.668Z,https://drive.google.com/file/d/1w56Yk1PunNuKXXfzsdSckHYD_lTaKVi1/view?usp=drivesdk,tatar oflaz - 2022 - examining the problems faced by principal authorized teachers working in multigrade classr,https://drive.google.com/file/d/1w56Yk1PunNuKXXfzsdSckHYD_lTaKVi1/preview,https://drive.google.com/file/d/1w56Yk1PunNuKXXfzsdSckHYD_lTaKVi1/view
1xYjllDkPrNz8oWUnOWnQE__7lU31ZpUv,Melo Ribeiro - 2026 - ETHOS OF SCHOOL MANAGEMENT IN CIEJAS IN SAO PAULO A POLYPHONIC ANALYSIS OF POLITICAL-PEDAG.pdf,3350691,2026-10-04T18:03:49.835Z,https://drive.google.com/file/d/1xYjllDkPrNz8oWUnOWnQE__7lU31ZpUv/view?usp=drivesdk,melo ribeiro - 2026 - ethos of school management in ciejas in sao paulo a polyphonic analysis of political-pedag,https://drive.google.com/file/d/1xYjllDkPrNz8oWUnOWnQE__7lU31ZpUv/preview,https://drive.google.com/file/d/1xYjllDkPrNz8oWUnOWnQE__7lU31ZpUv/view
1gQox5txC0EIN8KjuhU7vQNwhPpAFQ_BY,Res Lanmai et al - 2025 - Optimizing Human Capital in School Management The Principal’s Role in Enhancing Educationa.pdf,693359,2026-10-04T18:03:43.424Z,https://drive.google.com/file/d/1gQox5txC0EIN8KjuhU7vQNwhPpAFQ_BY/view?usp=drivesdk,res lanmai et al - 2025 - optimizing human capital in school management the principal’s role in enhancing educationa,https://drive.google.com/file/d/1gQox5txC0EIN8KjuhU7vQNwhPpAFQ_BY/preview,https://drive.google.com/file/d/1gQox5txC0EIN8KjuhU7vQNwhPpAFQ_BY/view
1ZX2O2-taLodr2He3_99AZ2DdjdaQjzHl,Goodness - 2025 - Utilizing Morning Assemblies for Effective School Management A Study of Principals’ Daily.pdf,591791,2026-10-04T18:03:36.499Z,https://drive.google.com/file/d/1ZX2O2-taLodr2He3_99AZ2DdjdaQjzHl/view?usp=drivesdk,goodness - 2025 - utilizing morning assemblies for effective school management a study of principals’ daily,https://drive.google.com/file/d/1ZX2O2-taLodr2He3_99AZ2DdjdaQjzHl/preview,https://drive.google.com/file/d/1ZX2O2-taLodr2He3_99AZ2DdjdaQjzHl/view
1vpVVNuxF1oHDErSxAGXgt820_B2Nagzh,Kumari Meena et al - 2022 - THE CHALLENGES OF SCHOOL MANAGEMENT FACING THE TRANSFORMATION FROM OFFLINE TEACHING MODE T.pdf,638155,2026-10-04T18:03:34.442Z,https://drive.google.com/file/d/1vpVVNuxF1oHDErSxAGXgt820_B2Nagzh/view?usp=drivesdk,kumari meena et al - 2022 - the challenges of school management facing the transformation from offline teaching mode t,https://drive.google.com/file/d/1vpVVNuxF1oHDErSxAGXgt820_B2Nagzh/preview,https://drive.google.com/file/d/1vpVVNuxF1oHDErSxAGXgt820_B2Nagzh/view
1JbHNzYDFGG6PfvUa2Q3ljaA7priGizF5,Habib et al - 2026 - REDEFINING SCHOOL MANAGEMENT PERAN HYBRID SYSTEM DALAM MENCIPTAKAN ORGANISASI PENDIDIKAN A.pdf,479132,2026-10-04T18:03:23.219Z,https://drive.google.com/file/d/1JbHNzYDFGG6PfvUa2Q3ljaA7priGizF5/view?usp=drivesdk,habib et al - 2026 - redefining school management peran hybrid system dalam menciptakan organisasi pendidikan a,https://drive.google.com/file/d/1JbHNzYDFGG6PfvUa2Q3ljaA7priGizF5/preview,https://drive.google.com/file/d/1JbHNzYDFGG6PfvUa2Q3ljaA7priGizF5/view
1Opo6ZzJce0mHizNwCHEvzqtgLITMIDFx,Praseptiana et al - 2026 - DIGITALIZATION IMPLEMENTATION IN LEARNING AND SCHOOL MANAGEMENT A QUALITATIVE STUDY AT SMA.pdf,351618,2026-10-04T18:02:46.835Z,https://drive.google.com/file/d/1Opo6ZzJce0mHizNwCHEvzqtgLITMIDFx/view?usp=drivesdk,praseptiana et al - 2026 - digitalization implementation in learning and school management a qualitative study at sma,https://drive.google.com/file/d/1Opo6ZzJce0mHizNwCHEvzqtgLITMIDFx/preview,https://drive.google.com/file/d/1Opo6ZzJce0mHizNwCHEvzqtgLITMIDFx/view
1sip2g-3cwY0f0jciC5tsdwzE6m7lj2MU,Salic Bliss Medeodia - 2025 - School Attributes of School Management towards Utilization of Maintenance and Other Operat.pdf,503552,2026-10-04T18:02:43.149Z,https://drive.google.com/file/d/1sip2g-3cwY0f0jciC5tsdwzE6m7lj2MU/view?usp=drivesdk,salic bliss medeodia - 2025 - school attributes of school management towards utilization of maintenance and other operat,https://drive.google.com/file/d/1sip2g-3cwY0f0jciC5tsdwzE6m7lj2MU/preview,https://drive.google.com/file/d/1sip2g-3cwY0f0jciC5tsdwzE6m7lj2MU/view
1ht9M7LhTwu-9NjnoDKh1s0j2ynNgv2_x,Rusdin - 2022 - AN ANALYSIS OF THE ROLE OF THE PRINCIPAL TO IMPROVE THE QUALITY OF SCHOOL MANAGEMENT AT SM.pdf,223858,2026-10-04T18:02:36.454Z,https://drive.google.com/file/d/1ht9M7LhTwu-9NjnoDKh1s0j2ynNgv2_x/view?usp=drivesdk,rusdin - 2022 - an analysis of the role of the principal to improve the quality of school management at sm,https://drive.google.com/file/d/1ht9M7LhTwu-9NjnoDKh1s0j2ynNgv2_x/preview,https://drive.google.com/file/d/1ht9M7LhTwu-9NjnoDKh1s0j2ynNgv2_x/view
1bdRiXGgLFYy28nvfKcodLVPvLbSaSzzz,Melo Moreira Carneiro Moreira - 2026 - SCHOOL MANAGEMENT IN DISPUTE NEOLIBERAL RATIONALITIES AND THE SOCIO-CRITICAL PERSPECTIVE I.pdf,412803,2026-10-04T18:02:30.655Z,https://drive.google.com/file/d/1bdRiXGgLFYy28nvfKcodLVPvLbSaSzzz/view?usp=drivesdk,melo moreira carneiro moreira - 2026 - school management in dispute neoliberal rationalities and the socio-critical perspective i,https://drive.google.com/file/d/1bdRiXGgLFYy28nvfKcodLVPvLbSaSzzz/preview,https://drive.google.com/file/d/1bdRiXGgLFYy28nvfKcodLVPvLbSaSzzz/view
1Rw45NVRdVH5UqAYyuQqBZgJKKw6UEos7,Mahmuda Oktarina - 2026 - School Management and Character Formation for High-Achieving Students at MI Darul Hikmah M.pdf,330023,2026-10-04T18:02:28.445Z,https://drive.google.com/file/d/1Rw45NVRdVH5UqAYyuQqBZgJKKw6UEos7/view?usp=drivesdk,mahmuda oktarina - 2026 - school management and character formation for high-achieving students at mi darul hikmah m,https://drive.google.com/file/d/1Rw45NVRdVH5UqAYyuQqBZgJKKw6UEos7/preview,https://drive.google.com/file/d/1Rw45NVRdVH5UqAYyuQqBZgJKKw6UEos7/view
1sIX6ukJOd_XF8B9hQBhSSDbbnunPXJJN,da Rosa - 2023 - Children's participation in school management a study and public schools in the metropolit.pdf,2113342,2026-10-04T18:02:24.888Z,https://drive.google.com/file/d/1sIX6ukJOd_XF8B9hQBhSSDbbnunPXJJN/view?usp=drivesdk,da rosa - 2023 - children's participation in school management a study and public schools in the metropolit,https://drive.google.com/file/d/1sIX6ukJOd_XF8B9hQBhSSDbbnunPXJJN/preview,https://drive.google.com/file/d/1sIX6ukJOd_XF8B9hQBhSSDbbnunPXJJN/view
1c8k9XQxnzSvGQhCEWjKjrtlV5hH_4cRA,Vila Nova - 2024 - SCHOOL MANAGEMENT IN EARLY EDUCATION KNOWLEDGE AND DOES NECESSARY TO GUARANTEE THE QUALITY.pdf,163009,2026-10-04T18:02:15.498Z,https://drive.google.com/file/d/1c8k9XQxnzSvGQhCEWjKjrtlV5hH_4cRA/view?usp=drivesdk,vila nova - 2024 - school management in early education knowledge and does necessary to guarantee the quality,https://drive.google.com/file/d/1c8k9XQxnzSvGQhCEWjKjrtlV5hH_4cRA/preview,https://drive.google.com/file/d/1c8k9XQxnzSvGQhCEWjKjrtlV5hH_4cRA/view
1Mr7sT8AanVhUsngZ_txxlIYrKxodJSPS,Freitas Najjar - 2023 - Education in human rights a collective frame. School management experiences of in the educ.pdf,2909444,2026-10-04T18:02:13.007Z,https://drive.google.com/file/d/1Mr7sT8AanVhUsngZ_txxlIYrKxodJSPS/view?usp=drivesdk,freitas najjar - 2023 - education in human rights a collective frame. school management experiences of in the educ,https://drive.google.com/file/d/1Mr7sT8AanVhUsngZ_txxlIYrKxodJSPS/preview,https://drive.google.com/file/d/1Mr7sT8AanVhUsngZ_txxlIYrKxodJSPS/view
1rMtgQR7v3tAuCsAyLJS1u2xq-J5z8KTc,Disassa Mulleta et al - 2020 - The Role of Parents in School Management in Private and Government Secondary Schools in Ad.pdf,1138960,2026-10-04T18:02:06.095Z,https://drive.google.com/file/d/1rMtgQR7v3tAuCsAyLJS1u2xq-J5z8KTc/view?usp=drivesdk,disassa mulleta et al - 2020 - the role of parents in school management in private and government secondary schools in ad,https://drive.google.com/file/d/1rMtgQR7v3tAuCsAyLJS1u2xq-J5z8KTc/preview,https://drive.google.com/file/d/1rMtgQR7v3tAuCsAyLJS1u2xq-J5z8KTc/view
1xcz1P2-cUGDr18SUQFLzXBZXVodh-9OR,Puleng Modise et al - 2025 - The crucial role of high school management in facilitating e-portfolio implementation in c.pdf,328790,2026-10-04T18:01:39.138Z,https://drive.google.com/file/d/1xcz1P2-cUGDr18SUQFLzXBZXVodh-9OR/view?usp=drivesdk,puleng modise et al - 2025 - the crucial role of high school management in facilitating e-portfolio implementation in c,https://drive.google.com/file/d/1xcz1P2-cUGDr18SUQFLzXBZXVodh-9OR/preview,https://drive.google.com/file/d/1xcz1P2-cUGDr18SUQFLzXBZXVodh-9OR/view
13pjfHAhN8kHA0Tv28gZ-eDe1nCBDcxEB,Chen Abdul Wahab - 2024 - The Impact of Leadership Development Programs on School Management in Secondary Schools in.pdf,509574,2026-10-04T18:01:37.268Z,https://drive.google.com/file/d/13pjfHAhN8kHA0Tv28gZ-eDe1nCBDcxEB/view?usp=drivesdk,chen abdul wahab - 2024 - the impact of leadership development programs on school management in secondary schools in,https://drive.google.com/file/d/13pjfHAhN8kHA0Tv28gZ-eDe1nCBDcxEB/preview,https://drive.google.com/file/d/13pjfHAhN8kHA0Tv28gZ-eDe1nCBDcxEB/view
11YYjMdoPTmnFT2TUPQQizEWeIPlkX_pf,Risimati Maceke - 2025 - Keeping Teachers in the Classroom How School Management Tackles Absenteeism in South Afric.pdf,464155,2026-10-04T18:01:35.458Z,https://drive.google.com/file/d/11YYjMdoPTmnFT2TUPQQizEWeIPlkX_pf/view?usp=drivesdk,risimati maceke - 2025 - keeping teachers in the classroom how school management tackles absenteeism in south afric,https://drive.google.com/file/d/11YYjMdoPTmnFT2TUPQQizEWeIPlkX_pf/preview,https://drive.google.com/file/d/11YYjMdoPTmnFT2TUPQQizEWeIPlkX_pf/view
1ouF4GbPjS02IhToO6Iw7duxOaqWlSP6A,Donmez - 2024 - Teaching Profession Law and universities as ineffective elements in the context of strengt.pdf,250433,2026-10-04T18:01:31.022Z,https://drive.google.com/file/d/1ouF4GbPjS02IhToO6Iw7duxOaqWlSP6A/view?usp=drivesdk,donmez - 2024 - teaching profession law and universities as ineffective elements in the context of strengt,https://drive.google.com/file/d/1ouF4GbPjS02IhToO6Iw7duxOaqWlSP6A/preview,https://drive.google.com/file/d/1ouF4GbPjS02IhToO6Iw7duxOaqWlSP6A/view
1QP7j5zzL-mK1AnuZnW4iCjyq1ScTTc0i,Ogoloinu ANKELI - 2026 - INFLUENCE OF PLANNING AND ADMINISTRATION ON EFFECTIVE SCHOOL MANAGEMENT OF SECONDARY SCHOO.pdf,450217,2026-10-04T18:01:28.120Z,https://drive.google.com/file/d/1QP7j5zzL-mK1AnuZnW4iCjyq1ScTTc0i/view?usp=drivesdk,ogoloinu ankeli - 2026 - influence of planning and administration on effective school management of secondary schoo,https://drive.google.com/file/d/1QP7j5zzL-mK1AnuZnW4iCjyq1ScTTc0i/preview,https://drive.google.com/file/d/1QP7j5zzL-mK1AnuZnW4iCjyq1ScTTc0i/view
15Ha9EVOONXWgnB2ePvOPe2oKqg0IrX-T,SOYLEMEZ - 2021 - CORONAVIRUS IN SCHOOL MANAGEMENT AT IMAM HATIP SCHOOLS EFFECTS OF THE (COVID-19) OUTBREAK.pdf,425465,2026-10-04T18:01:19.868Z,https://drive.google.com/file/d/15Ha9EVOONXWgnB2ePvOPe2oKqg0IrX-T/view?usp=drivesdk,soylemez - 2021 - coronavirus in school management at imam hatip schools effects of the (covid-19) outbreak,https://drive.google.com/file/d/15Ha9EVOONXWgnB2ePvOPe2oKqg0IrX-T/preview,https://drive.google.com/file/d/15Ha9EVOONXWgnB2ePvOPe2oKqg0IrX-T/view
16AgR05L-Avij9wXZVf2G7qhQuexhZg6s,Wahidah Sinta - 2025 - Empowering Teenagers Through Gender-Segregation Education A Case Study On School Managemen.pdf,637758,2026-10-04T18:01:16.074Z,https://drive.google.com/file/d/16AgR05L-Avij9wXZVf2G7qhQuexhZg6s/view?usp=drivesdk,wahidah sinta - 2025 - empowering teenagers through gender-segregation education a case study on school managemen,https://drive.google.com/file/d/16AgR05L-Avij9wXZVf2G7qhQuexhZg6s/preview,https://drive.google.com/file/d/16AgR05L-Avij9wXZVf2G7qhQuexhZg6s/view
14gVZi0Wy4RRynwfVNW4Tq2aw1NaHYNfO,Zuo - 2025 - Communication Transparency in School Management and Teachers’ Organizational Trust in a Un.pdf,252162,2026-10-04T18:01:09.803Z,https://drive.google.com/file/d/14gVZi0Wy4RRynwfVNW4Tq2aw1NaHYNfO/view?usp=drivesdk,zuo - 2025 - communication transparency in school management and teachers’ organizational trust in a un,https://drive.google.com/file/d/14gVZi0Wy4RRynwfVNW4Tq2aw1NaHYNfO/preview,https://drive.google.com/file/d/14gVZi0Wy4RRynwfVNW4Tq2aw1NaHYNfO/view
1hNRL3ebZdl-hUflfYe6bFd9SmQP9avC7,Boonsukontagul - 2023 - School Management in the Digital Age of Participatory Administration according to the Prin.pdf,259575,2026-10-04T18:01:03.210Z,https://drive.google.com/file/d/1hNRL3ebZdl-hUflfYe6bFd9SmQP9avC7/view?usp=drivesdk,boonsukontagul - 2023 - school management in the digital age of participatory administration according to the prin,https://drive.google.com/file/d/1hNRL3ebZdl-hUflfYe6bFd9SmQP9avC7/preview,https://drive.google.com/file/d/1hNRL3ebZdl-hUflfYe6bFd9SmQP9avC7/view
1q5rDZ-wWciEu2qPOMIrdxLEDc6TGdHPD,Ulfadhilah et al - 2025 - Child-Friendly School Management in Improving Children's Welfare at RA Nurul Falah.pdf,0,2026-10-04T18:00:54.495Z,https://drive.google.com/file/d/1q5rDZ-wWciEu2qPOMIrdxLEDc6TGdHPD/view?usp=drivesdk,ulfadhilah et al - 2025 - child-friendly school management in improving children's welfare at ra nurul falah,https://drive.google.com/file/d/1q5rDZ-wWciEu2qPOMIrdxLEDc6TGdHPD/preview,https://drive.google.com/file/d/1q5rDZ-wWciEu2qPOMIrdxLEDc6TGdHPD/view
1ht1J5X9H2hjsyvYLyNV_3fSNjeQTji2J,Emmanuel Nipielim Tindan - 2024 - The Effects of Human Resource Management Deficits on Science Education in Basic School Man.pdf,645511,2026-10-04T18:00:52.001Z,https://drive.google.com/file/d/1ht1J5X9H2hjsyvYLyNV_3fSNjeQTji2J/view?usp=drivesdk,emmanuel nipielim tindan - 2024 - the effects of human resource management deficits on science education in basic school man,https://drive.google.com/file/d/1ht1J5X9H2hjsyvYLyNV_3fSNjeQTji2J/preview,https://drive.google.com/file/d/1ht1J5X9H2hjsyvYLyNV_3fSNjeQTji2J/view
1USqxqKUo3mpa4oWZ3nWZYLImkYUC-L6D,Yani et al - 2021 - Management Efforts of Muhammadiyah Middle School Management in Sidoarjo in the Covid-19 Er.pdf,303670,2026-10-04T18:00:48.482Z,https://drive.google.com/file/d/1USqxqKUo3mpa4oWZ3nWZYLImkYUC-L6D/view?usp=drivesdk,yani et al - 2021 - management efforts of muhammadiyah middle school management in sidoarjo in the covid-19 er,https://drive.google.com/file/d/1USqxqKUo3mpa4oWZ3nWZYLImkYUC-L6D/preview,https://drive.google.com/file/d/1USqxqKUo3mpa4oWZ3nWZYLImkYUC-L6D/view
1fPx74Ds92Vtwcnhh-8QtUofptsaFYTGL,Eliphaletphebe Amaewhule - 2026 - PROMOTING CLEAN ENERGY IN NIGERIAN SCHOOLS FOR EFFECTIVE SCHOOL MANAGEMENT AND SUSTAINABLE.pdf,814836,2026-10-04T18:00:44.421Z,https://drive.google.com/file/d/1fPx74Ds92Vtwcnhh-8QtUofptsaFYTGL/view?usp=drivesdk,eliphaletphebe amaewhule - 2026 - promoting clean energy in nigerian schools for effective school management and sustainable,https://drive.google.com/file/d/1fPx74Ds92Vtwcnhh-8QtUofptsaFYTGL/preview,https://drive.google.com/file/d/1fPx74Ds92Vtwcnhh-8QtUofptsaFYTGL/view
18SKxDL6J8CHPX6sMXs2Jz7J0ikP72QSv,Soedjono - 2023 - The Impact of School Management Misconceptions on Student Encouragement of Student Accepta.pdf,213836,2026-10-04T18:00:40.730Z,https://drive.google.com/file/d/18SKxDL6J8CHPX6sMXs2Jz7J0ikP72QSv/view?usp=drivesdk,soedjono - 2023 - the impact of school management misconceptions on student encouragement of student accepta,https://drive.google.com/file/d/18SKxDL6J8CHPX6sMXs2Jz7J0ikP72QSv/preview,https://drive.google.com/file/d/18SKxDL6J8CHPX6sMXs2Jz7J0ikP72QSv/view
1nGcWrr0FqukOtzCJBIxLjZeC2aFFPzuR,Autor desconocido - 2025 - Integration of Artificial Intelligence (AI) in School Management MATATAG Implementation in.pdf,2516513,2026-10-04T18:00:37.247Z,https://drive.google.com/file/d/1nGcWrr0FqukOtzCJBIxLjZeC2aFFPzuR/view?usp=drivesdk,autor desconocido - 2025 - integration of artificial intelligence (ai) in school management matatag implementation in,https://drive.google.com/file/d/1nGcWrr0FqukOtzCJBIxLjZeC2aFFPzuR/preview,https://drive.google.com/file/d/1nGcWrr0FqukOtzCJBIxLjZeC2aFFPzuR/view
1x9sw_Jl1gZqmv7Jt5hJtMvZ3CCmHr8yA,Nirupama et al - 2025 - Integrating Climate Change Education Into School Management Practices A Pathway To Resilie.pdf,315645,2026-10-04T18:00:33.321Z,https://drive.google.com/file/d/1x9sw_Jl1gZqmv7Jt5hJtMvZ3CCmHr8yA/view?usp=drivesdk,nirupama et al - 2025 - integrating climate change education into school management practices a pathway to resilie,https://drive.google.com/file/d/1x9sw_Jl1gZqmv7Jt5hJtMvZ3CCmHr8yA/preview,https://drive.google.com/file/d/1x9sw_Jl1gZqmv7Jt5hJtMvZ3CCmHr8yA/view
1JIzOmiKHL2fyFJao-UprApMILSGswQeO,Mulyadi et al - 2025 - School Management Strategies for Implementing Deep Learning in Indonesian Junior High Scho.pdf,272237,2026-10-04T18:00:30.824Z,https://drive.google.com/file/d/1JIzOmiKHL2fyFJao-UprApMILSGswQeO/view?usp=drivesdk,mulyadi et al - 2025 - school management strategies for implementing deep learning in indonesian junior high scho,https://drive.google.com/file/d/1JIzOmiKHL2fyFJao-UprApMILSGswQeO/preview,https://drive.google.com/file/d/1JIzOmiKHL2fyFJao-UprApMILSGswQeO/view
1zjsDatnuL07jsA-wTqdUZhWidfyeZ4sA,A. Villanueva et al - 2026 - Lived Experience of ICT Coordinators in School Management Data Reporting and Consolidation.pdf,311345,2026-10-04T18:00:24.218Z,https://drive.google.com/file/d/1zjsDatnuL07jsA-wTqdUZhWidfyeZ4sA/view?usp=drivesdk,a. villanueva et al - 2026 - lived experience of ict coordinators in school management data reporting and consolidation,https://drive.google.com/file/d/1zjsDatnuL07jsA-wTqdUZhWidfyeZ4sA/preview,https://drive.google.com/file/d/1zjsDatnuL07jsA-wTqdUZhWidfyeZ4sA/view
1wvDXXUL--Hd-IZs7ZzQy_dD6GQcNvPvZ,Entang Mulyati et al - 2025 - Implementation of Child-Friendly School Management A Student-Centered Islamic Education St.pdf,1228185,2026-10-04T18:00:21.812Z,https://drive.google.com/file/d/1wvDXXUL--Hd-IZs7ZzQy_dD6GQcNvPvZ/view?usp=drivesdk,entang mulyati et al - 2025 - implementation of child-friendly school management a student-centered islamic education st,https://drive.google.com/file/d/1wvDXXUL--Hd-IZs7ZzQy_dD6GQcNvPvZ/preview,https://drive.google.com/file/d/1wvDXXUL--Hd-IZs7ZzQy_dD6GQcNvPvZ/view
149wfko7OSxIiaivWDtYQMUQxFwa1AkRG,Munawwaroh et al - 2024 - Artificial Intelligence-Based Learning and Its Impact on Educational Policy and School Man.pdf,799540,2026-10-04T18:00:17.783Z,https://drive.google.com/file/d/149wfko7OSxIiaivWDtYQMUQxFwa1AkRG/view?usp=drivesdk,munawwaroh et al - 2024 - artificial intelligence-based learning and its impact on educational policy and school man,https://drive.google.com/file/d/149wfko7OSxIiaivWDtYQMUQxFwa1AkRG/preview,https://drive.google.com/file/d/149wfko7OSxIiaivWDtYQMUQxFwa1AkRG/view
19zrIWqAxl0fxBuazFJ2_aknGNjtfDFNc,Ali Mustofa et al - 2026 - Digital Transformation in Educational Finance and School Management A Bibliometric Analysi.pdf,933780,2026-10-04T17:59:42.605Z,https://drive.google.com/file/d/19zrIWqAxl0fxBuazFJ2_aknGNjtfDFNc/view?usp=drivesdk,ali mustofa et al - 2026 - digital transformation in educational finance and school management a bibliometric analysi,https://drive.google.com/file/d/19zrIWqAxl0fxBuazFJ2_aknGNjtfDFNc/preview,https://drive.google.com/file/d/19zrIWqAxl0fxBuazFJ2_aknGNjtfDFNc/view
1iUrdT0uHKezaW4FYqg-mqq20mX8fP6sL,Eka Santika et al - 2026 - Internalization of Educational Leadership Theory Values in School Management A Naturalisti.pdf,636469,2026-10-04T17:59:40.247Z,https://drive.google.com/file/d/1iUrdT0uHKezaW4FYqg-mqq20mX8fP6sL/view?usp=drivesdk,eka santika et al - 2026 - internalization of educational leadership theory values in school management a naturalisti,https://drive.google.com/file/d/1iUrdT0uHKezaW4FYqg-mqq20mX8fP6sL/preview,https://drive.google.com/file/d/1iUrdT0uHKezaW4FYqg-mqq20mX8fP6sL/view
1k9MKxS7c8rlO1G-CNlMCOT7rvo9gP8E0,Oliveira Jordao - 2026 - SCHOOL MANAGEMENT AND PEDAGOGICAL COORDINATION STRATEGIC ROLE IN THE CONSOLIDATION OF QUAL.pdf,225690,2026-10-04T17:59:36.506Z,https://drive.google.com/file/d/1k9MKxS7c8rlO1G-CNlMCOT7rvo9gP8E0/view?usp=drivesdk,oliveira jordao - 2026 - school management and pedagogical coordination strategic role in the consolidation of qual,https://drive.google.com/file/d/1k9MKxS7c8rlO1G-CNlMCOT7rvo9gP8E0/preview,https://drive.google.com/file/d/1k9MKxS7c8rlO1G-CNlMCOT7rvo9gP8E0/view
1C0tv5dQDkyUZZV3Nv9WpbBVPW1RH0y0r,Carvalho Viana et al - 2026 - DIGITAL CULTURE AND SCHOOL MANAGEMENT STRATEGIES FOR THE RECOMPOSITION AND CONSOLIDATION O.pdf,419126,2026-10-04T17:59:32.743Z,https://drive.google.com/file/d/1C0tv5dQDkyUZZV3Nv9WpbBVPW1RH0y0r/view?usp=drivesdk,carvalho viana et al - 2026 - digital culture and school management strategies for the recomposition and consolidation o,https://drive.google.com/file/d/1C0tv5dQDkyUZZV3Nv9WpbBVPW1RH0y0r/preview,https://drive.google.com/file/d/1C0tv5dQDkyUZZV3Nv9WpbBVPW1RH0y0r/view
1od30C4HGb0DpShrpaen6Ggm7XMUg4oYR,Syah et al - 2025 - Optimization of Teacher Performance through School Management and Organizational Culture i.pdf,240428,2026-10-04T17:59:31.196Z,https://drive.google.com/file/d/1od30C4HGb0DpShrpaen6Ggm7XMUg4oYR/view?usp=drivesdk,syah et al - 2025 - optimization of teacher performance through school management and organizational culture i,https://drive.google.com/file/d/1od30C4HGb0DpShrpaen6Ggm7XMUg4oYR/preview,https://drive.google.com/file/d/1od30C4HGb0DpShrpaen6Ggm7XMUg4oYR/view
1Tp2bqpOwGhcSrlSu9IyXOOeY39KMH72I,D. Mallillin et al - 2025 - Epic Leadership Theory Basis for School Management in the Higher Education Institutions (H.pdf,353934,2026-10-04T17:59:26.946Z,https://drive.google.com/file/d/1Tp2bqpOwGhcSrlSu9IyXOOeY39KMH72I/view?usp=drivesdk,d. mallillin et al - 2025 - epic leadership theory basis for school management in the higher education institutions (h,https://drive.google.com/file/d/1Tp2bqpOwGhcSrlSu9IyXOOeY39KMH72I/preview,https://drive.google.com/file/d/1Tp2bqpOwGhcSrlSu9IyXOOeY39KMH72I/view
1fmetcy8_8Vr18zn24fZ-OG3C9XOQBAO5,Zafar - 2023 - Should Parents be Encouraged to Participate in the Academic Activities of the Children by.pdf,999936,2026-10-04T17:59:23.967Z,https://drive.google.com/file/d/1fmetcy8_8Vr18zn24fZ-OG3C9XOQBAO5/view?usp=drivesdk,zafar - 2023 - should parents be encouraged to participate in the academic activities of the children by,https://drive.google.com/file/d/1fmetcy8_8Vr18zn24fZ-OG3C9XOQBAO5/preview,https://drive.google.com/file/d/1fmetcy8_8Vr18zn24fZ-OG3C9XOQBAO5/view
1FMwcJ4kmc8ytHPrHFFEqkqBacYDLL8gd,Yoshida Yoshizawa - 2022 - Development of the Brief Teamwork Inventory of Community-based School Management for teach.pdf,486859,2026-10-04T17:59:22.317Z,https://drive.google.com/file/d/1FMwcJ4kmc8ytHPrHFFEqkqBacYDLL8gd/view?usp=drivesdk,yoshida yoshizawa - 2022 - development of the brief teamwork inventory of community-based school management for teach,https://drive.google.com/file/d/1FMwcJ4kmc8ytHPrHFFEqkqBacYDLL8gd/preview,https://drive.google.com/file/d/1FMwcJ4kmc8ytHPrHFFEqkqBacYDLL8gd/view
1ymWfbMGVInChtQ062yztPKj8LP-a86xt,Cardoso Fidalgo et al - 2025 - SCHOOL MANAGEMENT WITH A FOCUS ON RESULTS REGULATION AND CONTROL ACTIONS IN PUBLIC SCHOOLS.pdf,336297,2026-10-04T17:59:18.710Z,https://drive.google.com/file/d/1ymWfbMGVInChtQ062yztPKj8LP-a86xt/view?usp=drivesdk,cardoso fidalgo et al - 2025 - school management with a focus on results regulation and control actions in public schools,https://drive.google.com/file/d/1ymWfbMGVInChtQ062yztPKj8LP-a86xt/preview,https://drive.google.com/file/d/1ymWfbMGVInChtQ062yztPKj8LP-a86xt/view
1FxsJB0KtsUDUZmWqZiI8VdH3Wistl0ff,Shopia Sabila - 2021 - An Analysis of Quality Management (QM) of School Management in School Accreditation Grade.pdf,265138,2026-10-04T17:59:12.284Z,https://drive.google.com/file/d/1FxsJB0KtsUDUZmWqZiI8VdH3Wistl0ff/view?usp=drivesdk,shopia sabila - 2021 - an analysis of quality management (qm) of school management in school accreditation grade,https://drive.google.com/file/d/1FxsJB0KtsUDUZmWqZiI8VdH3Wistl0ff/preview,https://drive.google.com/file/d/1FxsJB0KtsUDUZmWqZiI8VdH3Wistl0ff/view
1e8kAjbOA3eQ9T_A0aB0GjFiVZDxHdzDv,Maun Turrahmah - 2025 - Integrating Religious Values into School Management through Assembly and Joint Prayer.pdf,219407,2026-10-04T17:59:05.473Z,https://drive.google.com/file/d/1e8kAjbOA3eQ9T_A0aB0GjFiVZDxHdzDv/view?usp=drivesdk,maun turrahmah - 2025 - integrating religious values into school management through assembly and joint prayer,https://drive.google.com/file/d/1e8kAjbOA3eQ9T_A0aB0GjFiVZDxHdzDv/preview,https://drive.google.com/file/d/1e8kAjbOA3eQ9T_A0aB0GjFiVZDxHdzDv/view
1C-F4pfYW8CDbQ6fw0QCFQKRk8dTofns0,佐藤 - 2021 - A Study on the Transition Process of Clan School Management during the Meiji Restoration.pdf,485655,2026-10-04T17:59:01.636Z,https://drive.google.com/file/d/1C-F4pfYW8CDbQ6fw0QCFQKRk8dTofns0/view?usp=drivesdk,佐藤 - 2021 - a study on the transition process of clan school management during the meiji restoration,https://drive.google.com/file/d/1C-F4pfYW8CDbQ6fw0QCFQKRk8dTofns0/preview,https://drive.google.com/file/d/1C-F4pfYW8CDbQ6fw0QCFQKRk8dTofns0/view
1hKFZPs_H740FucCGwvCUGDIaty_FVOqf,Berikhanova et al - 2020 - ORGANIZATION OF INTERNAL SCHOOL MANAGEMENT IN THE CONDITIONS OF UPDATING THE CONTENT OF SE.pdf,492393,2026-10-04T17:58:56.787Z,https://drive.google.com/file/d/1hKFZPs_H740FucCGwvCUGDIaty_FVOqf/view?usp=drivesdk,berikhanova et al - 2020 - organization of internal school management in the conditions of updating the content of se,https://drive.google.com/file/d/1hKFZPs_H740FucCGwvCUGDIaty_FVOqf/preview,https://drive.google.com/file/d/1hKFZPs_H740FucCGwvCUGDIaty_FVOqf/view
18Kb8gwifxVP-sfORFNbHPUeLgS2gsMTa,Sariwardani - 2025 - School Management Strategies to Address Low Student Interest in STEM Learning.pdf,391375,2026-10-04T17:58:52.565Z,https://drive.google.com/file/d/18Kb8gwifxVP-sfORFNbHPUeLgS2gsMTa/view?usp=drivesdk,sariwardani - 2025 - school management strategies to address low student interest in stem learning,https://drive.google.com/file/d/18Kb8gwifxVP-sfORFNbHPUeLgS2gsMTa/preview,https://drive.google.com/file/d/18Kb8gwifxVP-sfORFNbHPUeLgS2gsMTa/view
1HjspHwPL4PGan3AXKVzjxaRjg80a73s_,Putri Mardiani et al - 2024 - Hayat School Management in Facilitating Students’ Life-Long Learning Needs.pdf,886553,2026-10-04T17:58:48.629Z,https://drive.google.com/file/d/1HjspHwPL4PGan3AXKVzjxaRjg80a73s_/view?usp=drivesdk,putri mardiani et al - 2024 - hayat school management in facilitating students’ life-long learning needs,https://drive.google.com/file/d/1HjspHwPL4PGan3AXKVzjxaRjg80a73s_/preview,https://drive.google.com/file/d/1HjspHwPL4PGan3AXKVzjxaRjg80a73s_/view
1kDRAQGnUeieBRoYGPXT0hxOUVgJYSHEP,Pio - 2023 - Civic-military colleges program in the state of Parana implications for school management.pdf,4889479,2026-10-04T17:58:43.715Z,https://drive.google.com/file/d/1kDRAQGnUeieBRoYGPXT0hxOUVgJYSHEP/view?usp=drivesdk,pio - 2023 - civic-military colleges program in the state of parana implications for school management,https://drive.google.com/file/d/1kDRAQGnUeieBRoYGPXT0hxOUVgJYSHEP/preview,https://drive.google.com/file/d/1kDRAQGnUeieBRoYGPXT0hxOUVgJYSHEP/view
1k1xmRfIcjm2Uz6UfhQf-3wC4lG3-l_T1,Dahyanti Hamini - 2025 - The Benefits of Management Information Systems (MIS) in Increasing the Effectiveness of Sc.pdf,279367,2026-10-04T17:58:34.340Z,https://drive.google.com/file/d/1k1xmRfIcjm2Uz6UfhQf-3wC4lG3-l_T1/view?usp=drivesdk,dahyanti hamini - 2025 - the benefits of management information systems (mis) in increasing the effectiveness of sc,https://drive.google.com/file/d/1k1xmRfIcjm2Uz6UfhQf-3wC4lG3-l_T1/preview,https://drive.google.com/file/d/1k1xmRfIcjm2Uz6UfhQf-3wC4lG3-l_T1/view
1lWdX8sSKEsnpIou1QvILpF4gKZsyxm1C,Safitri Rahmatsyah Putra - 2021 - IMPROVING LOYALTY OF SCHOOL MANAGEMENT PERSONNEL THROUGH ORGANIZATIONAL COMMUNICATIONS APP.pdf,236898,2026-10-04T17:58:30.269Z,https://drive.google.com/file/d/1lWdX8sSKEsnpIou1QvILpF4gKZsyxm1C/view?usp=drivesdk,safitri rahmatsyah putra - 2021 - improving loyalty of school management personnel through organizational communications app,https://drive.google.com/file/d/1lWdX8sSKEsnpIou1QvILpF4gKZsyxm1C/preview,https://drive.google.com/file/d/1lWdX8sSKEsnpIou1QvILpF4gKZsyxm1C/view
1swnTGD2RsiQh24feGpuT4kePNb9eTGNw,Cheng - 2023 - Study on the Learning Adjustment Problems of Migrant Children and School Management Counte.pdf,1443030,2026-10-04T17:58:26.788Z,https://drive.google.com/file/d/1swnTGD2RsiQh24feGpuT4kePNb9eTGNw/view?usp=drivesdk,cheng - 2023 - study on the learning adjustment problems of migrant children and school management counte,https://drive.google.com/file/d/1swnTGD2RsiQh24feGpuT4kePNb9eTGNw/preview,https://drive.google.com/file/d/1swnTGD2RsiQh24feGpuT4kePNb9eTGNw/view
1_gTa7ettPNFOgWjzceb-2-5XSmFFF45I,Trihantoyo et al - 2026 - SUSTAINABILITY AND EFFICIENCY IN SCHOOL MANAGEMENT A BIBLIOMETRIC PORTRAIT OF SMART SCHOOL.pdf,453728,2026-10-04T17:58:20.342Z,https://drive.google.com/file/d/1_gTa7ettPNFOgWjzceb-2-5XSmFFF45I/view?usp=drivesdk,trihantoyo et al - 2026 - sustainability and efficiency in school management a bibliometric portrait of smart school,https://drive.google.com/file/d/1_gTa7ettPNFOgWjzceb-2-5XSmFFF45I/preview,https://drive.google.com/file/d/1_gTa7ettPNFOgWjzceb-2-5XSmFFF45I/view
1MAS93wwHByeturBkSWatMwXDnLns-ti7,Hassan Shah et al - 2025 - The Effects of Secondary School Management on Students' Academic Achievement in the Southe.pdf,655298,2026-10-04T17:58:13.647Z,https://drive.google.com/file/d/1MAS93wwHByeturBkSWatMwXDnLns-ti7/view?usp=drivesdk,hassan shah et al - 2025 - the effects of secondary school management on students' academic achievement in the southe,https://drive.google.com/file/d/1MAS93wwHByeturBkSWatMwXDnLns-ti7/preview,https://drive.google.com/file/d/1MAS93wwHByeturBkSWatMwXDnLns-ti7/view
1Ep2QHT2p_YbWpF2FbIYKbTYuWOdz5r9W,Hasanah et al - 2025 - Implementation of Inclusive Education from the Perspective of School Management in Primary.pdf,353445,2026-10-04T17:58:08.572Z,https://drive.google.com/file/d/1Ep2QHT2p_YbWpF2FbIYKbTYuWOdz5r9W/view?usp=drivesdk,hasanah et al - 2025 - implementation of inclusive education from the perspective of school management in primary,https://drive.google.com/file/d/1Ep2QHT2p_YbWpF2FbIYKbTYuWOdz5r9W/preview,https://drive.google.com/file/d/1Ep2QHT2p_YbWpF2FbIYKbTYuWOdz5r9W/view
1aZ5L_ZDUVD810Tf2MCv6w1vehlwx5kkx,KETENALP et al - 2024 - Investigation of the Covid-19 Pandemic in School Management According to Administrators' V.pdf,1084079,2026-10-04T17:58:04.270Z,https://drive.google.com/file/d/1aZ5L_ZDUVD810Tf2MCv6w1vehlwx5kkx/view?usp=drivesdk,ketenalp et al - 2024 - investigation of the covid-19 pandemic in school management according to administrators' v,https://drive.google.com/file/d/1aZ5L_ZDUVD810Tf2MCv6w1vehlwx5kkx/preview,https://drive.google.com/file/d/1aZ5L_ZDUVD810Tf2MCv6w1vehlwx5kkx/view
10xW7EVQ-TGu_2U_blqmqi8xAB_3S-PJt,Zakso et al - 2020 - The Influence Factors of School Management in Developing Entrepreneurship Literacy in Voca.pdf,562966,2026-10-04T17:57:58.688Z,https://drive.google.com/file/d/10xW7EVQ-TGu_2U_blqmqi8xAB_3S-PJt/view?usp=drivesdk,zakso et al - 2020 - the influence factors of school management in developing entrepreneurship literacy in voca,https://drive.google.com/file/d/10xW7EVQ-TGu_2U_blqmqi8xAB_3S-PJt/preview,https://drive.google.com/file/d/10xW7EVQ-TGu_2U_blqmqi8xAB_3S-PJt/view
1LGjdSzTfe6w3OpLiVw4RvWoeMZXwbvCV,Sholikhin et al - 2026 - School Management in the Implementation of the Seven Great Indonesian Children's Habits Mo.pdf,382651,2026-10-04T17:57:42.555Z,https://drive.google.com/file/d/1LGjdSzTfe6w3OpLiVw4RvWoeMZXwbvCV/view?usp=drivesdk,sholikhin et al - 2026 - school management in the implementation of the seven great indonesian children's habits mo,https://drive.google.com/file/d/1LGjdSzTfe6w3OpLiVw4RvWoeMZXwbvCV/preview,https://drive.google.com/file/d/1LGjdSzTfe6w3OpLiVw4RvWoeMZXwbvCV/view
1cBKdcQ8z4yFpawo8zu4X_CknceWPxxKw,B. Salas S. Madarang - 2026 - School management strategies in crisis response Mitigating the effects of class suspension.pdf,478490,2026-10-04T17:57:37.963Z,https://drive.google.com/file/d/1cBKdcQ8z4yFpawo8zu4X_CknceWPxxKw/view?usp=drivesdk,b. salas s. madarang - 2026 - school management strategies in crisis response mitigating the effects of class suspension,https://drive.google.com/file/d/1cBKdcQ8z4yFpawo8zu4X_CknceWPxxKw/preview,https://drive.google.com/file/d/1cBKdcQ8z4yFpawo8zu4X_CknceWPxxKw/view
1_faSrc4bpcLWfW8MbcJEBW2bQ6gDJunv,Oliveira Cotta Bellotti Senicato - 2024 - Educational legislation on inclusive education and the role of school management in its ap.pdf,155099,2026-10-04T17:57:35.496Z,https://drive.google.com/file/d/1_faSrc4bpcLWfW8MbcJEBW2bQ6gDJunv/view?usp=drivesdk,oliveira cotta bellotti senicato - 2024 - educational legislation on inclusive education and the role of school management in its ap,https://drive.google.com/file/d/1_faSrc4bpcLWfW8MbcJEBW2bQ6gDJunv/preview,https://drive.google.com/file/d/1_faSrc4bpcLWfW8MbcJEBW2bQ6gDJunv/view
1qkTw_zpotX_1rudCnRRleZJKfxfL4Zjd,Bao - 2024 - Study on the Impact of Education Evaluation on Student Comprehensive Development and Schoo.pdf,1155760,2026-10-04T17:57:33.697Z,https://drive.google.com/file/d/1qkTw_zpotX_1rudCnRRleZJKfxfL4Zjd/view?usp=drivesdk,bao - 2024 - study on the impact of education evaluation on student comprehensive development and schoo,https://drive.google.com/file/d/1qkTw_zpotX_1rudCnRRleZJKfxfL4Zjd/preview,https://drive.google.com/file/d/1qkTw_zpotX_1rudCnRRleZJKfxfL4Zjd/view
1Skxd8Ea6c85aa3qcRzPKRM5wAN2kiECV,Sumual Jenny Soputan - 2023 - The Effectiveness of Vocational High School Management Role of Principal Leadership Behavi.pdf,159945,2026-10-04T17:57:29.084Z,https://drive.google.com/file/d/1Skxd8Ea6c85aa3qcRzPKRM5wAN2kiECV/view?usp=drivesdk,sumual jenny soputan - 2023 - the effectiveness of vocational high school management role of principal leadership behavi,https://drive.google.com/file/d/1Skxd8Ea6c85aa3qcRzPKRM5wAN2kiECV/preview,https://drive.google.com/file/d/1Skxd8Ea6c85aa3qcRzPKRM5wAN2kiECV/view
1k0wkCYIfySESetSfPgoSDuQfuLOZSC33,Zhang et al - 2023 - The Core Values of Principals in School Management under Chinese Education Reform.pdf,189608,2026-10-04T17:57:04.613Z,https://drive.google.com/file/d/1k0wkCYIfySESetSfPgoSDuQfuLOZSC33/view?usp=drivesdk,zhang et al - 2023 - the core values of principals in school management under chinese education reform,https://drive.google.com/file/d/1k0wkCYIfySESetSfPgoSDuQfuLOZSC33/preview,https://drive.google.com/file/d/1k0wkCYIfySESetSfPgoSDuQfuLOZSC33/view
1U1nZhK1YPfV2bQdAEcJOjPT8da40cj25,LIMBONG et al - 2022 - THE EFFECT OF SCHOOL MANAGEMENT AND STUDENT LEARNING CULTURE ON STUDENT LEARNING EFFECTIVE.pdf,279563,2026-10-04T17:57:02.666Z,https://drive.google.com/file/d/1U1nZhK1YPfV2bQdAEcJOjPT8da40cj25/view?usp=drivesdk,limbong et al - 2022 - the effect of school management and student learning culture on student learning effective,https://drive.google.com/file/d/1U1nZhK1YPfV2bQdAEcJOjPT8da40cj25/preview,https://drive.google.com/file/d/1U1nZhK1YPfV2bQdAEcJOjPT8da40cj25/view
1XahcRVqVrPT3CQif7gEYFTMiCLw4uc8a,"Francis Olowo et al - 2026 - Digital School Management System in the 21st Century Education Necessary, not a Luxury.pdf",328004,2026-10-04T17:56:59.254Z,https://drive.google.com/file/d/1XahcRVqVrPT3CQif7gEYFTMiCLw4uc8a/view?usp=drivesdk,"francis olowo et al - 2026 - digital school management system in the 21st century education necessary, not a luxury",https://drive.google.com/file/d/1XahcRVqVrPT3CQif7gEYFTMiCLw4uc8a/preview,https://drive.google.com/file/d/1XahcRVqVrPT3CQif7gEYFTMiCLw4uc8a/view
1nXLKY0vwBupdbYY7QjYc-KwX_hKv4VVB,Jose Sant Anna et al - 2026 - THE TEACHER’S SOCIOEMOTIONAL COMPETENCIES IN ASSESSMENT PRACTICE AND SCHOOL MANAGEMENT A M.pdf,333185,2026-10-04T17:56:54.622Z,https://drive.google.com/file/d/1nXLKY0vwBupdbYY7QjYc-KwX_hKv4VVB/view?usp=drivesdk,jose sant anna et al - 2026 - the teacher’s socioemotional competencies in assessment practice and school management a m,https://drive.google.com/file/d/1nXLKY0vwBupdbYY7QjYc-KwX_hKv4VVB/preview,https://drive.google.com/file/d/1nXLKY0vwBupdbYY7QjYc-KwX_hKv4VVB/view
1-y2uWWc0nwJsx3GTNzRNWIMzkCR5IzXA,Autayeva Наметкулов - 2025 - Features of school management in the context of the integration of inclusive education int.pdf,626600,2026-10-04T17:56:20.476Z,https://drive.google.com/file/d/1-y2uWWc0nwJsx3GTNzRNWIMzkCR5IzXA/view?usp=drivesdk,autayeva наметкулов - 2025 - features of school management in the context of the integration of inclusive education int,https://drive.google.com/file/d/1-y2uWWc0nwJsx3GTNzRNWIMzkCR5IzXA/preview,https://drive.google.com/file/d/1-y2uWWc0nwJsx3GTNzRNWIMzkCR5IzXA/view
1zuxGB1H2PmFdi6BWFCvl3IBln29foYZL,[UNESP] Albuquerque - 2024 - School management from the perspective of inclusive education in Sao Paulo.pdf,1432852,2026-10-04T17:56:08.132Z,https://drive.google.com/file/d/1zuxGB1H2PmFdi6BWFCvl3IBln29foYZL/view?usp=drivesdk,[unesp] albuquerque - 2024 - school management from the perspective of inclusive education in sao paulo,https://drive.google.com/file/d/1zuxGB1H2PmFdi6BWFCvl3IBln29foYZL/preview,https://drive.google.com/file/d/1zuxGB1H2PmFdi6BWFCvl3IBln29foYZL/view
1NQDmscoaC4qyn2FUtpDtbMfC2-gFeN9A,Zulaihatu Lawal et al - 2024 - Assessing the Role of Organizational Behavior in Secondary School Management in Nigeria.pdf,507525,2026-10-04T17:56:02.550Z,https://drive.google.com/file/d/1NQDmscoaC4qyn2FUtpDtbMfC2-gFeN9A/view?usp=drivesdk,zulaihatu lawal et al - 2024 - assessing the role of organizational behavior in secondary school management in nigeria,https://drive.google.com/file/d/1NQDmscoaC4qyn2FUtpDtbMfC2-gFeN9A/preview,https://drive.google.com/file/d/1NQDmscoaC4qyn2FUtpDtbMfC2-gFeN9A/view
1DIQeUHdbETwirLJPagkFYwDBul3Gz9uM,Proiou - 2025 - Special Needs Education Implications for School Management and Teacher Leadership.pdf,278462,2026-10-04T17:56:00.291Z,https://drive.google.com/file/d/1DIQeUHdbETwirLJPagkFYwDBul3Gz9uM/view?usp=drivesdk,proiou - 2025 - special needs education implications for school management and teacher leadership,https://drive.google.com/file/d/1DIQeUHdbETwirLJPagkFYwDBul3Gz9uM/preview,https://drive.google.com/file/d/1DIQeUHdbETwirLJPagkFYwDBul3Gz9uM/view
1J4y4uF6QYnE61ng4DFcuum8lscfpCaEZ,Hajar Nurhasanah et al - 2026 - School Management to Improve the Quality of Education at the Elementary School Level.pdf,341951,2026-10-04T17:55:56.843Z,https://drive.google.com/file/d/1J4y4uF6QYnE61ng4DFcuum8lscfpCaEZ/view?usp=drivesdk,hajar nurhasanah et al - 2026 - school management to improve the quality of education at the elementary school level,https://drive.google.com/file/d/1J4y4uF6QYnE61ng4DFcuum8lscfpCaEZ/preview,https://drive.google.com/file/d/1J4y4uF6QYnE61ng4DFcuum8lscfpCaEZ/view
1W9RlUvbP2UkLSD4tuO6FGdAmHkdyL3iv,Rochim Maksum et al - 2023 - School Management for Teachers Professional Development at Islamic High School.pdf,182771,2026-10-04T17:55:45.771Z,https://drive.google.com/file/d/1W9RlUvbP2UkLSD4tuO6FGdAmHkdyL3iv/view?usp=drivesdk,rochim maksum et al - 2023 - school management for teachers professional development at islamic high school,https://drive.google.com/file/d/1W9RlUvbP2UkLSD4tuO6FGdAmHkdyL3iv/preview,https://drive.google.com/file/d/1W9RlUvbP2UkLSD4tuO6FGdAmHkdyL3iv/view
1NB8RjVZKDPQbtoTfSYRn99HCFKEmVKSg,Purimahua et al - 2026 - CHILD-FRIENDLY SCHOOL MANAGEMENT A MULTIPLE CASE STUDY IN AMBON.pdf,438853,2026-10-04T17:55:32.573Z,https://drive.google.com/file/d/1NB8RjVZKDPQbtoTfSYRn99HCFKEmVKSg/view?usp=drivesdk,purimahua et al - 2026 - child-friendly school management a multiple case study in ambon,https://drive.google.com/file/d/1NB8RjVZKDPQbtoTfSYRn99HCFKEmVKSg/preview,https://drive.google.com/file/d/1NB8RjVZKDPQbtoTfSYRn99HCFKEmVKSg/view
1pJUovcaK_8v4xiETFIPip4bMiMH6v0IC,Carlos Ramos et al - 2023 - SCHOOL MANAGEMENT AND PEDAGOGICAL INNOVATION THEORETICAL REFLECTIONS IN BASIC EDUCATION.pdf,616428,2026-10-04T17:55:21.382Z,https://drive.google.com/file/d/1pJUovcaK_8v4xiETFIPip4bMiMH6v0IC/view?usp=drivesdk,carlos ramos et al - 2023 - school management and pedagogical innovation theoretical reflections in basic education,https://drive.google.com/file/d/1pJUovcaK_8v4xiETFIPip4bMiMH6v0IC/preview,https://drive.google.com/file/d/1pJUovcaK_8v4xiETFIPip4bMiMH6v0IC/view
1i_Sff7vqMaJVP7Qnxw_Ld5FBWWfppW9A,Azizah Rindaningsih - 2026 - Implementation of an Integrated Digital System to Enhance School Management Efficiency.pdf,1692793,2026-10-04T17:55:19.481Z,https://drive.google.com/file/d/1i_Sff7vqMaJVP7Qnxw_Ld5FBWWfppW9A/view?usp=drivesdk,azizah rindaningsih - 2026 - implementation of an integrated digital system to enhance school management efficiency,https://drive.google.com/file/d/1i_Sff7vqMaJVP7Qnxw_Ld5FBWWfppW9A/preview,https://drive.google.com/file/d/1i_Sff7vqMaJVP7Qnxw_Ld5FBWWfppW9A/view
1NvaG9EGMZ_v8A9VvLzoatMRwGaEaAjo5,de MELO - 2024 - SCHOOL MANAGEMENT AND ARTIFICIAL INTELLIGENCE using ChatGPT to support management.pdf,302678,2026-10-04T17:55:14.563Z,https://drive.google.com/file/d/1NvaG9EGMZ_v8A9VvLzoatMRwGaEaAjo5/view?usp=drivesdk,de melo - 2024 - school management and artificial intelligence using chatgpt to support management,https://drive.google.com/file/d/1NvaG9EGMZ_v8A9VvLzoatMRwGaEaAjo5/preview,https://drive.google.com/file/d/1NvaG9EGMZ_v8A9VvLzoatMRwGaEaAjo5/view
1oMTXd2p7TC901DSbVFA3-YIcQ7uCVr6P,Liu Liang - 2024 - The School Management of the Ming Dynasty as Seen by the Imperial Regulations Tablet.pdf,256442,2026-10-04T17:55:05.864Z,https://drive.google.com/file/d/1oMTXd2p7TC901DSbVFA3-YIcQ7uCVr6P/view?usp=drivesdk,liu liang - 2024 - the school management of the ming dynasty as seen by the imperial regulations tablet,https://drive.google.com/file/d/1oMTXd2p7TC901DSbVFA3-YIcQ7uCVr6P/preview,https://drive.google.com/file/d/1oMTXd2p7TC901DSbVFA3-YIcQ7uCVr6P/view
1GZ7tQu6r9c4_oBdEvhD2bwjRqZt6c1jW,Moreira Santos - 2024 - School management at Colegio Tiradentes of the Military Police of Minas Gerais.pdf,3915620,2026-10-04T17:54:29.535Z,https://drive.google.com/file/d/1GZ7tQu6r9c4_oBdEvhD2bwjRqZt6c1jW/view?usp=drivesdk,moreira santos - 2024 - school management at colegio tiradentes of the military police of minas gerais,https://drive.google.com/file/d/1GZ7tQu6r9c4_oBdEvhD2bwjRqZt6c1jW/preview,https://drive.google.com/file/d/1GZ7tQu6r9c4_oBdEvhD2bwjRqZt6c1jW/view
1yFixmEme4NEm_sYwcLRD9s1l7C9JRqyd,Asmi Eltsany et al - 2026 - The Future of School Management Efisiensi sebagai DNA Baru Pendidikan.pdf,322713,2026-10-04T17:54:23.401Z,https://drive.google.com/file/d/1yFixmEme4NEm_sYwcLRD9s1l7C9JRqyd/view?usp=drivesdk,asmi eltsany et al - 2026 - the future of school management efisiensi sebagai dna baru pendidikan,https://drive.google.com/file/d/1yFixmEme4NEm_sYwcLRD9s1l7C9JRqyd/preview,https://drive.google.com/file/d/1yFixmEme4NEm_sYwcLRD9s1l7C9JRqyd/view
13ErgpgWfK9RWXnNwKdOTEiIIEZxru-Co,Pisonova et al - 2023 - Reflection of Secondary School Management Key Competencies in the Slovak Republic.pdf,568779,2026-10-04T17:54:17.588Z,https://drive.google.com/file/d/13ErgpgWfK9RWXnNwKdOTEiIIEZxru-Co/view?usp=drivesdk,pisonova et al - 2023 - reflection of secondary school management key competencies in the slovak republic,https://drive.google.com/file/d/13ErgpgWfK9RWXnNwKdOTEiIIEZxru-Co/preview,https://drive.google.com/file/d/13ErgpgWfK9RWXnNwKdOTEiIIEZxru-Co/view
1adpJ0Un96VK9kNtebIq6nhPrj_nWOGS_,Musetha Aubrey Mokwebo - 2026 - ACCOUNTING EDUCATION SUSTAINABILITY THE ROLE OF SCHOOL MANAGEMENT IN VHEMBE SCHOOLS.pdf,334355,2026-10-04T17:54:12.120Z,https://drive.google.com/file/d/1adpJ0Un96VK9kNtebIq6nhPrj_nWOGS_/view?usp=drivesdk,musetha aubrey mokwebo - 2026 - accounting education sustainability the role of school management in vhembe schools,https://drive.google.com/file/d/1adpJ0Un96VK9kNtebIq6nhPrj_nWOGS_/preview,https://drive.google.com/file/d/1adpJ0Un96VK9kNtebIq6nhPrj_nWOGS_/view
1OVk_kysdNdAIC9Xi890SYDvKhbwJYaol,Khoirun Nisak - 2023 - Analysis of School Management Success Factors in the Teaching Activity Process.pdf,234688,2026-10-04T17:54:09.138Z,https://drive.google.com/file/d/1OVk_kysdNdAIC9Xi890SYDvKhbwJYaol/view?usp=drivesdk,khoirun nisak - 2023 - analysis of school management success factors in the teaching activity process,https://drive.google.com/file/d/1OVk_kysdNdAIC9Xi890SYDvKhbwJYaol/preview,https://drive.google.com/file/d/1OVk_kysdNdAIC9Xi890SYDvKhbwJYaol/view
152hoxy8Db_VPtq2Q9SBjyXwrc9MoIl2W,Rohmadiyah et al - 2024 - Principal Strategies in School Management at the State Vocational High School.pdf,462223,2026-10-04T17:53:32.650Z,https://drive.google.com/file/d/152hoxy8Db_VPtq2Q9SBjyXwrc9MoIl2W/view?usp=drivesdk,rohmadiyah et al - 2024 - principal strategies in school management at the state vocational high school,https://drive.google.com/file/d/152hoxy8Db_VPtq2Q9SBjyXwrc9MoIl2W/preview,https://drive.google.com/file/d/152hoxy8Db_VPtq2Q9SBjyXwrc9MoIl2W/view
194MZqaNFlmYqJhTDCdNtXrubNBaCr6CT,"Ilham Prahesti et al - 2022 - Assessing School Management In Santa Theresia Kindergarten, Central Java.pdf",704465,2026-10-04T17:53:28.617Z,https://drive.google.com/file/d/194MZqaNFlmYqJhTDCdNtXrubNBaCr6CT/view?usp=drivesdk,"ilham prahesti et al - 2022 - assessing school management in santa theresia kindergarten, central java",https://drive.google.com/file/d/194MZqaNFlmYqJhTDCdNtXrubNBaCr6CT/preview,https://drive.google.com/file/d/194MZqaNFlmYqJhTDCdNtXrubNBaCr6CT/view
1XvCM6jbhxOfg4ZdJ4vUGTkT9_MSkGyjs,Noori Abdullah - 2020 - [Strategic] Financial school management in Kurdistan region of Iraq.pdf,470110,2026-10-04T17:53:23.204Z,https://drive.google.com/file/d/1XvCM6jbhxOfg4ZdJ4vUGTkT9_MSkGyjs/view?usp=drivesdk,noori abdullah - 2020 - [strategic] financial school management in kurdistan region of iraq,https://drive.google.com/file/d/1XvCM6jbhxOfg4ZdJ4vUGTkT9_MSkGyjs/preview,https://drive.google.com/file/d/1XvCM6jbhxOfg4ZdJ4vUGTkT9_MSkGyjs/view
1g77SQXgkrS3bI3IppzH1SR2hQBLZxemA,Venalia et al - 2024 - Effective School Management Through Total Quality Management.pdf,317215,2026-10-04T17:53:19.723Z,https://drive.google.com/file/d/1g77SQXgkrS3bI3IppzH1SR2hQBLZxemA/view?usp=drivesdk,venalia et al - 2024 - effective school management through total quality management,https://drive.google.com/file/d/1g77SQXgkrS3bI3IppzH1SR2hQBLZxemA/preview,https://drive.google.com/file/d/1g77SQXgkrS3bI3IppzH1SR2hQBLZxemA/view
15gXBOTu45hUUekyG0A2KsEKr9slz36S_,Anjelina Shaleh - 2024 - School Management Tips In Excaving Education Funding Sources.pdf,288261,2026-10-04T17:53:13.378Z,https://drive.google.com/file/d/15gXBOTu45hUUekyG0A2KsEKr9slz36S_/view?usp=drivesdk,anjelina shaleh - 2024 - school management tips in excaving education funding sources,https://drive.google.com/file/d/15gXBOTu45hUUekyG0A2KsEKr9slz36S_/preview,https://drive.google.com/file/d/15gXBOTu45hUUekyG0A2KsEKr9slz36S_/view
1Tvt26sWB_bF90uhuK8tW4jmseafGWZ3d,Melo Soares - 2024 - The challenges in the relationship between school management and the tutelary council.pdf,1230695,2026-10-04T17:53:09.299Z,https://drive.google.com/file/d/1Tvt26sWB_bF90uhuK8tW4jmseafGWZ3d/view?usp=drivesdk,melo soares - 2024 - the challenges in the relationship between school management and the tutelary council,https://drive.google.com/file/d/1Tvt26sWB_bF90uhuK8tW4jmseafGWZ3d/preview,https://drive.google.com/file/d/1Tvt26sWB_bF90uhuK8tW4jmseafGWZ3d/view
13t8clU7uP4zvuF0xMQ8QJuNse_Uo49Ph,da Rocha de Abreu - 2024 - The influence of democratic school management on the work of pedagogical coordination.pdf,275997,2026-10-04T17:53:03.116Z,https://drive.google.com/file/d/13t8clU7uP4zvuF0xMQ8QJuNse_Uo49Ph/view?usp=drivesdk,da rocha de abreu - 2024 - the influence of democratic school management on the work of pedagogical coordination,https://drive.google.com/file/d/13t8clU7uP4zvuF0xMQ8QJuNse_Uo49Ph/preview,https://drive.google.com/file/d/13t8clU7uP4zvuF0xMQ8QJuNse_Uo49Ph/view
1YM4hM6DFeMfO9I5ydUuGdCmib7eB8xpN,Fitriyanti et al - 2026 - The Influence of Teachers’ Competence and School Management on Teachers’ Performance.pdf,198980,2026-10-04T17:53:00.990Z,https://drive.google.com/file/d/1YM4hM6DFeMfO9I5ydUuGdCmib7eB8xpN/view?usp=drivesdk,fitriyanti et al - 2026 - the influence of teachers’ competence and school management on teachers’ performance,https://drive.google.com/file/d/1YM4hM6DFeMfO9I5ydUuGdCmib7eB8xpN/preview,https://drive.google.com/file/d/1YM4hM6DFeMfO9I5ydUuGdCmib7eB8xpN/view
1Uj3OMQBmazzwXdrBO_HUC4Sy6ov8LpY4,Nurul Nugraha et al - 2024 - Role of Ciliwung River School Management in Tourism Sustainability.pdf,583876,2026-10-04T17:52:26.928Z,https://drive.google.com/file/d/1Uj3OMQBmazzwXdrBO_HUC4Sy6ov8LpY4/view?usp=drivesdk,nurul nugraha et al - 2024 - role of ciliwung river school management in tourism sustainability,https://drive.google.com/file/d/1Uj3OMQBmazzwXdrBO_HUC4Sy6ov8LpY4/preview,https://drive.google.com/file/d/1Uj3OMQBmazzwXdrBO_HUC4Sy6ov8LpY4/view
1fB6ClvXEHo_UrqCZ-z0kC-cUc_yp6Cww,ATES KALEM - 2023 - OPINIONS OF SCHOOL MANAGERS ON THE USE OF TECHNOLOGY IN SCHOOL MANAGEMENT.pdf,806119,2026-10-04T17:52:22.201Z,https://drive.google.com/file/d/1fB6ClvXEHo_UrqCZ-z0kC-cUc_yp6Cww/view?usp=drivesdk,ates kalem - 2023 - opinions of school managers on the use of technology in school management,https://drive.google.com/file/d/1fB6ClvXEHo_UrqCZ-z0kC-cUc_yp6Cww/preview,https://drive.google.com/file/d/1fB6ClvXEHo_UrqCZ-z0kC-cUc_yp6Cww/view
1RfuQFZvEmACvA0wjvRJYVV-ppPGoLf9N,Ozdogru ASLANLI - 2023 - Digital Data Security in School Management Threats and Precautions.pdf,441532,2026-10-04T17:52:17.523Z,https://drive.google.com/file/d/1RfuQFZvEmACvA0wjvRJYVV-ppPGoLf9N/view?usp=drivesdk,ozdogru aslanli - 2023 - digital data security in school management threats and precautions,https://drive.google.com/file/d/1RfuQFZvEmACvA0wjvRJYVV-ppPGoLf9N/preview,https://drive.google.com/file/d/1RfuQFZvEmACvA0wjvRJYVV-ppPGoLf9N/view
1vnETUGRizBxQ3OWISAScVYisOSa2yq5M,L. Mengullo - 2024 - Dynamics of School Management and Its Translations into School Climate.pdf,326925,2026-10-04T17:52:11.224Z,https://drive.google.com/file/d/1vnETUGRizBxQ3OWISAScVYisOSa2yq5M/view?usp=drivesdk,l. mengullo - 2024 - dynamics of school management and its translations into school climate,https://drive.google.com/file/d/1vnETUGRizBxQ3OWISAScVYisOSa2yq5M/preview,https://drive.google.com/file/d/1vnETUGRizBxQ3OWISAScVYisOSa2yq5M/view
1nyCpJnFDEm3ZP919RSvkPA6idtMQAMyF,Luthfillah et al - 2025 - School Management as a School Mover in Realizing Educational Transformation.pdf,120712,2026-10-04T17:51:49.742Z,https://drive.google.com/file/d/1nyCpJnFDEm3ZP919RSvkPA6idtMQAMyF/view?usp=drivesdk,luthfillah et al - 2025 - school management as a school mover in realizing educational transformation,https://drive.google.com/file/d/1nyCpJnFDEm3ZP919RSvkPA6idtMQAMyF/preview,https://drive.google.com/file/d/1nyCpJnFDEm3ZP919RSvkPA6idtMQAMyF/view
1G789fMikMaRTy7bkf6sSEk43AlfwS0zz,Abed Al-Fayyadh et al - 2025 - Designing an Artificial Intelligence Model for School Management in Iraq.pdf,940989,2026-10-04T17:51:41.614Z,https://drive.google.com/file/d/1G789fMikMaRTy7bkf6sSEk43AlfwS0zz/view?usp=drivesdk,abed al-fayyadh et al - 2025 - designing an artificial intelligence model for school management in iraq,https://drive.google.com/file/d/1G789fMikMaRTy7bkf6sSEk43AlfwS0zz/preview,https://drive.google.com/file/d/1G789fMikMaRTy7bkf6sSEk43AlfwS0zz/view
1pM3-_1_pDitKvztaNluS61cvjfLCMEQE,Sri Suprihatin - 2022 - Socialization of Simple Books to Improvement The Quality of School Management.pdf,89878,2026-10-04T17:51:37.763Z,https://drive.google.com/file/d/1pM3-_1_pDitKvztaNluS61cvjfLCMEQE/view?usp=drivesdk,sri suprihatin - 2022 - socialization of simple books to improvement the quality of school management,https://drive.google.com/file/d/1pM3-_1_pDitKvztaNluS61cvjfLCMEQE/preview,https://drive.google.com/file/d/1pM3-_1_pDitKvztaNluS61cvjfLCMEQE/view
158j0O303uaiKMSjc7qIXXn5uOMhX101F,Sudsomboon - 2025 - Enhancing vocational skills through participatory school management.pdf,973567,2026-10-04T17:51:33.703Z,https://drive.google.com/file/d/158j0O303uaiKMSjc7qIXXn5uOMhX101F/view?usp=drivesdk,sudsomboon - 2025 - enhancing vocational skills through participatory school management,https://drive.google.com/file/d/158j0O303uaiKMSjc7qIXXn5uOMhX101F/preview,https://drive.google.com/file/d/158j0O303uaiKMSjc7qIXXn5uOMhX101F/view
1fOkhJYU3YRejN_atmcFkqcCpzSxj0PgK,Novita Handayani et al - 2026 - The Implementation of Child-Friendly School Management in the Learning Process.pdf,528008,2026-10-04T17:51:31.644Z,https://drive.google.com/file/d/1fOkhJYU3YRejN_atmcFkqcCpzSxj0PgK/view?usp=drivesdk,novita handayani et al - 2026 - the implementation of child-friendly school management in the learning process,https://drive.google.com/file/d/1fOkhJYU3YRejN_atmcFkqcCpzSxj0PgK/preview,https://drive.google.com/file/d/1fOkhJYU3YRejN_atmcFkqcCpzSxj0PgK/view
1t6-sfD5qNlmymq-hwGVzLVq47JfcMxyW,Maria Gusmao Coutinho - 2022 - HOMOSEXUALITY AND ''SCHOOL MANAGEMENT'' PROBLEMATIZING CONCEPTS OF DESTROYING PREJUDICES.pdf,366113,2026-10-04T17:51:26.228Z,https://drive.google.com/file/d/1t6-sfD5qNlmymq-hwGVzLVq47JfcMxyW/view?usp=drivesdk,maria gusmao coutinho - 2022 - homosexuality and ''school management'' problematizing concepts of destroying prejudices,https://drive.google.com/file/d/1t6-sfD5qNlmymq-hwGVzLVq47JfcMxyW/preview,https://drive.google.com/file/d/1t6-sfD5qNlmymq-hwGVzLVq47JfcMxyW/view
1weDeiDSWor9kknCLb7HIX6BynI1z_zlk,Kusuma Ningrum et al - 2026 - Transformation of Women's Leadership in Digital Inclusive School Management.pdf,156916,2026-10-04T17:51:23.806Z,https://drive.google.com/file/d/1weDeiDSWor9kknCLb7HIX6BynI1z_zlk/view?usp=drivesdk,kusuma ningrum et al - 2026 - transformation of women's leadership in digital inclusive school management,https://drive.google.com/file/d/1weDeiDSWor9kknCLb7HIX6BynI1z_zlk/preview,https://drive.google.com/file/d/1weDeiDSWor9kknCLb7HIX6BynI1z_zlk/view
1F_bv7_SWnGWyfeldTaHrizKEW2WKAfwB,Modest Ogbuoka et al - 2025 - ARTIFICIAL INTELLIGENCE AND EFFECTIVE SCHOOL MANAGEMENT IN NIGERIA.pdf,378441,2026-10-04T17:51:19.547Z,https://drive.google.com/file/d/1F_bv7_SWnGWyfeldTaHrizKEW2WKAfwB/view?usp=drivesdk,modest ogbuoka et al - 2025 - artificial intelligence and effective school management in nigeria,https://drive.google.com/file/d/1F_bv7_SWnGWyfeldTaHrizKEW2WKAfwB/preview,https://drive.google.com/file/d/1F_bv7_SWnGWyfeldTaHrizKEW2WKAfwB/view
1bB-4aT_hs2yxP3qLcj3eFYqBxwz_yJrS,Bolojan et al - 2025 - Role of the European Funds’ Absorption on School Management.pdf,3563845,2026-10-04T17:51:16.607Z,https://drive.google.com/file/d/1bB-4aT_hs2yxP3qLcj3eFYqBxwz_yJrS/view?usp=drivesdk,bolojan et al - 2025 - role of the european funds’ absorption on school management,https://drive.google.com/file/d/1bB-4aT_hs2yxP3qLcj3eFYqBxwz_yJrS/preview,https://drive.google.com/file/d/1bB-4aT_hs2yxP3qLcj3eFYqBxwz_yJrS/view
14C1TvHLaCVxu-17bJF6qn1MW323jwR6_,N. Volkov V. Grishina - 2024 - THE FEATURES OF MANAGERIAL INFLUENCES IN INTRA SCHOOL MANAGEMENT.pdf,384626,2026-10-04T17:51:13.160Z,https://drive.google.com/file/d/14C1TvHLaCVxu-17bJF6qn1MW323jwR6_/view?usp=drivesdk,n. volkov v. grishina - 2024 - the features of managerial influences in intra school management,https://drive.google.com/file/d/14C1TvHLaCVxu-17bJF6qn1MW323jwR6_/preview,https://drive.google.com/file/d/14C1TvHLaCVxu-17bJF6qn1MW323jwR6_/view
1VkE3zGvOjv3FqF87M-AJmlACfPLPX3m1,Silva Andrade et al - 2021 - The importance of the pedagogical political project for school management.pdf,364872,2026-10-04T17:51:06.198Z,https://drive.google.com/file/d/1VkE3zGvOjv3FqF87M-AJmlACfPLPX3m1/view?usp=drivesdk,silva andrade et al - 2021 - the importance of the pedagogical political project for school management,https://drive.google.com/file/d/1VkE3zGvOjv3FqF87M-AJmlACfPLPX3m1/preview,https://drive.google.com/file/d/1VkE3zGvOjv3FqF87M-AJmlACfPLPX3m1/view
1U9NMfbiPj91NOEg5bNC8qyqFJAnvxCfG,De Souza - 2026 - SCHOOL MANAGEMENT AND CONTINUING EDUCATION FOR EDUCATION PROFESSIONALS.pdf,331223,2026-10-04T17:51:04.312Z,https://drive.google.com/file/d/1U9NMfbiPj91NOEg5bNC8qyqFJAnvxCfG/view?usp=drivesdk,de souza - 2026 - school management and continuing education for education professionals,https://drive.google.com/file/d/1U9NMfbiPj91NOEg5bNC8qyqFJAnvxCfG/preview,https://drive.google.com/file/d/1U9NMfbiPj91NOEg5bNC8qyqFJAnvxCfG/view
1Q0d3-SMcM9mpVNpt8VZdDGUe1pt2fJb1,Souza Magalhaes - 2025 - SUPERVISION FROM THE PERSPECTIVE OF STRENGTHENING SCHOOL MANAGEMENT.pdf,480554,2026-10-04T17:51:02.096Z,https://drive.google.com/file/d/1Q0d3-SMcM9mpVNpt8VZdDGUe1pt2fJb1/view?usp=drivesdk,souza magalhaes - 2025 - supervision from the perspective of strengthening school management,https://drive.google.com/file/d/1Q0d3-SMcM9mpVNpt8VZdDGUe1pt2fJb1/preview,https://drive.google.com/file/d/1Q0d3-SMcM9mpVNpt8VZdDGUe1pt2fJb1/view
1Up8M7reIqHsLsZPZFik6BTkpj-IiLsl8,V. Grishina N. Volkov - 2025 - METHODOLOGY CHANGE STUDY IN INTRA-SCHOOL MANAGEMENT.pdf,431328,2026-10-04T17:50:57.784Z,https://drive.google.com/file/d/1Up8M7reIqHsLsZPZFik6BTkpj-IiLsl8/view?usp=drivesdk,v. grishina n. volkov - 2025 - methodology change study in intra-school management,https://drive.google.com/file/d/1Up8M7reIqHsLsZPZFik6BTkpj-IiLsl8/preview,https://drive.google.com/file/d/1Up8M7reIqHsLsZPZFik6BTkpj-IiLsl8/view
1DlT5NckwZIjf1Z55TEkqJgTu_uXIctI1,Nurkhasanah et al - 2025 - Green School Management in State High School.pdf,546711,2026-10-04T17:50:48.905Z,https://drive.google.com/file/d/1DlT5NckwZIjf1Z55TEkqJgTu_uXIctI1/view?usp=drivesdk,nurkhasanah et al - 2025 - green school management in state high school,https://drive.google.com/file/d/1DlT5NckwZIjf1Z55TEkqJgTu_uXIctI1/preview,https://drive.google.com/file/d/1DlT5NckwZIjf1Z55TEkqJgTu_uXIctI1/view
10xujrhE9RFKS-tZZsrHsf8Upl9yWC9dB,Franca Alves Gonzalez Gonzalez - 2025 - THE DIMENSIONS OF SCHOOL MANAGEMENT AND THEIR IMPLICATIONS FOR QUALITY OF EDUCATION.pdf,369684,2026-10-04T17:50:42.316Z,https://drive.google.com/file/d/10xujrhE9RFKS-tZZsrHsf8Upl9yWC9dB/view?usp=drivesdk,franca alves gonzalez gonzalez - 2025 - the dimensions of school management and their implications for quality of education,https://drive.google.com/file/d/10xujrhE9RFKS-tZZsrHsf8Upl9yWC9dB/preview,https://drive.google.com/file/d/10xujrhE9RFKS-tZZsrHsf8Upl9yWC9dB/view
1r6f_SlsodWZDycSYEabCHTjO6BWZXzkY,Wattanayingcharoenchai et al - 2021 - School Management in Response to Coronavirus Disease 2019.pdf,364556,2026-10-04T17:50:08.201Z,https://drive.google.com/file/d/1r6f_SlsodWZDycSYEabCHTjO6BWZXzkY/view?usp=drivesdk,wattanayingcharoenchai et al - 2021 - school management in response to coronavirus disease 2019,https://drive.google.com/file/d/1r6f_SlsodWZDycSYEabCHTjO6BWZXzkY/preview,https://drive.google.com/file/d/1r6f_SlsodWZDycSYEabCHTjO6BWZXzkY/view
1RJSwHvg5JiX04fvWBkJ7UPjVY0q5XZRU,Nisaa€TM Anisya - 2021 - Implementation of School Management in Realizing Religious Culture.pdf,183013,2026-10-04T17:50:02.291Z,https://drive.google.com/file/d/1RJSwHvg5JiX04fvWBkJ7UPjVY0q5XZRU/view?usp=drivesdk,nisaa€tm anisya - 2021 - implementation of school management in realizing religious culture,https://drive.google.com/file/d/1RJSwHvg5JiX04fvWBkJ7UPjVY0q5XZRU/preview,https://drive.google.com/file/d/1RJSwHvg5JiX04fvWBkJ7UPjVY0q5XZRU/view
1q7Vv_EQjCFfSHgRbNI2J2fxH74L3Mrmh,da Silva - 2025 - RETHINKING SCHOOL MANAGEMENT TODAY PRINCIPLES AND PRACTICES.pdf,339768,2026-10-04T17:49:57.260Z,https://drive.google.com/file/d/1q7Vv_EQjCFfSHgRbNI2J2fxH74L3Mrmh/view?usp=drivesdk,da silva - 2025 - rethinking school management today principles and practices,https://drive.google.com/file/d/1q7Vv_EQjCFfSHgRbNI2J2fxH74L3Mrmh/preview,https://drive.google.com/file/d/1q7Vv_EQjCFfSHgRbNI2J2fxH74L3Mrmh/view
1pFPX6TicIr-rFPWpAlwFDYgzTvob5Dn2,Ezzati et al - 2025 - Validation of Stakeholder Participation Model in School Management.pdf,988572,2026-10-04T17:49:54.627Z,https://drive.google.com/file/d/1pFPX6TicIr-rFPWpAlwFDYgzTvob5Dn2/view?usp=drivesdk,ezzati et al - 2025 - validation of stakeholder participation model in school management,https://drive.google.com/file/d/1pFPX6TicIr-rFPWpAlwFDYgzTvob5Dn2/preview,https://drive.google.com/file/d/1pFPX6TicIr-rFPWpAlwFDYgzTvob5Dn2/view
1N2MMTx7ZfLHO_S5yBVXpFUR9xfGUvnVY,Firman - 2020 - NATURAL SCHOOL MANAGEMENT A NEW CONCEPT OF EDUCATION.pdf,292387,2026-10-04T17:49:47.139Z,https://drive.google.com/file/d/1N2MMTx7ZfLHO_S5yBVXpFUR9xfGUvnVY/view?usp=drivesdk,firman - 2020 - natural school management a new concept of education,https://drive.google.com/file/d/1N2MMTx7ZfLHO_S5yBVXpFUR9xfGUvnVY/preview,https://drive.google.com/file/d/1N2MMTx7ZfLHO_S5yBVXpFUR9xfGUvnVY/view
1L12snKSF3aZAjnaoTCKr9wxfTVHQZQUM,Emmanuel Wongeh et al - 2022 - SUPERVISION IN SCHOOL MANAGEMENT CHALLENGES AND WAY FORWARD.pdf,526424,2026-10-04T17:49:40.078Z,https://drive.google.com/file/d/1L12snKSF3aZAjnaoTCKr9wxfTVHQZQUM/view?usp=drivesdk,emmanuel wongeh et al - 2022 - supervision in school management challenges and way forward,https://drive.google.com/file/d/1L12snKSF3aZAjnaoTCKr9wxfTVHQZQUM/preview,https://drive.google.com/file/d/1L12snKSF3aZAjnaoTCKr9wxfTVHQZQUM/view
1jherTmiUa7rP3BCvgFoGoq88o9Xr4t6X,Santos Morais - 2023 - School management in the development of promoting democratic management.pdf,319668,2026-10-04T17:49:36.929Z,https://drive.google.com/file/d/1jherTmiUa7rP3BCvgFoGoq88o9Xr4t6X/view?usp=drivesdk,santos morais - 2023 - school management in the development of promoting democratic management,https://drive.google.com/file/d/1jherTmiUa7rP3BCvgFoGoq88o9Xr4t6X/preview,https://drive.google.com/file/d/1jherTmiUa7rP3BCvgFoGoq88o9Xr4t6X/view
14uNd-cEL2v4R6zxn5EsV0lm2UgEOpR1W,Jacob Ogunode et al - 2025 - CYBER SECURITY AND SCHOOL MANAGEMENT IN NIGERIA.pdf,180427,2026-10-04T17:49:27.519Z,https://drive.google.com/file/d/14uNd-cEL2v4R6zxn5EsV0lm2UgEOpR1W/view?usp=drivesdk,jacob ogunode et al - 2025 - cyber security and school management in nigeria,https://drive.google.com/file/d/14uNd-cEL2v4R6zxn5EsV0lm2UgEOpR1W/preview,https://drive.google.com/file/d/14uNd-cEL2v4R6zxn5EsV0lm2UgEOpR1W/view
1B8oXIBM0lP4-lZuYR8_hf1e-XD165ItN,Kazak - 2021 - The Reasons for Teachers to Prefer School Management.pdf,364746,2026-10-04T17:49:24.117Z,https://drive.google.com/file/d/1B8oXIBM0lP4-lZuYR8_hf1e-XD165ItN/view?usp=drivesdk,kazak - 2021 - the reasons for teachers to prefer school management,https://drive.google.com/file/d/1B8oXIBM0lP4-lZuYR8_hf1e-XD165ItN/preview,https://drive.google.com/file/d/1B8oXIBM0lP4-lZuYR8_hf1e-XD165ItN/view
12cf-_WB8PqC2YUhf3JaHxWnoIhNq_aK6,Lisnevskaya O. Rybkina - 2020 - THE ROLE OF MARKETING IN MODERN SCHOOL MANAGEMENT.pdf,294995,2026-10-04T17:49:20.372Z,https://drive.google.com/file/d/12cf-_WB8PqC2YUhf3JaHxWnoIhNq_aK6/view?usp=drivesdk,lisnevskaya o. rybkina - 2020 - the role of marketing in modern school management,https://drive.google.com/file/d/12cf-_WB8PqC2YUhf3JaHxWnoIhNq_aK6/preview,https://drive.google.com/file/d/12cf-_WB8PqC2YUhf3JaHxWnoIhNq_aK6/view
1UU8eiGGxJ-_pDw6Eun_GrqzB1jxR4Mvd,Widlak Sadko - 2026 - MODERN PRIMARY SCHOOL MANAGEMENT USING IT.pdf,469433,2026-10-04T17:49:16.834Z,https://drive.google.com/file/d/1UU8eiGGxJ-_pDw6Eun_GrqzB1jxR4Mvd/view?usp=drivesdk,widlak sadko - 2026 - modern primary school management using it,https://drive.google.com/file/d/1UU8eiGGxJ-_pDw6Eun_GrqzB1jxR4Mvd/preview,https://drive.google.com/file/d/1UU8eiGGxJ-_pDw6Eun_GrqzB1jxR4Mvd/view
1B__vm_JvJWRD17lO4GSbqrOv1gZTKben,Jukic - 2021 - The Importance of Organizational Culture in School Management.pdf,292963,2026-10-04T17:48:39.609Z,https://drive.google.com/file/d/1B__vm_JvJWRD17lO4GSbqrOv1gZTKben/view?usp=drivesdk,jukic - 2021 - the importance of organizational culture in school management,https://drive.google.com/file/d/1B__vm_JvJWRD17lO4GSbqrOv1gZTKben/preview,https://drive.google.com/file/d/1B__vm_JvJWRD17lO4GSbqrOv1gZTKben/view
1jMlBjVW4aVLyaYQlslULMuuqeHcKNeFk,Agahuseynova - 2025 - THE IMPORTANCE OF COACHING STRATEGIES IN SCHOOL MANAGEMENT.pdf,604904,2026-10-04T17:48:27.519Z,https://drive.google.com/file/d/1jMlBjVW4aVLyaYQlslULMuuqeHcKNeFk/view?usp=drivesdk,agahuseynova - 2025 - the importance of coaching strategies in school management,https://drive.google.com/file/d/1jMlBjVW4aVLyaYQlslULMuuqeHcKNeFk/preview,https://drive.google.com/file/d/1jMlBjVW4aVLyaYQlslULMuuqeHcKNeFk/view
12Akb3JlYFLkmriLBQeAjCVRHlP4PMzhs,Marjuki et al - 2020 - Online School Management Model for Supported Fullday School Management in Industrial Revol.pdf,165148,2026-10-04T17:48:16.629Z,https://drive.google.com/file/d/12Akb3JlYFLkmriLBQeAjCVRHlP4PMzhs/view?usp=drivesdk,marjuki et al - 2020 - online school management model for supported fullday school management in industrial revol,https://drive.google.com/file/d/12Akb3JlYFLkmriLBQeAjCVRHlP4PMzhs/preview,https://drive.google.com/file/d/12Akb3JlYFLkmriLBQeAjCVRHlP4PMzhs/view
1UIBEje9kfr9RZUkuRFlFkj-x8GQFlBE_,VARDANYAN - 2024 - THE SOFT SCHOOL MANAGEMENT METHODOLOGY.pdf,192574,2026-10-04T17:48:11.698Z,https://drive.google.com/file/d/1UIBEje9kfr9RZUkuRFlFkj-x8GQFlBE_/view?usp=drivesdk,vardanyan - 2024 - the soft school management methodology,https://drive.google.com/file/d/1UIBEje9kfr9RZUkuRFlFkj-x8GQFlBE_/preview,https://drive.google.com/file/d/1UIBEje9kfr9RZUkuRFlFkj-x8GQFlBE_/view
1orxiJNfyb66HBXHXcztoFXqWdTRaRIzu,Surti - 2025 - School Management and Administration.pdf,211853,2026-10-04T17:48:05.670Z,https://drive.google.com/file/d/1orxiJNfyb66HBXHXcztoFXqWdTRaRIzu/view?usp=drivesdk,surti - 2025 - school management and administration,https://drive.google.com/file/d/1orxiJNfyb66HBXHXcztoFXqWdTRaRIzu/preview,https://drive.google.com/file/d/1orxiJNfyb66HBXHXcztoFXqWdTRaRIzu/view
1uKYUu8X1jk8RpnWjlai0GwyT4D5KRTGu,Kumangkem et al - 2024 - A Sustainable Approach to School Management Introducing the Bold School Management System.pdf,483021,2026-10-04T17:48:02.375Z,https://drive.google.com/file/d/1uKYUu8X1jk8RpnWjlai0GwyT4D5KRTGu/view?usp=drivesdk,kumangkem et al - 2024 - a sustainable approach to school management introducing the bold school management system,https://drive.google.com/file/d/1uKYUu8X1jk8RpnWjlai0GwyT4D5KRTGu/preview,https://drive.google.com/file/d/1uKYUu8X1jk8RpnWjlai0GwyT4D5KRTGu/view
1XQ2LrJic9Y8Z32VhZOspLR-DheifUo4J,de Sousa et al - 2026 - LEADERSHIP IN SCHOOL MANAGEMENT.pdf,207068,2026-10-04T17:47:57.834Z,https://drive.google.com/file/d/1XQ2LrJic9Y8Z32VhZOspLR-DheifUo4J/view?usp=drivesdk,de sousa et al - 2026 - leadership in school management,https://drive.google.com/file/d/1XQ2LrJic9Y8Z32VhZOspLR-DheifUo4J/preview,https://drive.google.com/file/d/1XQ2LrJic9Y8Z32VhZOspLR-DheifUo4J/view
1n9Wjpc4zniGb-QIaB5yYWu6orG3O3rpd,Mora Kjuro - 2025 - Comunicacion asertiva en la gestion educativa de docentes en instituciones educativas publ.pdf,3824740,2026-10-04T17:47:53.615Z,https://drive.google.com/file/d/1n9Wjpc4zniGb-QIaB5yYWu6orG3O3rpd/view?usp=drivesdk,mora kjuro - 2025 - comunicacion asertiva en la gestion educativa de docentes en instituciones educativas publ,https://drive.google.com/file/d/1n9Wjpc4zniGb-QIaB5yYWu6orG3O3rpd/preview,https://drive.google.com/file/d/1n9Wjpc4zniGb-QIaB5yYWu6orG3O3rpd/view
1O6w4o-A2awkV7qbtXp5YMAOKmCWs_Wfk,Cordero Ramos - 2025 - Comunicacion asertiva en la gestion educativa de instituciones educativas del sector publi.pdf,3062873,2026-10-04T17:47:51.317Z,https://drive.google.com/file/d/1O6w4o-A2awkV7qbtXp5YMAOKmCWs_Wfk/view?usp=drivesdk,cordero ramos - 2025 - comunicacion asertiva en la gestion educativa de instituciones educativas del sector publi,https://drive.google.com/file/d/1O6w4o-A2awkV7qbtXp5YMAOKmCWs_Wfk/preview,https://drive.google.com/file/d/1O6w4o-A2awkV7qbtXp5YMAOKmCWs_Wfk/view
18-uWXCJUlHKVbzNlEb5QkP3BDNxVRAD0,"Ventura Villa et al - 2026 - Planeamiento estrategico, gestion por procesos y calidad educativa en una Unidad de Gestio.pdf",397636,2026-10-04T17:47:47.562Z,https://drive.google.com/file/d/18-uWXCJUlHKVbzNlEb5QkP3BDNxVRAD0/view?usp=drivesdk,"ventura villa et al - 2026 - planeamiento estrategico, gestion por procesos y calidad educativa en una unidad de gestio",https://drive.google.com/file/d/18-uWXCJUlHKVbzNlEb5QkP3BDNxVRAD0/preview,https://drive.google.com/file/d/18-uWXCJUlHKVbzNlEb5QkP3BDNxVRAD0/view
1Z66P-PgjH3dfBHKSxcvgUs30fiPcauW4,Martinez - 2023 - LA PARTICIPACION DEL DOCENTE DE EDUCACION PRIMARIA ENLA GESTION EDUCATIVA Y REDES DE PARTI.pdf,199859,2026-10-04T17:47:15.426Z,https://drive.google.com/file/d/1Z66P-PgjH3dfBHKSxcvgUs30fiPcauW4/view?usp=drivesdk,martinez - 2023 - la participacion del docente de educacion primaria enla gestion educativa y redes de parti,https://drive.google.com/file/d/1Z66P-PgjH3dfBHKSxcvgUs30fiPcauW4/preview,https://drive.google.com/file/d/1Z66P-PgjH3dfBHKSxcvgUs30fiPcauW4/view
1luE_uPGBYNzFqcmrR1KntXceQcJCO0fZ,"Acero Cotrado - 2023 - Gestion educativa y habilidades blandas en docentes de una red Educativa de Pilcuyo Puno,.pdf",1979466,2026-10-04T17:47:13.550Z,https://drive.google.com/file/d/1luE_uPGBYNzFqcmrR1KntXceQcJCO0fZ/view?usp=drivesdk,"acero cotrado - 2023 - gestion educativa y habilidades blandas en docentes de una red educativa de pilcuyo puno,",https://drive.google.com/file/d/1luE_uPGBYNzFqcmrR1KntXceQcJCO0fZ/preview,https://drive.google.com/file/d/1luE_uPGBYNzFqcmrR1KntXceQcJCO0fZ/view
1UbpavrRhYkhsiwH1I_5Iayoi3186lBNq,Amapanqui Broncano et al - 2026 - Influencia de la Gestion Educativa en la Calidad Educativa en una Institucion Educativa Pu.pdf,381383,2026-10-04T17:47:11.493Z,https://drive.google.com/file/d/1UbpavrRhYkhsiwH1I_5Iayoi3186lBNq/view?usp=drivesdk,amapanqui broncano et al - 2026 - influencia de la gestion educativa en la calidad educativa en una institucion educativa pu,https://drive.google.com/file/d/1UbpavrRhYkhsiwH1I_5Iayoi3186lBNq/preview,https://drive.google.com/file/d/1UbpavrRhYkhsiwH1I_5Iayoi3186lBNq/view
1TDXIu5YZnmLKyIm69txDXpkN2gofTh4P,Navarro Mas - 2024 - Gestion educativa y relaciones interpersonales en docentes de las instituciones educativas.pdf,4421504,2026-10-04T17:47:08.367Z,https://drive.google.com/file/d/1TDXIu5YZnmLKyIm69txDXpkN2gofTh4P/view?usp=drivesdk,navarro mas - 2024 - gestion educativa y relaciones interpersonales en docentes de las instituciones educativas,https://drive.google.com/file/d/1TDXIu5YZnmLKyIm69txDXpkN2gofTh4P/preview,https://drive.google.com/file/d/1TDXIu5YZnmLKyIm69txDXpkN2gofTh4P/view
1lWq79EeioStk2F3YMy3pRmQzdunlIeRP,Asanza Vergara et al - 2026 - Gestion educativa y su incidencia en la innovacion pedagogica en una unidad educativa de G.pdf,452566,2026-10-04T17:47:06.081Z,https://drive.google.com/file/d/1lWq79EeioStk2F3YMy3pRmQzdunlIeRP/view?usp=drivesdk,asanza vergara et al - 2026 - gestion educativa y su incidencia en la innovacion pedagogica en una unidad educativa de g,https://drive.google.com/file/d/1lWq79EeioStk2F3YMy3pRmQzdunlIeRP/preview,https://drive.google.com/file/d/1lWq79EeioStk2F3YMy3pRmQzdunlIeRP/view
1RiHPb7fYcBfL9BP15_wNcpoQYE8nadsX,Ramos Nieto - 2025 - Contabilidad financiera y toma de decisiones en Unidad de Gestion Educativa Local El Padre.pdf,683564,2026-10-04T17:47:00.430Z,https://drive.google.com/file/d/1RiHPb7fYcBfL9BP15_wNcpoQYE8nadsX/view?usp=drivesdk,ramos nieto - 2025 - contabilidad financiera y toma de decisiones en unidad de gestion educativa local el padre,https://drive.google.com/file/d/1RiHPb7fYcBfL9BP15_wNcpoQYE8nadsX/preview,https://drive.google.com/file/d/1RiHPb7fYcBfL9BP15_wNcpoQYE8nadsX/view
13j_XqVCG9XOs3Sbs42K5xrRUtXvWZJ6y,Martinez Olivo et al - 2025 - Optimizacion de Gestion Educativa para Implementacion de Bachillerato Tecnico en Turismo e.pdf,353649,2026-10-04T17:46:54.871Z,https://drive.google.com/file/d/13j_XqVCG9XOs3Sbs42K5xrRUtXvWZJ6y/view?usp=drivesdk,martinez olivo et al - 2025 - optimizacion de gestion educativa para implementacion de bachillerato tecnico en turismo e,https://drive.google.com/file/d/13j_XqVCG9XOs3Sbs42K5xrRUtXvWZJ6y/preview,https://drive.google.com/file/d/13j_XqVCG9XOs3Sbs42K5xrRUtXvWZJ6y/view
1g7uIZTK8ballspMw-2JVdbNbbs4_l736,Cochachi Sanchez - 2025 - Liderazgo transformacional y gestion educativa en docentes de una institucion educativa pu.pdf,1033320,2026-10-04T17:46:51.234Z,https://drive.google.com/file/d/1g7uIZTK8ballspMw-2JVdbNbbs4_l736/view?usp=drivesdk,cochachi sanchez - 2025 - liderazgo transformacional y gestion educativa en docentes de una institucion educativa pu,https://drive.google.com/file/d/1g7uIZTK8ballspMw-2JVdbNbbs4_l736/preview,https://drive.google.com/file/d/1g7uIZTK8ballspMw-2JVdbNbbs4_l736/view
1TJScm6_QmNk6Tz2RREKnmcQasY7rWG3D,Martinez Pillaca - 2024 - Gestion educativa y practica docente en instituciones educativas publicas en el distrito d.pdf,2548280,2026-10-04T17:46:49.205Z,https://drive.google.com/file/d/1TJScm6_QmNk6Tz2RREKnmcQasY7rWG3D/view?usp=drivesdk,martinez pillaca - 2024 - gestion educativa y practica docente en instituciones educativas publicas en el distrito d,https://drive.google.com/file/d/1TJScm6_QmNk6Tz2RREKnmcQasY7rWG3D/preview,https://drive.google.com/file/d/1TJScm6_QmNk6Tz2RREKnmcQasY7rWG3D/view
1d5oeshDrA2SyN7wbUY3riuNmh2a3BvWg,Guevara Tafur - 2024 - Control interno y gestion de inventario en la Unidad de Gestion Educativa Local Bellavista.pdf,8010167,2026-10-04T17:46:35.483Z,https://drive.google.com/file/d/1d5oeshDrA2SyN7wbUY3riuNmh2a3BvWg/view?usp=drivesdk,guevara tafur - 2024 - control interno y gestion de inventario en la unidad de gestion educativa local bellavista,https://drive.google.com/file/d/1d5oeshDrA2SyN7wbUY3riuNmh2a3BvWg/preview,https://drive.google.com/file/d/1d5oeshDrA2SyN7wbUY3riuNmh2a3BvWg/view
1LTwCLhOl_pq2rLVQvPgPk14WUQL-LtDC,Rocio Mendoza-Moyano et al - 2026 - Relacion entre la gestion educativa inclusiva y el rendimiento academico una revision sist.pdf,716365,2026-10-04T17:46:31.049Z,https://drive.google.com/file/d/1LTwCLhOl_pq2rLVQvPgPk14WUQL-LtDC/view?usp=drivesdk,rocio mendoza-moyano et al - 2026 - relacion entre la gestion educativa inclusiva y el rendimiento academico una revision sist,https://drive.google.com/file/d/1LTwCLhOl_pq2rLVQvPgPk14WUQL-LtDC/preview,https://drive.google.com/file/d/1LTwCLhOl_pq2rLVQvPgPk14WUQL-LtDC/view
1RewbVzlCgAxsvw3dxcx_YyeniaEvxMEW,Ugalde Delgado - 2026 - Competencias en gestion educativa diagnostico en coordinadores de posgrado en la region su.pdf,439572,2026-10-04T17:46:28.475Z,https://drive.google.com/file/d/1RewbVzlCgAxsvw3dxcx_YyeniaEvxMEW/view?usp=drivesdk,ugalde delgado - 2026 - competencias en gestion educativa diagnostico en coordinadores de posgrado en la region su,https://drive.google.com/file/d/1RewbVzlCgAxsvw3dxcx_YyeniaEvxMEW/preview,https://drive.google.com/file/d/1RewbVzlCgAxsvw3dxcx_YyeniaEvxMEW/view
1C7zLfZjBBgvKYHw3Z0n4LS3JNcnjedPM,"Ayala Lorenzo - 2023 - Gestion educativa y retroalimentacion de los aprendizajes en estudiantes de primaria, I.E.pdf",3871053,2026-10-04T17:46:26.090Z,https://drive.google.com/file/d/1C7zLfZjBBgvKYHw3Z0n4LS3JNcnjedPM/view?usp=drivesdk,"ayala lorenzo - 2023 - gestion educativa y retroalimentacion de los aprendizajes en estudiantes de primaria, i.e",https://drive.google.com/file/d/1C7zLfZjBBgvKYHw3Z0n4LS3JNcnjedPM/preview,https://drive.google.com/file/d/1C7zLfZjBBgvKYHw3Z0n4LS3JNcnjedPM/view
1n9gPTE7RQJLkUvlIL3-lwmPZGWcRQLD0,Requena Contreras - 2023 - Gestion educativa y desempeno docente en una institucion educativa de San Juan de Luriganc.pdf,1278720,2026-10-04T17:46:24.114Z,https://drive.google.com/file/d/1n9gPTE7RQJLkUvlIL3-lwmPZGWcRQLD0/view?usp=drivesdk,requena contreras - 2023 - gestion educativa y desempeno docente en una institucion educativa de san juan de luriganc,https://drive.google.com/file/d/1n9gPTE7RQJLkUvlIL3-lwmPZGWcRQLD0/preview,https://drive.google.com/file/d/1n9gPTE7RQJLkUvlIL3-lwmPZGWcRQLD0/view
1gFwmfoBWYWXx3LGaoXOh4HSdh2aIPADd,Saucedo Perez - 2024 - Gestion educativa y desempeno docente en instituciones educativas rural bilingue del distr.pdf,1360107,2026-10-04T17:46:22.142Z,https://drive.google.com/file/d/1gFwmfoBWYWXx3LGaoXOh4HSdh2aIPADd/view?usp=drivesdk,saucedo perez - 2024 - gestion educativa y desempeno docente en instituciones educativas rural bilingue del distr,https://drive.google.com/file/d/1gFwmfoBWYWXx3LGaoXOh4HSdh2aIPADd/preview,https://drive.google.com/file/d/1gFwmfoBWYWXx3LGaoXOh4HSdh2aIPADd/view
1oyyxtF_Xo86xOms3iVWDJCf-g56wVlts,Muro Flores - 2025 - Programa de gestion educativa para el liderazgo pedagogico en una institucion educativa de.pdf,2736606,2026-10-04T17:46:19.780Z,https://drive.google.com/file/d/1oyyxtF_Xo86xOms3iVWDJCf-g56wVlts/view?usp=drivesdk,muro flores - 2025 - programa de gestion educativa para el liderazgo pedagogico en una institucion educativa de,https://drive.google.com/file/d/1oyyxtF_Xo86xOms3iVWDJCf-g56wVlts/preview,https://drive.google.com/file/d/1oyyxtF_Xo86xOms3iVWDJCf-g56wVlts/view
1uzyJTaZY0EQOTbgIAcTaRvM8bEjPHFEr,de-los-Milagros De-la-Puente-Acosta et al - 2024 - Gestion educativa y desempeno docente Mejora del aprendizaje de estudiantes en el area de.pdf,493095,2026-10-04T17:46:14.167Z,https://drive.google.com/file/d/1uzyJTaZY0EQOTbgIAcTaRvM8bEjPHFEr/view?usp=drivesdk,de-los-milagros de-la-puente-acosta et al - 2024 - gestion educativa y desempeno docente mejora del aprendizaje de estudiantes en el area de,https://drive.google.com/file/d/1uzyJTaZY0EQOTbgIAcTaRvM8bEjPHFEr/preview,https://drive.google.com/file/d/1uzyJTaZY0EQOTbgIAcTaRvM8bEjPHFEr/view
1vymVojsAeaVHmqDPE6_8hdW6kqEJal8U,Espinoza Capillo Obregon Alzamora - 2024 - Liderazgo Transformacional y Gestion Educativa en la I.E. N. 5127 Martir Jose Olaya. Venta.pdf,590916,2026-10-04T17:46:08.919Z,https://drive.google.com/file/d/1vymVojsAeaVHmqDPE6_8hdW6kqEJal8U/view?usp=drivesdk,espinoza capillo obregon alzamora - 2024 - liderazgo transformacional y gestion educativa en la i.e. n. 5127 martir jose olaya. venta,https://drive.google.com/file/d/1vymVojsAeaVHmqDPE6_8hdW6kqEJal8U/preview,https://drive.google.com/file/d/1vymVojsAeaVHmqDPE6_8hdW6kqEJal8U/view
1tUAWnUweV09GsAg5fwbzZjDjRFhnUrur,Leyva Tejada - 2024 - Gestion educativa y desempeno docente en centros de educacion basica alternativa de Lima M.pdf,1905676,2026-10-04T17:46:03.934Z,https://drive.google.com/file/d/1tUAWnUweV09GsAg5fwbzZjDjRFhnUrur/view?usp=drivesdk,leyva tejada - 2024 - gestion educativa y desempeno docente en centros de educacion basica alternativa de lima m,https://drive.google.com/file/d/1tUAWnUweV09GsAg5fwbzZjDjRFhnUrur/preview,https://drive.google.com/file/d/1tUAWnUweV09GsAg5fwbzZjDjRFhnUrur/view
1ZwF9-SY_Te-WqLBIZ0pYaoCj989f-6Yq,Angulo Gutierrez - 2025 - Liderazgo transformacional y gestion educativa en una institucion educativa publica UGEL 0.pdf,1987988,2026-10-04T17:45:58.755Z,https://drive.google.com/file/d/1ZwF9-SY_Te-WqLBIZ0pYaoCj989f-6Yq/view?usp=drivesdk,angulo gutierrez - 2025 - liderazgo transformacional y gestion educativa en una institucion educativa publica ugel 0,https://drive.google.com/file/d/1ZwF9-SY_Te-WqLBIZ0pYaoCj989f-6Yq/preview,https://drive.google.com/file/d/1ZwF9-SY_Te-WqLBIZ0pYaoCj989f-6Yq/view
1wnsa8W3zbXgWojPyNp19IoiRUegI_6GR,Sosa Mendoza - 2023 - Educacion ambiental y estrategia en una Unidad de Gestion Educativa Local de Ayacucho 2023.pdf,338933,2026-10-04T17:45:46.805Z,https://drive.google.com/file/d/1wnsa8W3zbXgWojPyNp19IoiRUegI_6GR/view?usp=drivesdk,sosa mendoza - 2023 - educacion ambiental y estrategia en una unidad de gestion educativa local de ayacucho 2023,https://drive.google.com/file/d/1wnsa8W3zbXgWojPyNp19IoiRUegI_6GR/preview,https://drive.google.com/file/d/1wnsa8W3zbXgWojPyNp19IoiRUegI_6GR/view
1Gundwo20z4qyZdOy_E5zdFArrZdE3gis,de Vera - 2024 - Gestion educativa en la satisfaccion estudiantil de una institucion educativa publica Pauc.pdf,3203072,2026-10-04T17:45:44.511Z,https://drive.google.com/file/d/1Gundwo20z4qyZdOy_E5zdFArrZdE3gis/view?usp=drivesdk,de vera - 2024 - gestion educativa en la satisfaccion estudiantil de una institucion educativa publica pauc,https://drive.google.com/file/d/1Gundwo20z4qyZdOy_E5zdFArrZdE3gis/preview,https://drive.google.com/file/d/1Gundwo20z4qyZdOy_E5zdFArrZdE3gis/view
1gP3NcsM6qPHgkJi_RV_RNLEjc_ztpjY6,"Delgado Martiarena - 2025 - Gestion educativa y satisfaccion laboral docente en una entidad educativa de Quispicanchi,.pdf",2168320,2026-10-04T17:45:42.488Z,https://drive.google.com/file/d/1gP3NcsM6qPHgkJi_RV_RNLEjc_ztpjY6/view?usp=drivesdk,"delgado martiarena - 2025 - gestion educativa y satisfaccion laboral docente en una entidad educativa de quispicanchi,",https://drive.google.com/file/d/1gP3NcsM6qPHgkJi_RV_RNLEjc_ztpjY6/preview,https://drive.google.com/file/d/1gP3NcsM6qPHgkJi_RV_RNLEjc_ztpjY6/view
1fnhsrQxWe8dBvzcqiA6GqDJWuOvrEdjW,Mendoza Marin et al - 2024 - La gestion educativa como elemento transformador e innovador una revision sistematica y an.pdf,6534783,2026-10-04T17:45:40.179Z,https://drive.google.com/file/d/1fnhsrQxWe8dBvzcqiA6GqDJWuOvrEdjW/view?usp=drivesdk,mendoza marin et al - 2024 - la gestion educativa como elemento transformador e innovador una revision sistematica y an,https://drive.google.com/file/d/1fnhsrQxWe8dBvzcqiA6GqDJWuOvrEdjW/preview,https://drive.google.com/file/d/1fnhsrQxWe8dBvzcqiA6GqDJWuOvrEdjW/view
1LLdfv8PVuk7RtMbvHic3Sv2UV_H9e_x1,Contreras Ortiz Contreras Ortiz - 2025 - Modelo para la integracion de las redes sociales en el proceso de gestion educativa.pdf,219334,2026-10-04T17:45:38.080Z,https://drive.google.com/file/d/1LLdfv8PVuk7RtMbvHic3Sv2UV_H9e_x1/view?usp=drivesdk,contreras ortiz contreras ortiz - 2025 - modelo para la integracion de las redes sociales en el proceso de gestion educativa,https://drive.google.com/file/d/1LLdfv8PVuk7RtMbvHic3Sv2UV_H9e_x1/preview,https://drive.google.com/file/d/1LLdfv8PVuk7RtMbvHic3Sv2UV_H9e_x1/view
1d3dpd1MlE5cye4OqlKvHIai2fykN6Jn3,"Quispe Condor - 2024 - Gestion educativa y ambiental en el desarrollo sostenible de una UGEL de Lima, 2024.pdf",359927,2026-10-04T17:45:35.944Z,https://drive.google.com/file/d/1d3dpd1MlE5cye4OqlKvHIai2fykN6Jn3/view?usp=drivesdk,"quispe condor - 2024 - gestion educativa y ambiental en el desarrollo sostenible de una ugel de lima, 2024",https://drive.google.com/file/d/1d3dpd1MlE5cye4OqlKvHIai2fykN6Jn3/preview,https://drive.google.com/file/d/1d3dpd1MlE5cye4OqlKvHIai2fykN6Jn3/view
1KV2j_INPmc0Hh8wY27VdjljZR66MPf4L,Durand Ysla - 2024 - Gestion educativa y desempeno docente de una institucion educativa del distrito El Agustin.pdf,2632309,2026-10-04T17:45:34.334Z,https://drive.google.com/file/d/1KV2j_INPmc0Hh8wY27VdjljZR66MPf4L/view?usp=drivesdk,durand ysla - 2024 - gestion educativa y desempeno docente de una institucion educativa del distrito el agustin,https://drive.google.com/file/d/1KV2j_INPmc0Hh8wY27VdjljZR66MPf4L/preview,https://drive.google.com/file/d/1KV2j_INPmc0Hh8wY27VdjljZR66MPf4L/view
1SR_mfEl76A3PpBcqx7WaHLj0b6fU1hcC,Badillo Fierro - 2024 - Gestion educativa y clima organizacional en instituciones educativas publicas del distrito.pdf,9688111,2026-10-04T17:45:32.172Z,https://drive.google.com/file/d/1SR_mfEl76A3PpBcqx7WaHLj0b6fU1hcC/view?usp=drivesdk,badillo fierro - 2024 - gestion educativa y clima organizacional en instituciones educativas publicas del distrito,https://drive.google.com/file/d/1SR_mfEl76A3PpBcqx7WaHLj0b6fU1hcC/preview,https://drive.google.com/file/d/1SR_mfEl76A3PpBcqx7WaHLj0b6fU1hcC/view
1Lj4m-tR5DeujM85QlHMIWH2EMMQX4lob,Zarate Quintana Salgado Chevez - 2026 - Gestion educativa innovadora y mejora institucional en Basica Superior estudio correlacion.pdf,416954,2026-10-04T17:45:29.702Z,https://drive.google.com/file/d/1Lj4m-tR5DeujM85QlHMIWH2EMMQX4lob/view?usp=drivesdk,zarate quintana salgado chevez - 2026 - gestion educativa innovadora y mejora institucional en basica superior estudio correlacion,https://drive.google.com/file/d/1Lj4m-tR5DeujM85QlHMIWH2EMMQX4lob/preview,https://drive.google.com/file/d/1Lj4m-tR5DeujM85QlHMIWH2EMMQX4lob/view
1Ec3KPNua4PqEH2d9x_DhLSyXufMQc45v,Barcelos Garcia - 2025 - Gestion educativa en el clima laboral en docentes de una Institucion Educativa de Ucayali.pdf,684251,2026-10-04T17:45:27.456Z,https://drive.google.com/file/d/1Ec3KPNua4PqEH2d9x_DhLSyXufMQc45v/view?usp=drivesdk,barcelos garcia - 2025 - gestion educativa en el clima laboral en docentes de una institucion educativa de ucayali,https://drive.google.com/file/d/1Ec3KPNua4PqEH2d9x_DhLSyXufMQc45v/preview,https://drive.google.com/file/d/1Ec3KPNua4PqEH2d9x_DhLSyXufMQc45v/view
1mxlFwfABRYoRUh3oFHh7W3haFTqjAWsd,"Castro Vilca Castro Vilca - 2024 - Gestion educativa y desempeno docente en las instituciones educativas de la UGEL Puno, 202.pdf",299722,2026-10-04T17:45:25.588Z,https://drive.google.com/file/d/1mxlFwfABRYoRUh3oFHh7W3haFTqjAWsd/view?usp=drivesdk,"castro vilca castro vilca - 2024 - gestion educativa y desempeno docente en las instituciones educativas de la ugel puno, 202",https://drive.google.com/file/d/1mxlFwfABRYoRUh3oFHh7W3haFTqjAWsd/preview,https://drive.google.com/file/d/1mxlFwfABRYoRUh3oFHh7W3haFTqjAWsd/view
1WJqY1WXW6emGxBVBpawz18HCHVZC723g,Rojas Pilco - 2025 - Gestion educativa y convivencia escolar en estudiantes de una institucion educativa public.pdf,2258788,2026-10-04T17:45:23.576Z,https://drive.google.com/file/d/1WJqY1WXW6emGxBVBpawz18HCHVZC723g/view?usp=drivesdk,rojas pilco - 2025 - gestion educativa y convivencia escolar en estudiantes de una institucion educativa public,https://drive.google.com/file/d/1WJqY1WXW6emGxBVBpawz18HCHVZC723g/preview,https://drive.google.com/file/d/1WJqY1WXW6emGxBVBpawz18HCHVZC723g/view
1yfyFX7YUGGAgujgO66m8P9NIq2yMhZ8d,Mejia Fernandez - 2025 - Ejecucion presupuestal y eficiencia administrativa en una unidad de gestion educativa de A.pdf,426980,2026-10-04T17:44:50.803Z,https://drive.google.com/file/d/1yfyFX7YUGGAgujgO66m8P9NIq2yMhZ8d/view?usp=drivesdk,mejia fernandez - 2025 - ejecucion presupuestal y eficiencia administrativa en una unidad de gestion educativa de a,https://drive.google.com/file/d/1yfyFX7YUGGAgujgO66m8P9NIq2yMhZ8d/preview,https://drive.google.com/file/d/1yfyFX7YUGGAgujgO66m8P9NIq2yMhZ8d/view
1C1lwqx9CRxWliV1tRwte_08homnWzgZz,Guerrero Talez - 2025 - El liderazgo lateral como influencia de transformacion en los equipos de gestion educativa.pdf,434028,2026-10-04T17:44:34.556Z,https://drive.google.com/file/d/1C1lwqx9CRxWliV1tRwte_08homnWzgZz/view?usp=drivesdk,guerrero talez - 2025 - el liderazgo lateral como influencia de transformacion en los equipos de gestion educativa,https://drive.google.com/file/d/1C1lwqx9CRxWliV1tRwte_08homnWzgZz/preview,https://drive.google.com/file/d/1C1lwqx9CRxWliV1tRwte_08homnWzgZz/view
1osESI8S9APHLryqC1fRrqneka3cyLVwk,Mera Chuquicahua - 2025 - Tecnologias de la informacion y la gestion educativa de una I.E. de Cutervo 2025.pdf,8131200,2026-10-04T17:44:30.368Z,https://drive.google.com/file/d/1osESI8S9APHLryqC1fRrqneka3cyLVwk/view?usp=drivesdk,mera chuquicahua - 2025 - tecnologias de la informacion y la gestion educativa de una i.e. de cutervo 2025,https://drive.google.com/file/d/1osESI8S9APHLryqC1fRrqneka3cyLVwk/preview,https://drive.google.com/file/d/1osESI8S9APHLryqC1fRrqneka3cyLVwk/view
1-krY-OED5cXgUd5D7JYfuzJUlDj5fwOD,Salas Uribe - 2026 - Gestion educativa y liderazgo escolar Hacia un nuevo paradigma centrado en la transformaci.pdf,311166,2026-10-04T17:44:28.416Z,https://drive.google.com/file/d/1-krY-OED5cXgUd5D7JYfuzJUlDj5fwOD/view?usp=drivesdk,salas uribe - 2026 - gestion educativa y liderazgo escolar hacia un nuevo paradigma centrado en la transformaci,https://drive.google.com/file/d/1-krY-OED5cXgUd5D7JYfuzJUlDj5fwOD/preview,https://drive.google.com/file/d/1-krY-OED5cXgUd5D7JYfuzJUlDj5fwOD/view
1zLadLNKlRZO010SvDIWh5FdooZ_sAc-N,Banda Rafael - 2024 - La comunicacion interna y la gestion educativa en una institucion educativa particular de.pdf,832747,2026-10-04T17:44:26.521Z,https://drive.google.com/file/d/1zLadLNKlRZO010SvDIWh5FdooZ_sAc-N/view?usp=drivesdk,banda rafael - 2024 - la comunicacion interna y la gestion educativa en una institucion educativa particular de,https://drive.google.com/file/d/1zLadLNKlRZO010SvDIWh5FdooZ_sAc-N/preview,https://drive.google.com/file/d/1zLadLNKlRZO010SvDIWh5FdooZ_sAc-N/view
18HLde21PoURSoNCxHJ70hw8KgE6f69er,"Asencio Gamarra - 2022 - Gestion educativa y calidad educativa en una institucion educativa de El Milagro, Trujillo.pdf",1056779,2026-10-04T17:44:24.481Z,https://drive.google.com/file/d/18HLde21PoURSoNCxHJ70hw8KgE6f69er/view?usp=drivesdk,"asencio gamarra - 2022 - gestion educativa y calidad educativa en una institucion educativa de el milagro, trujillo",https://drive.google.com/file/d/18HLde21PoURSoNCxHJ70hw8KgE6f69er/preview,https://drive.google.com/file/d/18HLde21PoURSoNCxHJ70hw8KgE6f69er/view
1UOQpZKkevkLC89vC6S0_Mb48YdVZ2ogz,Quispe Quispe - 2024 - Gestion estrategica y ejecucion presupuestal en una Unidad de Gestion Educativa Local. Cus.pdf,2346621,2026-10-04T17:43:51.329Z,https://drive.google.com/file/d/1UOQpZKkevkLC89vC6S0_Mb48YdVZ2ogz/view?usp=drivesdk,quispe quispe - 2024 - gestion estrategica y ejecucion presupuestal en una unidad de gestion educativa local. cus,https://drive.google.com/file/d/1UOQpZKkevkLC89vC6S0_Mb48YdVZ2ogz/preview,https://drive.google.com/file/d/1UOQpZKkevkLC89vC6S0_Mb48YdVZ2ogz/view
142uM0ZFWf9HpMxCkfxRabo3Q55I5iG0l,"Taboada Tenazoa - 2025 - Gestion educativa y calidad de servicio en dos instituciones educativas publicas de Lima,.pdf",2901784,2026-10-04T17:43:49.495Z,https://drive.google.com/file/d/142uM0ZFWf9HpMxCkfxRabo3Q55I5iG0l/view?usp=drivesdk,"taboada tenazoa - 2025 - gestion educativa y calidad de servicio en dos instituciones educativas publicas de lima,",https://drive.google.com/file/d/142uM0ZFWf9HpMxCkfxRabo3Q55I5iG0l/preview,https://drive.google.com/file/d/142uM0ZFWf9HpMxCkfxRabo3Q55I5iG0l/view
1R48CeibRdRXklfxhcqIac7bfmx7BLlLK,"Licas Aguilar - 2024 - Gestion educativa por procesos en el desempeno docente de una institucion educativa,Lima 2.pdf",3549418,2026-10-04T17:43:47.497Z,https://drive.google.com/file/d/1R48CeibRdRXklfxhcqIac7bfmx7BLlLK/view?usp=drivesdk,"licas aguilar - 2024 - gestion educativa por procesos en el desempeno docente de una institucion educativa,lima 2",https://drive.google.com/file/d/1R48CeibRdRXklfxhcqIac7bfmx7BLlLK/preview,https://drive.google.com/file/d/1R48CeibRdRXklfxhcqIac7bfmx7BLlLK/view
1acypcYj3bxx8tyiHXdaHK4rMN3TH4Zd0,"Rojas Vilchez - 2024 - Gestion educativa y desempeno docente en una institucion educativa particular de Ate, Lima.pdf",1723151,2026-10-04T17:43:13.865Z,https://drive.google.com/file/d/1acypcYj3bxx8tyiHXdaHK4rMN3TH4Zd0/view?usp=drivesdk,"rojas vilchez - 2024 - gestion educativa y desempeno docente en una institucion educativa particular de ate, lima",https://drive.google.com/file/d/1acypcYj3bxx8tyiHXdaHK4rMN3TH4Zd0/preview,https://drive.google.com/file/d/1acypcYj3bxx8tyiHXdaHK4rMN3TH4Zd0/view
1cVektKtFbRkvCvXmM7kJAdnLuDshlVH4,Fonseca Fuentes Molina Camacho - 2020 - La gestion educativa en la IED Ciudad Bolivar Argentina en el marco del posconflicto.pdf,724,2026-10-04T17:43:11.820Z,https://drive.google.com/file/d/1cVektKtFbRkvCvXmM7kJAdnLuDshlVH4/view?usp=drivesdk,fonseca fuentes molina camacho - 2020 - la gestion educativa en la ied ciudad bolivar argentina en el marco del posconflicto,https://drive.google.com/file/d/1cVektKtFbRkvCvXmM7kJAdnLuDshlVH4/preview,https://drive.google.com/file/d/1cVektKtFbRkvCvXmM7kJAdnLuDshlVH4/view
1yZZ_qN0q7glp6T5aMgam-jtCzBBZX4_L,Aquino Arroyo - 2025 - Gestion educativa en el acompanamiento docente de diez instituciones educativas publicas S.pdf,3548113,2026-10-04T17:42:56.166Z,https://drive.google.com/file/d/1yZZ_qN0q7glp6T5aMgam-jtCzBBZX4_L/view?usp=drivesdk,aquino arroyo - 2025 - gestion educativa en el acompanamiento docente de diez instituciones educativas publicas s,https://drive.google.com/file/d/1yZZ_qN0q7glp6T5aMgam-jtCzBBZX4_L/preview,https://drive.google.com/file/d/1yZZ_qN0q7glp6T5aMgam-jtCzBBZX4_L/view
1CI3Dh6dwim5Xrb-xr3CtTRJO4dSvaRCg,"Gomez Quillay - 2025 - Gestion educativa y el clima organizacional en una institucion educativa publica en Lima,.pdf",979877,2026-10-04T17:42:52.639Z,https://drive.google.com/file/d/1CI3Dh6dwim5Xrb-xr3CtTRJO4dSvaRCg/view?usp=drivesdk,"gomez quillay - 2025 - gestion educativa y el clima organizacional en una institucion educativa publica en lima,",https://drive.google.com/file/d/1CI3Dh6dwim5Xrb-xr3CtTRJO4dSvaRCg/preview,https://drive.google.com/file/d/1CI3Dh6dwim5Xrb-xr3CtTRJO4dSvaRCg/view
1U50CL8EeU4NxzaUJC4osgwQZlt54TFd4,Capacho Zea Rincon Tapias - 2020 - La gestion educativa y sus implicaciones en las instituciones educativas en tiempos de pos.pdf,724,2026-10-04T17:42:50.612Z,https://drive.google.com/file/d/1U50CL8EeU4NxzaUJC4osgwQZlt54TFd4/view?usp=drivesdk,capacho zea rincon tapias - 2020 - la gestion educativa y sus implicaciones en las instituciones educativas en tiempos de pos,https://drive.google.com/file/d/1U50CL8EeU4NxzaUJC4osgwQZlt54TFd4/preview,https://drive.google.com/file/d/1U50CL8EeU4NxzaUJC4osgwQZlt54TFd4/view
1edjP3576rjyumkxB51Qgg9pe1sttrB-s,Abreu Colombri - 2026 - El debate politico y la gestion educativa durante los gobiernos de Truman y Eisenhower.pdf,816782,2026-10-04T17:42:48.484Z,https://drive.google.com/file/d/1edjP3576rjyumkxB51Qgg9pe1sttrB-s/view?usp=drivesdk,abreu colombri - 2026 - el debate politico y la gestion educativa durante los gobiernos de truman y eisenhower,https://drive.google.com/file/d/1edjP3576rjyumkxB51Qgg9pe1sttrB-s/preview,https://drive.google.com/file/d/1edjP3576rjyumkxB51Qgg9pe1sttrB-s/view
1yB4Fpt48KF8gz3YXQagGDvGvpumJ5TFA,"Cuenca Macas Brito Valencia - 2026 - Comunicacion Activa para la Gestion Educativa, entre Directivos-Docentes y Estudiantes-Pad.pdf",334380,2026-10-04T17:42:45.029Z,https://drive.google.com/file/d/1yB4Fpt48KF8gz3YXQagGDvGvpumJ5TFA/view?usp=drivesdk,"cuenca macas brito valencia - 2026 - comunicacion activa para la gestion educativa, entre directivos-docentes y estudiantes-pad",https://drive.google.com/file/d/1yB4Fpt48KF8gz3YXQagGDvGvpumJ5TFA/preview,https://drive.google.com/file/d/1yB4Fpt48KF8gz3YXQagGDvGvpumJ5TFA/view
14Qu3Gq5BVmukqjYmUFoPJl1En84gWTsa,Parraga Casanova Vasquez Villacreses - 2026 - Gestion Educativa para el Fortalecimiento de la Resiliencia Cultural en la Unidad Educativ.pdf,313327,2026-10-04T17:42:37.791Z,https://drive.google.com/file/d/14Qu3Gq5BVmukqjYmUFoPJl1En84gWTsa/view?usp=drivesdk,parraga casanova vasquez villacreses - 2026 - gestion educativa para el fortalecimiento de la resiliencia cultural en la unidad educativ,https://drive.google.com/file/d/14Qu3Gq5BVmukqjYmUFoPJl1En84gWTsa/preview,https://drive.google.com/file/d/14Qu3Gq5BVmukqjYmUFoPJl1En84gWTsa/view
1EWNHN_oHxdBW318roWbJaXIndTGR3z7I,Corcho Anaya et al - 2026 - De la politica a la practica revision critica sobre formacion docente y gestion educativa.pdf,226756,2026-10-04T17:42:32.029Z,https://drive.google.com/file/d/1EWNHN_oHxdBW318roWbJaXIndTGR3z7I/view?usp=drivesdk,corcho anaya et al - 2026 - de la politica a la practica revision critica sobre formacion docente y gestion educativa,https://drive.google.com/file/d/1EWNHN_oHxdBW318roWbJaXIndTGR3z7I/preview,https://drive.google.com/file/d/1EWNHN_oHxdBW318roWbJaXIndTGR3z7I/view
1fJZPJeMXP36EL9bK5yOnyzZ0r4z7Qp-8,Feijoo - 2025 - Percepciones de los actores educativos sobre el contexto de auditoria a la gestion educati.pdf,450745,2026-10-04T17:42:27.634Z,https://drive.google.com/file/d/1fJZPJeMXP36EL9bK5yOnyzZ0r4z7Qp-8/view?usp=drivesdk,feijoo - 2025 - percepciones de los actores educativos sobre el contexto de auditoria a la gestion educati,https://drive.google.com/file/d/1fJZPJeMXP36EL9bK5yOnyzZ0r4z7Qp-8/preview,https://drive.google.com/file/d/1fJZPJeMXP36EL9bK5yOnyzZ0r4z7Qp-8/view
1NcAOI5zaHb4pDSCNEvbmixzLY7pN3Z80,Caucha Morales - 2026 - Politicas de Gestion Educativa en Sudamerica Revision Sistematica de la Literatura (2012-2.pdf,465349,2026-10-04T17:42:21.828Z,https://drive.google.com/file/d/1NcAOI5zaHb4pDSCNEvbmixzLY7pN3Z80/view?usp=drivesdk,caucha morales - 2026 - politicas de gestion educativa en sudamerica revision sistematica de la literatura (2012-2,https://drive.google.com/file/d/1NcAOI5zaHb4pDSCNEvbmixzLY7pN3Z80/preview,https://drive.google.com/file/d/1NcAOI5zaHb4pDSCNEvbmixzLY7pN3Z80/view
19JAWosfnr4Umt8mNJcg9755LxpxAQa3L,Rivera - 2025 - Analisis comparativo de la transformacion digital. Lecciones desde la gestion educativa en.pdf,552284,2026-10-04T17:42:16.415Z,https://drive.google.com/file/d/19JAWosfnr4Umt8mNJcg9755LxpxAQa3L/view?usp=drivesdk,rivera - 2025 - analisis comparativo de la transformacion digital. lecciones desde la gestion educativa en,https://drive.google.com/file/d/19JAWosfnr4Umt8mNJcg9755LxpxAQa3L/preview,https://drive.google.com/file/d/19JAWosfnr4Umt8mNJcg9755LxpxAQa3L/view
1wdz60PbZcz0eo-zUSrjr0fRnv_sKVxas,Gomez Cedeno Osorio Herrera - 2026 - El ciclo PHVA y su connotacion pedagogica una reflexion desde la gestion educativa.pdf,288145,2026-10-04T17:42:15.001Z,https://drive.google.com/file/d/1wdz60PbZcz0eo-zUSrjr0fRnv_sKVxas/view?usp=drivesdk,gomez cedeno osorio herrera - 2026 - el ciclo phva y su connotacion pedagogica una reflexion desde la gestion educativa,https://drive.google.com/file/d/1wdz60PbZcz0eo-zUSrjr0fRnv_sKVxas/preview,https://drive.google.com/file/d/1wdz60PbZcz0eo-zUSrjr0fRnv_sKVxas/view
1ESwJs5ocGYxOVhNxlF_FC1DuwZADWqQQ,Bejarano - 2020 - Hacia una gestion educativa eficiente para el logro de aprendizajes en instituciones publi.pdf,576200,2026-10-04T17:42:13.186Z,https://drive.google.com/file/d/1ESwJs5ocGYxOVhNxlF_FC1DuwZADWqQQ/view?usp=drivesdk,bejarano - 2020 - hacia una gestion educativa eficiente para el logro de aprendizajes en instituciones publi,https://drive.google.com/file/d/1ESwJs5ocGYxOVhNxlF_FC1DuwZADWqQQ/preview,https://drive.google.com/file/d/1ESwJs5ocGYxOVhNxlF_FC1DuwZADWqQQ/view
1TBKuZaN94Tk4fXHtTzbaAoUR7Ny5dqjH,Navarrete Pinto et al - 2024 - Eficiencia de la Gestion Educativa y su Impacto en la Innovacion del Docente.pdf,344864,2026-10-04T17:41:58.458Z,https://drive.google.com/file/d/1TBKuZaN94Tk4fXHtTzbaAoUR7Ny5dqjH/view?usp=drivesdk,navarrete pinto et al - 2024 - eficiencia de la gestion educativa y su impacto en la innovacion del docente,https://drive.google.com/file/d/1TBKuZaN94Tk4fXHtTzbaAoUR7Ny5dqjH/preview,https://drive.google.com/file/d/1TBKuZaN94Tk4fXHtTzbaAoUR7Ny5dqjH/view
1bjAI3AZFLWOjWwDR4-3VzNY651xo9IX-,Mancilla Chamorro - 2020 - Motivacion y satisfaccion laboral en la unidad de gestion educativa local Huanuco - 2019.pdf,2353867,2026-10-04T17:41:56.152Z,https://drive.google.com/file/d/1bjAI3AZFLWOjWwDR4-3VzNY651xo9IX-/view?usp=drivesdk,mancilla chamorro - 2020 - motivacion y satisfaccion laboral en la unidad de gestion educativa local huanuco - 2019,https://drive.google.com/file/d/1bjAI3AZFLWOjWwDR4-3VzNY651xo9IX-/preview,https://drive.google.com/file/d/1bjAI3AZFLWOjWwDR4-3VzNY651xo9IX-/view
1bwrZT7y7X86W6ju9uws3Y-KzGve7TE1K,Bautista Machaca - 2026 - Dialogo intercultural participativo y gestion educativa descolonizadora en contextos urban.pdf,314647,2026-10-04T17:41:51.936Z,https://drive.google.com/file/d/1bwrZT7y7X86W6ju9uws3Y-KzGve7TE1K/view?usp=drivesdk,bautista machaca - 2026 - dialogo intercultural participativo y gestion educativa descolonizadora en contextos urban,https://drive.google.com/file/d/1bwrZT7y7X86W6ju9uws3Y-KzGve7TE1K/preview,https://drive.google.com/file/d/1bwrZT7y7X86W6ju9uws3Y-KzGve7TE1K/view
1BmDqGx4Y168YGGaKTRag0P43H0lCnRs3,"Pelaez-Arango Cesar Jaramillo - 2026 - Alfabetizacion digital, gestion educativa y cooperacion interinstitucional en zonas rurale.pdf",487370,2026-10-04T17:41:49.038Z,https://drive.google.com/file/d/1BmDqGx4Y168YGGaKTRag0P43H0lCnRs3/view?usp=drivesdk,"pelaez-arango cesar jaramillo - 2026 - alfabetizacion digital, gestion educativa y cooperacion interinstitucional en zonas rurale",https://drive.google.com/file/d/1BmDqGx4Y168YGGaKTRag0P43H0lCnRs3/preview,https://drive.google.com/file/d/1BmDqGx4Y168YGGaKTRag0P43H0lCnRs3/view
1b_UHMZGzIHsf_Tk9IEAGzvV4AeyS-w48,Sinarahua Perez et al - 2024 - GESTION EDUCATIVA INTEGRAL MEJORANDO EL AMBIENTE LABORAL Y EL DESEMPENO DEL PERSONAL DOCEN.pdf,3516366,2026-10-04T17:41:46.516Z,https://drive.google.com/file/d/1b_UHMZGzIHsf_Tk9IEAGzvV4AeyS-w48/view?usp=drivesdk,sinarahua perez et al - 2024 - gestion educativa integral mejorando el ambiente laboral y el desempeno del personal docen,https://drive.google.com/file/d/1b_UHMZGzIHsf_Tk9IEAGzvV4AeyS-w48/preview,https://drive.google.com/file/d/1b_UHMZGzIHsf_Tk9IEAGzvV4AeyS-w48/view
1a8fwaMUF9On--SMJm1UlbPttss8M0j6Q,de Justiniano - 2023 - La gestion educativa en el desempeno docente de una institucion educativa de Pacasmayo.pdf,2311008,2026-10-04T17:41:44.159Z,https://drive.google.com/file/d/1a8fwaMUF9On--SMJm1UlbPttss8M0j6Q/view?usp=drivesdk,de justiniano - 2023 - la gestion educativa en el desempeno docente de una institucion educativa de pacasmayo,https://drive.google.com/file/d/1a8fwaMUF9On--SMJm1UlbPttss8M0j6Q/preview,https://drive.google.com/file/d/1a8fwaMUF9On--SMJm1UlbPttss8M0j6Q/view
1SpsnIxn6seZHVm8YSOLy_bkEmBwV8rat,"Ramirez Arellano - 2024 - Gestion educativa y comunicacion asertiva vista por docentes de escuelas privadas, Ate 202.pdf",2768168,2026-10-04T17:41:41.897Z,https://drive.google.com/file/d/1SpsnIxn6seZHVm8YSOLy_bkEmBwV8rat/view?usp=drivesdk,"ramirez arellano - 2024 - gestion educativa y comunicacion asertiva vista por docentes de escuelas privadas, ate 202",https://drive.google.com/file/d/1SpsnIxn6seZHVm8YSOLy_bkEmBwV8rat/preview,https://drive.google.com/file/d/1SpsnIxn6seZHVm8YSOLy_bkEmBwV8rat/view
1LrasgcT4oWu_KXvAKdQ-OeeqBcbi51EV,"Amaya Olaya - 2025 - Gobernabilidad y apoyo familiar estatal para potenciar la gestion educativa en Piura, 2025.pdf",812439,2026-10-04T17:41:39.604Z,https://drive.google.com/file/d/1LrasgcT4oWu_KXvAKdQ-OeeqBcbi51EV/view?usp=drivesdk,"amaya olaya - 2025 - gobernabilidad y apoyo familiar estatal para potenciar la gestion educativa en piura, 2025",https://drive.google.com/file/d/1LrasgcT4oWu_KXvAKdQ-OeeqBcbi51EV/preview,https://drive.google.com/file/d/1LrasgcT4oWu_KXvAKdQ-OeeqBcbi51EV/view
1U42fmGyjtiZyQ7KPNczr141IPHLy3l2j,Cerna Palomino - 2024 - Gestion educativa y practica docente en una institucion educativa publica de Cajamarca 202.pdf,2786496,2026-10-04T17:41:32.432Z,https://drive.google.com/file/d/1U42fmGyjtiZyQ7KPNczr141IPHLy3l2j/view?usp=drivesdk,cerna palomino - 2024 - gestion educativa y practica docente en una institucion educativa publica de cajamarca 202,https://drive.google.com/file/d/1U42fmGyjtiZyQ7KPNczr141IPHLy3l2j/preview,https://drive.google.com/file/d/1U42fmGyjtiZyQ7KPNczr141IPHLy3l2j/view
13woPKZd5kpVdLRvGX5r_e1mplk8GBPcv,"Arevalo Barros - 2025 - Gestion educativa con enfoque humano Liderar escuelas con empatia, proposito y transformac.pdf",2423373,2026-10-04T17:41:29.381Z,https://drive.google.com/file/d/13woPKZd5kpVdLRvGX5r_e1mplk8GBPcv/view?usp=drivesdk,"arevalo barros - 2025 - gestion educativa con enfoque humano liderar escuelas con empatia, proposito y transformac",https://drive.google.com/file/d/13woPKZd5kpVdLRvGX5r_e1mplk8GBPcv/preview,https://drive.google.com/file/d/13woPKZd5kpVdLRvGX5r_e1mplk8GBPcv/view
1oTUzEUHxeAZSS9nQkmHkBRyymHcklSpH,"Marticorena Collantes - 2024 - Gestion educativa en la practica docente en dos instituciones publicas UGEL07, Lima, 2024.pdf",3020736,2026-10-04T17:41:26.456Z,https://drive.google.com/file/d/1oTUzEUHxeAZSS9nQkmHkBRyymHcklSpH/view?usp=drivesdk,"marticorena collantes - 2024 - gestion educativa en la practica docente en dos instituciones publicas ugel07, lima, 2024",https://drive.google.com/file/d/1oTUzEUHxeAZSS9nQkmHkBRyymHcklSpH/preview,https://drive.google.com/file/d/1oTUzEUHxeAZSS9nQkmHkBRyymHcklSpH/view
1oVqCUOP1n4YLn2DSwsbnWotz-3YEDmpT,Magallanes Almeyda et al - 2024 - La Gestion Educativa y la Convivencia Escolar en las instituciones educativas del Peru.pdf,350515,2026-10-04T17:41:23.187Z,https://drive.google.com/file/d/1oVqCUOP1n4YLn2DSwsbnWotz-3YEDmpT/view?usp=drivesdk,magallanes almeyda et al - 2024 - la gestion educativa y la convivencia escolar en las instituciones educativas del peru,https://drive.google.com/file/d/1oVqCUOP1n4YLn2DSwsbnWotz-3YEDmpT/preview,https://drive.google.com/file/d/1oVqCUOP1n4YLn2DSwsbnWotz-3YEDmpT/view
1YIQ-QXiK0Do2Nr6J1s5oysgsiHN35Yh3,"Luna Velasquez - 2024 - Gestion educativa e innovacion tecnologica en instituciones educativas publicas, Ventanill.pdf",3085568,2026-10-04T17:40:49.258Z,https://drive.google.com/file/d/1YIQ-QXiK0Do2Nr6J1s5oysgsiHN35Yh3/view?usp=drivesdk,"luna velasquez - 2024 - gestion educativa e innovacion tecnologica en instituciones educativas publicas, ventanill",https://drive.google.com/file/d/1YIQ-QXiK0Do2Nr6J1s5oysgsiHN35Yh3/preview,https://drive.google.com/file/d/1YIQ-QXiK0Do2Nr6J1s5oysgsiHN35Yh3/view
197u2N7MLwBVkxdgYfh72Fx1J5cp3bmrJ,Morales Porta Paca Pantigoso - 2024 - Liderazgo Transformador en Lima Este y el exito en la Gestion Educativa.pdf,323092,2026-10-04T17:40:39.588Z,https://drive.google.com/file/d/197u2N7MLwBVkxdgYfh72Fx1J5cp3bmrJ/view?usp=drivesdk,morales porta paca pantigoso - 2024 - liderazgo transformador en lima este y el exito en la gestion educativa,https://drive.google.com/file/d/197u2N7MLwBVkxdgYfh72Fx1J5cp3bmrJ/preview,https://drive.google.com/file/d/197u2N7MLwBVkxdgYfh72Fx1J5cp3bmrJ/view
1SM6GS19CesPeQCQmWLV8BoPVhxbOOslx,Vergara-Valette et al - 2026 - Gestion educativa y vinculacion familiar Analisis para la mejora en educacion parvularia.pdf,634666,2026-10-04T17:40:37.655Z,https://drive.google.com/file/d/1SM6GS19CesPeQCQmWLV8BoPVhxbOOslx/view?usp=drivesdk,vergara-valette et al - 2026 - gestion educativa y vinculacion familiar analisis para la mejora en educacion parvularia,https://drive.google.com/file/d/1SM6GS19CesPeQCQmWLV8BoPVhxbOOslx/preview,https://drive.google.com/file/d/1SM6GS19CesPeQCQmWLV8BoPVhxbOOslx/view
1CUKFcxmyetvaHPMFp66BuS0qsKzSTz5X,Jesus Canario - 2024 - Gestion Educativa y Familias como favorecedores de los procesos de ensenanza- aprendizaje.pdf,159544,2026-10-04T17:40:32.355Z,https://drive.google.com/file/d/1CUKFcxmyetvaHPMFp66BuS0qsKzSTz5X/view?usp=drivesdk,jesus canario - 2024 - gestion educativa y familias como favorecedores de los procesos de ensenanza- aprendizaje,https://drive.google.com/file/d/1CUKFcxmyetvaHPMFp66BuS0qsKzSTz5X/preview,https://drive.google.com/file/d/1CUKFcxmyetvaHPMFp66BuS0qsKzSTz5X/view
1S_WCHu6iz48w32t8pUKoq_twRXs0Ly5e,Franco Garcia - 2024 - La gestion educativa en Mexico una politica sin consenso de la base.pdf,383166,2026-10-04T17:40:30.389Z,https://drive.google.com/file/d/1S_WCHu6iz48w32t8pUKoq_twRXs0Ly5e/view?usp=drivesdk,franco garcia - 2024 - la gestion educativa en mexico una politica sin consenso de la base,https://drive.google.com/file/d/1S_WCHu6iz48w32t8pUKoq_twRXs0Ly5e/preview,https://drive.google.com/file/d/1S_WCHu6iz48w32t8pUKoq_twRXs0Ly5e/view
1TNDk8o9bfDnmvKk_92Y1ZkgcwgRxpla-,Zamora Moreira et al - 2025 - La Gestion Educativa y su Incidencia en la Mejora de Conflictos Laborales.pdf,313302,2026-10-04T17:40:25.431Z,https://drive.google.com/file/d/1TNDk8o9bfDnmvKk_92Y1ZkgcwgRxpla-/view?usp=drivesdk,zamora moreira et al - 2025 - la gestion educativa y su incidencia en la mejora de conflictos laborales,https://drive.google.com/file/d/1TNDk8o9bfDnmvKk_92Y1ZkgcwgRxpla-/preview,https://drive.google.com/file/d/1TNDk8o9bfDnmvKk_92Y1ZkgcwgRxpla-/view
1y0acWEf_g7MYghLAWcCwDTMLXuNNJB3s,Rodriguez Garcia et al - 2026 - La gestion educativa para fortalecer la comunicacion institucional entre autoridades y doc.pdf,391290,2026-10-04T17:40:18.779Z,https://drive.google.com/file/d/1y0acWEf_g7MYghLAWcCwDTMLXuNNJB3s/view?usp=drivesdk,rodriguez garcia et al - 2026 - la gestion educativa para fortalecer la comunicacion institucional entre autoridades y doc,https://drive.google.com/file/d/1y0acWEf_g7MYghLAWcCwDTMLXuNNJB3s/preview,https://drive.google.com/file/d/1y0acWEf_g7MYghLAWcCwDTMLXuNNJB3s/view
1YlVuOw14LaJtnmE8MrP99upncAKR3o9e,Hernandez Padilla - 2022 - Plan estrategico de responsabilidades y tareas de actores para la gestion educativa.pdf,461813,2026-10-04T17:40:15.087Z,https://drive.google.com/file/d/1YlVuOw14LaJtnmE8MrP99upncAKR3o9e/view?usp=drivesdk,hernandez padilla - 2022 - plan estrategico de responsabilidades y tareas de actores para la gestion educativa,https://drive.google.com/file/d/1YlVuOw14LaJtnmE8MrP99upncAKR3o9e/preview,https://drive.google.com/file/d/1YlVuOw14LaJtnmE8MrP99upncAKR3o9e/view
1CKOvcmXw2LP1VcZQA9TLfzSwzL0JRJx0,"Huamancaja Enciso - 2024 - Inteligencia emocional y gestion educativa en directivos de la UGEL Oxapampa, 2024.pdf",3772086,2026-10-04T17:40:12.875Z,https://drive.google.com/file/d/1CKOvcmXw2LP1VcZQA9TLfzSwzL0JRJx0/view?usp=drivesdk,"huamancaja enciso - 2024 - inteligencia emocional y gestion educativa en directivos de la ugel oxapampa, 2024",https://drive.google.com/file/d/1CKOvcmXw2LP1VcZQA9TLfzSwzL0JRJx0/preview,https://drive.google.com/file/d/1CKOvcmXw2LP1VcZQA9TLfzSwzL0JRJx0/view
1pE18Dmy9qdZ_ONMRdzyaG8flC-yHnqI5,"Martinez Villegas - 2026 - Curriculo, Evaluacion y Bienestar Estudiantil Hacia una Gestion Educativa con Perspectiva.pdf",179471,2026-10-04T17:40:10.484Z,https://drive.google.com/file/d/1pE18Dmy9qdZ_ONMRdzyaG8flC-yHnqI5/view?usp=drivesdk,"martinez villegas - 2026 - curriculo, evaluacion y bienestar estudiantil hacia una gestion educativa con perspectiva",https://drive.google.com/file/d/1pE18Dmy9qdZ_ONMRdzyaG8flC-yHnqI5/preview,https://drive.google.com/file/d/1pE18Dmy9qdZ_ONMRdzyaG8flC-yHnqI5/view
1Kf3adgYGWZzYF86Ua1dCLLamNywNI5rL,Mucha Escobar - 2024 - Liderazgo transformacional y gestion educativa en una institucion educativa de Nana – 2022.pdf,1842048,2026-10-04T17:40:08.454Z,https://drive.google.com/file/d/1Kf3adgYGWZzYF86Ua1dCLLamNywNI5rL/view?usp=drivesdk,mucha escobar - 2024 - liderazgo transformacional y gestion educativa en una institucion educativa de nana – 2022,https://drive.google.com/file/d/1Kf3adgYGWZzYF86Ua1dCLLamNywNI5rL/preview,https://drive.google.com/file/d/1Kf3adgYGWZzYF86Ua1dCLLamNywNI5rL/view
1ESsmiW0h_2shIZoqfft-ZTK8XdKrcAGO,Moreira Saltos et al - 2025 - Estilos de Liderazgo y su Impacto en la Gestion Educativa de Calidad.pdf,337213,2026-10-04T17:40:04.632Z,https://drive.google.com/file/d/1ESsmiW0h_2shIZoqfft-ZTK8XdKrcAGO/view?usp=drivesdk,moreira saltos et al - 2025 - estilos de liderazgo y su impacto en la gestion educativa de calidad,https://drive.google.com/file/d/1ESsmiW0h_2shIZoqfft-ZTK8XdKrcAGO/preview,https://drive.google.com/file/d/1ESsmiW0h_2shIZoqfft-ZTK8XdKrcAGO/view
1v0Vx6LB_acr8FNbe70TIZSswnhtom6-k,Purizaca Fiestas - 2025 - Gestion educativa y desempeno docente en una institucion educativa publica de Sechura.pdf,2025931,2026-10-04T17:40:00.862Z,https://drive.google.com/file/d/1v0Vx6LB_acr8FNbe70TIZSswnhtom6-k/view?usp=drivesdk,purizaca fiestas - 2025 - gestion educativa y desempeno docente en una institucion educativa publica de sechura,https://drive.google.com/file/d/1v0Vx6LB_acr8FNbe70TIZSswnhtom6-k/preview,https://drive.google.com/file/d/1v0Vx6LB_acr8FNbe70TIZSswnhtom6-k/view
1BkI0K95XKVZt81V9HwWQxeo2AtDe3aMG,Guadalupe Tovar-Lopez et al - 2025 - Modelo teorico de gestion educativa gestionando centros educativos en el siglo XXI.pdf,964847,2026-10-04T17:39:58.939Z,https://drive.google.com/file/d/1BkI0K95XKVZt81V9HwWQxeo2AtDe3aMG/view?usp=drivesdk,guadalupe tovar-lopez et al - 2025 - modelo teorico de gestion educativa gestionando centros educativos en el siglo xxi,https://drive.google.com/file/d/1BkI0K95XKVZt81V9HwWQxeo2AtDe3aMG/preview,https://drive.google.com/file/d/1BkI0K95XKVZt81V9HwWQxeo2AtDe3aMG/view
1SRxjK26SPY6Yh60Wcl9KVwiOTNFsWMY-,Pulido Neyra - 2024 - Gestion educativa y desempeno docente en una institucion educativa de Trujillo 2023.pdf,1736991,2026-10-04T17:39:56.464Z,https://drive.google.com/file/d/1SRxjK26SPY6Yh60Wcl9KVwiOTNFsWMY-/view?usp=drivesdk,pulido neyra - 2024 - gestion educativa y desempeno docente en una institucion educativa de trujillo 2023,https://drive.google.com/file/d/1SRxjK26SPY6Yh60Wcl9KVwiOTNFsWMY-/preview,https://drive.google.com/file/d/1SRxjK26SPY6Yh60Wcl9KVwiOTNFsWMY-/view
1u5OYcrvtqGKAXUftwxF3aoCXm8oG0LBi,"Vargas Sanchez - 2024 - Liderazgo directivo y gestion educativa en una red rural, San Roman.pdf",2892248,2026-10-04T17:39:53.741Z,https://drive.google.com/file/d/1u5OYcrvtqGKAXUftwxF3aoCXm8oG0LBi/view?usp=drivesdk,"vargas sanchez - 2024 - liderazgo directivo y gestion educativa en una red rural, san roman",https://drive.google.com/file/d/1u5OYcrvtqGKAXUftwxF3aoCXm8oG0LBi/preview,https://drive.google.com/file/d/1u5OYcrvtqGKAXUftwxF3aoCXm8oG0LBi/view
1DQf6TfrZKVs34DsKda4zqfaX5LkuOoRE,"Rogel Sanchez - 2025 - Percepcion de la gestion educativa de una escuela, Pindal, Ecuador, 2019.pdf",2169788,2026-10-04T17:39:49.114Z,https://drive.google.com/file/d/1DQf6TfrZKVs34DsKda4zqfaX5LkuOoRE/view?usp=drivesdk,"rogel sanchez - 2025 - percepcion de la gestion educativa de una escuela, pindal, ecuador, 2019",https://drive.google.com/file/d/1DQf6TfrZKVs34DsKda4zqfaX5LkuOoRE/preview,https://drive.google.com/file/d/1DQf6TfrZKVs34DsKda4zqfaX5LkuOoRE/view
1uk4Xg_MpdvgoxLo66fMqdGsuL_vhyMRu,Espinoza Rojas et al - 2024 - GESTION EDUCATIVA Y LAS CATEGORIAS EMERGENTES DEL CONOCIMIENTO DIDACTICO DEL CONTENIDO.pdf,234324,2026-10-04T17:39:47.083Z,https://drive.google.com/file/d/1uk4Xg_MpdvgoxLo66fMqdGsuL_vhyMRu/view?usp=drivesdk,espinoza rojas et al - 2024 - gestion educativa y las categorias emergentes del conocimiento didactico del contenido,https://drive.google.com/file/d/1uk4Xg_MpdvgoxLo66fMqdGsuL_vhyMRu/preview,https://drive.google.com/file/d/1uk4Xg_MpdvgoxLo66fMqdGsuL_vhyMRu/view
18GNf2OZBhihQiUtAx5Jz-je0SdIzc2hR,Efrain Tipan-Criollo - 2025 - Gestion educativa y desarrollo profesional docente hallazgos de una revision sistematica.pdf,368722,2026-10-04T17:39:44.055Z,https://drive.google.com/file/d/18GNf2OZBhihQiUtAx5Jz-je0SdIzc2hR/view?usp=drivesdk,efrain tipan-criollo - 2025 - gestion educativa y desarrollo profesional docente hallazgos de una revision sistematica,https://drive.google.com/file/d/18GNf2OZBhihQiUtAx5Jz-je0SdIzc2hR/preview,https://drive.google.com/file/d/18GNf2OZBhihQiUtAx5Jz-je0SdIzc2hR/view
1M-ux8K7F72LRI-yhP_QpXDu7oStOZCSt,"Jesus Gonzales - 2024 - Gestion educativa, satisfaccion laboral y desempeno docente en una institucion educativa.pdf",805141,2026-10-04T17:39:18.234Z,https://drive.google.com/file/d/1M-ux8K7F72LRI-yhP_QpXDu7oStOZCSt/view?usp=drivesdk,"jesus gonzales - 2024 - gestion educativa, satisfaccion laboral y desempeno docente en una institucion educativa",https://drive.google.com/file/d/1M-ux8K7F72LRI-yhP_QpXDu7oStOZCSt/preview,https://drive.google.com/file/d/1M-ux8K7F72LRI-yhP_QpXDu7oStOZCSt/view
1b25ZGe7Ja5X0idmJxVdiR2bGGh8rKezv,Meza Villares et al - 2026 - Gestion educativa competencias e indicadores de calidad en el aprendizaje escolar.pdf,496209,2026-10-04T17:39:16.386Z,https://drive.google.com/file/d/1b25ZGe7Ja5X0idmJxVdiR2bGGh8rKezv/view?usp=drivesdk,meza villares et al - 2026 - gestion educativa competencias e indicadores de calidad en el aprendizaje escolar,https://drive.google.com/file/d/1b25ZGe7Ja5X0idmJxVdiR2bGGh8rKezv/preview,https://drive.google.com/file/d/1b25ZGe7Ja5X0idmJxVdiR2bGGh8rKezv/view
1y46NzzQtJc01aeKhz2VRfeoW6RFTEpht,Torres-Morales Carlson Morales - 2024 - Resena El trance de entre la administracion a la gestion educativa.pdf,155888,2026-10-04T17:39:07.956Z,https://drive.google.com/file/d/1y46NzzQtJc01aeKhz2VRfeoW6RFTEpht/view?usp=drivesdk,torres-morales carlson morales - 2024 - resena el trance de entre la administracion a la gestion educativa,https://drive.google.com/file/d/1y46NzzQtJc01aeKhz2VRfeoW6RFTEpht/preview,https://drive.google.com/file/d/1y46NzzQtJc01aeKhz2VRfeoW6RFTEpht/view
17YeWByFEWi8wPk3bnDHwi2AiW2Dl4Erh,Calle Pena et al - 2022 - Trabajo remoto y productividad en una instancia de gestion educativa.pdf,818499,2026-10-04T17:38:43.597Z,https://drive.google.com/file/d/17YeWByFEWi8wPk3bnDHwi2AiW2Dl4Erh/view?usp=drivesdk,calle pena et al - 2022 - trabajo remoto y productividad en una instancia de gestion educativa,https://drive.google.com/file/d/17YeWByFEWi8wPk3bnDHwi2AiW2Dl4Erh/preview,https://drive.google.com/file/d/17YeWByFEWi8wPk3bnDHwi2AiW2Dl4Erh/view
16PFLTtoufZ6gTMBIh1jfywvBaCmLMXTO,"Vanessa Moreira-Segovia Zambrano Barros - 2025 - Cultura, conocimiento y accion hacia una gestion educativa eficiente.pdf",2631228,2026-10-04T17:38:39.187Z,https://drive.google.com/file/d/16PFLTtoufZ6gTMBIh1jfywvBaCmLMXTO/view?usp=drivesdk,"vanessa moreira-segovia zambrano barros - 2025 - cultura, conocimiento y accion hacia una gestion educativa eficiente",https://drive.google.com/file/d/16PFLTtoufZ6gTMBIh1jfywvBaCmLMXTO/preview,https://drive.google.com/file/d/16PFLTtoufZ6gTMBIh1jfywvBaCmLMXTO/view
19w7eoe10M9x443_ZHeazahVseDRS0cCy,Beatriz Asanza - 2020 - La comunicacion asertiva y su incidencia en la gestion educativa.pdf,230484,2026-10-04T17:38:36.679Z,https://drive.google.com/file/d/19w7eoe10M9x443_ZHeazahVseDRS0cCy/view?usp=drivesdk,beatriz asanza - 2020 - la comunicacion asertiva y su incidencia en la gestion educativa,https://drive.google.com/file/d/19w7eoe10M9x443_ZHeazahVseDRS0cCy/preview,https://drive.google.com/file/d/19w7eoe10M9x443_ZHeazahVseDRS0cCy/view
1yuR2y6k10wriECcNguN5B6sRbqN0VBE5,Sandoya Dalla Zen - 2026 - GESTION EDUCATIVA Y EVALUACION DE LOS APRENDIZAJES INTEGRALES.pdf,296620,2026-10-04T17:38:34.819Z,https://drive.google.com/file/d/1yuR2y6k10wriECcNguN5B6sRbqN0VBE5/view?usp=drivesdk,sandoya dalla zen - 2026 - gestion educativa y evaluacion de los aprendizajes integrales,https://drive.google.com/file/d/1yuR2y6k10wriECcNguN5B6sRbqN0VBE5/preview,https://drive.google.com/file/d/1yuR2y6k10wriECcNguN5B6sRbqN0VBE5/view
1EhUFBH1BiU5gVkmNjH1WWYzbF3H6jY5j,Suntasig Quishpe et al - 2026 - ADMINISTRACION Y CONTABILIDAD PARA LA GESTION EDUCATIVA.pdf,949320,2026-10-04T17:38:31.235Z,https://drive.google.com/file/d/1EhUFBH1BiU5gVkmNjH1WWYzbF3H6jY5j/view?usp=drivesdk,suntasig quishpe et al - 2026 - administracion y contabilidad para la gestion educativa,https://drive.google.com/file/d/1EhUFBH1BiU5gVkmNjH1WWYzbF3H6jY5j/preview,https://drive.google.com/file/d/1EhUFBH1BiU5gVkmNjH1WWYzbF3H6jY5j/view
1WTZSYS8qJUtxra6PqTfuxFIqgYUmk-h2,Pacheco Carrion Jimenez Rubio - 2020 - PLATAFORMA DE GESTION EDUCATIVA DE DISENO PROPIO.pdf,1934590,2026-10-04T17:38:28.804Z,https://drive.google.com/file/d/1WTZSYS8qJUtxra6PqTfuxFIqgYUmk-h2/view?usp=drivesdk,pacheco carrion jimenez rubio - 2020 - plataforma de gestion educativa de diseno propio,https://drive.google.com/file/d/1WTZSYS8qJUtxra6PqTfuxFIqgYUmk-h2/preview,https://drive.google.com/file/d/1WTZSYS8qJUtxra6PqTfuxFIqgYUmk-h2/view
1dFxpilniHC7cOxXH7W07v7GSRco5Etcq,Hernandez Belmonte - 2025 - autonomia curricular en la Nueva Escuela Mexicana.pdf,311137,2026-10-04T17:38:25.335Z,https://drive.google.com/file/d/1dFxpilniHC7cOxXH7W07v7GSRco5Etcq/view?usp=drivesdk,hernandez belmonte - 2025 - autonomia curricular en la nueva escuela mexicana,https://drive.google.com/file/d/1dFxpilniHC7cOxXH7W07v7GSRco5Etcq/preview,https://drive.google.com/file/d/1dFxpilniHC7cOxXH7W07v7GSRco5Etcq/view
1NY1BX8klnInpq4sETBylVmBdoTbkC2rU,Escalona Ontiveros - 2025 - Historia preservada el amanecer del Archivo Historico de la EIPTPL.pdf,602026,2026-10-04T17:38:21.537Z,https://drive.google.com/file/d/1NY1BX8klnInpq4sETBylVmBdoTbkC2rU/view?usp=drivesdk,escalona ontiveros - 2025 - historia preservada el amanecer del archivo historico de la eiptpl,https://drive.google.com/file/d/1NY1BX8klnInpq4sETBylVmBdoTbkC2rU/preview,https://drive.google.com/file/d/1NY1BX8klnInpq4sETBylVmBdoTbkC2rU/view
1XGsIOZz_Tt4oIJZh-ET5ZcWnOkGzHsub,Ossa Cornejo et al - 2023 - Metacognicion Institucional Herramienta de Gestion Participativa para el Liderazgo Inclusi.pdf,254164,2026-10-04T17:38:19.338Z,https://drive.google.com/file/d/1XGsIOZz_Tt4oIJZh-ET5ZcWnOkGzHsub/view?usp=drivesdk,ossa cornejo et al - 2023 - metacognicion institucional herramienta de gestion participativa para el liderazgo inclusi,https://drive.google.com/file/d/1XGsIOZz_Tt4oIJZh-ET5ZcWnOkGzHsub/preview,https://drive.google.com/file/d/1XGsIOZz_Tt4oIJZh-ET5ZcWnOkGzHsub/view
1wutVm9vayKdO734g3ABhqM1bN49c7x_U,Stuardo-Concha et al - 2023 - Autoritarismo de directores y sostenedores la otra cara de la violencia escolar y el lider.pdf,710242,2026-10-04T17:38:16.087Z,https://drive.google.com/file/d/1wutVm9vayKdO734g3ABhqM1bN49c7x_U/view?usp=drivesdk,stuardo-concha et al - 2023 - autoritarismo de directores y sostenedores la otra cara de la violencia escolar y el lider,https://drive.google.com/file/d/1wutVm9vayKdO734g3ABhqM1bN49c7x_U/preview,https://drive.google.com/file/d/1wutVm9vayKdO734g3ABhqM1bN49c7x_U/view
1cuR-0xzZAXjypXOqw7R1mty9qaDYJ7IV,Rivadeneyra Perez - 2022 - Teoria fundamentada para el diseno de un modelo de gestion educativa local de calidad.pdf,448563,2026-10-04T17:38:12.624Z,https://drive.google.com/file/d/1cuR-0xzZAXjypXOqw7R1mty9qaDYJ7IV/view?usp=drivesdk,rivadeneyra perez - 2022 - teoria fundamentada para el diseno de un modelo de gestion educativa local de calidad,https://drive.google.com/file/d/1cuR-0xzZAXjypXOqw7R1mty9qaDYJ7IV/preview,https://drive.google.com/file/d/1cuR-0xzZAXjypXOqw7R1mty9qaDYJ7IV/view
1wLdSYmZxPIle6vQdU24ssIQ0pacTEAo7,Payano Rosales - 2021 - Gestion estrategica del director y la calidad del servicio educativo en la I.E. “Los Proce.pdf,480613,2026-10-04T17:38:09.520Z,https://drive.google.com/file/d/1wLdSYmZxPIle6vQdU24ssIQ0pacTEAo7/view?usp=drivesdk,payano rosales - 2021 - gestion estrategica del director y la calidad del servicio educativo en la i.e. “los proce,https://drive.google.com/file/d/1wLdSYmZxPIle6vQdU24ssIQ0pacTEAo7/preview,https://drive.google.com/file/d/1wLdSYmZxPIle6vQdU24ssIQ0pacTEAo7/view
16bnVALGyACu_8fnPRa_-1eMpMarDBV_F,Jose Rivas da Silva - 2022 - A FORMACAO DE DOCENTES E SEU IMPACTO NA DEMOCRACIA ESCOLAR Analises comparativas sobre o p.pdf,164498,2026-10-04T17:38:07.413Z,https://drive.google.com/file/d/16bnVALGyACu_8fnPRa_-1eMpMarDBV_F/view?usp=drivesdk,jose rivas da silva - 2022 - a formacao de docentes e seu impacto na democracia escolar analises comparativas sobre o p,https://drive.google.com/file/d/16bnVALGyACu_8fnPRa_-1eMpMarDBV_F/preview,https://drive.google.com/file/d/16bnVALGyACu_8fnPRa_-1eMpMarDBV_F/view
1qAvq-Y3hJ4JutEaiWbhz72QsljMHRrQ4,Valverde Lopez et al - 2022 - Competencias directivas para el monitoreo y acompanamiento pedagogico en los docentes de l.pdf,355814,2026-10-04T17:38:05.493Z,https://drive.google.com/file/d/1qAvq-Y3hJ4JutEaiWbhz72QsljMHRrQ4/view?usp=drivesdk,valverde lopez et al - 2022 - competencias directivas para el monitoreo y acompanamiento pedagogico en los docentes de l,https://drive.google.com/file/d/1qAvq-Y3hJ4JutEaiWbhz72QsljMHRrQ4/preview,https://drive.google.com/file/d/1qAvq-Y3hJ4JutEaiWbhz72QsljMHRrQ4/view
1eaZHzSuUpzPZNo33wYAKtcXjV_6oVndh,Guadalupe Gonzalez-Cardona et al - 2025 - Gestion educativa en centros de apoyo escolar estrategias y dimensiones.pdf,443940,2026-10-04T17:38:02.613Z,https://drive.google.com/file/d/1eaZHzSuUpzPZNo33wYAKtcXjV_6oVndh/view?usp=drivesdk,guadalupe gonzalez-cardona et al - 2025 - gestion educativa en centros de apoyo escolar estrategias y dimensiones,https://drive.google.com/file/d/1eaZHzSuUpzPZNo33wYAKtcXjV_6oVndh/preview,https://drive.google.com/file/d/1eaZHzSuUpzPZNo33wYAKtcXjV_6oVndh/view
1WI99AFoSH-FZ0BM1lx0prWYznNBVT6J9,Poblete Diaz Boelken Schieber - 2022 - Implementation of the quality management model in chilean pre-school education.pdf,177736,2026-10-04T17:37:58.996Z,https://drive.google.com/file/d/1WI99AFoSH-FZ0BM1lx0prWYznNBVT6J9/view?usp=drivesdk,poblete diaz boelken schieber - 2022 - implementation of the quality management model in chilean pre-school education,https://drive.google.com/file/d/1WI99AFoSH-FZ0BM1lx0prWYznNBVT6J9/preview,https://drive.google.com/file/d/1WI99AFoSH-FZ0BM1lx0prWYznNBVT6J9/view
1kl6jGc-sNIsqwz4aEnNj6qAIgZj3AwBm,Marzuka-Nassr - 2024 - AGENDAS INVESTIGATIVAS DE LIDERAZGO EN EDUCACION UNA PANORAMICA DESDE LA INVESTIGACION PUB.pdf,318342,2026-10-04T17:37:15.224Z,https://drive.google.com/file/d/1kl6jGc-sNIsqwz4aEnNj6qAIgZj3AwBm/view?usp=drivesdk,marzuka-nassr - 2024 - agendas investigativas de liderazgo en educacion una panoramica desde la investigacion pub,https://drive.google.com/file/d/1kl6jGc-sNIsqwz4aEnNj6qAIgZj3AwBm/preview,https://drive.google.com/file/d/1kl6jGc-sNIsqwz4aEnNj6qAIgZj3AwBm/view
1fVOrlyLUrTAgaQhDleR1L2lg7hmD9HET,Chaname Vallejos Ramos Saavedra - 2023 - Aplicacion del enfoque gestion por procesos para el fortalecimiento del liderazgo educativ.pdf,347234,2026-10-04T17:37:11.545Z,https://drive.google.com/file/d/1fVOrlyLUrTAgaQhDleR1L2lg7hmD9HET/view?usp=drivesdk,chaname vallejos ramos saavedra - 2023 - aplicacion del enfoque gestion por procesos para el fortalecimiento del liderazgo educativ,https://drive.google.com/file/d/1fVOrlyLUrTAgaQhDleR1L2lg7hmD9HET/preview,https://drive.google.com/file/d/1fVOrlyLUrTAgaQhDleR1L2lg7hmD9HET/view
1EIDUuAXTzegPn0uM7p0W6i4d3Wt9HwOI,Troitino Diaz - 2021 - La superacion profesional de los directivos y reservas en las escuelas ramales.pdf,906167,2026-10-04T17:37:07.063Z,https://drive.google.com/file/d/1EIDUuAXTzegPn0uM7p0W6i4d3Wt9HwOI/view?usp=drivesdk,troitino diaz - 2021 - la superacion profesional de los directivos y reservas en las escuelas ramales,https://drive.google.com/file/d/1EIDUuAXTzegPn0uM7p0W6i4d3Wt9HwOI/preview,https://drive.google.com/file/d/1EIDUuAXTzegPn0uM7p0W6i4d3Wt9HwOI/view
1a0i4iJ7ZXrWcriMlxDAb-r87u0ow2_xU,Virginia Pons-Peguero - 2022 - Liderazgo distribuido de cara a las reformas educativas dominicanas.pdf,92153,2026-10-04T17:37:03.268Z,https://drive.google.com/file/d/1a0i4iJ7ZXrWcriMlxDAb-r87u0ow2_xU/view?usp=drivesdk,virginia pons-peguero - 2022 - liderazgo distribuido de cara a las reformas educativas dominicanas,https://drive.google.com/file/d/1a0i4iJ7ZXrWcriMlxDAb-r87u0ow2_xU/preview,https://drive.google.com/file/d/1a0i4iJ7ZXrWcriMlxDAb-r87u0ow2_xU/view
1tysu_48QzSXeiMua1Fq1wgXZIDJ9uN1B,Benitez Torres - 2025 - El liderazgo del docente en primaria y su influencia en el rendimiento de los estudiantes.pdf,723146,2026-10-04T17:36:31.065Z,https://drive.google.com/file/d/1tysu_48QzSXeiMua1Fq1wgXZIDJ9uN1B/view?usp=drivesdk,benitez torres - 2025 - el liderazgo del docente en primaria y su influencia en el rendimiento de los estudiantes,https://drive.google.com/file/d/1tysu_48QzSXeiMua1Fq1wgXZIDJ9uN1B/preview,https://drive.google.com/file/d/1tysu_48QzSXeiMua1Fq1wgXZIDJ9uN1B/view
1Jmr0p9CNvW15npWO4yh1y5NjbVEwIjKw,Sanchez Glorio Farfan Pimentel - 2023 - El liderazgo pedagogico directoral y el desempeno docente en la Institucion Educativa Parr.pdf,459519,2026-10-04T17:36:25.973Z,https://drive.google.com/file/d/1Jmr0p9CNvW15npWO4yh1y5NjbVEwIjKw/view?usp=drivesdk,sanchez glorio farfan pimentel - 2023 - el liderazgo pedagogico directoral y el desempeno docente en la institucion educativa parr,https://drive.google.com/file/d/1Jmr0p9CNvW15npWO4yh1y5NjbVEwIjKw/preview,https://drive.google.com/file/d/1Jmr0p9CNvW15npWO4yh1y5NjbVEwIjKw/view
1iEEcwfqQvwTs7a8woM6s-dGI4m1tPOS3,Espiritu Patrocinio et al - 2023 - Inteligencia emocional en el desempeno docente en Huarochiri.pdf,517353,2026-10-04T17:36:23.770Z,https://drive.google.com/file/d/1iEEcwfqQvwTs7a8woM6s-dGI4m1tPOS3/view?usp=drivesdk,espiritu patrocinio et al - 2023 - inteligencia emocional en el desempeno docente en huarochiri,https://drive.google.com/file/d/1iEEcwfqQvwTs7a8woM6s-dGI4m1tPOS3/preview,https://drive.google.com/file/d/1iEEcwfqQvwTs7a8woM6s-dGI4m1tPOS3/view
1tHKBMjWmj5a-Rd6yt7qUdz_YF6lGh7kM,Alava Pena - 2022 - Gestion Academica y Liderazgo Pedagogico en Docentes de la Institucion Educativa No 0018.pdf,2516814,2026-10-04T17:35:51.507Z,https://drive.google.com/file/d/1tHKBMjWmj5a-Rd6yt7qUdz_YF6lGh7kM/view?usp=drivesdk,alava pena - 2022 - gestion academica y liderazgo pedagogico en docentes de la institucion educativa no 0018,https://drive.google.com/file/d/1tHKBMjWmj5a-Rd6yt7qUdz_YF6lGh7kM/preview,https://drive.google.com/file/d/1tHKBMjWmj5a-Rd6yt7qUdz_YF6lGh7kM/view
1YcSaPl9_dM_XWDemEdSUG8ygYEEsqmEt,Caraveo Coox Fernandez Canul - 2023 - La Gestion Directiva en la USAER y el Fortalecimiento de la Practica Pedagogica.pdf,347853,2026-10-04T17:35:46.854Z,https://drive.google.com/file/d/1YcSaPl9_dM_XWDemEdSUG8ygYEEsqmEt/view?usp=drivesdk,caraveo coox fernandez canul - 2023 - la gestion directiva en la usaer y el fortalecimiento de la practica pedagogica,https://drive.google.com/file/d/1YcSaPl9_dM_XWDemEdSUG8ygYEEsqmEt/preview,https://drive.google.com/file/d/1YcSaPl9_dM_XWDemEdSUG8ygYEEsqmEt/view
1vngkT6e8HIQWaG9QSG5Tmzy6vfEWOoxo,Owusu Kwabena Nkyi - 2021 - Impact of Occupational Stress and Burnout on Turnover Intentions among Senior High School.pdf,551134,2026-10-04T17:35:43.775Z,https://drive.google.com/file/d/1vngkT6e8HIQWaG9QSG5Tmzy6vfEWOoxo/view?usp=drivesdk,owusu kwabena nkyi - 2021 - impact of occupational stress and burnout on turnover intentions among senior high school,https://drive.google.com/file/d/1vngkT6e8HIQWaG9QSG5Tmzy6vfEWOoxo/preview,https://drive.google.com/file/d/1vngkT6e8HIQWaG9QSG5Tmzy6vfEWOoxo/view
1X7miYdlZc9oMRl1pll_oC4msUPggHI3K,Correa Cadena - 2020 - Liderazgo directivo y clima social escolar.pdf,240843,2026-10-04T17:35:41.427Z,https://drive.google.com/file/d/1X7miYdlZc9oMRl1pll_oC4msUPggHI3K/view?usp=drivesdk,correa cadena - 2020 - liderazgo directivo y clima social escolar,https://drive.google.com/file/d/1X7miYdlZc9oMRl1pll_oC4msUPggHI3K/preview,https://drive.google.com/file/d/1X7miYdlZc9oMRl1pll_oC4msUPggHI3K/view
1RjxX4HFG8OfwL1lkQj2cCWBNCFgL_Ihn,DE PAULA Santos Lemos - 2026 - ENGAJAMENTO DOCENTE SOB A OTICA DA LIDERANCA ESCOLAR UM ESTUDO EM VITORIA – ES.pdf,369537,2026-10-04T17:35:39.318Z,https://drive.google.com/file/d/1RjxX4HFG8OfwL1lkQj2cCWBNCFgL_Ihn/view?usp=drivesdk,de paula santos lemos - 2026 - engajamento docente sob a otica da lideranca escolar um estudo em vitoria – es,https://drive.google.com/file/d/1RjxX4HFG8OfwL1lkQj2cCWBNCFgL_Ihn/preview,https://drive.google.com/file/d/1RjxX4HFG8OfwL1lkQj2cCWBNCFgL_Ihn/view
1XqJ6cLyUonDI21XJazUX6Wa2DV9YGopz,Maria Nicolosi - 2023 - El director escolar en Espana Una mirada desde el enfoque radical e inclusivo.pdf,297541,2026-10-04T17:35:37.259Z,https://drive.google.com/file/d/1XqJ6cLyUonDI21XJazUX6Wa2DV9YGopz/view?usp=drivesdk,maria nicolosi - 2023 - el director escolar en espana una mirada desde el enfoque radical e inclusivo,https://drive.google.com/file/d/1XqJ6cLyUonDI21XJazUX6Wa2DV9YGopz/preview,https://drive.google.com/file/d/1XqJ6cLyUonDI21XJazUX6Wa2DV9YGopz/view
1sE6ABGqUUvYc5wqFo0I12kXcj-iLD8GI,Gonzalez Espinosa et al - 2026 - Liderazgo distribuido y capital social estrategias de autogestion de directivos escolares.pdf,459019,2026-10-04T17:35:35.392Z,https://drive.google.com/file/d/1sE6ABGqUUvYc5wqFo0I12kXcj-iLD8GI/view?usp=drivesdk,gonzalez espinosa et al - 2026 - liderazgo distribuido y capital social estrategias de autogestion de directivos escolares,https://drive.google.com/file/d/1sE6ABGqUUvYc5wqFo0I12kXcj-iLD8GI/preview,https://drive.google.com/file/d/1sE6ABGqUUvYc5wqFo0I12kXcj-iLD8GI/view
10ZVjZwL3bBVrTLRA_POabsuED5CteA40,Pezo Galdea et al - 2023 - Estrategias de Liderazgo gerencial para la mejora de la comunicacion organizacional en la.pdf,386017,2026-10-04T17:35:32.795Z,https://drive.google.com/file/d/10ZVjZwL3bBVrTLRA_POabsuED5CteA40/view?usp=drivesdk,pezo galdea et al - 2023 - estrategias de liderazgo gerencial para la mejora de la comunicacion organizacional en la,https://drive.google.com/file/d/10ZVjZwL3bBVrTLRA_POabsuED5CteA40/preview,https://drive.google.com/file/d/10ZVjZwL3bBVrTLRA_POabsuED5CteA40/view
1QBq404R0UzgNK_R5XxZ8KwH1DgG5u_aq,Remon Palomino - 2025 - Liderazgo pedagogico bajo la percepcion del docente segun nivel educativo de una instituci.pdf,1636216,2026-10-04T17:35:29.383Z,https://drive.google.com/file/d/1QBq404R0UzgNK_R5XxZ8KwH1DgG5u_aq/view?usp=drivesdk,remon palomino - 2025 - liderazgo pedagogico bajo la percepcion del docente segun nivel educativo de una instituci,https://drive.google.com/file/d/1QBq404R0UzgNK_R5XxZ8KwH1DgG5u_aq/preview,https://drive.google.com/file/d/1QBq404R0UzgNK_R5XxZ8KwH1DgG5u_aq/view
1cfMI7Sx1cxlY3u_dkIxOHPAxhrjYLKh9,Asenjo Gomez - 2021 - El Profesorado y la Organizacion del Centro Escolar.pdf,142807,2026-10-04T17:35:26.488Z,https://drive.google.com/file/d/1cfMI7Sx1cxlY3u_dkIxOHPAxhrjYLKh9/view?usp=drivesdk,asenjo gomez - 2021 - el profesorado y la organizacion del centro escolar,https://drive.google.com/file/d/1cfMI7Sx1cxlY3u_dkIxOHPAxhrjYLKh9/preview,https://drive.google.com/file/d/1cfMI7Sx1cxlY3u_dkIxOHPAxhrjYLKh9/view
1s3NZBM1td0r619TSMuPN8uFb5UedKb09,Coapaza Mamani - 2024 - Engagement laboral en directores de instituciones educativas un analisis de factores socio.pdf,7645810,2026-10-04T17:35:22.247Z,https://drive.google.com/file/d/1s3NZBM1td0r619TSMuPN8uFb5UedKb09/view?usp=drivesdk,coapaza mamani - 2024 - engagement laboral en directores de instituciones educativas un analisis de factores socio,https://drive.google.com/file/d/1s3NZBM1td0r619TSMuPN8uFb5UedKb09/preview,https://drive.google.com/file/d/1s3NZBM1td0r619TSMuPN8uFb5UedKb09/view
1ZMI3y7bg8I99Nbkyc6Q1AQZ7XAI8GLTU,Antonieta Coello-Castro et al - 2026 - Liderazgo y gestion en centros educativos una revision sistematica de modelos organizativo.pdf,627900,2026-10-04T17:35:16.080Z,https://drive.google.com/file/d/1ZMI3y7bg8I99Nbkyc6Q1AQZ7XAI8GLTU/view?usp=drivesdk,antonieta coello-castro et al - 2026 - liderazgo y gestion en centros educativos una revision sistematica de modelos organizativo,https://drive.google.com/file/d/1ZMI3y7bg8I99Nbkyc6Q1AQZ7XAI8GLTU/preview,https://drive.google.com/file/d/1ZMI3y7bg8I99Nbkyc6Q1AQZ7XAI8GLTU/view
1exS3OKPJRJR65MuAAFYozfq3Cs7LwIag,Villalobos Fuentes Celedon Besser - 2026 - El liderazgo distribuido para una gestion academica efectiva elemento que permite facilita.pdf,717625,2026-10-04T17:35:03.689Z,https://drive.google.com/file/d/1exS3OKPJRJR65MuAAFYozfq3Cs7LwIag/view?usp=drivesdk,villalobos fuentes celedon besser - 2026 - el liderazgo distribuido para una gestion academica efectiva elemento que permite facilita,https://drive.google.com/file/d/1exS3OKPJRJR65MuAAFYozfq3Cs7LwIag/preview,https://drive.google.com/file/d/1exS3OKPJRJR65MuAAFYozfq3Cs7LwIag/view
1dRD8QvfizCqVNao3Ekqd11bVrfjl-8nm,Cruz Morla Sampedro Requena - 2026 - Percepcion del supervisor educativo en el liderazgo para la gestion.pdf,250720,2026-10-04T17:34:52.452Z,https://drive.google.com/file/d/1dRD8QvfizCqVNao3Ekqd11bVrfjl-8nm/view?usp=drivesdk,cruz morla sampedro requena - 2026 - percepcion del supervisor educativo en el liderazgo para la gestion,https://drive.google.com/file/d/1dRD8QvfizCqVNao3Ekqd11bVrfjl-8nm/preview,https://drive.google.com/file/d/1dRD8QvfizCqVNao3Ekqd11bVrfjl-8nm/view
1pyoDZMlM_JTs6sgjNTVpq_ZFZdYPWnKo,"Alves Guimaraes et al - 2023 - ESCOLA, FAMILIA, GESTAO E SOCIEDADE UMA PARCERIA PARA O DESENVOLVIMENTO PLENO DE TODOS OS.pdf",157480,2026-10-04T17:34:49.863Z,https://drive.google.com/file/d/1pyoDZMlM_JTs6sgjNTVpq_ZFZdYPWnKo/view?usp=drivesdk,"alves guimaraes et al - 2023 - escola, familia, gestao e sociedade uma parceria para o desenvolvimento pleno de todos os",https://drive.google.com/file/d/1pyoDZMlM_JTs6sgjNTVpq_ZFZdYPWnKo/preview,https://drive.google.com/file/d/1pyoDZMlM_JTs6sgjNTVpq_ZFZdYPWnKo/view
1_NtxbHfD8j1seY9Gvb2WMYN_VGs92Ifm,Huarquila Bonilla et al - 2026 - Gestion educativa e innovacion pedagogica como factores clave para la calidad educativa en.pdf,222347,2026-10-04T17:34:47.927Z,https://drive.google.com/file/d/1_NtxbHfD8j1seY9Gvb2WMYN_VGs92Ifm/view?usp=drivesdk,huarquila bonilla et al - 2026 - gestion educativa e innovacion pedagogica como factores clave para la calidad educativa en,https://drive.google.com/file/d/1_NtxbHfD8j1seY9Gvb2WMYN_VGs92Ifm/preview,https://drive.google.com/file/d/1_NtxbHfD8j1seY9Gvb2WMYN_VGs92Ifm/view
10zc5R8UVcDHZBTw4G5cohl4Istcnt6qu,Rosa T - 2026 - Toma de decisiones en contextos escolares. Una reflexion desde la gestion educativa.pdf,278221,2026-10-04T17:34:45.956Z,https://drive.google.com/file/d/10zc5R8UVcDHZBTw4G5cohl4Istcnt6qu/view?usp=drivesdk,rosa t - 2026 - toma de decisiones en contextos escolares. una reflexion desde la gestion educativa,https://drive.google.com/file/d/10zc5R8UVcDHZBTw4G5cohl4Istcnt6qu/preview,https://drive.google.com/file/d/10zc5R8UVcDHZBTw4G5cohl4Istcnt6qu/view
1t-UTdJ5Q9dYwis8VP18LFII7hspiutBk,"Cruz Cuello - 2021 - Analisis de la gestion para la eficiente integracion de los padres, madres o tutores en ce.pdf",345895,2026-10-04T17:34:44.032Z,https://drive.google.com/file/d/1t-UTdJ5Q9dYwis8VP18LFII7hspiutBk/view?usp=drivesdk,"cruz cuello - 2021 - analisis de la gestion para la eficiente integracion de los padres, madres o tutores en ce",https://drive.google.com/file/d/1t-UTdJ5Q9dYwis8VP18LFII7hspiutBk/preview,https://drive.google.com/file/d/1t-UTdJ5Q9dYwis8VP18LFII7hspiutBk/view
19t86HvcWX3tjd5Luut4vNTYlm0dU5BmZ,Tejada Febles - 2022 - Influencia del liderazgo en la calidad educativa. Estudio bibliografico.pdf,274462,2026-10-04T17:34:42.041Z,https://drive.google.com/file/d/19t86HvcWX3tjd5Luut4vNTYlm0dU5BmZ/view?usp=drivesdk,tejada febles - 2022 - influencia del liderazgo en la calidad educativa. estudio bibliografico,https://drive.google.com/file/d/19t86HvcWX3tjd5Luut4vNTYlm0dU5BmZ/preview,https://drive.google.com/file/d/19t86HvcWX3tjd5Luut4vNTYlm0dU5BmZ/view
1nulx-_AC4KNF7pGmPnAZISh8IICnFrM7,Calderon Wilches - 2025 - Liderazgo Pedagogico en la Era Digital Percepciones Docentes y el Rol de la Tecnologia en.pdf,257824,2026-10-04T17:34:39.011Z,https://drive.google.com/file/d/1nulx-_AC4KNF7pGmPnAZISh8IICnFrM7/view?usp=drivesdk,calderon wilches - 2025 - liderazgo pedagogico en la era digital percepciones docentes y el rol de la tecnologia en,https://drive.google.com/file/d/1nulx-_AC4KNF7pGmPnAZISh8IICnFrM7/preview,https://drive.google.com/file/d/1nulx-_AC4KNF7pGmPnAZISh8IICnFrM7/view
1FeuGXRoCAtUDaMhk0RwZZZ9fhjQxGn3W,Patricia Goncalves - 2026 - A lideranca escolar na promocao da formacao continua.pdf,407016,2026-10-04T17:34:35.499Z,https://drive.google.com/file/d/1FeuGXRoCAtUDaMhk0RwZZZ9fhjQxGn3W/view?usp=drivesdk,patricia goncalves - 2026 - a lideranca escolar na promocao da formacao continua,https://drive.google.com/file/d/1FeuGXRoCAtUDaMhk0RwZZZ9fhjQxGn3W/preview,https://drive.google.com/file/d/1FeuGXRoCAtUDaMhk0RwZZZ9fhjQxGn3W/view
1d0p5BlSZHIFyCJsOXAYawPRsvdcAMYx6,Gomez Gandara et al - 2026 - La entrevista al rescate de la vision de docentes de Telesecundaria en Chihuahua.pdf,240433,2026-10-04T17:34:31.793Z,https://drive.google.com/file/d/1d0p5BlSZHIFyCJsOXAYawPRsvdcAMYx6/view?usp=drivesdk,gomez gandara et al - 2026 - la entrevista al rescate de la vision de docentes de telesecundaria en chihuahua,https://drive.google.com/file/d/1d0p5BlSZHIFyCJsOXAYawPRsvdcAMYx6/preview,https://drive.google.com/file/d/1d0p5BlSZHIFyCJsOXAYawPRsvdcAMYx6/view
1AA_zRaQ96crdem5IFDD6GsUfEKB67wIT,Espinoza Rodriguez Gutierrez Contreras - 2026 - The Influence of Managerial Leadership on Human Talent Management at La Salle in Cuenca.pdf,571399,2026-10-04T17:34:29.226Z,https://drive.google.com/file/d/1AA_zRaQ96crdem5IFDD6GsUfEKB67wIT/view?usp=drivesdk,espinoza rodriguez gutierrez contreras - 2026 - the influence of managerial leadership on human talent management at la salle in cuenca,https://drive.google.com/file/d/1AA_zRaQ96crdem5IFDD6GsUfEKB67wIT/preview,https://drive.google.com/file/d/1AA_zRaQ96crdem5IFDD6GsUfEKB67wIT/view
1pZRGC6aH0beFn1CV6ujEU83OzIIeUKR7,Bravo Mendoza Sanchez Pinedo - 2020 - LIDERAZGO DEL DIRECTOR Y CALIDAD DE GESTION DE LAS INSTITUCIONES EDUCATIVAS PUBLICAS. VILL.pdf,318591,2026-10-04T17:34:26.763Z,https://drive.google.com/file/d/1pZRGC6aH0beFn1CV6ujEU83OzIIeUKR7/view?usp=drivesdk,bravo mendoza sanchez pinedo - 2020 - liderazgo del director y calidad de gestion de las instituciones educativas publicas. vill,https://drive.google.com/file/d/1pZRGC6aH0beFn1CV6ujEU83OzIIeUKR7/preview,https://drive.google.com/file/d/1pZRGC6aH0beFn1CV6ujEU83OzIIeUKR7/view
1itM7AdRRjG4feMhIIslwEpYoK45MXHtG,Alvarez Cisternas et al - 2021 - Pedagogical leadership an opportunity for teacher professional development in times of pan.pdf,228331,2026-10-04T17:34:22.765Z,https://drive.google.com/file/d/1itM7AdRRjG4feMhIIslwEpYoK45MXHtG/view?usp=drivesdk,alvarez cisternas et al - 2021 - pedagogical leadership an opportunity for teacher professional development in times of pan,https://drive.google.com/file/d/1itM7AdRRjG4feMhIIslwEpYoK45MXHtG/preview,https://drive.google.com/file/d/1itM7AdRRjG4feMhIIslwEpYoK45MXHtG/view
12hbKm8HYLBxe19KFnmtOnegcSTHekiKa,Gonzalo Aguirre - 2026 - Directio narrans figuras retoricas em tempos de (suposta) crise da narracao Um estudo sobr.pdf,340456,2026-10-04T17:34:20.745Z,https://drive.google.com/file/d/12hbKm8HYLBxe19KFnmtOnegcSTHekiKa/view?usp=drivesdk,gonzalo aguirre - 2026 - directio narrans figuras retoricas em tempos de (suposta) crise da narracao um estudo sobr,https://drive.google.com/file/d/12hbKm8HYLBxe19KFnmtOnegcSTHekiKa/preview,https://drive.google.com/file/d/12hbKm8HYLBxe19KFnmtOnegcSTHekiKa/view
1uBonthGRriqIdRVcIpW3hYO1XMNfsj7r,Camac Fernandez et al - 2023 - Liderazgo Directivo Pedagogico Y Evaluacion Del Desempeno Docente En La Institucion Educat.pdf,470902,2026-10-04T17:34:17.001Z,https://drive.google.com/file/d/1uBonthGRriqIdRVcIpW3hYO1XMNfsj7r/view?usp=drivesdk,camac fernandez et al - 2023 - liderazgo directivo pedagogico y evaluacion del desempeno docente en la institucion educat,https://drive.google.com/file/d/1uBonthGRriqIdRVcIpW3hYO1XMNfsj7r/preview,https://drive.google.com/file/d/1uBonthGRriqIdRVcIpW3hYO1XMNfsj7r/view
1RgP0D0pIKglpB--us-7hiVxxFLDY29UF,Vera Noriega et al - 2021 - La gestion directiva y los rendimientos de alumnos en educacion media superior.pdf,443890,2026-10-04T17:33:44.254Z,https://drive.google.com/file/d/1RgP0D0pIKglpB--us-7hiVxxFLDY29UF/view?usp=drivesdk,vera noriega et al - 2021 - la gestion directiva y los rendimientos de alumnos en educacion media superior,https://drive.google.com/file/d/1RgP0D0pIKglpB--us-7hiVxxFLDY29UF/preview,https://drive.google.com/file/d/1RgP0D0pIKglpB--us-7hiVxxFLDY29UF/view
1ZvaRbNmmwsa1T6-JEPbdIWieum39U30R,"Sanchez-Prieto - 2025 - Resena del libro Direccion y liderazgo de los centros educativos. Naturaleza, desarrollo y.pdf",94361,2026-10-04T17:33:41.080Z,https://drive.google.com/file/d/1ZvaRbNmmwsa1T6-JEPbdIWieum39U30R/view?usp=drivesdk,"sanchez-prieto - 2025 - resena del libro direccion y liderazgo de los centros educativos. naturaleza, desarrollo y",https://drive.google.com/file/d/1ZvaRbNmmwsa1T6-JEPbdIWieum39U30R/preview,https://drive.google.com/file/d/1ZvaRbNmmwsa1T6-JEPbdIWieum39U30R/view
10z4xXMFHv4_rGcknm_X27YqcuQ2YILo2,Ruiz Campos - 2025 - Liderazgo directivo en el clima institucional en instituciones educativas publicas de Conc.pdf,2977179,2026-10-04T17:33:33.656Z,https://drive.google.com/file/d/10z4xXMFHv4_rGcknm_X27YqcuQ2YILo2/view?usp=drivesdk,ruiz campos - 2025 - liderazgo directivo en el clima institucional en instituciones educativas publicas de conc,https://drive.google.com/file/d/10z4xXMFHv4_rGcknm_X27YqcuQ2YILo2/preview,https://drive.google.com/file/d/10z4xXMFHv4_rGcknm_X27YqcuQ2YILo2/view
1F0_Vu1-xjVq_yMDCmXeQRHHQODJZqWRu,Torres Rodriguez - 2025 - Propuesta de mejora a partir del modelo EFQM en un centro educativo de la comunidad de Mad.pdf,531316,2026-10-04T17:33:31.050Z,https://drive.google.com/file/d/1F0_Vu1-xjVq_yMDCmXeQRHHQODJZqWRu/view?usp=drivesdk,torres rodriguez - 2025 - propuesta de mejora a partir del modelo efqm en un centro educativo de la comunidad de mad,https://drive.google.com/file/d/1F0_Vu1-xjVq_yMDCmXeQRHHQODJZqWRu/preview,https://drive.google.com/file/d/1F0_Vu1-xjVq_yMDCmXeQRHHQODJZqWRu/view
19GV57Bmx3YINAL10qDdQXVmOtv2sILR1,de Paula Isabel Imbronito - 2026 - Escuelas publicas como coproductoras del espacio publico en el sur global.pdf,1639453,2026-10-04T17:33:26.316Z,https://drive.google.com/file/d/19GV57Bmx3YINAL10qDdQXVmOtv2sILR1/view?usp=drivesdk,de paula isabel imbronito - 2026 - escuelas publicas como coproductoras del espacio publico en el sur global,https://drive.google.com/file/d/19GV57Bmx3YINAL10qDdQXVmOtv2sILR1/preview,https://drive.google.com/file/d/19GV57Bmx3YINAL10qDdQXVmOtv2sILR1/view
1-9hzWY0T-Bio3CZM9Zq0Sg5qwayWuXzz,Hernandez Cerino et al - 2026 - Practicas restaurativas en la educacion media superior.pdf,259208,2026-10-04T17:33:22.550Z,https://drive.google.com/file/d/1-9hzWY0T-Bio3CZM9Zq0Sg5qwayWuXzz/view?usp=drivesdk,hernandez cerino et al - 2026 - practicas restaurativas en la educacion media superior,https://drive.google.com/file/d/1-9hzWY0T-Bio3CZM9Zq0Sg5qwayWuXzz/preview,https://drive.google.com/file/d/1-9hzWY0T-Bio3CZM9Zq0Sg5qwayWuXzz/view
1i8c_kFKinUznjUyv9pZdz2eaCbnDQbzx,Ocampo Marin - 2024 - Logro de compromisos en los aprendizajes de los estudiantes en las instituciones educativa.pdf,3490200,2026-10-04T17:33:18.861Z,https://drive.google.com/file/d/1i8c_kFKinUznjUyv9pZdz2eaCbnDQbzx/view?usp=drivesdk,ocampo marin - 2024 - logro de compromisos en los aprendizajes de los estudiantes en las instituciones educativa,https://drive.google.com/file/d/1i8c_kFKinUznjUyv9pZdz2eaCbnDQbzx/preview,https://drive.google.com/file/d/1i8c_kFKinUznjUyv9pZdz2eaCbnDQbzx/view
1yq4IdN4BE_P8ZcfvwLrJmcBYN2bKE3Hi,Armas Cedeno - 2026 - Emancipacion del Docente para una Gestion Escolar y Educacion de Calidad Linea de Investig.pdf,93200,2026-10-04T17:33:02.768Z,https://drive.google.com/file/d/1yq4IdN4BE_P8ZcfvwLrJmcBYN2bKE3Hi/view?usp=drivesdk,armas cedeno - 2026 - emancipacion del docente para una gestion escolar y educacion de calidad linea de investig,https://drive.google.com/file/d/1yq4IdN4BE_P8ZcfvwLrJmcBYN2bKE3Hi/preview,https://drive.google.com/file/d/1yq4IdN4BE_P8ZcfvwLrJmcBYN2bKE3Hi/view
1oIINmoKqmFyV5OUPolgcjdT2KMh03Cei,Sucre Diaz - 2026 - La Comunidad Educativa para el Desarrollo del Programa todas las Manos a la Siembra desde.pdf,208737,2026-10-04T17:32:59.105Z,https://drive.google.com/file/d/1oIINmoKqmFyV5OUPolgcjdT2KMh03Cei/view?usp=drivesdk,sucre diaz - 2026 - la comunidad educativa para el desarrollo del programa todas las manos a la siembra desde,https://drive.google.com/file/d/1oIINmoKqmFyV5OUPolgcjdT2KMh03Cei/preview,https://drive.google.com/file/d/1oIINmoKqmFyV5OUPolgcjdT2KMh03Cei/view
19U7qpKqQCoQlnFQAnSUgv84TLkwOP3-u,Montilla Figuera - 2026 - Vision Ontoepistemica de la Supervision Educativa Orientada a la Calidad de la Gestion Esc.pdf,233024,2026-10-04T17:32:48.827Z,https://drive.google.com/file/d/19U7qpKqQCoQlnFQAnSUgv84TLkwOP3-u/view?usp=drivesdk,montilla figuera - 2026 - vision ontoepistemica de la supervision educativa orientada a la calidad de la gestion esc,https://drive.google.com/file/d/19U7qpKqQCoQlnFQAnSUgv84TLkwOP3-u/preview,https://drive.google.com/file/d/19U7qpKqQCoQlnFQAnSUgv84TLkwOP3-u/view
1afvTLQc9wMxSYFmyjClEUo_ydmXA3hnq,Delis Rodriguez - 2024 - Participatory School Management for the Integration of the Actors Determining the Educatio.pdf,755284,2026-10-04T17:32:47.107Z,https://drive.google.com/file/d/1afvTLQc9wMxSYFmyjClEUo_ydmXA3hnq/view?usp=drivesdk,delis rodriguez - 2024 - participatory school management for the integration of the actors determining the educatio,https://drive.google.com/file/d/1afvTLQc9wMxSYFmyjClEUo_ydmXA3hnq/preview,https://drive.google.com/file/d/1afvTLQc9wMxSYFmyjClEUo_ydmXA3hnq/view
1apiQAjYabTCQXPGe76MNk4a7TeVIBL3n,Martinez Peralta - 2025 - Las Competencias del Docente con Funcion Directiva para el Mejoramiento de los Procesos en.pdf,367761,2026-10-04T17:32:44.629Z,https://drive.google.com/file/d/1apiQAjYabTCQXPGe76MNk4a7TeVIBL3n/view?usp=drivesdk,martinez peralta - 2025 - las competencias del docente con funcion directiva para el mejoramiento de los procesos en,https://drive.google.com/file/d/1apiQAjYabTCQXPGe76MNk4a7TeVIBL3n/preview,https://drive.google.com/file/d/1apiQAjYabTCQXPGe76MNk4a7TeVIBL3n/view
1dnvkcHcKuTSzzg6xNUqeKH44yhLEWD8j,da Rocha - 2024 - INTERSECTORIALIDAD EN EL CONTEXTO DE LA GESTION ESCOLAR UN POSIBLE CAMINO PARA ABORDAR LOS.pdf,398139,2026-10-04T17:32:40.958Z,https://drive.google.com/file/d/1dnvkcHcKuTSzzg6xNUqeKH44yhLEWD8j/view?usp=drivesdk,da rocha - 2024 - intersectorialidad en el contexto de la gestion escolar un posible camino para abordar los,https://drive.google.com/file/d/1dnvkcHcKuTSzzg6xNUqeKH44yhLEWD8j/preview,https://drive.google.com/file/d/1dnvkcHcKuTSzzg6xNUqeKH44yhLEWD8j/view
1yzAivsRop8O0kwPP-xkeLFOt_LtFHbqQ,Ramirez Rojas - 2026 - Estrategias Motivacionales para Mejorar la Gestion Escolar de la Escuela Bolivariana Carme.pdf,242352,2026-10-04T17:32:37.116Z,https://drive.google.com/file/d/1yzAivsRop8O0kwPP-xkeLFOt_LtFHbqQ/view?usp=drivesdk,ramirez rojas - 2026 - estrategias motivacionales para mejorar la gestion escolar de la escuela bolivariana carme,https://drive.google.com/file/d/1yzAivsRop8O0kwPP-xkeLFOt_LtFHbqQ/preview,https://drive.google.com/file/d/1yzAivsRop8O0kwPP-xkeLFOt_LtFHbqQ/view
1-qNCZsh-VBCWLjNhMC4chBDLciZv5N5I,de Deroy - 2025 - El Proceso de Supervision en la Gestion Escolar de la Escuela Bolivariana Tacamire. Linea.pdf,400666,2026-10-04T17:32:34.068Z,https://drive.google.com/file/d/1-qNCZsh-VBCWLjNhMC4chBDLciZv5N5I/view?usp=drivesdk,de deroy - 2025 - el proceso de supervision en la gestion escolar de la escuela bolivariana tacamire. linea,https://drive.google.com/file/d/1-qNCZsh-VBCWLjNhMC4chBDLciZv5N5I/preview,https://drive.google.com/file/d/1-qNCZsh-VBCWLjNhMC4chBDLciZv5N5I/view
1dZbEN5urKp33LRFb9nTgCheqqgaGtJ4a,"Ramos Contreras - 2025 - La extraedad en la escuela, un factor de segregacion y exclusion en la gestion escolar.pdf",831771,2026-10-04T17:32:27.662Z,https://drive.google.com/file/d/1dZbEN5urKp33LRFb9nTgCheqqgaGtJ4a/view?usp=drivesdk,"ramos contreras - 2025 - la extraedad en la escuela, un factor de segregacion y exclusion en la gestion escolar",https://drive.google.com/file/d/1dZbEN5urKp33LRFb9nTgCheqqgaGtJ4a/preview,https://drive.google.com/file/d/1dZbEN5urKp33LRFb9nTgCheqqgaGtJ4a/view
1EwqLzryOpwHgbCTX0mr3TQ_shBlsrpMn,Duran Barrios - 2025 - Competencias digitales en la gestion escolar Impacto en la eficiencia.pdf,399722,2026-10-04T17:32:20.360Z,https://drive.google.com/file/d/1EwqLzryOpwHgbCTX0mr3TQ_shBlsrpMn/view?usp=drivesdk,duran barrios - 2025 - competencias digitales en la gestion escolar impacto en la eficiencia,https://drive.google.com/file/d/1EwqLzryOpwHgbCTX0mr3TQ_shBlsrpMn/preview,https://drive.google.com/file/d/1EwqLzryOpwHgbCTX0mr3TQ_shBlsrpMn/view
1v5Pn6rGhCw9iaFKyf6pQrb-p0fbxgz1Z,C. Laki Q. Badon - 2024 - A Systematic Review on the Impact of Gender Equity on Educational Leadership.pdf,400359,2026-10-01T18:59:41.863Z,https://drive.google.com/file/d/1v5Pn6rGhCw9iaFKyf6pQrb-p0fbxgz1Z/view?usp=drivesdk,c. laki q. badon - 2024 - a systematic review on the impact of gender equity on educational leadership,https://drive.google.com/file/d/1v5Pn6rGhCw9iaFKyf6pQrb-p0fbxgz1Z/preview,https://drive.google.com/file/d/1v5Pn6rGhCw9iaFKyf6pQrb-p0fbxgz1Z/view
1GZMpczwA5jtbR-H5y0jirzTgpqCFOTuH,Konidari Stathopoulos - 2025 - System-level educational leadership as a resilience building mechanism The case of Greece.pdf,420759,2026-10-01T18:59:37.912Z,https://drive.google.com/file/d/1GZMpczwA5jtbR-H5y0jirzTgpqCFOTuH/view?usp=drivesdk,konidari stathopoulos - 2025 - system-level educational leadership as a resilience building mechanism the case of greece,https://drive.google.com/file/d/1GZMpczwA5jtbR-H5y0jirzTgpqCFOTuH/preview,https://drive.google.com/file/d/1GZMpczwA5jtbR-H5y0jirzTgpqCFOTuH/view
1naHwe9JR0iuRwIYOQZZwMzgUv9h135VN,Maqbool et al - 2023 - The role of diverse leadership styles in teaching to sustain academic excellence at second.pdf,407368,2026-10-01T18:59:32.290Z,https://drive.google.com/file/d/1naHwe9JR0iuRwIYOQZZwMzgUv9h135VN/view?usp=drivesdk,maqbool et al - 2023 - the role of diverse leadership styles in teaching to sustain academic excellence at second,https://drive.google.com/file/d/1naHwe9JR0iuRwIYOQZZwMzgUv9h135VN/preview,https://drive.google.com/file/d/1naHwe9JR0iuRwIYOQZZwMzgUv9h135VN/view
1wLKyY6jDBr5338hr6NCHcXyDBHKlDxjt,Korva Laine - 2023 - Understanding Leadership in Educational Leadership Research in Finland.pdf,688162,2026-10-01T18:59:28.596Z,https://drive.google.com/file/d/1wLKyY6jDBr5338hr6NCHcXyDBHKlDxjt/view?usp=drivesdk,korva laine - 2023 - understanding leadership in educational leadership research in finland,https://drive.google.com/file/d/1wLKyY6jDBr5338hr6NCHcXyDBHKlDxjt/preview,https://drive.google.com/file/d/1wLKyY6jDBr5338hr6NCHcXyDBHKlDxjt/view
1c5Uua7SuicM5ch8Vl9I0qJK1Dbru6f5G,T. Kilag et al - 2023 - Anger and Stress Management Techniques for Successful Educational Leadership.pdf,463798,2026-10-01T18:59:18.870Z,https://drive.google.com/file/d/1c5Uua7SuicM5ch8Vl9I0qJK1Dbru6f5G/view?usp=drivesdk,t. kilag et al - 2023 - anger and stress management techniques for successful educational leadership,https://drive.google.com/file/d/1c5Uua7SuicM5ch8Vl9I0qJK1Dbru6f5G/preview,https://drive.google.com/file/d/1c5Uua7SuicM5ch8Vl9I0qJK1Dbru6f5G/view
1BeR7C0Kx9-s6ks57IPHsPN2ii7Lvoocg,Mat Shoib et al - 2025 - DECISION MAKING AND EDUCATIONAL LEADERSHIP A COMPREHENSIVE SYSTEMATIC REVIEW.pdf,734926,2026-10-01T18:58:55.191Z,https://drive.google.com/file/d/1BeR7C0Kx9-s6ks57IPHsPN2ii7Lvoocg/view?usp=drivesdk,mat shoib et al - 2025 - decision making and educational leadership a comprehensive systematic review,https://drive.google.com/file/d/1BeR7C0Kx9-s6ks57IPHsPN2ii7Lvoocg/preview,https://drive.google.com/file/d/1BeR7C0Kx9-s6ks57IPHsPN2ii7Lvoocg/view
1q-UAYLTqxdAYiZ1k6s3UnSQ99BDqlYxX,"Berges Puyo - 2022 - Ethical Leadership in Education A Uniting View Through Ethics of Care, Justice, Critique,.pdf",570915,2026-10-01T18:58:50.270Z,https://drive.google.com/file/d/1q-UAYLTqxdAYiZ1k6s3UnSQ99BDqlYxX/view?usp=drivesdk,"berges puyo - 2022 - ethical leadership in education a uniting view through ethics of care, justice, critique,",https://drive.google.com/file/d/1q-UAYLTqxdAYiZ1k6s3UnSQ99BDqlYxX/preview,https://drive.google.com/file/d/1q-UAYLTqxdAYiZ1k6s3UnSQ99BDqlYxX/view
1tteezGeqqcZdGjg8cX04-E3l2iOZ9aNu,Hakkı Ozturk - 2020 - Book Review. Educational leadership and management Developing insights and skills.pdf,809235,2026-10-01T18:58:41.983Z,https://drive.google.com/file/d/1tteezGeqqcZdGjg8cX04-E3l2iOZ9aNu/view?usp=drivesdk,hakkı ozturk - 2020 - book review. educational leadership and management developing insights and skills,https://drive.google.com/file/d/1tteezGeqqcZdGjg8cX04-E3l2iOZ9aNu/preview,https://drive.google.com/file/d/1tteezGeqqcZdGjg8cX04-E3l2iOZ9aNu/view
1x8gLbk_X5--LOliXUpUg-lGGs6wHcrUa,Salazar Montoya L. Kew - 2023 - Marianismo and the changing role of Latinas in educational leadership.pdf,149895,2026-10-01T18:58:24.912Z,https://drive.google.com/file/d/1x8gLbk_X5--LOliXUpUg-lGGs6wHcrUa/view?usp=drivesdk,salazar montoya l. kew - 2023 - marianismo and the changing role of latinas in educational leadership,https://drive.google.com/file/d/1x8gLbk_X5--LOliXUpUg-lGGs6wHcrUa/preview,https://drive.google.com/file/d/1x8gLbk_X5--LOliXUpUg-lGGs6wHcrUa/view
1RqxS09ZF9YJRnf-KicVoCRMB5gLo5izM,"Dimopoulos - 2020 - Educational Leadership Effectiveness. Is it a Matter of a Leader’s Characteristics, Behavi.pdf",314815,2026-10-01T18:58:21.284Z,https://drive.google.com/file/d/1RqxS09ZF9YJRnf-KicVoCRMB5gLo5izM/view?usp=drivesdk,"dimopoulos - 2020 - educational leadership effectiveness. is it a matter of a leader’s characteristics, behavi",https://drive.google.com/file/d/1RqxS09ZF9YJRnf-KicVoCRMB5gLo5izM/preview,https://drive.google.com/file/d/1RqxS09ZF9YJRnf-KicVoCRMB5gLo5izM/view
1y3MxXlbzFW0EH978BblHArXc8jjlfMxA,Peled Perzon - 2021 - Systemic model for technology integration in teaching.pdf,332413,2026-10-01T18:58:12.521Z,https://drive.google.com/file/d/1y3MxXlbzFW0EH978BblHArXc8jjlfMxA/view?usp=drivesdk,peled perzon - 2021 - systemic model for technology integration in teaching,https://drive.google.com/file/d/1y3MxXlbzFW0EH978BblHArXc8jjlfMxA/preview,https://drive.google.com/file/d/1y3MxXlbzFW0EH978BblHArXc8jjlfMxA/view
1KHQbSnSJ432Qt7I677iflWxqoaxVAd_L,Jaraba Vergara et al - 2025 - Gestion educativa en Colombia analisis desde las desigualdades regionales.pdf,1999400,2026-10-01T18:58:09.650Z,https://drive.google.com/file/d/1KHQbSnSJ432Qt7I677iflWxqoaxVAd_L/view?usp=drivesdk,jaraba vergara et al - 2025 - gestion educativa en colombia analisis desde las desigualdades regionales,https://drive.google.com/file/d/1KHQbSnSJ432Qt7I677iflWxqoaxVAd_L/preview,https://drive.google.com/file/d/1KHQbSnSJ432Qt7I677iflWxqoaxVAd_L/view
1078jq_fJ2KiK0IvoM5jmQw60GkMaJIjP,Becerra Celis - 2024 - La gestion educativa y desarrollo profesional de los docentes en la Unidad de Gestion Educ.pdf,5221108,2026-10-01T18:58:06.099Z,https://drive.google.com/file/d/1078jq_fJ2KiK0IvoM5jmQw60GkMaJIjP/view?usp=drivesdk,becerra celis - 2024 - la gestion educativa y desarrollo profesional de los docentes en la unidad de gestion educ,https://drive.google.com/file/d/1078jq_fJ2KiK0IvoM5jmQw60GkMaJIjP/preview,https://drive.google.com/file/d/1078jq_fJ2KiK0IvoM5jmQw60GkMaJIjP/view
1tokSgMnJu68DafupsHFmZDpE7BvZLjJd,Romero Vela Maria Relaiza - 2021 - Factores que intervienen en la gestion educativa.pdf,908112,2026-10-01T18:57:57.934Z,https://drive.google.com/file/d/1tokSgMnJu68DafupsHFmZDpE7BvZLjJd/view?usp=drivesdk,romero vela maria relaiza - 2021 - factores que intervienen en la gestion educativa,https://drive.google.com/file/d/1tokSgMnJu68DafupsHFmZDpE7BvZLjJd/preview,https://drive.google.com/file/d/1tokSgMnJu68DafupsHFmZDpE7BvZLjJd/view
1iBLz8-bcxcxJPHzpaaRxw-NFfJbkz8pv,Melean Romero Carhuancho Mendoza - 2022 - Politica y gestion educativa en Peru.pdf,2032069,2026-10-01T18:57:53.060Z,https://drive.google.com/file/d/1iBLz8-bcxcxJPHzpaaRxw-NFfJbkz8pv/view?usp=drivesdk,melean romero carhuancho mendoza - 2022 - politica y gestion educativa en peru,https://drive.google.com/file/d/1iBLz8-bcxcxJPHzpaaRxw-NFfJbkz8pv/preview,https://drive.google.com/file/d/1iBLz8-bcxcxJPHzpaaRxw-NFfJbkz8pv/view
1ziBOw0vjw0PyItcOVwWXt3_sRGkz-6-A,Armas Rebaza - 2024 - Seguimiento de la ensenanza y evaluacion formativa en docentes de educacion primaria en el.pdf,344040,2026-10-01T18:57:50.293Z,https://drive.google.com/file/d/1ziBOw0vjw0PyItcOVwWXt3_sRGkz-6-A/view?usp=drivesdk,armas rebaza - 2024 - seguimiento de la ensenanza y evaluacion formativa en docentes de educacion primaria en el,https://drive.google.com/file/d/1ziBOw0vjw0PyItcOVwWXt3_sRGkz-6-A/preview,https://drive.google.com/file/d/1ziBOw0vjw0PyItcOVwWXt3_sRGkz-6-A/view
1_3Qg-tHxzZcRF-Yc5t-zd8wI-7fI4HyD,Jesus Garcia-Alvarez Consuelo Cobo-Rendon - 2022 - Psicologia positiva aplicada a la educacion como herramienta para la construccion de una c.pdf,1032483,2026-10-01T18:57:47.513Z,https://drive.google.com/file/d/1_3Qg-tHxzZcRF-Yc5t-zd8wI-7fI4HyD/view?usp=drivesdk,jesus garcia-alvarez consuelo cobo-rendon - 2022 - psicologia positiva aplicada a la educacion como herramienta para la construccion de una c,https://drive.google.com/file/d/1_3Qg-tHxzZcRF-Yc5t-zd8wI-7fI4HyD/preview,https://drive.google.com/file/d/1_3Qg-tHxzZcRF-Yc5t-zd8wI-7fI4HyD/view
1a7gB6pqGdfN5jJ-l1_AlkJNv_vX2yMRS,"Perez Zamora - 2022 - Incidencia de la gestion de los procesos de comunicacion institucional, toma de decisiones.pdf",398575,2026-10-01T18:57:43.955Z,https://drive.google.com/file/d/1a7gB6pqGdfN5jJ-l1_AlkJNv_vX2yMRS/view?usp=drivesdk,"perez zamora - 2022 - incidencia de la gestion de los procesos de comunicacion institucional, toma de decisiones",https://drive.google.com/file/d/1a7gB6pqGdfN5jJ-l1_AlkJNv_vX2yMRS/preview,https://drive.google.com/file/d/1a7gB6pqGdfN5jJ-l1_AlkJNv_vX2yMRS/view
1UCCkSOUmSH4Dk_gZ8J-ESraA9NA0qeYQ,de Rengifo Damian Nunez - 2023 - Componente propuesta pedagogica del proyecto educativo institucional y su relacion con el.pdf,283033,2026-10-01T18:57:39.956Z,https://drive.google.com/file/d/1UCCkSOUmSH4Dk_gZ8J-ESraA9NA0qeYQ/view?usp=drivesdk,de rengifo damian nunez - 2023 - componente propuesta pedagogica del proyecto educativo institucional y su relacion con el,https://drive.google.com/file/d/1UCCkSOUmSH4Dk_gZ8J-ESraA9NA0qeYQ/preview,https://drive.google.com/file/d/1UCCkSOUmSH4Dk_gZ8J-ESraA9NA0qeYQ/view
1xlCXpGEBTt3UgBeAj3Slpd-VH92tFmlm,Anchayhua Serna - 2024 - Gestion educativa institucional en el desempeno profesional en los docentes de una institu.pdf,315084,2026-10-01T18:57:37.743Z,https://drive.google.com/file/d/1xlCXpGEBTt3UgBeAj3Slpd-VH92tFmlm/view?usp=drivesdk,anchayhua serna - 2024 - gestion educativa institucional en el desempeno profesional en los docentes de una institu,https://drive.google.com/file/d/1xlCXpGEBTt3UgBeAj3Slpd-VH92tFmlm/preview,https://drive.google.com/file/d/1xlCXpGEBTt3UgBeAj3Slpd-VH92tFmlm/view
1hv45Xe3sYnQBJxiZ1idTxgh64mQsqckw,Saavedra Delgado Bardales - 2023 - Propuesta de gestion administrativa para mejorar la satisfaccion laboral en trabajadores e.pdf,232270,2026-10-01T18:57:34.833Z,https://drive.google.com/file/d/1hv45Xe3sYnQBJxiZ1idTxgh64mQsqckw/view?usp=drivesdk,saavedra delgado bardales - 2023 - propuesta de gestion administrativa para mejorar la satisfaccion laboral en trabajadores e,https://drive.google.com/file/d/1hv45Xe3sYnQBJxiZ1idTxgh64mQsqckw/preview,https://drive.google.com/file/d/1hv45Xe3sYnQBJxiZ1idTxgh64mQsqckw/view
1QC-9tsCtDu-i404vxLlY_tvv9QlvJMdK,Llanos Chuquipa - 2023 - La participacion ciudadana en la educacion publica.pdf,596675,2026-10-01T18:57:32.743Z,https://drive.google.com/file/d/1QC-9tsCtDu-i404vxLlY_tvv9QlvJMdK/view?usp=drivesdk,llanos chuquipa - 2023 - la participacion ciudadana en la educacion publica,https://drive.google.com/file/d/1QC-9tsCtDu-i404vxLlY_tvv9QlvJMdK/preview,https://drive.google.com/file/d/1QC-9tsCtDu-i404vxLlY_tvv9QlvJMdK/view
10OZbsYt6QJ7fmCmb5zSKCAONPMquWHnw,Rios Rios et al - 2024 - La Perspectiva de control interno en la gestion de tesoreria.pdf,885068,2026-10-01T18:57:28.836Z,https://drive.google.com/file/d/10OZbsYt6QJ7fmCmb5zSKCAONPMquWHnw/view?usp=drivesdk,rios rios et al - 2024 - la perspectiva de control interno en la gestion de tesoreria,https://drive.google.com/file/d/10OZbsYt6QJ7fmCmb5zSKCAONPMquWHnw/preview,https://drive.google.com/file/d/10OZbsYt6QJ7fmCmb5zSKCAONPMquWHnw/view
1laUAmGUfKqEOl4EAWSWd2Qc3-NFOzEBG,Ferreyra Diaz - 2025 - 13 perspectivas del liderazgo Orientaciones para fortalecer la formacion en gestion educat.pdf,95488,2026-10-01T18:57:25.432Z,https://drive.google.com/file/d/1laUAmGUfKqEOl4EAWSWd2Qc3-NFOzEBG/view?usp=drivesdk,ferreyra diaz - 2025 - 13 perspectivas del liderazgo orientaciones para fortalecer la formacion en gestion educat,https://drive.google.com/file/d/1laUAmGUfKqEOl4EAWSWd2Qc3-NFOzEBG/preview,https://drive.google.com/file/d/1laUAmGUfKqEOl4EAWSWd2Qc3-NFOzEBG/view
1uqoVknG1OhCPn4ghrZg0VKcqyLH8GDDn,Vargas Cayetano Torrico Rocha - 2021 - Estrategias para la transformacion de la gestion educativa tomando en cuenta la recuperaci.pdf,276591,2026-10-01T18:57:22.278Z,https://drive.google.com/file/d/1uqoVknG1OhCPn4ghrZg0VKcqyLH8GDDn/view?usp=drivesdk,vargas cayetano torrico rocha - 2021 - estrategias para la transformacion de la gestion educativa tomando en cuenta la recuperaci,https://drive.google.com/file/d/1uqoVknG1OhCPn4ghrZg0VKcqyLH8GDDn/preview,https://drive.google.com/file/d/1uqoVknG1OhCPn4ghrZg0VKcqyLH8GDDn/view
16t57Yy08yANxrZ2BWHNx5vkwt2W1tfzS,Asprella et al - 2020 - Administracion de la Educacion Modelos y racionalidades de gestion.pdf,980703,2026-10-01T18:57:20.275Z,https://drive.google.com/file/d/16t57Yy08yANxrZ2BWHNx5vkwt2W1tfzS/view?usp=drivesdk,asprella et al - 2020 - administracion de la educacion modelos y racionalidades de gestion,https://drive.google.com/file/d/16t57Yy08yANxrZ2BWHNx5vkwt2W1tfzS/preview,https://drive.google.com/file/d/16t57Yy08yANxrZ2BWHNx5vkwt2W1tfzS/view
1QQzO56LmN-69qtbPa52L4IS07aLkSQ1F,Navarrete Criollo et al - 2024 - La Gestion Educativa y su Incidencia en el Proceso de Ensenanza Aprendizaje en Bachillerat.pdf,278136,2026-10-01T18:57:15.002Z,https://drive.google.com/file/d/1QQzO56LmN-69qtbPa52L4IS07aLkSQ1F/view?usp=drivesdk,navarrete criollo et al - 2024 - la gestion educativa y su incidencia en el proceso de ensenanza aprendizaje en bachillerat,https://drive.google.com/file/d/1QQzO56LmN-69qtbPa52L4IS07aLkSQ1F/preview,https://drive.google.com/file/d/1QQzO56LmN-69qtbPa52L4IS07aLkSQ1F/view
1R7dMFn-J9BWhJyuR8Om3zVvCwHgnL4bz,Marjorie Valladares-Durand et al - 2022 - planificacion estrategica como mejora del desempeno docente en Peru.pdf,353764,2026-10-01T18:57:11.079Z,https://drive.google.com/file/d/1R7dMFn-J9BWhJyuR8Om3zVvCwHgnL4bz/view?usp=drivesdk,marjorie valladares-durand et al - 2022 - planificacion estrategica como mejora del desempeno docente en peru,https://drive.google.com/file/d/1R7dMFn-J9BWhJyuR8Om3zVvCwHgnL4bz/preview,https://drive.google.com/file/d/1R7dMFn-J9BWhJyuR8Om3zVvCwHgnL4bz/view
1-GfiJHLNSu7UMUEvfKV_-TDFmBpXu696,Matilde Zegarra-Valladolid Fernando Velazco-Cueva - 2025 - Incidencia de la Gestion Educativa y la Diversidad Cultural en la Calidad Educativa.pdf,543144,2026-10-01T18:57:08.178Z,https://drive.google.com/file/d/1-GfiJHLNSu7UMUEvfKV_-TDFmBpXu696/view?usp=drivesdk,matilde zegarra-valladolid fernando velazco-cueva - 2025 - incidencia de la gestion educativa y la diversidad cultural en la calidad educativa,https://drive.google.com/file/d/1-GfiJHLNSu7UMUEvfKV_-TDFmBpXu696/preview,https://drive.google.com/file/d/1-GfiJHLNSu7UMUEvfKV_-TDFmBpXu696/view
1A_YN5rRl0o_h_mN4Rz8Eygz8UgWQ8F30,Chung Diaz et al - 2022 - Sistema de control interno y gestion institucional de la Unidad de Gestion Educativa Local.pdf,304908,2026-10-01T18:57:05.292Z,https://drive.google.com/file/d/1A_YN5rRl0o_h_mN4Rz8Eygz8UgWQ8F30/view?usp=drivesdk,chung diaz et al - 2022 - sistema de control interno y gestion institucional de la unidad de gestion educativa local,https://drive.google.com/file/d/1A_YN5rRl0o_h_mN4Rz8Eygz8UgWQ8F30/preview,https://drive.google.com/file/d/1A_YN5rRl0o_h_mN4Rz8Eygz8UgWQ8F30/view
1pPprh4grAKvLJNsjQZfCe5GmT0efJ4j1,Malpartida Santos et al - 2024 - El liderazgo comunicativo. Una forma de integracion en la gestion educativa.pdf,9815396,2026-10-01T18:56:59.457Z,https://drive.google.com/file/d/1pPprh4grAKvLJNsjQZfCe5GmT0efJ4j1/view?usp=drivesdk,malpartida santos et al - 2024 - el liderazgo comunicativo. una forma de integracion en la gestion educativa,https://drive.google.com/file/d/1pPprh4grAKvLJNsjQZfCe5GmT0efJ4j1/preview,https://drive.google.com/file/d/1pPprh4grAKvLJNsjQZfCe5GmT0efJ4j1/view
1ubm2zxEjaslmkQwNTuH_wdxoMTJ2lGP3,Luis Estevez-Mendez Moraleda Ruano - 2022 - Analisis de la percepcion docente sobre la gestion educativa del confinamiento por covid-1.pdf,207004,2026-10-01T18:56:55.400Z,https://drive.google.com/file/d/1ubm2zxEjaslmkQwNTuH_wdxoMTJ2lGP3/view?usp=drivesdk,luis estevez-mendez moraleda ruano - 2022 - analisis de la percepcion docente sobre la gestion educativa del confinamiento por covid-1,https://drive.google.com/file/d/1ubm2zxEjaslmkQwNTuH_wdxoMTJ2lGP3/preview,https://drive.google.com/file/d/1ubm2zxEjaslmkQwNTuH_wdxoMTJ2lGP3/view
1IcquyGxXjEzCqgoja-qluZJr6zrQw75A,Garcia-Beltran et al - 2021 - Marco teorico para la evaluacion de la gestion educativa para el desarrollo de la competen.pdf,1002714,2026-10-01T18:56:52.084Z,https://drive.google.com/file/d/1IcquyGxXjEzCqgoja-qluZJr6zrQw75A/view?usp=drivesdk,garcia-beltran et al - 2021 - marco teorico para la evaluacion de la gestion educativa para el desarrollo de la competen,https://drive.google.com/file/d/1IcquyGxXjEzCqgoja-qluZJr6zrQw75A/preview,https://drive.google.com/file/d/1IcquyGxXjEzCqgoja-qluZJr6zrQw75A/view
1O4-jr7Q9nAO2YRNzQp8-fcdnU123JzLX,Isabel Esteves-Fajardo et al - 2022 - El liderazgo transformacional para la gestion educativa.pdf,193825,2026-10-01T18:56:47.216Z,https://drive.google.com/file/d/1O4-jr7Q9nAO2YRNzQp8-fcdnU123JzLX/view?usp=drivesdk,isabel esteves-fajardo et al - 2022 - el liderazgo transformacional para la gestion educativa,https://drive.google.com/file/d/1O4-jr7Q9nAO2YRNzQp8-fcdnU123JzLX/preview,https://drive.google.com/file/d/1O4-jr7Q9nAO2YRNzQp8-fcdnU123JzLX/view
1gEbgjxw3qGyl5oSbOpW_IyGW3QZu57Ug,Munoz Miraba et al - 2023 - Modelo de Gestion Educativa basado en el liderazgo transformacional para mejorar el desemp.pdf,801993,2026-10-01T18:56:44.031Z,https://drive.google.com/file/d/1gEbgjxw3qGyl5oSbOpW_IyGW3QZu57Ug/view?usp=drivesdk,munoz miraba et al - 2023 - modelo de gestion educativa basado en el liderazgo transformacional para mejorar el desemp,https://drive.google.com/file/d/1gEbgjxw3qGyl5oSbOpW_IyGW3QZu57Ug/preview,https://drive.google.com/file/d/1gEbgjxw3qGyl5oSbOpW_IyGW3QZu57Ug/view
1DzGGsCwqM1huu5USpSOF4KCi394s66dn,Jama Zambrano et al - 2024 - Neuroliderazgo en la gestion educativa.pdf,361524,2026-10-01T18:56:38.945Z,https://drive.google.com/file/d/1DzGGsCwqM1huu5USpSOF4KCi394s66dn/view?usp=drivesdk,jama zambrano et al - 2024 - neuroliderazgo en la gestion educativa,https://drive.google.com/file/d/1DzGGsCwqM1huu5USpSOF4KCi394s66dn/preview,https://drive.google.com/file/d/1DzGGsCwqM1huu5USpSOF4KCi394s66dn/view
1UYGEFo2SWP1hziF4x_Vp1P_NGhI9nt7x,Augusto Reyes-Barrios Ponce Yactayo - 2023 - Estres laboral y clima organizacional en una unidad de gestion educativa local.pdf,147779,2026-10-01T18:56:34.506Z,https://drive.google.com/file/d/1UYGEFo2SWP1hziF4x_Vp1P_NGhI9nt7x/view?usp=drivesdk,augusto reyes-barrios ponce yactayo - 2023 - estres laboral y clima organizacional en una unidad de gestion educativa local,https://drive.google.com/file/d/1UYGEFo2SWP1hziF4x_Vp1P_NGhI9nt7x/preview,https://drive.google.com/file/d/1UYGEFo2SWP1hziF4x_Vp1P_NGhI9nt7x/view
1EJ0vIaSlEQgw7H-4cVEKXh8SZTdPNDd1,de Barbudez Ortiz Jimenez - 2021 - Leadership An opportunity for Educational Management.pdf,432630,2026-10-01T18:56:30.087Z,https://drive.google.com/file/d/1EJ0vIaSlEQgw7H-4cVEKXh8SZTdPNDd1/view?usp=drivesdk,de barbudez ortiz jimenez - 2021 - leadership an opportunity for educational management,https://drive.google.com/file/d/1EJ0vIaSlEQgw7H-4cVEKXh8SZTdPNDd1/preview,https://drive.google.com/file/d/1EJ0vIaSlEQgw7H-4cVEKXh8SZTdPNDd1/view
17PxI_ckcyroWmJ797UX5Nunt_OciYi9Z,Palacio Sprockel et al - 2022 - Innovacion en la gestion educativa actores y procesos.pdf,853018,2026-10-01T18:55:53.070Z,https://drive.google.com/file/d/17PxI_ckcyroWmJ797UX5Nunt_OciYi9Z/view?usp=drivesdk,palacio sprockel et al - 2022 - innovacion en la gestion educativa actores y procesos,https://drive.google.com/file/d/17PxI_ckcyroWmJ797UX5Nunt_OciYi9Z/preview,https://drive.google.com/file/d/17PxI_ckcyroWmJ797UX5Nunt_OciYi9Z/view
1LIdgnsFJSMFOrv90i1jXeA4_zBov-ZKV,Ariza Dau Ramos Ruiz - 2022 - Gobernanza educativa en America Latina.pdf,798896,2026-10-01T18:55:47.255Z,https://drive.google.com/file/d/1LIdgnsFJSMFOrv90i1jXeA4_zBov-ZKV/view?usp=drivesdk,ariza dau ramos ruiz - 2022 - gobernanza educativa en america latina,https://drive.google.com/file/d/1LIdgnsFJSMFOrv90i1jXeA4_zBov-ZKV/preview,https://drive.google.com/file/d/1LIdgnsFJSMFOrv90i1jXeA4_zBov-ZKV/view
11ebF34eoaPhY6wrbvzsiBSED7ScALNvA,SEP - 2023 - Condiciones institucionales y trabajo colaborativo entre docentes.pdf,335038,2026-10-01T18:55:44.328Z,https://drive.google.com/file/d/11ebF34eoaPhY6wrbvzsiBSED7ScALNvA/view?usp=drivesdk,sep - 2023 - condiciones institucionales y trabajo colaborativo entre docentes,https://drive.google.com/file/d/11ebF34eoaPhY6wrbvzsiBSED7ScALNvA/preview,https://drive.google.com/file/d/11ebF34eoaPhY6wrbvzsiBSED7ScALNvA/view
14x5h5_sSDKO9HiI2k8uiPhtZ0yhCG86a,Souza Oliveira Nunes Ribeiro - 2022 - A Educacao Fisica no Novo Ensino Medio Baiano uma analise documental.pdf,533742,2026-10-01T18:55:41.868Z,https://drive.google.com/file/d/14x5h5_sSDKO9HiI2k8uiPhtZ0yhCG86a/view?usp=drivesdk,souza oliveira nunes ribeiro - 2022 - a educacao fisica no novo ensino medio baiano uma analise documental,https://drive.google.com/file/d/14x5h5_sSDKO9HiI2k8uiPhtZ0yhCG86a/preview,https://drive.google.com/file/d/14x5h5_sSDKO9HiI2k8uiPhtZ0yhCG86a/view
1-pjnKIcEnFFcZIrGK4eGDh23SfGjCAe6,Olondriz-Valverde Arco Bravo - 2025 - Los lideres intermedios nuevas figuras esenciales en la gestion de las organizaciones educ.pdf,889892,2026-10-01T18:55:37.442Z,https://drive.google.com/file/d/1-pjnKIcEnFFcZIrGK4eGDh23SfGjCAe6/view?usp=drivesdk,olondriz-valverde arco bravo - 2025 - los lideres intermedios nuevas figuras esenciales en la gestion de las organizaciones educ,https://drive.google.com/file/d/1-pjnKIcEnFFcZIrGK4eGDh23SfGjCAe6/preview,https://drive.google.com/file/d/1-pjnKIcEnFFcZIrGK4eGDh23SfGjCAe6/view
1-NCxJrhw0Kb67oxkXN_guFdxrKz63hmx,Alexandre Marangoni de Souza - 2021 - GESTAO DEMOCRATICA DA EDUCACAO O QUE REVELAM OS DADOS DO PROJETO DA REDE ESTADUAL PAULISTA.pdf,360764,2026-10-01T18:55:32.625Z,https://drive.google.com/file/d/1-NCxJrhw0Kb67oxkXN_guFdxrKz63hmx/view?usp=drivesdk,alexandre marangoni de souza - 2021 - gestao democratica da educacao o que revelam os dados do projeto da rede estadual paulista,https://drive.google.com/file/d/1-NCxJrhw0Kb67oxkXN_guFdxrKz63hmx/preview,https://drive.google.com/file/d/1-NCxJrhw0Kb67oxkXN_guFdxrKz63hmx/view
1l43L8cNlNUsf-1qIl_85ZsvnGt0wNYcS,Peralta-Rojas et al - 2025 - Liderazgo pedagogico de la direccion y engagement laboral docente en institutos de educaci.pdf,569368,2026-10-01T18:55:28.967Z,https://drive.google.com/file/d/1l43L8cNlNUsf-1qIl_85ZsvnGt0wNYcS/view?usp=drivesdk,peralta-rojas et al - 2025 - liderazgo pedagogico de la direccion y engagement laboral docente en institutos de educaci,https://drive.google.com/file/d/1l43L8cNlNUsf-1qIl_85ZsvnGt0wNYcS/preview,https://drive.google.com/file/d/1l43L8cNlNUsf-1qIl_85ZsvnGt0wNYcS/view
1UIHGlsKgL0UDNJCgmuyDhJoDJmWnJN-c,Vallejos Garcias Castro Duran - 2023 - Educacion inclusiva.pdf,568164,2026-10-01T18:55:22.238Z,https://drive.google.com/file/d/1UIHGlsKgL0UDNJCgmuyDhJoDJmWnJN-c/view?usp=drivesdk,vallejos garcias castro duran - 2023 - educacion inclusiva,https://drive.google.com/file/d/1UIHGlsKgL0UDNJCgmuyDhJoDJmWnJN-c/preview,https://drive.google.com/file/d/1UIHGlsKgL0UDNJCgmuyDhJoDJmWnJN-c/view
11XARNdoC8hnzFYoe5xOvzzT8ObQ-D9Ng,Moreno Mosquera Cuesta Moreno - 2024 - Liderazgo no-parametral para la gestion y transformacion de la educacion rural colombiana.pdf,420270,2026-10-01T18:55:16.898Z,https://drive.google.com/file/d/11XARNdoC8hnzFYoe5xOvzzT8ObQ-D9Ng/view?usp=drivesdk,moreno mosquera cuesta moreno - 2024 - liderazgo no-parametral para la gestion y transformacion de la educacion rural colombiana,https://drive.google.com/file/d/11XARNdoC8hnzFYoe5xOvzzT8ObQ-D9Ng/preview,https://drive.google.com/file/d/11XARNdoC8hnzFYoe5xOvzzT8ObQ-D9Ng/view
1SsUynP28Q7qHc_q9K2jqjDvMGfzghI3k,Barrientos Lopez et al - 2022 - Monitoring and pedagogical accompaniment in basic education.pdf,430212,2026-10-01T18:55:11.439Z,https://drive.google.com/file/d/1SsUynP28Q7qHc_q9K2jqjDvMGfzghI3k/view?usp=drivesdk,barrientos lopez et al - 2022 - monitoring and pedagogical accompaniment in basic education,https://drive.google.com/file/d/1SsUynP28Q7qHc_q9K2jqjDvMGfzghI3k/preview,https://drive.google.com/file/d/1SsUynP28Q7qHc_q9K2jqjDvMGfzghI3k/view
1Dr4FnCIfiJYAQ-mwfeEySjp0XbstdEuu,Moreira Roberto - 2023 - Lideranca pedagogica dos gestores escolares e o desenvolvimento profissional docente uma r.pdf,350083,2026-10-01T18:55:09.695Z,https://drive.google.com/file/d/1Dr4FnCIfiJYAQ-mwfeEySjp0XbstdEuu/view?usp=drivesdk,moreira roberto - 2023 - lideranca pedagogica dos gestores escolares e o desenvolvimento profissional docente uma r,https://drive.google.com/file/d/1Dr4FnCIfiJYAQ-mwfeEySjp0XbstdEuu/preview,https://drive.google.com/file/d/1Dr4FnCIfiJYAQ-mwfeEySjp0XbstdEuu/view
1unt-q3nk7YP28DnfpnAcQHtx1MQma3v4,Munoz Pareschi - 2020 - Estudio de caso unico sobre la participacion de estudiantes en el aula desde los principio.pdf,104384,2026-10-01T18:55:04.229Z,https://drive.google.com/file/d/1unt-q3nk7YP28DnfpnAcQHtx1MQma3v4/view?usp=drivesdk,munoz pareschi - 2020 - estudio de caso unico sobre la participacion de estudiantes en el aula desde los principio,https://drive.google.com/file/d/1unt-q3nk7YP28DnfpnAcQHtx1MQma3v4/preview,https://drive.google.com/file/d/1unt-q3nk7YP28DnfpnAcQHtx1MQma3v4/view
1LHXt8O9PLQ8elErwPKE_i8t15hZz8JJU,Ayala - 2024 - La influencia del liderazgo transformacional en la gestion educativa.pdf,310968,2026-10-01T18:54:59.288Z,https://drive.google.com/file/d/1LHXt8O9PLQ8elErwPKE_i8t15hZz8JJU/view?usp=drivesdk,ayala - 2024 - la influencia del liderazgo transformacional en la gestion educativa,https://drive.google.com/file/d/1LHXt8O9PLQ8elErwPKE_i8t15hZz8JJU/preview,https://drive.google.com/file/d/1LHXt8O9PLQ8elErwPKE_i8t15hZz8JJU/view
10qIFGRi3t7wTn6gb-8gZ2JiGeMh-dJgs,Gonzalez Cisneros Pedraza Melo - 2021 - Factores del capital humano y desempeno en instituciones de educacion media superior.pdf,484855,2026-10-01T18:54:55.389Z,https://drive.google.com/file/d/10qIFGRi3t7wTn6gb-8gZ2JiGeMh-dJgs/view?usp=drivesdk,gonzalez cisneros pedraza melo - 2021 - factores del capital humano y desempeno en instituciones de educacion media superior,https://drive.google.com/file/d/10qIFGRi3t7wTn6gb-8gZ2JiGeMh-dJgs/preview,https://drive.google.com/file/d/10qIFGRi3t7wTn6gb-8gZ2JiGeMh-dJgs/view
1mJHld8U8medHJEX0l3LVtMNMtIF7_P3b,Sanchez Arreaga et al - 2024 - El papel del liderazgo pedagogico en la innovacion educativa y la adaptacion a nuevas tecn.pdf,450660,2026-10-01T18:54:52.289Z,https://drive.google.com/file/d/1mJHld8U8medHJEX0l3LVtMNMtIF7_P3b/view?usp=drivesdk,sanchez arreaga et al - 2024 - el papel del liderazgo pedagogico en la innovacion educativa y la adaptacion a nuevas tecn,https://drive.google.com/file/d/1mJHld8U8medHJEX0l3LVtMNMtIF7_P3b/preview,https://drive.google.com/file/d/1mJHld8U8medHJEX0l3LVtMNMtIF7_P3b/view
1ndpYTkScMvjTAJ5gujThCLdaDBXKMpV3,de Souza de Brito - 2022 - GESTAO ESCOLAR UMA ANALISE ACERCA DO PROCESSO DE ELABORACAO E IMPLEMENTACAO DO PROJETO POL.pdf,154447,2026-10-01T18:54:46.243Z,https://drive.google.com/file/d/1ndpYTkScMvjTAJ5gujThCLdaDBXKMpV3/view?usp=drivesdk,de souza de brito - 2022 - gestao escolar uma analise acerca do processo de elaboracao e implementacao do projeto pol,https://drive.google.com/file/d/1ndpYTkScMvjTAJ5gujThCLdaDBXKMpV3/preview,https://drive.google.com/file/d/1ndpYTkScMvjTAJ5gujThCLdaDBXKMpV3/view
1yFTge2ivW21A6vPsb4wp0ZlC8Mb0n_UH,Cuellar Condori - 2025 - El efecto del nivel socioeconomico y tipo de gestion escolar sobre el logro de aprendizaje.pdf,4040187,2026-10-01T18:54:42.114Z,https://drive.google.com/file/d/1yFTge2ivW21A6vPsb4wp0ZlC8Mb0n_UH/view?usp=drivesdk,cuellar condori - 2025 - el efecto del nivel socioeconomico y tipo de gestion escolar sobre el logro de aprendizaje,https://drive.google.com/file/d/1yFTge2ivW21A6vPsb4wp0ZlC8Mb0n_UH/preview,https://drive.google.com/file/d/1yFTge2ivW21A6vPsb4wp0ZlC8Mb0n_UH/view
1hrXeY4bh2zVdpFavn6Vb0Yh2KLcMzuGu,Quiza Jaen - 2024 - Implementacion de redes educativas de gestion escolar y su impacto sobre el rendimiento de.pdf,5733826,2026-10-01T18:54:35.772Z,https://drive.google.com/file/d/1hrXeY4bh2zVdpFavn6Vb0Yh2KLcMzuGu/view?usp=drivesdk,quiza jaen - 2024 - implementacion de redes educativas de gestion escolar y su impacto sobre el rendimiento de,https://drive.google.com/file/d/1hrXeY4bh2zVdpFavn6Vb0Yh2KLcMzuGu/preview,https://drive.google.com/file/d/1hrXeY4bh2zVdpFavn6Vb0Yh2KLcMzuGu/view
1h403hWzJcxcDosZvLch8c7Ux--5MG5Vq,Huanca Larico - 2024 - Competencias digitales y compromisos de gestion escolar en la Institucion Educativa Primar.pdf,3162290,2026-10-01T18:53:58.957Z,https://drive.google.com/file/d/1h403hWzJcxcDosZvLch8c7Ux--5MG5Vq/view?usp=drivesdk,huanca larico - 2024 - competencias digitales y compromisos de gestion escolar en la institucion educativa primar,https://drive.google.com/file/d/1h403hWzJcxcDosZvLch8c7Ux--5MG5Vq/preview,https://drive.google.com/file/d/1h403hWzJcxcDosZvLch8c7Ux--5MG5Vq/view
10YYRd7QPmWzzKo_51M8LW0es-cGvC37C,Marroquin Cansaya - 2023 - Correlacion entre niveles de gestion escolar y logro de compromisos en las instituciones e.pdf,4685276,2026-10-01T18:53:53.426Z,https://drive.google.com/file/d/10YYRd7QPmWzzKo_51M8LW0es-cGvC37C/view?usp=drivesdk,marroquin cansaya - 2023 - correlacion entre niveles de gestion escolar y logro de compromisos en las instituciones e,https://drive.google.com/file/d/10YYRd7QPmWzzKo_51M8LW0es-cGvC37C/preview,https://drive.google.com/file/d/10YYRd7QPmWzzKo_51M8LW0es-cGvC37C/view
1tqZ8OGbYLLU8Dq9c_J2fJtpy-dhrrk_x,Islam Ghuni et al - 2025 - Islamic Educational Leadership in the Era of Digital Transformation Developing Adaptive Le.pdf,192427,2026-09-25T18:00:38.746Z,https://drive.google.com/file/d/1tqZ8OGbYLLU8Dq9c_J2fJtpy-dhrrk_x/view?usp=drivesdk,islam ghuni et al - 2025 - islamic educational leadership in the era of digital transformation developing adaptive le,https://drive.google.com/file/d/1tqZ8OGbYLLU8Dq9c_J2fJtpy-dhrrk_x/preview,https://drive.google.com/file/d/1tqZ8OGbYLLU8Dq9c_J2fJtpy-dhrrk_x/view
10hyIeIyGBlXrbAETe9m5I4SeY4l_gJyc,Kasanah et al - 2023 - Responsive Islamic Boarding School Management to Environmental Sustainability Through Gree.pdf,950727,2026-09-25T18:00:35.104Z,https://drive.google.com/file/d/10hyIeIyGBlXrbAETe9m5I4SeY4l_gJyc/view?usp=drivesdk,kasanah et al - 2023 - responsive islamic boarding school management to environmental sustainability through gree,https://drive.google.com/file/d/10hyIeIyGBlXrbAETe9m5I4SeY4l_gJyc/preview,https://drive.google.com/file/d/10hyIeIyGBlXrbAETe9m5I4SeY4l_gJyc/view
12eD6I1wauDc1vY10bByj85pntVHiSMPN,R. Solomon-Solidarios - 2025 - MANAGING RESPONSIBILITIES TEACHER-IN-CHARGE PERSONNEL’S LIVED EXPERIENCES IN SCHOOL MANAGE.pdf,289155,2026-09-25T18:00:30.269Z,https://drive.google.com/file/d/12eD6I1wauDc1vY10bByj85pntVHiSMPN/view?usp=drivesdk,r. solomon-solidarios - 2025 - managing responsibilities teacher-in-charge personnel’s lived experiences in school manage,https://drive.google.com/file/d/12eD6I1wauDc1vY10bByj85pntVHiSMPN/preview,https://drive.google.com/file/d/12eD6I1wauDc1vY10bByj85pntVHiSMPN/view
1wSVz41zjDc7t6UrBskXzxld-jCduaY4D,Ozcan - 2021 - Factors Affecting Students’ Academic Achievement according to the Teachers’ Opinion.pdf,740356,2026-09-25T18:00:28.076Z,https://drive.google.com/file/d/1wSVz41zjDc7t6UrBskXzxld-jCduaY4D/view?usp=drivesdk,ozcan - 2021 - factors affecting students’ academic achievement according to the teachers’ opinion,https://drive.google.com/file/d/1wSVz41zjDc7t6UrBskXzxld-jCduaY4D/preview,https://drive.google.com/file/d/1wSVz41zjDc7t6UrBskXzxld-jCduaY4D/view
1Onvgqsol0MlBfxe-BIDB6h5RvoofnY_-,Benites Zambrano et al - 2025 - Desafios y Oportunidades de las TIC en la Gestion Administrativa de Instituciones Educativ.pdf,304948,2026-09-25T18:00:24.538Z,https://drive.google.com/file/d/1Onvgqsol0MlBfxe-BIDB6h5RvoofnY_-/view?usp=drivesdk,benites zambrano et al - 2025 - desafios y oportunidades de las tic en la gestion administrativa de instituciones educativ,https://drive.google.com/file/d/1Onvgqsol0MlBfxe-BIDB6h5RvoofnY_-/preview,https://drive.google.com/file/d/1Onvgqsol0MlBfxe-BIDB6h5RvoofnY_-/view
1DHxoe1x2GoVHtJPURH57GucK29wvgRac,Ines Villa et al - 2026 - Prologo a La direccion escolar.pdf,188574,2026-09-25T18:00:20.262Z,https://drive.google.com/file/d/1DHxoe1x2GoVHtJPURH57GucK29wvgRac/view?usp=drivesdk,ines villa et al - 2026 - prologo a la direccion escolar,https://drive.google.com/file/d/1DHxoe1x2GoVHtJPURH57GucK29wvgRac/preview,https://drive.google.com/file/d/1DHxoe1x2GoVHtJPURH57GucK29wvgRac/view
1-WBtuRG1hbXBLaiJY430Z6P3ptWEHIbB,"Lessa Goncalves et al - 2026 - Liderazgo educativo, gestion escolar y curriculo en contextos escolares interculturales en.pdf",399634,2026-09-25T17:59:47.246Z,https://drive.google.com/file/d/1-WBtuRG1hbXBLaiJY430Z6P3ptWEHIbB/view?usp=drivesdk,"lessa goncalves et al - 2026 - liderazgo educativo, gestion escolar y curriculo en contextos escolares interculturales en",https://drive.google.com/file/d/1-WBtuRG1hbXBLaiJY430Z6P3ptWEHIbB/preview,https://drive.google.com/file/d/1-WBtuRG1hbXBLaiJY430Z6P3ptWEHIbB/view
1qn1BmQK5JgPHOqdXQSc8uWEcFXMK5ukX,Milito - 2025 - Las radios universitarias la gestion de su institucion educativa.pdf,1281163,2026-09-19T16:23:01.595Z,https://drive.google.com/file/d/1qn1BmQK5JgPHOqdXQSc8uWEcFXMK5ukX/view?usp=drivesdk,milito - 2025 - las radios universitarias la gestion de su institucion educativa,https://drive.google.com/file/d/1qn1BmQK5JgPHOqdXQSc8uWEcFXMK5ukX/preview,https://drive.google.com/file/d/1qn1BmQK5JgPHOqdXQSc8uWEcFXMK5ukX/view
1Hn8PC_7XLW_lQylGafvkfAL-bf3Um2eB,Mendoza Rudecindo - 2024 - Supervision educativa y formacion continua Revision de estrategias metodologicas y perspec.pdf,2584898,2026-09-19T16:22:57.073Z,https://drive.google.com/file/d/1Hn8PC_7XLW_lQylGafvkfAL-bf3Um2eB/view?usp=drivesdk,mendoza rudecindo - 2024 - supervision educativa y formacion continua revision de estrategias metodologicas y perspec,https://drive.google.com/file/d/1Hn8PC_7XLW_lQylGafvkfAL-bf3Um2eB/preview,https://drive.google.com/file/d/1Hn8PC_7XLW_lQylGafvkfAL-bf3Um2eB/view
1BpfVwu5KsablIGr4RmuSQyvdbaPPAgyv,Montoya Lopez et al - 2026 - Gestion institucional del trayecto de practica profesional en la formacion inicial normali.pdf,110559,2026-09-13T17:02:24.684Z,https://drive.google.com/file/d/1BpfVwu5KsablIGr4RmuSQyvdbaPPAgyv/view?usp=drivesdk,montoya lopez et al - 2026 - gestion institucional del trayecto de practica profesional en la formacion inicial normali,https://drive.google.com/file/d/1BpfVwu5KsablIGr4RmuSQyvdbaPPAgyv/preview,https://drive.google.com/file/d/1BpfVwu5KsablIGr4RmuSQyvdbaPPAgyv/view
19uIrxwajQjIdMk5NJxc7QuCAa2xAwEKY,Yanez Encina - 2021 - Factores que inciden en la eficacia escolar en Latinoamerica Una revision sistematica.pdf,514411,2026-09-10T17:16:53.142Z,https://drive.google.com/file/d/19uIrxwajQjIdMk5NJxc7QuCAa2xAwEKY/view?usp=drivesdk,yanez encina - 2021 - factores que inciden en la eficacia escolar en latinoamerica una revision sistematica,https://drive.google.com/file/d/19uIrxwajQjIdMk5NJxc7QuCAa2xAwEKY/preview,https://drive.google.com/file/d/19uIrxwajQjIdMk5NJxc7QuCAa2xAwEKY/view
105Te9NgK-nXP7vLW9ecWrliNlO05nMe-,Torres et al - 2024 - LIDERAZGO DOCENTE A NIVEL SUPERIOR Y SU IMPACTO EN LA ENSENANZA.pdf,934694,2026-09-10T17:16:49.144Z,https://drive.google.com/file/d/105Te9NgK-nXP7vLW9ecWrliNlO05nMe-/view?usp=drivesdk,torres et al - 2024 - liderazgo docente a nivel superior y su impacto en la ensenanza,https://drive.google.com/file/d/105Te9NgK-nXP7vLW9ecWrliNlO05nMe-/preview,https://drive.google.com/file/d/105Te9NgK-nXP7vLW9ecWrliNlO05nMe-/view
1bNXbEke_490IO9ZfWn7y-qAphuCYdyHc,Zurita Rivera - 2020 - La participacion social en la reforma educativa en Mexico 2012-2018.pdf,605983,2026-09-10T17:16:41.654Z,https://drive.google.com/file/d/1bNXbEke_490IO9ZfWn7y-qAphuCYdyHc/view?usp=drivesdk,zurita rivera - 2020 - la participacion social en la reforma educativa en mexico 2012-2018,https://drive.google.com/file/d/1bNXbEke_490IO9ZfWn7y-qAphuCYdyHc/preview,https://drive.google.com/file/d/1bNXbEke_490IO9ZfWn7y-qAphuCYdyHc/view
1T_agOSaL5wd2G1e2926r5ZUCTJWII_g7,Ortega Mejia Meza Negrete - 2020 - Representaciones e imagenes sobre la escuela rural en Colombia caso de una escuela de la c.pdf,2337679,2026-09-10T17:16:37.830Z,https://drive.google.com/file/d/1T_agOSaL5wd2G1e2926r5ZUCTJWII_g7/view?usp=drivesdk,ortega mejia meza negrete - 2020 - representaciones e imagenes sobre la escuela rural en colombia caso de una escuela de la c,https://drive.google.com/file/d/1T_agOSaL5wd2G1e2926r5ZUCTJWII_g7/preview,https://drive.google.com/file/d/1T_agOSaL5wd2G1e2926r5ZUCTJWII_g7/view
1hCI-k_Ti36sH5Yz8DOgRSLQVoIrkBvc-,del Altiplano et al - 2022 - Liderazgo transformacional y el desempeno directivo en instituciones de Carabaya – Puno.pdf,1212221,2026-09-10T17:16:12.079Z,https://drive.google.com/file/d/1hCI-k_Ti36sH5Yz8DOgRSLQVoIrkBvc-/view?usp=drivesdk,del altiplano et al - 2022 - liderazgo transformacional y el desempeno directivo en instituciones de carabaya – puno,https://drive.google.com/file/d/1hCI-k_Ti36sH5Yz8DOgRSLQVoIrkBvc-/preview,https://drive.google.com/file/d/1hCI-k_Ti36sH5Yz8DOgRSLQVoIrkBvc-/view
1ELeWhxdpqNFGhi3poxwapyVWv1dztqVV,Lozano Trevino Maldonado Maldonado - 2022 - Asociacion entre factores institucionales y escolares con la propension de desercion escol.pdf,345968,2026-09-10T17:16:09.228Z,https://drive.google.com/file/d/1ELeWhxdpqNFGhi3poxwapyVWv1dztqVV/view?usp=drivesdk,lozano trevino maldonado maldonado - 2022 - asociacion entre factores institucionales y escolares con la propension de desercion escol,https://drive.google.com/file/d/1ELeWhxdpqNFGhi3poxwapyVWv1dztqVV/preview,https://drive.google.com/file/d/1ELeWhxdpqNFGhi3poxwapyVWv1dztqVV/view
1GephfaTw5CusqNEz1vk2nL7yeEOvuIrO,Manrrique Ostos et al - 2022 - Liderazgo del director y desempeno academico de los docentes de las instituciones educativ.pdf,400125,2026-09-10T17:16:05.585Z,https://drive.google.com/file/d/1GephfaTw5CusqNEz1vk2nL7yeEOvuIrO/view?usp=drivesdk,manrrique ostos et al - 2022 - liderazgo del director y desempeno academico de los docentes de las instituciones educativ,https://drive.google.com/file/d/1GephfaTw5CusqNEz1vk2nL7yeEOvuIrO/preview,https://drive.google.com/file/d/1GephfaTw5CusqNEz1vk2nL7yeEOvuIrO/view
1o4QzdsOGv7BSI5Fj7PgSNyN53kzcPeG5,Barrientos Mollo - 2021 - El temperamento si importa Caracteristicas psicologicas necesarias para liderar escuelas.pdf,236764,2026-09-10T17:16:03.330Z,https://drive.google.com/file/d/1o4QzdsOGv7BSI5Fj7PgSNyN53kzcPeG5/view?usp=drivesdk,barrientos mollo - 2021 - el temperamento si importa caracteristicas psicologicas necesarias para liderar escuelas,https://drive.google.com/file/d/1o4QzdsOGv7BSI5Fj7PgSNyN53kzcPeG5/preview,https://drive.google.com/file/d/1o4QzdsOGv7BSI5Fj7PgSNyN53kzcPeG5/view
1nhDIKF3sjPe9sTa-sfRayPYnoRvOq7i3,"Marichal Guevara et al - 2022 - Competencias directivas, para la participacion de los padres en las escuelas basicas de Ch.pdf",540272,2026-09-10T17:15:59.928Z,https://drive.google.com/file/d/1nhDIKF3sjPe9sTa-sfRayPYnoRvOq7i3/view?usp=drivesdk,"marichal guevara et al - 2022 - competencias directivas, para la participacion de los padres en las escuelas basicas de ch",https://drive.google.com/file/d/1nhDIKF3sjPe9sTa-sfRayPYnoRvOq7i3/preview,https://drive.google.com/file/d/1nhDIKF3sjPe9sTa-sfRayPYnoRvOq7i3/view
1MDT_3JCveKXQGppq3Nn-Ow6J_HYDYXPW,Yeomans‐Cabrera - 2021 - Evolution of Educational Administration in Chile and Professionalizing School Administrati.pdf,337229,2026-09-10T17:15:54.566Z,https://drive.google.com/file/d/1MDT_3JCveKXQGppq3Nn-Ow6J_HYDYXPW/view?usp=drivesdk,yeomans‐cabrera - 2021 - evolution of educational administration in chile and professionalizing school administrati,https://drive.google.com/file/d/1MDT_3JCveKXQGppq3Nn-Ow6J_HYDYXPW/preview,https://drive.google.com/file/d/1MDT_3JCveKXQGppq3Nn-Ow6J_HYDYXPW/view
17Dtcz4_nqw4u-Q4R2ZQEvXNArE6R4Twm,i Cid Puiggali - 2024 - La Formacion del Profesorado para Ejercer la Direccion de Centros Educativos.pdf,851867,2026-09-10T17:15:50.800Z,https://drive.google.com/file/d/17Dtcz4_nqw4u-Q4R2ZQEvXNArE6R4Twm/view?usp=drivesdk,i cid puiggali - 2024 - la formacion del profesorado para ejercer la direccion de centros educativos,https://drive.google.com/file/d/17Dtcz4_nqw4u-Q4R2ZQEvXNArE6R4Twm/preview,https://drive.google.com/file/d/17Dtcz4_nqw4u-Q4R2ZQEvXNArE6R4Twm/view
1_LZJohe6VAnjglVRIpfngnKIHaxaqrJh,Valdes Perez - 2023 - Liderar una Escuela Inclusiva en Chile La Importancia de los Lideres Medios.pdf,264486,2026-09-10T17:15:45.606Z,https://drive.google.com/file/d/1_LZJohe6VAnjglVRIpfngnKIHaxaqrJh/view?usp=drivesdk,valdes perez - 2023 - liderar una escuela inclusiva en chile la importancia de los lideres medios,https://drive.google.com/file/d/1_LZJohe6VAnjglVRIpfngnKIHaxaqrJh/preview,https://drive.google.com/file/d/1_LZJohe6VAnjglVRIpfngnKIHaxaqrJh/view
10XaCSCU81oXwdtDqFksFYCHIV7U5AWJu,Cruz Urrutia - 2022 - Estilos de Liderazgo y Clima Organizacional en tiempos de emergencia sanitaria.pdf,400009,2026-09-10T17:15:40.144Z,https://drive.google.com/file/d/10XaCSCU81oXwdtDqFksFYCHIV7U5AWJu/view?usp=drivesdk,cruz urrutia - 2022 - estilos de liderazgo y clima organizacional en tiempos de emergencia sanitaria,https://drive.google.com/file/d/10XaCSCU81oXwdtDqFksFYCHIV7U5AWJu/preview,https://drive.google.com/file/d/10XaCSCU81oXwdtDqFksFYCHIV7U5AWJu/view
1lRUhjctZyaBkIeJm6XJWalI9S-Nrx21s,Jaramillo Ostos et al - 2021 - Liderazgo transformacional en las relaciones interpersonales y trabajo colaborativo de los.pdf,344794,2026-09-10T17:15:38.107Z,https://drive.google.com/file/d/1lRUhjctZyaBkIeJm6XJWalI9S-Nrx21s/view?usp=drivesdk,jaramillo ostos et al - 2021 - liderazgo transformacional en las relaciones interpersonales y trabajo colaborativo de los,https://drive.google.com/file/d/1lRUhjctZyaBkIeJm6XJWalI9S-Nrx21s/preview,https://drive.google.com/file/d/1lRUhjctZyaBkIeJm6XJWalI9S-Nrx21s/view
1ZBIp79-hkT9Ii5hVkiUQupKogRzC9hkJ,Lopez et al - 2020 - La judicializacion de la convivencia escolar en el marco del Sistema de Aseguramiento de l.pdf,428995,2026-09-10T17:15:35.878Z,https://drive.google.com/file/d/1ZBIp79-hkT9Ii5hVkiUQupKogRzC9hkJ/view?usp=drivesdk,lopez et al - 2020 - la judicializacion de la convivencia escolar en el marco del sistema de aseguramiento de l,https://drive.google.com/file/d/1ZBIp79-hkT9Ii5hVkiUQupKogRzC9hkJ/preview,https://drive.google.com/file/d/1ZBIp79-hkT9Ii5hVkiUQupKogRzC9hkJ/view
1GavW8CcTdAgU50zwPNTtImdh5XcoSzcq,Diez Gutierrez - 2020 - La gobernanza hibrida neoliberal en la educacion publica.pdf,147170,2026-09-10T17:15:29.092Z,https://drive.google.com/file/d/1GavW8CcTdAgU50zwPNTtImdh5XcoSzcq/view?usp=drivesdk,diez gutierrez - 2020 - la gobernanza hibrida neoliberal en la educacion publica,https://drive.google.com/file/d/1GavW8CcTdAgU50zwPNTtImdh5XcoSzcq/preview,https://drive.google.com/file/d/1GavW8CcTdAgU50zwPNTtImdh5XcoSzcq/view
1PpGquIuo3urZ6pHWGjF0CVnCNCgxq1s6,Iparraguirre et al - 2021 - Estrategia de mejora del liderazgo directivo y las habilidades gerenciales en el nivel edu.pdf,1185247,2026-09-10T17:15:24.554Z,https://drive.google.com/file/d/1PpGquIuo3urZ6pHWGjF0CVnCNCgxq1s6/view?usp=drivesdk,iparraguirre et al - 2021 - estrategia de mejora del liderazgo directivo y las habilidades gerenciales en el nivel edu,https://drive.google.com/file/d/1PpGquIuo3urZ6pHWGjF0CVnCNCgxq1s6/preview,https://drive.google.com/file/d/1PpGquIuo3urZ6pHWGjF0CVnCNCgxq1s6/view
1esqz4DEvab3E_GvwiGtaSomRNBsdEwe3,del Moral Tinajero Villavicencio - 2022 - reforma educativa inclusiva en Mexico.pdf,426298,2026-09-10T17:15:20.477Z,https://drive.google.com/file/d/1esqz4DEvab3E_GvwiGtaSomRNBsdEwe3/view?usp=drivesdk,del moral tinajero villavicencio - 2022 - reforma educativa inclusiva en mexico,https://drive.google.com/file/d/1esqz4DEvab3E_GvwiGtaSomRNBsdEwe3/preview,https://drive.google.com/file/d/1esqz4DEvab3E_GvwiGtaSomRNBsdEwe3/view
1VPrxGhsMAk8SSexdhI0GTDyGn6RcYYB7,Vivas et al - 2020 - Gestion de la Administracion Escolar en el Desarrollo de Actividades Academicas Mirada en.pdf,333529,2026-09-10T17:15:16.900Z,https://drive.google.com/file/d/1VPrxGhsMAk8SSexdhI0GTDyGn6RcYYB7/view?usp=drivesdk,vivas et al - 2020 - gestion de la administracion escolar en el desarrollo de actividades academicas mirada en,https://drive.google.com/file/d/1VPrxGhsMAk8SSexdhI0GTDyGn6RcYYB7/preview,https://drive.google.com/file/d/1VPrxGhsMAk8SSexdhI0GTDyGn6RcYYB7/view
1mGmGWDoHGioqNMjqdg4oaMhmW_Zd-Nxs,Autor desconocido - 2025 - The Impact of Educational Leadership on School Change and Innovation.pdf,347639,2026-09-07T18:26:25.864Z,https://drive.google.com/file/d/1mGmGWDoHGioqNMjqdg4oaMhmW_Zd-Nxs/view?usp=drivesdk,autor desconocido - 2025 - the impact of educational leadership on school change and innovation,https://drive.google.com/file/d/1mGmGWDoHGioqNMjqdg4oaMhmW_Zd-Nxs/preview,https://drive.google.com/file/d/1mGmGWDoHGioqNMjqdg4oaMhmW_Zd-Nxs/view
1kW9Bq9nbOeX3ki55bOHyvLgf9FPE-ePs,Autor desconocido - 2022 - 10.32870 sincronia.axxvi.n82.pdf,370174,2026-09-07T18:26:22.623Z,https://drive.google.com/file/d/1kW9Bq9nbOeX3ki55bOHyvLgf9FPE-ePs/view?usp=drivesdk,autor desconocido - 2022 - 10.32870 sincronia.axxvi.n82,https://drive.google.com/file/d/1kW9Bq9nbOeX3ki55bOHyvLgf9FPE-ePs/preview,https://drive.google.com/file/d/1kW9Bq9nbOeX3ki55bOHyvLgf9FPE-ePs/view
1e_tFpAfoUlubLpHKKmesfZ2dqfbqsIXg,Tongo Alarcon Collazos Silva - 2023 - EFECTIVIDAD EN LA GESTION DE LOS DIRECTORES DE INSTITUCIONES DE EDUCACION BASICA DE LA CIU.pdf,1609873,2026-09-07T18:26:20.043Z,https://drive.google.com/file/d/1e_tFpAfoUlubLpHKKmesfZ2dqfbqsIXg/view?usp=drivesdk,tongo alarcon collazos silva - 2023 - efectividad en la gestion de los directores de instituciones de educacion basica de la ciu,https://drive.google.com/file/d/1e_tFpAfoUlubLpHKKmesfZ2dqfbqsIXg/preview,https://drive.google.com/file/d/1e_tFpAfoUlubLpHKKmesfZ2dqfbqsIXg/view
1cXfKtiIouca2_E9ycXVQYhApih4GwHd5,Perez Herazo Herrera Jara - 2023 - Gestion territorial un aporte hacia el desarrollo de la educacion rural desde una perspect.pdf,266359,2026-09-07T18:26:17.670Z,https://drive.google.com/file/d/1cXfKtiIouca2_E9ycXVQYhApih4GwHd5/view?usp=drivesdk,perez herazo herrera jara - 2023 - gestion territorial un aporte hacia el desarrollo de la educacion rural desde una perspect,https://drive.google.com/file/d/1cXfKtiIouca2_E9ycXVQYhApih4GwHd5/preview,https://drive.google.com/file/d/1cXfKtiIouca2_E9ycXVQYhApih4GwHd5/view
1EKAD46-Eci9ZltSliwcBs-jX5AgQVLqm,Osle - 2022 - An Evaluation of Current Leadership Practices in Secondary Schools in Madrid.pdf,393138,2026-09-07T18:26:15.016Z,https://drive.google.com/file/d/1EKAD46-Eci9ZltSliwcBs-jX5AgQVLqm/view?usp=drivesdk,osle - 2022 - an evaluation of current leadership practices in secondary schools in madrid,https://drive.google.com/file/d/1EKAD46-Eci9ZltSliwcBs-jX5AgQVLqm/preview,https://drive.google.com/file/d/1EKAD46-Eci9ZltSliwcBs-jX5AgQVLqm/view
1goyieH97ohHpLMTyf9EjdRKOBQcAAXRn,Malpica Basurto et al - 2022 - EVALUACION DEL PROCESO DE TRANSFORMACION DE LA ESCUELA EN COMUNIDADES PROFESIONALES DE APR.pdf,588094,2026-09-07T18:25:41.876Z,https://drive.google.com/file/d/1goyieH97ohHpLMTyf9EjdRKOBQcAAXRn/view?usp=drivesdk,malpica basurto et al - 2022 - evaluacion del proceso de transformacion de la escuela en comunidades profesionales de apr,https://drive.google.com/file/d/1goyieH97ohHpLMTyf9EjdRKOBQcAAXRn/preview,https://drive.google.com/file/d/1goyieH97ohHpLMTyf9EjdRKOBQcAAXRn/view
1L_URDTX71idiCIX9tIMKJF3OxESvbvVH,Yoselin Taveras-Sanchez Lopez-Yanez - 2023 - Percepciones de los formadores sobre el acompanamiento pedagogico.pdf,569255,2026-09-07T18:25:39.379Z,https://drive.google.com/file/d/1L_URDTX71idiCIX9tIMKJF3OxESvbvVH/view?usp=drivesdk,yoselin taveras-sanchez lopez-yanez - 2023 - percepciones de los formadores sobre el acompanamiento pedagogico,https://drive.google.com/file/d/1L_URDTX71idiCIX9tIMKJF3OxESvbvVH/preview,https://drive.google.com/file/d/1L_URDTX71idiCIX9tIMKJF3OxESvbvVH/view
1b1BgPO_xzCYkf01bmSHbpWNu6tJiC9f2,Medina Chicaiza et al - 2024 - Estrategias de superacion a directivos para mejorar la toma de decisiones en instituciones.pdf,296924,2026-09-07T18:25:37.246Z,https://drive.google.com/file/d/1b1BgPO_xzCYkf01bmSHbpWNu6tJiC9f2/view?usp=drivesdk,medina chicaiza et al - 2024 - estrategias de superacion a directivos para mejorar la toma de decisiones en instituciones,https://drive.google.com/file/d/1b1BgPO_xzCYkf01bmSHbpWNu6tJiC9f2/preview,https://drive.google.com/file/d/1b1BgPO_xzCYkf01bmSHbpWNu6tJiC9f2/view
16wTzDCAFoU9B-Pz0JZYkgAZsgiLQ5T1N,Garcia Gomez et al - 2022 - Las politicas educativas para la equidad en la formacion del profesorado.pdf,397209,2026-09-07T18:25:35.373Z,https://drive.google.com/file/d/16wTzDCAFoU9B-Pz0JZYkgAZsgiLQ5T1N/view?usp=drivesdk,garcia gomez et al - 2022 - las politicas educativas para la equidad en la formacion del profesorado,https://drive.google.com/file/d/16wTzDCAFoU9B-Pz0JZYkgAZsgiLQ5T1N/preview,https://drive.google.com/file/d/16wTzDCAFoU9B-Pz0JZYkgAZsgiLQ5T1N/view
1VjpqbTmVa787pOy1Q3YpjSsaP-hi66vr,Gallegos Ruiz Tinajero Villavicencio - 2022 - Aulas llenas y aulas vacias Decisiones y acciones de una directora de preescolar indigena.pdf,149823,2026-09-07T18:25:33.431Z,https://drive.google.com/file/d/1VjpqbTmVa787pOy1Q3YpjSsaP-hi66vr/view?usp=drivesdk,gallegos ruiz tinajero villavicencio - 2022 - aulas llenas y aulas vacias decisiones y acciones de una directora de preescolar indigena,https://drive.google.com/file/d/1VjpqbTmVa787pOy1Q3YpjSsaP-hi66vr/preview,https://drive.google.com/file/d/1VjpqbTmVa787pOy1Q3YpjSsaP-hi66vr/view
1R6KGypXhVSVNcjQhJaE85T93_-dDXjib,Garcia Gomez Gil Flores - 2022 - El profesorado y los enfoques innovadores en centros de educacion secundaria en Espana.pdf,425197,2026-09-07T18:25:28.834Z,https://drive.google.com/file/d/1R6KGypXhVSVNcjQhJaE85T93_-dDXjib/view?usp=drivesdk,garcia gomez gil flores - 2022 - el profesorado y los enfoques innovadores en centros de educacion secundaria en espana,https://drive.google.com/file/d/1R6KGypXhVSVNcjQhJaE85T93_-dDXjib/preview,https://drive.google.com/file/d/1R6KGypXhVSVNcjQhJaE85T93_-dDXjib/view
1xZTQghBs5BOhxtln-Af0KMN8L2kGQ0OW,Jeldres Volante - 2023 - Simulaciones de Liderazgo Escolar Una Vision Panoramica de sus Publicaciones y Evolucion.pdf,517128,2026-09-07T18:25:26.289Z,https://drive.google.com/file/d/1xZTQghBs5BOhxtln-Af0KMN8L2kGQ0OW/view?usp=drivesdk,jeldres volante - 2023 - simulaciones de liderazgo escolar una vision panoramica de sus publicaciones y evolucion,https://drive.google.com/file/d/1xZTQghBs5BOhxtln-Af0KMN8L2kGQ0OW/preview,https://drive.google.com/file/d/1xZTQghBs5BOhxtln-Af0KMN8L2kGQ0OW/view
16gIZP96SeqdsqBHoSkCoTqzO5lhyaGba,la Torre Navarro Montano - 2023 - Las redes educativas virtuales en el entorno docente participacion y trabajo en sus espaci.pdf,824153,2026-09-07T18:24:19.006Z,https://drive.google.com/file/d/16gIZP96SeqdsqBHoSkCoTqzO5lhyaGba/view?usp=drivesdk,la torre navarro montano - 2023 - las redes educativas virtuales en el entorno docente participacion y trabajo en sus espaci,https://drive.google.com/file/d/16gIZP96SeqdsqBHoSkCoTqzO5lhyaGba/preview,https://drive.google.com/file/d/16gIZP96SeqdsqBHoSkCoTqzO5lhyaGba/view
1xJsfPE-6a51aD094JeTI1Vd2tTtFyVhh,"Pila Martinez et al - 2022 - Teorias de la educacion contemporanea, breves reflexiones para volver la mirada a la pedag.pdf",421623,2026-09-07T18:24:13.733Z,https://drive.google.com/file/d/1xJsfPE-6a51aD094JeTI1Vd2tTtFyVhh/view?usp=drivesdk,"pila martinez et al - 2022 - teorias de la educacion contemporanea, breves reflexiones para volver la mirada a la pedag",https://drive.google.com/file/d/1xJsfPE-6a51aD094JeTI1Vd2tTtFyVhh/preview,https://drive.google.com/file/d/1xJsfPE-6a51aD094JeTI1Vd2tTtFyVhh/view
131v12EvWL17_EBnzB2mTT8xwIBZI86Fn,Florentino Morillo et al - 2022 - Efectos de la capacitacion de directores sobre el aprendizaje en educacion secundaria.pdf,367955,2026-09-07T18:24:10.859Z,https://drive.google.com/file/d/131v12EvWL17_EBnzB2mTT8xwIBZI86Fn/view?usp=drivesdk,florentino morillo et al - 2022 - efectos de la capacitacion de directores sobre el aprendizaje en educacion secundaria,https://drive.google.com/file/d/131v12EvWL17_EBnzB2mTT8xwIBZI86Fn/preview,https://drive.google.com/file/d/131v12EvWL17_EBnzB2mTT8xwIBZI86Fn/view
1lqqcqTXXrZVaJu_ND1uVC0aor-IBv8eh,Duarte Valenti Nigrini - 2022 - Aciertos y desafios de una escuela eficaz. Un estudio de caso microsociologico e interacci.pdf,502709,2026-09-07T18:24:09.165Z,https://drive.google.com/file/d/1lqqcqTXXrZVaJu_ND1uVC0aor-IBv8eh/view?usp=drivesdk,duarte valenti nigrini - 2022 - aciertos y desafios de una escuela eficaz. un estudio de caso microsociologico e interacci,https://drive.google.com/file/d/1lqqcqTXXrZVaJu_ND1uVC0aor-IBv8eh/preview,https://drive.google.com/file/d/1lqqcqTXXrZVaJu_ND1uVC0aor-IBv8eh/view
1yino4pg5L_s430WGvnEs9_UVfP-VXy7s,Sanchez Moreno Lopez-Yanez - 2022 - Formar directivos para la escuela real. Un enfoque basado en el analisis de la practica en.pdf,267743,2026-09-07T18:24:01.711Z,https://drive.google.com/file/d/1yino4pg5L_s430WGvnEs9_UVfP-VXy7s/view?usp=drivesdk,sanchez moreno lopez-yanez - 2022 - formar directivos para la escuela real. un enfoque basado en el analisis de la practica en,https://drive.google.com/file/d/1yino4pg5L_s430WGvnEs9_UVfP-VXy7s/preview,https://drive.google.com/file/d/1yino4pg5L_s430WGvnEs9_UVfP-VXy7s/view
1GFlvghJkdnrA64kyQatditvg8mSKA1z1,Cosio Salazar - 2024 - El liderazgo directivo como potenciador del trabajo colaborativo en el desarrollo de proye.pdf,1138783,2026-09-07T18:24:00.191Z,https://drive.google.com/file/d/1GFlvghJkdnrA64kyQatditvg8mSKA1z1/view?usp=drivesdk,cosio salazar - 2024 - el liderazgo directivo como potenciador del trabajo colaborativo en el desarrollo de proye,https://drive.google.com/file/d/1GFlvghJkdnrA64kyQatditvg8mSKA1z1/preview,https://drive.google.com/file/d/1GFlvghJkdnrA64kyQatditvg8mSKA1z1/view
11_L-Vgzulgxr8EtDyzdkefAf7IsrQEH_,Rodriguez Morales - 2023 - El liderazgo transformacional y su relacion con el clima institucional de los guaguas cent.pdf,800377,2026-09-07T18:23:58.430Z,https://drive.google.com/file/d/11_L-Vgzulgxr8EtDyzdkefAf7IsrQEH_/view?usp=drivesdk,rodriguez morales - 2023 - el liderazgo transformacional y su relacion con el clima institucional de los guaguas cent,https://drive.google.com/file/d/11_L-Vgzulgxr8EtDyzdkefAf7IsrQEH_/preview,https://drive.google.com/file/d/11_L-Vgzulgxr8EtDyzdkefAf7IsrQEH_/view
1yW5qHT2oXJpmNvEVGB-3Pt12_MLyGjp5,Padilla Anaya - 2023 - Liderazgo directivo escolar en Latinoamerica.pdf,399815,2026-09-07T18:23:55.529Z,https://drive.google.com/file/d/1yW5qHT2oXJpmNvEVGB-3Pt12_MLyGjp5/view?usp=drivesdk,padilla anaya - 2023 - liderazgo directivo escolar en latinoamerica,https://drive.google.com/file/d/1yW5qHT2oXJpmNvEVGB-3Pt12_MLyGjp5/preview,https://drive.google.com/file/d/1yW5qHT2oXJpmNvEVGB-3Pt12_MLyGjp5/view
1HUU7pln42ibkflySvBka4VRCa0Mm9Lc2,Martinez Cruz Moreno Olivos - 2022 - Las practicas de direccion en la escuela primaria Un estudio de casos multiples.pdf,2037369,2026-09-07T18:23:53.355Z,https://drive.google.com/file/d/1HUU7pln42ibkflySvBka4VRCa0Mm9Lc2/view?usp=drivesdk,martinez cruz moreno olivos - 2022 - las practicas de direccion en la escuela primaria un estudio de casos multiples,https://drive.google.com/file/d/1HUU7pln42ibkflySvBka4VRCa0Mm9Lc2/preview,https://drive.google.com/file/d/1HUU7pln42ibkflySvBka4VRCa0Mm9Lc2/view
1-koPqt8ybaBXAWylIYi-bSQivJjcy0qp,Lasso Sambony et al - 2022 - Liderazgo del gobierno escolar de las instituciones educativas mediadas por TIC en la cont.pdf,310294,2026-09-07T18:23:49.311Z,https://drive.google.com/file/d/1-koPqt8ybaBXAWylIYi-bSQivJjcy0qp/view?usp=drivesdk,lasso sambony et al - 2022 - liderazgo del gobierno escolar de las instituciones educativas mediadas por tic en la cont,https://drive.google.com/file/d/1-koPqt8ybaBXAWylIYi-bSQivJjcy0qp/preview,https://drive.google.com/file/d/1-koPqt8ybaBXAWylIYi-bSQivJjcy0qp/view
1LK9i3dUG5azUbNQq7N-Co7lKOWocs_5W,Castillo Llanos et al - 2023 - Estilos de Liderazgo de Directivos Docentes y su Influencia en el Desempeno Docente y los.pdf,367384,2026-09-07T18:23:47.126Z,https://drive.google.com/file/d/1LK9i3dUG5azUbNQq7N-Co7lKOWocs_5W/view?usp=drivesdk,castillo llanos et al - 2023 - estilos de liderazgo de directivos docentes y su influencia en el desempeno docente y los,https://drive.google.com/file/d/1LK9i3dUG5azUbNQq7N-Co7lKOWocs_5W/preview,https://drive.google.com/file/d/1LK9i3dUG5azUbNQq7N-Co7lKOWocs_5W/view
1AonHn3XKILGeHMy5uOTQQbItTZpFl7T5,Casal Otero et al - 2022 - Competencias para afrontar el ciberacoso en los centros de Educacion Secundaria una aproxi.pdf,324911,2026-09-07T18:23:44.036Z,https://drive.google.com/file/d/1AonHn3XKILGeHMy5uOTQQbItTZpFl7T5/view?usp=drivesdk,casal otero et al - 2022 - competencias para afrontar el ciberacoso en los centros de educacion secundaria una aproxi,https://drive.google.com/file/d/1AonHn3XKILGeHMy5uOTQQbItTZpFl7T5/preview,https://drive.google.com/file/d/1AonHn3XKILGeHMy5uOTQQbItTZpFl7T5/view
1__J7yaAVHYLfugAXgyYwz0DbQi3_Ed7l,Antonio Garcia-Martinez et al - 2023 - Cultura de Educacion Inclusiva Analisis desde la Gestion de Centros Educativos Costarricen.pdf,307863,2026-09-07T18:23:41.035Z,https://drive.google.com/file/d/1__J7yaAVHYLfugAXgyYwz0DbQi3_Ed7l/view?usp=drivesdk,antonio garcia-martinez et al - 2023 - cultura de educacion inclusiva analisis desde la gestion de centros educativos costarricen,https://drive.google.com/file/d/1__J7yaAVHYLfugAXgyYwz0DbQi3_Ed7l/preview,https://drive.google.com/file/d/1__J7yaAVHYLfugAXgyYwz0DbQi3_Ed7l/view
1_H5r8f85ZTVWaa6GjzWnFf-Sabibqm_4,Martinez Morales et al - 2024 - Analisis organizacional de las Escuelas de Segunda Oportunidad Acreditadas en Espana.pdf,717278,2026-09-07T18:23:38.464Z,https://drive.google.com/file/d/1_H5r8f85ZTVWaa6GjzWnFf-Sabibqm_4/view?usp=drivesdk,martinez morales et al - 2024 - analisis organizacional de las escuelas de segunda oportunidad acreditadas en espana,https://drive.google.com/file/d/1_H5r8f85ZTVWaa6GjzWnFf-Sabibqm_4/preview,https://drive.google.com/file/d/1_H5r8f85ZTVWaa6GjzWnFf-Sabibqm_4/view
1z735nOF9lCBW6PXRB_NP1O5jYlkjw2ED,Cajavilca Reyes - 2024 - Evaluacion de la funcion directiva escolar en el marco de la nueva gestion publica.pdf,220491,2026-09-07T18:23:35.455Z,https://drive.google.com/file/d/1z735nOF9lCBW6PXRB_NP1O5jYlkjw2ED/view?usp=drivesdk,cajavilca reyes - 2024 - evaluacion de la funcion directiva escolar en el marco de la nueva gestion publica,https://drive.google.com/file/d/1z735nOF9lCBW6PXRB_NP1O5jYlkjw2ED/preview,https://drive.google.com/file/d/1z735nOF9lCBW6PXRB_NP1O5jYlkjw2ED/view
1X6euDrIkJhoUNwAaLuLiPQXRCfAlIomB,Abascal Obeso et al - 2024 - El liderazgo en centros rurales para movilizar las relaciones con la comunidad.pdf,3075416,2026-09-07T18:23:33.628Z,https://drive.google.com/file/d/1X6euDrIkJhoUNwAaLuLiPQXRCfAlIomB/view?usp=drivesdk,abascal obeso et al - 2024 - el liderazgo en centros rurales para movilizar las relaciones con la comunidad,https://drive.google.com/file/d/1X6euDrIkJhoUNwAaLuLiPQXRCfAlIomB/preview,https://drive.google.com/file/d/1X6euDrIkJhoUNwAaLuLiPQXRCfAlIomB/view
18CpXvoLfP36s6D6vmPUapj0J1KvEJsqs,Cabrera Lanzo et al - 2021 - A learning ecologies approach on school leaders' professional development.pdf,150724,2026-09-07T18:23:28.728Z,https://drive.google.com/file/d/18CpXvoLfP36s6D6vmPUapj0J1KvEJsqs/view?usp=drivesdk,cabrera lanzo et al - 2021 - a learning ecologies approach on school leaders' professional development,https://drive.google.com/file/d/18CpXvoLfP36s6D6vmPUapj0J1KvEJsqs/preview,https://drive.google.com/file/d/18CpXvoLfP36s6D6vmPUapj0J1KvEJsqs/view
1OznQZUqhV9rNHvTiffz4Rjh4uqe3NSzS,Zalaquett Sepulveda et al - 2022 - Validacion de un cuestionario de liderazgo intermedio para profesores responsables de un d.pdf,647971,2026-09-07T18:23:26.303Z,https://drive.google.com/file/d/1OznQZUqhV9rNHvTiffz4Rjh4uqe3NSzS/view?usp=drivesdk,zalaquett sepulveda et al - 2022 - validacion de un cuestionario de liderazgo intermedio para profesores responsables de un d,https://drive.google.com/file/d/1OznQZUqhV9rNHvTiffz4Rjh4uqe3NSzS/preview,https://drive.google.com/file/d/1OznQZUqhV9rNHvTiffz4Rjh4uqe3NSzS/view
1rICby9LV9SC7eL0714_HhhJ-mQOsRNDP,Tintore et al - 2023 - Percepciones de directivos escolares en centros de contextos desfavorecidos sobre el lider.pdf,397134,2026-09-07T18:23:22.957Z,https://drive.google.com/file/d/1rICby9LV9SC7eL0714_HhhJ-mQOsRNDP/view?usp=drivesdk,tintore et al - 2023 - percepciones de directivos escolares en centros de contextos desfavorecidos sobre el lider,https://drive.google.com/file/d/1rICby9LV9SC7eL0714_HhhJ-mQOsRNDP/preview,https://drive.google.com/file/d/1rICby9LV9SC7eL0714_HhhJ-mQOsRNDP/view
1rCUEH6hkG1ZkkOrBk6UJ5fboABgdo7PD,Nava-Lara et al - 2022 - Habilidades socioemocionales en directores de educacion basica. Revision sistematica de li.pdf,850446,2026-09-07T18:23:19.644Z,https://drive.google.com/file/d/1rCUEH6hkG1ZkkOrBk6UJ5fboABgdo7PD/view?usp=drivesdk,nava-lara et al - 2022 - habilidades socioemocionales en directores de educacion basica. revision sistematica de li,https://drive.google.com/file/d/1rCUEH6hkG1ZkkOrBk6UJ5fboABgdo7PD/preview,https://drive.google.com/file/d/1rCUEH6hkG1ZkkOrBk6UJ5fboABgdo7PD/view
1A3BGB0WlizosD5zQsqWXujDwpZpjssB6,Loyola Bustos Carvajal Villegas - 2020 - Index de Inclusion como herramienta de gestion y mejora educativa.pdf,482091,2026-09-07T18:23:17.440Z,https://drive.google.com/file/d/1A3BGB0WlizosD5zQsqWXujDwpZpjssB6/view?usp=drivesdk,loyola bustos carvajal villegas - 2020 - index de inclusion como herramienta de gestion y mejora educativa,https://drive.google.com/file/d/1A3BGB0WlizosD5zQsqWXujDwpZpjssB6/preview,https://drive.google.com/file/d/1A3BGB0WlizosD5zQsqWXujDwpZpjssB6/view
1HJsP8SSYOvyGxwyzrnGeH07AX-mJLst_,"Diaz Dumont et al - 2021 - Habilidades Directivas en un contexto de emergencia sanitaria, COVID-19 en el Peru.pdf",1176519,2026-09-07T18:23:14.134Z,https://drive.google.com/file/d/1HJsP8SSYOvyGxwyzrnGeH07AX-mJLst_/view?usp=drivesdk,"diaz dumont et al - 2021 - habilidades directivas en un contexto de emergencia sanitaria, covid-19 en el peru",https://drive.google.com/file/d/1HJsP8SSYOvyGxwyzrnGeH07AX-mJLst_/preview,https://drive.google.com/file/d/1HJsP8SSYOvyGxwyzrnGeH07AX-mJLst_/view
1_fqeMB-ZTqbOSV7iUXJ_6yxl7N6TfNlo,Rodriguez Revelo - 2020 - Aproximacion metaforica del ejercicio de la funcion directiva.pdf,304264,2026-09-07T18:22:41.254Z,https://drive.google.com/file/d/1_fqeMB-ZTqbOSV7iUXJ_6yxl7N6TfNlo/view?usp=drivesdk,rodriguez revelo - 2020 - aproximacion metaforica del ejercicio de la funcion directiva,https://drive.google.com/file/d/1_fqeMB-ZTqbOSV7iUXJ_6yxl7N6TfNlo/preview,https://drive.google.com/file/d/1_fqeMB-ZTqbOSV7iUXJ_6yxl7N6TfNlo/view
1Nff6e4XhpJt_n5wyEMQeIXKnEdaUeJIu,Echeverria-Molina Sanchez-Cabrero - 2021 - Satisfaction of Secondary Education teacher in Spain through TALIS.pdf,621902,2026-09-07T18:22:37.308Z,https://drive.google.com/file/d/1Nff6e4XhpJt_n5wyEMQeIXKnEdaUeJIu/view?usp=drivesdk,echeverria-molina sanchez-cabrero - 2021 - satisfaction of secondary education teacher in spain through talis,https://drive.google.com/file/d/1Nff6e4XhpJt_n5wyEMQeIXKnEdaUeJIu/preview,https://drive.google.com/file/d/1Nff6e4XhpJt_n5wyEMQeIXKnEdaUeJIu/view
14TJ22DrJrBAV8b5mdSDCqBjFzZoGN2tg,Rocio Chero-Pacheco - 2022 - director como un lider transformador.pdf,245208,2026-09-07T18:22:34.310Z,https://drive.google.com/file/d/14TJ22DrJrBAV8b5mdSDCqBjFzZoGN2tg/view?usp=drivesdk,rocio chero-pacheco - 2022 - director como un lider transformador,https://drive.google.com/file/d/14TJ22DrJrBAV8b5mdSDCqBjFzZoGN2tg/preview,https://drive.google.com/file/d/14TJ22DrJrBAV8b5mdSDCqBjFzZoGN2tg/view
1fmCFU0lSodIqOA1fwV5AP76vklwkrnou,Rodriguez-Martinez et al - 2022 - Politicas educativas de privatizacion en Espana y su impacto en la equidad.pdf,396071,2026-09-07T18:22:32.648Z,https://drive.google.com/file/d/1fmCFU0lSodIqOA1fwV5AP76vklwkrnou/view?usp=drivesdk,rodriguez-martinez et al - 2022 - politicas educativas de privatizacion en espana y su impacto en la equidad,https://drive.google.com/file/d/1fmCFU0lSodIqOA1fwV5AP76vklwkrnou/preview,https://drive.google.com/file/d/1fmCFU0lSodIqOA1fwV5AP76vklwkrnou/view
1BTQWPMNwvfqvFaKsZEZfY8aPYmhMw-0f,Hernandez Ramos - 2021 - Relacion entre el clima de aprendizaje en la institucion educativa y la gestion directiva.pdf,426410,2026-09-07T18:22:30.437Z,https://drive.google.com/file/d/1BTQWPMNwvfqvFaKsZEZfY8aPYmhMw-0f/view?usp=drivesdk,hernandez ramos - 2021 - relacion entre el clima de aprendizaje en la institucion educativa y la gestion directiva,https://drive.google.com/file/d/1BTQWPMNwvfqvFaKsZEZfY8aPYmhMw-0f/preview,https://drive.google.com/file/d/1BTQWPMNwvfqvFaKsZEZfY8aPYmhMw-0f/view
119-CdYs7ZHKZUDrn4_6EWP4QYT5VDKbS,Apaza Rivas et al - 2023 - Liderazgo directivo y la calidad del servicio educativo en instituciones educativas del ni.pdf,808336,2026-09-07T18:22:28.579Z,https://drive.google.com/file/d/119-CdYs7ZHKZUDrn4_6EWP4QYT5VDKbS/view?usp=drivesdk,apaza rivas et al - 2023 - liderazgo directivo y la calidad del servicio educativo en instituciones educativas del ni,https://drive.google.com/file/d/119-CdYs7ZHKZUDrn4_6EWP4QYT5VDKbS/preview,https://drive.google.com/file/d/119-CdYs7ZHKZUDrn4_6EWP4QYT5VDKbS/view
1NdnokjU7XWQlJuGy74vlVQoK82DsMD4O,Villalta Paucar et al - 2022 - Dirigir escuelas en tiempos de COVID-19 la construccion de la resiliencia.pdf,441447,2026-09-07T18:22:24.929Z,https://drive.google.com/file/d/1NdnokjU7XWQlJuGy74vlVQoK82DsMD4O/view?usp=drivesdk,villalta paucar et al - 2022 - dirigir escuelas en tiempos de covid-19 la construccion de la resiliencia,https://drive.google.com/file/d/1NdnokjU7XWQlJuGy74vlVQoK82DsMD4O/preview,https://drive.google.com/file/d/1NdnokjU7XWQlJuGy74vlVQoK82DsMD4O/view
1JwNkycGjLXn94ZGEfH9eVwKSQK3JkoGl,Ceballos Lopez Saiz Linares - 2020 - ¿Es posible la mejora educativa desde los centros El papel de la organizacion escolar en l.pdf,670809,2026-09-07T18:22:22.576Z,https://drive.google.com/file/d/1JwNkycGjLXn94ZGEfH9eVwKSQK3JkoGl/view?usp=drivesdk,ceballos lopez saiz linares - 2020 - ¿es posible la mejora educativa desde los centros el papel de la organizacion escolar en l,https://drive.google.com/file/d/1JwNkycGjLXn94ZGEfH9eVwKSQK3JkoGl/preview,https://drive.google.com/file/d/1JwNkycGjLXn94ZGEfH9eVwKSQK3JkoGl/view
1c1BrUAURLGcI6blI3ApcI_Ma1INSeUIm,R. Nielsen Leah Lavigne - 2020 - Principal evaluation in the United States A national review of state statutes and regulati.pdf,874360,2026-09-07T18:22:19.582Z,https://drive.google.com/file/d/1c1BrUAURLGcI6blI3ApcI_Ma1INSeUIm/view?usp=drivesdk,r. nielsen leah lavigne - 2020 - principal evaluation in the united states a national review of state statutes and regulati,https://drive.google.com/file/d/1c1BrUAURLGcI6blI3ApcI_Ma1INSeUIm/preview,https://drive.google.com/file/d/1c1BrUAURLGcI6blI3ApcI_Ma1INSeUIm/view
1KpXyrsjkswJUGME1lbnv6zYSDvYB7T0C,Hernandez Velez - 2022 - Experiencias desarrolladas por las personas directoras de escuelas primarias en el ejercic.pdf,672536,2026-09-07T18:22:17.113Z,https://drive.google.com/file/d/1KpXyrsjkswJUGME1lbnv6zYSDvYB7T0C/view?usp=drivesdk,hernandez velez - 2022 - experiencias desarrolladas por las personas directoras de escuelas primarias en el ejercic,https://drive.google.com/file/d/1KpXyrsjkswJUGME1lbnv6zYSDvYB7T0C/preview,https://drive.google.com/file/d/1KpXyrsjkswJUGME1lbnv6zYSDvYB7T0C/view
1G1KHJqd8XvcsrWMVKhXkv7mzXarEVV8E,Rivera Sepulveda Guerra - 2020 - Tensiones y discontinuidades en la comprension comunitaria de la escuela rural.pdf,307402,2026-09-07T18:21:13.744Z,https://drive.google.com/file/d/1G1KHJqd8XvcsrWMVKhXkv7mzXarEVV8E/view?usp=drivesdk,rivera sepulveda guerra - 2020 - tensiones y discontinuidades en la comprension comunitaria de la escuela rural,https://drive.google.com/file/d/1G1KHJqd8XvcsrWMVKhXkv7mzXarEVV8E/preview,https://drive.google.com/file/d/1G1KHJqd8XvcsrWMVKhXkv7mzXarEVV8E/view
1gn0H9VKAIrrB1cJVvEk1ujaUqIH12Qdp,"Mallqui Vitor Escudero Vilchez - 2022 - Planeamiento estrategico y liderazgo pedagogico del directivo, ejes fundamentales para la.pdf",799532,2026-09-07T18:21:12.163Z,https://drive.google.com/file/d/1gn0H9VKAIrrB1cJVvEk1ujaUqIH12Qdp/view?usp=drivesdk,"mallqui vitor escudero vilchez - 2022 - planeamiento estrategico y liderazgo pedagogico del directivo, ejes fundamentales para la",https://drive.google.com/file/d/1gn0H9VKAIrrB1cJVvEk1ujaUqIH12Qdp/preview,https://drive.google.com/file/d/1gn0H9VKAIrrB1cJVvEk1ujaUqIH12Qdp/view
1E1ZtcVOueHrlPmyD6Cd-G8wI4T104GUF,Pino Arcos Pasmanik - 2021 - Creencias de directores de establecimientos educacionales municipales acerca del compromis.pdf,191196,2026-09-07T18:21:08.925Z,https://drive.google.com/file/d/1E1ZtcVOueHrlPmyD6Cd-G8wI4T104GUF/view?usp=drivesdk,pino arcos pasmanik - 2021 - creencias de directores de establecimientos educacionales municipales acerca del compromis,https://drive.google.com/file/d/1E1ZtcVOueHrlPmyD6Cd-G8wI4T104GUF/preview,https://drive.google.com/file/d/1E1ZtcVOueHrlPmyD6Cd-G8wI4T104GUF/view
1cbBpOEn4BpQbVv4s70wCOn2lcp86zuir,Bello Villablanca Lopez-Yanez - 2022 - Distribucion del Liderazgo y Exito Escolar Analisis de Redes Sociales en Escuelas Chilenas.pdf,799070,2026-09-07T18:21:04.010Z,https://drive.google.com/file/d/1cbBpOEn4BpQbVv4s70wCOn2lcp86zuir/view?usp=drivesdk,bello villablanca lopez-yanez - 2022 - distribucion del liderazgo y exito escolar analisis de redes sociales en escuelas chilenas,https://drive.google.com/file/d/1cbBpOEn4BpQbVv4s70wCOn2lcp86zuir/preview,https://drive.google.com/file/d/1cbBpOEn4BpQbVv4s70wCOn2lcp86zuir/view
1Xki11tKbTEQHDdHqcpfY7Wg5JK1OAZg7,Acevedo Muriel - 2020 - Liderazgo pedagogico pensar y construir una mejor educacion.pdf,369157,2026-09-07T18:21:00.974Z,https://drive.google.com/file/d/1Xki11tKbTEQHDdHqcpfY7Wg5JK1OAZg7/view?usp=drivesdk,acevedo muriel - 2020 - liderazgo pedagogico pensar y construir una mejor educacion,https://drive.google.com/file/d/1Xki11tKbTEQHDdHqcpfY7Wg5JK1OAZg7/preview,https://drive.google.com/file/d/1Xki11tKbTEQHDdHqcpfY7Wg5JK1OAZg7/view
1lMfEoy0UOOWJHlIYD3QARLegCb-aCoPH,Ortega Barba et al - 2023 - Educar en tiempos extraordinarios.pdf,891248,2026-09-07T18:20:58.535Z,https://drive.google.com/file/d/1lMfEoy0UOOWJHlIYD3QARLegCb-aCoPH/view?usp=drivesdk,ortega barba et al - 2023 - educar en tiempos extraordinarios,https://drive.google.com/file/d/1lMfEoy0UOOWJHlIYD3QARLegCb-aCoPH/preview,https://drive.google.com/file/d/1lMfEoy0UOOWJHlIYD3QARLegCb-aCoPH/view
1hzYCRaiMV8yRCOrZZNxt58R_lpCHb_-V,Rojas Carrasco - 2021 - Cambios en las practicas de liderazgo escolar bajo un sistema de accountability El caso de.pdf,550813,2026-09-07T18:20:56.097Z,https://drive.google.com/file/d/1hzYCRaiMV8yRCOrZZNxt58R_lpCHb_-V/view?usp=drivesdk,rojas carrasco - 2021 - cambios en las practicas de liderazgo escolar bajo un sistema de accountability el caso de,https://drive.google.com/file/d/1hzYCRaiMV8yRCOrZZNxt58R_lpCHb_-V/preview,https://drive.google.com/file/d/1hzYCRaiMV8yRCOrZZNxt58R_lpCHb_-V/view
1Z95AU98Xl1pqAqZxKptGfcj7vekHhyJ0,Leiva Guerrero et al - 2022 - Liderazgo y participacion en escuelas publicas chilenas.pdf,2215601,2026-09-07T18:20:53.762Z,https://drive.google.com/file/d/1Z95AU98Xl1pqAqZxKptGfcj7vekHhyJ0/view?usp=drivesdk,leiva guerrero et al - 2022 - liderazgo y participacion en escuelas publicas chilenas,https://drive.google.com/file/d/1Z95AU98Xl1pqAqZxKptGfcj7vekHhyJ0/preview,https://drive.google.com/file/d/1Z95AU98Xl1pqAqZxKptGfcj7vekHhyJ0/view
1IzFN2qqwAJLfuElyijzs588AyI4eATCA,Ramirez Villacorta - 2024 - Liderazgo pedagogico mejora la calidad educativa en docentes desde una institucion educati.pdf,350076,2026-09-07T18:20:49.609Z,https://drive.google.com/file/d/1IzFN2qqwAJLfuElyijzs588AyI4eATCA/view?usp=drivesdk,ramirez villacorta - 2024 - liderazgo pedagogico mejora la calidad educativa en docentes desde una institucion educati,https://drive.google.com/file/d/1IzFN2qqwAJLfuElyijzs588AyI4eATCA/preview,https://drive.google.com/file/d/1IzFN2qqwAJLfuElyijzs588AyI4eATCA/view
18ScDGptJl1Q2JqQIDES1975TyleuAUEb,Contel Segura et al - 2020 - Implicaciones de la Inspeccion Educativa en Cataluna en el Proceso de Autonomia de Centros.pdf,1690658,2026-09-07T18:20:16.982Z,https://drive.google.com/file/d/18ScDGptJl1Q2JqQIDES1975TyleuAUEb/view?usp=drivesdk,contel segura et al - 2020 - implicaciones de la inspeccion educativa en cataluna en el proceso de autonomia de centros,https://drive.google.com/file/d/18ScDGptJl1Q2JqQIDES1975TyleuAUEb/preview,https://drive.google.com/file/d/18ScDGptJl1Q2JqQIDES1975TyleuAUEb/view
1JBm9tPRqUZcQGvlia8O37v2S3IS0Q8O-,Carmen Alcaide-Aranda Aguilar Alcaide - 2023 - Liderazgo Escolar y sus Efectos Organizacionales en Procesos de Mejora Educativa.pdf,507963,2026-09-07T18:19:58.668Z,https://drive.google.com/file/d/1JBm9tPRqUZcQGvlia8O37v2S3IS0Q8O-/view?usp=drivesdk,carmen alcaide-aranda aguilar alcaide - 2023 - liderazgo escolar y sus efectos organizacionales en procesos de mejora educativa,https://drive.google.com/file/d/1JBm9tPRqUZcQGvlia8O37v2S3IS0Q8O-/preview,https://drive.google.com/file/d/1JBm9tPRqUZcQGvlia8O37v2S3IS0Q8O-/view
1JtC0KxO31zuMjDeHhYvmEpZQpgR5mipC,Alarcon-Leiva et al - 2020 - Inclusion de estudiantes migrantes un desafio para la gestion directiva escolar.pdf,453899,2026-09-07T18:19:56.348Z,https://drive.google.com/file/d/1JtC0KxO31zuMjDeHhYvmEpZQpgR5mipC/view?usp=drivesdk,alarcon-leiva et al - 2020 - inclusion de estudiantes migrantes un desafio para la gestion directiva escolar,https://drive.google.com/file/d/1JtC0KxO31zuMjDeHhYvmEpZQpgR5mipC/preview,https://drive.google.com/file/d/1JtC0KxO31zuMjDeHhYvmEpZQpgR5mipC/view
1B2HTnibSdW9-0tpYxAguPVTmMXfrd5at,Melisa Quispe-Llactahuaman et al - 2023 - Liderazgo transformacional en el clima institucional y el desempeno docente en Peru.pdf,508447,2026-09-07T18:19:51.721Z,https://drive.google.com/file/d/1B2HTnibSdW9-0tpYxAguPVTmMXfrd5at/view?usp=drivesdk,melisa quispe-llactahuaman et al - 2023 - liderazgo transformacional en el clima institucional y el desempeno docente en peru,https://drive.google.com/file/d/1B2HTnibSdW9-0tpYxAguPVTmMXfrd5at/preview,https://drive.google.com/file/d/1B2HTnibSdW9-0tpYxAguPVTmMXfrd5at/view
1SJPr87zScfZqM-iKFXPEJREqjL2_LU1J,Chavez Pena et al - 2022 - Liderazgo pedagogico aplicado a la practica docente en tiempos de crisis pandemica en Peru.pdf,464237,2026-09-07T18:19:49.676Z,https://drive.google.com/file/d/1SJPr87zScfZqM-iKFXPEJREqjL2_LU1J/view?usp=drivesdk,chavez pena et al - 2022 - liderazgo pedagogico aplicado a la practica docente en tiempos de crisis pandemica en peru,https://drive.google.com/file/d/1SJPr87zScfZqM-iKFXPEJREqjL2_LU1J/preview,https://drive.google.com/file/d/1SJPr87zScfZqM-iKFXPEJREqjL2_LU1J/view
1icir5bd95jApLl5AkGx_Qqa-yJYKgS_0,"Chen-Quesada et al - 2020 - Modelos de gestion pedagogica Factores de participacion, cambio e innovacion en centros ed.pdf",392709,2026-09-07T18:19:17.617Z,https://drive.google.com/file/d/1icir5bd95jApLl5AkGx_Qqa-yJYKgS_0/view?usp=drivesdk,"chen-quesada et al - 2020 - modelos de gestion pedagogica factores de participacion, cambio e innovacion en centros ed",https://drive.google.com/file/d/1icir5bd95jApLl5AkGx_Qqa-yJYKgS_0/preview,https://drive.google.com/file/d/1icir5bd95jApLl5AkGx_Qqa-yJYKgS_0/view
1r-GeqmUX6KtXP56oLFbpwcfS0V_eRQw2,Carrasco Palma Salinas - 2024 - Liderar desde el cuidado.pdf,422872,2026-09-07T18:19:14.843Z,https://drive.google.com/file/d/1r-GeqmUX6KtXP56oLFbpwcfS0V_eRQw2/view?usp=drivesdk,carrasco palma salinas - 2024 - liderar desde el cuidado,https://drive.google.com/file/d/1r-GeqmUX6KtXP56oLFbpwcfS0V_eRQw2/preview,https://drive.google.com/file/d/1r-GeqmUX6KtXP56oLFbpwcfS0V_eRQw2/view
16yTY0c59PM2lx7WX5EHeC9X-5SdVhbUy,Camarero‐Figuerola et al - 2023 - Desafios para Aumentar el Uso de los Resultados de la Investigacion Educativa.pdf,957868,2026-09-07T18:19:12.560Z,https://drive.google.com/file/d/16yTY0c59PM2lx7WX5EHeC9X-5SdVhbUy/view?usp=drivesdk,camarero‐figuerola et al - 2023 - desafios para aumentar el uso de los resultados de la investigacion educativa,https://drive.google.com/file/d/16yTY0c59PM2lx7WX5EHeC9X-5SdVhbUy/preview,https://drive.google.com/file/d/16yTY0c59PM2lx7WX5EHeC9X-5SdVhbUy/view
1qRx3JBaH2DdaFXEaNH1ygu0jdWnxahjI,Jauregui Elespuru et al - 2022 - El liderazgo directivo y desempeno docente en la educacion basica regular.pdf,444695,2026-09-07T18:19:09.637Z,https://drive.google.com/file/d/1qRx3JBaH2DdaFXEaNH1ygu0jdWnxahjI/view?usp=drivesdk,jauregui elespuru et al - 2022 - el liderazgo directivo y desempeno docente en la educacion basica regular,https://drive.google.com/file/d/1qRx3JBaH2DdaFXEaNH1ygu0jdWnxahjI/preview,https://drive.google.com/file/d/1qRx3JBaH2DdaFXEaNH1ygu0jdWnxahjI/view
17g_zUR0y1jGAVuasRnQDySvWOg2WQFBx,Molina-Perez Luengo - 2020 - Reconstrucciones “Resilientes” de la Identidad Profesional del Profesorado Endoprivatizaci.pdf,444183,2026-09-07T18:19:07.532Z,https://drive.google.com/file/d/17g_zUR0y1jGAVuasRnQDySvWOg2WQFBx/view?usp=drivesdk,molina-perez luengo - 2020 - reconstrucciones “resilientes” de la identidad profesional del profesorado endoprivatizaci,https://drive.google.com/file/d/17g_zUR0y1jGAVuasRnQDySvWOg2WQFBx/preview,https://drive.google.com/file/d/17g_zUR0y1jGAVuasRnQDySvWOg2WQFBx/view
1lRe2dMIDx1RuSrFi_ru46tjxSPoRzsgX,Valdes Briceno Guajardo - 2023 - Articulacion entre el Desarrollo Profesional Docente y el Marco para la Buena Direccion y.pdf,376184,2026-09-07T18:19:04.977Z,https://drive.google.com/file/d/1lRe2dMIDx1RuSrFi_ru46tjxSPoRzsgX/view?usp=drivesdk,valdes briceno guajardo - 2023 - articulacion entre el desarrollo profesional docente y el marco para la buena direccion y,https://drive.google.com/file/d/1lRe2dMIDx1RuSrFi_ru46tjxSPoRzsgX/preview,https://drive.google.com/file/d/1lRe2dMIDx1RuSrFi_ru46tjxSPoRzsgX/view
1wqbpWIdLdFUY6Wf-qWXaAGIU913WxcN_,Sandoval Estupinan et al - 2020 - Los retos del director escolar novel formacion inicial y liderazgo.pdf,494791,2026-09-07T18:19:01.823Z,https://drive.google.com/file/d/1wqbpWIdLdFUY6Wf-qWXaAGIU913WxcN_/view?usp=drivesdk,sandoval estupinan et al - 2020 - los retos del director escolar novel formacion inicial y liderazgo,https://drive.google.com/file/d/1wqbpWIdLdFUY6Wf-qWXaAGIU913WxcN_/preview,https://drive.google.com/file/d/1wqbpWIdLdFUY6Wf-qWXaAGIU913WxcN_/view
1Qd8ZrWtSak8Cky6X4wqCKjEgZuYvtBjv,Valdes et al - 2023 - Educacion inclusiva y nueva gestion publica en las politicas de liderazgo escolar en Chile.pdf,383139,2026-09-07T18:18:58.670Z,https://drive.google.com/file/d/1Qd8ZrWtSak8Cky6X4wqCKjEgZuYvtBjv/view?usp=drivesdk,valdes et al - 2023 - educacion inclusiva y nueva gestion publica en las politicas de liderazgo escolar en chile,https://drive.google.com/file/d/1Qd8ZrWtSak8Cky6X4wqCKjEgZuYvtBjv/preview,https://drive.google.com/file/d/1Qd8ZrWtSak8Cky6X4wqCKjEgZuYvtBjv/view
1GAtTVAvWghy2NXi8N3wiscQ9tSMIwJmd,Pablo Queupil Montecinos - 2020 - El Liderazgo Distribuido para la Mejora Educativa Analisis de Redes Sociales en Departamen.pdf,446686,2026-09-07T18:18:54.836Z,https://drive.google.com/file/d/1GAtTVAvWghy2NXi8N3wiscQ9tSMIwJmd/view?usp=drivesdk,pablo queupil montecinos - 2020 - el liderazgo distribuido para la mejora educativa analisis de redes sociales en departamen,https://drive.google.com/file/d/1GAtTVAvWghy2NXi8N3wiscQ9tSMIwJmd/preview,https://drive.google.com/file/d/1GAtTVAvWghy2NXi8N3wiscQ9tSMIwJmd/view
1k_Wc98D9GR0hYPk0RZ4cFpzQzoVRhtzZ,Romero - 2020 - Liderazgo Directivo en Escuelas que Superan las Barreras del Contexto.pdf,1027593,2026-09-07T18:18:17.414Z,https://drive.google.com/file/d/1k_Wc98D9GR0hYPk0RZ4cFpzQzoVRhtzZ/view?usp=drivesdk,romero - 2020 - liderazgo directivo en escuelas que superan las barreras del contexto,https://drive.google.com/file/d/1k_Wc98D9GR0hYPk0RZ4cFpzQzoVRhtzZ/preview,https://drive.google.com/file/d/1k_Wc98D9GR0hYPk0RZ4cFpzQzoVRhtzZ/view
1GOiQMJ-3mWunZ1O4aseXk7rO6c_RLHok,Manriquez Gutierrez Reyes Roa - 2021 - Liderazgo educativo una mirada desde el rol del director y la directora en tres niveles de.pdf,668704,2026-09-07T18:18:13.641Z,https://drive.google.com/file/d/1GOiQMJ-3mWunZ1O4aseXk7rO6c_RLHok/view?usp=drivesdk,manriquez gutierrez reyes roa - 2021 - liderazgo educativo una mirada desde el rol del director y la directora en tres niveles de,https://drive.google.com/file/d/1GOiQMJ-3mWunZ1O4aseXk7rO6c_RLHok/preview,https://drive.google.com/file/d/1GOiQMJ-3mWunZ1O4aseXk7rO6c_RLHok/view
1TwGQ3DzFi0ZSdrvjDctVyrE7cqVAoZTF,Guerra Rivera Tobar Villavicencio - 2026 - Lineamientos institucionales ambiguos y su impacto en la gestion escolar y la practica doc.pdf,424995,2026-09-07T18:18:08.645Z,https://drive.google.com/file/d/1TwGQ3DzFi0ZSdrvjDctVyrE7cqVAoZTF/view?usp=drivesdk,guerra rivera tobar villavicencio - 2026 - lineamientos institucionales ambiguos y su impacto en la gestion escolar y la practica doc,https://drive.google.com/file/d/1TwGQ3DzFi0ZSdrvjDctVyrE7cqVAoZTF/preview,https://drive.google.com/file/d/1TwGQ3DzFi0ZSdrvjDctVyrE7cqVAoZTF/view
1b4t4flTRm9H9bEP1MfvFwujvG_34IsoZ,"Hernandez Ortiz - 2020 - Supervisores Escolares. Trayectorias, sensibilidades y disposiciones al acompanamiento ped.pdf",105381,2026-09-07T18:18:05.450Z,https://drive.google.com/file/d/1b4t4flTRm9H9bEP1MfvFwujvG_34IsoZ/view?usp=drivesdk,"hernandez ortiz - 2020 - supervisores escolares. trayectorias, sensibilidades y disposiciones al acompanamiento ped",https://drive.google.com/file/d/1b4t4flTRm9H9bEP1MfvFwujvG_34IsoZ/preview,https://drive.google.com/file/d/1b4t4flTRm9H9bEP1MfvFwujvG_34IsoZ/view
1Np9Bc4uQEP1YYVyxPC2jilEJyjahMESR,de Oliveira et al - 2021 - LA GESTION ESTRATEGICA EN LAS ESCUELAS PUBLICAS DE BRASIL CARACTERISTICAS Y ESPECIFIDADES.pdf,248981,2026-09-07T18:18:03.791Z,https://drive.google.com/file/d/1Np9Bc4uQEP1YYVyxPC2jilEJyjahMESR/view?usp=drivesdk,de oliveira et al - 2021 - la gestion estrategica en las escuelas publicas de brasil caracteristicas y especifidades,https://drive.google.com/file/d/1Np9Bc4uQEP1YYVyxPC2jilEJyjahMESR/preview,https://drive.google.com/file/d/1Np9Bc4uQEP1YYVyxPC2jilEJyjahMESR/view
1BB-tgYCs_ZGU6_ETYYXj8ZlXPkpSaD0i,Verdezoto Icaza Bohorquez Troya - 2026 - Gestion educativa de la autorregulacion emocional para la resolucion de conflictos en estu.pdf,359702,2026-09-04T17:07:46.531Z,https://drive.google.com/file/d/1BB-tgYCs_ZGU6_ETYYXj8ZlXPkpSaD0i/view?usp=drivesdk,verdezoto icaza bohorquez troya - 2026 - gestion educativa de la autorregulacion emocional para la resolucion de conflictos en estu,https://drive.google.com/file/d/1BB-tgYCs_ZGU6_ETYYXj8ZlXPkpSaD0i/preview,https://drive.google.com/file/d/1BB-tgYCs_ZGU6_ETYYXj8ZlXPkpSaD0i/view
1fhv8fGJcP2i-6wE5xDmXRCzepN_9Z3WB,"Autor desconocido - 2023 - The Effect of Servant Leadership, Work Ethics, Organizational Culture, and Organizational.pdf",947674,2026-09-01T17:19:53.562Z,https://drive.google.com/file/d/1fhv8fGJcP2i-6wE5xDmXRCzepN_9Z3WB/view?usp=drivesdk,"autor desconocido - 2023 - the effect of servant leadership, work ethics, organizational culture, and organizational",https://drive.google.com/file/d/1fhv8fGJcP2i-6wE5xDmXRCzepN_9Z3WB/preview,https://drive.google.com/file/d/1fhv8fGJcP2i-6wE5xDmXRCzepN_9Z3WB/view
1yKP_EiVeIDtu-oNP0jlbGyti7SRus8D0,Dogaru - 2026 - Artificial Intelligence in School Management. A Systematic Review.pdf,532878,2026-09-01T17:19:49.253Z,https://drive.google.com/file/d/1yKP_EiVeIDtu-oNP0jlbGyti7SRus8D0/view?usp=drivesdk,dogaru - 2026 - artificial intelligence in school management. a systematic review,https://drive.google.com/file/d/1yKP_EiVeIDtu-oNP0jlbGyti7SRus8D0/preview,https://drive.google.com/file/d/1yKP_EiVeIDtu-oNP0jlbGyti7SRus8D0/view
1_KkY5Y1Y5lsjSiEFh8QXuuxP0J6JXhjq,Di Pietro et al - 2026 - School management and learning improvement. The pedagogical a dimension of the management.pdf,371624,2026-09-01T17:19:45.966Z,https://drive.google.com/file/d/1_KkY5Y1Y5lsjSiEFh8QXuuxP0J6JXhjq/view?usp=drivesdk,di pietro et al - 2026 - school management and learning improvement. the pedagogical a dimension of the management,https://drive.google.com/file/d/1_KkY5Y1Y5lsjSiEFh8QXuuxP0J6JXhjq/preview,https://drive.google.com/file/d/1_KkY5Y1Y5lsjSiEFh8QXuuxP0J6JXhjq/view
1MlyLNGboV7yKzwpWcuirQmc9ZrxEAXbp,C. Ehrich W. English - 2020 - 'Leading beautifully' A phoenix arises in new research in educational leadership.pdf,290818,2026-08-31T19:47:56.300Z,https://drive.google.com/file/d/1MlyLNGboV7yKzwpWcuirQmc9ZrxEAXbp/view?usp=drivesdk,c. ehrich w. english - 2020 - 'leading beautifully' a phoenix arises in new research in educational leadership,https://drive.google.com/file/d/1MlyLNGboV7yKzwpWcuirQmc9ZrxEAXbp/preview,https://drive.google.com/file/d/1MlyLNGboV7yKzwpWcuirQmc9ZrxEAXbp/view
14ab6HjYtgsXXtZut8DPn6Di9aFLkeieL,Wilkins Gobby - 2021 - Governance and educational leadership.pdf,212708,2026-08-31T19:47:46.075Z,https://drive.google.com/file/d/14ab6HjYtgsXXtZut8DPn6Di9aFLkeieL/view?usp=drivesdk,wilkins gobby - 2021 - governance and educational leadership,https://drive.google.com/file/d/14ab6HjYtgsXXtZut8DPn6Di9aFLkeieL/preview,https://drive.google.com/file/d/14ab6HjYtgsXXtZut8DPn6Di9aFLkeieL/view
1j00TJh777ryH5MFXbfnOUUDUcgaQbNvR,R. Jackson - 2023 - Educational Leadership.pdf,178190,2026-08-31T19:47:41.571Z,https://drive.google.com/file/d/1j00TJh777ryH5MFXbfnOUUDUcgaQbNvR/view?usp=drivesdk,r. jackson - 2023 - educational leadership,https://drive.google.com/file/d/1j00TJh777ryH5MFXbfnOUUDUcgaQbNvR/preview,https://drive.google.com/file/d/1j00TJh777ryH5MFXbfnOUUDUcgaQbNvR/view
10IWFI3jLj9NRHQ0MswsW5mI-Dkhz_u4h,Khusnul Afifa - 2026 - Integrated Islamic School Management Leaders' Policies and Stakeholders' Responses.pdf,344390,2026-08-31T19:47:38.685Z,https://drive.google.com/file/d/10IWFI3jLj9NRHQ0MswsW5mI-Dkhz_u4h/view?usp=drivesdk,khusnul afifa - 2026 - integrated islamic school management leaders' policies and stakeholders' responses,https://drive.google.com/file/d/10IWFI3jLj9NRHQ0MswsW5mI-Dkhz_u4h/preview,https://drive.google.com/file/d/10IWFI3jLj9NRHQ0MswsW5mI-Dkhz_u4h/view
1DUzEHLPw4JVtdJoQVLPyoJeqIHZ0Sh1W,Dieu Mushimiyimana - 2021 - School Management And Effective Use Of Smart Classroom In Teaching And Learning Process.pdf,243001,2026-08-31T19:47:33.597Z,https://drive.google.com/file/d/1DUzEHLPw4JVtdJoQVLPyoJeqIHZ0Sh1W/view?usp=drivesdk,dieu mushimiyimana - 2021 - school management and effective use of smart classroom in teaching and learning process,https://drive.google.com/file/d/1DUzEHLPw4JVtdJoQVLPyoJeqIHZ0Sh1W/preview,https://drive.google.com/file/d/1DUzEHLPw4JVtdJoQVLPyoJeqIHZ0Sh1W/view
19bhOMHsIBEWrU7Tdhsa7EK5wbzZV7t7T,Williamson Hogan - 2020 - Commercialisation and privatisation in of education in the context of Covid-19.pdf,867054,2026-08-31T19:47:28.323Z,https://drive.google.com/file/d/19bhOMHsIBEWrU7Tdhsa7EK5wbzZV7t7T/view?usp=drivesdk,williamson hogan - 2020 - commercialisation and privatisation in of education in the context of covid-19,https://drive.google.com/file/d/19bhOMHsIBEWrU7Tdhsa7EK5wbzZV7t7T/preview,https://drive.google.com/file/d/19bhOMHsIBEWrU7Tdhsa7EK5wbzZV7t7T/view
1UbvfNR3wZitABXuDg1YumdEoaoOoXQh5,Autor desconocido - 2024 - Liderazgo directivo y gestion educativa en el ambito educativo.pdf,244108,2026-08-31T19:47:22.895Z,https://drive.google.com/file/d/1UbvfNR3wZitABXuDg1YumdEoaoOoXQh5/view?usp=drivesdk,autor desconocido - 2024 - liderazgo directivo y gestion educativa en el ambito educativo,https://drive.google.com/file/d/1UbvfNR3wZitABXuDg1YumdEoaoOoXQh5/preview,https://drive.google.com/file/d/1UbvfNR3wZitABXuDg1YumdEoaoOoXQh5/view
1G_9lVFJWs7REXRNm4J9ghJUGW7JrP9AZ,Bellido Berrocal - 2023 - Liderazgo en la Gestion Educativa en Instituciones Educativas de una Unidad de Gestion Edu.pdf,2675040,2026-08-31T19:47:20.759Z,https://drive.google.com/file/d/1G_9lVFJWs7REXRNm4J9ghJUGW7JrP9AZ/view?usp=drivesdk,bellido berrocal - 2023 - liderazgo en la gestion educativa en instituciones educativas de una unidad de gestion edu,https://drive.google.com/file/d/1G_9lVFJWs7REXRNm4J9ghJUGW7JrP9AZ/preview,https://drive.google.com/file/d/1G_9lVFJWs7REXRNm4J9ghJUGW7JrP9AZ/view
1XlmRWAv7hQGcq7-03zsAAPfaZ1C9mFGz,Guaymas Gongora - 2021 - Gestion educativa y configuraciones de apoyo.pdf,590095,2026-08-31T19:47:18.731Z,https://drive.google.com/file/d/1XlmRWAv7hQGcq7-03zsAAPfaZ1C9mFGz/view?usp=drivesdk,guaymas gongora - 2021 - gestion educativa y configuraciones de apoyo,https://drive.google.com/file/d/1XlmRWAv7hQGcq7-03zsAAPfaZ1C9mFGz/preview,https://drive.google.com/file/d/1XlmRWAv7hQGcq7-03zsAAPfaZ1C9mFGz/view
1IpXKHhGQk4SUaMmasXRHHNkCJo4wVWtz,Ruiz Cutipa - 2022 - Liderazgo directivo y gestion administrativa de las instituciones educativas publicas del.pdf,232373,2026-08-31T19:47:14.815Z,https://drive.google.com/file/d/1IpXKHhGQk4SUaMmasXRHHNkCJo4wVWtz/view?usp=drivesdk,ruiz cutipa - 2022 - liderazgo directivo y gestion administrativa de las instituciones educativas publicas del,https://drive.google.com/file/d/1IpXKHhGQk4SUaMmasXRHHNkCJo4wVWtz/preview,https://drive.google.com/file/d/1IpXKHhGQk4SUaMmasXRHHNkCJo4wVWtz/view
1x_KDWwSeFONO-2jdjbZoFddWNxigRN7p,Plasencia Zamora - 2025 - Marco del buen desempeno directivo y logro del compromiso de gestion en instituciones educ.pdf,1044289,2026-08-31T19:47:12.872Z,https://drive.google.com/file/d/1x_KDWwSeFONO-2jdjbZoFddWNxigRN7p/view?usp=drivesdk,plasencia zamora - 2025 - marco del buen desempeno directivo y logro del compromiso de gestion en instituciones educ,https://drive.google.com/file/d/1x_KDWwSeFONO-2jdjbZoFddWNxigRN7p/preview,https://drive.google.com/file/d/1x_KDWwSeFONO-2jdjbZoFddWNxigRN7p/view
1bSmRMl0g8fg5sy9BUmyqtXO9DGD9ARdz,Gonzalo Aguirre Langer - 2025 - Ethopolitics of Teaching Practice in Secondary School Problematisations inandfromthe Pract.pdf,527552,2026-08-31T19:47:08.544Z,https://drive.google.com/file/d/1bSmRMl0g8fg5sy9BUmyqtXO9DGD9ARdz/view?usp=drivesdk,gonzalo aguirre langer - 2025 - ethopolitics of teaching practice in secondary school problematisations inandfromthe pract,https://drive.google.com/file/d/1bSmRMl0g8fg5sy9BUmyqtXO9DGD9ARdz/preview,https://drive.google.com/file/d/1bSmRMl0g8fg5sy9BUmyqtXO9DGD9ARdz/view
1-P-MplUYtgYAqC_qn1shvz_Yi9iBwI7l,Corica et al - 2026 - Desafios y estrategias en las trayectorias escolares del secundario del equipo directivo.pdf,540026,2026-08-31T19:47:03.164Z,https://drive.google.com/file/d/1-P-MplUYtgYAqC_qn1shvz_Yi9iBwI7l/view?usp=drivesdk,corica et al - 2026 - desafios y estrategias en las trayectorias escolares del secundario del equipo directivo,https://drive.google.com/file/d/1-P-MplUYtgYAqC_qn1shvz_Yi9iBwI7l/preview,https://drive.google.com/file/d/1-P-MplUYtgYAqC_qn1shvz_Yi9iBwI7l/view
1TvP4OucCTaiJhem1cfjNUU_0uqE_ylMJ,de Janon Cruz Fajardo - 2025 - Estrategias publicas y liderazgo educativo como enfoque hacia el desarrollo profesional di.pdf,121418,2026-08-31T19:46:59.619Z,https://drive.google.com/file/d/1TvP4OucCTaiJhem1cfjNUU_0uqE_ylMJ/view?usp=drivesdk,de janon cruz fajardo - 2025 - estrategias publicas y liderazgo educativo como enfoque hacia el desarrollo profesional di,https://drive.google.com/file/d/1TvP4OucCTaiJhem1cfjNUU_0uqE_ylMJ/preview,https://drive.google.com/file/d/1TvP4OucCTaiJhem1cfjNUU_0uqE_ylMJ/view
1lKX3WeaR-gu2Nau3GjTYi3tNiIO9_o1Y,Medina Gomez - 2025 - Gestion directiva en el acompanamiento pedagogico de docentes de una institucion educativa.pdf,727664,2026-08-31T19:46:57.308Z,https://drive.google.com/file/d/1lKX3WeaR-gu2Nau3GjTYi3tNiIO9_o1Y/view?usp=drivesdk,medina gomez - 2025 - gestion directiva en el acompanamiento pedagogico de docentes de una institucion educativa,https://drive.google.com/file/d/1lKX3WeaR-gu2Nau3GjTYi3tNiIO9_o1Y/preview,https://drive.google.com/file/d/1lKX3WeaR-gu2Nau3GjTYi3tNiIO9_o1Y/view
1yu7hin4OpLlLkxtbmMmCY6t34PscRKka,Abreu Romero et al - 2021 - “Escuelas WhatsApp y Escuelas Zoom” Desigualdad y segregacion educativa durante la pandemi.pdf,1293156,2026-08-31T19:46:55.513Z,https://drive.google.com/file/d/1yu7hin4OpLlLkxtbmMmCY6t34PscRKka/view?usp=drivesdk,abreu romero et al - 2021 - “escuelas whatsapp y escuelas zoom” desigualdad y segregacion educativa durante la pandemi,https://drive.google.com/file/d/1yu7hin4OpLlLkxtbmMmCY6t34PscRKka/preview,https://drive.google.com/file/d/1yu7hin4OpLlLkxtbmMmCY6t34PscRKka/view
1OfCPpa60WvEHAP5QhSvMLt-BEgZKLY7_,Melgar Davila - 2022 - Habilidades blandas y competencias gerenciales en la calidad de gestion de los procesos pe.pdf,196115,2026-08-31T19:46:50.662Z,https://drive.google.com/file/d/1OfCPpa60WvEHAP5QhSvMLt-BEgZKLY7_/view?usp=drivesdk,melgar davila - 2022 - habilidades blandas y competencias gerenciales en la calidad de gestion de los procesos pe,https://drive.google.com/file/d/1OfCPpa60WvEHAP5QhSvMLt-BEgZKLY7_/preview,https://drive.google.com/file/d/1OfCPpa60WvEHAP5QhSvMLt-BEgZKLY7_/view
15JC3QhVXG9Ad31hXhwg8fQe8dqBI06mF,"Jaimes Solano - 2020 - Teacher's pedagogical leadership conceptions, elements and characteristics.pdf",2126824,2026-08-31T19:46:48.959Z,https://drive.google.com/file/d/15JC3QhVXG9Ad31hXhwg8fQe8dqBI06mF/view?usp=drivesdk,"jaimes solano - 2020 - teacher's pedagogical leadership conceptions, elements and characteristics",https://drive.google.com/file/d/15JC3QhVXG9Ad31hXhwg8fQe8dqBI06mF/preview,https://drive.google.com/file/d/15JC3QhVXG9Ad31hXhwg8fQe8dqBI06mF/view
1UErVtwUySJ2cgVWBXGpNM5yzkkj6jY04,Chavez Ocampo - 2025 - Acompanamiento pedagogico directivo y liderazgo transformacional en los centros de educaci.pdf,1011507,2026-08-31T19:46:43.573Z,https://drive.google.com/file/d/1UErVtwUySJ2cgVWBXGpNM5yzkkj6jY04/view?usp=drivesdk,chavez ocampo - 2025 - acompanamiento pedagogico directivo y liderazgo transformacional en los centros de educaci,https://drive.google.com/file/d/1UErVtwUySJ2cgVWBXGpNM5yzkkj6jY04/preview,https://drive.google.com/file/d/1UErVtwUySJ2cgVWBXGpNM5yzkkj6jY04/view
1iakVSsIn25m4E2W9oWVLtWf6pRgDRqAW,Pinedo Vega - 2024 - Modelo didactico comunicativo para la calidad educativa en estudiantes de educacion primar.pdf,1970491,2026-08-31T19:46:41.506Z,https://drive.google.com/file/d/1iakVSsIn25m4E2W9oWVLtWf6pRgDRqAW/view?usp=drivesdk,pinedo vega - 2024 - modelo didactico comunicativo para la calidad educativa en estudiantes de educacion primar,https://drive.google.com/file/d/1iakVSsIn25m4E2W9oWVLtWf6pRgDRqAW/preview,https://drive.google.com/file/d/1iakVSsIn25m4E2W9oWVLtWf6pRgDRqAW/view
1zvAiH9xGYx3_dFUCX6g1cMjljd0rxUGQ,Arellano Ramirez - 2023 - Formacion continua de gestion y liderazgo pedagogico de los directivos de instituciones ed.pdf,3744290,2026-08-31T19:46:37.554Z,https://drive.google.com/file/d/1zvAiH9xGYx3_dFUCX6g1cMjljd0rxUGQ/view?usp=drivesdk,arellano ramirez - 2023 - formacion continua de gestion y liderazgo pedagogico de los directivos de instituciones ed,https://drive.google.com/file/d/1zvAiH9xGYx3_dFUCX6g1cMjljd0rxUGQ/preview,https://drive.google.com/file/d/1zvAiH9xGYx3_dFUCX6g1cMjljd0rxUGQ/view
14FDBmtW_a4sVta3uEksFzNvoJg3JyNXc,Barillas Corcuera - 2025 - Proyecto de direccion para un centro educativo de educacion primaria en Santa Cruz la Lagu.pdf,662343,2026-08-31T19:46:29.618Z,https://drive.google.com/file/d/14FDBmtW_a4sVta3uEksFzNvoJg3JyNXc/view?usp=drivesdk,barillas corcuera - 2025 - proyecto de direccion para un centro educativo de educacion primaria en santa cruz la lagu,https://drive.google.com/file/d/14FDBmtW_a4sVta3uEksFzNvoJg3JyNXc/preview,https://drive.google.com/file/d/14FDBmtW_a4sVta3uEksFzNvoJg3JyNXc/view
1EAjlxlNUyDywHOAqrHLyw_q03N1zWbVD,Gonzalo Aguirre - 2026 - Directio narrans rhetorical figures in times of (alleged) narrative crisis A study on the.pdf,340456,2026-08-31T19:46:26.591Z,https://drive.google.com/file/d/1EAjlxlNUyDywHOAqrHLyw_q03N1zWbVD/view?usp=drivesdk,gonzalo aguirre - 2026 - directio narrans rhetorical figures in times of (alleged) narrative crisis a study on the,https://drive.google.com/file/d/1EAjlxlNUyDywHOAqrHLyw_q03N1zWbVD/preview,https://drive.google.com/file/d/1EAjlxlNUyDywHOAqrHLyw_q03N1zWbVD/view
1IZGUpNQ-83ReMpzYBZHXPmUdJY2jXRVr,Melo Chitolina Pedro Lino - 2025 - Democracy and education concepts of participation in school management.pdf,508084,2026-08-31T19:44:59.943Z,https://drive.google.com/file/d/1IZGUpNQ-83ReMpzYBZHXPmUdJY2jXRVr/view?usp=drivesdk,melo chitolina pedro lino - 2025 - democracy and education concepts of participation in school management,https://drive.google.com/file/d/1IZGUpNQ-83ReMpzYBZHXPmUdJY2jXRVr/preview,https://drive.google.com/file/d/1IZGUpNQ-83ReMpzYBZHXPmUdJY2jXRVr/view
1YgJygdmZHGX4AkuNhukGbajcvPk-8saU,Acosta Tocasuche et al - 2023 - The discursive axes of inclusive education to mitigate school discrimination a documentary.pdf,841060,2026-08-31T19:44:56.475Z,https://drive.google.com/file/d/1YgJygdmZHGX4AkuNhukGbajcvPk-8saU/view?usp=drivesdk,acosta tocasuche et al - 2023 - the discursive axes of inclusive education to mitigate school discrimination a documentary,https://drive.google.com/file/d/1YgJygdmZHGX4AkuNhukGbajcvPk-8saU/preview,https://drive.google.com/file/d/1YgJygdmZHGX4AkuNhukGbajcvPk-8saU/view
1a1kX8gVbbUaKeOmVJjzEa-DkTIWy2y-Y,Barrionuevo Linares - 2025 - Factores que favorecen o limitan la aplicacion transversal del enfoque ambiental en el mar.pdf,4057964,2026-08-31T19:44:42.908Z,https://drive.google.com/file/d/1a1kX8gVbbUaKeOmVJjzEa-DkTIWy2y-Y/view?usp=drivesdk,barrionuevo linares - 2025 - factores que favorecen o limitan la aplicacion transversal del enfoque ambiental en el mar,https://drive.google.com/file/d/1a1kX8gVbbUaKeOmVJjzEa-DkTIWy2y-Y/preview,https://drive.google.com/file/d/1a1kX8gVbbUaKeOmVJjzEa-DkTIWy2y-Y/view
1BQtmqetmoP4AHLSFr8kYmhSqXIHBq737,Lopez Loaiza - 2024 - Pensamiento critico reflexivo en la practica de gestion en instituciones educativas public.pdf,1850757,2026-08-31T19:43:56.805Z,https://drive.google.com/file/d/1BQtmqetmoP4AHLSFr8kYmhSqXIHBq737/view?usp=drivesdk,lopez loaiza - 2024 - pensamiento critico reflexivo en la practica de gestion en instituciones educativas public,https://drive.google.com/file/d/1BQtmqetmoP4AHLSFr8kYmhSqXIHBq737/preview,https://drive.google.com/file/d/1BQtmqetmoP4AHLSFr8kYmhSqXIHBq737/view
1AO45FF3Prk_lGgE-Xz8KFodWpSVtBXT0,Barriga Mayorga Brito Quinto - 2023 - A reflective look at the integrative approach of Gerardist school management.pdf,2404017,2026-08-31T19:43:52.992Z,https://drive.google.com/file/d/1AO45FF3Prk_lGgE-Xz8KFodWpSVtBXT0/view?usp=drivesdk,barriga mayorga brito quinto - 2023 - a reflective look at the integrative approach of gerardist school management,https://drive.google.com/file/d/1AO45FF3Prk_lGgE-Xz8KFodWpSVtBXT0/preview,https://drive.google.com/file/d/1AO45FF3Prk_lGgE-Xz8KFodWpSVtBXT0/view
13nGJRPenGseN1ytzzB156I7-Umdc-emw,Diaz Salazar - 2025 - Relaciones interpersonales y la gestion de la escuela articulada a la comunidad educativa.pdf,1490820,2026-08-31T19:43:21.349Z,https://drive.google.com/file/d/13nGJRPenGseN1ytzzB156I7-Umdc-emw/view?usp=drivesdk,diaz salazar - 2025 - relaciones interpersonales y la gestion de la escuela articulada a la comunidad educativa,https://drive.google.com/file/d/13nGJRPenGseN1ytzzB156I7-Umdc-emw/preview,https://drive.google.com/file/d/13nGJRPenGseN1ytzzB156I7-Umdc-emw/view
1OxrWIPTfVBWCWI6oTxX7ov5MZTktPXIf,"Palomino Murcia - 2024 - Correlational analysis of school management, executive leadership and educational quality.pdf",988605,2026-08-31T19:43:19.371Z,https://drive.google.com/file/d/1OxrWIPTfVBWCWI6oTxX7ov5MZTktPXIf/view?usp=drivesdk,"palomino murcia - 2024 - correlational analysis of school management, executive leadership and educational quality",https://drive.google.com/file/d/1OxrWIPTfVBWCWI6oTxX7ov5MZTktPXIf/preview,https://drive.google.com/file/d/1OxrWIPTfVBWCWI6oTxX7ov5MZTktPXIf/view
1wOdTLNZuP0XK5DNt0Xk6NvMek1YiGvpw,Mamani Vargas - 2024 - Habilidades directivas en la gestion escolar desde la percepcion de docentes de una RED ed.pdf,3611384,2026-08-31T19:42:59.243Z,https://drive.google.com/file/d/1wOdTLNZuP0XK5DNt0Xk6NvMek1YiGvpw/view?usp=drivesdk,mamani vargas - 2024 - habilidades directivas en la gestion escolar desde la percepcion de docentes de una red ed,https://drive.google.com/file/d/1wOdTLNZuP0XK5DNt0Xk6NvMek1YiGvpw/preview,https://drive.google.com/file/d/1wOdTLNZuP0XK5DNt0Xk6NvMek1YiGvpw/view
1RYN91q4X0IwoVQaMCadz5qSqtpYOxZB3,Bautista Quispe - 2024 - Gestion escolar en la calidad educativa de una institucion educativa del distrito de Chinc.pdf,2214019,2026-08-31T19:42:57.118Z,https://drive.google.com/file/d/1RYN91q4X0IwoVQaMCadz5qSqtpYOxZB3/view?usp=drivesdk,bautista quispe - 2024 - gestion escolar en la calidad educativa de una institucion educativa del distrito de chinc,https://drive.google.com/file/d/1RYN91q4X0IwoVQaMCadz5qSqtpYOxZB3/preview,https://drive.google.com/file/d/1RYN91q4X0IwoVQaMCadz5qSqtpYOxZB3/view
1AMBtBs0JDH7Qzr5AS_V4awz0zuKZI_Uc,Yovera Angeles - 2025 - Percepcion docente sobre el uso de inteligencia artificial en la gestion escolar de una in.pdf,1632355,2026-08-31T19:42:55.194Z,https://drive.google.com/file/d/1AMBtBs0JDH7Qzr5AS_V4awz0zuKZI_Uc/view?usp=drivesdk,yovera angeles - 2025 - percepcion docente sobre el uso de inteligencia artificial en la gestion escolar de una in,https://drive.google.com/file/d/1AMBtBs0JDH7Qzr5AS_V4awz0zuKZI_Uc/preview,https://drive.google.com/file/d/1AMBtBs0JDH7Qzr5AS_V4awz0zuKZI_Uc/view
1X0j1IUkmck3UU8uyRC8o1NqKShkYEVFW,Chucas Diaz - 2025 - Plan de gestion escolar para la participacion familiar en el proceso educativo en una inst.pdf,884130,2026-08-31T19:42:53.142Z,https://drive.google.com/file/d/1X0j1IUkmck3UU8uyRC8o1NqKShkYEVFW/view?usp=drivesdk,chucas diaz - 2025 - plan de gestion escolar para la participacion familiar en el proceso educativo en una inst,https://drive.google.com/file/d/1X0j1IUkmck3UU8uyRC8o1NqKShkYEVFW/preview,https://drive.google.com/file/d/1X0j1IUkmck3UU8uyRC8o1NqKShkYEVFW/view
1XS-ZBvgYTxsYqOv5AI4m4ZGbe0GUQxpY,Chauca Cerdan - 2022 - Gestion escolar en la participacion de los padres de familia en las instituciones educativ.pdf,6604039,2026-08-31T19:42:32.751Z,https://drive.google.com/file/d/1XS-ZBvgYTxsYqOv5AI4m4ZGbe0GUQxpY/view?usp=drivesdk,chauca cerdan - 2022 - gestion escolar en la participacion de los padres de familia en las instituciones educativ,https://drive.google.com/file/d/1XS-ZBvgYTxsYqOv5AI4m4ZGbe0GUQxpY/preview,https://drive.google.com/file/d/1XS-ZBvgYTxsYqOv5AI4m4ZGbe0GUQxpY/view
1jWPdhTuQ-fukUprprpiMhBDPNJUmvfBN,Bolivar Valenzuela - 2025 - El trabajo colegiado y la gestion escolar en docentes de una institucion educativa de San.pdf,1220772,2026-08-31T19:42:30.676Z,https://drive.google.com/file/d/1jWPdhTuQ-fukUprprpiMhBDPNJUmvfBN/view?usp=drivesdk,bolivar valenzuela - 2025 - el trabajo colegiado y la gestion escolar en docentes de una institucion educativa de san,https://drive.google.com/file/d/1jWPdhTuQ-fukUprprpiMhBDPNJUmvfBN/preview,https://drive.google.com/file/d/1jWPdhTuQ-fukUprprpiMhBDPNJUmvfBN/view
1McoW1jsM2GDZ4z-ESVzIZhZxVluzJSQ-,Felix Guerrero - 2025 - Gestion escolar y liderazgo pedagogico en el aprendizaje integral de estudiantes en educac.pdf,1436305,2026-08-31T19:42:28.837Z,https://drive.google.com/file/d/1McoW1jsM2GDZ4z-ESVzIZhZxVluzJSQ-/view?usp=drivesdk,felix guerrero - 2025 - gestion escolar y liderazgo pedagogico en el aprendizaje integral de estudiantes en educac,https://drive.google.com/file/d/1McoW1jsM2GDZ4z-ESVzIZhZxVluzJSQ-/preview,https://drive.google.com/file/d/1McoW1jsM2GDZ4z-ESVzIZhZxVluzJSQ-/view
18I87R-s13S-uWEsMW6JV0fH3teQvQfuK,Jihuallanca Ruelas - 2024 - Desempeno directivo y formacion academica en los compromisos de gestion escolar de directo.pdf,269291,2026-08-31T19:42:16.343Z,https://drive.google.com/file/d/18I87R-s13S-uWEsMW6JV0fH3teQvQfuK/view?usp=drivesdk,jihuallanca ruelas - 2024 - desempeno directivo y formacion academica en los compromisos de gestion escolar de directo,https://drive.google.com/file/d/18I87R-s13S-uWEsMW6JV0fH3teQvQfuK/preview,https://drive.google.com/file/d/18I87R-s13S-uWEsMW6JV0fH3teQvQfuK/view
15f7BYsfuuavlopTJVbkyemmaB2l3G0du,Mayuri Campos - 2024 - Liderazgo educativo intermedio y gestion escolar autonoma en especialistas y directivos de.pdf,4063788,2026-08-31T19:42:14.590Z,https://drive.google.com/file/d/15f7BYsfuuavlopTJVbkyemmaB2l3G0du/view?usp=drivesdk,mayuri campos - 2024 - liderazgo educativo intermedio y gestion escolar autonoma en especialistas y directivos de,https://drive.google.com/file/d/15f7BYsfuuavlopTJVbkyemmaB2l3G0du/preview,https://drive.google.com/file/d/15f7BYsfuuavlopTJVbkyemmaB2l3G0du/view
18t2fphzF2OApgZwzueSW2Jb_iUiWjRy4,Valverde Lopez - 2024 - Competencias directivas y formacion profesional en la gestion escolar segun los docentes d.pdf,605173,2026-08-31T19:42:11.962Z,https://drive.google.com/file/d/18t2fphzF2OApgZwzueSW2Jb_iUiWjRy4/view?usp=drivesdk,valverde lopez - 2024 - competencias directivas y formacion profesional en la gestion escolar segun los docentes d,https://drive.google.com/file/d/18t2fphzF2OApgZwzueSW2Jb_iUiWjRy4/preview,https://drive.google.com/file/d/18t2fphzF2OApgZwzueSW2Jb_iUiWjRy4/view
1SjZHKFIdmzJldpyRL-mXsFCRsFBHHYsF,"Arenas Figueroa - 2024 - Trabajo colaborativo, practica pedagogica y la gestion escolar en los docentes de instituc.pdf",1466610,2026-08-31T19:41:39.582Z,https://drive.google.com/file/d/1SjZHKFIdmzJldpyRL-mXsFCRsFBHHYsF/view?usp=drivesdk,"arenas figueroa - 2024 - trabajo colaborativo, practica pedagogica y la gestion escolar en los docentes de instituc",https://drive.google.com/file/d/1SjZHKFIdmzJldpyRL-mXsFCRsFBHHYsF/preview,https://drive.google.com/file/d/1SjZHKFIdmzJldpyRL-mXsFCRsFBHHYsF/view
1Fy3jbd-2zvDbJsM4aEdiUf7xjbRWWkeO,Velasquez Amaya - 2024 - Gestion escolar y desempeno directivo en los centros de educacion basica alternativa de la.pdf,1289386,2026-08-31T19:41:37.765Z,https://drive.google.com/file/d/1Fy3jbd-2zvDbJsM4aEdiUf7xjbRWWkeO/view?usp=drivesdk,velasquez amaya - 2024 - gestion escolar y desempeno directivo en los centros de educacion basica alternativa de la,https://drive.google.com/file/d/1Fy3jbd-2zvDbJsM4aEdiUf7xjbRWWkeO/preview,https://drive.google.com/file/d/1Fy3jbd-2zvDbJsM4aEdiUf7xjbRWWkeO/view
1Qk_J5ZvcHA7GBYGEeXFCmCkwVvD93Xa2,Fernandez Ore - 2023 - Gestion escolar y habilidades digitales post Covid-19 en docentes de secundaria del distri.pdf,2352752,2026-08-31T19:41:34.530Z,https://drive.google.com/file/d/1Qk_J5ZvcHA7GBYGEeXFCmCkwVvD93Xa2/view?usp=drivesdk,fernandez ore - 2023 - gestion escolar y habilidades digitales post covid-19 en docentes de secundaria del distri,https://drive.google.com/file/d/1Qk_J5ZvcHA7GBYGEeXFCmCkwVvD93Xa2/preview,https://drive.google.com/file/d/1Qk_J5ZvcHA7GBYGEeXFCmCkwVvD93Xa2/view
1pAooVjnmDGAvcpx81_55Xq8Ib_rp3RmS,Cardenas Vasquez - 2025 - Gestion escolar en los procesos pedagogicos de los docentes de cuatro instituciones educat.pdf,4542182,2026-08-31T19:41:31.561Z,https://drive.google.com/file/d/1pAooVjnmDGAvcpx81_55Xq8Ib_rp3RmS/view?usp=drivesdk,cardenas vasquez - 2025 - gestion escolar en los procesos pedagogicos de los docentes de cuatro instituciones educat,https://drive.google.com/file/d/1pAooVjnmDGAvcpx81_55Xq8Ib_rp3RmS/preview,https://drive.google.com/file/d/1pAooVjnmDGAvcpx81_55Xq8Ib_rp3RmS/view
18e9ItYm09hE_0VAvLjH8TyAz4lEgF3gE,Cruz Sulca - 2022 - Gestion escolar y calidad educativa en la Institucion Educativa N° 1143 Domingo Faustino S.pdf,3139443,2026-08-31T19:41:29.225Z,https://drive.google.com/file/d/18e9ItYm09hE_0VAvLjH8TyAz4lEgF3gE/view?usp=drivesdk,cruz sulca - 2022 - gestion escolar y calidad educativa en la institucion educativa n° 1143 domingo faustino s,https://drive.google.com/file/d/18e9ItYm09hE_0VAvLjH8TyAz4lEgF3gE/preview,https://drive.google.com/file/d/18e9ItYm09hE_0VAvLjH8TyAz4lEgF3gE/view
1RRxCd10X71H5v76QNwWv8eZLR9UkHCTz,Meza Alegria - 2025 - Gestion escolar y satisfaccion de los estudiantes del nivel secundario de una institucion.pdf,670408,2026-08-31T19:41:24.503Z,https://drive.google.com/file/d/1RRxCd10X71H5v76QNwWv8eZLR9UkHCTz/view?usp=drivesdk,meza alegria - 2025 - gestion escolar y satisfaccion de los estudiantes del nivel secundario de una institucion,https://drive.google.com/file/d/1RRxCd10X71H5v76QNwWv8eZLR9UkHCTz/preview,https://drive.google.com/file/d/1RRxCd10X71H5v76QNwWv8eZLR9UkHCTz/view
19-lFzwidaBb1-2IsJjoJuRLz4eYQWeCD,Yana Mamani - 2024 - Liderazgo transformacional y gestion escolar en docentes de instituciones educativas de se.pdf,2898800,2026-08-31T19:41:22.813Z,https://drive.google.com/file/d/19-lFzwidaBb1-2IsJjoJuRLz4eYQWeCD/view?usp=drivesdk,yana mamani - 2024 - liderazgo transformacional y gestion escolar en docentes de instituciones educativas de se,https://drive.google.com/file/d/19-lFzwidaBb1-2IsJjoJuRLz4eYQWeCD/preview,https://drive.google.com/file/d/19-lFzwidaBb1-2IsJjoJuRLz4eYQWeCD/view
1zEI2wzDk-3p3z1JXTY6pNURXdkoBmiUG,Sandoval Damian - 2024 - Compromisos de gestion escolar y desempeno directivo en una institucion de educacion secun.pdf,1213389,2026-08-31T19:41:20.901Z,https://drive.google.com/file/d/1zEI2wzDk-3p3z1JXTY6pNURXdkoBmiUG/view?usp=drivesdk,sandoval damian - 2024 - compromisos de gestion escolar y desempeno directivo en una institucion de educacion secun,https://drive.google.com/file/d/1zEI2wzDk-3p3z1JXTY6pNURXdkoBmiUG/preview,https://drive.google.com/file/d/1zEI2wzDk-3p3z1JXTY6pNURXdkoBmiUG/view
1UsdyLiMNjZCCnRfQYLfYkuApjgMjLRAP,Pacco Miranda - 2024 - Estrategia de gestion escolar para mejorar la vinculacion escuela-comunidad desde una inst.pdf,498944,2026-08-31T19:41:18.449Z,https://drive.google.com/file/d/1UsdyLiMNjZCCnRfQYLfYkuApjgMjLRAP/view?usp=drivesdk,pacco miranda - 2024 - estrategia de gestion escolar para mejorar la vinculacion escuela-comunidad desde una inst,https://drive.google.com/file/d/1UsdyLiMNjZCCnRfQYLfYkuApjgMjLRAP/preview,https://drive.google.com/file/d/1UsdyLiMNjZCCnRfQYLfYkuApjgMjLRAP/view
1B1cJRmvG0r_mOCWOSwMyOXsPdk3D7P50,Espejo Curi - 2025 - Gestion escolar y el plan anual de trabajo en una institucion educativa de un distrito de.pdf,9387383,2026-08-31T19:41:16.616Z,https://drive.google.com/file/d/1B1cJRmvG0r_mOCWOSwMyOXsPdk3D7P50/view?usp=drivesdk,espejo curi - 2025 - gestion escolar y el plan anual de trabajo en una institucion educativa de un distrito de,https://drive.google.com/file/d/1B1cJRmvG0r_mOCWOSwMyOXsPdk3D7P50/preview,https://drive.google.com/file/d/1B1cJRmvG0r_mOCWOSwMyOXsPdk3D7P50/view
1yHRyldv-DSu5o1a7KJWhCnWNS41fMxjP,Escobal Lujan - 2024 - Satisfaccion de la gestion escolar y participacion de padres de familia en una institucion.pdf,2444614,2026-08-31T19:41:14.404Z,https://drive.google.com/file/d/1yHRyldv-DSu5o1a7KJWhCnWNS41fMxjP/view?usp=drivesdk,escobal lujan - 2024 - satisfaccion de la gestion escolar y participacion de padres de familia en una institucion,https://drive.google.com/file/d/1yHRyldv-DSu5o1a7KJWhCnWNS41fMxjP/preview,https://drive.google.com/file/d/1yHRyldv-DSu5o1a7KJWhCnWNS41fMxjP/view
1HGeKlj-DzqLBretbtdVH5wwWiGV3YqVn,Pinto Tapia - 2024 - Impacto de la IA generativa en la gestion escolar en instituciones educativas publicas de.pdf,1716115,2026-08-31T19:41:11.396Z,https://drive.google.com/file/d/1HGeKlj-DzqLBretbtdVH5wwWiGV3YqVn/view?usp=drivesdk,pinto tapia - 2024 - impacto de la ia generativa en la gestion escolar en instituciones educativas publicas de,https://drive.google.com/file/d/1HGeKlj-DzqLBretbtdVH5wwWiGV3YqVn/preview,https://drive.google.com/file/d/1HGeKlj-DzqLBretbtdVH5wwWiGV3YqVn/view
19qYf5egiphBal5H2A7EAKcyvMLizekva,Quispe Morales - 2022 - Programa de segunda especialidad en gestion escolar y desarrollo del liderazgo pedagogico.pdf,240561,2026-08-31T19:41:09.423Z,https://drive.google.com/file/d/19qYf5egiphBal5H2A7EAKcyvMLizekva/view?usp=drivesdk,quispe morales - 2022 - programa de segunda especialidad en gestion escolar y desarrollo del liderazgo pedagogico,https://drive.google.com/file/d/19qYf5egiphBal5H2A7EAKcyvMLizekva/preview,https://drive.google.com/file/d/19qYf5egiphBal5H2A7EAKcyvMLizekva/view
1XkYhnhGaljD7aoXlkGwkeOfB9OA_F84I,Chacon Duenas - 2025 - Taller de liderazgo transformacional y su influencia en la gestion escolar en las instituc.pdf,1446806,2026-08-31T19:41:07.016Z,https://drive.google.com/file/d/1XkYhnhGaljD7aoXlkGwkeOfB9OA_F84I/view?usp=drivesdk,chacon duenas - 2025 - taller de liderazgo transformacional y su influencia en la gestion escolar en las instituc,https://drive.google.com/file/d/1XkYhnhGaljD7aoXlkGwkeOfB9OA_F84I/preview,https://drive.google.com/file/d/1XkYhnhGaljD7aoXlkGwkeOfB9OA_F84I/view
1TT1jqjkH9fWKSa8ZyoGL0xFbKBd_hEtt,Garcia Salas - 2025 - Practicas de gestion escolar y su impacto en la calidad educativa en una institucion educa.pdf,599885,2026-08-31T19:41:03.607Z,https://drive.google.com/file/d/1TT1jqjkH9fWKSa8ZyoGL0xFbKBd_hEtt/view?usp=drivesdk,garcia salas - 2025 - practicas de gestion escolar y su impacto en la calidad educativa en una institucion educa,https://drive.google.com/file/d/1TT1jqjkH9fWKSa8ZyoGL0xFbKBd_hEtt/preview,https://drive.google.com/file/d/1TT1jqjkH9fWKSa8ZyoGL0xFbKBd_hEtt/view
1iPS5Zogfno2_NkgTgRzPZvfbdGladeMj,Llacta Prudencio - 2023 - Gestion escolar y el cumplimiento de las funciones del Consejo Educativo Institucional en.pdf,1615579,2026-08-31T19:41:02.041Z,https://drive.google.com/file/d/1iPS5Zogfno2_NkgTgRzPZvfbdGladeMj/view?usp=drivesdk,llacta prudencio - 2023 - gestion escolar y el cumplimiento de las funciones del consejo educativo institucional en,https://drive.google.com/file/d/1iPS5Zogfno2_NkgTgRzPZvfbdGladeMj/preview,https://drive.google.com/file/d/1iPS5Zogfno2_NkgTgRzPZvfbdGladeMj/view
1QbMrf9m2mGyrLj-O-zMY26LbVo2iizab,Cardenas Sedano - 2025 - Planeamiento estrategico y gestion escolar en las instituciones educativas de educacion se.pdf,1664741,2026-08-31T19:41:00.050Z,https://drive.google.com/file/d/1QbMrf9m2mGyrLj-O-zMY26LbVo2iizab/view?usp=drivesdk,cardenas sedano - 2025 - planeamiento estrategico y gestion escolar en las instituciones educativas de educacion se,https://drive.google.com/file/d/1QbMrf9m2mGyrLj-O-zMY26LbVo2iizab/preview,https://drive.google.com/file/d/1QbMrf9m2mGyrLj-O-zMY26LbVo2iizab/view
1Z1SxWarQSAo3emwDlmaczfgDdwyCccli,Plasencia Mostacero - 2023 - Participacion de los padres de familia y gestion escolar en una institucion educativa de T.pdf,5096637,2026-08-31T19:40:57.954Z,https://drive.google.com/file/d/1Z1SxWarQSAo3emwDlmaczfgDdwyCccli/view?usp=drivesdk,plasencia mostacero - 2023 - participacion de los padres de familia y gestion escolar en una institucion educativa de t,https://drive.google.com/file/d/1Z1SxWarQSAo3emwDlmaczfgDdwyCccli/preview,https://drive.google.com/file/d/1Z1SxWarQSAo3emwDlmaczfgDdwyCccli/view
1Ql1Ph9aPuvUKebpqhY_UVZiRjDHLbeKd,Correa Perez - 2023 - Influencia del desempeno docente en la gestion escolar en una institucion educativa del ni.pdf,2106133,2026-08-31T19:40:55.602Z,https://drive.google.com/file/d/1Ql1Ph9aPuvUKebpqhY_UVZiRjDHLbeKd/view?usp=drivesdk,correa perez - 2023 - influencia del desempeno docente en la gestion escolar en una institucion educativa del ni,https://drive.google.com/file/d/1Ql1Ph9aPuvUKebpqhY_UVZiRjDHLbeKd/preview,https://drive.google.com/file/d/1Ql1Ph9aPuvUKebpqhY_UVZiRjDHLbeKd/view
196ArapGyltgrTJ2CYKx-OoAUr4n0IrIu,Florian Plasencia - 2024 - Factores organizacionales que influyen en la gestion escolar en Instituciones Educativas d.pdf,3189619,2026-08-31T19:40:53.525Z,https://drive.google.com/file/d/196ArapGyltgrTJ2CYKx-OoAUr4n0IrIu/view?usp=drivesdk,florian plasencia - 2024 - factores organizacionales que influyen en la gestion escolar en instituciones educativas d,https://drive.google.com/file/d/196ArapGyltgrTJ2CYKx-OoAUr4n0IrIu/preview,https://drive.google.com/file/d/196ArapGyltgrTJ2CYKx-OoAUr4n0IrIu/view
1dsoTMJamtd6r4IIgJup3JxuIOUz3uawr,Salazar Pizarro - 2024 - Liderazgo directivo y las habilidades sociales en la gestion escolar de una institucion ed.pdf,334236,2026-08-31T19:40:51.247Z,https://drive.google.com/file/d/1dsoTMJamtd6r4IIgJup3JxuIOUz3uawr/view?usp=drivesdk,salazar pizarro - 2024 - liderazgo directivo y las habilidades sociales en la gestion escolar de una institucion ed,https://drive.google.com/file/d/1dsoTMJamtd6r4IIgJup3JxuIOUz3uawr/preview,https://drive.google.com/file/d/1dsoTMJamtd6r4IIgJup3JxuIOUz3uawr/view
1HM-rOP-rRbuQCe19sUNof5j4Df-sF9s0,Mallqui Elguera - 2024 - Gestion escolar y compromiso docente en instituciones educativas de nivel inicial del dist.pdf,1978855,2026-08-31T19:40:45.753Z,https://drive.google.com/file/d/1HM-rOP-rRbuQCe19sUNof5j4Df-sF9s0/view?usp=drivesdk,mallqui elguera - 2024 - gestion escolar y compromiso docente en instituciones educativas de nivel inicial del dist,https://drive.google.com/file/d/1HM-rOP-rRbuQCe19sUNof5j4Df-sF9s0/preview,https://drive.google.com/file/d/1HM-rOP-rRbuQCe19sUNof5j4Df-sF9s0/view
1go8C94CzB5tNanAMD-yP4H_GUwVkDpAb,Alama Nizama - 2025 - Programa de involucramiento para padres de familia en la gestion escolar en una institucio.pdf,1284632,2026-08-31T19:40:44.133Z,https://drive.google.com/file/d/1go8C94CzB5tNanAMD-yP4H_GUwVkDpAb/view?usp=drivesdk,alama nizama - 2025 - programa de involucramiento para padres de familia en la gestion escolar en una institucio,https://drive.google.com/file/d/1go8C94CzB5tNanAMD-yP4H_GUwVkDpAb/preview,https://drive.google.com/file/d/1go8C94CzB5tNanAMD-yP4H_GUwVkDpAb/view
1p9d1VdgG5PZ2ahZHQFFlxdqAaFEtuTzU,"Davila Salazar - 2024 - Modelo de estrategias formativas de liderazgo, para la calidad en gestion escolar en una i.pdf",2998738,2026-08-31T19:40:42.029Z,https://drive.google.com/file/d/1p9d1VdgG5PZ2ahZHQFFlxdqAaFEtuTzU/view?usp=drivesdk,"davila salazar - 2024 - modelo de estrategias formativas de liderazgo, para la calidad en gestion escolar en una i",https://drive.google.com/file/d/1p9d1VdgG5PZ2ahZHQFFlxdqAaFEtuTzU/preview,https://drive.google.com/file/d/1p9d1VdgG5PZ2ahZHQFFlxdqAaFEtuTzU/view
1P0BS8FaizriAqB-7TUBiDg4Y2GIUe_qj,Marcatinco Mendoza - 2024 - Desempeno directivo y compromisos de gestion escolar en instituciones educativas del Valle.pdf,2477999,2026-08-31T19:40:38.241Z,https://drive.google.com/file/d/1P0BS8FaizriAqB-7TUBiDg4Y2GIUe_qj/view?usp=drivesdk,marcatinco mendoza - 2024 - desempeno directivo y compromisos de gestion escolar en instituciones educativas del valle,https://drive.google.com/file/d/1P0BS8FaizriAqB-7TUBiDg4Y2GIUe_qj/preview,https://drive.google.com/file/d/1P0BS8FaizriAqB-7TUBiDg4Y2GIUe_qj/view
1BZHX-47dSv-TDGnaJPoaI_AgrQM_VT2g,Ccori Uchucachi - 2025 - Etica profesional en la gestion escolar en docente de instituciones educativas publicas La.pdf,695584,2026-08-31T19:40:35.582Z,https://drive.google.com/file/d/1BZHX-47dSv-TDGnaJPoaI_AgrQM_VT2g/view?usp=drivesdk,ccori uchucachi - 2025 - etica profesional en la gestion escolar en docente de instituciones educativas publicas la,https://drive.google.com/file/d/1BZHX-47dSv-TDGnaJPoaI_AgrQM_VT2g/preview,https://drive.google.com/file/d/1BZHX-47dSv-TDGnaJPoaI_AgrQM_VT2g/view
11VPJuLFRRTdqL2Trq3g-1qAydyCjcxNp,Pereda Aranda - 2024 - Cultura del buen trato y gestion escolar en las instituciones educativas del distrito de P.pdf,815074,2026-08-31T19:40:33.668Z,https://drive.google.com/file/d/11VPJuLFRRTdqL2Trq3g-1qAydyCjcxNp/view?usp=drivesdk,pereda aranda - 2024 - cultura del buen trato y gestion escolar en las instituciones educativas del distrito de p,https://drive.google.com/file/d/11VPJuLFRRTdqL2Trq3g-1qAydyCjcxNp/preview,https://drive.google.com/file/d/11VPJuLFRRTdqL2Trq3g-1qAydyCjcxNp/view
1UsXQyTDyj2_MJqrb2sZIGZdbbbrSUgC9,Cieza Teran - 2024 - Gestion escolar en la atencion a estudiantes con altas capacidades en una institucion educ.pdf,423483,2026-08-31T19:40:31.975Z,https://drive.google.com/file/d/1UsXQyTDyj2_MJqrb2sZIGZdbbbrSUgC9/view?usp=drivesdk,cieza teran - 2024 - gestion escolar en la atencion a estudiantes con altas capacidades en una institucion educ,https://drive.google.com/file/d/1UsXQyTDyj2_MJqrb2sZIGZdbbbrSUgC9/preview,https://drive.google.com/file/d/1UsXQyTDyj2_MJqrb2sZIGZdbbbrSUgC9/view
1LJj5V8TZf2hWjoY3qICzJtMJCuSs7TLV,Ramirez Vargas - 2023 - Gestion escolar y atencion a la educacion inclusiva en la I.E. Mercedes Cabello de Carbone.pdf,3549857,2026-08-31T19:40:30.242Z,https://drive.google.com/file/d/1LJj5V8TZf2hWjoY3qICzJtMJCuSs7TLV/view?usp=drivesdk,ramirez vargas - 2023 - gestion escolar y atencion a la educacion inclusiva en la i.e. mercedes cabello de carbone,https://drive.google.com/file/d/1LJj5V8TZf2hWjoY3qICzJtMJCuSs7TLV/preview,https://drive.google.com/file/d/1LJj5V8TZf2hWjoY3qICzJtMJCuSs7TLV/view
1umJDsLQn0exKc76yasYxfr4bY1Wqpi3u,"Saire Alfaro - 2025 - Gestion escolar y calidad de servicio educativo en la Red N° 04, Mi Peru – Callao, 2022.pdf",2057294,2026-08-31T19:40:27.352Z,https://drive.google.com/file/d/1umJDsLQn0exKc76yasYxfr4bY1Wqpi3u/view?usp=drivesdk,"saire alfaro - 2025 - gestion escolar y calidad de servicio educativo en la red n° 04, mi peru – callao, 2022",https://drive.google.com/file/d/1umJDsLQn0exKc76yasYxfr4bY1Wqpi3u/preview,https://drive.google.com/file/d/1umJDsLQn0exKc76yasYxfr4bY1Wqpi3u/view
150AYzvGWKf3XIYsEcWQ8x__66ZpNje1N,Ramirez Perez - 2025 - Calidad educativa en la gestion escolar docente de tres instituciones educativas publicas.pdf,2107303,2026-08-31T19:40:25.228Z,https://drive.google.com/file/d/150AYzvGWKf3XIYsEcWQ8x__66ZpNje1N/view?usp=drivesdk,ramirez perez - 2025 - calidad educativa en la gestion escolar docente de tres instituciones educativas publicas,https://drive.google.com/file/d/150AYzvGWKf3XIYsEcWQ8x__66ZpNje1N/preview,https://drive.google.com/file/d/150AYzvGWKf3XIYsEcWQ8x__66ZpNje1N/view
1cQIYpMQexZIm8Pi692D4wUj6aLAT2STI,Arias Ramos - 2024 - Gestion escolar y compromiso organizacional visto por docentes en una institucion educativ.pdf,1002164,2026-08-31T19:40:22.547Z,https://drive.google.com/file/d/1cQIYpMQexZIm8Pi692D4wUj6aLAT2STI/view?usp=drivesdk,arias ramos - 2024 - gestion escolar y compromiso organizacional visto por docentes en una institucion educativ,https://drive.google.com/file/d/1cQIYpMQexZIm8Pi692D4wUj6aLAT2STI/preview,https://drive.google.com/file/d/1cQIYpMQexZIm8Pi692D4wUj6aLAT2STI/view
1UoZrf8PZMJa5mPl-MJoRel73GtpeNh2t,Arteaga Juarez - 2024 - Gestion escolar para fortalecer la cultura ambiental de una institucion educativa de secun.pdf,471334,2026-08-31T19:39:19.583Z,https://drive.google.com/file/d/1UoZrf8PZMJa5mPl-MJoRel73GtpeNh2t/view?usp=drivesdk,arteaga juarez - 2024 - gestion escolar para fortalecer la cultura ambiental de una institucion educativa de secun,https://drive.google.com/file/d/1UoZrf8PZMJa5mPl-MJoRel73GtpeNh2t/preview,https://drive.google.com/file/d/1UoZrf8PZMJa5mPl-MJoRel73GtpeNh2t/view
1WaiKMJ5cK0dA2KkmA5DOnbDa19NDHW9Q,"Mosqueira Chacon - 2025 - Gestion escolar y desempeno docente en una institucion educativa publica, San Juan de Mira.pdf",1159074,2026-08-31T19:39:17.781Z,https://drive.google.com/file/d/1WaiKMJ5cK0dA2KkmA5DOnbDa19NDHW9Q/view?usp=drivesdk,"mosqueira chacon - 2025 - gestion escolar y desempeno docente en una institucion educativa publica, san juan de mira",https://drive.google.com/file/d/1WaiKMJ5cK0dA2KkmA5DOnbDa19NDHW9Q/preview,https://drive.google.com/file/d/1WaiKMJ5cK0dA2KkmA5DOnbDa19NDHW9Q/view
1FLq3BLTjI2NX89EYqVLCK1SOpl_0kM8_,"Hurtado Martinez - 2024 - Gestion escolar en la calidad del servicio educativo en una institucion publica de Brena,.pdf",1915475,2026-08-31T19:39:15.915Z,https://drive.google.com/file/d/1FLq3BLTjI2NX89EYqVLCK1SOpl_0kM8_/view?usp=drivesdk,"hurtado martinez - 2024 - gestion escolar en la calidad del servicio educativo en una institucion publica de brena,",https://drive.google.com/file/d/1FLq3BLTjI2NX89EYqVLCK1SOpl_0kM8_/preview,https://drive.google.com/file/d/1FLq3BLTjI2NX89EYqVLCK1SOpl_0kM8_/view
1k5Qpfqt2NY9lqwyLXzRH0r0HbnHnPkMm,Cancino Huanca - 2024 - Gestion escolar en habilidades digitales en los docentes de las instituciones educativas b.pdf,681424,2026-08-31T19:39:13.790Z,https://drive.google.com/file/d/1k5Qpfqt2NY9lqwyLXzRH0r0HbnHnPkMm/view?usp=drivesdk,cancino huanca - 2024 - gestion escolar en habilidades digitales en los docentes de las instituciones educativas b,https://drive.google.com/file/d/1k5Qpfqt2NY9lqwyLXzRH0r0HbnHnPkMm/preview,https://drive.google.com/file/d/1k5Qpfqt2NY9lqwyLXzRH0r0HbnHnPkMm/view
1B9aOHXFTSqocpb4k_ugm8hA_RSmYQCkf,"Valencia Marquina - 2022 - Gestion escolar y calidad educativa de los docentes en la institucion educativa Salaverry,.pdf",1752405,2026-08-31T19:39:11.336Z,https://drive.google.com/file/d/1B9aOHXFTSqocpb4k_ugm8hA_RSmYQCkf/view?usp=drivesdk,"valencia marquina - 2022 - gestion escolar y calidad educativa de los docentes en la institucion educativa salaverry,",https://drive.google.com/file/d/1B9aOHXFTSqocpb4k_ugm8hA_RSmYQCkf/preview,https://drive.google.com/file/d/1B9aOHXFTSqocpb4k_ugm8hA_RSmYQCkf/view
1H14yo6yd40bDCFiKW5ritdmUoWJOLjuG,Pillaca Quispe - 2024 - Compromisos de gestion escolar y logros de aprendizaje en una institucion educativa privad.pdf,5920706,2026-08-31T19:39:07.868Z,https://drive.google.com/file/d/1H14yo6yd40bDCFiKW5ritdmUoWJOLjuG/view?usp=drivesdk,pillaca quispe - 2024 - compromisos de gestion escolar y logros de aprendizaje en una institucion educativa privad,https://drive.google.com/file/d/1H14yo6yd40bDCFiKW5ritdmUoWJOLjuG/preview,https://drive.google.com/file/d/1H14yo6yd40bDCFiKW5ritdmUoWJOLjuG/view
1F0mr_bNCy25mPtVxFg85Jq9GswTJK9Tv,"Reino de Lima - 2023 - Politicas publicas y gestion escolar estudiantes con discapacidad visual, dos escuelas en.pdf",1598536,2026-08-31T19:39:04.590Z,https://drive.google.com/file/d/1F0mr_bNCy25mPtVxFg85Jq9GswTJK9Tv/view?usp=drivesdk,"reino de lima - 2023 - politicas publicas y gestion escolar estudiantes con discapacidad visual, dos escuelas en",https://drive.google.com/file/d/1F0mr_bNCy25mPtVxFg85Jq9GswTJK9Tv/preview,https://drive.google.com/file/d/1F0mr_bNCy25mPtVxFg85Jq9GswTJK9Tv/view
1_jsMoUmWIitN9e4DlvqsYSxVpIOnAPIE,Flores Salazar - 2024 - Desempeno directivo y gestion escolar desde la percepcion docente en dos instituciones edu.pdf,2026975,2026-08-31T19:39:00.622Z,https://drive.google.com/file/d/1_jsMoUmWIitN9e4DlvqsYSxVpIOnAPIE/view?usp=drivesdk,flores salazar - 2024 - desempeno directivo y gestion escolar desde la percepcion docente en dos instituciones edu,https://drive.google.com/file/d/1_jsMoUmWIitN9e4DlvqsYSxVpIOnAPIE/preview,https://drive.google.com/file/d/1_jsMoUmWIitN9e4DlvqsYSxVpIOnAPIE/view
1AaNXGjy0kgKLPBtKBLZFJqU2ar4aXvVV,Rojas Rosas et al - 2025 - La gestion escolar para el mejoramiento de la calidad educativa en la escuela Emilio Carra.pdf,1139509,2026-08-31T19:38:58.360Z,https://drive.google.com/file/d/1AaNXGjy0kgKLPBtKBLZFJqU2ar4aXvVV/view?usp=drivesdk,rojas rosas et al - 2025 - la gestion escolar para el mejoramiento de la calidad educativa en la escuela emilio carra,https://drive.google.com/file/d/1AaNXGjy0kgKLPBtKBLZFJqU2ar4aXvVV/preview,https://drive.google.com/file/d/1AaNXGjy0kgKLPBtKBLZFJqU2ar4aXvVV/view
1z921pb8aGpSg_fLkfsYjcjbXT2x3oB4S,"Hoyos Rubio - 2024 - Modelo de gestion escolar para la practica pedagogica en docentes del nivel inicial, Morro.pdf",365584,2026-08-31T19:38:55.046Z,https://drive.google.com/file/d/1z921pb8aGpSg_fLkfsYjcjbXT2x3oB4S/view?usp=drivesdk,"hoyos rubio - 2024 - modelo de gestion escolar para la practica pedagogica en docentes del nivel inicial, morro",https://drive.google.com/file/d/1z921pb8aGpSg_fLkfsYjcjbXT2x3oB4S/preview,https://drive.google.com/file/d/1z921pb8aGpSg_fLkfsYjcjbXT2x3oB4S/view
1lxqQXoYICy0KZ2Mftgu-tCaCYaOaSrHV,"Arellano Melchor - 2024 - Gestion escolar y convivencia escolar en un colegio publico del distrito de Chosica, 2024.pdf",2102245,2026-08-31T19:38:52.890Z,https://drive.google.com/file/d/1lxqQXoYICy0KZ2Mftgu-tCaCYaOaSrHV/view?usp=drivesdk,"arellano melchor - 2024 - gestion escolar y convivencia escolar en un colegio publico del distrito de chosica, 2024",https://drive.google.com/file/d/1lxqQXoYICy0KZ2Mftgu-tCaCYaOaSrHV/preview,https://drive.google.com/file/d/1lxqQXoYICy0KZ2Mftgu-tCaCYaOaSrHV/view
1MNTPDXLAda7Sr__HaPedqVjLCcumBmkH,"Rios Garabito - 2023 - Liderazgo transformacional, clima organizacional y gestion escolar en una I.E publica de R.pdf",3205695,2026-08-31T19:37:18.765Z,https://drive.google.com/file/d/1MNTPDXLAda7Sr__HaPedqVjLCcumBmkH/view?usp=drivesdk,"rios garabito - 2023 - liderazgo transformacional, clima organizacional y gestion escolar en una i.e publica de r",https://drive.google.com/file/d/1MNTPDXLAda7Sr__HaPedqVjLCcumBmkH/preview,https://drive.google.com/file/d/1MNTPDXLAda7Sr__HaPedqVjLCcumBmkH/view
18F3jamHoVfTNoxJubWCP91Ddfw4HaDyy,Rojas Guadalupe - 2024 - Liderazgo directivo y compromisos de gestion escolar en una institucion educativa de Tarma.pdf,5684348,2026-08-31T19:37:16.285Z,https://drive.google.com/file/d/18F3jamHoVfTNoxJubWCP91Ddfw4HaDyy/view?usp=drivesdk,rojas guadalupe - 2024 - liderazgo directivo y compromisos de gestion escolar en una institucion educativa de tarma,https://drive.google.com/file/d/18F3jamHoVfTNoxJubWCP91Ddfw4HaDyy/preview,https://drive.google.com/file/d/18F3jamHoVfTNoxJubWCP91Ddfw4HaDyy/view
11j9jCgRrZeEEZvI9820lYwHGZuJ_96pX,"Hinojosa Chihuan - 2025 - Gestion escolar y competencias del docente en las IE, Urb. Previ - Callao Norte, 2024.pdf",2076576,2026-08-31T19:37:13.567Z,https://drive.google.com/file/d/11j9jCgRrZeEEZvI9820lYwHGZuJ_96pX/view?usp=drivesdk,"hinojosa chihuan - 2025 - gestion escolar y competencias del docente en las ie, urb. previ - callao norte, 2024",https://drive.google.com/file/d/11j9jCgRrZeEEZvI9820lYwHGZuJ_96pX/preview,https://drive.google.com/file/d/11j9jCgRrZeEEZvI9820lYwHGZuJ_96pX/view
1GqxFx-SYXPM4aMV56TaXHHZTzn5VIA5G,"Sac Alarcon - 2024 - La autonomia directiva y gestion escolar publica de una institucion educativa de Ayacucho,.pdf",1425443,2026-08-31T19:37:10.111Z,https://drive.google.com/file/d/1GqxFx-SYXPM4aMV56TaXHHZTzn5VIA5G/view?usp=drivesdk,"sac alarcon - 2024 - la autonomia directiva y gestion escolar publica de una institucion educativa de ayacucho,",https://drive.google.com/file/d/1GqxFx-SYXPM4aMV56TaXHHZTzn5VIA5G/preview,https://drive.google.com/file/d/1GqxFx-SYXPM4aMV56TaXHHZTzn5VIA5G/view
1mm3Mdq62Z2XOjryg0qLUvtUkaRjjfEKV,Chavarry Trujillo - 2025 - Gestion escolar percibida y satisfaccion estudiantil en una institucion educativa publica.pdf,988236,2026-08-31T19:37:08.094Z,https://drive.google.com/file/d/1mm3Mdq62Z2XOjryg0qLUvtUkaRjjfEKV/view?usp=drivesdk,chavarry trujillo - 2025 - gestion escolar percibida y satisfaccion estudiantil en una institucion educativa publica,https://drive.google.com/file/d/1mm3Mdq62Z2XOjryg0qLUvtUkaRjjfEKV/preview,https://drive.google.com/file/d/1mm3Mdq62Z2XOjryg0qLUvtUkaRjjfEKV/view
1Xhhl_eYk77Vj2NfBxdZfBdj295Xc3WAH,Flores Tineo - 2023 - Compromisos de gestion escolar y desempeno docente en una institucion educativa de Bagua G.pdf,2002903,2026-08-31T19:37:06.205Z,https://drive.google.com/file/d/1Xhhl_eYk77Vj2NfBxdZfBdj295Xc3WAH/view?usp=drivesdk,flores tineo - 2023 - compromisos de gestion escolar y desempeno docente en una institucion educativa de bagua g,https://drive.google.com/file/d/1Xhhl_eYk77Vj2NfBxdZfBdj295Xc3WAH/preview,https://drive.google.com/file/d/1Xhhl_eYk77Vj2NfBxdZfBdj295Xc3WAH/view
18wPDoXixCNgUZ6pObV-6_nEcr4_8KJRQ,"Pari Navarro - 2024 - Gestion escolar y desempeno docente en instituciones educativas de la UGEL 04 - Comas, 202.pdf",513238,2026-08-31T19:37:03.970Z,https://drive.google.com/file/d/18wPDoXixCNgUZ6pObV-6_nEcr4_8KJRQ/view?usp=drivesdk,"pari navarro - 2024 - gestion escolar y desempeno docente en instituciones educativas de la ugel 04 - comas, 202",https://drive.google.com/file/d/18wPDoXixCNgUZ6pObV-6_nEcr4_8KJRQ/preview,https://drive.google.com/file/d/18wPDoXixCNgUZ6pObV-6_nEcr4_8KJRQ/view
1MoJLqzcAPWtDWishddqW6OL9sDvhmPMs,"Facunda Mendoza - 2024 - Gestion escolar y educacion en valores en instituciones educativas publicas de Carabayllo,.pdf",1408500,2026-08-31T19:37:02.254Z,https://drive.google.com/file/d/1MoJLqzcAPWtDWishddqW6OL9sDvhmPMs/view?usp=drivesdk,"facunda mendoza - 2024 - gestion escolar y educacion en valores en instituciones educativas publicas de carabayllo,",https://drive.google.com/file/d/1MoJLqzcAPWtDWishddqW6OL9sDvhmPMs/preview,https://drive.google.com/file/d/1MoJLqzcAPWtDWishddqW6OL9sDvhmPMs/view
1QiO4MkA46tlAEqZaQ2gcEUDMaEYVsVct,"Bendezu Guevara - 2025 - Habilidades blandas y la gestion escolar en docentes de la region Ucayali, 2024.pdf",356085,2026-08-31T19:37:00.173Z,https://drive.google.com/file/d/1QiO4MkA46tlAEqZaQ2gcEUDMaEYVsVct/view?usp=drivesdk,"bendezu guevara - 2025 - habilidades blandas y la gestion escolar en docentes de la region ucayali, 2024",https://drive.google.com/file/d/1QiO4MkA46tlAEqZaQ2gcEUDMaEYVsVct/preview,https://drive.google.com/file/d/1QiO4MkA46tlAEqZaQ2gcEUDMaEYVsVct/view
1kRgu2Sp7jcHdpAs-riIIlJwO44Xj57x-,Reyes Zea - 2024 - Acompanamiento directivo en la gestion escolar a directores de Instituciones Educativas.pdf,360072,2026-08-31T19:36:57.834Z,https://drive.google.com/file/d/1kRgu2Sp7jcHdpAs-riIIlJwO44Xj57x-/view?usp=drivesdk,reyes zea - 2024 - acompanamiento directivo en la gestion escolar a directores de instituciones educativas,https://drive.google.com/file/d/1kRgu2Sp7jcHdpAs-riIIlJwO44Xj57x-/preview,https://drive.google.com/file/d/1kRgu2Sp7jcHdpAs-riIIlJwO44Xj57x-/view
1oBjrZ-hnvJ-WT2JjZf9jAtQSytx8DnUs,Cayatopa Mendoza - 2022 - Gestion escolar y clima organizacional en una institucion educativa publica de Jaen-Cajama.pdf,2380306,2026-08-31T19:36:56.000Z,https://drive.google.com/file/d/1oBjrZ-hnvJ-WT2JjZf9jAtQSytx8DnUs/view?usp=drivesdk,cayatopa mendoza - 2022 - gestion escolar y clima organizacional en una institucion educativa publica de jaen-cajama,https://drive.google.com/file/d/1oBjrZ-hnvJ-WT2JjZf9jAtQSytx8DnUs/preview,https://drive.google.com/file/d/1oBjrZ-hnvJ-WT2JjZf9jAtQSytx8DnUs/view
1BRhmp9TmmQ_AJVTWdASIBFMGGQ-Dc6dI,"Ovalle Saldarriaga - 2024 - Competencias directivas en la gestion escolar de la Red 20, Los Olivos, 2023.pdf",338879,2026-08-31T19:36:53.821Z,https://drive.google.com/file/d/1BRhmp9TmmQ_AJVTWdASIBFMGGQ-Dc6dI/view?usp=drivesdk,"ovalle saldarriaga - 2024 - competencias directivas en la gestion escolar de la red 20, los olivos, 2023",https://drive.google.com/file/d/1BRhmp9TmmQ_AJVTWdASIBFMGGQ-Dc6dI/preview,https://drive.google.com/file/d/1BRhmp9TmmQ_AJVTWdASIBFMGGQ-Dc6dI/view
1N-0T3vejFu5hdyhEsKyIYxR-oWBASPaY,Collantes Urbina - 2023 - Trabajo colegiado y gestion escolar en instituciones educativas publicas de Lima Metropoli.pdf,2451773,2026-08-31T19:36:52.002Z,https://drive.google.com/file/d/1N-0T3vejFu5hdyhEsKyIYxR-oWBASPaY/view?usp=drivesdk,collantes urbina - 2023 - trabajo colegiado y gestion escolar en instituciones educativas publicas de lima metropoli,https://drive.google.com/file/d/1N-0T3vejFu5hdyhEsKyIYxR-oWBASPaY/preview,https://drive.google.com/file/d/1N-0T3vejFu5hdyhEsKyIYxR-oWBASPaY/view
1CIABLwiPB5EeswevyUuQkplmJgNb_8m5,"Marquez Camacho - 2023 - Gestion escolar y marketing educativo de una institucion educativa secundaria, Abancay, Ap.pdf",3382784,2026-08-31T19:36:49.986Z,https://drive.google.com/file/d/1CIABLwiPB5EeswevyUuQkplmJgNb_8m5/view?usp=drivesdk,"marquez camacho - 2023 - gestion escolar y marketing educativo de una institucion educativa secundaria, abancay, ap",https://drive.google.com/file/d/1CIABLwiPB5EeswevyUuQkplmJgNb_8m5/preview,https://drive.google.com/file/d/1CIABLwiPB5EeswevyUuQkplmJgNb_8m5/view
1rpPq7GSIzutOwBj3nFIBAar2Y7xnqkp1,"Broncano Castillo - 2025 - Gestion escolar y liderazgo distribuido en docentes de instituciones educativas publicas,.pdf",2310535,2026-08-31T19:36:47.952Z,https://drive.google.com/file/d/1rpPq7GSIzutOwBj3nFIBAar2Y7xnqkp1/view?usp=drivesdk,"broncano castillo - 2025 - gestion escolar y liderazgo distribuido en docentes de instituciones educativas publicas,",https://drive.google.com/file/d/1rpPq7GSIzutOwBj3nFIBAar2Y7xnqkp1/preview,https://drive.google.com/file/d/1rpPq7GSIzutOwBj3nFIBAar2Y7xnqkp1/view
1vClVUmuMmugauYEsRyEoE-mDqVZVLWhX,Pairazaman Carlos - 2024 - Gestion escolar y compromiso organizacional en docentes de instituciones educativas public.pdf,2196949,2026-08-31T19:36:45.862Z,https://drive.google.com/file/d/1vClVUmuMmugauYEsRyEoE-mDqVZVLWhX/view?usp=drivesdk,pairazaman carlos - 2024 - gestion escolar y compromiso organizacional en docentes de instituciones educativas public,https://drive.google.com/file/d/1vClVUmuMmugauYEsRyEoE-mDqVZVLWhX/preview,https://drive.google.com/file/d/1vClVUmuMmugauYEsRyEoE-mDqVZVLWhX/view
1D6pYG4fpr3vLo7D6Z_fJw-BS8suhF_fX,"Soto Palomino - 2024 - Gestion escolar y desempeno docente en Instituciones Educativas Publicas, Lima - Santa Ani.pdf",4807680,2026-08-31T19:36:44.023Z,https://drive.google.com/file/d/1D6pYG4fpr3vLo7D6Z_fJw-BS8suhF_fX/view?usp=drivesdk,"soto palomino - 2024 - gestion escolar y desempeno docente en instituciones educativas publicas, lima - santa ani",https://drive.google.com/file/d/1D6pYG4fpr3vLo7D6Z_fJw-BS8suhF_fX/preview,https://drive.google.com/file/d/1D6pYG4fpr3vLo7D6Z_fJw-BS8suhF_fX/view
17SKEb6n0AD42VbxtuBr9D2mMUlcZtp9z,Torres - 2023 - Gestion escolar a prueba de turbilencias Orientaciones y desafios en el contexto educativo.pdf,849869,2026-08-31T19:36:40.740Z,https://drive.google.com/file/d/17SKEb6n0AD42VbxtuBr9D2mMUlcZtp9z/view?usp=drivesdk,torres - 2023 - gestion escolar a prueba de turbilencias orientaciones y desafios en el contexto educativo,https://drive.google.com/file/d/17SKEb6n0AD42VbxtuBr9D2mMUlcZtp9z/preview,https://drive.google.com/file/d/17SKEb6n0AD42VbxtuBr9D2mMUlcZtp9z/view
1yfKPWDi6wIgAyAgETf0g2jTFhdrrlT0C,"Achas Vargas - 2025 - Liderazgo directivo en la gestion escolar de una institucion educativa de Ayacucho, 2024.pdf",2479551,2026-08-31T19:36:36.829Z,https://drive.google.com/file/d/1yfKPWDi6wIgAyAgETf0g2jTFhdrrlT0C/view?usp=drivesdk,"achas vargas - 2025 - liderazgo directivo en la gestion escolar de una institucion educativa de ayacucho, 2024",https://drive.google.com/file/d/1yfKPWDi6wIgAyAgETf0g2jTFhdrrlT0C/preview,https://drive.google.com/file/d/1yfKPWDi6wIgAyAgETf0g2jTFhdrrlT0C/view
1BQ90JlDSAYZPtNrMX904jrU25sJaD7Ha,de Leon Lara Guerrero - 2025 - Percepcion docente sobre la gestion escolar de la Nueva Escuela Mexicana en Tamaulipas.pdf,284749,2026-08-31T19:36:34.287Z,https://drive.google.com/file/d/1BQ90JlDSAYZPtNrMX904jrU25sJaD7Ha/view?usp=drivesdk,de leon lara guerrero - 2025 - percepcion docente sobre la gestion escolar de la nueva escuela mexicana en tamaulipas,https://drive.google.com/file/d/1BQ90JlDSAYZPtNrMX904jrU25sJaD7Ha/preview,https://drive.google.com/file/d/1BQ90JlDSAYZPtNrMX904jrU25sJaD7Ha/view
15Wu6JS0tz7wifdZd8k-GjuAm5_Qcac1e,Sandoya - 2024 - Evaluacion de aprendizajes integrales una propuesta en el ambito de la gestion escolar.pdf,2364709,2026-08-31T19:36:31.240Z,https://drive.google.com/file/d/15Wu6JS0tz7wifdZd8k-GjuAm5_Qcac1e/view?usp=drivesdk,sandoya - 2024 - evaluacion de aprendizajes integrales una propuesta en el ambito de la gestion escolar,https://drive.google.com/file/d/15Wu6JS0tz7wifdZd8k-GjuAm5_Qcac1e/preview,https://drive.google.com/file/d/15Wu6JS0tz7wifdZd8k-GjuAm5_Qcac1e/view
1gyU2RixpfnyCBS6L5UVIeaT7eNuepNgv,"Rosales Zevallos - 2023 - Gestion escolar y convivencia escolar en una institucion educativa de Huarmey, 2023.pdf",5357845,2026-08-31T19:36:23.317Z,https://drive.google.com/file/d/1gyU2RixpfnyCBS6L5UVIeaT7eNuepNgv/view?usp=drivesdk,"rosales zevallos - 2023 - gestion escolar y convivencia escolar en una institucion educativa de huarmey, 2023",https://drive.google.com/file/d/1gyU2RixpfnyCBS6L5UVIeaT7eNuepNgv/preview,https://drive.google.com/file/d/1gyU2RixpfnyCBS6L5UVIeaT7eNuepNgv/view
1ICdmyqAiYl809GbUZDr2IOGYHAdWPqBD,"Herrera Castro - 2025 - Participacion parental y gestion escolar en una institucion educativa de Paita, 2025.pdf",618229,2026-08-31T19:36:19.973Z,https://drive.google.com/file/d/1ICdmyqAiYl809GbUZDr2IOGYHAdWPqBD/view?usp=drivesdk,"herrera castro - 2025 - participacion parental y gestion escolar en una institucion educativa de paita, 2025",https://drive.google.com/file/d/1ICdmyqAiYl809GbUZDr2IOGYHAdWPqBD/preview,https://drive.google.com/file/d/1ICdmyqAiYl809GbUZDr2IOGYHAdWPqBD/view
1s3jZL7OP6Jzh-6YOyGbmFwLDHwRWx8RI,"Villaverde Baca - 2024 - Gestion escolar y toma de decisiones en una institucion educativa Callao, 2023.pdf",2774022,2026-08-31T19:36:17.583Z,https://drive.google.com/file/d/1s3jZL7OP6Jzh-6YOyGbmFwLDHwRWx8RI/view?usp=drivesdk,"villaverde baca - 2024 - gestion escolar y toma de decisiones en una institucion educativa callao, 2023",https://drive.google.com/file/d/1s3jZL7OP6Jzh-6YOyGbmFwLDHwRWx8RI/preview,https://drive.google.com/file/d/1s3jZL7OP6Jzh-6YOyGbmFwLDHwRWx8RI/view
11BYYNuqe_w-VB1GHltVqqPrJVObQhds1,Arung Tongka et al - 2025 - Applying Artificial Intelligence Technology to Web-Based School Management System Administ.pdf,318186,2026-08-28T23:06:19.356Z,https://drive.google.com/file/d/11BYYNuqe_w-VB1GHltVqqPrJVObQhds1/view?usp=drivesdk,arung tongka et al - 2025 - applying artificial intelligence technology to web-based school management system administ,https://drive.google.com/file/d/11BYYNuqe_w-VB1GHltVqqPrJVObQhds1/preview,https://drive.google.com/file/d/11BYYNuqe_w-VB1GHltVqqPrJVObQhds1/view
1j7DpAM9Fd9jHDEaq70vm9uRRBVD-fvko,Vaca Montenegro et al - 2025 - El papel de la gestion institucional en el aseguramiento de la calidad en instituciones ed.pdf,336448,2026-08-28T23:06:11.832Z,https://drive.google.com/file/d/1j7DpAM9Fd9jHDEaq70vm9uRRBVD-fvko/view?usp=drivesdk,vaca montenegro et al - 2025 - el papel de la gestion institucional en el aseguramiento de la calidad en instituciones ed,https://drive.google.com/file/d/1j7DpAM9Fd9jHDEaq70vm9uRRBVD-fvko/preview,https://drive.google.com/file/d/1j7DpAM9Fd9jHDEaq70vm9uRRBVD-fvko/view
1VesUprtscp7M2XMaF9-1qiDgqkSfDrak,Espitia Lopez - 2026 - Tendencias teoricas de la planificacion administrativa en la gestion directiva de escuelas.pdf,830596,2026-08-28T23:05:38.889Z,https://drive.google.com/file/d/1VesUprtscp7M2XMaF9-1qiDgqkSfDrak/view?usp=drivesdk,espitia lopez - 2026 - tendencias teoricas de la planificacion administrativa en la gestion directiva de escuelas,https://drive.google.com/file/d/1VesUprtscp7M2XMaF9-1qiDgqkSfDrak/preview,https://drive.google.com/file/d/1VesUprtscp7M2XMaF9-1qiDgqkSfDrak/view
1qFsGd52pQJJrfD5lQiXyq0PjEsl6viVT,"Vargas Herrera Moya Marchant - 2025 - Estrategias, dificultades y facilitadores para el desarrollo espiritual de ninos y adolesc.pdf",125303,2026-08-28T23:05:37.049Z,https://drive.google.com/file/d/1qFsGd52pQJJrfD5lQiXyq0PjEsl6viVT/view?usp=drivesdk,"vargas herrera moya marchant - 2025 - estrategias, dificultades y facilitadores para el desarrollo espiritual de ninos y adolesc",https://drive.google.com/file/d/1qFsGd52pQJJrfD5lQiXyq0PjEsl6viVT/preview,https://drive.google.com/file/d/1qFsGd52pQJJrfD5lQiXyq0PjEsl6viVT/view
1UDxED-K6OX--lF5P_iH8GtSjeDzES9S-,Carrion Nunez - 2026 - Modelo de Liderazgo directivo para la calidad educativa en instituciones educativas rurale.pdf,1141034,2026-08-28T23:05:34.253Z,https://drive.google.com/file/d/1UDxED-K6OX--lF5P_iH8GtSjeDzES9S-/view?usp=drivesdk,carrion nunez - 2026 - modelo de liderazgo directivo para la calidad educativa en instituciones educativas rurale,https://drive.google.com/file/d/1UDxED-K6OX--lF5P_iH8GtSjeDzES9S-/preview,https://drive.google.com/file/d/1UDxED-K6OX--lF5P_iH8GtSjeDzES9S-/view
1IAMmpJdMX4atzAzx74CIXwBk3JNjqgxm,"Silvera Echegaray - 2024 - Gestion directiva y desarrollo profesional en docentes de educacion basica regular, Lima –.pdf",2976466,2026-08-28T23:05:32.388Z,https://drive.google.com/file/d/1IAMmpJdMX4atzAzx74CIXwBk3JNjqgxm/view?usp=drivesdk,"silvera echegaray - 2024 - gestion directiva y desarrollo profesional en docentes de educacion basica regular, lima –",https://drive.google.com/file/d/1IAMmpJdMX4atzAzx74CIXwBk3JNjqgxm/preview,https://drive.google.com/file/d/1IAMmpJdMX4atzAzx74CIXwBk3JNjqgxm/view
1nV0bl1e-ho9RJt3odVo7lE7CenmD6MpX,"Silvestre Teixeira et al - 2025 - Lideranca educativa, gestao escolar e qualidade da educacao como direito.pdf",371943,2026-08-28T23:05:30.032Z,https://drive.google.com/file/d/1nV0bl1e-ho9RJt3odVo7lE7CenmD6MpX/view?usp=drivesdk,"silvestre teixeira et al - 2025 - lideranca educativa, gestao escolar e qualidade da educacao como direito",https://drive.google.com/file/d/1nV0bl1e-ho9RJt3odVo7lE7CenmD6MpX/preview,https://drive.google.com/file/d/1nV0bl1e-ho9RJt3odVo7lE7CenmD6MpX/view
1grJArAYJEwKfTry_zdJ8IwXJsLKU56jw,E. Guzman silva Signe - 2024 - Competencias Transcomplejas en Gestores Escolares de los Centros Educativos Publicos del S.pdf,364889,2026-08-28T23:05:28.076Z,https://drive.google.com/file/d/1grJArAYJEwKfTry_zdJ8IwXJsLKU56jw/view?usp=drivesdk,e. guzman silva signe - 2024 - competencias transcomplejas en gestores escolares de los centros educativos publicos del s,https://drive.google.com/file/d/1grJArAYJEwKfTry_zdJ8IwXJsLKU56jw/preview,https://drive.google.com/file/d/1grJArAYJEwKfTry_zdJ8IwXJsLKU56jw/view
1V7mxV8YRxhy9TTPpfR1c381I-vE4CSlD,Palma Galvez et al - 2026 - Gestion administrativa educativa y su impacto en la calidad del proceso ensenanza-aprendiz.pdf,407844,2026-08-28T23:05:25.571Z,https://drive.google.com/file/d/1V7mxV8YRxhy9TTPpfR1c381I-vE4CSlD/view?usp=drivesdk,palma galvez et al - 2026 - gestion administrativa educativa y su impacto en la calidad del proceso ensenanza-aprendiz,https://drive.google.com/file/d/1V7mxV8YRxhy9TTPpfR1c381I-vE4CSlD/preview,https://drive.google.com/file/d/1V7mxV8YRxhy9TTPpfR1c381I-vE4CSlD/view
14z9Wds9XB7p0EzTvvoVzc0rn9D3Szc3v,Rosado Monroy et al - 2026 - Liderazgo distribuido y su incidencia en la gestion institucional en la Escuela de Educaci.pdf,354465,2026-08-28T23:05:23.860Z,https://drive.google.com/file/d/14z9Wds9XB7p0EzTvvoVzc0rn9D3Szc3v/view?usp=drivesdk,rosado monroy et al - 2026 - liderazgo distribuido y su incidencia en la gestion institucional en la escuela de educaci,https://drive.google.com/file/d/14z9Wds9XB7p0EzTvvoVzc0rn9D3Szc3v/preview,https://drive.google.com/file/d/14z9Wds9XB7p0EzTvvoVzc0rn9D3Szc3v/view
1jJfbstyTEf04zw_K_Ws1cuBIvNQX61_u,Iturrieta Serra Redon Pantoja - 2021 - Construccion y validacion de un cuestionario sobre la gestion de los directores en la educ.pdf,669030,2026-08-28T23:05:20.915Z,https://drive.google.com/file/d/1jJfbstyTEf04zw_K_Ws1cuBIvNQX61_u/view?usp=drivesdk,iturrieta serra redon pantoja - 2021 - construccion y validacion de un cuestionario sobre la gestion de los directores en la educ,https://drive.google.com/file/d/1jJfbstyTEf04zw_K_Ws1cuBIvNQX61_u/preview,https://drive.google.com/file/d/1jJfbstyTEf04zw_K_Ws1cuBIvNQX61_u/view
1jkfwSS9ZDg4j8wA4_kCrB-dmia9oLOgc,Samano Morales Amaya Parra - 2026 - El liderazgo en las instituciones educativas.pdf,542441,2026-08-28T23:05:15.486Z,https://drive.google.com/file/d/1jkfwSS9ZDg4j8wA4_kCrB-dmia9oLOgc/view?usp=drivesdk,samano morales amaya parra - 2026 - el liderazgo en las instituciones educativas,https://drive.google.com/file/d/1jkfwSS9ZDg4j8wA4_kCrB-dmia9oLOgc/preview,https://drive.google.com/file/d/1jkfwSS9ZDg4j8wA4_kCrB-dmia9oLOgc/view
1Fq-6xEZYBJIi5upFM5jG7bmwBMkn8TxO,Herrera Fernandez - 2025 - Del Programa Aprendizajes Clave a la Nueva Escuela Mexicana.pdf,805058,2026-08-28T23:05:12.531Z,https://drive.google.com/file/d/1Fq-6xEZYBJIi5upFM5jG7bmwBMkn8TxO/view?usp=drivesdk,herrera fernandez - 2025 - del programa aprendizajes clave a la nueva escuela mexicana,https://drive.google.com/file/d/1Fq-6xEZYBJIi5upFM5jG7bmwBMkn8TxO/preview,https://drive.google.com/file/d/1Fq-6xEZYBJIi5upFM5jG7bmwBMkn8TxO/view
1egcjzGbIU2XP3tbFs4egNUrD-1aukw95,Pajaro Morelo - 2025 - Direccionamiento estrategico en construccion de ciudadania Una apuesta desde la paz y la d.pdf,523253,2026-08-28T23:05:09.286Z,https://drive.google.com/file/d/1egcjzGbIU2XP3tbFs4egNUrD-1aukw95/view?usp=drivesdk,pajaro morelo - 2025 - direccionamiento estrategico en construccion de ciudadania una apuesta desde la paz y la d,https://drive.google.com/file/d/1egcjzGbIU2XP3tbFs4egNUrD-1aukw95/preview,https://drive.google.com/file/d/1egcjzGbIU2XP3tbFs4egNUrD-1aukw95/view
1DKsnQ8xhHnfKm_BuTTI1XELnC9OX5FEj,Khethiwe Dlamini et al - 2024 - Women’s educational leadership experiences career advancement in the Lubombo region of Esw.pdf,429686,2026-08-22T13:44:30.452Z,https://drive.google.com/file/d/1DKsnQ8xhHnfKm_BuTTI1XELnC9OX5FEj/view?usp=drivesdk,khethiwe dlamini et al - 2024 - women’s educational leadership experiences career advancement in the lubombo region of esw,https://drive.google.com/file/d/1DKsnQ8xhHnfKm_BuTTI1XELnC9OX5FEj/preview,https://drive.google.com/file/d/1DKsnQ8xhHnfKm_BuTTI1XELnC9OX5FEj/view
1PNDgcmIfZJa-6RZPLxTsvvvXCGh3YgFc,Mendoza Sierra et al - 2024 - Intervencion psicologica para mitigar el impacto en factores psicosociales que afecten en.pdf,356554,2026-08-22T13:44:25.725Z,https://drive.google.com/file/d/1PNDgcmIfZJa-6RZPLxTsvvvXCGh3YgFc/view?usp=drivesdk,mendoza sierra et al - 2024 - intervencion psicologica para mitigar el impacto en factores psicosociales que afecten en,https://drive.google.com/file/d/1PNDgcmIfZJa-6RZPLxTsvvvXCGh3YgFc/preview,https://drive.google.com/file/d/1PNDgcmIfZJa-6RZPLxTsvvvXCGh3YgFc/view
1dm3PbuOzs5zWoDVZ0qxRyRGnZennBfP4,"Martagon Vazquez et al - 2024 - Organizacion y gestion educativa desde la comunidad. Apertura, participacion y liderazgo c.pdf",669616,2026-08-22T13:43:50.475Z,https://drive.google.com/file/d/1dm3PbuOzs5zWoDVZ0qxRyRGnZennBfP4/view?usp=drivesdk,"martagon vazquez et al - 2024 - organizacion y gestion educativa desde la comunidad. apertura, participacion y liderazgo c",https://drive.google.com/file/d/1dm3PbuOzs5zWoDVZ0qxRyRGnZennBfP4/preview,https://drive.google.com/file/d/1dm3PbuOzs5zWoDVZ0qxRyRGnZennBfP4/view
1Yp6sa-rH_LzHf2-zv-XwSn2M5rV7iycM,Barrero Martinez - 2026 - La evaluacion formativa en el aula de clase un proceso vinculado al liderazgo del directiv.pdf,802078,2026-08-22T13:43:46.733Z,https://drive.google.com/file/d/1Yp6sa-rH_LzHf2-zv-XwSn2M5rV7iycM/view?usp=drivesdk,barrero martinez - 2026 - la evaluacion formativa en el aula de clase un proceso vinculado al liderazgo del directiv,https://drive.google.com/file/d/1Yp6sa-rH_LzHf2-zv-XwSn2M5rV7iycM/preview,https://drive.google.com/file/d/1Yp6sa-rH_LzHf2-zv-XwSn2M5rV7iycM/view
1CN0AfVtIsPOkkXGJ6fTGFrQUx5z6vlNA,Jexenia Casquete-Tamayo et al - 2023 - Transformando organizaciones a traves del liderazgo inclusivo.pdf,263279,2026-08-22T13:43:44.065Z,https://drive.google.com/file/d/1CN0AfVtIsPOkkXGJ6fTGFrQUx5z6vlNA/view?usp=drivesdk,jexenia casquete-tamayo et al - 2023 - transformando organizaciones a traves del liderazgo inclusivo,https://drive.google.com/file/d/1CN0AfVtIsPOkkXGJ6fTGFrQUx5z6vlNA/preview,https://drive.google.com/file/d/1CN0AfVtIsPOkkXGJ6fTGFrQUx5z6vlNA/view
1wXyNqbsNals_FJ-OKmOj9MNIJgQ0gCs4,Munoz-Perez - 2025 - Liderazgo pedagogico y gestion eficaz del aula.pdf,180971,2026-08-22T13:43:41.464Z,https://drive.google.com/file/d/1wXyNqbsNals_FJ-OKmOj9MNIJgQ0gCs4/view?usp=drivesdk,munoz-perez - 2025 - liderazgo pedagogico y gestion eficaz del aula,https://drive.google.com/file/d/1wXyNqbsNals_FJ-OKmOj9MNIJgQ0gCs4/preview,https://drive.google.com/file/d/1wXyNqbsNals_FJ-OKmOj9MNIJgQ0gCs4/view
1aRX-Cdj3mRRMi81JeGZ103xltBhGMF-I,Kok Ming - 2024 - Data-Driven Decision-Making in Educational Leadership A Systematic Literature Review (2019.pdf,668534,2026-08-19T14:19:13.554Z,https://drive.google.com/file/d/1aRX-Cdj3mRRMi81JeGZ103xltBhGMF-I/view?usp=drivesdk,kok ming - 2024 - data-driven decision-making in educational leadership a systematic literature review (2019,https://drive.google.com/file/d/1aRX-Cdj3mRRMi81JeGZ103xltBhGMF-I/preview,https://drive.google.com/file/d/1aRX-Cdj3mRRMi81JeGZ103xltBhGMF-I/view
1ne8IhuDpGMMDfYoIG-mGjIiHAUUO3SnN,Sahin - 2023 - Okul Yoneticilerinin Okul Gelistirmedeki Rollerine Iliskin Bir Calısma.pdf,877963,2026-08-19T14:19:11.654Z,https://drive.google.com/file/d/1ne8IhuDpGMMDfYoIG-mGjIiHAUUO3SnN/view?usp=drivesdk,sahin - 2023 - okul yoneticilerinin okul gelistirmedeki rollerine iliskin bir calısma,https://drive.google.com/file/d/1ne8IhuDpGMMDfYoIG-mGjIiHAUUO3SnN/preview,https://drive.google.com/file/d/1ne8IhuDpGMMDfYoIG-mGjIiHAUUO3SnN/view
1KbbbQO7Y95PZEZ__QZ9xqPpYXMCRZL3n,Celleri Mendoza Vera Loor - 2025 - Revision sistematica sobre estrategias para la ensenanza de lengua y literatura en la escu.pdf,512145,2026-08-19T14:19:08.988Z,https://drive.google.com/file/d/1KbbbQO7Y95PZEZ__QZ9xqPpYXMCRZL3n/view?usp=drivesdk,celleri mendoza vera loor - 2025 - revision sistematica sobre estrategias para la ensenanza de lengua y literatura en la escu,https://drive.google.com/file/d/1KbbbQO7Y95PZEZ__QZ9xqPpYXMCRZL3n/preview,https://drive.google.com/file/d/1KbbbQO7Y95PZEZ__QZ9xqPpYXMCRZL3n/view
1BAiY0sJY6P6iDsaBwqwWjWXq28rd6N6B,Condori Zela - 2024 - Liderazgo directivo y manejo de conflictos en directores de las instituciones educativas n.pdf,2270,2026-08-19T14:19:05.842Z,https://drive.google.com/file/d/1BAiY0sJY6P6iDsaBwqwWjWXq28rd6N6B/view?usp=drivesdk,condori zela - 2024 - liderazgo directivo y manejo de conflictos en directores de las instituciones educativas n,https://drive.google.com/file/d/1BAiY0sJY6P6iDsaBwqwWjWXq28rd6N6B/preview,https://drive.google.com/file/d/1BAiY0sJY6P6iDsaBwqwWjWXq28rd6N6B/view
1vk4LGkwxv3_s6nrSaNzBNfQHlNn2f7D3,Hoz Henriquez Galvan Vega - 2024 - Practica directiva para fomentar la relacion familia escuela.pdf,1218107,2026-08-19T14:19:04.598Z,https://drive.google.com/file/d/1vk4LGkwxv3_s6nrSaNzBNfQHlNn2f7D3/view?usp=drivesdk,hoz henriquez galvan vega - 2024 - practica directiva para fomentar la relacion familia escuela,https://drive.google.com/file/d/1vk4LGkwxv3_s6nrSaNzBNfQHlNn2f7D3/preview,https://drive.google.com/file/d/1vk4LGkwxv3_s6nrSaNzBNfQHlNn2f7D3/view
1PMFTB4E4n2Dj3S0cMJL3Cz3kEWAXj1ae,Rosabal Vitoria Cerdas Montano - 2025 - Liderazgo educativo desde la perspectiva de la complejidad.pdf,725012,2026-08-19T14:18:58.775Z,https://drive.google.com/file/d/1PMFTB4E4n2Dj3S0cMJL3Cz3kEWAXj1ae/view?usp=drivesdk,rosabal vitoria cerdas montano - 2025 - liderazgo educativo desde la perspectiva de la complejidad,https://drive.google.com/file/d/1PMFTB4E4n2Dj3S0cMJL3Cz3kEWAXj1ae/preview,https://drive.google.com/file/d/1PMFTB4E4n2Dj3S0cMJL3Cz3kEWAXj1ae/view
1GTC9iVC63U3SE896QvhlGeVSWbwc5kZ3,Rivas Morales - 2025 - Liderazgo directivo y el clima organizacional en docentes de una institucion educativa pub.pdf,2270,2026-08-19T14:18:55.574Z,https://drive.google.com/file/d/1GTC9iVC63U3SE896QvhlGeVSWbwc5kZ3/view?usp=drivesdk,rivas morales - 2025 - liderazgo directivo y el clima organizacional en docentes de una institucion educativa pub,https://drive.google.com/file/d/1GTC9iVC63U3SE896QvhlGeVSWbwc5kZ3/preview,https://drive.google.com/file/d/1GTC9iVC63U3SE896QvhlGeVSWbwc5kZ3/view
1xhO7Sx-3I75kxChgLna-5Ka8MTIh76oV,"Guerrero Gomez - 2025 - Proyecto de direccion para centro educativo de la localidad de Bosa, Bogota Colombia.pdf",308781,2026-08-19T14:17:54.369Z,https://drive.google.com/file/d/1xhO7Sx-3I75kxChgLna-5Ka8MTIh76oV/view?usp=drivesdk,"guerrero gomez - 2025 - proyecto de direccion para centro educativo de la localidad de bosa, bogota colombia",https://drive.google.com/file/d/1xhO7Sx-3I75kxChgLna-5Ka8MTIh76oV/preview,https://drive.google.com/file/d/1xhO7Sx-3I75kxChgLna-5Ka8MTIh76oV/view
1t496SEP1l82wNHNpFDCC6ta7QmDTRyiQ,Zevallos Soto - 2024 - Liderazgo pedagogico y evaluacion formativa en docentes de instituciones educativas public.pdf,2270,2026-08-19T14:17:51.970Z,https://drive.google.com/file/d/1t496SEP1l82wNHNpFDCC6ta7QmDTRyiQ/view?usp=drivesdk,zevallos soto - 2024 - liderazgo pedagogico y evaluacion formativa en docentes de instituciones educativas public,https://drive.google.com/file/d/1t496SEP1l82wNHNpFDCC6ta7QmDTRyiQ/preview,https://drive.google.com/file/d/1t496SEP1l82wNHNpFDCC6ta7QmDTRyiQ/view
1tTnPLI6eDCuFJrog1cGXwU36pN1xPJPp,"Chihuala Ponte - 2024 - Plan estrategico institucional y estilos de direccion en una institucion educativa Callao,.pdf",2270,2026-08-19T14:17:40.596Z,https://drive.google.com/file/d/1tTnPLI6eDCuFJrog1cGXwU36pN1xPJPp/view?usp=drivesdk,"chihuala ponte - 2024 - plan estrategico institucional y estilos de direccion en una institucion educativa callao,",https://drive.google.com/file/d/1tTnPLI6eDCuFJrog1cGXwU36pN1xPJPp/preview,https://drive.google.com/file/d/1tTnPLI6eDCuFJrog1cGXwU36pN1xPJPp/view
1RT2AzF8rM83iMb2xxJrPjJS72rDFrzX6,da Cruz et al - 2024 - NOVO ENSINO MEDIO E EDUCACAO INCLUSIVA GESTAO DA DIVERSIDADE COMO FERRAMENTA DE TRANSFORMA.pdf,118236,2026-08-19T14:17:39.174Z,https://drive.google.com/file/d/1RT2AzF8rM83iMb2xxJrPjJS72rDFrzX6/view?usp=drivesdk,da cruz et al - 2024 - novo ensino medio e educacao inclusiva gestao da diversidade como ferramenta de transforma,https://drive.google.com/file/d/1RT2AzF8rM83iMb2xxJrPjJS72rDFrzX6/preview,https://drive.google.com/file/d/1RT2AzF8rM83iMb2xxJrPjJS72rDFrzX6/view
1EgGJ4fLmnfyGH23w6-KlOjRCA8ImD4Ga,"Torres Soto et al - 2025 - Liderazgo, implicacion de la comunidad educativa y evaluacion elementos clave de la innova.pdf",611755,2026-08-19T14:17:37.078Z,https://drive.google.com/file/d/1EgGJ4fLmnfyGH23w6-KlOjRCA8ImD4Ga/view?usp=drivesdk,"torres soto et al - 2025 - liderazgo, implicacion de la comunidad educativa y evaluacion elementos clave de la innova",https://drive.google.com/file/d/1EgGJ4fLmnfyGH23w6-KlOjRCA8ImD4Ga/preview,https://drive.google.com/file/d/1EgGJ4fLmnfyGH23w6-KlOjRCA8ImD4Ga/view
1_JdrYibA-sslKktkjRWppbWcq0UrXggd,Llanto Bartolo - 2025 - Gestion directiva en la educacion inclusiva bajo la percepcion del docente en una instituc.pdf,2270,2026-08-19T14:17:34.272Z,https://drive.google.com/file/d/1_JdrYibA-sslKktkjRWppbWcq0UrXggd/view?usp=drivesdk,llanto bartolo - 2025 - gestion directiva en la educacion inclusiva bajo la percepcion del docente en una instituc,https://drive.google.com/file/d/1_JdrYibA-sslKktkjRWppbWcq0UrXggd/preview,https://drive.google.com/file/d/1_JdrYibA-sslKktkjRWppbWcq0UrXggd/view
16dFaoDe0AyOjkAD7HiBtzbj0oF5rj9nm,Garcia Rengifo Rojas Montero - 2024 - Calidad de prestacion y complacencia de directivos en la gerencia regional de educacion de.pdf,2487145,2026-08-19T14:17:32.853Z,https://drive.google.com/file/d/16dFaoDe0AyOjkAD7HiBtzbj0oF5rj9nm/view?usp=drivesdk,garcia rengifo rojas montero - 2024 - calidad de prestacion y complacencia de directivos en la gerencia regional de educacion de,https://drive.google.com/file/d/16dFaoDe0AyOjkAD7HiBtzbj0oF5rj9nm/preview,https://drive.google.com/file/d/16dFaoDe0AyOjkAD7HiBtzbj0oF5rj9nm/view
14IBmnqHlkAO7AI2U0mnwHjkrsIsiI3So,Navarrete Rojas - 2023 - El liderazgo del director y el desempeno de los docentes de la Institucion Educativa N° 21.pdf,942066,2026-08-19T14:16:54.865Z,https://drive.google.com/file/d/14IBmnqHlkAO7AI2U0mnwHjkrsIsiI3So/view?usp=drivesdk,navarrete rojas - 2023 - el liderazgo del director y el desempeno de los docentes de la institucion educativa n° 21,https://drive.google.com/file/d/14IBmnqHlkAO7AI2U0mnwHjkrsIsiI3So/preview,https://drive.google.com/file/d/14IBmnqHlkAO7AI2U0mnwHjkrsIsiI3So/view
1UV-X0JKiD5_bfJrIl9l2myu7dFe_EWob,Javier Murillo - 2025 - Liderazgo innovador para la inclusion.pdf,415422,2026-08-19T14:16:50.901Z,https://drive.google.com/file/d/1UV-X0JKiD5_bfJrIl9l2myu7dFe_EWob/view?usp=drivesdk,javier murillo - 2025 - liderazgo innovador para la inclusion,https://drive.google.com/file/d/1UV-X0JKiD5_bfJrIl9l2myu7dFe_EWob/preview,https://drive.google.com/file/d/1UV-X0JKiD5_bfJrIl9l2myu7dFe_EWob/view
1zoLcB-75iZ-eg1Bz7YVFNDdRlg1Wpqdx,Diaz-Hidalgo et al - 2026 - The role of the Physical Education teacher in school leadership challenges and competences.pdf,512193,2026-08-19T14:16:47.747Z,https://drive.google.com/file/d/1zoLcB-75iZ-eg1Bz7YVFNDdRlg1Wpqdx/view?usp=drivesdk,diaz-hidalgo et al - 2026 - the role of the physical education teacher in school leadership challenges and competences,https://drive.google.com/file/d/1zoLcB-75iZ-eg1Bz7YVFNDdRlg1Wpqdx/preview,https://drive.google.com/file/d/1zoLcB-75iZ-eg1Bz7YVFNDdRlg1Wpqdx/view
1EkdrTvKufdgCxB8oxL10JwQhKm2pSUIr,Cuadrado Losada - 2024 - Formacion continua y desarrollo profesional de equipos directivos escolares. Uruguay 2019.pdf,578994,2026-08-19T14:16:44.567Z,https://drive.google.com/file/d/1EkdrTvKufdgCxB8oxL10JwQhKm2pSUIr/view?usp=drivesdk,cuadrado losada - 2024 - formacion continua y desarrollo profesional de equipos directivos escolares. uruguay 2019,https://drive.google.com/file/d/1EkdrTvKufdgCxB8oxL10JwQhKm2pSUIr/preview,https://drive.google.com/file/d/1EkdrTvKufdgCxB8oxL10JwQhKm2pSUIr/view
1W9kRRbniQbSyC6Ki2Op85QofqfJgkwRK,Cancino Cancino et al - 2025 - Gestion de la mejora educativa escala para su evaluacion.pdf,1990168,2026-08-19T14:16:42.918Z,https://drive.google.com/file/d/1W9kRRbniQbSyC6Ki2Op85QofqfJgkwRK/view?usp=drivesdk,cancino cancino et al - 2025 - gestion de la mejora educativa escala para su evaluacion,https://drive.google.com/file/d/1W9kRRbniQbSyC6Ki2Op85QofqfJgkwRK/preview,https://drive.google.com/file/d/1W9kRRbniQbSyC6Ki2Op85QofqfJgkwRK/view
1Q0cYcUz0srOfGQY5ae7NVYyeyYNA6_dH,Diaz Pareja et al - 2025 - Estrategias de liderazgo inclusivo en los centros de Andalucia percepcion del profesorado.pdf,467125,2026-08-19T14:16:10.987Z,https://drive.google.com/file/d/1Q0cYcUz0srOfGQY5ae7NVYyeyYNA6_dH/view?usp=drivesdk,diaz pareja et al - 2025 - estrategias de liderazgo inclusivo en los centros de andalucia percepcion del profesorado,https://drive.google.com/file/d/1Q0cYcUz0srOfGQY5ae7NVYyeyYNA6_dH/preview,https://drive.google.com/file/d/1Q0cYcUz0srOfGQY5ae7NVYyeyYNA6_dH/view
1QP9Qq8p7TbmukdjVk6Ct3Ie2XYY3Tz82,Maureira Cabrera et al - 2024 - PATRONES DE LIDERAZGO DISTRIBUIDO EN CENTROS SECUNDARIOS DE FORMACION PROFESIONAL EN CHILE.pdf,408707,2026-08-19T14:16:00.755Z,https://drive.google.com/file/d/1QP9Qq8p7TbmukdjVk6Ct3Ie2XYY3Tz82/view?usp=drivesdk,maureira cabrera et al - 2024 - patrones de liderazgo distribuido en centros secundarios de formacion profesional en chile,https://drive.google.com/file/d/1QP9Qq8p7TbmukdjVk6Ct3Ie2XYY3Tz82/preview,https://drive.google.com/file/d/1QP9Qq8p7TbmukdjVk6Ct3Ie2XYY3Tz82/view
1pmyXqgS_GNySKFIpMcAbtPplAGLcLT5p,Cipriano Valerio - 2025 - Gestion directiva en la innovacion pedagogica de los docentes de una institucion educativa.pdf,2270,2026-08-19T14:15:42.807Z,https://drive.google.com/file/d/1pmyXqgS_GNySKFIpMcAbtPplAGLcLT5p/view?usp=drivesdk,cipriano valerio - 2025 - gestion directiva en la innovacion pedagogica de los docentes de una institucion educativa,https://drive.google.com/file/d/1pmyXqgS_GNySKFIpMcAbtPplAGLcLT5p/preview,https://drive.google.com/file/d/1pmyXqgS_GNySKFIpMcAbtPplAGLcLT5p/view
1jsqbZIn9-_mLFc0pimiaFhnLMIaWQivC,Mamani Mullisaca - 2024 - Liderazgo compartido en la gestion de la calidad educativa en una institucion educativa pu.pdf,2270,2026-08-19T14:15:41.601Z,https://drive.google.com/file/d/1jsqbZIn9-_mLFc0pimiaFhnLMIaWQivC/view?usp=drivesdk,mamani mullisaca - 2024 - liderazgo compartido en la gestion de la calidad educativa en una institucion educativa pu,https://drive.google.com/file/d/1jsqbZIn9-_mLFc0pimiaFhnLMIaWQivC/preview,https://drive.google.com/file/d/1jsqbZIn9-_mLFc0pimiaFhnLMIaWQivC/view
1eJa2mKidT_S-M1rq9hGSvcDWA3sUhuHP,Pardo Baldovi et al - 2025 - Teachers' work in the era of digital governance a qualitative study.pdf,421237,2026-08-19T14:15:40.350Z,https://drive.google.com/file/d/1eJa2mKidT_S-M1rq9hGSvcDWA3sUhuHP/view?usp=drivesdk,pardo baldovi et al - 2025 - teachers' work in the era of digital governance a qualitative study,https://drive.google.com/file/d/1eJa2mKidT_S-M1rq9hGSvcDWA3sUhuHP/preview,https://drive.google.com/file/d/1eJa2mKidT_S-M1rq9hGSvcDWA3sUhuHP/view
1sERu0PYduUjSVBuHsSic9licgthvUm52,Jara Hernandez et al - 2026 - La Educacion Artistica y Cultural como eje transversal en la evaluacion del pensamiento cr.pdf,398150,2026-08-19T14:15:38.075Z,https://drive.google.com/file/d/1sERu0PYduUjSVBuHsSic9licgthvUm52/view?usp=drivesdk,jara hernandez et al - 2026 - la educacion artistica y cultural como eje transversal en la evaluacion del pensamiento cr,https://drive.google.com/file/d/1sERu0PYduUjSVBuHsSic9licgthvUm52/preview,https://drive.google.com/file/d/1sERu0PYduUjSVBuHsSic9licgthvUm52/view
1ifgUTq3keXjhuMNryU6F5CGCBcngEDUW,Aguilar Agramonte - 2024 - Liderazgo directivo y desempeno docente en una institucion educativa estatal de Chao.pdf,2270,2026-08-19T14:15:35.326Z,https://drive.google.com/file/d/1ifgUTq3keXjhuMNryU6F5CGCBcngEDUW/view?usp=drivesdk,aguilar agramonte - 2024 - liderazgo directivo y desempeno docente en una institucion educativa estatal de chao,https://drive.google.com/file/d/1ifgUTq3keXjhuMNryU6F5CGCBcngEDUW/preview,https://drive.google.com/file/d/1ifgUTq3keXjhuMNryU6F5CGCBcngEDUW/view
1d6Kl_OoLFnxq1ef6Cd-dY2vqcrB1B-RJ,Suarez Perez - 2021 - ¿Como liderar una Institucion Educativa en tiempos de incertidumbre.pdf,878794,2026-08-19T14:15:32.070Z,https://drive.google.com/file/d/1d6Kl_OoLFnxq1ef6Cd-dY2vqcrB1B-RJ/view?usp=drivesdk,suarez perez - 2021 - ¿como liderar una institucion educativa en tiempos de incertidumbre,https://drive.google.com/file/d/1d6Kl_OoLFnxq1ef6Cd-dY2vqcrB1B-RJ/preview,https://drive.google.com/file/d/1d6Kl_OoLFnxq1ef6Cd-dY2vqcrB1B-RJ/view
1ss5KWydI4G23ZmpWITi9apBKdc-q3kfv,de Temuco et al - 2023 - Practicas de liderazgo pedagogico docente focalizado en el aprendizaje profundo del estudi.pdf,357232,2026-08-19T14:15:25.920Z,https://drive.google.com/file/d/1ss5KWydI4G23ZmpWITi9apBKdc-q3kfv/view?usp=drivesdk,de temuco et al - 2023 - practicas de liderazgo pedagogico docente focalizado en el aprendizaje profundo del estudi,https://drive.google.com/file/d/1ss5KWydI4G23ZmpWITi9apBKdc-q3kfv/preview,https://drive.google.com/file/d/1ss5KWydI4G23ZmpWITi9apBKdc-q3kfv/view
1gIIADIiWzofaemJxEtXS0atRcbEqLrqW,Jose Cardona-Morales et al - 2025 - Estudio sobre las practicas efectivas de liderazgo en el Instituto Las Americas del Distri.pdf,622624,2026-08-19T14:15:22.808Z,https://drive.google.com/file/d/1gIIADIiWzofaemJxEtXS0atRcbEqLrqW/view?usp=drivesdk,jose cardona-morales et al - 2025 - estudio sobre las practicas efectivas de liderazgo en el instituto las americas del distri,https://drive.google.com/file/d/1gIIADIiWzofaemJxEtXS0atRcbEqLrqW/preview,https://drive.google.com/file/d/1gIIADIiWzofaemJxEtXS0atRcbEqLrqW/view
1Bo9E9A7ZuaBJmKb720d0SzCrsgWva2uk,Barria Quiros - 2025 - Sistematizacion de procesos administrativos para la optimizacion de la calidad educativa e.pdf,542291,2026-08-19T14:15:20.373Z,https://drive.google.com/file/d/1Bo9E9A7ZuaBJmKb720d0SzCrsgWva2uk/view?usp=drivesdk,barria quiros - 2025 - sistematizacion de procesos administrativos para la optimizacion de la calidad educativa e,https://drive.google.com/file/d/1Bo9E9A7ZuaBJmKb720d0SzCrsgWva2uk/preview,https://drive.google.com/file/d/1Bo9E9A7ZuaBJmKb720d0SzCrsgWva2uk/view
1qR6qZ964_7SLgYKd3aBJB4f8fkmEiLhp,Guadalupe Gonzalez-Cardona et al - 2024 - GESTION EDUCATIVA EN CENTROS DE APOYO ESCOLAR PARA APRENDIZAJES DIFERENCIADOS ESTRATEGIAS.pdf,281727,2026-08-19T14:15:11.736Z,https://drive.google.com/file/d/1qR6qZ964_7SLgYKd3aBJB4f8fkmEiLhp/view?usp=drivesdk,guadalupe gonzalez-cardona et al - 2024 - gestion educativa en centros de apoyo escolar para aprendizajes diferenciados estrategias,https://drive.google.com/file/d/1qR6qZ964_7SLgYKd3aBJB4f8fkmEiLhp/preview,https://drive.google.com/file/d/1qR6qZ964_7SLgYKd3aBJB4f8fkmEiLhp/view
16hU60cmPJRF12ali9sD7JrGYOOBSHqfD,Morales Yanayaco - 2024 - Estrategia educativa de habilidades blandas para mejorar el liderazgo pedagogico en direct.pdf,2270,2026-08-19T14:15:09.190Z,https://drive.google.com/file/d/16hU60cmPJRF12ali9sD7JrGYOOBSHqfD/view?usp=drivesdk,morales yanayaco - 2024 - estrategia educativa de habilidades blandas para mejorar el liderazgo pedagogico en direct,https://drive.google.com/file/d/16hU60cmPJRF12ali9sD7JrGYOOBSHqfD/preview,https://drive.google.com/file/d/16hU60cmPJRF12ali9sD7JrGYOOBSHqfD/view
1PJwxlYOhW_cPvfm872IPxwvAiWSHeq2w,del Peru Rojas Hernandez - 2023 - Directores y estrategias relacionadas con las dimensiones de las comunidades profesionales.pdf,510054,2026-08-19T14:15:07.960Z,https://drive.google.com/file/d/1PJwxlYOhW_cPvfm872IPxwvAiWSHeq2w/view?usp=drivesdk,del peru rojas hernandez - 2023 - directores y estrategias relacionadas con las dimensiones de las comunidades profesionales,https://drive.google.com/file/d/1PJwxlYOhW_cPvfm872IPxwvAiWSHeq2w/preview,https://drive.google.com/file/d/1PJwxlYOhW_cPvfm872IPxwvAiWSHeq2w/view
1GG-flGJEdVhIG5nHwEiRdHG_kuhZS1Az,Hernandez Belmonte - 2026 - La autonomia curricular en la Nueva Escuela Mexicana una oportunidad para ejercer el lider.pdf,311137,2026-08-19T14:15:05.127Z,https://drive.google.com/file/d/1GG-flGJEdVhIG5nHwEiRdHG_kuhZS1Az/view?usp=drivesdk,hernandez belmonte - 2026 - la autonomia curricular en la nueva escuela mexicana una oportunidad para ejercer el lider,https://drive.google.com/file/d/1GG-flGJEdVhIG5nHwEiRdHG_kuhZS1Az/preview,https://drive.google.com/file/d/1GG-flGJEdVhIG5nHwEiRdHG_kuhZS1Az/view
1TPQ6wlN4pZ-L7ACT0W9eWc7VZAvnO1lJ,"Arnao Tavara - 2020 - Modelo de gestion del directivo de IIEE del ambito UGEL Chulucanas, en el contexto de la e.pdf",2270,2026-08-19T14:15:02.762Z,https://drive.google.com/file/d/1TPQ6wlN4pZ-L7ACT0W9eWc7VZAvnO1lJ/view?usp=drivesdk,"arnao tavara - 2020 - modelo de gestion del directivo de iiee del ambito ugel chulucanas, en el contexto de la e",https://drive.google.com/file/d/1TPQ6wlN4pZ-L7ACT0W9eWc7VZAvnO1lJ/preview,https://drive.google.com/file/d/1TPQ6wlN4pZ-L7ACT0W9eWc7VZAvnO1lJ/view
1qmmrko3oNsvobmyDl6RxS4Yz5DPsDPoi,Ramirez Garcia et al - 2025 - El Trabajo Colegiado en el Consejo Tecnico Escolar Opinion y Participacion de los Docentes.pdf,878357,2026-08-19T14:15:01.626Z,https://drive.google.com/file/d/1qmmrko3oNsvobmyDl6RxS4Yz5DPsDPoi/view?usp=drivesdk,ramirez garcia et al - 2025 - el trabajo colegiado en el consejo tecnico escolar opinion y participacion de los docentes,https://drive.google.com/file/d/1qmmrko3oNsvobmyDl6RxS4Yz5DPsDPoi/preview,https://drive.google.com/file/d/1qmmrko3oNsvobmyDl6RxS4Yz5DPsDPoi/view
1Bdd97ZTTIAeX3yolEyInOBFvHX3PwfSI,Martinez Ochoa et al - 2023 - LA INSPECCION ESCOLAR EN CUBA PARTICULARIDADES PARA SU DESARROLLO EN LAS CIENCIAS DE LA ED.pdf,178945,2026-08-19T14:14:59.515Z,https://drive.google.com/file/d/1Bdd97ZTTIAeX3yolEyInOBFvHX3PwfSI/view?usp=drivesdk,martinez ochoa et al - 2023 - la inspeccion escolar en cuba particularidades para su desarrollo en las ciencias de la ed,https://drive.google.com/file/d/1Bdd97ZTTIAeX3yolEyInOBFvHX3PwfSI/preview,https://drive.google.com/file/d/1Bdd97ZTTIAeX3yolEyInOBFvHX3PwfSI/view
1LU84-zoY_VeVoIr79pV7GmlhxQMFcHtr,Cabanillas Prado - 2025 - Plan de gestion administrativa para la participacion docente en una institucion educativa.pdf,2270,2026-08-19T14:14:56.929Z,https://drive.google.com/file/d/1LU84-zoY_VeVoIr79pV7GmlhxQMFcHtr/view?usp=drivesdk,cabanillas prado - 2025 - plan de gestion administrativa para la participacion docente en una institucion educativa,https://drive.google.com/file/d/1LU84-zoY_VeVoIr79pV7GmlhxQMFcHtr/preview,https://drive.google.com/file/d/1LU84-zoY_VeVoIr79pV7GmlhxQMFcHtr/view
1Kii0NM-Hg7o8KgIcacGcHoYlpB8O0WG_,Rubi Zamora-Rodriguez et al - 2026 - La importancia del clima organizacional en los docentes de educacion fisica en el nivel pr.pdf,402694,2026-08-19T14:14:54.822Z,https://drive.google.com/file/d/1Kii0NM-Hg7o8KgIcacGcHoYlpB8O0WG_/view?usp=drivesdk,rubi zamora-rodriguez et al - 2026 - la importancia del clima organizacional en los docentes de educacion fisica en el nivel pr,https://drive.google.com/file/d/1Kii0NM-Hg7o8KgIcacGcHoYlpB8O0WG_/preview,https://drive.google.com/file/d/1Kii0NM-Hg7o8KgIcacGcHoYlpB8O0WG_/view
1HCLnLybTbAFKde2BYguIZMcD8onuEGTh,Ballesteros Garcia et al - 2023 - Incidencia del estilo de liderazgo de los directivos Docentes en la prueba SABER en Colomb.pdf,479484,2026-08-19T14:14:53.000Z,https://drive.google.com/file/d/1HCLnLybTbAFKde2BYguIZMcD8onuEGTh/view?usp=drivesdk,ballesteros garcia et al - 2023 - incidencia del estilo de liderazgo de los directivos docentes en la prueba saber en colomb,https://drive.google.com/file/d/1HCLnLybTbAFKde2BYguIZMcD8onuEGTh/preview,https://drive.google.com/file/d/1HCLnLybTbAFKde2BYguIZMcD8onuEGTh/view
11XnwOAHzuxFAXmGKKnPpVK3RdCHt-0EK,Vargas Velandia Camus - 2025 - Redes conceptuales y gestion estrategica para la permanencia escolar. Un acercamiento desd.pdf,1394274,2026-08-19T14:14:20.411Z,https://drive.google.com/file/d/11XnwOAHzuxFAXmGKKnPpVK3RdCHt-0EK/view?usp=drivesdk,vargas velandia camus - 2025 - redes conceptuales y gestion estrategica para la permanencia escolar. un acercamiento desd,https://drive.google.com/file/d/11XnwOAHzuxFAXmGKKnPpVK3RdCHt-0EK/preview,https://drive.google.com/file/d/11XnwOAHzuxFAXmGKKnPpVK3RdCHt-0EK/view
1WIftT32hFekdJmhayxBCYzRHpg9p-3D4,Serna Cruz - 2024 - Liderazgo transformacional y su influencia en procesos de gestion pedagogica en la institu.pdf,2270,2026-08-19T14:14:11.307Z,https://drive.google.com/file/d/1WIftT32hFekdJmhayxBCYzRHpg9p-3D4/view?usp=drivesdk,serna cruz - 2024 - liderazgo transformacional y su influencia en procesos de gestion pedagogica en la institu,https://drive.google.com/file/d/1WIftT32hFekdJmhayxBCYzRHpg9p-3D4/preview,https://drive.google.com/file/d/1WIftT32hFekdJmhayxBCYzRHpg9p-3D4/view
1swoo9Tsu_Gl6i-B0OTQ0rP-U2Kf2_Gly,Carrasco Sanchez - 2025 - Gestion directiva en la participacion parental de los padres de familia de una institucion.pdf,2270,2026-08-19T14:14:09.235Z,https://drive.google.com/file/d/1swoo9Tsu_Gl6i-B0OTQ0rP-U2Kf2_Gly/view?usp=drivesdk,carrasco sanchez - 2025 - gestion directiva en la participacion parental de los padres de familia de una institucion,https://drive.google.com/file/d/1swoo9Tsu_Gl6i-B0OTQ0rP-U2Kf2_Gly/preview,https://drive.google.com/file/d/1swoo9Tsu_Gl6i-B0OTQ0rP-U2Kf2_Gly/view
1iC8PxbTE06iEwyx1LPJTViMZrFe3nYRg,Cruz Garcia - 2023 - Fortalecimiento del modelo de direccion y gestion participativa en 11 establecimientos edu.pdf,2058891,2026-08-19T14:14:08.073Z,https://drive.google.com/file/d/1iC8PxbTE06iEwyx1LPJTViMZrFe3nYRg/view?usp=drivesdk,cruz garcia - 2023 - fortalecimiento del modelo de direccion y gestion participativa en 11 establecimientos edu,https://drive.google.com/file/d/1iC8PxbTE06iEwyx1LPJTViMZrFe3nYRg/preview,https://drive.google.com/file/d/1iC8PxbTE06iEwyx1LPJTViMZrFe3nYRg/view
1ziyVghEeytVfwPLRPzK3izUvGripq-E4,Manzano Diaz - 2026 - Estilo de liderazgo del director educativo y su implicacion en el proceso educativo en una.pdf,438297,2026-08-19T14:14:05.856Z,https://drive.google.com/file/d/1ziyVghEeytVfwPLRPzK3izUvGripq-E4/view?usp=drivesdk,manzano diaz - 2026 - estilo de liderazgo del director educativo y su implicacion en el proceso educativo en una,https://drive.google.com/file/d/1ziyVghEeytVfwPLRPzK3izUvGripq-E4/preview,https://drive.google.com/file/d/1ziyVghEeytVfwPLRPzK3izUvGripq-E4/view
1ixS_PqwvbX67NNtD1rAbtH9yrNF7del7,"Barrientos Guzman et al - 2025 - Factores individuales, estructurales, organizacionales y culturales asociados a la satisfa.pdf",305817,2026-08-19T14:14:03.569Z,https://drive.google.com/file/d/1ixS_PqwvbX67NNtD1rAbtH9yrNF7del7/view?usp=drivesdk,"barrientos guzman et al - 2025 - factores individuales, estructurales, organizacionales y culturales asociados a la satisfa",https://drive.google.com/file/d/1ixS_PqwvbX67NNtD1rAbtH9yrNF7del7/preview,https://drive.google.com/file/d/1ixS_PqwvbX67NNtD1rAbtH9yrNF7del7/view
1TWgiMtA-K3ycCoD7dN1yVs7KJtYgX_Ps,Astucuri-Quispe - 2025 - Gestion directiva y trabajo colaborativo de docentes de una unidad de gestion educativa lo.pdf,338292,2026-08-19T14:14:01.829Z,https://drive.google.com/file/d/1TWgiMtA-K3ycCoD7dN1yVs7KJtYgX_Ps/view?usp=drivesdk,astucuri-quispe - 2025 - gestion directiva y trabajo colaborativo de docentes de una unidad de gestion educativa lo,https://drive.google.com/file/d/1TWgiMtA-K3ycCoD7dN1yVs7KJtYgX_Ps/preview,https://drive.google.com/file/d/1TWgiMtA-K3ycCoD7dN1yVs7KJtYgX_Ps/view
1Rm3HTPDmeM5obHQgva2VfuSiKISiCi2h,Cardoza Garcia - 2024 - Liderazgo directivo y engagement de los docentes de una institucion educativa publica de P.pdf,2270,2026-08-19T14:13:29.796Z,https://drive.google.com/file/d/1Rm3HTPDmeM5obHQgva2VfuSiKISiCi2h/view?usp=drivesdk,cardoza garcia - 2024 - liderazgo directivo y engagement de los docentes de una institucion educativa publica de p,https://drive.google.com/file/d/1Rm3HTPDmeM5obHQgva2VfuSiKISiCi2h/preview,https://drive.google.com/file/d/1Rm3HTPDmeM5obHQgva2VfuSiKISiCi2h/view
1r71_ypiFvruRD48z_HEzyUVH96ytsPu8,"Gracia Gonzalez et al - 2026 - Competencias administrativas del director de escuela, un modelo de mejora continua en Pana.pdf",474450,2026-08-19T14:13:28.434Z,https://drive.google.com/file/d/1r71_ypiFvruRD48z_HEzyUVH96ytsPu8/view?usp=drivesdk,"gracia gonzalez et al - 2026 - competencias administrativas del director de escuela, un modelo de mejora continua en pana",https://drive.google.com/file/d/1r71_ypiFvruRD48z_HEzyUVH96ytsPu8/preview,https://drive.google.com/file/d/1r71_ypiFvruRD48z_HEzyUVH96ytsPu8/view
1slAktXX5tlmFqWy1etxl9tVKDTxozk1C,"Nogueras - 2022 - La mirada sistemica de la educacion. una perspectiva que integra gerencia, pedagogia, valo.pdf",160522,2026-08-19T14:13:25.823Z,https://drive.google.com/file/d/1slAktXX5tlmFqWy1etxl9tVKDTxozk1C/view?usp=drivesdk,"nogueras - 2022 - la mirada sistemica de la educacion. una perspectiva que integra gerencia, pedagogia, valo",https://drive.google.com/file/d/1slAktXX5tlmFqWy1etxl9tVKDTxozk1C/preview,https://drive.google.com/file/d/1slAktXX5tlmFqWy1etxl9tVKDTxozk1C/view
1Ee14hEKUnI81JAk0bFljU9_KB-N5Vf5z,Mauricio Mosquera - 2024 - Propuesta de liderazgo ignaciano para laicos de los centros jesuitas de educacion de Colom.pdf,325679,2026-08-19T14:12:54.185Z,https://drive.google.com/file/d/1Ee14hEKUnI81JAk0bFljU9_KB-N5Vf5z/view?usp=drivesdk,mauricio mosquera - 2024 - propuesta de liderazgo ignaciano para laicos de los centros jesuitas de educacion de colom,https://drive.google.com/file/d/1Ee14hEKUnI81JAk0bFljU9_KB-N5Vf5z/preview,https://drive.google.com/file/d/1Ee14hEKUnI81JAk0bFljU9_KB-N5Vf5z/view
1mZCkRtrFo3IVl0DZWIdkqepByPSbpNiS,Pedraza Ortiz Quecan Garcia - 2025 - Aprendizajes y sus usos de la formacion posgradual en la Maestria en Direccion y Gestion d.pdf,1198616,2026-08-19T14:12:46.759Z,https://drive.google.com/file/d/1mZCkRtrFo3IVl0DZWIdkqepByPSbpNiS/view?usp=drivesdk,pedraza ortiz quecan garcia - 2025 - aprendizajes y sus usos de la formacion posgradual en la maestria en direccion y gestion d,https://drive.google.com/file/d/1mZCkRtrFo3IVl0DZWIdkqepByPSbpNiS/preview,https://drive.google.com/file/d/1mZCkRtrFo3IVl0DZWIdkqepByPSbpNiS/view
1Jnmwsz222FoRPY23nMWUqK8CnV3hAcXI,Castaneda Bocanegra - 2023 - Liderazgo etico directivo y el aprendizaje significativo de los estudiantes en una institu.pdf,2270,2026-08-19T14:12:14.465Z,https://drive.google.com/file/d/1Jnmwsz222FoRPY23nMWUqK8CnV3hAcXI/view?usp=drivesdk,castaneda bocanegra - 2023 - liderazgo etico directivo y el aprendizaje significativo de los estudiantes en una institu,https://drive.google.com/file/d/1Jnmwsz222FoRPY23nMWUqK8CnV3hAcXI/preview,https://drive.google.com/file/d/1Jnmwsz222FoRPY23nMWUqK8CnV3hAcXI/view
1rLebQNaAR0_V3udhbwZOdAeEo15a-Nsj,Sanchez Macias - 2025 - INNOVACION PEDAGOGICA EN ACCION CONVERGENCIAS Y TENSIONES ENTRE EL LIDERAZGO DIRECTIVO Y L.pdf,453094,2026-08-19T14:12:13.262Z,https://drive.google.com/file/d/1rLebQNaAR0_V3udhbwZOdAeEo15a-Nsj/view?usp=drivesdk,sanchez macias - 2025 - innovacion pedagogica en accion convergencias y tensiones entre el liderazgo directivo y l,https://drive.google.com/file/d/1rLebQNaAR0_V3udhbwZOdAeEo15a-Nsj/preview,https://drive.google.com/file/d/1rLebQNaAR0_V3udhbwZOdAeEo15a-Nsj/view
11kxr_HwqIr-ZAJpK6dUJl603YC-n1gnH,Escavy Escavy - 2025 - DIRECMUR una ventana a la innovacion.pdf,372866,2026-08-19T14:11:39.908Z,https://drive.google.com/file/d/11kxr_HwqIr-ZAJpK6dUJl603YC-n1gnH/view?usp=drivesdk,escavy escavy - 2025 - direcmur una ventana a la innovacion,https://drive.google.com/file/d/11kxr_HwqIr-ZAJpK6dUJl603YC-n1gnH/preview,https://drive.google.com/file/d/11kxr_HwqIr-ZAJpK6dUJl603YC-n1gnH/view
1TvunWCBAplrJAgzhfLD3xhKcGvCOY48U,"S. Lusquinos - 2025 - Liderazgo escolar. Evolucion conceptual, supuestos y vacancias.pdf",752994,2026-08-19T14:10:35.285Z,https://drive.google.com/file/d/1TvunWCBAplrJAgzhfLD3xhKcGvCOY48U/view?usp=drivesdk,"s. lusquinos - 2025 - liderazgo escolar. evolucion conceptual, supuestos y vacancias",https://drive.google.com/file/d/1TvunWCBAplrJAgzhfLD3xhKcGvCOY48U/preview,https://drive.google.com/file/d/1TvunWCBAplrJAgzhfLD3xhKcGvCOY48U/view
1nApuemqUy3SzEiw9n1TyO-diGAEksS2e,Sotelo-Martin - 2025 - Liderazgo educativo en Espana y Finlandia un analisis comparado funcionalista.pdf,303507,2026-08-19T14:10:32.662Z,https://drive.google.com/file/d/1nApuemqUy3SzEiw9n1TyO-diGAEksS2e/view?usp=drivesdk,sotelo-martin - 2025 - liderazgo educativo en espana y finlandia un analisis comparado funcionalista,https://drive.google.com/file/d/1nApuemqUy3SzEiw9n1TyO-diGAEksS2e/preview,https://drive.google.com/file/d/1nApuemqUy3SzEiw9n1TyO-diGAEksS2e/view
1SamtgRuFQccT6e3o8xpLjtz7_t2LnqeL,Hernandez Martinez et al - 2021 - Resignificacion de la gestion directiva del Centro Educativo Cristo el Rey de la ciudad de.pdf,704915,2026-08-19T14:09:29.722Z,https://drive.google.com/file/d/1SamtgRuFQccT6e3o8xpLjtz7_t2LnqeL/view?usp=drivesdk,hernandez martinez et al - 2021 - resignificacion de la gestion directiva del centro educativo cristo el rey de la ciudad de,https://drive.google.com/file/d/1SamtgRuFQccT6e3o8xpLjtz7_t2LnqeL/preview,https://drive.google.com/file/d/1SamtgRuFQccT6e3o8xpLjtz7_t2LnqeL/view
1Z63qttVxzvQxyvUKuHC_kVpxa4BHHlaX,Bolivar Botia - 2025 - Liderazgo pedagogico ampliado y desarrollo profesional docente.pdf,338749,2026-08-19T14:09:25.488Z,https://drive.google.com/file/d/1Z63qttVxzvQxyvUKuHC_kVpxa4BHHlaX/view?usp=drivesdk,bolivar botia - 2025 - liderazgo pedagogico ampliado y desarrollo profesional docente,https://drive.google.com/file/d/1Z63qttVxzvQxyvUKuHC_kVpxa4BHHlaX/preview,https://drive.google.com/file/d/1Z63qttVxzvQxyvUKuHC_kVpxa4BHHlaX/view
1esdqMfmnGWxUgsOmDx7cIKZU9ZPrwIlk,Beiza Gonzalez Figueroa - 2024 - Praxis de gestion del liderazgo del equipo directivo para implementar el trabajo colaborat.pdf,2664482,2026-08-19T14:09:22.978Z,https://drive.google.com/file/d/1esdqMfmnGWxUgsOmDx7cIKZU9ZPrwIlk/view?usp=drivesdk,beiza gonzalez figueroa - 2024 - praxis de gestion del liderazgo del equipo directivo para implementar el trabajo colaborat,https://drive.google.com/file/d/1esdqMfmnGWxUgsOmDx7cIKZU9ZPrwIlk/preview,https://drive.google.com/file/d/1esdqMfmnGWxUgsOmDx7cIKZU9ZPrwIlk/view
1eysDRBwRVPUaxiMR9FZsKnEtaTV35XY0,Mamani Condori - 2024 - Direccion estrategica y desempeno docente en una institucion educativa del distrito de Jul.pdf,2270,2026-08-19T14:09:19.418Z,https://drive.google.com/file/d/1eysDRBwRVPUaxiMR9FZsKnEtaTV35XY0/view?usp=drivesdk,mamani condori - 2024 - direccion estrategica y desempeno docente en una institucion educativa del distrito de jul,https://drive.google.com/file/d/1eysDRBwRVPUaxiMR9FZsKnEtaTV35XY0/preview,https://drive.google.com/file/d/1eysDRBwRVPUaxiMR9FZsKnEtaTV35XY0/view
1aYhPkK7MWOUITBS7KEcAQC4mJb9AD5lW,Cedeno Alava et al - 2026 - Liderazgo pedagogico directivo e innovacion educativa en la Unidad Educativa Otto Arosemen.pdf,591621,2026-08-19T14:09:17.832Z,https://drive.google.com/file/d/1aYhPkK7MWOUITBS7KEcAQC4mJb9AD5lW/view?usp=drivesdk,cedeno alava et al - 2026 - liderazgo pedagogico directivo e innovacion educativa en la unidad educativa otto arosemen,https://drive.google.com/file/d/1aYhPkK7MWOUITBS7KEcAQC4mJb9AD5lW/preview,https://drive.google.com/file/d/1aYhPkK7MWOUITBS7KEcAQC4mJb9AD5lW/view
1Sfvjf95hOeIYK6C8lVRE-mPCH5o4qU9k,"Carrillo Marcelo - 2024 - Liderazgo pedagogico y desempeno docente en los colegios del sector 21 de abril, Chimbote.pdf",2270,2026-08-19T14:09:13.491Z,https://drive.google.com/file/d/1Sfvjf95hOeIYK6C8lVRE-mPCH5o4qU9k/view?usp=drivesdk,"carrillo marcelo - 2024 - liderazgo pedagogico y desempeno docente en los colegios del sector 21 de abril, chimbote",https://drive.google.com/file/d/1Sfvjf95hOeIYK6C8lVRE-mPCH5o4qU9k/preview,https://drive.google.com/file/d/1Sfvjf95hOeIYK6C8lVRE-mPCH5o4qU9k/view
1r9XfInefrQe_QOd8NoRm9lNqyclGmZqV,Ramirez-Ramos et al - 2025 - Liderazgo etico en las comunidades de aprendizaje y la formacion inicial docente.pdf,319648,2026-08-19T14:08:11.805Z,https://drive.google.com/file/d/1r9XfInefrQe_QOd8NoRm9lNqyclGmZqV/view?usp=drivesdk,ramirez-ramos et al - 2025 - liderazgo etico en las comunidades de aprendizaje y la formacion inicial docente,https://drive.google.com/file/d/1r9XfInefrQe_QOd8NoRm9lNqyclGmZqV/preview,https://drive.google.com/file/d/1r9XfInefrQe_QOd8NoRm9lNqyclGmZqV/view
1NpxL8mBdkty63u3FR9AgV8eeXHgHL_oq,Villagra Bravo Aravena Kenigs - 2025 - El aprendizaje del estudiante una brujula para el liderazgo pedagogico y el desarrollo pro.pdf,1102490,2026-08-19T14:07:39.413Z,https://drive.google.com/file/d/1NpxL8mBdkty63u3FR9AgV8eeXHgHL_oq/view?usp=drivesdk,villagra bravo aravena kenigs - 2025 - el aprendizaje del estudiante una brujula para el liderazgo pedagogico y el desarrollo pro,https://drive.google.com/file/d/1NpxL8mBdkty63u3FR9AgV8eeXHgHL_oq/preview,https://drive.google.com/file/d/1NpxL8mBdkty63u3FR9AgV8eeXHgHL_oq/view
1Z4t8cSFfnc3MS1oe0a0mCBkeyDdab0rs,Jara Jaramillo - 2025 - Liderazgo directivo en el desempeno docente de las instituciones educativas publicas de Bo.pdf,2270,2026-08-19T14:07:35.326Z,https://drive.google.com/file/d/1Z4t8cSFfnc3MS1oe0a0mCBkeyDdab0rs/view?usp=drivesdk,jara jaramillo - 2025 - liderazgo directivo en el desempeno docente de las instituciones educativas publicas de bo,https://drive.google.com/file/d/1Z4t8cSFfnc3MS1oe0a0mCBkeyDdab0rs/preview,https://drive.google.com/file/d/1Z4t8cSFfnc3MS1oe0a0mCBkeyDdab0rs/view
1kHAFfjnLf0i6d6Owdz2TarNPQFd4wY21,Aparicio Molina et al - 2024 - Liderazgo Instruccional en jefaturas tecnico pedagogica de establecimientos educacionales.pdf,98898,2026-08-19T14:07:33.792Z,https://drive.google.com/file/d/1kHAFfjnLf0i6d6Owdz2TarNPQFd4wY21/view?usp=drivesdk,aparicio molina et al - 2024 - liderazgo instruccional en jefaturas tecnico pedagogica de establecimientos educacionales,https://drive.google.com/file/d/1kHAFfjnLf0i6d6Owdz2TarNPQFd4wY21/preview,https://drive.google.com/file/d/1kHAFfjnLf0i6d6Owdz2TarNPQFd4wY21/view
117BQYOzI3nG42XLYbNg_2cLawhpcULzO,Choez Chancay et al - 2025 - Ser directivo claves para una cultura institucional centrada en el aprendizaje.pdf,420175,2026-08-19T14:07:31.297Z,https://drive.google.com/file/d/117BQYOzI3nG42XLYbNg_2cLawhpcULzO/view?usp=drivesdk,choez chancay et al - 2025 - ser directivo claves para una cultura institucional centrada en el aprendizaje,https://drive.google.com/file/d/117BQYOzI3nG42XLYbNg_2cLawhpcULzO/preview,https://drive.google.com/file/d/117BQYOzI3nG42XLYbNg_2cLawhpcULzO/view
1qrnLeYXQG1OPaA4GYZgDy3wyEqg7eh6e,Arizabal Gutierrez - 2025 - Gestion institucional en la calidad educativa de una institucion educativa parroquial dioc.pdf,2270,2026-08-19T14:07:25.235Z,https://drive.google.com/file/d/1qrnLeYXQG1OPaA4GYZgDy3wyEqg7eh6e/view?usp=drivesdk,arizabal gutierrez - 2025 - gestion institucional en la calidad educativa de una institucion educativa parroquial dioc,https://drive.google.com/file/d/1qrnLeYXQG1OPaA4GYZgDy3wyEqg7eh6e/preview,https://drive.google.com/file/d/1qrnLeYXQG1OPaA4GYZgDy3wyEqg7eh6e/view
1H2iE06AxH-cb6YjvhOwvZJMcS_rxe89j,de Temuco et al - 2025 - La escuela del siglo XXI un escenario para repensar el liderazgo y la cultura de aprendiza.pdf,261047,2026-08-19T14:07:23.701Z,https://drive.google.com/file/d/1H2iE06AxH-cb6YjvhOwvZJMcS_rxe89j/view?usp=drivesdk,de temuco et al - 2025 - la escuela del siglo xxi un escenario para repensar el liderazgo y la cultura de aprendiza,https://drive.google.com/file/d/1H2iE06AxH-cb6YjvhOwvZJMcS_rxe89j/preview,https://drive.google.com/file/d/1H2iE06AxH-cb6YjvhOwvZJMcS_rxe89j/view
1xDTj2FyhrEnJcdckBi12yob9fQlPtIeU,Ramirez Camacho - 2025 - Perfil y Competencias del Lider Directivo Escolar en Latinoamerica y la Republica Dominica.pdf,397140,2026-08-19T14:06:19.649Z,https://drive.google.com/file/d/1xDTj2FyhrEnJcdckBi12yob9fQlPtIeU/view?usp=drivesdk,ramirez camacho - 2025 - perfil y competencias del lider directivo escolar en latinoamerica y la republica dominica,https://drive.google.com/file/d/1xDTj2FyhrEnJcdckBi12yob9fQlPtIeU/preview,https://drive.google.com/file/d/1xDTj2FyhrEnJcdckBi12yob9fQlPtIeU/view
13ng3Nt2bE__1UYFCPp5ZgYwhPrqie2_m,Villagra Bravo et al - 2025 - Examining the Role of Curriculum Evaluation in Schools A Challenge for Pedagogical Leaders.pdf,283888,2026-08-19T14:06:17.682Z,https://drive.google.com/file/d/13ng3Nt2bE__1UYFCPp5ZgYwhPrqie2_m/view?usp=drivesdk,villagra bravo et al - 2025 - examining the role of curriculum evaluation in schools a challenge for pedagogical leaders,https://drive.google.com/file/d/13ng3Nt2bE__1UYFCPp5ZgYwhPrqie2_m/preview,https://drive.google.com/file/d/13ng3Nt2bE__1UYFCPp5ZgYwhPrqie2_m/view
1_MjLTB07qAub9HpvrVpWQvsBXQFciPcH,Varo Perez et al - 2025 - Los equipos directivos en perspectiva de genero.pdf,441012,2026-08-19T14:06:15.549Z,https://drive.google.com/file/d/1_MjLTB07qAub9HpvrVpWQvsBXQFciPcH/view?usp=drivesdk,varo perez et al - 2025 - los equipos directivos en perspectiva de genero,https://drive.google.com/file/d/1_MjLTB07qAub9HpvrVpWQvsBXQFciPcH/preview,https://drive.google.com/file/d/1_MjLTB07qAub9HpvrVpWQvsBXQFciPcH/view
1Iao125h6sqvdZhMi_f5RMM-EY9577xvw,Melgar Davila et al - 2025 - Calidad de gestion de los procesos pedagogicos ante Habilidades blandas y Competencias ger.pdf,560697,2026-08-19T14:06:12.599Z,https://drive.google.com/file/d/1Iao125h6sqvdZhMi_f5RMM-EY9577xvw/view?usp=drivesdk,melgar davila et al - 2025 - calidad de gestion de los procesos pedagogicos ante habilidades blandas y competencias ger,https://drive.google.com/file/d/1Iao125h6sqvdZhMi_f5RMM-EY9577xvw/preview,https://drive.google.com/file/d/1Iao125h6sqvdZhMi_f5RMM-EY9577xvw/view
1cd494g_NSJ2CMYeuSvxLGW6cT_10y7tM,Roque Hereira - 2025 - Estrategias de liderazgo educativo transformacional como recurso para la gerencia educativ.pdf,1331826,2026-08-19T14:06:10.552Z,https://drive.google.com/file/d/1cd494g_NSJ2CMYeuSvxLGW6cT_10y7tM/view?usp=drivesdk,roque hereira - 2025 - estrategias de liderazgo educativo transformacional como recurso para la gerencia educativ,https://drive.google.com/file/d/1cd494g_NSJ2CMYeuSvxLGW6cT_10y7tM/preview,https://drive.google.com/file/d/1cd494g_NSJ2CMYeuSvxLGW6cT_10y7tM/view
17t_F3kUiOC-FUhX9_J31lpGawLnyPaCG,Navarra (Espana) et al - 2023 - Cuestiones sobre liderazgo en las organizaciones educativas.pdf,755761,2026-08-19T14:05:38.280Z,https://drive.google.com/file/d/17t_F3kUiOC-FUhX9_J31lpGawLnyPaCG/view?usp=drivesdk,navarra (espana) et al - 2023 - cuestiones sobre liderazgo en las organizaciones educativas,https://drive.google.com/file/d/17t_F3kUiOC-FUhX9_J31lpGawLnyPaCG/preview,https://drive.google.com/file/d/17t_F3kUiOC-FUhX9_J31lpGawLnyPaCG/view
1AFdjev6h_oyy-76urUwVIsVpf_QexT0C,Munoz Zambrano et al - 2025 - La construccion de la identidad directiva Un motor para la innovacion escolar.pdf,280174,2026-08-19T14:05:34.966Z,https://drive.google.com/file/d/1AFdjev6h_oyy-76urUwVIsVpf_QexT0C/view?usp=drivesdk,munoz zambrano et al - 2025 - la construccion de la identidad directiva un motor para la innovacion escolar,https://drive.google.com/file/d/1AFdjev6h_oyy-76urUwVIsVpf_QexT0C/preview,https://drive.google.com/file/d/1AFdjev6h_oyy-76urUwVIsVpf_QexT0C/view
1wsDDaGem4fRHUt4Vm2SGvlqNPs2VrWCW,Cobo-Beltran et al - 2023 - Satisfaccion de los directores escolares sobre servicios de apoyo que ofrece la Municipali.pdf,711620,2026-08-19T14:05:31.206Z,https://drive.google.com/file/d/1wsDDaGem4fRHUt4Vm2SGvlqNPs2VrWCW/view?usp=drivesdk,cobo-beltran et al - 2023 - satisfaccion de los directores escolares sobre servicios de apoyo que ofrece la municipali,https://drive.google.com/file/d/1wsDDaGem4fRHUt4Vm2SGvlqNPs2VrWCW/preview,https://drive.google.com/file/d/1wsDDaGem4fRHUt4Vm2SGvlqNPs2VrWCW/view
1SQLOgpumN5CJgbDv2J4O5-7HjqdupXYT,Marcos Cayetano Martinez Garduno - 2023 - El contexto de la promocion a director en escuelas primarias reformas educativas 2013 y 20.pdf,416381,2026-08-19T14:05:28.996Z,https://drive.google.com/file/d/1SQLOgpumN5CJgbDv2J4O5-7HjqdupXYT/view?usp=drivesdk,marcos cayetano martinez garduno - 2023 - el contexto de la promocion a director en escuelas primarias reformas educativas 2013 y 20,https://drive.google.com/file/d/1SQLOgpumN5CJgbDv2J4O5-7HjqdupXYT/preview,https://drive.google.com/file/d/1SQLOgpumN5CJgbDv2J4O5-7HjqdupXYT/view
1B0Om5v1q9QEWATeqAwTpojmz1HJE31b4,Rueda Alonso et al - 2025 - Liderazgo distribuido para la justicia social. Un estudio en bachilleratos rurales mexican.pdf,198843,2026-08-19T14:05:27.268Z,https://drive.google.com/file/d/1B0Om5v1q9QEWATeqAwTpojmz1HJE31b4/view?usp=drivesdk,rueda alonso et al - 2025 - liderazgo distribuido para la justicia social. un estudio en bachilleratos rurales mexican,https://drive.google.com/file/d/1B0Om5v1q9QEWATeqAwTpojmz1HJE31b4/preview,https://drive.google.com/file/d/1B0Om5v1q9QEWATeqAwTpojmz1HJE31b4/view
1JXIW-CIIDCUbMiStF9IBIdPwwaFo6L_h,"Sardon Ari et al - 2024 - Interaction between Leadership, Interpersonal Relationships and Organisational Climate Cas.pdf",310835,2026-08-19T14:05:23.307Z,https://drive.google.com/file/d/1JXIW-CIIDCUbMiStF9IBIdPwwaFo6L_h/view?usp=drivesdk,"sardon ari et al - 2024 - interaction between leadership, interpersonal relationships and organisational climate cas",https://drive.google.com/file/d/1JXIW-CIIDCUbMiStF9IBIdPwwaFo6L_h/preview,https://drive.google.com/file/d/1JXIW-CIIDCUbMiStF9IBIdPwwaFo6L_h/view
1nnp6MY4aYmqOV9wN9gKKZVyznvIPc7oV,"Orellana-Fonseca et al - 2025 - Formacion ciudadana y gobernanza escolar en algunas escuelas de la region del Biobio, Chil.pdf",598510,2026-08-19T14:04:51.168Z,https://drive.google.com/file/d/1nnp6MY4aYmqOV9wN9gKKZVyznvIPc7oV/view?usp=drivesdk,"orellana-fonseca et al - 2025 - formacion ciudadana y gobernanza escolar en algunas escuelas de la region del biobio, chil",https://drive.google.com/file/d/1nnp6MY4aYmqOV9wN9gKKZVyznvIPc7oV/preview,https://drive.google.com/file/d/1nnp6MY4aYmqOV9wN9gKKZVyznvIPc7oV/view
1tZrXTRf_dPOR-wituk5wb7sdjZJiWNtV,Alarcon Solorzano Bermudez Cevallos - 2025 - Gestion administrativa y participacion de la comunidad educativa. Unidad educativa Ernesto.pdf,477498,2026-08-19T14:04:48.334Z,https://drive.google.com/file/d/1tZrXTRf_dPOR-wituk5wb7sdjZJiWNtV/view?usp=drivesdk,alarcon solorzano bermudez cevallos - 2025 - gestion administrativa y participacion de la comunidad educativa. unidad educativa ernesto,https://drive.google.com/file/d/1tZrXTRf_dPOR-wituk5wb7sdjZJiWNtV/preview,https://drive.google.com/file/d/1tZrXTRf_dPOR-wituk5wb7sdjZJiWNtV/view
1iHIZvvA7uAzXM5MCOhcUQzWsuUS0_Tkh,la Vega - 2023 - Problemas de practica de directores de escuelas vulnerables Oportunidades para el desarrol.pdf,311965,2026-08-19T14:04:42.497Z,https://drive.google.com/file/d/1iHIZvvA7uAzXM5MCOhcUQzWsuUS0_Tkh/view?usp=drivesdk,la vega - 2023 - problemas de practica de directores de escuelas vulnerables oportunidades para el desarrol,https://drive.google.com/file/d/1iHIZvvA7uAzXM5MCOhcUQzWsuUS0_Tkh/preview,https://drive.google.com/file/d/1iHIZvvA7uAzXM5MCOhcUQzWsuUS0_Tkh/view
1_PVCHqOUuIaCZ6lPpaLd2Wth3vXWTKip,Pena Ruz Armengol Asparo - 2024 - Practicas directivas bajo el modelo de Comunidades Profesionales de Aprendizaje.pdf,362888,2026-08-19T14:04:07.235Z,https://drive.google.com/file/d/1_PVCHqOUuIaCZ6lPpaLd2Wth3vXWTKip/view?usp=drivesdk,pena ruz armengol asparo - 2024 - practicas directivas bajo el modelo de comunidades profesionales de aprendizaje,https://drive.google.com/file/d/1_PVCHqOUuIaCZ6lPpaLd2Wth3vXWTKip/preview,https://drive.google.com/file/d/1_PVCHqOUuIaCZ6lPpaLd2Wth3vXWTKip/view
1tmiVOnO897Lly-Hddw0wDI9aOR32B61E,"Jara Ibarra et al - 2024 - ¿Por que los directores quieren aprender Motivaciones, expectativas y necesidades de forma.pdf",279472,2026-08-19T14:04:05.007Z,https://drive.google.com/file/d/1tmiVOnO897Lly-Hddw0wDI9aOR32B61E/view?usp=drivesdk,"jara ibarra et al - 2024 - ¿por que los directores quieren aprender motivaciones, expectativas y necesidades de forma",https://drive.google.com/file/d/1tmiVOnO897Lly-Hddw0wDI9aOR32B61E/preview,https://drive.google.com/file/d/1tmiVOnO897Lly-Hddw0wDI9aOR32B61E/view
1ZT5uSryxCV9Y61dTafjvTkH0lakQhqHC,Oregui Gonzalez et al - 2025 - Perception of teachers working in schools with high and low levels of effectiveness in the.pdf,364933,2026-08-19T14:04:02.054Z,https://drive.google.com/file/d/1ZT5uSryxCV9Y61dTafjvTkH0lakQhqHC/view?usp=drivesdk,oregui gonzalez et al - 2025 - perception of teachers working in schools with high and low levels of effectiveness in the,https://drive.google.com/file/d/1ZT5uSryxCV9Y61dTafjvTkH0lakQhqHC/preview,https://drive.google.com/file/d/1ZT5uSryxCV9Y61dTafjvTkH0lakQhqHC/view
1dif7_pi12ugeczZSNS-PR6zf9Jj4_UjJ,Moral Perez et al - 2024 - Forming networks between rural schools and their local areas shared projects and their imp.pdf,1615102,2026-08-19T14:02:58.511Z,https://drive.google.com/file/d/1dif7_pi12ugeczZSNS-PR6zf9Jj4_UjJ/view?usp=drivesdk,moral perez et al - 2024 - forming networks between rural schools and their local areas shared projects and their imp,https://drive.google.com/file/d/1dif7_pi12ugeczZSNS-PR6zf9Jj4_UjJ/preview,https://drive.google.com/file/d/1dif7_pi12ugeczZSNS-PR6zf9Jj4_UjJ/view
1Tdm7lgO4PTgQXsdXTzOgSyMl6JPTP72V,Rossello Ramon et al - 2024 - Caracterizar la innovacion para validar la practica educativa.pdf,390226,2026-08-19T14:02:26.256Z,https://drive.google.com/file/d/1Tdm7lgO4PTgQXsdXTzOgSyMl6JPTP72V/view?usp=drivesdk,rossello ramon et al - 2024 - caracterizar la innovacion para validar la practica educativa,https://drive.google.com/file/d/1Tdm7lgO4PTgQXsdXTzOgSyMl6JPTP72V/preview,https://drive.google.com/file/d/1Tdm7lgO4PTgQXsdXTzOgSyMl6JPTP72V/view
1gY7dQXlTS6soRinf7dDQLLfmWzJBUmNA,Valdes - 2025 - ¿Que liderazgo escolar necesita el proyecto de una educacion inclusiva.pdf,546584,2026-08-19T14:02:24.159Z,https://drive.google.com/file/d/1gY7dQXlTS6soRinf7dDQLLfmWzJBUmNA/view?usp=drivesdk,valdes - 2025 - ¿que liderazgo escolar necesita el proyecto de una educacion inclusiva,https://drive.google.com/file/d/1gY7dQXlTS6soRinf7dDQLLfmWzJBUmNA/preview,https://drive.google.com/file/d/1gY7dQXlTS6soRinf7dDQLLfmWzJBUmNA/view
1Z90DRfPSJmT-p7KHY35RZ-ylI_sjUTIj,Bautista Gomez Jimenez - 2025 - La escuela rural como puente para el desarrollo de los ODS estudio de caso.pdf,598503,2026-08-19T14:02:20.302Z,https://drive.google.com/file/d/1Z90DRfPSJmT-p7KHY35RZ-ylI_sjUTIj/view?usp=drivesdk,bautista gomez jimenez - 2025 - la escuela rural como puente para el desarrollo de los ods estudio de caso,https://drive.google.com/file/d/1Z90DRfPSJmT-p7KHY35RZ-ylI_sjUTIj/preview,https://drive.google.com/file/d/1Z90DRfPSJmT-p7KHY35RZ-ylI_sjUTIj/view
1RdM1HJExBdO_g-kNcqNdE0bUA0tQOdzX,H Hernandez-Rivera et al - 2022 - Laboratorio de Cambio Innovando en la Gestion de un Colegio Integrado de Adultos.pdf,273488,2026-08-19T14:02:16.729Z,https://drive.google.com/file/d/1RdM1HJExBdO_g-kNcqNdE0bUA0tQOdzX/view?usp=drivesdk,h hernandez-rivera et al - 2022 - laboratorio de cambio innovando en la gestion de un colegio integrado de adultos,https://drive.google.com/file/d/1RdM1HJExBdO_g-kNcqNdE0bUA0tQOdzX/preview,https://drive.google.com/file/d/1RdM1HJExBdO_g-kNcqNdE0bUA0tQOdzX/view
1vam3nmL3WZCF4McABYUdGv3RGfvD6MQZ,Pena Prado - 2024 - Competencias de liderazgo en entornos inclusivos en la educacion.pdf,276160,2026-08-19T14:01:02.130Z,https://drive.google.com/file/d/1vam3nmL3WZCF4McABYUdGv3RGfvD6MQZ/view?usp=drivesdk,pena prado - 2024 - competencias de liderazgo en entornos inclusivos en la educacion,https://drive.google.com/file/d/1vam3nmL3WZCF4McABYUdGv3RGfvD6MQZ/preview,https://drive.google.com/file/d/1vam3nmL3WZCF4McABYUdGv3RGfvD6MQZ/view
1eGEnxJpxEQkQaywr2PKE75WY9msIq849,"Herrera Perez et al - 2024 - Liderazgo pedagogico de los directores escolares en educacion basica, secundaria y media e.pdf",511432,2026-08-19T14:00:59.508Z,https://drive.google.com/file/d/1eGEnxJpxEQkQaywr2PKE75WY9msIq849/view?usp=drivesdk,"herrera perez et al - 2024 - liderazgo pedagogico de los directores escolares en educacion basica, secundaria y media e",https://drive.google.com/file/d/1eGEnxJpxEQkQaywr2PKE75WY9msIq849/preview,https://drive.google.com/file/d/1eGEnxJpxEQkQaywr2PKE75WY9msIq849/view
1pqrqNFWZhpPkXRlJsH9liGSWzh_NvbH1,Fernandez Jimenez et al - 2024 - Liderazgo transformacional para la inclusion de la diversidad sexual y de genero en Educac.pdf,335643,2026-08-19T14:00:11.822Z,https://drive.google.com/file/d/1pqrqNFWZhpPkXRlJsH9liGSWzh_NvbH1/view?usp=drivesdk,fernandez jimenez et al - 2024 - liderazgo transformacional para la inclusion de la diversidad sexual y de genero en educac,https://drive.google.com/file/d/1pqrqNFWZhpPkXRlJsH9liGSWzh_NvbH1/preview,https://drive.google.com/file/d/1pqrqNFWZhpPkXRlJsH9liGSWzh_NvbH1/view
1OT4iHTbCfpkPoJ2cxWFD0ZuxMUMl9sfE,Toro Prada Henriques - 2024 - Formacion del liderazgo desde las instituciones educativas.pdf,126620,2026-08-19T13:58:43.419Z,https://drive.google.com/file/d/1OT4iHTbCfpkPoJ2cxWFD0ZuxMUMl9sfE/view?usp=drivesdk,toro prada henriques - 2024 - formacion del liderazgo desde las instituciones educativas,https://drive.google.com/file/d/1OT4iHTbCfpkPoJ2cxWFD0ZuxMUMl9sfE/preview,https://drive.google.com/file/d/1OT4iHTbCfpkPoJ2cxWFD0ZuxMUMl9sfE/view
1GSnv4Y7so1qb7aZCWUMpBOnOqIcLEfNF,Garcia-Segura et al - 2023 - La comprension y la mejora de los centros educativos a traves del analisis de sus proyecto.pdf,397248,2026-08-19T13:58:41.352Z,https://drive.google.com/file/d/1GSnv4Y7so1qb7aZCWUMpBOnOqIcLEfNF/view?usp=drivesdk,garcia-segura et al - 2023 - la comprension y la mejora de los centros educativos a traves del analisis de sus proyecto,https://drive.google.com/file/d/1GSnv4Y7so1qb7aZCWUMpBOnOqIcLEfNF/preview,https://drive.google.com/file/d/1GSnv4Y7so1qb7aZCWUMpBOnOqIcLEfNF/view
1RMEGR3C79dgtlzVG1LNmyhkhaJbfsMKs,Javier Hinojo-Lucena et al - 2025 - Analisis de los Componentes Organizativos de Centros de Formacion Profesional en Espana.pdf,517331,2026-08-19T13:58:02.457Z,https://drive.google.com/file/d/1RMEGR3C79dgtlzVG1LNmyhkhaJbfsMKs/view?usp=drivesdk,javier hinojo-lucena et al - 2025 - analisis de los componentes organizativos de centros de formacion profesional en espana,https://drive.google.com/file/d/1RMEGR3C79dgtlzVG1LNmyhkhaJbfsMKs/preview,https://drive.google.com/file/d/1RMEGR3C79dgtlzVG1LNmyhkhaJbfsMKs/view
1G9RyVI2kpsOJJqhPkwM2vsi4gVZC9iHJ,Latapi Ramirez Llanos Reynoso - 2024 - Liderazgo transaccional y transformacional en la direccion de instituciones educativas mex.pdf,399645,2026-08-19T13:57:58.936Z,https://drive.google.com/file/d/1G9RyVI2kpsOJJqhPkwM2vsi4gVZC9iHJ/view?usp=drivesdk,latapi ramirez llanos reynoso - 2024 - liderazgo transaccional y transformacional en la direccion de instituciones educativas mex,https://drive.google.com/file/d/1G9RyVI2kpsOJJqhPkwM2vsi4gVZC9iHJ/preview,https://drive.google.com/file/d/1G9RyVI2kpsOJJqhPkwM2vsi4gVZC9iHJ/view
1L6sEXfwXYsAcsdNfFy-lDen6RXwRCp7P,Supiani et al - 2024 - Evaluating Learning Management System (LMS) Effectiveness An LPOMR Model Approach.pdf,339475,2026-08-16T13:43:12.853Z,https://drive.google.com/file/d/1L6sEXfwXYsAcsdNfFy-lDen6RXwRCp7P/view?usp=drivesdk,supiani et al - 2024 - evaluating learning management system (lms) effectiveness an lpomr model approach,https://drive.google.com/file/d/1L6sEXfwXYsAcsdNfFy-lDen6RXwRCp7P/preview,https://drive.google.com/file/d/1L6sEXfwXYsAcsdNfFy-lDen6RXwRCp7P/view
1rbHrkBbb3V7tO-Ifl-uqRtuzl2eeRC_0,Imre Heltai et al - 2023 - 14 Translanguaging and written nonstandard language Heterographic literacy in and outside.pdf,0,2026-08-16T13:43:08.695Z,https://drive.google.com/file/d/1rbHrkBbb3V7tO-Ifl-uqRtuzl2eeRC_0/view?usp=drivesdk,imre heltai et al - 2023 - 14 translanguaging and written nonstandard language heterographic literacy in and outside,https://drive.google.com/file/d/1rbHrkBbb3V7tO-Ifl-uqRtuzl2eeRC_0/preview,https://drive.google.com/file/d/1rbHrkBbb3V7tO-Ifl-uqRtuzl2eeRC_0/view
1OWLeELMzg35IkUKN5qVuWIWXcESzah2k,Chila Saltos et al - 2025 - Liderazgo pedagogico y toma de decisiones en instituciones educativas.pdf,473556,2026-08-16T13:43:04.995Z,https://drive.google.com/file/d/1OWLeELMzg35IkUKN5qVuWIWXcESzah2k/view?usp=drivesdk,chila saltos et al - 2025 - liderazgo pedagogico y toma de decisiones en instituciones educativas,https://drive.google.com/file/d/1OWLeELMzg35IkUKN5qVuWIWXcESzah2k/preview,https://drive.google.com/file/d/1OWLeELMzg35IkUKN5qVuWIWXcESzah2k/view
1PgspkhYCfnpcZiOW7U5g9hSEn8Z2guSy,Dai et al - 2024 - The roles of AI and educational leaders in AI-assisted administrative decision-making a pr.pdf,870824,2026-08-13T14:33:29.259Z,https://drive.google.com/file/d/1PgspkhYCfnpcZiOW7U5g9hSEn8Z2guSy/view?usp=drivesdk,dai et al - 2024 - the roles of ai and educational leaders in ai-assisted administrative decision-making a pr,https://drive.google.com/file/d/1PgspkhYCfnpcZiOW7U5g9hSEn8Z2guSy/preview,https://drive.google.com/file/d/1PgspkhYCfnpcZiOW7U5g9hSEn8Z2guSy/view
1ODfn8a6PzcSxvBJThGCbm_kCtlTutDid,Quelca Sanchez - 2026 - Lectura y pensamiento critico horizontes de una gestion educativa decolonial.pdf,311798,2026-08-10T14:31:02.302Z,https://drive.google.com/file/d/1ODfn8a6PzcSxvBJThGCbm_kCtlTutDid/view?usp=drivesdk,quelca sanchez - 2026 - lectura y pensamiento critico horizontes de una gestion educativa decolonial,https://drive.google.com/file/d/1ODfn8a6PzcSxvBJThGCbm_kCtlTutDid/preview,https://drive.google.com/file/d/1ODfn8a6PzcSxvBJThGCbm_kCtlTutDid/view
1mhXwR9TUu0VYqvaYRVdf9BW--mtBJVuE,Torres Andonaire - 2026 - Satisfaccion laboral y compromiso organizacional en docentes de escuelas privadas de Jayan.pdf,1123007,2026-08-10T14:30:59.031Z,https://drive.google.com/file/d/1mhXwR9TUu0VYqvaYRVdf9BW--mtBJVuE/view?usp=drivesdk,torres andonaire - 2026 - satisfaccion laboral y compromiso organizacional en docentes de escuelas privadas de jayan,https://drive.google.com/file/d/1mhXwR9TUu0VYqvaYRVdf9BW--mtBJVuE/preview,https://drive.google.com/file/d/1mhXwR9TUu0VYqvaYRVdf9BW--mtBJVuE/view
1c_0p7BazCk8b8H8ZENO283QTXTJfh1NU,"Acha Mamani - 2026 - Gestion pedagogica, administrativa y comunitaria descolonizadora para la transformacion in.pdf",228532,2026-08-10T14:30:50.618Z,https://drive.google.com/file/d/1c_0p7BazCk8b8H8ZENO283QTXTJfh1NU/view?usp=drivesdk,"acha mamani - 2026 - gestion pedagogica, administrativa y comunitaria descolonizadora para la transformacion in",https://drive.google.com/file/d/1c_0p7BazCk8b8H8ZENO283QTXTJfh1NU/preview,https://drive.google.com/file/d/1c_0p7BazCk8b8H8ZENO283QTXTJfh1NU/view
13DnpY82sJCCWn6LUEIzULFmwywGqenjX,Marlene Villares-Quintanilla - 2026 - Impacto del liderazgo directivo en la motivacion docente en la provincia de Santo Domingo.pdf,254709,2026-08-10T14:30:47.620Z,https://drive.google.com/file/d/13DnpY82sJCCWn6LUEIzULFmwywGqenjX/view?usp=drivesdk,marlene villares-quintanilla - 2026 - impacto del liderazgo directivo en la motivacion docente en la provincia de santo domingo,https://drive.google.com/file/d/13DnpY82sJCCWn6LUEIzULFmwywGqenjX/preview,https://drive.google.com/file/d/13DnpY82sJCCWn6LUEIzULFmwywGqenjX/view
1Qh-h9OIAZ9ginawzkYAKnLrZ1C9rEhQk,Amirudin Nur Mizan - 2026 - DIGITAL TRANSFORMATION OF ISLAMIC BOARDING SCHOOL MANAGEMENT AND ITS IMPLICATIONS FOR IMPR.pdf,4290022,2026-08-07T14:23:51.947Z,https://drive.google.com/file/d/1Qh-h9OIAZ9ginawzkYAKnLrZ1C9rEhQk/view?usp=drivesdk,amirudin nur mizan - 2026 - digital transformation of islamic boarding school management and its implications for impr,https://drive.google.com/file/d/1Qh-h9OIAZ9ginawzkYAKnLrZ1C9rEhQk/preview,https://drive.google.com/file/d/1Qh-h9OIAZ9ginawzkYAKnLrZ1C9rEhQk/view
1C5d5sAlSzQUhMo7fYyxYNdjWqbzQbGc-,Kasman - 2025 - Islamic Boarding School Management in the Modern Era Literature Review of Local Wisdom-Bas.pdf,0,2026-08-07T14:23:47.134Z,https://drive.google.com/file/d/1C5d5sAlSzQUhMo7fYyxYNdjWqbzQbGc-/view?usp=drivesdk,kasman - 2025 - islamic boarding school management in the modern era literature review of local wisdom-bas,https://drive.google.com/file/d/1C5d5sAlSzQUhMo7fYyxYNdjWqbzQbGc-/preview,https://drive.google.com/file/d/1C5d5sAlSzQUhMo7fYyxYNdjWqbzQbGc-/view
1PoRapOsX-efU8Shq-IAnIj5eZv9lEqvO,Raul Vega-Padilla et al - 2026 - Competencias digitales docentes y gestion del cambio un enfoque desde la inclusion y gesti.pdf,1252251,2026-08-07T14:23:44.786Z,https://drive.google.com/file/d/1PoRapOsX-efU8Shq-IAnIj5eZv9lEqvO/view?usp=drivesdk,raul vega-padilla et al - 2026 - competencias digitales docentes y gestion del cambio un enfoque desde la inclusion y gesti,https://drive.google.com/file/d/1PoRapOsX-efU8Shq-IAnIj5eZv9lEqvO/preview,https://drive.google.com/file/d/1PoRapOsX-efU8Shq-IAnIj5eZv9lEqvO/view
1aYmXTSxKA3WmKvQvrQlx-takEGCCiwYj,Rodriguez Revelo et al - 2026 - MAESTROS QUE TRANSFORMAN EXPERIENCIAS PEDAGOGICAS PARA UNA EDUCACION CON SENTIDO EN DURAN.pdf,2160253,2026-08-07T14:23:41.214Z,https://drive.google.com/file/d/1aYmXTSxKA3WmKvQvrQlx-takEGCCiwYj/view?usp=drivesdk,rodriguez revelo et al - 2026 - maestros que transforman experiencias pedagogicas para una educacion con sentido en duran,https://drive.google.com/file/d/1aYmXTSxKA3WmKvQvrQlx-takEGCCiwYj/preview,https://drive.google.com/file/d/1aYmXTSxKA3WmKvQvrQlx-takEGCCiwYj/view
10VrsjH9CfJ1cAx0bQgtzSwVvRgzwc0JG,Yee Yee - 2024 - International Perspectives on Ethical Educational Leadership.pdf,150353,2026-08-04T15:35:07.523Z,https://drive.google.com/file/d/10VrsjH9CfJ1cAx0bQgtzSwVvRgzwc0JG/view?usp=drivesdk,yee yee - 2024 - international perspectives on ethical educational leadership,https://drive.google.com/file/d/10VrsjH9CfJ1cAx0bQgtzSwVvRgzwc0JG/preview,https://drive.google.com/file/d/10VrsjH9CfJ1cAx0bQgtzSwVvRgzwc0JG/view
1toIthLBLjiPBi9Dtd3MOkzKavgGqlc2G,Lobato Aragon - 2026 - De la sucursal al agora. (Re)politizar la escuela frente al neoliberalismo.pdf,386769,2026-08-04T15:35:01.327Z,https://drive.google.com/file/d/1toIthLBLjiPBi9Dtd3MOkzKavgGqlc2G/view?usp=drivesdk,lobato aragon - 2026 - de la sucursal al agora. (re)politizar la escuela frente al neoliberalismo,https://drive.google.com/file/d/1toIthLBLjiPBi9Dtd3MOkzKavgGqlc2G/preview,https://drive.google.com/file/d/1toIthLBLjiPBi9Dtd3MOkzKavgGqlc2G/view
1833WzqA-XjemiLSqGuy648YyJUerLtTu,PINCHEIRA MUNOZ - 2023 - Representaciones discursivas sobre las relaciones de alteridad en dos escuelas municipales.pdf,356211,2026-08-04T15:34:56.504Z,https://drive.google.com/file/d/1833WzqA-XjemiLSqGuy648YyJUerLtTu/view?usp=drivesdk,pincheira munoz - 2023 - representaciones discursivas sobre las relaciones de alteridad en dos escuelas municipales,https://drive.google.com/file/d/1833WzqA-XjemiLSqGuy648YyJUerLtTu/preview,https://drive.google.com/file/d/1833WzqA-XjemiLSqGuy648YyJUerLtTu/view
1n62I9wuBAqnd8RaeaevBcFh5nCrExhna,"Perez Rondon - 2026 - School Administrators in Villa Altagracia, Dominican Republic.pdf",627095,2026-08-04T15:34:51.421Z,https://drive.google.com/file/d/1n62I9wuBAqnd8RaeaevBcFh5nCrExhna/view?usp=drivesdk,"perez rondon - 2026 - school administrators in villa altagracia, dominican republic",https://drive.google.com/file/d/1n62I9wuBAqnd8RaeaevBcFh5nCrExhna/preview,https://drive.google.com/file/d/1n62I9wuBAqnd8RaeaevBcFh5nCrExhna/view
1Pn8-OZOMqjKfpGWwvJSOmGNfZIGSvn1M,Mateo Gijon et al - 2026 - Formar para transformar el liderazgo en la direccion musical como motor de innovacion en l.pdf,153639,2026-08-04T15:34:45.306Z,https://drive.google.com/file/d/1Pn8-OZOMqjKfpGWwvJSOmGNfZIGSvn1M/view?usp=drivesdk,mateo gijon et al - 2026 - formar para transformar el liderazgo en la direccion musical como motor de innovacion en l,https://drive.google.com/file/d/1Pn8-OZOMqjKfpGWwvJSOmGNfZIGSvn1M/preview,https://drive.google.com/file/d/1Pn8-OZOMqjKfpGWwvJSOmGNfZIGSvn1M/view
1sPJUwQrtIUdCe3MMLjEYuzKq26nm6q2e,Antonio Ruiz-Hoyos - 2026 - Liderazgo directivo y cohesion comunitaria en entornos de exclusion social estudio de caso.pdf,793458,2026-08-04T15:34:42.518Z,https://drive.google.com/file/d/1sPJUwQrtIUdCe3MMLjEYuzKq26nm6q2e/view?usp=drivesdk,antonio ruiz-hoyos - 2026 - liderazgo directivo y cohesion comunitaria en entornos de exclusion social estudio de caso,https://drive.google.com/file/d/1sPJUwQrtIUdCe3MMLjEYuzKq26nm6q2e/preview,https://drive.google.com/file/d/1sPJUwQrtIUdCe3MMLjEYuzKq26nm6q2e/view
1SozgI7mJQIoGG_0KD2Mv3VcjAjFoes18,"Aragon et al - 2021 - Principios del liderazgo etico en directivos de la Universidad de La Guajira, Colombia.pdf",416913,2026-08-04T15:34:39.524Z,https://drive.google.com/file/d/1SozgI7mJQIoGG_0KD2Mv3VcjAjFoes18/view?usp=drivesdk,"aragon et al - 2021 - principios del liderazgo etico en directivos de la universidad de la guajira, colombia",https://drive.google.com/file/d/1SozgI7mJQIoGG_0KD2Mv3VcjAjFoes18/preview,https://drive.google.com/file/d/1SozgI7mJQIoGG_0KD2Mv3VcjAjFoes18/view
1UMs_5SkCCZuoI4gogBUcWQYe8WHQNRLS,Matias Reyes Pena Soriano - 2025 - Planificacion y gestion educativa en un centro tecnico estudio de caso.pdf,723503,2026-08-01T14:37:57.865Z,https://drive.google.com/file/d/1UMs_5SkCCZuoI4gogBUcWQYe8WHQNRLS/view?usp=drivesdk,matias reyes pena soriano - 2025 - planificacion y gestion educativa en un centro tecnico estudio de caso,https://drive.google.com/file/d/1UMs_5SkCCZuoI4gogBUcWQYe8WHQNRLS/preview,https://drive.google.com/file/d/1UMs_5SkCCZuoI4gogBUcWQYe8WHQNRLS/view
1dPLiV4zdxoKLTFHSj4fpb4HIvtMDjQRg,"Cordova Benites Cordova Benites - 2026 - Gobernabilidad, liderazgo directivo y calidad educativa en el sector publico peruano Revis.pdf",565795,2026-08-01T14:37:55.906Z,https://drive.google.com/file/d/1dPLiV4zdxoKLTFHSj4fpb4HIvtMDjQRg/view?usp=drivesdk,"cordova benites cordova benites - 2026 - gobernabilidad, liderazgo directivo y calidad educativa en el sector publico peruano revis",https://drive.google.com/file/d/1dPLiV4zdxoKLTFHSj4fpb4HIvtMDjQRg/preview,https://drive.google.com/file/d/1dPLiV4zdxoKLTFHSj4fpb4HIvtMDjQRg/view
1RGfY-ji1MUeTIdcvVLGudd1Zv9UXq6IV,Fernando Ridolfi et al - 2026 - GESTAO DEMOCRATICA ESCOLAR E PROJETO POLITICO-PEDAGOGICO A ATUACAO DA TRIADE GESTORA NA CO.pdf,844577,2026-07-31T15:27:40.249Z,https://drive.google.com/file/d/1RGfY-ji1MUeTIdcvVLGudd1Zv9UXq6IV/view?usp=drivesdk,fernando ridolfi et al - 2026 - gestao democratica escolar e projeto politico-pedagogico a atuacao da triade gestora na co,https://drive.google.com/file/d/1RGfY-ji1MUeTIdcvVLGudd1Zv9UXq6IV/preview,https://drive.google.com/file/d/1RGfY-ji1MUeTIdcvVLGudd1Zv9UXq6IV/view
1Jqp52Wy8YrscRdAgHnqX5sF-RCop8mQ3,Gomez Hurtado et al - 2021 - Inclusive Leadership Good Managerial Practices to Address Cultural Diversity in Schools.pdf,0,2026-07-30T03:17:11.596Z,https://drive.google.com/file/d/1Jqp52Wy8YrscRdAgHnqX5sF-RCop8mQ3/view?usp=drivesdk,gomez hurtado et al - 2021 - inclusive leadership good managerial practices to address cultural diversity in schools,https://drive.google.com/file/d/1Jqp52Wy8YrscRdAgHnqX5sF-RCop8mQ3/preview,https://drive.google.com/file/d/1Jqp52Wy8YrscRdAgHnqX5sF-RCop8mQ3/view
1IiJs22xiraoGhmGUMtAcbXAzI_qooDH7,Meirawan et al - 2022 - BEACCTIVE as educational leadership model to create partnerships with business and industr.pdf,590336,2026-07-30T03:16:34.099Z,https://drive.google.com/file/d/1IiJs22xiraoGhmGUMtAcbXAzI_qooDH7/view?usp=drivesdk,meirawan et al - 2022 - beacctive as educational leadership model to create partnerships with business and industr,https://drive.google.com/file/d/1IiJs22xiraoGhmGUMtAcbXAzI_qooDH7/preview,https://drive.google.com/file/d/1IiJs22xiraoGhmGUMtAcbXAzI_qooDH7/view
1FdCUtMCQKUAJrv6fRVkHJzAjc-7ERTAL,Esposito Petroccia - 2022 - Educational leadership across cultures.pdf,402095,2026-07-30T03:15:56.015Z,https://drive.google.com/file/d/1FdCUtMCQKUAJrv6fRVkHJzAjc-7ERTAL/view?usp=drivesdk,esposito petroccia - 2022 - educational leadership across cultures,https://drive.google.com/file/d/1FdCUtMCQKUAJrv6fRVkHJzAjc-7ERTAL/preview,https://drive.google.com/file/d/1FdCUtMCQKUAJrv6fRVkHJzAjc-7ERTAL/view
1gmCcYg-354wNjUsChhhMZWkiHHTl8VrS,Secareanu et al - 2024 - Evolution of Educational Leadership A Bibliometric Analysis of International Publications.pdf,7035556,2026-07-30T03:15:51.838Z,https://drive.google.com/file/d/1gmCcYg-354wNjUsChhhMZWkiHHTl8VrS/view?usp=drivesdk,secareanu et al - 2024 - evolution of educational leadership a bibliometric analysis of international publications,https://drive.google.com/file/d/1gmCcYg-354wNjUsChhhMZWkiHHTl8VrS/preview,https://drive.google.com/file/d/1gmCcYg-354wNjUsChhhMZWkiHHTl8VrS/view
1vndJWO_h2OKCkWlb99ZeblerqCKyrzqR,Taniegra - 2025 - Power and Politics in the Workplace Input to Educational Leadership and Management.pdf,407678,2026-07-30T03:15:48.363Z,https://drive.google.com/file/d/1vndJWO_h2OKCkWlb99ZeblerqCKyrzqR/view?usp=drivesdk,taniegra - 2025 - power and politics in the workplace input to educational leadership and management,https://drive.google.com/file/d/1vndJWO_h2OKCkWlb99ZeblerqCKyrzqR/preview,https://drive.google.com/file/d/1vndJWO_h2OKCkWlb99ZeblerqCKyrzqR/view
1dSa1Onc_n7ia7mDNgTyWydt7cU9JwDMm,Nur Azizah Subiyantoro - 2023 - PEMANFAATAN TEKNOLOGI INFORMASI DALAM MENUNJANG MUTU PENDIDIKAN SEKOLAH.pdf,881808,2026-07-30T03:15:35.381Z,https://drive.google.com/file/d/1dSa1Onc_n7ia7mDNgTyWydt7cU9JwDMm/view?usp=drivesdk,nur azizah subiyantoro - 2023 - pemanfaatan teknologi informasi dalam menunjang mutu pendidikan sekolah,https://drive.google.com/file/d/1dSa1Onc_n7ia7mDNgTyWydt7cU9JwDMm/preview,https://drive.google.com/file/d/1dSa1Onc_n7ia7mDNgTyWydt7cU9JwDMm/view
18awE9b-GocH6k0u2sp92XgV7k5QXkByH,Liu et al - 2025 - Barriers and facilitators to participation in physical activity for students with disabili.pdf,2223315,2026-07-30T03:15:30.471Z,https://drive.google.com/file/d/18awE9b-GocH6k0u2sp92XgV7k5QXkByH/view?usp=drivesdk,liu et al - 2025 - barriers and facilitators to participation in physical activity for students with disabili,https://drive.google.com/file/d/18awE9b-GocH6k0u2sp92XgV7k5QXkByH/preview,https://drive.google.com/file/d/18awE9b-GocH6k0u2sp92XgV7k5QXkByH/view
1R0sJUB2zAfIW5hAy_nO-HRbFtNHXEFt-,"Tarso et al - 2026 - EDUCATIONAL MARKETING IN SCHOOL MANAGEMENT AN ONTOLOGICAL, EPISTEMOLOGICAL, AND AXIOLOGICA.pdf",414721,2026-07-30T03:15:27.315Z,https://drive.google.com/file/d/1R0sJUB2zAfIW5hAy_nO-HRbFtNHXEFt-/view?usp=drivesdk,"tarso et al - 2026 - educational marketing in school management an ontological, epistemological, and axiologica",https://drive.google.com/file/d/1R0sJUB2zAfIW5hAy_nO-HRbFtNHXEFt-/preview,https://drive.google.com/file/d/1R0sJUB2zAfIW5hAy_nO-HRbFtNHXEFt-/view
1DWp7uvlpXQUWuCXS5VfQoPjlOHQ66iss,Nadeem et al - 2021 - Role of the School Management for the Improvement of Teachers Satisfaction during the Cond.pdf,1005652,2026-07-30T03:15:22.576Z,https://drive.google.com/file/d/1DWp7uvlpXQUWuCXS5VfQoPjlOHQ66iss/view?usp=drivesdk,nadeem et al - 2021 - role of the school management for the improvement of teachers satisfaction during the cond,https://drive.google.com/file/d/1DWp7uvlpXQUWuCXS5VfQoPjlOHQ66iss/preview,https://drive.google.com/file/d/1DWp7uvlpXQUWuCXS5VfQoPjlOHQ66iss/view
1u0QE66gtToCLH36AEHmdxXShfdcUmBzd,Uwakonye et al - 2020 - Economic and Social Impacts of Public Schools Management on the City of New Orleans and th.pdf,383164,2026-07-30T03:15:18.437Z,https://drive.google.com/file/d/1u0QE66gtToCLH36AEHmdxXShfdcUmBzd/view?usp=drivesdk,uwakonye et al - 2020 - economic and social impacts of public schools management on the city of new orleans and th,https://drive.google.com/file/d/1u0QE66gtToCLH36AEHmdxXShfdcUmBzd/preview,https://drive.google.com/file/d/1u0QE66gtToCLH36AEHmdxXShfdcUmBzd/view
1Xa_T4fErGHe3gvQcw2pJcRJBs6iJ8lzW,Ayoola Asanre et al - 2025 - Exploring Principal Identity Models for Effective School Management in uMgungundlovu Distr.pdf,417974,2026-07-30T03:15:16.359Z,https://drive.google.com/file/d/1Xa_T4fErGHe3gvQcw2pJcRJBs6iJ8lzW/view?usp=drivesdk,ayoola asanre et al - 2025 - exploring principal identity models for effective school management in umgungundlovu distr,https://drive.google.com/file/d/1Xa_T4fErGHe3gvQcw2pJcRJBs6iJ8lzW/preview,https://drive.google.com/file/d/1Xa_T4fErGHe3gvQcw2pJcRJBs6iJ8lzW/view
1JaBJsvwbgOwCEhRNW_2p0qP_61AEZVx7,Joharis et al - 2025 - Teaching Materials Design for School Management Based on Mandailing Ethnic Leadership Valu.pdf,1104854,2026-07-30T03:15:01.363Z,https://drive.google.com/file/d/1JaBJsvwbgOwCEhRNW_2p0qP_61AEZVx7/view?usp=drivesdk,joharis et al - 2025 - teaching materials design for school management based on mandailing ethnic leadership valu,https://drive.google.com/file/d/1JaBJsvwbgOwCEhRNW_2p0qP_61AEZVx7/preview,https://drive.google.com/file/d/1JaBJsvwbgOwCEhRNW_2p0qP_61AEZVx7/view
1eyaDUR-Q2zmcU2OYe-hiBmBA_2RRQ6ME,R. Ishmukhametov - 2025 - Self-management as a tool for overcoming risks in school management.pdf,1318759,2026-07-30T03:14:55.865Z,https://drive.google.com/file/d/1eyaDUR-Q2zmcU2OYe-hiBmBA_2RRQ6ME/view?usp=drivesdk,r. ishmukhametov - 2025 - self-management as a tool for overcoming risks in school management,https://drive.google.com/file/d/1eyaDUR-Q2zmcU2OYe-hiBmBA_2RRQ6ME/preview,https://drive.google.com/file/d/1eyaDUR-Q2zmcU2OYe-hiBmBA_2RRQ6ME/view
1M1M7TQGiH0IrEjjFBdbtYDT-GARdvMQv,Tianlun - 2024 - Opportunities and challenges of school management in the digital era.pdf,7067,2026-07-30T03:14:21.565Z,https://drive.google.com/file/d/1M1M7TQGiH0IrEjjFBdbtYDT-GARdvMQv/view?usp=drivesdk,tianlun - 2024 - opportunities and challenges of school management in the digital era,https://drive.google.com/file/d/1M1M7TQGiH0IrEjjFBdbtYDT-GARdvMQv/preview,https://drive.google.com/file/d/1M1M7TQGiH0IrEjjFBdbtYDT-GARdvMQv/view
1sYs_eB1dV1Cae05NcT6AFMXdK0eDis42,Zhang Li - 2025 - School Management Strategies in Preventing School Bullying.pdf,475845,2026-07-30T03:14:18.862Z,https://drive.google.com/file/d/1sYs_eB1dV1Cae05NcT6AFMXdK0eDis42/view?usp=drivesdk,zhang li - 2025 - school management strategies in preventing school bullying,https://drive.google.com/file/d/1sYs_eB1dV1Cae05NcT6AFMXdK0eDis42/preview,https://drive.google.com/file/d/1sYs_eB1dV1Cae05NcT6AFMXdK0eDis42/view
1kRyfHAPRe2GJe8HR_x9FspU-wpkzf988,Lopez Hernandez - 2022 - PLANEACION EN LA GESTION EDUCATIVA DE LOS DIRECTIVOS DOCENTES RURALES.pdf,980959,2026-07-30T03:14:15.108Z,https://drive.google.com/file/d/1kRyfHAPRe2GJe8HR_x9FspU-wpkzf988/view?usp=drivesdk,lopez hernandez - 2022 - planeacion en la gestion educativa de los directivos docentes rurales,https://drive.google.com/file/d/1kRyfHAPRe2GJe8HR_x9FspU-wpkzf988/preview,https://drive.google.com/file/d/1kRyfHAPRe2GJe8HR_x9FspU-wpkzf988/view
1aRC8j5GGZIVKmRdcXud0JH1p7GPlNV4M,"Gutierrez Gonzalez et al - 2022 - La responsabilidad social universitaria, un reto para la gestion educativa.pdf",1069692,2026-07-30T03:14:09.709Z,https://drive.google.com/file/d/1aRC8j5GGZIVKmRdcXud0JH1p7GPlNV4M/view?usp=drivesdk,"gutierrez gonzalez et al - 2022 - la responsabilidad social universitaria, un reto para la gestion educativa",https://drive.google.com/file/d/1aRC8j5GGZIVKmRdcXud0JH1p7GPlNV4M/preview,https://drive.google.com/file/d/1aRC8j5GGZIVKmRdcXud0JH1p7GPlNV4M/view
116dVjCha4BK8hoY1lsOXPyx898IVH-eO,Marines Lamilla et al - 2026 - Desarrollo profesional del docente para mejorar la gestion educativa.pdf,419535,2026-07-30T03:14:06.425Z,https://drive.google.com/file/d/116dVjCha4BK8hoY1lsOXPyx898IVH-eO/view?usp=drivesdk,marines lamilla et al - 2026 - desarrollo profesional del docente para mejorar la gestion educativa,https://drive.google.com/file/d/116dVjCha4BK8hoY1lsOXPyx898IVH-eO/preview,https://drive.google.com/file/d/116dVjCha4BK8hoY1lsOXPyx898IVH-eO/view
1nzzIXPLnMQCVd-V3sDfe_AwmrKRdZux5,"Cesar Arboleda - 2023 - Gestion educativa, convivencia y distribucion del conocimiento.pdf",320369,2026-07-30T03:14:02.051Z,https://drive.google.com/file/d/1nzzIXPLnMQCVd-V3sDfe_AwmrKRdZux5/view?usp=drivesdk,"cesar arboleda - 2023 - gestion educativa, convivencia y distribucion del conocimiento",https://drive.google.com/file/d/1nzzIXPLnMQCVd-V3sDfe_AwmrKRdZux5/preview,https://drive.google.com/file/d/1nzzIXPLnMQCVd-V3sDfe_AwmrKRdZux5/view
1T9Nc5IXKcM7LDyHS2X9bFynvZviOb8gn,Camac Fernandez et al - 2023 - Cultura organizacional y gestion de la calidad del servicio educativo. IE n°3711 Fe y Aleg.pdf,470902,2026-07-30T03:14:00.138Z,https://drive.google.com/file/d/1T9Nc5IXKcM7LDyHS2X9bFynvZviOb8gn/view?usp=drivesdk,camac fernandez et al - 2023 - cultura organizacional y gestion de la calidad del servicio educativo. ie n°3711 fe y aleg,https://drive.google.com/file/d/1T9Nc5IXKcM7LDyHS2X9bFynvZviOb8gn/preview,https://drive.google.com/file/d/1T9Nc5IXKcM7LDyHS2X9bFynvZviOb8gn/view
1nYJl5POAYdr10Bs3jg2n1Qnz7-HLFkp9,Orriols Garcia Mendoza Moreira - 2024 - Gestion directiva frente al uso de las TIC en una institucion educativa del canton Sucre.pdf,309008,2026-07-30T03:13:57.176Z,https://drive.google.com/file/d/1nYJl5POAYdr10Bs3jg2n1Qnz7-HLFkp9/view?usp=drivesdk,orriols garcia mendoza moreira - 2024 - gestion directiva frente al uso de las tic en una institucion educativa del canton sucre,https://drive.google.com/file/d/1nYJl5POAYdr10Bs3jg2n1Qnz7-HLFkp9/preview,https://drive.google.com/file/d/1nYJl5POAYdr10Bs3jg2n1Qnz7-HLFkp9/view
1R2-FvOfMaNMoK83Ppu7pd-q56SK5Kcs-,Flores Flores Luna Miranda - 2023 - Liderazgo y Gestion en Educacion Media Superior Tecnologica un estudio desde la percepcion.pdf,304678,2026-07-30T03:13:54.662Z,https://drive.google.com/file/d/1R2-FvOfMaNMoK83Ppu7pd-q56SK5Kcs-/view?usp=drivesdk,flores flores luna miranda - 2023 - liderazgo y gestion en educacion media superior tecnologica un estudio desde la percepcion,https://drive.google.com/file/d/1R2-FvOfMaNMoK83Ppu7pd-q56SK5Kcs-/preview,https://drive.google.com/file/d/1R2-FvOfMaNMoK83Ppu7pd-q56SK5Kcs-/view
1vZxT5NVkHqhuBH3V-tnHD16ubti3Ujqy,Machado Perilla - 2020 - TECNOLOGIAS DE INFORMACION Y COMUNICACION (TIC) COMO RECURSO ALTERNATIVO EN EDUCACION SECU.pdf,779113,2026-07-30T03:13:21.377Z,https://drive.google.com/file/d/1vZxT5NVkHqhuBH3V-tnHD16ubti3Ujqy/view?usp=drivesdk,machado perilla - 2020 - tecnologias de informacion y comunicacion (tic) como recurso alternativo en educacion secu,https://drive.google.com/file/d/1vZxT5NVkHqhuBH3V-tnHD16ubti3Ujqy/preview,https://drive.google.com/file/d/1vZxT5NVkHqhuBH3V-tnHD16ubti3Ujqy/view
1hmbpyRsoet4B9hXothl4zy7cN2PLMZ6o,Perez Taquio - 2025 - Impacto del estres ocupacional en el desempeno docente en tiempos de pospandemia.pdf,419555,2026-07-30T03:13:19.525Z,https://drive.google.com/file/d/1hmbpyRsoet4B9hXothl4zy7cN2PLMZ6o/view?usp=drivesdk,perez taquio - 2025 - impacto del estres ocupacional en el desempeno docente en tiempos de pospandemia,https://drive.google.com/file/d/1hmbpyRsoet4B9hXothl4zy7cN2PLMZ6o/preview,https://drive.google.com/file/d/1hmbpyRsoet4B9hXothl4zy7cN2PLMZ6o/view
1Mj5nBCKRIORuTGNttOAlZdA2M6RAyHTs,Alvarez Ramirez et al - 2023 - La gestion administrativa en un centro educativo indigena Caso de Ujarras.pdf,242747,2026-07-30T03:13:16.985Z,https://drive.google.com/file/d/1Mj5nBCKRIORuTGNttOAlZdA2M6RAyHTs/view?usp=drivesdk,alvarez ramirez et al - 2023 - la gestion administrativa en un centro educativo indigena caso de ujarras,https://drive.google.com/file/d/1Mj5nBCKRIORuTGNttOAlZdA2M6RAyHTs/preview,https://drive.google.com/file/d/1Mj5nBCKRIORuTGNttOAlZdA2M6RAyHTs/view
153jZR86wCn05cWgBNmsZ80Isf_gLwuWh,"Garzon Zambrano et al - 2025 - Gestion del ausentismo docente propuesta de control, motivacion y cumplimiento en un coleg.pdf",3924077,2026-07-30T03:13:12.097Z,https://drive.google.com/file/d/153jZR86wCn05cWgBNmsZ80Isf_gLwuWh/view?usp=drivesdk,"garzon zambrano et al - 2025 - gestion del ausentismo docente propuesta de control, motivacion y cumplimiento en un coleg",https://drive.google.com/file/d/153jZR86wCn05cWgBNmsZ80Isf_gLwuWh/preview,https://drive.google.com/file/d/153jZR86wCn05cWgBNmsZ80Isf_gLwuWh/view
14f2tN3zM9ZXAVUUSki6xsjw9Ams8wbOq,Teresa Spasiuk - 2024 - Trayectorias Escolares Un Analisis Desde La Gestion Curricular y el rol del equipo directi.pdf,1576337,2026-07-30T03:13:07.990Z,https://drive.google.com/file/d/14f2tN3zM9ZXAVUUSki6xsjw9Ams8wbOq/view?usp=drivesdk,teresa spasiuk - 2024 - trayectorias escolares un analisis desde la gestion curricular y el rol del equipo directi,https://drive.google.com/file/d/14f2tN3zM9ZXAVUUSki6xsjw9Ams8wbOq/preview,https://drive.google.com/file/d/14f2tN3zM9ZXAVUUSki6xsjw9Ams8wbOq/view
1strTX7NPbGkyfHGGe2F128EUssPGDNsE,Agudelo Idarraga - 2025 - Aporte del liderazgo pedagogico del directivo escolar en la resolucion de problemas de la.pdf,1113218,2026-07-30T03:13:03.168Z,https://drive.google.com/file/d/1strTX7NPbGkyfHGGe2F128EUssPGDNsE/view?usp=drivesdk,agudelo idarraga - 2025 - aporte del liderazgo pedagogico del directivo escolar en la resolucion de problemas de la,https://drive.google.com/file/d/1strTX7NPbGkyfHGGe2F128EUssPGDNsE/preview,https://drive.google.com/file/d/1strTX7NPbGkyfHGGe2F128EUssPGDNsE/view
19D6I6szw5SuYzDHt0L0IXX5RFrzZg-tj,"Orrego Tapia - 2026 - Carrera directiva seleccion de directores escolares en Chile, Honduras y Peru.pdf",498639,2026-07-30T03:13:01.274Z,https://drive.google.com/file/d/19D6I6szw5SuYzDHt0L0IXX5RFrzZg-tj/view?usp=drivesdk,"orrego tapia - 2026 - carrera directiva seleccion de directores escolares en chile, honduras y peru",https://drive.google.com/file/d/19D6I6szw5SuYzDHt0L0IXX5RFrzZg-tj/preview,https://drive.google.com/file/d/19D6I6szw5SuYzDHt0L0IXX5RFrzZg-tj/view
1tK0Fordkb4rODuFcpppHBtUFkJsXYJAo,Marta Formichella Soledad Kruger - 2025 - Not Everything Is Said Key Insights Behind Resilient Schools.pdf,383520,2026-07-30T03:12:58.329Z,https://drive.google.com/file/d/1tK0Fordkb4rODuFcpppHBtUFkJsXYJAo/view?usp=drivesdk,marta formichella soledad kruger - 2025 - not everything is said key insights behind resilient schools,https://drive.google.com/file/d/1tK0Fordkb4rODuFcpppHBtUFkJsXYJAo/preview,https://drive.google.com/file/d/1tK0Fordkb4rODuFcpppHBtUFkJsXYJAo/view
1MOa5tY8vB4d5lFzEAiFnClouazpGssE9,Figueiredo Nolasco - 2026 - Gestion y comunidad escolar un estudio sobre practicas democraticas de gestion elegida por.pdf,1806119,2026-07-30T03:12:54.337Z,https://drive.google.com/file/d/1MOa5tY8vB4d5lFzEAiFnClouazpGssE9/view?usp=drivesdk,figueiredo nolasco - 2026 - gestion y comunidad escolar un estudio sobre practicas democraticas de gestion elegida por,https://drive.google.com/file/d/1MOa5tY8vB4d5lFzEAiFnClouazpGssE9/preview,https://drive.google.com/file/d/1MOa5tY8vB4d5lFzEAiFnClouazpGssE9/view
1Phob4DglroRQxGjyQO4tm-Wse6_F23ob,Maureira Cabrera et al - 2026 - Liderazgos y desarrollo profesional docente en EMTP en Chile casos multiples.pdf,275695,2026-07-30T03:12:52.649Z,https://drive.google.com/file/d/1Phob4DglroRQxGjyQO4tm-Wse6_F23ob/view?usp=drivesdk,maureira cabrera et al - 2026 - liderazgos y desarrollo profesional docente en emtp en chile casos multiples,https://drive.google.com/file/d/1Phob4DglroRQxGjyQO4tm-Wse6_F23ob/preview,https://drive.google.com/file/d/1Phob4DglroRQxGjyQO4tm-Wse6_F23ob/view
1ZVoMkkmQuJIWj1HoiMtECf2mjll_5kw0,Rojas Jara - 2026 - Practicas de liderazgo sistemico y de liderazgo en red en centros escolares pertenecientes.pdf,4793558,2026-07-30T03:12:19.416Z,https://drive.google.com/file/d/1ZVoMkkmQuJIWj1HoiMtECf2mjll_5kw0/view?usp=drivesdk,rojas jara - 2026 - practicas de liderazgo sistemico y de liderazgo en red en centros escolares pertenecientes,https://drive.google.com/file/d/1ZVoMkkmQuJIWj1HoiMtECf2mjll_5kw0/preview,https://drive.google.com/file/d/1ZVoMkkmQuJIWj1HoiMtECf2mjll_5kw0/view
19PY9LvEQ3O7uhtDh0Bpli6OV8Xi9FtSC,"Leon Alcantara - 2026 - La comunidad de dialogo filosofico, una posibilidad para potenciar la comprension lectora.pdf",889084,2026-07-30T03:12:14.676Z,https://drive.google.com/file/d/19PY9LvEQ3O7uhtDh0Bpli6OV8Xi9FtSC/view?usp=drivesdk,"leon alcantara - 2026 - la comunidad de dialogo filosofico, una posibilidad para potenciar la comprension lectora",https://drive.google.com/file/d/19PY9LvEQ3O7uhtDh0Bpli6OV8Xi9FtSC/preview,https://drive.google.com/file/d/19PY9LvEQ3O7uhtDh0Bpli6OV8Xi9FtSC/view
1LfuFM5W2FpDUuGo0mO5lkhmMaLlLAX9i,Luna Atuesta et al - 2026 - Estilos de liderazgo y autopercepciones de desempeno docente en instituciones adventistas.pdf,979006,2026-07-30T03:10:38.030Z,https://drive.google.com/file/d/1LfuFM5W2FpDUuGo0mO5lkhmMaLlLAX9i/view?usp=drivesdk,luna atuesta et al - 2026 - estilos de liderazgo y autopercepciones de desempeno docente en instituciones adventistas,https://drive.google.com/file/d/1LfuFM5W2FpDUuGo0mO5lkhmMaLlLAX9i/preview,https://drive.google.com/file/d/1LfuFM5W2FpDUuGo0mO5lkhmMaLlLAX9i/view
11Vz4sati_8Wlzh4IIbAv5r3Zs1jLa262,"Cruz Morales Guevara Valdez - 2026 - Liderazgo Inclusivo en la Educacion Superior en Mexico, para la Eficiencia Universitaria.pdf",753121,2026-07-30T03:10:35.574Z,https://drive.google.com/file/d/11Vz4sati_8Wlzh4IIbAv5r3Zs1jLa262/view?usp=drivesdk,"cruz morales guevara valdez - 2026 - liderazgo inclusivo en la educacion superior en mexico, para la eficiencia universitaria",https://drive.google.com/file/d/11Vz4sati_8Wlzh4IIbAv5r3Zs1jLa262/preview,https://drive.google.com/file/d/11Vz4sati_8Wlzh4IIbAv5r3Zs1jLa262/view
1A8tcShLIYO_VWoecbFauhPdGEqnaT6tc,Diaz Delgado et al - 2026 - Liderazgo y desarrollo profesional docente en la Educacion Tecnico Profesional una compara.pdf,727084,2026-07-30T03:10:32.918Z,https://drive.google.com/file/d/1A8tcShLIYO_VWoecbFauhPdGEqnaT6tc/view?usp=drivesdk,diaz delgado et al - 2026 - liderazgo y desarrollo profesional docente en la educacion tecnico profesional una compara,https://drive.google.com/file/d/1A8tcShLIYO_VWoecbFauhPdGEqnaT6tc/preview,https://drive.google.com/file/d/1A8tcShLIYO_VWoecbFauhPdGEqnaT6tc/view
18rvQyKeccMqZOWSntwfg6P8zIWG64LRJ,Vera Yepez et al - 2026 - Direccion estrategica y gestion transformadora en educacion revision sistematica.pdf,235332,2026-07-30T03:10:30.150Z,https://drive.google.com/file/d/18rvQyKeccMqZOWSntwfg6P8zIWG64LRJ/view?usp=drivesdk,vera yepez et al - 2026 - direccion estrategica y gestion transformadora en educacion revision sistematica,https://drive.google.com/file/d/18rvQyKeccMqZOWSntwfg6P8zIWG64LRJ/preview,https://drive.google.com/file/d/18rvQyKeccMqZOWSntwfg6P8zIWG64LRJ/view
1nWtYCRZZR7FbEDasblYtt9cuxb8bAU-9,Santiago Reyes-Hurtado et al - 2026 - Uso de la inteligencia artificial en la gestion pedagogica de docentes en instituciones ed.pdf,553709,2026-07-30T03:10:25.165Z,https://drive.google.com/file/d/1nWtYCRZZR7FbEDasblYtt9cuxb8bAU-9/view?usp=drivesdk,santiago reyes-hurtado et al - 2026 - uso de la inteligencia artificial en la gestion pedagogica de docentes en instituciones ed,https://drive.google.com/file/d/1nWtYCRZZR7FbEDasblYtt9cuxb8bAU-9/preview,https://drive.google.com/file/d/1nWtYCRZZR7FbEDasblYtt9cuxb8bAU-9/view
197LlTCpB0XmCX6uwJmId2Tjuv8AqDx6g,Calle-Gardella et al - 2026 - El rol de los equipos directivos en la implementacion de politicas de educacion inclusiva.pdf,555703,2026-07-30T03:09:52.516Z,https://drive.google.com/file/d/197LlTCpB0XmCX6uwJmId2Tjuv8AqDx6g/view?usp=drivesdk,calle-gardella et al - 2026 - el rol de los equipos directivos en la implementacion de politicas de educacion inclusiva,https://drive.google.com/file/d/197LlTCpB0XmCX6uwJmId2Tjuv8AqDx6g/preview,https://drive.google.com/file/d/197LlTCpB0XmCX6uwJmId2Tjuv8AqDx6g/view
1NtfFPKS-JzRA9pSuPD2KJMqMQvDX8GF1,Ramos Florentino Maria Bortot - 2026 - Gestao e provimento a direcao escolar estado do conhecimento a partir de dissertacoes de m.pdf,347850,2026-07-30T03:09:47.148Z,https://drive.google.com/file/d/1NtfFPKS-JzRA9pSuPD2KJMqMQvDX8GF1/view?usp=drivesdk,ramos florentino maria bortot - 2026 - gestao e provimento a direcao escolar estado do conhecimento a partir de dissertacoes de m,https://drive.google.com/file/d/1NtfFPKS-JzRA9pSuPD2KJMqMQvDX8GF1/preview,https://drive.google.com/file/d/1NtfFPKS-JzRA9pSuPD2KJMqMQvDX8GF1/view
1H64ppdQIPbtkIP3kcR8hyN1tJ76b1Rha,Guarnizo Samaniego Figueroa Robles - 2026 - 10.51736 sa1109.pdf,474981,2026-07-30T03:09:13.471Z,https://drive.google.com/file/d/1H64ppdQIPbtkIP3kcR8hyN1tJ76b1Rha/view?usp=drivesdk,guarnizo samaniego figueroa robles - 2026 - 10.51736 sa1109,https://drive.google.com/file/d/1H64ppdQIPbtkIP3kcR8hyN1tJ76b1Rha/preview,https://drive.google.com/file/d/1H64ppdQIPbtkIP3kcR8hyN1tJ76b1Rha/view
1jR0dE6-lae_mB8A4DDkIoILl3iL2dZXA,Gonzalo Aguirre et al - 2025 - Become the error in the matrix A critical study of leadership discourses for school manage.pdf,431272,2026-07-30T03:08:39.880Z,https://drive.google.com/file/d/1jR0dE6-lae_mB8A4DDkIoILl3iL2dZXA/view?usp=drivesdk,gonzalo aguirre et al - 2025 - become the error in the matrix a critical study of leadership discourses for school manage,https://drive.google.com/file/d/1jR0dE6-lae_mB8A4DDkIoILl3iL2dZXA/preview,https://drive.google.com/file/d/1jR0dE6-lae_mB8A4DDkIoILl3iL2dZXA/view
1thttG_yO6-cLddq89fIix4MlOpaZAf8x,"Olmo Extremera Antonio Delgado - 2024 - Cartografia, una herramienta para interpretar el liderazgo escolar. Estudio de caso Brasil.pdf",1519586,2026-07-30T03:08:34.049Z,https://drive.google.com/file/d/1thttG_yO6-cLddq89fIix4MlOpaZAf8x/view?usp=drivesdk,"olmo extremera antonio delgado - 2024 - cartografia, una herramienta para interpretar el liderazgo escolar. estudio de caso brasil",https://drive.google.com/file/d/1thttG_yO6-cLddq89fIix4MlOpaZAf8x/preview,https://drive.google.com/file/d/1thttG_yO6-cLddq89fIix4MlOpaZAf8x/view
19Ce7Y95zJ3Px1Vxd3IlIe79siLyWVF2k,Reynoso Cuaresma Escalante Lopez - 2026 - Gestion Pedagogica Directiva y Direccion Escolar Docente. I.E 3070 Maria de los Angeles. L.pdf,493940,2026-07-30T03:08:31.013Z,https://drive.google.com/file/d/19Ce7Y95zJ3Px1Vxd3IlIe79siLyWVF2k/view?usp=drivesdk,reynoso cuaresma escalante lopez - 2026 - gestion pedagogica directiva y direccion escolar docente. i.e 3070 maria de los angeles. l,https://drive.google.com/file/d/19Ce7Y95zJ3Px1Vxd3IlIe79siLyWVF2k/preview,https://drive.google.com/file/d/19Ce7Y95zJ3Px1Vxd3IlIe79siLyWVF2k/view
1ngWT9si-4Poqx5qW6HkeqzCK71GqfSoy,Sierra Almazo et al - 2022 - Modelo de gestion escolar del proyecto educativo comunitario articulando los principios de.pdf,1808654,2026-07-30T03:07:26.603Z,https://drive.google.com/file/d/1ngWT9si-4Poqx5qW6HkeqzCK71GqfSoy/view?usp=drivesdk,sierra almazo et al - 2022 - modelo de gestion escolar del proyecto educativo comunitario articulando los principios de,https://drive.google.com/file/d/1ngWT9si-4Poqx5qW6HkeqzCK71GqfSoy/preview,https://drive.google.com/file/d/1ngWT9si-4Poqx5qW6HkeqzCK71GqfSoy/view
1Ot9kjoOREoD73toqLwI9fB9GAB0hhflY,Garcia Sanclemente - 2026 - Estrategias de gestion escolar para la prevencion del consumo de sustancias psicoactivas e.pdf,372967,2026-07-30T03:07:21.581Z,https://drive.google.com/file/d/1Ot9kjoOREoD73toqLwI9fB9GAB0hhflY/view?usp=drivesdk,garcia sanclemente - 2026 - estrategias de gestion escolar para la prevencion del consumo de sustancias psicoactivas e,https://drive.google.com/file/d/1Ot9kjoOREoD73toqLwI9fB9GAB0hhflY/preview,https://drive.google.com/file/d/1Ot9kjoOREoD73toqLwI9fB9GAB0hhflY/view
18TbytUqD50eXjcrdoMKA4TFDJad__Kv7,Vassiliades - 2026 - Ernesto Laclau y el Analisis Politico del Discurso Huellas y relecturas para una mirada a.pdf,463429,2026-07-30T03:07:18.434Z,https://drive.google.com/file/d/18TbytUqD50eXjcrdoMKA4TFDJad__Kv7/view?usp=drivesdk,vassiliades - 2026 - ernesto laclau y el analisis politico del discurso huellas y relecturas para una mirada a,https://drive.google.com/file/d/18TbytUqD50eXjcrdoMKA4TFDJad__Kv7/preview,https://drive.google.com/file/d/18TbytUqD50eXjcrdoMKA4TFDJad__Kv7/view
1ZkfeErzzC54S4ti0M1NGToo_QQKVkILs,Correa Munoz - 2026 - Desempeno del personal docente y su relacion en la gestion escolar de un centro educativo.pdf,275382,2026-07-30T03:07:10.910Z,https://drive.google.com/file/d/1ZkfeErzzC54S4ti0M1NGToo_QQKVkILs/view?usp=drivesdk,correa munoz - 2026 - desempeno del personal docente y su relacion en la gestion escolar de un centro educativo,https://drive.google.com/file/d/1ZkfeErzzC54S4ti0M1NGToo_QQKVkILs/preview,https://drive.google.com/file/d/1ZkfeErzzC54S4ti0M1NGToo_QQKVkILs/view
1S3frsgL3ddwXiyiMt__BncVY6OqdUiRc,Garcia Cardenas - 2026 - EL CICLO ABIERTO DE LA GESTION ESCOLAR INCLUSIVA DIAGNOSTICO EN INSTITUCIONES EDUCATIVAS P.pdf,0,2026-07-30T03:07:07.748Z,https://drive.google.com/file/d/1S3frsgL3ddwXiyiMt__BncVY6OqdUiRc/view?usp=drivesdk,garcia cardenas - 2026 - el ciclo abierto de la gestion escolar inclusiva diagnostico en instituciones educativas p,https://drive.google.com/file/d/1S3frsgL3ddwXiyiMt__BncVY6OqdUiRc/preview,https://drive.google.com/file/d/1S3frsgL3ddwXiyiMt__BncVY6OqdUiRc/view
1n3GCjos2iYAMrEtGDF6Pr257rkcTbV-o,Quishpe-Mosquera et al - 2026 - El Deber de Cuidado en la Gestion Escolar Implicaciones Juridicas en el Marco Normativo Ec.pdf,445157,2026-07-30T03:07:05.546Z,https://drive.google.com/file/d/1n3GCjos2iYAMrEtGDF6Pr257rkcTbV-o/view?usp=drivesdk,quishpe-mosquera et al - 2026 - el deber de cuidado en la gestion escolar implicaciones juridicas en el marco normativo ec,https://drive.google.com/file/d/1n3GCjos2iYAMrEtGDF6Pr257rkcTbV-o/preview,https://drive.google.com/file/d/1n3GCjos2iYAMrEtGDF6Pr257rkcTbV-o/view
1iIsm19dkhgZfG1mcTiPIX0-B_3Stqr_X,Cedeno Castro et al - 2026 - Educacion rural e intercultural en Ecuador desafios y oportunidades.pdf,3488819,2026-05-31T14:54:10.689Z,https://drive.google.com/file/d/1iIsm19dkhgZfG1mcTiPIX0-B_3Stqr_X/view?usp=drivesdk,cedeno castro et al - 2026 - educacion rural e intercultural en ecuador desafios y oportunidades,https://drive.google.com/file/d/1iIsm19dkhgZfG1mcTiPIX0-B_3Stqr_X/preview,https://drive.google.com/file/d/1iIsm19dkhgZfG1mcTiPIX0-B_3Stqr_X/view
19AllBQK_RH_6ab7JBxjpL8HhWbqQh1SP,"Fonseca Elizondo - 2025 - Estrategias implementadas por la persona directora como lider pedagogico, para la supervis.pdf",1245639,2026-05-31T14:54:08.528Z,https://drive.google.com/file/d/19AllBQK_RH_6ab7JBxjpL8HhWbqQh1SP/view?usp=drivesdk,"fonseca elizondo - 2025 - estrategias implementadas por la persona directora como lider pedagogico, para la supervis",https://drive.google.com/file/d/19AllBQK_RH_6ab7JBxjpL8HhWbqQh1SP/preview,https://drive.google.com/file/d/19AllBQK_RH_6ab7JBxjpL8HhWbqQh1SP/view
1-AJuciPhQSdhrVPohAdUpPFq6qx0OVIg,Vargas Alfaro - 2026 - Hacia una evaluacion institucional que impacte en las instancias educativas.pdf,619837,2026-05-31T14:54:04.303Z,https://drive.google.com/file/d/1-AJuciPhQSdhrVPohAdUpPFq6qx0OVIg/view?usp=drivesdk,vargas alfaro - 2026 - hacia una evaluacion institucional que impacte en las instancias educativas,https://drive.google.com/file/d/1-AJuciPhQSdhrVPohAdUpPFq6qx0OVIg/preview,https://drive.google.com/file/d/1-AJuciPhQSdhrVPohAdUpPFq6qx0OVIg/view
12Rz4XuQNnVYlduESV3AlkEey9xL5bftn,Michael Mhando - 2024 - The Influence of School Management Team on Student’s Academic Performance in Tanzania.pdf,380824,2026-05-28T17:00:52.873Z,https://drive.google.com/file/d/12Rz4XuQNnVYlduESV3AlkEey9xL5bftn/view?usp=drivesdk,michael mhando - 2024 - the influence of school management team on student’s academic performance in tanzania,https://drive.google.com/file/d/12Rz4XuQNnVYlduESV3AlkEey9xL5bftn/preview,https://drive.google.com/file/d/12Rz4XuQNnVYlduESV3AlkEey9xL5bftn/view
1KiHhd-hbwvEp8_n4_kAx_KSEZ-xP3KFT,"Vasquez - 2023 - Competencias Funcionales y Calidad de la Gestion Educativa en una Institucion Educativa, U.pdf",283058,2026-05-28T17:00:46.167Z,https://drive.google.com/file/d/1KiHhd-hbwvEp8_n4_kAx_KSEZ-xP3KFT/view?usp=drivesdk,"vasquez - 2023 - competencias funcionales y calidad de la gestion educativa en una institucion educativa, u",https://drive.google.com/file/d/1KiHhd-hbwvEp8_n4_kAx_KSEZ-xP3KFT/preview,https://drive.google.com/file/d/1KiHhd-hbwvEp8_n4_kAx_KSEZ-xP3KFT/view
1VYsIA0mrsOtKzeGewGKqzff37M0E6au8,Yusuf Maskuri - 2025 - The Integration of Multiculturalism Values in School Management at Mts Favorit Darut Taqwa.pdf,401049,2026-05-25T16:01:35.626Z,https://drive.google.com/file/d/1VYsIA0mrsOtKzeGewGKqzff37M0E6au8/view?usp=drivesdk,yusuf maskuri - 2025 - the integration of multiculturalism values in school management at mts favorit darut taqwa,https://drive.google.com/file/d/1VYsIA0mrsOtKzeGewGKqzff37M0E6au8/preview,https://drive.google.com/file/d/1VYsIA0mrsOtKzeGewGKqzff37M0E6au8/view
1eS8VmQhn9drYZJam6DAlx9LfKretyvtM,Andari et al - 2024 - Community-Based School Management Model Development in The Digital Era.pdf,302235,2026-05-25T16:01:32.043Z,https://drive.google.com/file/d/1eS8VmQhn9drYZJam6DAlx9LfKretyvtM/view?usp=drivesdk,andari et al - 2024 - community-based school management model development in the digital era,https://drive.google.com/file/d/1eS8VmQhn9drYZJam6DAlx9LfKretyvtM/preview,https://drive.google.com/file/d/1eS8VmQhn9drYZJam6DAlx9LfKretyvtM/view
1bEVubR4Y5mV4vBuH-LZOAZNFd_Mlo7JP,Ngwenya et al - 2021 - Teachers’ experiences of teaching Accounting in the context of curriculum changes in South.pdf,386626,2026-05-22T16:00:39.393Z,https://drive.google.com/file/d/1bEVubR4Y5mV4vBuH-LZOAZNFd_Mlo7JP/view?usp=drivesdk,ngwenya et al - 2021 - teachers’ experiences of teaching accounting in the context of curriculum changes in south,https://drive.google.com/file/d/1bEVubR4Y5mV4vBuH-LZOAZNFd_Mlo7JP/preview,https://drive.google.com/file/d/1bEVubR4Y5mV4vBuH-LZOAZNFd_Mlo7JP/view
1PRVLrFzZFzQX-EGnh9kv7gMtsQ-6tgQS,Kramer-Roy et al - 2020 - The developing role of occupational therapists in school-based practice Experiences from c.pdf,402232,2026-05-22T16:00:36.074Z,https://drive.google.com/file/d/1PRVLrFzZFzQX-EGnh9kv7gMtsQ-6tgQS/view?usp=drivesdk,kramer-roy et al - 2020 - the developing role of occupational therapists in school-based practice experiences from c,https://drive.google.com/file/d/1PRVLrFzZFzQX-EGnh9kv7gMtsQ-6tgQS/preview,https://drive.google.com/file/d/1PRVLrFzZFzQX-EGnh9kv7gMtsQ-6tgQS/view
1o3ISfkcw0cMXZe85zU6QrVuFvba2bxz3,Quituizaca Hernandez et al - 2025 - Uso de modelos de inteligencia artificial para la prediccion del abandono escolar en insti.pdf,668551,2026-05-22T16:00:31.979Z,https://drive.google.com/file/d/1o3ISfkcw0cMXZe85zU6QrVuFvba2bxz3/view?usp=drivesdk,quituizaca hernandez et al - 2025 - uso de modelos de inteligencia artificial para la prediccion del abandono escolar en insti,https://drive.google.com/file/d/1o3ISfkcw0cMXZe85zU6QrVuFvba2bxz3/preview,https://drive.google.com/file/d/1o3ISfkcw0cMXZe85zU6QrVuFvba2bxz3/view
1PU5WlGm6bPuMXS949OeN8kZLZe4tnAFu,Vasquez-Garcia et al - 2025 - Gestion educativa y el desempeno docente en una institucion educativa publica.pdf,186499,2026-05-18T03:21:46.446Z,https://drive.google.com/file/d/1PU5WlGm6bPuMXS949OeN8kZLZe4tnAFu/view?usp=drivesdk,vasquez-garcia et al - 2025 - gestion educativa y el desempeno docente en una institucion educativa publica,https://drive.google.com/file/d/1PU5WlGm6bPuMXS949OeN8kZLZe4tnAFu/preview,https://drive.google.com/file/d/1PU5WlGm6bPuMXS949OeN8kZLZe4tnAFu/view
1MrghOjPLLjhGJ4QQnoPUsxBZ1Vz2LYdH,Purbonuswanto et al - 2024 - Transforming Educational Leadership Digital Applications of Ki Hajar Dewantara’s Leadershi.pdf,792514,2026-05-18T03:21:34.351Z,https://drive.google.com/file/d/1MrghOjPLLjhGJ4QQnoPUsxBZ1Vz2LYdH/view?usp=drivesdk,purbonuswanto et al - 2024 - transforming educational leadership digital applications of ki hajar dewantara’s leadershi,https://drive.google.com/file/d/1MrghOjPLLjhGJ4QQnoPUsxBZ1Vz2LYdH/preview,https://drive.google.com/file/d/1MrghOjPLLjhGJ4QQnoPUsxBZ1Vz2LYdH/view
1sYejScI133rrFrzGZWCAZQFBUp-N_Wiw,Guajardo Medina - 2026 - La preparacion universitaria en liderazgo inclusivo para directores de escuela un analisis.pdf,281353,2026-05-17T22:17:16.683Z,https://drive.google.com/file/d/1sYejScI133rrFrzGZWCAZQFBUp-N_Wiw/view?usp=drivesdk,guajardo medina - 2026 - la preparacion universitaria en liderazgo inclusivo para directores de escuela un analisis,https://drive.google.com/file/d/1sYejScI133rrFrzGZWCAZQFBUp-N_Wiw/preview,https://drive.google.com/file/d/1sYejScI133rrFrzGZWCAZQFBUp-N_Wiw/view
1WWu1Bq_Gs2dVPw8s8lyFY-3pM8-ajPuJ,Sabo et al - 2025 - A Secure Web-Based School Management System Using Role-Based Access Case Study from Nigeri.pdf,957349,2026-05-16T14:50:56.056Z,https://drive.google.com/file/d/1WWu1Bq_Gs2dVPw8s8lyFY-3pM8-ajPuJ/view?usp=drivesdk,sabo et al - 2025 - a secure web-based school management system using role-based access case study from nigeri,https://drive.google.com/file/d/1WWu1Bq_Gs2dVPw8s8lyFY-3pM8-ajPuJ/preview,https://drive.google.com/file/d/1WWu1Bq_Gs2dVPw8s8lyFY-3pM8-ajPuJ/view
10IpcmWHos9H9lr3HHp2J9eAQ1rfwJX0X,E. Sanchez Thornton - 2023 - Gender Issues in K-12 Educational Leadership.pdf,146320,2026-05-09T22:17:51.537Z,https://drive.google.com/file/d/10IpcmWHos9H9lr3HHp2J9eAQ1rfwJX0X/view?usp=drivesdk,e. sanchez thornton - 2023 - gender issues in k-12 educational leadership,https://drive.google.com/file/d/10IpcmWHos9H9lr3HHp2J9eAQ1rfwJX0X/preview,https://drive.google.com/file/d/10IpcmWHos9H9lr3HHp2J9eAQ1rfwJX0X/view
1eZnDeR-LcFU4Mxkhr4KwhgnqOV_hQD5m,Cruz Vazquez Moreno Muro - 2026 - Gestion educativa y desercion estudiantil en Educacion Basica Alternativa revision bibliom.pdf,342416,2026-05-09T22:17:47.591Z,https://drive.google.com/file/d/1eZnDeR-LcFU4Mxkhr4KwhgnqOV_hQD5m/view?usp=drivesdk,cruz vazquez moreno muro - 2026 - gestion educativa y desercion estudiantil en educacion basica alternativa revision bibliom,https://drive.google.com/file/d/1eZnDeR-LcFU4Mxkhr4KwhgnqOV_hQD5m/preview,https://drive.google.com/file/d/1eZnDeR-LcFU4Mxkhr4KwhgnqOV_hQD5m/view
1nfJbGTbm9q_iI8cd3hsayKy_Ug2bt-Hi,Peralta Tapia et al - 2023 - Gestion administrativa en unidades de gestion educativa una revision literaria.pdf,373257,2026-05-09T22:17:41.509Z,https://drive.google.com/file/d/1nfJbGTbm9q_iI8cd3hsayKy_Ug2bt-Hi/view?usp=drivesdk,peralta tapia et al - 2023 - gestion administrativa en unidades de gestion educativa una revision literaria,https://drive.google.com/file/d/1nfJbGTbm9q_iI8cd3hsayKy_Ug2bt-Hi/preview,https://drive.google.com/file/d/1nfJbGTbm9q_iI8cd3hsayKy_Ug2bt-Hi/view
1dWAV8xqKbVbjX915iM8KixhXpRuRLJsK,Eugenia Vicente et al - 2026 - La gestion Social Educativa.pdf,224118,2026-05-09T19:59:20.404Z,https://drive.google.com/file/d/1dWAV8xqKbVbjX915iM8KixhXpRuRLJsK/view?usp=drivesdk,eugenia vicente et al - 2026 - la gestion social educativa,https://drive.google.com/file/d/1dWAV8xqKbVbjX915iM8KixhXpRuRLJsK/preview,https://drive.google.com/file/d/1dWAV8xqKbVbjX915iM8KixhXpRuRLJsK/view
1xS-bNXb4EoI9GPTWuJh9n2ly3FEmE-Oy,Eugenia Vicente et al - 2026 - Conceptualizaciones contemporaneas sobre la direccion escolar.pdf,245452,2026-05-09T19:59:17.494Z,https://drive.google.com/file/d/1xS-bNXb4EoI9GPTWuJh9n2ly3FEmE-Oy/view?usp=drivesdk,eugenia vicente et al - 2026 - conceptualizaciones contemporaneas sobre la direccion escolar,https://drive.google.com/file/d/1xS-bNXb4EoI9GPTWuJh9n2ly3FEmE-Oy/preview,https://drive.google.com/file/d/1xS-bNXb4EoI9GPTWuJh9n2ly3FEmE-Oy/view
1CGkK_WFd7diqOOiK7nXRl_XR75vtMG4K,Elfarargy et al - 2022 - Supporting a statewide policy consideration Virtual advancing educational leadership train.pdf,459416,2026-05-09T19:59:14.795Z,https://drive.google.com/file/d/1CGkK_WFd7diqOOiK7nXRl_XR75vtMG4K/view?usp=drivesdk,elfarargy et al - 2022 - supporting a statewide policy consideration virtual advancing educational leadership train,https://drive.google.com/file/d/1CGkK_WFd7diqOOiK7nXRl_XR75vtMG4K/preview,https://drive.google.com/file/d/1CGkK_WFd7diqOOiK7nXRl_XR75vtMG4K/view
1chpq29bgfpS-G6yRGhgpgycgQGBIXV8K,Wang et al - 2023 - Measuring educational leadership in Singapore re-examining the psychometric properties of.pdf,466535,2026-05-09T19:59:12.175Z,https://drive.google.com/file/d/1chpq29bgfpS-G6yRGhgpgycgQGBIXV8K/view?usp=drivesdk,wang et al - 2023 - measuring educational leadership in singapore re-examining the psychometric properties of,https://drive.google.com/file/d/1chpq29bgfpS-G6yRGhgpgycgQGBIXV8K/preview,https://drive.google.com/file/d/1chpq29bgfpS-G6yRGhgpgycgQGBIXV8K/view
1Xlca4e3Cc4Lq72M26gxQihkE4jOwRU6Y,Mercedes Alcivar-Cordova et al - 2025 - Desigualdades educativas y estrategias de inclusion en bachillerato en entornos socioecono.pdf,1083762,2026-05-09T19:59:09.029Z,https://drive.google.com/file/d/1Xlca4e3Cc4Lq72M26gxQihkE4jOwRU6Y/view?usp=drivesdk,mercedes alcivar-cordova et al - 2025 - desigualdades educativas y estrategias de inclusion en bachillerato en entornos socioecono,https://drive.google.com/file/d/1Xlca4e3Cc4Lq72M26gxQihkE4jOwRU6Y/preview,https://drive.google.com/file/d/1Xlca4e3Cc4Lq72M26gxQihkE4jOwRU6Y/view
10PLs3I330ytSXmYbXIS4_LVKvuB2MuFM,Li - 2025 - The dual principal leadership structure in international schools’ management a study based.pdf,693924,2026-05-09T19:59:06.763Z,https://drive.google.com/file/d/10PLs3I330ytSXmYbXIS4_LVKvuB2MuFM/view?usp=drivesdk,li - 2025 - the dual principal leadership structure in international schools’ management a study based,https://drive.google.com/file/d/10PLs3I330ytSXmYbXIS4_LVKvuB2MuFM/preview,https://drive.google.com/file/d/10PLs3I330ytSXmYbXIS4_LVKvuB2MuFM/view
1JT56gY_OueytbgMxsRdzCfAI4Vqoaxr8,Asim et al - 2025 - Strengthening School Governance Assessing the Impact of School Management Committees on Sc.pdf,229950,2026-05-09T19:59:04.114Z,https://drive.google.com/file/d/1JT56gY_OueytbgMxsRdzCfAI4Vqoaxr8/view?usp=drivesdk,asim et al - 2025 - strengthening school governance assessing the impact of school management committees on sc,https://drive.google.com/file/d/1JT56gY_OueytbgMxsRdzCfAI4Vqoaxr8/preview,https://drive.google.com/file/d/1JT56gY_OueytbgMxsRdzCfAI4Vqoaxr8/view
1AHqYVb13qVug5h844Kkx6HhSQolf-UHW,U. Felisilda et al - 2024 - Challenges and Performance of Novice Teachers Basis for School Management Plan.pdf,1193970,2026-05-09T19:59:02.434Z,https://drive.google.com/file/d/1AHqYVb13qVug5h844Kkx6HhSQolf-UHW/view?usp=drivesdk,u. felisilda et al - 2024 - challenges and performance of novice teachers basis for school management plan,https://drive.google.com/file/d/1AHqYVb13qVug5h844Kkx6HhSQolf-UHW/preview,https://drive.google.com/file/d/1AHqYVb13qVug5h844Kkx6HhSQolf-UHW/view
1CKJx94pfwafswd4qwLDe6iix2QSMNlMo,Nyambe Kapalu Muzata - 2023 - Secondary school teachers’ perceptions of Catholic school management in selected schools o.pdf,604607,2026-05-09T19:58:58.197Z,https://drive.google.com/file/d/1CKJx94pfwafswd4qwLDe6iix2QSMNlMo/view?usp=drivesdk,nyambe kapalu muzata - 2023 - secondary school teachers’ perceptions of catholic school management in selected schools o,https://drive.google.com/file/d/1CKJx94pfwafswd4qwLDe6iix2QSMNlMo/preview,https://drive.google.com/file/d/1CKJx94pfwafswd4qwLDe6iix2QSMNlMo/view
1Kk7gWsa_iQgHNGQoyHjwRl9TdA4Z9AOY,O. Soremekun et al - 2020 - Prevalence and perception of drug use amongst secondary school students in two local gover.pdf,603130,2026-05-09T19:58:49.950Z,https://drive.google.com/file/d/1Kk7gWsa_iQgHNGQoyHjwRl9TdA4Z9AOY/view?usp=drivesdk,o. soremekun et al - 2020 - prevalence and perception of drug use amongst secondary school students in two local gover,https://drive.google.com/file/d/1Kk7gWsa_iQgHNGQoyHjwRl9TdA4Z9AOY/preview,https://drive.google.com/file/d/1Kk7gWsa_iQgHNGQoyHjwRl9TdA4Z9AOY/view
1jrHKx1ZAIEQ17_Zp45NmuzWLzUsGfbec,Rose et al - 2021 - Hard Work and Hopefulness A Mixed Methods Study of Music Students’ Status and Beliefs in R.pdf,591291,2026-05-09T19:58:45.547Z,https://drive.google.com/file/d/1jrHKx1ZAIEQ17_Zp45NmuzWLzUsGfbec/view?usp=drivesdk,rose et al - 2021 - hard work and hopefulness a mixed methods study of music students’ status and beliefs in r,https://drive.google.com/file/d/1jrHKx1ZAIEQ17_Zp45NmuzWLzUsGfbec/preview,https://drive.google.com/file/d/1jrHKx1ZAIEQ17_Zp45NmuzWLzUsGfbec/view
1fAi-CqY5OEMdffINB9exI9VwS1RJcIpS,"Rocliffe et al - 2023 - School-based physical education, physical activity and sports provision A concept mapping.pdf",1229978,2026-05-09T19:58:42.899Z,https://drive.google.com/file/d/1fAi-CqY5OEMdffINB9exI9VwS1RJcIpS/view?usp=drivesdk,"rocliffe et al - 2023 - school-based physical education, physical activity and sports provision a concept mapping",https://drive.google.com/file/d/1fAi-CqY5OEMdffINB9exI9VwS1RJcIpS/preview,https://drive.google.com/file/d/1fAi-CqY5OEMdffINB9exI9VwS1RJcIpS/view
1lEaYP_mVSRqJuq5GFxfh9SmC-GM7Z96J,Bostwick Andres et al - 2021 - Comprehensive sexuality education in Hong Kong study protocol for process and outcome eval.pdf,532215,2026-05-09T19:58:41.055Z,https://drive.google.com/file/d/1lEaYP_mVSRqJuq5GFxfh9SmC-GM7Z96J/view?usp=drivesdk,bostwick andres et al - 2021 - comprehensive sexuality education in hong kong study protocol for process and outcome eval,https://drive.google.com/file/d/1lEaYP_mVSRqJuq5GFxfh9SmC-GM7Z96J/preview,https://drive.google.com/file/d/1lEaYP_mVSRqJuq5GFxfh9SmC-GM7Z96J/view
1lGh8b6fXY0NVMQMIOBSokKCGQlDX1eNE,Koch et al - 2021 - Exploring implementation of a nationwide requirement to increase physical activity in the.pdf,991248,2026-05-09T19:58:37.114Z,https://drive.google.com/file/d/1lGh8b6fXY0NVMQMIOBSokKCGQlDX1eNE/view?usp=drivesdk,koch et al - 2021 - exploring implementation of a nationwide requirement to increase physical activity in the,https://drive.google.com/file/d/1lGh8b6fXY0NVMQMIOBSokKCGQlDX1eNE/preview,https://drive.google.com/file/d/1lGh8b6fXY0NVMQMIOBSokKCGQlDX1eNE/view
1ER5GU8ccRsAQBe341Fnu09BdS4DScdPv,Villanueva Valera Mestanza Arriaga - 2025 - Calidad del servicio educativo en escuelas del nivel secundaria en Latinoamerica una revis.pdf,580909,2026-05-09T19:58:30.081Z,https://drive.google.com/file/d/1ER5GU8ccRsAQBe341Fnu09BdS4DScdPv/view?usp=drivesdk,villanueva valera mestanza arriaga - 2025 - calidad del servicio educativo en escuelas del nivel secundaria en latinoamerica una revis,https://drive.google.com/file/d/1ER5GU8ccRsAQBe341Fnu09BdS4DScdPv/preview,https://drive.google.com/file/d/1ER5GU8ccRsAQBe341Fnu09BdS4DScdPv/view
1XiIeYBMTZHxNk9uMObn8eLoSpz3B8DUC,Paredes Penafiel et al - 2025 - Transformacion digital y competencias gerenciales en la educacion universitaria.pdf,307776,2026-05-09T19:58:28.283Z,https://drive.google.com/file/d/1XiIeYBMTZHxNk9uMObn8eLoSpz3B8DUC/view?usp=drivesdk,paredes penafiel et al - 2025 - transformacion digital y competencias gerenciales en la educacion universitaria,https://drive.google.com/file/d/1XiIeYBMTZHxNk9uMObn8eLoSpz3B8DUC/preview,https://drive.google.com/file/d/1XiIeYBMTZHxNk9uMObn8eLoSpz3B8DUC/view
1YGZFmvztEldnCEsXVvahbcuWf84KDL9j,Andino Jaramillo et al - 2026 - Metaverso en la educacion una revision critica desde la gestion educativa.pdf,770925,2026-05-09T19:58:24.905Z,https://drive.google.com/file/d/1YGZFmvztEldnCEsXVvahbcuWf84KDL9j/view?usp=drivesdk,andino jaramillo et al - 2026 - metaverso en la educacion una revision critica desde la gestion educativa,https://drive.google.com/file/d/1YGZFmvztEldnCEsXVvahbcuWf84KDL9j/preview,https://drive.google.com/file/d/1YGZFmvztEldnCEsXVvahbcuWf84KDL9j/view
15jIei40JlHT1HczIqTdX3tiklCJBcB2d,10.59298_rijre_2025_515359.pdf,227837,2026-04-25T15:33:15.384Z,https://drive.google.com/file/d/15jIei40JlHT1HczIqTdX3tiklCJBcB2d/view?usp=drivesdk,10.59298/rijre_2025_515359,https://drive.google.com/file/d/15jIei40JlHT1HczIqTdX3tiklCJBcB2d/preview,https://drive.google.com/file/d/15jIei40JlHT1HczIqTdX3tiklCJBcB2d/view
1oCRrjmFHmrnd6iefXL8gZv2ygRPAdWoY,10.29121_granthaalayah.v9.i5.2021.3943.pdf,315172,2026-04-25T15:33:13.828Z,https://drive.google.com/file/d/1oCRrjmFHmrnd6iefXL8gZv2ygRPAdWoY/view?usp=drivesdk,10.29121/granthaalayah.v9.i5.2021.3943,https://drive.google.com/file/d/1oCRrjmFHmrnd6iefXL8gZv2ygRPAdWoY/preview,https://drive.google.com/file/d/1oCRrjmFHmrnd6iefXL8gZv2ygRPAdWoY/view
140rEATrcHwofna-TKG6iE6F4ZjMGVyeP,10.58837_chula.educu.49.2.9.pdf,411365,2026-04-25T15:33:11.722Z,https://drive.google.com/file/d/140rEATrcHwofna-TKG6iE6F4ZjMGVyeP/view?usp=drivesdk,10.58837/chula.educu.49.2.9,https://drive.google.com/file/d/140rEATrcHwofna-TKG6iE6F4ZjMGVyeP/preview,https://drive.google.com/file/d/140rEATrcHwofna-TKG6iE6F4ZjMGVyeP/view
1Ixn_87_p0SldkCE0TwFtZ-r4xjx3UHya,10.21831_cp.v43i3.74834.pdf,208906,2026-04-25T15:33:08.881Z,https://drive.google.com/file/d/1Ixn_87_p0SldkCE0TwFtZ-r4xjx3UHya/view?usp=drivesdk,10.21831/cp.v43i3.74834,https://drive.google.com/file/d/1Ixn_87_p0SldkCE0TwFtZ-r4xjx3UHya/preview,https://drive.google.com/file/d/1Ixn_87_p0SldkCE0TwFtZ-r4xjx3UHya/view
1HrApTT7k8D6IQTxnKuNcljsTI2dRyXsA,https___openalex.org_W7155312407.pdf,2754042,2026-04-25T15:33:04.386Z,https://drive.google.com/file/d/1HrApTT7k8D6IQTxnKuNcljsTI2dRyXsA/view?usp=drivesdk,https/__openalex.org_w7155312407,https://drive.google.com/file/d/1HrApTT7k8D6IQTxnKuNcljsTI2dRyXsA/preview,https://drive.google.com/file/d/1HrApTT7k8D6IQTxnKuNcljsTI2dRyXsA/view
1zsA2OjUDF9oWsZRvFqMfemw9s8rvirBG,https___openalex.org_W7155285673.pdf,441465,2026-04-25T15:33:03.092Z,https://drive.google.com/file/d/1zsA2OjUDF9oWsZRvFqMfemw9s8rvirBG/view?usp=drivesdk,https/__openalex.org_w7155285673,https://drive.google.com/file/d/1zsA2OjUDF9oWsZRvFqMfemw9s8rvirBG/preview,https://drive.google.com/file/d/1zsA2OjUDF9oWsZRvFqMfemw9s8rvirBG/view
1nTXdrhMbXS6Zsh_eYEckuaUDAbe_1UgO,https___openalex.org_W7155311713.pdf,1987988,2026-04-25T15:32:58.771Z,https://drive.google.com/file/d/1nTXdrhMbXS6Zsh_eYEckuaUDAbe_1UgO/view?usp=drivesdk,https/__openalex.org_w7155311713,https://drive.google.com/file/d/1nTXdrhMbXS6Zsh_eYEckuaUDAbe_1UgO/preview,https://drive.google.com/file/d/1nTXdrhMbXS6Zsh_eYEckuaUDAbe_1UgO/view
1jhOoKz3GHoK4jFoZoGt7OnRTgiKNR22I,https___openalex.org_W7155332293.pdf,3871053,2026-04-25T15:32:55.012Z,https://drive.google.com/file/d/1jhOoKz3GHoK4jFoZoGt7OnRTgiKNR22I/view?usp=drivesdk,https/__openalex.org_w7155332293,https://drive.google.com/file/d/1jhOoKz3GHoK4jFoZoGt7OnRTgiKNR22I/preview,https://drive.google.com/file/d/1jhOoKz3GHoK4jFoZoGt7OnRTgiKNR22I/view
1T8orISTZskBOK-EXMT4EpmJUjm3UW5pY,https___openalex.org_W7155294642.pdf,2346621,2026-04-25T15:32:51.833Z,https://drive.google.com/file/d/1T8orISTZskBOK-EXMT4EpmJUjm3UW5pY/view?usp=drivesdk,https/__openalex.org_w7155294642,https://drive.google.com/file/d/1T8orISTZskBOK-EXMT4EpmJUjm3UW5pY/preview,https://drive.google.com/file/d/1T8orISTZskBOK-EXMT4EpmJUjm3UW5pY/view
1arAon0rzjPbJO6-YivBycw92yBWaU1Z9,https___openalex.org_W7155264637.pdf,607234,2026-04-25T15:32:49.528Z,https://drive.google.com/file/d/1arAon0rzjPbJO6-YivBycw92yBWaU1Z9/view?usp=drivesdk,https/__openalex.org_w7155264637,https://drive.google.com/file/d/1arAon0rzjPbJO6-YivBycw92yBWaU1Z9/preview,https://drive.google.com/file/d/1arAon0rzjPbJO6-YivBycw92yBWaU1Z9/view
1btcSIaaOTJ4wl5joPnl_Y9_c8BgTavs8,https___openalex.org_W7155311124.pdf,860793,2026-04-25T15:32:38.191Z,https://drive.google.com/file/d/1btcSIaaOTJ4wl5joPnl_Y9_c8BgTavs8/view?usp=drivesdk,https/__openalex.org_w7155311124,https://drive.google.com/file/d/1btcSIaaOTJ4wl5joPnl_Y9_c8BgTavs8/preview,https://drive.google.com/file/d/1btcSIaaOTJ4wl5joPnl_Y9_c8BgTavs8/view
16G0SHPuup7idk483UlRqWfV5BIOKD__D,https___openalex.org_W7155306719.pdf,1243496,2026-04-25T15:32:36.636Z,https://drive.google.com/file/d/16G0SHPuup7idk483UlRqWfV5BIOKD__D/view?usp=drivesdk,https/__openalex.org_w7155306719,https://drive.google.com/file/d/16G0SHPuup7idk483UlRqWfV5BIOKD__D/preview,https://drive.google.com/file/d/16G0SHPuup7idk483UlRqWfV5BIOKD__D/view
1bWSTyg81GsPegAjeQkytOawZIjjRuuWb,https___openalex.org_W7155262913.pdf,1019538,2026-04-25T15:32:35.252Z,https://drive.google.com/file/d/1bWSTyg81GsPegAjeQkytOawZIjjRuuWb/view?usp=drivesdk,https/__openalex.org_w7155262913,https://drive.google.com/file/d/1bWSTyg81GsPegAjeQkytOawZIjjRuuWb/preview,https://drive.google.com/file/d/1bWSTyg81GsPegAjeQkytOawZIjjRuuWb/view
1nu3GBCIlzE4tvCLjw_mAcBXPYxRspvPs,https___openalex.org_W7155273345.pdf,359927,2026-04-25T15:32:09.574Z,https://drive.google.com/file/d/1nu3GBCIlzE4tvCLjw_mAcBXPYxRspvPs/view?usp=drivesdk,https/__openalex.org_w7155273345,https://drive.google.com/file/d/1nu3GBCIlzE4tvCLjw_mAcBXPYxRspvPs/preview,https://drive.google.com/file/d/1nu3GBCIlzE4tvCLjw_mAcBXPYxRspvPs/view
1iLL0r8MRdd04WGlVt7XCn8TdVkCuHGER,https___openalex.org_W7155313139.pdf,988153,2026-04-25T15:32:01.368Z,https://drive.google.com/file/d/1iLL0r8MRdd04WGlVt7XCn8TdVkCuHGER/view?usp=drivesdk,https/__openalex.org_w7155313139,https://drive.google.com/file/d/1iLL0r8MRdd04WGlVt7XCn8TdVkCuHGER/preview,https://drive.google.com/file/d/1iLL0r8MRdd04WGlVt7XCn8TdVkCuHGER/view
1Nk4Z5SnB-sPNo_-evmZNoUVjN99YaTN_,https___openalex.org_W7155257467.pdf,1382734,2026-04-25T15:31:58.010Z,https://drive.google.com/file/d/1Nk4Z5SnB-sPNo_-evmZNoUVjN99YaTN_/view?usp=drivesdk,https/__openalex.org_w7155257467,https://drive.google.com/file/d/1Nk4Z5SnB-sPNo_-evmZNoUVjN99YaTN_/preview,https://drive.google.com/file/d/1Nk4Z5SnB-sPNo_-evmZNoUVjN99YaTN_/view
1HXq6wMLRJLT13EscUDDorU29WU3T0w6m,https___openalex.org_W7155307562.pdf,1905676,2026-04-25T15:31:53.561Z,https://drive.google.com/file/d/1HXq6wMLRJLT13EscUDDorU29WU3T0w6m/view?usp=drivesdk,https/__openalex.org_w7155307562,https://drive.google.com/file/d/1HXq6wMLRJLT13EscUDDorU29WU3T0w6m/preview,https://drive.google.com/file/d/1HXq6wMLRJLT13EscUDDorU29WU3T0w6m/view
1bY93O8lBi3Doo9KwNZxx-Iss0kax6z32,https___openalex.org_W7155260079.pdf,8131200,2026-04-25T15:31:50.579Z,https://drive.google.com/file/d/1bY93O8lBi3Doo9KwNZxx-Iss0kax6z32/view?usp=drivesdk,https/__openalex.org_w7155260079,https://drive.google.com/file/d/1bY93O8lBi3Doo9KwNZxx-Iss0kax6z32/preview,https://drive.google.com/file/d/1bY93O8lBi3Doo9KwNZxx-Iss0kax6z32/view
1qXVhEwxGr-MQDTVpNMIvFNm8t3dKCMZR,https___openalex.org_W7155257849.pdf,1056779,2026-04-25T15:31:47.580Z,https://drive.google.com/file/d/1qXVhEwxGr-MQDTVpNMIvFNm8t3dKCMZR/view?usp=drivesdk,https/__openalex.org_w7155257849,https://drive.google.com/file/d/1qXVhEwxGr-MQDTVpNMIvFNm8t3dKCMZR/preview,https://drive.google.com/file/d/1qXVhEwxGr-MQDTVpNMIvFNm8t3dKCMZR/view
1VV5QKH5rAx5qUhLH7oH8GbmnFwPM0cTP,https___openalex.org_W7155255111.pdf,1723151,2026-04-25T15:31:44.982Z,https://drive.google.com/file/d/1VV5QKH5rAx5qUhLH7oH8GbmnFwPM0cTP/view?usp=drivesdk,https/__openalex.org_w7155255111,https://drive.google.com/file/d/1VV5QKH5rAx5qUhLH7oH8GbmnFwPM0cTP/preview,https://drive.google.com/file/d/1VV5QKH5rAx5qUhLH7oH8GbmnFwPM0cTP/view
16g1ZvO5E0i7vtyK1fNwouAWiL-zM07Fe,https___openalex.org_W7155318168.pdf,5327555,2026-04-25T15:31:42.937Z,https://drive.google.com/file/d/16g1ZvO5E0i7vtyK1fNwouAWiL-zM07Fe/view?usp=drivesdk,https/__openalex.org_w7155318168,https://drive.google.com/file/d/16g1ZvO5E0i7vtyK1fNwouAWiL-zM07Fe/preview,https://drive.google.com/file/d/16g1ZvO5E0i7vtyK1fNwouAWiL-zM07Fe/view
1qeLgXJXR4NH3v_34CTnA4Tm2r7uI9XHz,https___openalex.org_W7155261545.pdf,2736606,2026-04-25T15:31:34.165Z,https://drive.google.com/file/d/1qeLgXJXR4NH3v_34CTnA4Tm2r7uI9XHz/view?usp=drivesdk,https/__openalex.org_w7155261545,https://drive.google.com/file/d/1qeLgXJXR4NH3v_34CTnA4Tm2r7uI9XHz/preview,https://drive.google.com/file/d/1qeLgXJXR4NH3v_34CTnA4Tm2r7uI9XHz/view
1Hdair-eI-X6E6wd9Imo99phJpF8Pi-bQ,https___openalex.org_W7155256221.pdf,3772086,2026-04-25T15:31:30.214Z,https://drive.google.com/file/d/1Hdair-eI-X6E6wd9Imo99phJpF8Pi-bQ/view?usp=drivesdk,https/__openalex.org_w7155256221,https://drive.google.com/file/d/1Hdair-eI-X6E6wd9Imo99phJpF8Pi-bQ/preview,https://drive.google.com/file/d/1Hdair-eI-X6E6wd9Imo99phJpF8Pi-bQ/view
1BRzEUGS3kZCbrgEJYeA-j4ESWxfNlQOJ,https___openalex.org_W7155267595.pdf,805141,2026-04-25T15:31:27.496Z,https://drive.google.com/file/d/1BRzEUGS3kZCbrgEJYeA-j4ESWxfNlQOJ/view?usp=drivesdk,https/__openalex.org_w7155267595,https://drive.google.com/file/d/1BRzEUGS3kZCbrgEJYeA-j4ESWxfNlQOJ/preview,https://drive.google.com/file/d/1BRzEUGS3kZCbrgEJYeA-j4ESWxfNlQOJ/view
1WvvewDfRBzXhIAD_sQtpMViE42lUlqzw,https___openalex.org_W7155312987.pdf,2786496,2026-04-25T15:31:24.154Z,https://drive.google.com/file/d/1WvvewDfRBzXhIAD_sQtpMViE42lUlqzw/view?usp=drivesdk,https/__openalex.org_w7155312987,https://drive.google.com/file/d/1WvvewDfRBzXhIAD_sQtpMViE42lUlqzw/preview,https://drive.google.com/file/d/1WvvewDfRBzXhIAD_sQtpMViE42lUlqzw/view
1ECQMGnNq3DIKdBZo2VRf2ttOg0P0z2Fq,https___openalex.org_W7155266851.pdf,1736991,2026-04-25T15:31:22.249Z,https://drive.google.com/file/d/1ECQMGnNq3DIKdBZo2VRf2ttOg0P0z2Fq/view?usp=drivesdk,https/__openalex.org_w7155266851,https://drive.google.com/file/d/1ECQMGnNq3DIKdBZo2VRf2ttOg0P0z2Fq/preview,https://drive.google.com/file/d/1ECQMGnNq3DIKdBZo2VRf2ttOg0P0z2Fq/view
1A8qPgi29xy8bwSHcsdzOAWPijU3sa3rr,https___openalex.org_W7155260460.pdf,2892248,2026-04-25T15:31:18.431Z,https://drive.google.com/file/d/1A8qPgi29xy8bwSHcsdzOAWPijU3sa3rr/view?usp=drivesdk,https/__openalex.org_w7155260460,https://drive.google.com/file/d/1A8qPgi29xy8bwSHcsdzOAWPijU3sa3rr/preview,https://drive.google.com/file/d/1A8qPgi29xy8bwSHcsdzOAWPijU3sa3rr/view
1StjEkENIX3UBRik5ON9jY82jQwEWI5Sm,https___openalex.org_W7155254751.pdf,2675040,2026-04-25T15:31:15.587Z,https://drive.google.com/file/d/1StjEkENIX3UBRik5ON9jY82jQwEWI5Sm/view?usp=drivesdk,https/__openalex.org_w7155254751,https://drive.google.com/file/d/1StjEkENIX3UBRik5ON9jY82jQwEWI5Sm/preview,https://drive.google.com/file/d/1StjEkENIX3UBRik5ON9jY82jQwEWI5Sm/view
1bdk35FoFmIDpLvug1UQzxeRtX99UfYRf,https___openalex.org_W7155253478.pdf,5221108,2026-04-25T15:31:14.204Z,https://drive.google.com/file/d/1bdk35FoFmIDpLvug1UQzxeRtX99UfYRf/view?usp=drivesdk,https/__openalex.org_w7155253478,https://drive.google.com/file/d/1bdk35FoFmIDpLvug1UQzxeRtX99UfYRf/preview,https://drive.google.com/file/d/1bdk35FoFmIDpLvug1UQzxeRtX99UfYRf/view
1AM5EIWJbkczbAGyyWxdF4j_JQgIAYflI,https___openalex.org_W7155264331.pdf,196115,2026-04-25T15:31:12.672Z,https://drive.google.com/file/d/1AM5EIWJbkczbAGyyWxdF4j_JQgIAYflI/view?usp=drivesdk,https/__openalex.org_w7155264331,https://drive.google.com/file/d/1AM5EIWJbkczbAGyyWxdF4j_JQgIAYflI/preview,https://drive.google.com/file/d/1AM5EIWJbkczbAGyyWxdF4j_JQgIAYflI/view
1H9xG4aRPrAIPae43EkBP--k-fGmNB_XF,https___openalex.org_W7155291482.pdf,1011507,2026-04-25T15:31:11.071Z,https://drive.google.com/file/d/1H9xG4aRPrAIPae43EkBP--k-fGmNB_XF/view?usp=drivesdk,https/__openalex.org_w7155291482,https://drive.google.com/file/d/1H9xG4aRPrAIPae43EkBP--k-fGmNB_XF/preview,https://drive.google.com/file/d/1H9xG4aRPrAIPae43EkBP--k-fGmNB_XF/view
1GIKLX4zzbwWqtAy1sc9ubKdh8tWGJjuj,https___openalex.org_W7155256444.pdf,1970491,2026-04-25T15:31:09.657Z,https://drive.google.com/file/d/1GIKLX4zzbwWqtAy1sc9ubKdh8tWGJjuj/view?usp=drivesdk,https/__openalex.org_w7155256444,https://drive.google.com/file/d/1GIKLX4zzbwWqtAy1sc9ubKdh8tWGJjuj/preview,https://drive.google.com/file/d/1GIKLX4zzbwWqtAy1sc9ubKdh8tWGJjuj/view
1TaCTVNkZ-3zmqsmDnNJyEyUonV7jEgtE,https___openalex.org_W7155303858.pdf,3744290,2026-04-25T15:31:07.923Z,https://drive.google.com/file/d/1TaCTVNkZ-3zmqsmDnNJyEyUonV7jEgtE/view?usp=drivesdk,https/__openalex.org_w7155303858,https://drive.google.com/file/d/1TaCTVNkZ-3zmqsmDnNJyEyUonV7jEgtE/preview,https://drive.google.com/file/d/1TaCTVNkZ-3zmqsmDnNJyEyUonV7jEgtE/view
1_4fGOOSlEyJtFm2WxoAS4faPMfOfvxNM,10.35537_10915_193460.pdf,1779795,2026-04-25T15:31:03.104Z,https://drive.google.com/file/d/1_4fGOOSlEyJtFm2WxoAS4faPMfOfvxNM/view?usp=drivesdk,10.35537/10915_193460,https://drive.google.com/file/d/1_4fGOOSlEyJtFm2WxoAS4faPMfOfvxNM/preview,https://drive.google.com/file/d/1_4fGOOSlEyJtFm2WxoAS4faPMfOfvxNM/view
1_BpabUYz-7U_sAROcYTDocFYJfc4qflx,https___openalex.org_W7155252735.pdf,719081,2026-04-25T15:30:35.881Z,https://drive.google.com/file/d/1_BpabUYz-7U_sAROcYTDocFYJfc4qflx/view?usp=drivesdk,https/__openalex.org_w7155252735,https://drive.google.com/file/d/1_BpabUYz-7U_sAROcYTDocFYJfc4qflx/preview,https://drive.google.com/file/d/1_BpabUYz-7U_sAROcYTDocFYJfc4qflx/view
15WZh_tVKqODM0j01DR0RV9Z7ozabJTVC,https___openalex.org_W7155302713.pdf,2293244,2026-04-25T15:30:33.564Z,https://drive.google.com/file/d/15WZh_tVKqODM0j01DR0RV9Z7ozabJTVC/view?usp=drivesdk,https/__openalex.org_w7155302713,https://drive.google.com/file/d/15WZh_tVKqODM0j01DR0RV9Z7ozabJTVC/preview,https://drive.google.com/file/d/15WZh_tVKqODM0j01DR0RV9Z7ozabJTVC/view
1G7wZnfNZWotkc47ec0C4dOZJxESV51O6,https___openalex.org_W7155250463.pdf,2629185,2026-04-25T15:30:32.123Z,https://drive.google.com/file/d/1G7wZnfNZWotkc47ec0C4dOZJxESV51O6/view?usp=drivesdk,https/__openalex.org_w7155250463,https://drive.google.com/file/d/1G7wZnfNZWotkc47ec0C4dOZJxESV51O6/preview,https://drive.google.com/file/d/1G7wZnfNZWotkc47ec0C4dOZJxESV51O6/view
1nC8FONa580F_k3MdnFY4k8qDztxfoJfO,https___openalex.org_W7155316404.pdf,3533486,2026-04-25T15:30:30.265Z,https://drive.google.com/file/d/1nC8FONa580F_k3MdnFY4k8qDztxfoJfO/view?usp=drivesdk,https/__openalex.org_w7155316404,https://drive.google.com/file/d/1nC8FONa580F_k3MdnFY4k8qDztxfoJfO/preview,https://drive.google.com/file/d/1nC8FONa580F_k3MdnFY4k8qDztxfoJfO/view
1ayBphKadxo05nX6sIl1RXiG-nHgdWSzr,https___openalex.org_W7155257923.pdf,808552,2026-04-25T15:30:28.932Z,https://drive.google.com/file/d/1ayBphKadxo05nX6sIl1RXiG-nHgdWSzr/view?usp=drivesdk,https/__openalex.org_w7155257923,https://drive.google.com/file/d/1ayBphKadxo05nX6sIl1RXiG-nHgdWSzr/preview,https://drive.google.com/file/d/1ayBphKadxo05nX6sIl1RXiG-nHgdWSzr/view
176jFp2mU5Tjb7ruTQeJ0FHvnCvSqwInX,https___openalex.org_W7155255385.pdf,1272711,2026-04-25T15:30:25.874Z,https://drive.google.com/file/d/176jFp2mU5Tjb7ruTQeJ0FHvnCvSqwInX/view?usp=drivesdk,https/__openalex.org_w7155255385,https://drive.google.com/file/d/176jFp2mU5Tjb7ruTQeJ0FHvnCvSqwInX/preview,https://drive.google.com/file/d/176jFp2mU5Tjb7ruTQeJ0FHvnCvSqwInX/view
1wqi9pnIdID3ORIzKcAt_k0h5Os7pZmlq,https___openalex.org_W7155252619.pdf,1368721,2026-04-25T15:29:50.029Z,https://drive.google.com/file/d/1wqi9pnIdID3ORIzKcAt_k0h5Os7pZmlq/view?usp=drivesdk,https/__openalex.org_w7155252619,https://drive.google.com/file/d/1wqi9pnIdID3ORIzKcAt_k0h5Os7pZmlq/preview,https://drive.google.com/file/d/1wqi9pnIdID3ORIzKcAt_k0h5Os7pZmlq/view
1q-srvsTT--4aQOiWLg6sQo-YzBy0Ut_F,https___openalex.org_W7155261815.pdf,727664,2026-04-25T15:29:48.634Z,https://drive.google.com/file/d/1q-srvsTT--4aQOiWLg6sQo-YzBy0Ut_F/view?usp=drivesdk,https/__openalex.org_w7155261815,https://drive.google.com/file/d/1q-srvsTT--4aQOiWLg6sQo-YzBy0Ut_F/preview,https://drive.google.com/file/d/1q-srvsTT--4aQOiWLg6sQo-YzBy0Ut_F/view
17fvx1SBPv_bLVs4JKljF3QgwTtcLDEuY,https___openalex.org_W7155280653.pdf,1850757,2026-04-25T15:29:38.738Z,https://drive.google.com/file/d/17fvx1SBPv_bLVs4JKljF3QgwTtcLDEuY/view?usp=drivesdk,https/__openalex.org_w7155280653,https://drive.google.com/file/d/17fvx1SBPv_bLVs4JKljF3QgwTtcLDEuY/preview,https://drive.google.com/file/d/17fvx1SBPv_bLVs4JKljF3QgwTtcLDEuY/view
18G8DsJrN8GHWK4C1_vVOCulq7H5BZzeb,https___openalex.org_W7155278988.pdf,1490820,2026-04-25T15:29:35.183Z,https://drive.google.com/file/d/18G8DsJrN8GHWK4C1_vVOCulq7H5BZzeb/view?usp=drivesdk,https/__openalex.org_w7155278988,https://drive.google.com/file/d/18G8DsJrN8GHWK4C1_vVOCulq7H5BZzeb/preview,https://drive.google.com/file/d/18G8DsJrN8GHWK4C1_vVOCulq7H5BZzeb/view
1bCrUxtDQ50qhqxQnCoS2d7z9dahFM1ON,https___openalex.org_W7155261879.pdf,2848440,2026-04-25T15:29:30.060Z,https://drive.google.com/file/d/1bCrUxtDQ50qhqxQnCoS2d7z9dahFM1ON/view?usp=drivesdk,https/__openalex.org_w7155261879,https://drive.google.com/file/d/1bCrUxtDQ50qhqxQnCoS2d7z9dahFM1ON/preview,https://drive.google.com/file/d/1bCrUxtDQ50qhqxQnCoS2d7z9dahFM1ON/view
1QZQL11V4WftMr5RSNogghGKAhSvNwqwI,https___openalex.org_W7155345198.pdf,1632355,2026-04-25T15:29:21.633Z,https://drive.google.com/file/d/1QZQL11V4WftMr5RSNogghGKAhSvNwqwI/view?usp=drivesdk,https/__openalex.org_w7155345198,https://drive.google.com/file/d/1QZQL11V4WftMr5RSNogghGKAhSvNwqwI/preview,https://drive.google.com/file/d/1QZQL11V4WftMr5RSNogghGKAhSvNwqwI/view
17YeEPZPb6_A_nfc9LRi_Yqje5FkWJRJW,https___openalex.org_W7155316799.pdf,9387383,2026-04-25T15:29:19.962Z,https://drive.google.com/file/d/17YeEPZPb6_A_nfc9LRi_Yqje5FkWJRJW/view?usp=drivesdk,https/__openalex.org_w7155316799,https://drive.google.com/file/d/17YeEPZPb6_A_nfc9LRi_Yqje5FkWJRJW/preview,https://drive.google.com/file/d/17YeEPZPb6_A_nfc9LRi_Yqje5FkWJRJW/view
1TFBU-u-R7EHtRdlGXPzJkdZ6VAnyZK_2,https___openalex.org_W7155275412.pdf,423483,2026-04-25T15:28:40.319Z,https://drive.google.com/file/d/1TFBU-u-R7EHtRdlGXPzJkdZ6VAnyZK_2/view?usp=drivesdk,https/__openalex.org_w7155275412,https://drive.google.com/file/d/1TFBU-u-R7EHtRdlGXPzJkdZ6VAnyZK_2/preview,https://drive.google.com/file/d/1TFBU-u-R7EHtRdlGXPzJkdZ6VAnyZK_2/view
1Ebzljj6No0jJ7v3FlUH0EWSVeAnMiIA7,https___openalex.org_W7155287450.pdf,498944,2026-04-25T15:28:39.224Z,https://drive.google.com/file/d/1Ebzljj6No0jJ7v3FlUH0EWSVeAnMiIA7/view?usp=drivesdk,https/__openalex.org_w7155287450,https://drive.google.com/file/d/1Ebzljj6No0jJ7v3FlUH0EWSVeAnMiIA7/preview,https://drive.google.com/file/d/1Ebzljj6No0jJ7v3FlUH0EWSVeAnMiIA7/view
1o9hfUUWHaq33vow__ODgZopUJ8XIs5Jg,https___openalex.org_W7155308918.pdf,6247842,2026-04-25T15:28:37.326Z,https://drive.google.com/file/d/1o9hfUUWHaq33vow__ODgZopUJ8XIs5Jg/view?usp=drivesdk,https/__openalex.org_w7155308918,https://drive.google.com/file/d/1o9hfUUWHaq33vow__ODgZopUJ8XIs5Jg/preview,https://drive.google.com/file/d/1o9hfUUWHaq33vow__ODgZopUJ8XIs5Jg/view
17-_50EGpw83e3ilclkgAx-IH614Ad28U,https___openalex.org_W7155298969.pdf,269291,2026-04-25T15:28:28.679Z,https://drive.google.com/file/d/17-_50EGpw83e3ilclkgAx-IH614Ad28U/view?usp=drivesdk,https/__openalex.org_w7155298969,https://drive.google.com/file/d/17-_50EGpw83e3ilclkgAx-IH614Ad28U/preview,https://drive.google.com/file/d/17-_50EGpw83e3ilclkgAx-IH614Ad28U/view
1tsdNeAtjLuctAA3fOQ1sK3wGYbNAHQ5-,https___openalex.org_W7155252711.pdf,1466610,2026-04-25T15:28:27.201Z,https://drive.google.com/file/d/1tsdNeAtjLuctAA3fOQ1sK3wGYbNAHQ5-/view?usp=drivesdk,https/__openalex.org_w7155252711,https://drive.google.com/file/d/1tsdNeAtjLuctAA3fOQ1sK3wGYbNAHQ5-/preview,https://drive.google.com/file/d/1tsdNeAtjLuctAA3fOQ1sK3wGYbNAHQ5-/view
1vlsgEP4T1AzT679mAP4oDlOeh0dxN4Ot,https___openalex.org_W7155301455.pdf,3139443,2026-04-25T15:28:25.371Z,https://drive.google.com/file/d/1vlsgEP4T1AzT679mAP4oDlOeh0dxN4Ot/view?usp=drivesdk,https/__openalex.org_w7155301455,https://drive.google.com/file/d/1vlsgEP4T1AzT679mAP4oDlOeh0dxN4Ot/preview,https://drive.google.com/file/d/1vlsgEP4T1AzT679mAP4oDlOeh0dxN4Ot/view
1Ww8EGwrVY7HYVzABGmMMIjB1R7mTA1CA,https___openalex.org_W7070706359.pdf,240561,2026-04-25T15:28:18.052Z,https://drive.google.com/file/d/1Ww8EGwrVY7HYVzABGmMMIjB1R7mTA1CA/view?usp=drivesdk,https/__openalex.org_w7070706359,https://drive.google.com/file/d/1Ww8EGwrVY7HYVzABGmMMIjB1R7mTA1CA/preview,https://drive.google.com/file/d/1Ww8EGwrVY7HYVzABGmMMIjB1R7mTA1CA/view
1bAd_QRmcWmY7Vu11R-yiSJ4CrbVWaTdd,https___openalex.org_W7155299268.pdf,2102245,2026-04-25T15:28:14.209Z,https://drive.google.com/file/d/1bAd_QRmcWmY7Vu11R-yiSJ4CrbVWaTdd/view?usp=drivesdk,https/__openalex.org_w7155299268,https://drive.google.com/file/d/1bAd_QRmcWmY7Vu11R-yiSJ4CrbVWaTdd/preview,https://drive.google.com/file/d/1bAd_QRmcWmY7Vu11R-yiSJ4CrbVWaTdd/view
1IjY6T-479ZwRrSO1dMEuY-jmX59_pSub,https___openalex.org_W7155302898.pdf,5684348,2026-04-25T15:28:11.354Z,https://drive.google.com/file/d/1IjY6T-479ZwRrSO1dMEuY-jmX59_pSub/view?usp=drivesdk,https/__openalex.org_w7155302898,https://drive.google.com/file/d/1IjY6T-479ZwRrSO1dMEuY-jmX59_pSub/preview,https://drive.google.com/file/d/1IjY6T-479ZwRrSO1dMEuY-jmX59_pSub/view
1x90jErYzo9qvMB4sOUUr2O6JscR8Frwn,https___openalex.org_W7155295686.pdf,6604039,2026-04-25T15:28:08.903Z,https://drive.google.com/file/d/1x90jErYzo9qvMB4sOUUr2O6JscR8Frwn/view?usp=drivesdk,https/__openalex.org_w7155295686,https://drive.google.com/file/d/1x90jErYzo9qvMB4sOUUr2O6JscR8Frwn/preview,https://drive.google.com/file/d/1x90jErYzo9qvMB4sOUUr2O6JscR8Frwn/view
1ltkbLq1ViySUpa6Trqfgx1WO9jPopwKo,https___openalex.org_W7155311400.pdf,4807680,2026-04-25T15:28:07.145Z,https://drive.google.com/file/d/1ltkbLq1ViySUpa6Trqfgx1WO9jPopwKo/view?usp=drivesdk,https/__openalex.org_w7155311400,https://drive.google.com/file/d/1ltkbLq1ViySUpa6Trqfgx1WO9jPopwKo/preview,https://drive.google.com/file/d/1ltkbLq1ViySUpa6Trqfgx1WO9jPopwKo/view
1uRAex37Vn2AbF6nX51MgK2rvFbKTaunH,https___openalex.org_W7155257527.pdf,334236,2026-04-25T15:28:05.368Z,https://drive.google.com/file/d/1uRAex37Vn2AbF6nX51MgK2rvFbKTaunH/view?usp=drivesdk,https/__openalex.org_w7155257527,https://drive.google.com/file/d/1uRAex37Vn2AbF6nX51MgK2rvFbKTaunH/preview,https://drive.google.com/file/d/1uRAex37Vn2AbF6nX51MgK2rvFbKTaunH/view
1mbV6CG4kgkxxzZJnJROk6D-8r9VsoPZI,https___openalex.org_W7155264017.pdf,1425443,2026-04-25T15:28:03.967Z,https://drive.google.com/file/d/1mbV6CG4kgkxxzZJnJROk6D-8r9VsoPZI/view?usp=drivesdk,https/__openalex.org_w7155264017,https://drive.google.com/file/d/1mbV6CG4kgkxxzZJnJROk6D-8r9VsoPZI/preview,https://drive.google.com/file/d/1mbV6CG4kgkxxzZJnJROk6D-8r9VsoPZI/view
1aupsJ4n34YLmnpJi_NwvMexn12Lcmyp1,https___openalex.org_W7155249715.pdf,1436305,2026-04-25T15:28:01.239Z,https://drive.google.com/file/d/1aupsJ4n34YLmnpJi_NwvMexn12Lcmyp1/view?usp=drivesdk,https/__openalex.org_w7155249715,https://drive.google.com/file/d/1aupsJ4n34YLmnpJi_NwvMexn12Lcmyp1/preview,https://drive.google.com/file/d/1aupsJ4n34YLmnpJi_NwvMexn12Lcmyp1/view
1cDlgB-S_zzmKaw3jQqnLa34cLULMInVp,https___openalex.org_W7155305706.pdf,2057294,2026-04-25T15:27:58.867Z,https://drive.google.com/file/d/1cDlgB-S_zzmKaw3jQqnLa34cLULMInVp/view?usp=drivesdk,https/__openalex.org_w7155305706,https://drive.google.com/file/d/1cDlgB-S_zzmKaw3jQqnLa34cLULMInVp/preview,https://drive.google.com/file/d/1cDlgB-S_zzmKaw3jQqnLa34cLULMInVp/view
1LtBfv1Mvy-c6zX1nHiboFRjuTSWnajEV,https___openalex.org_W7155259849.pdf,4542182,2026-04-25T15:27:57.437Z,https://drive.google.com/file/d/1LtBfv1Mvy-c6zX1nHiboFRjuTSWnajEV/view?usp=drivesdk,https/__openalex.org_w7155259849,https://drive.google.com/file/d/1LtBfv1Mvy-c6zX1nHiboFRjuTSWnajEV/preview,https://drive.google.com/file/d/1LtBfv1Mvy-c6zX1nHiboFRjuTSWnajEV/view
1qXrERsXnv6q86vF9KyPmX5nOiP4dsjLp,https___openalex.org_W7155248426.pdf,2998738,2026-04-25T15:27:53.924Z,https://drive.google.com/file/d/1qXrERsXnv6q86vF9KyPmX5nOiP4dsjLp/view?usp=drivesdk,https/__openalex.org_w7155248426,https://drive.google.com/file/d/1qXrERsXnv6q86vF9KyPmX5nOiP4dsjLp/preview,https://drive.google.com/file/d/1qXrERsXnv6q86vF9KyPmX5nOiP4dsjLp/view
1CaGAhMQYjkv_uybHCotDgA_cy3Yu5ThH,https___openalex.org_W7155283425.pdf,1615579,2026-04-25T15:27:49.200Z,https://drive.google.com/file/d/1CaGAhMQYjkv_uybHCotDgA_cy3Yu5ThH/view?usp=drivesdk,https/__openalex.org_w7155283425,https://drive.google.com/file/d/1CaGAhMQYjkv_uybHCotDgA_cy3Yu5ThH/preview,https://drive.google.com/file/d/1CaGAhMQYjkv_uybHCotDgA_cy3Yu5ThH/view
11DsQUauuIWCzj9E-VxKeKQb2Fj5Yx2su,https___openalex.org_W7155259060.pdf,1752405,2026-04-25T15:27:46.756Z,https://drive.google.com/file/d/11DsQUauuIWCzj9E-VxKeKQb2Fj5Yx2su/view?usp=drivesdk,https/__openalex.org_w7155259060,https://drive.google.com/file/d/11DsQUauuIWCzj9E-VxKeKQb2Fj5Yx2su/preview,https://drive.google.com/file/d/11DsQUauuIWCzj9E-VxKeKQb2Fj5Yx2su/view
1285fmFXetd-jv2saGGNUTk4mmjfeJmT_,https___openalex.org_W7155286386.pdf,2479551,2026-04-25T15:27:42.401Z,https://drive.google.com/file/d/1285fmFXetd-jv2saGGNUTk4mmjfeJmT_/view?usp=drivesdk,https/__openalex.org_w7155286386,https://drive.google.com/file/d/1285fmFXetd-jv2saGGNUTk4mmjfeJmT_/preview,https://drive.google.com/file/d/1285fmFXetd-jv2saGGNUTk4mmjfeJmT_/view
1Ndd7crw7cpxFgIUAHNBToTyfeEoy5zkV,https___openalex.org_W7155257687.pdf,365584,2026-04-25T15:27:40.766Z,https://drive.google.com/file/d/1Ndd7crw7cpxFgIUAHNBToTyfeEoy5zkV/view?usp=drivesdk,https/__openalex.org_w7155257687,https://drive.google.com/file/d/1Ndd7crw7cpxFgIUAHNBToTyfeEoy5zkV/preview,https://drive.google.com/file/d/1Ndd7crw7cpxFgIUAHNBToTyfeEoy5zkV/view
1KQVnM25cUPVs1LY8CqPsNsA1il00elpJ,https___openalex.org_W7155259253.pdf,1446806,2026-04-25T15:27:39.422Z,https://drive.google.com/file/d/1KQVnM25cUPVs1LY8CqPsNsA1il00elpJ/view?usp=drivesdk,https/__openalex.org_w7155259253,https://drive.google.com/file/d/1KQVnM25cUPVs1LY8CqPsNsA1il00elpJ/preview,https://drive.google.com/file/d/1KQVnM25cUPVs1LY8CqPsNsA1il00elpJ/view
1hQ4b83qZVfAXFmMlSda7cSU-WenA9lwj,https___openalex.org_W7155295467.pdf,3189619,2026-04-25T15:27:37.054Z,https://drive.google.com/file/d/1hQ4b83qZVfAXFmMlSda7cSU-WenA9lwj/view?usp=drivesdk,https/__openalex.org_w7155295467,https://drive.google.com/file/d/1hQ4b83qZVfAXFmMlSda7cSU-WenA9lwj/preview,https://drive.google.com/file/d/1hQ4b83qZVfAXFmMlSda7cSU-WenA9lwj/view
1Y4HXZxuQj8XdCW_Ut4_knz2H4clPio6i,https___openalex.org_W7155248657.pdf,1408500,2026-04-25T15:27:30.085Z,https://drive.google.com/file/d/1Y4HXZxuQj8XdCW_Ut4_knz2H4clPio6i/view?usp=drivesdk,https/__openalex.org_w7155248657,https://drive.google.com/file/d/1Y4HXZxuQj8XdCW_Ut4_knz2H4clPio6i/preview,https://drive.google.com/file/d/1Y4HXZxuQj8XdCW_Ut4_knz2H4clPio6i/view
1arJdJVKDLD0WU3p7IqK-10PM1cV0tByC,https___openalex.org_W7155277924.pdf,513238,2026-04-25T15:27:28.444Z,https://drive.google.com/file/d/1arJdJVKDLD0WU3p7IqK-10PM1cV0tByC/view?usp=drivesdk,https/__openalex.org_w7155277924,https://drive.google.com/file/d/1arJdJVKDLD0WU3p7IqK-10PM1cV0tByC/preview,https://drive.google.com/file/d/1arJdJVKDLD0WU3p7IqK-10PM1cV0tByC/view
16TntvaZIEPeqkctgggbciAPqCCuVKRUA,https___openalex.org_W7155280228.pdf,471334,2026-04-25T15:27:26.651Z,https://drive.google.com/file/d/16TntvaZIEPeqkctgggbciAPqCCuVKRUA/view?usp=drivesdk,https/__openalex.org_w7155280228,https://drive.google.com/file/d/16TntvaZIEPeqkctgggbciAPqCCuVKRUA/preview,https://drive.google.com/file/d/16TntvaZIEPeqkctgggbciAPqCCuVKRUA/view
16gDt3SXi66zd7P8mNbYHcFDfN37_TW4s,https___openalex.org_W7155276938.pdf,3778443,2026-04-25T15:27:24.228Z,https://drive.google.com/file/d/16gDt3SXi66zd7P8mNbYHcFDfN37_TW4s/view?usp=drivesdk,https/__openalex.org_w7155276938,https://drive.google.com/file/d/16gDt3SXi66zd7P8mNbYHcFDfN37_TW4s/preview,https://drive.google.com/file/d/16gDt3SXi66zd7P8mNbYHcFDfN37_TW4s/view
1I4jo-G2mDfe_UguLiyPJ_GL0tpKbLsae,https___openalex.org_W7155319050.pdf,360072,2026-04-25T15:27:18.008Z,https://drive.google.com/file/d/1I4jo-G2mDfe_UguLiyPJ_GL0tpKbLsae/view?usp=drivesdk,https/__openalex.org_w7155319050,https://drive.google.com/file/d/1I4jo-G2mDfe_UguLiyPJ_GL0tpKbLsae/preview,https://drive.google.com/file/d/1I4jo-G2mDfe_UguLiyPJ_GL0tpKbLsae/view
1MYAEq0Q_746hx9IF6I_Q2OEPUZuxqRtc,https___openalex.org_W7155282813.pdf,3382784,2026-04-25T15:27:15.692Z,https://drive.google.com/file/d/1MYAEq0Q_746hx9IF6I_Q2OEPUZuxqRtc/view?usp=drivesdk,https/__openalex.org_w7155282813,https://drive.google.com/file/d/1MYAEq0Q_746hx9IF6I_Q2OEPUZuxqRtc/preview,https://drive.google.com/file/d/1MYAEq0Q_746hx9IF6I_Q2OEPUZuxqRtc/view
15tGs9NbMJqS7iEYAn-kRAc0Y4fy3P1kR,https___openalex.org_W7155302592.pdf,2451773,2026-04-25T15:27:12.961Z,https://drive.google.com/file/d/15tGs9NbMJqS7iEYAn-kRAc0Y4fy3P1kR/view?usp=drivesdk,https/__openalex.org_w7155302592,https://drive.google.com/file/d/15tGs9NbMJqS7iEYAn-kRAc0Y4fy3P1kR/preview,https://drive.google.com/file/d/15tGs9NbMJqS7iEYAn-kRAc0Y4fy3P1kR/view
1uwjIfgxv90jBjIUcq_OoUQHJ-w2CnSFk,10.59298_rijre_2025_515359.pdf,227837,2026-04-25T14:55:00.315Z,https://drive.google.com/file/d/1uwjIfgxv90jBjIUcq_OoUQHJ-w2CnSFk/view?usp=drivesdk,10.59298/rijre_2025_515359,https://drive.google.com/file/d/1uwjIfgxv90jBjIUcq_OoUQHJ-w2CnSFk/preview,https://drive.google.com/file/d/1uwjIfgxv90jBjIUcq_OoUQHJ-w2CnSFk/view
1DgNadAiEE_nroEU0HZZlc5NmA-dzFiUN,10.29121_granthaalayah.v9.i5.2021.3943.pdf,315172,2026-04-25T14:54:58.731Z,https://drive.google.com/file/d/1DgNadAiEE_nroEU0HZZlc5NmA-dzFiUN/view?usp=drivesdk,10.29121/granthaalayah.v9.i5.2021.3943,https://drive.google.com/file/d/1DgNadAiEE_nroEU0HZZlc5NmA-dzFiUN/preview,https://drive.google.com/file/d/1DgNadAiEE_nroEU0HZZlc5NmA-dzFiUN/view
14yFvwaEbwbea2Y1Kw4jsyYaXzdJfYvUw,10.58837_chula.educu.49.2.9.pdf,411365,2026-04-25T14:54:56.869Z,https://drive.google.com/file/d/14yFvwaEbwbea2Y1Kw4jsyYaXzdJfYvUw/view?usp=drivesdk,10.58837/chula.educu.49.2.9,https://drive.google.com/file/d/14yFvwaEbwbea2Y1Kw4jsyYaXzdJfYvUw/preview,https://drive.google.com/file/d/14yFvwaEbwbea2Y1Kw4jsyYaXzdJfYvUw/view
1ZxV9PgZUuKVxt8xJn9RiAwEo-_vnKLBj,10.21831_cp.v43i3.74834.pdf,208906,2026-04-25T14:54:54.550Z,https://drive.google.com/file/d/1ZxV9PgZUuKVxt8xJn9RiAwEo-_vnKLBj/view?usp=drivesdk,10.21831/cp.v43i3.74834,https://drive.google.com/file/d/1ZxV9PgZUuKVxt8xJn9RiAwEo-_vnKLBj/preview,https://drive.google.com/file/d/1ZxV9PgZUuKVxt8xJn9RiAwEo-_vnKLBj/view
1r9m74nDcvDcwQoTt0JI6C1IjcwZEHJqu,https___openalex.org_W7155312407.pdf,2754042,2026-04-25T14:54:50.593Z,https://drive.google.com/file/d/1r9m74nDcvDcwQoTt0JI6C1IjcwZEHJqu/view?usp=drivesdk,https/__openalex.org_w7155312407,https://drive.google.com/file/d/1r9m74nDcvDcwQoTt0JI6C1IjcwZEHJqu/preview,https://drive.google.com/file/d/1r9m74nDcvDcwQoTt0JI6C1IjcwZEHJqu/view
1mBVzsFEjg5qop8Kxy-6NrSfpNKLf9g8Y,https___openalex.org_W7155285673.pdf,441465,2026-04-25T14:54:47.545Z,https://drive.google.com/file/d/1mBVzsFEjg5qop8Kxy-6NrSfpNKLf9g8Y/view?usp=drivesdk,https/__openalex.org_w7155285673,https://drive.google.com/file/d/1mBVzsFEjg5qop8Kxy-6NrSfpNKLf9g8Y/preview,https://drive.google.com/file/d/1mBVzsFEjg5qop8Kxy-6NrSfpNKLf9g8Y/view
1iWnyJOitqkaJWqdAn0MS_0zwX1xxS_58,https___openalex.org_W7155311713.pdf,1987988,2026-04-25T14:54:41.109Z,https://drive.google.com/file/d/1iWnyJOitqkaJWqdAn0MS_0zwX1xxS_58/view?usp=drivesdk,https/__openalex.org_w7155311713,https://drive.google.com/file/d/1iWnyJOitqkaJWqdAn0MS_0zwX1xxS_58/preview,https://drive.google.com/file/d/1iWnyJOitqkaJWqdAn0MS_0zwX1xxS_58/view
1MN6xeJEAIwzzNmfFeu3l-6RsjM5XX3dr,https___openalex.org_W7155332293.pdf,3871053,2026-04-25T14:54:34.865Z,https://drive.google.com/file/d/1MN6xeJEAIwzzNmfFeu3l-6RsjM5XX3dr/view?usp=drivesdk,https/__openalex.org_w7155332293,https://drive.google.com/file/d/1MN6xeJEAIwzzNmfFeu3l-6RsjM5XX3dr/preview,https://drive.google.com/file/d/1MN6xeJEAIwzzNmfFeu3l-6RsjM5XX3dr/view
1_mQoEpawCvs2zMvoWRMfiHvsc8v9Ee4U,https___openalex.org_W7155294642.pdf,2346621,2026-04-25T14:54:29.314Z,https://drive.google.com/file/d/1_mQoEpawCvs2zMvoWRMfiHvsc8v9Ee4U/view?usp=drivesdk,https/__openalex.org_w7155294642,https://drive.google.com/file/d/1_mQoEpawCvs2zMvoWRMfiHvsc8v9Ee4U/preview,https://drive.google.com/file/d/1_mQoEpawCvs2zMvoWRMfiHvsc8v9Ee4U/view
16r7z1OnBJKhyMqM9jxCIiM9EbkxTvbjf,https___openalex.org_W7155264637.pdf,607234,2026-04-25T14:54:25.181Z,https://drive.google.com/file/d/16r7z1OnBJKhyMqM9jxCIiM9EbkxTvbjf/view?usp=drivesdk,https/__openalex.org_w7155264637,https://drive.google.com/file/d/16r7z1OnBJKhyMqM9jxCIiM9EbkxTvbjf/preview,https://drive.google.com/file/d/16r7z1OnBJKhyMqM9jxCIiM9EbkxTvbjf/view
1DKmZ5t3fz9jssseBS3oMA1wjKoLuQJC-,https___openalex.org_W7155311124.pdf,860793,2026-04-25T14:54:11.036Z,https://drive.google.com/file/d/1DKmZ5t3fz9jssseBS3oMA1wjKoLuQJC-/view?usp=drivesdk,https/__openalex.org_w7155311124,https://drive.google.com/file/d/1DKmZ5t3fz9jssseBS3oMA1wjKoLuQJC-/preview,https://drive.google.com/file/d/1DKmZ5t3fz9jssseBS3oMA1wjKoLuQJC-/view
1Z2v2DDAXNDE517fKpVU1fQ3jxzQzMrkl,https___openalex.org_W7155306719.pdf,1243496,2026-04-25T14:54:08.237Z,https://drive.google.com/file/d/1Z2v2DDAXNDE517fKpVU1fQ3jxzQzMrkl/view?usp=drivesdk,https/__openalex.org_w7155306719,https://drive.google.com/file/d/1Z2v2DDAXNDE517fKpVU1fQ3jxzQzMrkl/preview,https://drive.google.com/file/d/1Z2v2DDAXNDE517fKpVU1fQ3jxzQzMrkl/view
13L-WQ-PAYQsZAtlTmhNYaLm24KLSSgjp,https___openalex.org_W7155262913.pdf,1019538,2026-04-25T14:54:05.519Z,https://drive.google.com/file/d/13L-WQ-PAYQsZAtlTmhNYaLm24KLSSgjp/view?usp=drivesdk,https/__openalex.org_w7155262913,https://drive.google.com/file/d/13L-WQ-PAYQsZAtlTmhNYaLm24KLSSgjp/preview,https://drive.google.com/file/d/13L-WQ-PAYQsZAtlTmhNYaLm24KLSSgjp/view
1pCuOsFwAoO8WEpF_b8IM4Xk7RPGTeCXr,https___openalex.org_W7155273345.pdf,359927,2026-04-25T14:53:37.893Z,https://drive.google.com/file/d/1pCuOsFwAoO8WEpF_b8IM4Xk7RPGTeCXr/view?usp=drivesdk,https/__openalex.org_w7155273345,https://drive.google.com/file/d/1pCuOsFwAoO8WEpF_b8IM4Xk7RPGTeCXr/preview,https://drive.google.com/file/d/1pCuOsFwAoO8WEpF_b8IM4Xk7RPGTeCXr/view
1rld5OSdatm2Sz70tJ84YbeIddJ7zqRb0,https___openalex.org_W7155313139.pdf,988153,2026-04-25T14:53:28.349Z,https://drive.google.com/file/d/1rld5OSdatm2Sz70tJ84YbeIddJ7zqRb0/view?usp=drivesdk,https/__openalex.org_w7155313139,https://drive.google.com/file/d/1rld5OSdatm2Sz70tJ84YbeIddJ7zqRb0/preview,https://drive.google.com/file/d/1rld5OSdatm2Sz70tJ84YbeIddJ7zqRb0/view
14QGFziRBMAT4xXtwI3mZXRd_NOCjjmZa,https___openalex.org_W7155257467.pdf,1382734,2026-04-25T14:53:23.884Z,https://drive.google.com/file/d/14QGFziRBMAT4xXtwI3mZXRd_NOCjjmZa/view?usp=drivesdk,https/__openalex.org_w7155257467,https://drive.google.com/file/d/14QGFziRBMAT4xXtwI3mZXRd_NOCjjmZa/preview,https://drive.google.com/file/d/14QGFziRBMAT4xXtwI3mZXRd_NOCjjmZa/view
16AdE3zN5OkkvzM7_C6hakoENLqHq_0Y6,https___openalex.org_W7155307562.pdf,1905676,2026-04-25T14:53:16.655Z,https://drive.google.com/file/d/16AdE3zN5OkkvzM7_C6hakoENLqHq_0Y6/view?usp=drivesdk,https/__openalex.org_w7155307562,https://drive.google.com/file/d/16AdE3zN5OkkvzM7_C6hakoENLqHq_0Y6/preview,https://drive.google.com/file/d/16AdE3zN5OkkvzM7_C6hakoENLqHq_0Y6/view
1OIDfAzgATEiO8ZwP5KjXPbw-o3C9NvA3,https___openalex.org_W7155260079.pdf,8131200,2026-04-25T14:53:12.087Z,https://drive.google.com/file/d/1OIDfAzgATEiO8ZwP5KjXPbw-o3C9NvA3/view?usp=drivesdk,https/__openalex.org_w7155260079,https://drive.google.com/file/d/1OIDfAzgATEiO8ZwP5KjXPbw-o3C9NvA3/preview,https://drive.google.com/file/d/1OIDfAzgATEiO8ZwP5KjXPbw-o3C9NvA3/view
1_iKr_5f0w7LEuhFrChH0BLd8OdhyiNst,https___openalex.org_W7155257849.pdf,1056779,2026-04-25T14:53:06.195Z,https://drive.google.com/file/d/1_iKr_5f0w7LEuhFrChH0BLd8OdhyiNst/view?usp=drivesdk,https/__openalex.org_w7155257849,https://drive.google.com/file/d/1_iKr_5f0w7LEuhFrChH0BLd8OdhyiNst/preview,https://drive.google.com/file/d/1_iKr_5f0w7LEuhFrChH0BLd8OdhyiNst/view
1yIrzNXg1Tq_Ia8B3WSSpuMhY83aRG-E_,https___openalex.org_W7155255111.pdf,1723151,2026-04-25T14:53:01.716Z,https://drive.google.com/file/d/1yIrzNXg1Tq_Ia8B3WSSpuMhY83aRG-E_/view?usp=drivesdk,https/__openalex.org_w7155255111,https://drive.google.com/file/d/1yIrzNXg1Tq_Ia8B3WSSpuMhY83aRG-E_/preview,https://drive.google.com/file/d/1yIrzNXg1Tq_Ia8B3WSSpuMhY83aRG-E_/view
1b_QxhqB1rwggYCxDf1pLbTRTahupJ9YP,https___openalex.org_W7155318168.pdf,5327555,2026-04-25T14:52:58.310Z,https://drive.google.com/file/d/1b_QxhqB1rwggYCxDf1pLbTRTahupJ9YP/view?usp=drivesdk,https/__openalex.org_w7155318168,https://drive.google.com/file/d/1b_QxhqB1rwggYCxDf1pLbTRTahupJ9YP/preview,https://drive.google.com/file/d/1b_QxhqB1rwggYCxDf1pLbTRTahupJ9YP/view
1DN0XTkCxCf_r2ZKSnZh4Kh3G7Almmhwe,https___openalex.org_W7155261545.pdf,2736606,2026-04-25T14:52:45.644Z,https://drive.google.com/file/d/1DN0XTkCxCf_r2ZKSnZh4Kh3G7Almmhwe/view?usp=drivesdk,https/__openalex.org_w7155261545,https://drive.google.com/file/d/1DN0XTkCxCf_r2ZKSnZh4Kh3G7Almmhwe/preview,https://drive.google.com/file/d/1DN0XTkCxCf_r2ZKSnZh4Kh3G7Almmhwe/view
1ATVRtcYW2_9gChyDmw3s-S5qF8jdGzWK,https___openalex.org_W7155256221.pdf,3772086,2026-04-25T14:52:40.196Z,https://drive.google.com/file/d/1ATVRtcYW2_9gChyDmw3s-S5qF8jdGzWK/view?usp=drivesdk,https/__openalex.org_w7155256221,https://drive.google.com/file/d/1ATVRtcYW2_9gChyDmw3s-S5qF8jdGzWK/preview,https://drive.google.com/file/d/1ATVRtcYW2_9gChyDmw3s-S5qF8jdGzWK/view
1qiWmPyhkD3Yd0MY0Ly_u77IxgFDBNavv,https___openalex.org_W7155267595.pdf,805141,2026-04-25T14:52:35.404Z,https://drive.google.com/file/d/1qiWmPyhkD3Yd0MY0Ly_u77IxgFDBNavv/view?usp=drivesdk,https/__openalex.org_w7155267595,https://drive.google.com/file/d/1qiWmPyhkD3Yd0MY0Ly_u77IxgFDBNavv/preview,https://drive.google.com/file/d/1qiWmPyhkD3Yd0MY0Ly_u77IxgFDBNavv/view
1Q6Z1gnUnstTDyKiVpI51Gp8oONhsabty,https___openalex.org_W7155312987.pdf,2786496,2026-04-25T14:52:30.496Z,https://drive.google.com/file/d/1Q6Z1gnUnstTDyKiVpI51Gp8oONhsabty/view?usp=drivesdk,https/__openalex.org_w7155312987,https://drive.google.com/file/d/1Q6Z1gnUnstTDyKiVpI51Gp8oONhsabty/preview,https://drive.google.com/file/d/1Q6Z1gnUnstTDyKiVpI51Gp8oONhsabty/view
1dqEefsLC7J8-mQMNrz4cun1i8jn4Mzm4,https___openalex.org_W7155266851.pdf,1736991,2026-04-25T14:52:27.763Z,https://drive.google.com/file/d/1dqEefsLC7J8-mQMNrz4cun1i8jn4Mzm4/view?usp=drivesdk,https/__openalex.org_w7155266851,https://drive.google.com/file/d/1dqEefsLC7J8-mQMNrz4cun1i8jn4Mzm4/preview,https://drive.google.com/file/d/1dqEefsLC7J8-mQMNrz4cun1i8jn4Mzm4/view
14ek5NxpEVjLAxqJNQykQK3GlA0Kudmye,https___openalex.org_W7155260460.pdf,2892248,2026-04-25T14:52:18.039Z,https://drive.google.com/file/d/14ek5NxpEVjLAxqJNQykQK3GlA0Kudmye/view?usp=drivesdk,https/__openalex.org_w7155260460,https://drive.google.com/file/d/14ek5NxpEVjLAxqJNQykQK3GlA0Kudmye/preview,https://drive.google.com/file/d/14ek5NxpEVjLAxqJNQykQK3GlA0Kudmye/view
1cDodiWK1q0weyScfknv_ac9Rw1KzDTZX,https___openalex.org_W7155254751.pdf,2675040,2026-04-25T14:52:14.092Z,https://drive.google.com/file/d/1cDodiWK1q0weyScfknv_ac9Rw1KzDTZX/view?usp=drivesdk,https/__openalex.org_w7155254751,https://drive.google.com/file/d/1cDodiWK1q0weyScfknv_ac9Rw1KzDTZX/preview,https://drive.google.com/file/d/1cDodiWK1q0weyScfknv_ac9Rw1KzDTZX/view
1w-ZvLN4hFe2ldZUcEyC3804hxDX5u89J,https___openalex.org_W7155253478.pdf,5221108,2026-04-25T14:52:11.420Z,https://drive.google.com/file/d/1w-ZvLN4hFe2ldZUcEyC3804hxDX5u89J/view?usp=drivesdk,https/__openalex.org_w7155253478,https://drive.google.com/file/d/1w-ZvLN4hFe2ldZUcEyC3804hxDX5u89J/preview,https://drive.google.com/file/d/1w-ZvLN4hFe2ldZUcEyC3804hxDX5u89J/view
1VRWlSz0V3OeAluYrC2r0LCmsZB6NtRWQ,https___openalex.org_W7155264331.pdf,196115,2026-04-25T14:52:08.454Z,https://drive.google.com/file/d/1VRWlSz0V3OeAluYrC2r0LCmsZB6NtRWQ/view?usp=drivesdk,https/__openalex.org_w7155264331,https://drive.google.com/file/d/1VRWlSz0V3OeAluYrC2r0LCmsZB6NtRWQ/preview,https://drive.google.com/file/d/1VRWlSz0V3OeAluYrC2r0LCmsZB6NtRWQ/view
17U8fb5oDudFmdq7sYFKqSA1cZ6oNm7aO,https___openalex.org_W7155291482.pdf,1011507,2026-04-25T14:52:06.438Z,https://drive.google.com/file/d/17U8fb5oDudFmdq7sYFKqSA1cZ6oNm7aO/view?usp=drivesdk,https/__openalex.org_w7155291482,https://drive.google.com/file/d/17U8fb5oDudFmdq7sYFKqSA1cZ6oNm7aO/preview,https://drive.google.com/file/d/17U8fb5oDudFmdq7sYFKqSA1cZ6oNm7aO/view
1QR5X8r8TvJuCRk7GUUGKpFh45L3S0X8r,https___openalex.org_W7155256444.pdf,1970491,2026-04-25T14:52:04.093Z,https://drive.google.com/file/d/1QR5X8r8TvJuCRk7GUUGKpFh45L3S0X8r/view?usp=drivesdk,https/__openalex.org_w7155256444,https://drive.google.com/file/d/1QR5X8r8TvJuCRk7GUUGKpFh45L3S0X8r/preview,https://drive.google.com/file/d/1QR5X8r8TvJuCRk7GUUGKpFh45L3S0X8r/view
1pqWw9e63KcBSVMlnrrAwTzBCwL-Dcgmb,https___openalex.org_W7155303858.pdf,3744290,2026-04-25T14:52:01.531Z,https://drive.google.com/file/d/1pqWw9e63KcBSVMlnrrAwTzBCwL-Dcgmb/view?usp=drivesdk,https/__openalex.org_w7155303858,https://drive.google.com/file/d/1pqWw9e63KcBSVMlnrrAwTzBCwL-Dcgmb/preview,https://drive.google.com/file/d/1pqWw9e63KcBSVMlnrrAwTzBCwL-Dcgmb/view
1Viz8qt_xhuflo791hksnCFbZuiSzbq1-,10.35537_10915_193460.pdf,1779795,2026-04-25T14:51:54.383Z,https://drive.google.com/file/d/1Viz8qt_xhuflo791hksnCFbZuiSzbq1-/view?usp=drivesdk,10.35537/10915_193460,https://drive.google.com/file/d/1Viz8qt_xhuflo791hksnCFbZuiSzbq1-/preview,https://drive.google.com/file/d/1Viz8qt_xhuflo791hksnCFbZuiSzbq1-/view
1eUg98Yav2pP0fh78r7xcqOyc7IEwiKx6,https___openalex.org_W7155252735.pdf,719081,2026-04-25T14:51:28.383Z,https://drive.google.com/file/d/1eUg98Yav2pP0fh78r7xcqOyc7IEwiKx6/view?usp=drivesdk,https/__openalex.org_w7155252735,https://drive.google.com/file/d/1eUg98Yav2pP0fh78r7xcqOyc7IEwiKx6/preview,https://drive.google.com/file/d/1eUg98Yav2pP0fh78r7xcqOyc7IEwiKx6/view
1mJKyHC9oL826DAhlINmD-jK5fmmrGVnv,https___openalex.org_W7155302713.pdf,2293244,2026-04-25T14:51:25.405Z,https://drive.google.com/file/d/1mJKyHC9oL826DAhlINmD-jK5fmmrGVnv/view?usp=drivesdk,https/__openalex.org_w7155302713,https://drive.google.com/file/d/1mJKyHC9oL826DAhlINmD-jK5fmmrGVnv/preview,https://drive.google.com/file/d/1mJKyHC9oL826DAhlINmD-jK5fmmrGVnv/view
1aBifniQ0OXgdIgYl7ktClGlWbMEKAfNK,https___openalex.org_W7155250463.pdf,2629185,2026-04-25T14:51:22.819Z,https://drive.google.com/file/d/1aBifniQ0OXgdIgYl7ktClGlWbMEKAfNK/view?usp=drivesdk,https/__openalex.org_w7155250463,https://drive.google.com/file/d/1aBifniQ0OXgdIgYl7ktClGlWbMEKAfNK/preview,https://drive.google.com/file/d/1aBifniQ0OXgdIgYl7ktClGlWbMEKAfNK/view
1itCjsYPuoW2qr95em1uP8qAFPdmhwIbl,https___openalex.org_W7155316404.pdf,3533486,2026-04-25T14:51:19.035Z,https://drive.google.com/file/d/1itCjsYPuoW2qr95em1uP8qAFPdmhwIbl/view?usp=drivesdk,https/__openalex.org_w7155316404,https://drive.google.com/file/d/1itCjsYPuoW2qr95em1uP8qAFPdmhwIbl/preview,https://drive.google.com/file/d/1itCjsYPuoW2qr95em1uP8qAFPdmhwIbl/view
1PLTT8Jex4jZkKDGJ5Y-WHjKra5QvOBiL,https___openalex.org_W7155257923.pdf,808552,2026-04-25T14:51:16.230Z,https://drive.google.com/file/d/1PLTT8Jex4jZkKDGJ5Y-WHjKra5QvOBiL/view?usp=drivesdk,https/__openalex.org_w7155257923,https://drive.google.com/file/d/1PLTT8Jex4jZkKDGJ5Y-WHjKra5QvOBiL/preview,https://drive.google.com/file/d/1PLTT8Jex4jZkKDGJ5Y-WHjKra5QvOBiL/view
1nEExUM8uMsm-zt1o2ZRrxxMrqDy3OJN7,https___openalex.org_W7155255385.pdf,1272711,2026-04-25T14:51:10.661Z,https://drive.google.com/file/d/1nEExUM8uMsm-zt1o2ZRrxxMrqDy3OJN7/view?usp=drivesdk,https/__openalex.org_w7155255385,https://drive.google.com/file/d/1nEExUM8uMsm-zt1o2ZRrxxMrqDy3OJN7/preview,https://drive.google.com/file/d/1nEExUM8uMsm-zt1o2ZRrxxMrqDy3OJN7/view
1xKreIPEbjSZBki73AqmQkypiBGtnSQjk,https___openalex.org_W7155252619.pdf,1368721,2026-04-25T14:50:10.451Z,https://drive.google.com/file/d/1xKreIPEbjSZBki73AqmQkypiBGtnSQjk/view?usp=drivesdk,https/__openalex.org_w7155252619,https://drive.google.com/file/d/1xKreIPEbjSZBki73AqmQkypiBGtnSQjk/preview,https://drive.google.com/file/d/1xKreIPEbjSZBki73AqmQkypiBGtnSQjk/view
1hmLUjNDSTHcxXkbUeawge0zCr8H3iMvp,https___openalex.org_W7155261815.pdf,727664,2026-04-25T14:50:07.986Z,https://drive.google.com/file/d/1hmLUjNDSTHcxXkbUeawge0zCr8H3iMvp/view?usp=drivesdk,https/__openalex.org_w7155261815,https://drive.google.com/file/d/1hmLUjNDSTHcxXkbUeawge0zCr8H3iMvp/preview,https://drive.google.com/file/d/1hmLUjNDSTHcxXkbUeawge0zCr8H3iMvp/view
1wN5Q171v_BqOUP0xa7Od6X7LFDS8VIzf,https___openalex.org_W7155280653.pdf,1850757,2026-04-25T14:49:24.403Z,https://drive.google.com/file/d/1wN5Q171v_BqOUP0xa7Od6X7LFDS8VIzf/view?usp=drivesdk,https/__openalex.org_w7155280653,https://drive.google.com/file/d/1wN5Q171v_BqOUP0xa7Od6X7LFDS8VIzf/preview,https://drive.google.com/file/d/1wN5Q171v_BqOUP0xa7Od6X7LFDS8VIzf/view
1HcBTRizYXE5eCkKmfF_NA-LFiMLMC8HV,https___openalex.org_W7155278988.pdf,1490820,2026-04-25T14:49:18.107Z,https://drive.google.com/file/d/1HcBTRizYXE5eCkKmfF_NA-LFiMLMC8HV/view?usp=drivesdk,https/__openalex.org_w7155278988,https://drive.google.com/file/d/1HcBTRizYXE5eCkKmfF_NA-LFiMLMC8HV/preview,https://drive.google.com/file/d/1HcBTRizYXE5eCkKmfF_NA-LFiMLMC8HV/view
14hN6BxFoFVTEY_SKPSE8U9-_yt1dVw-s,https___openalex.org_W7155261879.pdf,2848440,2026-04-25T14:49:08.445Z,https://drive.google.com/file/d/14hN6BxFoFVTEY_SKPSE8U9-_yt1dVw-s/view?usp=drivesdk,https/__openalex.org_w7155261879,https://drive.google.com/file/d/14hN6BxFoFVTEY_SKPSE8U9-_yt1dVw-s/preview,https://drive.google.com/file/d/14hN6BxFoFVTEY_SKPSE8U9-_yt1dVw-s/view
1WiQmCg6qmCxsBtukxLw83omPNnNlH1su,https___openalex.org_W7155345198.pdf,1632355,2026-04-25T14:48:57.826Z,https://drive.google.com/file/d/1WiQmCg6qmCxsBtukxLw83omPNnNlH1su/view?usp=drivesdk,https/__openalex.org_w7155345198,https://drive.google.com/file/d/1WiQmCg6qmCxsBtukxLw83omPNnNlH1su/preview,https://drive.google.com/file/d/1WiQmCg6qmCxsBtukxLw83omPNnNlH1su/view
1I09Ipjn5gllzyLW7AwuvVai04ntG7nOH,https___openalex.org_W7155316799.pdf,9387383,2026-04-25T14:48:55.201Z,https://drive.google.com/file/d/1I09Ipjn5gllzyLW7AwuvVai04ntG7nOH/view?usp=drivesdk,https/__openalex.org_w7155316799,https://drive.google.com/file/d/1I09Ipjn5gllzyLW7AwuvVai04ntG7nOH/preview,https://drive.google.com/file/d/1I09Ipjn5gllzyLW7AwuvVai04ntG7nOH/view
1Sxd8i_GwfhI4KZFXUnH-HXbZ-0KCoAsM,https___openalex.org_W7155275412.pdf,423483,2026-04-25T14:48:09.681Z,https://drive.google.com/file/d/1Sxd8i_GwfhI4KZFXUnH-HXbZ-0KCoAsM/view?usp=drivesdk,https/__openalex.org_w7155275412,https://drive.google.com/file/d/1Sxd8i_GwfhI4KZFXUnH-HXbZ-0KCoAsM/preview,https://drive.google.com/file/d/1Sxd8i_GwfhI4KZFXUnH-HXbZ-0KCoAsM/view
1GKDoRCVVe07CSCHqDttM5SHTTG8AeH9_,https___openalex.org_W7155287450.pdf,498944,2026-04-25T14:48:07.549Z,https://drive.google.com/file/d/1GKDoRCVVe07CSCHqDttM5SHTTG8AeH9_/view?usp=drivesdk,https/__openalex.org_w7155287450,https://drive.google.com/file/d/1GKDoRCVVe07CSCHqDttM5SHTTG8AeH9_/preview,https://drive.google.com/file/d/1GKDoRCVVe07CSCHqDttM5SHTTG8AeH9_/view
1yPN19bmSpOObof0YpppmM81a2grkFwFh,https___openalex.org_W7155308918.pdf,6247842,2026-04-25T14:48:04.246Z,https://drive.google.com/file/d/1yPN19bmSpOObof0YpppmM81a2grkFwFh/view?usp=drivesdk,https/__openalex.org_w7155308918,https://drive.google.com/file/d/1yPN19bmSpOObof0YpppmM81a2grkFwFh/preview,https://drive.google.com/file/d/1yPN19bmSpOObof0YpppmM81a2grkFwFh/view
1RlqBK1qt9JAcMQdCyCvtji3fWs1UIct0,https___openalex.org_W7155298969.pdf,269291,2026-04-25T14:47:24.738Z,https://drive.google.com/file/d/1RlqBK1qt9JAcMQdCyCvtji3fWs1UIct0/view?usp=drivesdk,https/__openalex.org_w7155298969,https://drive.google.com/file/d/1RlqBK1qt9JAcMQdCyCvtji3fWs1UIct0/preview,https://drive.google.com/file/d/1RlqBK1qt9JAcMQdCyCvtji3fWs1UIct0/view
1GaTFwK-RU_F6MrESHGxfQQYbD5N3ZCdx,https___openalex.org_W7155252711.pdf,1466610,2026-04-25T14:47:22.658Z,https://drive.google.com/file/d/1GaTFwK-RU_F6MrESHGxfQQYbD5N3ZCdx/view?usp=drivesdk,https/__openalex.org_w7155252711,https://drive.google.com/file/d/1GaTFwK-RU_F6MrESHGxfQQYbD5N3ZCdx/preview,https://drive.google.com/file/d/1GaTFwK-RU_F6MrESHGxfQQYbD5N3ZCdx/view
1w653ybae9jhHQCmnNlq1Xa0RUeE0CORR,https___openalex.org_W7155301455.pdf,3139443,2026-04-25T14:47:20.267Z,https://drive.google.com/file/d/1w653ybae9jhHQCmnNlq1Xa0RUeE0CORR/view?usp=drivesdk,https/__openalex.org_w7155301455,https://drive.google.com/file/d/1w653ybae9jhHQCmnNlq1Xa0RUeE0CORR/preview,https://drive.google.com/file/d/1w653ybae9jhHQCmnNlq1Xa0RUeE0CORR/view
1GmZlsVfjwitlBfD4NhrNRsSUun6UnZFh,https___openalex.org_W7070706359.pdf,240561,2026-04-25T14:47:08.747Z,https://drive.google.com/file/d/1GmZlsVfjwitlBfD4NhrNRsSUun6UnZFh/view?usp=drivesdk,https/__openalex.org_w7070706359,https://drive.google.com/file/d/1GmZlsVfjwitlBfD4NhrNRsSUun6UnZFh/preview,https://drive.google.com/file/d/1GmZlsVfjwitlBfD4NhrNRsSUun6UnZFh/view
1VvhgFJA9i3qvLTKKhGS9LnrRFpup82cA,https___openalex.org_W7155299268.pdf,2102245,2026-04-25T14:47:03.559Z,https://drive.google.com/file/d/1VvhgFJA9i3qvLTKKhGS9LnrRFpup82cA/view?usp=drivesdk,https/__openalex.org_w7155299268,https://drive.google.com/file/d/1VvhgFJA9i3qvLTKKhGS9LnrRFpup82cA/preview,https://drive.google.com/file/d/1VvhgFJA9i3qvLTKKhGS9LnrRFpup82cA/view
1s6EXmO4rvTm8boZDjCQd2ibWZHPMCMZY,https___openalex.org_W7155302898.pdf,5684348,2026-04-25T14:46:59.320Z,https://drive.google.com/file/d/1s6EXmO4rvTm8boZDjCQd2ibWZHPMCMZY/view?usp=drivesdk,https/__openalex.org_w7155302898,https://drive.google.com/file/d/1s6EXmO4rvTm8boZDjCQd2ibWZHPMCMZY/preview,https://drive.google.com/file/d/1s6EXmO4rvTm8boZDjCQd2ibWZHPMCMZY/view
1a1ToE-L_sebhP2exR0jQ5OvlixvvERIl,https___openalex.org_W7155295686.pdf,6604039,2026-04-25T14:46:54.999Z,https://drive.google.com/file/d/1a1ToE-L_sebhP2exR0jQ5OvlixvvERIl/view?usp=drivesdk,https/__openalex.org_w7155295686,https://drive.google.com/file/d/1a1ToE-L_sebhP2exR0jQ5OvlixvvERIl/preview,https://drive.google.com/file/d/1a1ToE-L_sebhP2exR0jQ5OvlixvvERIl/view
1O-Kiv0w6xJ1UzZ-CvZTCCzOumSAJnr6a,https___openalex.org_W7155311400.pdf,4807680,2026-04-25T14:46:51.896Z,https://drive.google.com/file/d/1O-Kiv0w6xJ1UzZ-CvZTCCzOumSAJnr6a/view?usp=drivesdk,https/__openalex.org_w7155311400,https://drive.google.com/file/d/1O-Kiv0w6xJ1UzZ-CvZTCCzOumSAJnr6a/preview,https://drive.google.com/file/d/1O-Kiv0w6xJ1UzZ-CvZTCCzOumSAJnr6a/view
1MwKbclgoFVoVGhm_lS_YE1TyA8jq0zn7,https___openalex.org_W7155257527.pdf,334236,2026-04-25T14:46:49.080Z,https://drive.google.com/file/d/1MwKbclgoFVoVGhm_lS_YE1TyA8jq0zn7/view?usp=drivesdk,https/__openalex.org_w7155257527,https://drive.google.com/file/d/1MwKbclgoFVoVGhm_lS_YE1TyA8jq0zn7/preview,https://drive.google.com/file/d/1MwKbclgoFVoVGhm_lS_YE1TyA8jq0zn7/view
155phEhP3M75Mi6J9aj69h-xgTl3RKrIo,https___openalex.org_W7155264017.pdf,1425443,2026-04-25T14:46:47.305Z,https://drive.google.com/file/d/155phEhP3M75Mi6J9aj69h-xgTl3RKrIo/view?usp=drivesdk,https/__openalex.org_w7155264017,https://drive.google.com/file/d/155phEhP3M75Mi6J9aj69h-xgTl3RKrIo/preview,https://drive.google.com/file/d/155phEhP3M75Mi6J9aj69h-xgTl3RKrIo/view
1XGWXRYvTDqUc2PsNBNhkBgYO1gYQ6sqV,https___openalex.org_W7155249715.pdf,1436305,2026-04-25T14:46:43.376Z,https://drive.google.com/file/d/1XGWXRYvTDqUc2PsNBNhkBgYO1gYQ6sqV/view?usp=drivesdk,https/__openalex.org_w7155249715,https://drive.google.com/file/d/1XGWXRYvTDqUc2PsNBNhkBgYO1gYQ6sqV/preview,https://drive.google.com/file/d/1XGWXRYvTDqUc2PsNBNhkBgYO1gYQ6sqV/view
1duRJeFrT3Vy8So0lUiDc11jlNKo5F5_9,https___openalex.org_W7155305706.pdf,2057294,2026-04-25T14:46:39.717Z,https://drive.google.com/file/d/1duRJeFrT3Vy8So0lUiDc11jlNKo5F5_9/view?usp=drivesdk,https/__openalex.org_w7155305706,https://drive.google.com/file/d/1duRJeFrT3Vy8So0lUiDc11jlNKo5F5_9/preview,https://drive.google.com/file/d/1duRJeFrT3Vy8So0lUiDc11jlNKo5F5_9/view
1xWugf4W_rp5p9VjwyFEncgCQmuHSx5hf,https___openalex.org_W7155259849.pdf,4542182,2026-04-25T14:46:36.941Z,https://drive.google.com/file/d/1xWugf4W_rp5p9VjwyFEncgCQmuHSx5hf/view?usp=drivesdk,https/__openalex.org_w7155259849,https://drive.google.com/file/d/1xWugf4W_rp5p9VjwyFEncgCQmuHSx5hf/preview,https://drive.google.com/file/d/1xWugf4W_rp5p9VjwyFEncgCQmuHSx5hf/view
1DWm6AdlEyIKMHLyzmyG0gvjCY7D1faZN,https___openalex.org_W7155248426.pdf,2998738,2026-04-25T14:46:30.455Z,https://drive.google.com/file/d/1DWm6AdlEyIKMHLyzmyG0gvjCY7D1faZN/view?usp=drivesdk,https/__openalex.org_w7155248426,https://drive.google.com/file/d/1DWm6AdlEyIKMHLyzmyG0gvjCY7D1faZN/preview,https://drive.google.com/file/d/1DWm6AdlEyIKMHLyzmyG0gvjCY7D1faZN/view
1AkwhT1Y2NzjHaYpKysHKRFdybNg_oMA_,https___openalex.org_W7155283425.pdf,1615579,2026-04-25T14:46:22.385Z,https://drive.google.com/file/d/1AkwhT1Y2NzjHaYpKysHKRFdybNg_oMA_/view?usp=drivesdk,https/__openalex.org_w7155283425,https://drive.google.com/file/d/1AkwhT1Y2NzjHaYpKysHKRFdybNg_oMA_/preview,https://drive.google.com/file/d/1AkwhT1Y2NzjHaYpKysHKRFdybNg_oMA_/view
1_-nrbvf5Ic8-kOtuAhAvhcX1rupe-Iki,https___openalex.org_W7155259060.pdf,1752405,2026-04-25T14:46:18.482Z,https://drive.google.com/file/d/1_-nrbvf5Ic8-kOtuAhAvhcX1rupe-Iki/view?usp=drivesdk,https/__openalex.org_w7155259060,https://drive.google.com/file/d/1_-nrbvf5Ic8-kOtuAhAvhcX1rupe-Iki/preview,https://drive.google.com/file/d/1_-nrbvf5Ic8-kOtuAhAvhcX1rupe-Iki/view
17gS5Iy-IyPHg9_IZsRrJuFcimo5hQowQ,https___openalex.org_W7155286386.pdf,2479551,2026-04-25T14:46:06.510Z,https://drive.google.com/file/d/17gS5Iy-IyPHg9_IZsRrJuFcimo5hQowQ/view?usp=drivesdk,https/__openalex.org_w7155286386,https://drive.google.com/file/d/17gS5Iy-IyPHg9_IZsRrJuFcimo5hQowQ/preview,https://drive.google.com/file/d/17gS5Iy-IyPHg9_IZsRrJuFcimo5hQowQ/view
1t64tp9b_xBc6Rl1-WLbADzmBnAzMKLS5,https___openalex.org_W7155257687.pdf,365584,2026-04-25T14:46:03.802Z,https://drive.google.com/file/d/1t64tp9b_xBc6Rl1-WLbADzmBnAzMKLS5/view?usp=drivesdk,https/__openalex.org_w7155257687,https://drive.google.com/file/d/1t64tp9b_xBc6Rl1-WLbADzmBnAzMKLS5/preview,https://drive.google.com/file/d/1t64tp9b_xBc6Rl1-WLbADzmBnAzMKLS5/view
1dFnDoOBIr85eiOlg_jEIJJZluo7iESOC,https___openalex.org_W7155259253.pdf,1446806,2026-04-25T14:46:01.643Z,https://drive.google.com/file/d/1dFnDoOBIr85eiOlg_jEIJJZluo7iESOC/view?usp=drivesdk,https/__openalex.org_w7155259253,https://drive.google.com/file/d/1dFnDoOBIr85eiOlg_jEIJJZluo7iESOC/preview,https://drive.google.com/file/d/1dFnDoOBIr85eiOlg_jEIJJZluo7iESOC/view
1O5GYx-9LZlTyrPT1WIl_WgXDX_x24pF3,https___openalex.org_W7155295467.pdf,3189619,2026-04-25T14:45:57.876Z,https://drive.google.com/file/d/1O5GYx-9LZlTyrPT1WIl_WgXDX_x24pF3/view?usp=drivesdk,https/__openalex.org_w7155295467,https://drive.google.com/file/d/1O5GYx-9LZlTyrPT1WIl_WgXDX_x24pF3/preview,https://drive.google.com/file/d/1O5GYx-9LZlTyrPT1WIl_WgXDX_x24pF3/view
1ys6pBYCbJONjdwUeKWxu0_bQT2eywcBb,https___openalex.org_W7155248657.pdf,1408500,2026-04-25T14:45:44.881Z,https://drive.google.com/file/d/1ys6pBYCbJONjdwUeKWxu0_bQT2eywcBb/view?usp=drivesdk,https/__openalex.org_w7155248657,https://drive.google.com/file/d/1ys6pBYCbJONjdwUeKWxu0_bQT2eywcBb/preview,https://drive.google.com/file/d/1ys6pBYCbJONjdwUeKWxu0_bQT2eywcBb/view
1uh9b48CVeuan_kltCOxiTlDIDyjTY0bE,https___openalex.org_W7155277924.pdf,513238,2026-04-25T14:45:42.328Z,https://drive.google.com/file/d/1uh9b48CVeuan_kltCOxiTlDIDyjTY0bE/view?usp=drivesdk,https/__openalex.org_w7155277924,https://drive.google.com/file/d/1uh9b48CVeuan_kltCOxiTlDIDyjTY0bE/preview,https://drive.google.com/file/d/1uh9b48CVeuan_kltCOxiTlDIDyjTY0bE/view
1CTVk2kmDmCpcc2dl9ihYBDTQFKpgTWHn,https___openalex.org_W7155280228.pdf,471334,2026-04-25T14:45:39.410Z,https://drive.google.com/file/d/1CTVk2kmDmCpcc2dl9ihYBDTQFKpgTWHn/view?usp=drivesdk,https/__openalex.org_w7155280228,https://drive.google.com/file/d/1CTVk2kmDmCpcc2dl9ihYBDTQFKpgTWHn/preview,https://drive.google.com/file/d/1CTVk2kmDmCpcc2dl9ihYBDTQFKpgTWHn/view
1G2_KyNyOP56Yt8hSEXypffCtmOdaWf-I,https___openalex.org_W7155276938.pdf,3778443,2026-04-25T14:45:36.001Z,https://drive.google.com/file/d/1G2_KyNyOP56Yt8hSEXypffCtmOdaWf-I/view?usp=drivesdk,https/__openalex.org_w7155276938,https://drive.google.com/file/d/1G2_KyNyOP56Yt8hSEXypffCtmOdaWf-I/preview,https://drive.google.com/file/d/1G2_KyNyOP56Yt8hSEXypffCtmOdaWf-I/view
1as14GG_WfjvLgthSs-MBc2Ghhl9R8fNp,https___openalex.org_W7155319050.pdf,360072,2026-04-25T14:45:28.683Z,https://drive.google.com/file/d/1as14GG_WfjvLgthSs-MBc2Ghhl9R8fNp/view?usp=drivesdk,https/__openalex.org_w7155319050,https://drive.google.com/file/d/1as14GG_WfjvLgthSs-MBc2Ghhl9R8fNp/preview,https://drive.google.com/file/d/1as14GG_WfjvLgthSs-MBc2Ghhl9R8fNp/view
13yJuDaAqLuWvtk1iOathkIHecQLWlEjr,https___openalex.org_W7155282813.pdf,3382784,2026-04-25T14:45:26.355Z,https://drive.google.com/file/d/13yJuDaAqLuWvtk1iOathkIHecQLWlEjr/view?usp=drivesdk,https/__openalex.org_w7155282813,https://drive.google.com/file/d/13yJuDaAqLuWvtk1iOathkIHecQLWlEjr/preview,https://drive.google.com/file/d/13yJuDaAqLuWvtk1iOathkIHecQLWlEjr/view
1_n2iirtM8EZ5D8uWjY2LjGsHxchs9DDB,https___openalex.org_W7155302592.pdf,2451773,2026-04-25T14:45:20.771Z,https://drive.google.com/file/d/1_n2iirtM8EZ5D8uWjY2LjGsHxchs9DDB/view?usp=drivesdk,https/__openalex.org_w7155302592,https://drive.google.com/file/d/1_n2iirtM8EZ5D8uWjY2LjGsHxchs9DDB/preview,https://drive.google.com/file/d/1_n2iirtM8EZ5D8uWjY2LjGsHxchs9DDB/view
1ljir0Rn01P_Z7cqadfcymgcAvR23TOPi,10.47865_igob.vol7.n26.2024.344.pdf,410616,2026-04-25T14:09:42.288Z,https://drive.google.com/file/d/1ljir0Rn01P_Z7cqadfcymgcAvR23TOPi/view?usp=drivesdk,10.47865/igob.vol7.n26.2024.344,https://drive.google.com/file/d/1ljir0Rn01P_Z7cqadfcymgcAvR23TOPi/preview,https://drive.google.com/file/d/1ljir0Rn01P_Z7cqadfcymgcAvR23TOPi/view
1RsqHIzV-UcPYvvXiOKs5SzFU4nsDb1Uk,10.56124_jbs.v3i2.0007.pdf,877514,2026-04-25T14:09:39.359Z,https://drive.google.com/file/d/1RsqHIzV-UcPYvvXiOKs5SzFU4nsDb1Uk/view?usp=drivesdk,10.56124/jbs.v3i2.0007,https://drive.google.com/file/d/1RsqHIzV-UcPYvvXiOKs5SzFU4nsDb1Uk/preview,https://drive.google.com/file/d/1RsqHIzV-UcPYvvXiOKs5SzFU4nsDb1Uk/view
13hwqwfWgVMhfLkELim0-Hlgogn6fAim0,10.26885_rcei.11.1.9.pdf,747557,2026-04-25T14:09:35.981Z,https://drive.google.com/file/d/13hwqwfWgVMhfLkELim0-Hlgogn6fAim0/view?usp=drivesdk,10.26885/rcei.11.1.9,https://drive.google.com/file/d/13hwqwfWgVMhfLkELim0-Hlgogn6fAim0/preview,https://drive.google.com/file/d/13hwqwfWgVMhfLkELim0-Hlgogn6fAim0/view
1dhOuPO0Wsoi-l5yzD3g4b_bHFG6xiesF,10.59427_rcli_2023_v23cs.3940-3948.pdf,338811,2026-04-25T14:09:30.601Z,https://drive.google.com/file/d/1dhOuPO0Wsoi-l5yzD3g4b_bHFG6xiesF/view?usp=drivesdk,10.59427/rcli_2023_v23cs.3940-3948,https://drive.google.com/file/d/1dhOuPO0Wsoi-l5yzD3g4b_bHFG6xiesF/preview,https://drive.google.com/file/d/1dhOuPO0Wsoi-l5yzD3g4b_bHFG6xiesF/view
1z9zT_ao8dZW-X84-B2zX2SPvHOGirwVp,10.59427_rcli_2024_v24cs.1167-1172.pdf,306855,2026-04-25T14:09:28.911Z,https://drive.google.com/file/d/1z9zT_ao8dZW-X84-B2zX2SPvHOGirwVp/view?usp=drivesdk,10.59427/rcli_2024_v24cs.1167-1172,https://drive.google.com/file/d/1z9zT_ao8dZW-X84-B2zX2SPvHOGirwVp/preview,https://drive.google.com/file/d/1z9zT_ao8dZW-X84-B2zX2SPvHOGirwVp/view
1tMt-T9JmhP4hiTF0yL7FQ6u9c30yidN7,10.52080_rvgluz.29.e12.40.pdf,1954502,2026-04-25T14:09:26.491Z,https://drive.google.com/file/d/1tMt-T9JmhP4hiTF0yL7FQ6u9c30yidN7/view?usp=drivesdk,10.52080/rvgluz.29.e12.40,https://drive.google.com/file/d/1tMt-T9JmhP4hiTF0yL7FQ6u9c30yidN7/preview,https://drive.google.com/file/d/1tMt-T9JmhP4hiTF0yL7FQ6u9c30yidN7/view
1UeNoznVrXr8C6HvskbV3HKuL8DLCD8QY,10.35756_educaumch.202322.274.pdf,221585,2026-04-25T14:09:17.021Z,https://drive.google.com/file/d/1UeNoznVrXr8C6HvskbV3HKuL8DLCD8QY/view?usp=drivesdk,10.35756/educaumch.202322.274,https://drive.google.com/file/d/1UeNoznVrXr8C6HvskbV3HKuL8DLCD8QY/preview,https://drive.google.com/file/d/1UeNoznVrXr8C6HvskbV3HKuL8DLCD8QY/view
1kcduV4oh0TbQqIpdWv1x4_xICSp6-lol,10.70165_enfdis.v10i1.306.pdf,358094,2026-04-25T13:51:31.298Z,https://drive.google.com/file/d/1kcduV4oh0TbQqIpdWv1x4_xICSp6-lol/view?usp=drivesdk,10.70165/enfdis.v10i1.306,https://drive.google.com/file/d/1kcduV4oh0TbQqIpdWv1x4_xICSp6-lol/preview,https://drive.google.com/file/d/1kcduV4oh0TbQqIpdWv1x4_xICSp6-lol/view
1UpKiK7xJYkXlSgW0s8PBDNy_31xMctkQ,10.5016_ridh.v9i2.105.pdf,221288,2026-04-25T13:44:56.199Z,https://drive.google.com/file/d/1UpKiK7xJYkXlSgW0s8PBDNy_31xMctkQ/view?usp=drivesdk,10.5016/ridh.v9i2.105,https://drive.google.com/file/d/1UpKiK7xJYkXlSgW0s8PBDNy_31xMctkQ/preview,https://drive.google.com/file/d/1UpKiK7xJYkXlSgW0s8PBDNy_31xMctkQ/view
1ZmpuCASFQccQAq4FWbGTyBL4ikrJ_T1Y,10.31876_rcs.v28i.38152.pdf,492351,2026-04-25T13:29:52.153Z,https://drive.google.com/file/d/1ZmpuCASFQccQAq4FWbGTyBL4ikrJ_T1Y/view?usp=drivesdk,10.31876/rcs.v28i.38152,https://drive.google.com/file/d/1ZmpuCASFQccQAq4FWbGTyBL4ikrJ_T1Y/preview,https://drive.google.com/file/d/1ZmpuCASFQccQAq4FWbGTyBL4ikrJ_T1Y/view
1x9p_ZJ6hhTsOudkpb8BPj8bym3s-Phez,10.55560_arete.2023.18.9.7.pdf,759087,2026-04-25T13:29:50.136Z,https://drive.google.com/file/d/1x9p_ZJ6hhTsOudkpb8BPj8bym3s-Phez/view?usp=drivesdk,10.55560/arete.2023.18.9.7,https://drive.google.com/file/d/1x9p_ZJ6hhTsOudkpb8BPj8bym3s-Phez/preview,https://drive.google.com/file/d/1x9p_ZJ6hhTsOudkpb8BPj8bym3s-Phez/view
1Qti0RDGYNuCf3g5ZbBn_LMT2-YQVladE,10.18050_eduser.v10n2a2.pdf,163224,2026-04-25T13:29:38.801Z,https://drive.google.com/file/d/1Qti0RDGYNuCf3g5ZbBn_LMT2-YQVladE/view?usp=drivesdk,10.18050/eduser.v10n2a2,https://drive.google.com/file/d/1Qti0RDGYNuCf3g5ZbBn_LMT2-YQVladE/preview,https://drive.google.com/file/d/1Qti0RDGYNuCf3g5ZbBn_LMT2-YQVladE/view
14Utwle45yHtMcdJmckxhxvzYysJAW9c5,10.46498_reduipb.v26i2.1643.pdf,1133669,2026-04-25T13:29:33.392Z,https://drive.google.com/file/d/14Utwle45yHtMcdJmckxhxvzYysJAW9c5/view?usp=drivesdk,10.46498/reduipb.v26i2.1643,https://drive.google.com/file/d/14Utwle45yHtMcdJmckxhxvzYysJAW9c5/preview,https://drive.google.com/file/d/14Utwle45yHtMcdJmckxhxvzYysJAW9c5/view
1T7NB2_bSfcbuEUsnNafr8tcIFsL1a55w,10.47606_acven_ph0224.pdf,313964,2026-04-25T13:29:30.555Z,https://drive.google.com/file/d/1T7NB2_bSfcbuEUsnNafr8tcIFsL1a55w/view?usp=drivesdk,10.47606/acven_ph0224,https://drive.google.com/file/d/1T7NB2_bSfcbuEUsnNafr8tcIFsL1a55w/preview,https://drive.google.com/file/d/1T7NB2_bSfcbuEUsnNafr8tcIFsL1a55w/view
1oYmv8nBUGRZqhw-_xLAiZVewVg2KMB0y,10.37811_cl_rcm.v6i6.4265.pdf,388165,2026-04-22T16:16:09.718Z,https://drive.google.com/file/d/1oYmv8nBUGRZqhw-_xLAiZVewVg2KMB0y/view?usp=drivesdk,10.37811/cl_rcm.v6i6.4265,https://drive.google.com/file/d/1oYmv8nBUGRZqhw-_xLAiZVewVg2KMB0y/preview,https://drive.google.com/file/d/1oYmv8nBUGRZqhw-_xLAiZVewVg2KMB0y/view
10MUKwJX0ccAusATcQ0ryGsDwRVs_RGdI,10.37843_rted.v16i2.389.pdf,505889,2026-04-22T15:00:43.053Z,https://drive.google.com/file/d/10MUKwJX0ccAusATcQ0ryGsDwRVs_RGdI/view?usp=drivesdk,10.37843/rted.v16i2.389,https://drive.google.com/file/d/10MUKwJX0ccAusATcQ0ryGsDwRVs_RGdI/preview,https://drive.google.com/file/d/10MUKwJX0ccAusATcQ0ryGsDwRVs_RGdI/view
1k-OLGLA5fJqDRr-ZvidHf7zZT-z9llKo,10.52080_rvgluz.27.97.5.pdf,893828,2026-04-22T15:00:39.316Z,https://drive.google.com/file/d/1k-OLGLA5fJqDRr-ZvidHf7zZT-z9llKo/view?usp=drivesdk,10.52080/rvgluz.27.97.5,https://drive.google.com/file/d/1k-OLGLA5fJqDRr-ZvidHf7zZT-z9llKo/preview,https://drive.google.com/file/d/1k-OLGLA5fJqDRr-ZvidHf7zZT-z9llKo/view
1Rjh7wnnXqGmn2eHF5UOZlHJygBNQCL5k,10.26490_uncp.alboradaciencia.2021.1.975.pdf,2861485,2026-04-22T15:00:34.789Z,https://drive.google.com/file/d/1Rjh7wnnXqGmn2eHF5UOZlHJygBNQCL5k/view?usp=drivesdk,10.26490/uncp.alboradaciencia.2021.1.975,https://drive.google.com/file/d/1Rjh7wnnXqGmn2eHF5UOZlHJygBNQCL5k/preview,https://drive.google.com/file/d/1Rjh7wnnXqGmn2eHF5UOZlHJygBNQCL5k/view
1xihcqXOdrlbWJ7vpeNkGB18JPclsLe5B,10.15517_revedu.v45i1.40537.pdf,435283,2026-04-22T15:00:31.599Z,https://drive.google.com/file/d/1xihcqXOdrlbWJ7vpeNkGB18JPclsLe5B/view?usp=drivesdk,10.15517/revedu.v45i1.40537,https://drive.google.com/file/d/1xihcqXOdrlbWJ7vpeNkGB18JPclsLe5B/preview,https://drive.google.com/file/d/1xihcqXOdrlbWJ7vpeNkGB18JPclsLe5B/view
19TOO2ZzFCHPHB8WY6xY4P9-MlR3LRXiO,10.55813_gaea_ccri_v5_n2_603.pdf,932335,2026-04-21T15:21:10.020Z,https://drive.google.com/file/d/19TOO2ZzFCHPHB8WY6xY4P9-MlR3LRXiO/view?usp=drivesdk,10.55813/gaea_ccri_v5_n2_603,https://drive.google.com/file/d/19TOO2ZzFCHPHB8WY6xY4P9-MlR3LRXiO/preview,https://drive.google.com/file/d/19TOO2ZzFCHPHB8WY6xY4P9-MlR3LRXiO/view
1p_VYzZd4wctFJhznc0--yTYsgHlLKt3F,10.55813_gaea_ccri_v5_n2_538.pdf,370461,2026-04-21T15:17:24.411Z,https://drive.google.com/file/d/1p_VYzZd4wctFJhznc0--yTYsgHlLKt3F/view?usp=drivesdk,10.55813/gaea_ccri_v5_n2_538,https://drive.google.com/file/d/1p_VYzZd4wctFJhznc0--yTYsgHlLKt3F/preview,https://drive.google.com/file/d/1p_VYzZd4wctFJhznc0--yTYsgHlLKt3F/view
1VsawV8luWKsa5hkM3aph7m5ncgFVkmGY,10.55813_gaea_ccri_v4_n2_255.pdf,304541,2026-04-21T15:06:02.527Z,https://drive.google.com/file/d/1VsawV8luWKsa5hkM3aph7m5ncgFVkmGY/view?usp=drivesdk,10.55813/gaea_ccri_v4_n2_255,https://drive.google.com/file/d/1VsawV8luWKsa5hkM3aph7m5ncgFVkmGY/preview,https://drive.google.com/file/d/1VsawV8luWKsa5hkM3aph7m5ncgFVkmGY/view
1TcIVrfcENadbtLdkVqxg8mRDAJYYFGCE,10.46498_reduipb.v25i1.1462.pdf,581290,2026-04-21T14:51:40.843Z,https://drive.google.com/file/d/1TcIVrfcENadbtLdkVqxg8mRDAJYYFGCE/view?usp=drivesdk,10.46498/reduipb.v25i1.1462,https://drive.google.com/file/d/1TcIVrfcENadbtLdkVqxg8mRDAJYYFGCE/preview,https://drive.google.com/file/d/1TcIVrfcENadbtLdkVqxg8mRDAJYYFGCE/view
1jPo0QfJkt6sGjoG2oqgXgz3tup89z77_,10.64492_0pqcn185.pdf,631825,2026-04-20T16:32:35.121Z,https://drive.google.com/file/d/1jPo0QfJkt6sGjoG2oqgXgz3tup89z77_/view?usp=drivesdk,10.64492/0pqcn185,https://drive.google.com/file/d/1jPo0QfJkt6sGjoG2oqgXgz3tup89z77_/preview,https://drive.google.com/file/d/1jPo0QfJkt6sGjoG2oqgXgz3tup89z77_/view
1iRAEt4PZuuHO1CC4vMDD1U77Hagffp9u,10.59400_fes2458.pdf,420759,2026-04-20T16:30:07.212Z,https://drive.google.com/file/d/1iRAEt4PZuuHO1CC4vMDD1U77Hagffp9u/view?usp=drivesdk,10.59400/fes2458,https://drive.google.com/file/d/1iRAEt4PZuuHO1CC4vMDD1U77Hagffp9u/preview,https://drive.google.com/file/d/1iRAEt4PZuuHO1CC4vMDD1U77Hagffp9u/view
1n0cCX5gm4pEnrHHkT8Nm3KsATru0QZAK,10.31538_adrg.v5i1.1824.pdf,268831,2026-04-18T15:36:29.229Z,https://drive.google.com/file/d/1n0cCX5gm4pEnrHHkT8Nm3KsATru0QZAK/view?usp=drivesdk,10.31538/adrg.v5i1.1824,https://drive.google.com/file/d/1n0cCX5gm4pEnrHHkT8Nm3KsATru0QZAK/preview,https://drive.google.com/file/d/1n0cCX5gm4pEnrHHkT8Nm3KsATru0QZAK/view
1Eczq1aoxB1Ss09oRJDjyM0UIDi-qngzq,https___openalex.org_W3113569170.pdf,85015,2026-04-17T15:26:49.580Z,https://drive.google.com/file/d/1Eczq1aoxB1Ss09oRJDjyM0UIDi-qngzq/view?usp=drivesdk,https/__openalex.org_w3113569170,https://drive.google.com/file/d/1Eczq1aoxB1Ss09oRJDjyM0UIDi-qngzq/preview,https://drive.google.com/file/d/1Eczq1aoxB1Ss09oRJDjyM0UIDi-qngzq/view
1kNIwsKE3im55-1othrpCFDVGTmk3_6yF,10.56726_irjmets44523.pdf,1650234,2026-04-16T16:13:55.559Z,https://drive.google.com/file/d/1kNIwsKE3im55-1othrpCFDVGTmk3_6yF/view?usp=drivesdk,10.56726/irjmets44523,https://drive.google.com/file/d/1kNIwsKE3im55-1othrpCFDVGTmk3_6yF/preview,https://drive.google.com/file/d/1kNIwsKE3im55-1othrpCFDVGTmk3_6yF/view
1OSjVMEKoTV2zK0BgG7_KoD5gUpECMVRy,10.32672_pice.v2i1.1329.pdf,846341,2026-04-16T16:13:52.523Z,https://drive.google.com/file/d/1OSjVMEKoTV2zK0BgG7_KoD5gUpECMVRy/view?usp=drivesdk,10.32672/pice.v2i1.1329,https://drive.google.com/file/d/1OSjVMEKoTV2zK0BgG7_KoD5gUpECMVRy/preview,https://drive.google.com/file/d/1OSjVMEKoTV2zK0BgG7_KoD5gUpECMVRy/view
1T0Vy5RLJnTaIwG3tOgcJlkR2Vb4DEdei,10.56726_irjmets44523.pdf,1650234,2026-04-16T16:10:50.169Z,https://drive.google.com/file/d/1T0Vy5RLJnTaIwG3tOgcJlkR2Vb4DEdei/view?usp=drivesdk,10.56726/irjmets44523,https://drive.google.com/file/d/1T0Vy5RLJnTaIwG3tOgcJlkR2Vb4DEdei/preview,https://drive.google.com/file/d/1T0Vy5RLJnTaIwG3tOgcJlkR2Vb4DEdei/view
1JsqwvxTexzv0PXE4d20ypz6ul_FinIuD,10.32672_pice.v2i1.1329.pdf,846341,2026-04-16T16:10:47.791Z,https://drive.google.com/file/d/1JsqwvxTexzv0PXE4d20ypz6ul_FinIuD/view?usp=drivesdk,10.32672/pice.v2i1.1329,https://drive.google.com/file/d/1JsqwvxTexzv0PXE4d20ypz6ul_FinIuD/preview,https://drive.google.com/file/d/1JsqwvxTexzv0PXE4d20ypz6ul_FinIuD/view
1r-mtpIVoVfmF15eXdZ6QzJhlBwfVZgEQ,https___openalex.org_W3154069308.pdf,24845,2026-04-16T16:10:38.768Z,https://drive.google.com/file/d/1r-mtpIVoVfmF15eXdZ6QzJhlBwfVZgEQ/view?usp=drivesdk,https/__openalex.org_w3154069308,https://drive.google.com/file/d/1r-mtpIVoVfmF15eXdZ6QzJhlBwfVZgEQ/preview,https://drive.google.com/file/d/1r-mtpIVoVfmF15eXdZ6QzJhlBwfVZgEQ/view
1boTbQKz2Vf62NcWidNWsaT5FcEYZoVEa,10.3991_ijet.v15i12.13571.pdf,847156,2026-04-16T15:42:32.157Z,https://drive.google.com/file/d/1boTbQKz2Vf62NcWidNWsaT5FcEYZoVEa/view?usp=drivesdk,10.3991/ijet.v15i12.13571,https://drive.google.com/file/d/1boTbQKz2Vf62NcWidNWsaT5FcEYZoVEa/preview,https://drive.google.com/file/d/1boTbQKz2Vf62NcWidNWsaT5FcEYZoVEa/view
1KyDJy-4aCVNnjfvtDVm5_PMORquIkbrp,https___openalex.org_W3181632419.pdf,212708,2026-04-16T12:57:24.706Z,https://drive.google.com/file/d/1KyDJy-4aCVNnjfvtDVm5_PMORquIkbrp/view?usp=drivesdk,https/__openalex.org_w3181632419,https://drive.google.com/file/d/1KyDJy-4aCVNnjfvtDVm5_PMORquIkbrp/preview,https://drive.google.com/file/d/1KyDJy-4aCVNnjfvtDVm5_PMORquIkbrp/view
1RjOs3YJyZ_0xAhvUt2foYPeoQ7j7aVbz,10.4135_9781071840801.n92.pdf,178190,2026-04-16T12:56:26.437Z,https://drive.google.com/file/d/1RjOs3YJyZ_0xAhvUt2foYPeoQ7j7aVbz/view?usp=drivesdk,10.4135/9781071840801.n92,https://drive.google.com/file/d/1RjOs3YJyZ_0xAhvUt2foYPeoQ7j7aVbz/preview,https://drive.google.com/file/d/1RjOs3YJyZ_0xAhvUt2foYPeoQ7j7aVbz/view
1n_N5NpHsQ82aew2z-brR3LbIo3L8pcSR,10.31992_0869-3617-2024-33-4-33-48.pdf,723447,2026-04-16T12:53:06.818Z,https://drive.google.com/file/d/1n_N5NpHsQ82aew2z-brR3LbIo3L8pcSR/view?usp=drivesdk,10.31992/0869-3617-2024-33-4-33-48,https://drive.google.com/file/d/1n_N5NpHsQ82aew2z-brR3LbIo3L8pcSR/preview,https://drive.google.com/file/d/1n_N5NpHsQ82aew2z-brR3LbIo3L8pcSR/view
1D-vuWxHTZjNH2W-5VAFpkXobfUo3w6cx,10.25446_oxford.21107554.pdf,819893,2026-04-16T12:48:10.737Z,https://drive.google.com/file/d/1D-vuWxHTZjNH2W-5VAFpkXobfUo3w6cx/view?usp=drivesdk,10.25446/oxford.21107554,https://drive.google.com/file/d/1D-vuWxHTZjNH2W-5VAFpkXobfUo3w6cx/preview,https://drive.google.com/file/d/1D-vuWxHTZjNH2W-5VAFpkXobfUo3w6cx/view
1YLGef-18Rtb62FRSwHxd8o42kBbv-cwp,https___openalex.org_W4387727162.pdf,1006143,2026-04-16T12:45:54.816Z,https://drive.google.com/file/d/1YLGef-18Rtb62FRSwHxd8o42kBbv-cwp/view?usp=drivesdk,https/__openalex.org_w4387727162,https://drive.google.com/file/d/1YLGef-18Rtb62FRSwHxd8o42kBbv-cwp/preview,https://drive.google.com/file/d/1YLGef-18Rtb62FRSwHxd8o42kBbv-cwp/view
1FGMPOnudQ5tmojBcUnG-udZwn7ip9cmu,https___openalex.org_W7132529729.pdf,590095,2026-04-16T12:36:21.884Z,https://drive.google.com/file/d/1FGMPOnudQ5tmojBcUnG-udZwn7ip9cmu/view?usp=drivesdk,https/__openalex.org_w7132529729,https://drive.google.com/file/d/1FGMPOnudQ5tmojBcUnG-udZwn7ip9cmu/preview,https://drive.google.com/file/d/1FGMPOnudQ5tmojBcUnG-udZwn7ip9cmu/view
1rI8kDDUE1pIb1Lm1pkerJzNiT8OG7wbG,10.64747_6pcz9q57.pdf,796284,2026-04-16T12:36:11.266Z,https://drive.google.com/file/d/1rI8kDDUE1pIb1Lm1pkerJzNiT8OG7wbG/view?usp=drivesdk,10.64747/6pcz9q57,https://drive.google.com/file/d/1rI8kDDUE1pIb1Lm1pkerJzNiT8OG7wbG/preview,https://drive.google.com/file/d/1rI8kDDUE1pIb1Lm1pkerJzNiT8OG7wbG/view
1SuworcU3qtAVaUugqHDALa2u5O2l3UsZ,https___openalex.org_W3183463899.pdf,663162,2026-04-16T12:32:07.794Z,https://drive.google.com/file/d/1SuworcU3qtAVaUugqHDALa2u5O2l3UsZ/view?usp=drivesdk,https/__openalex.org_w3183463899,https://drive.google.com/file/d/1SuworcU3qtAVaUugqHDALa2u5O2l3UsZ/preview,https://drive.google.com/file/d/1SuworcU3qtAVaUugqHDALa2u5O2l3UsZ/view
1zTi1jCkG66-CewzwOwEeJOwK4NL4dUP6,https___openalex.org_W3138312030.pdf,471745,2026-04-16T12:30:00.602Z,https://drive.google.com/file/d/1zTi1jCkG66-CewzwOwEeJOwK4NL4dUP6/view?usp=drivesdk,https/__openalex.org_w3138312030,https://drive.google.com/file/d/1zTi1jCkG66-CewzwOwEeJOwK4NL4dUP6/preview,https://drive.google.com/file/d/1zTi1jCkG66-CewzwOwEeJOwK4NL4dUP6/view
1rRI9UOVLG6LCSjan59jlzt_pgoM_E6kb,https___openalex.org_W7133385035.pdf,2126824,2026-04-16T12:24:33.930Z,https://drive.google.com/file/d/1rRI9UOVLG6LCSjan59jlzt_pgoM_E6kb/view?usp=drivesdk,https/__openalex.org_w7133385035,https://drive.google.com/file/d/1rRI9UOVLG6LCSjan59jlzt_pgoM_E6kb/preview,https://drive.google.com/file/d/1rRI9UOVLG6LCSjan59jlzt_pgoM_E6kb/view
1hYzE6xgbrJfqICo8uUYtITej-vXrfYJM,https___openalex.org_W7132711186.pdf,662343,2026-04-16T12:23:48.045Z,https://drive.google.com/file/d/1hYzE6xgbrJfqICo8uUYtITej-vXrfYJM/view?usp=drivesdk,https/__openalex.org_w7132711186,https://drive.google.com/file/d/1hYzE6xgbrJfqICo8uUYtITej-vXrfYJM/preview,https://drive.google.com/file/d/1hYzE6xgbrJfqICo8uUYtITej-vXrfYJM/view
16O48a2_FCbClktUIElEjkIcvYmel9999,https___openalex.org_W3024638422.pdf,892608,2026-04-16T12:21:54.148Z,https://drive.google.com/file/d/16O48a2_FCbClktUIElEjkIcvYmel9999/view?usp=drivesdk,https/__openalex.org_w3024638422,https://drive.google.com/file/d/16O48a2_FCbClktUIElEjkIcvYmel9999/preview,https://drive.google.com/file/d/16O48a2_FCbClktUIElEjkIcvYmel9999/view
1ojsQbKrORNxazZWtJk1E9y0SpydbbYCp,https___openalex.org_W7120320261.pdf,2289526,2026-04-16T12:19:30.196Z,https://drive.google.com/file/d/1ojsQbKrORNxazZWtJk1E9y0SpydbbYCp/view?usp=drivesdk,https/__openalex.org_w7120320261,https://drive.google.com/file/d/1ojsQbKrORNxazZWtJk1E9y0SpydbbYCp/preview,https://drive.google.com/file/d/1ojsQbKrORNxazZWtJk1E9y0SpydbbYCp/view
1UchKtCwDTD_0rV5UCe5yjkfvoTCYPyPG,https___openalex.org_W7112978702.pdf,1176484,2026-04-16T12:18:45.980Z,https://drive.google.com/file/d/1UchKtCwDTD_0rV5UCe5yjkfvoTCYPyPG/view?usp=drivesdk,https/__openalex.org_w7112978702,https://drive.google.com/file/d/1UchKtCwDTD_0rV5UCe5yjkfvoTCYPyPG/preview,https://drive.google.com/file/d/1UchKtCwDTD_0rV5UCe5yjkfvoTCYPyPG/view
1dVK06mjU1WLsJiQRuSlb1yYn9WzwP0Ui,https___openalex.org_W7113414853.pdf,5060931,2026-04-16T12:18:32.356Z,https://drive.google.com/file/d/1dVK06mjU1WLsJiQRuSlb1yYn9WzwP0Ui/view?usp=drivesdk,https/__openalex.org_w7113414853,https://drive.google.com/file/d/1dVK06mjU1WLsJiQRuSlb1yYn9WzwP0Ui/preview,https://drive.google.com/file/d/1dVK06mjU1WLsJiQRuSlb1yYn9WzwP0Ui/view
1owX5m9qSReAjaJKfdnDKMIHhzOGPCgNN,https___openalex.org_W7120449669.pdf,626414,2026-04-16T12:18:11.604Z,https://drive.google.com/file/d/1owX5m9qSReAjaJKfdnDKMIHhzOGPCgNN/view?usp=drivesdk,https/__openalex.org_w7120449669,https://drive.google.com/file/d/1owX5m9qSReAjaJKfdnDKMIHhzOGPCgNN/preview,https://drive.google.com/file/d/1owX5m9qSReAjaJKfdnDKMIHhzOGPCgNN/view
1wZQHQok_umLxgInJEZLU4EZme4J73DoM,https___openalex.org_W7133083788.pdf,3619041,2026-04-16T12:17:59.443Z,https://drive.google.com/file/d/1wZQHQok_umLxgInJEZLU4EZme4J73DoM/view?usp=drivesdk,https/__openalex.org_w7133083788,https://drive.google.com/file/d/1wZQHQok_umLxgInJEZLU4EZme4J73DoM/preview,https://drive.google.com/file/d/1wZQHQok_umLxgInJEZLU4EZme4J73DoM/view
1wJIndVUFe0S8NTcAjoAariFAOd1lRLDG,https___openalex.org_W7135904377.pdf,888241,2026-04-16T12:16:51.460Z,https://drive.google.com/file/d/1wJIndVUFe0S8NTcAjoAariFAOd1lRLDG/view?usp=drivesdk,https/__openalex.org_w7135904377,https://drive.google.com/file/d/1wJIndVUFe0S8NTcAjoAariFAOd1lRLDG/preview,https://drive.google.com/file/d/1wJIndVUFe0S8NTcAjoAariFAOd1lRLDG/view
1z_Iar6zZuHODU9hyM9WdzSeQizhHPixp,https___openalex.org_W7133446289.pdf,1289041,2026-04-16T12:15:41.480Z,https://drive.google.com/file/d/1z_Iar6zZuHODU9hyM9WdzSeQizhHPixp/view?usp=drivesdk,https/__openalex.org_w7133446289,https://drive.google.com/file/d/1z_Iar6zZuHODU9hyM9WdzSeQizhHPixp/preview,https://drive.google.com/file/d/1z_Iar6zZuHODU9hyM9WdzSeQizhHPixp/view
1JtxyHnDXMteR3OS64KqCkOz1xmDSKgF8,https___openalex.org_W7132621132.pdf,531316,2026-04-16T12:14:55.389Z,https://drive.google.com/file/d/1JtxyHnDXMteR3OS64KqCkOz1xmDSKgF8/view?usp=drivesdk,https/__openalex.org_w7132621132,https://drive.google.com/file/d/1JtxyHnDXMteR3OS64KqCkOz1xmDSKgF8/preview,https://drive.google.com/file/d/1JtxyHnDXMteR3OS64KqCkOz1xmDSKgF8/view
19nMAqQEu9GO2uQQmqogG7Vdz_r4uXxlg,https___openalex.org_W7133092721.pdf,841060,2026-04-16T12:14:39.673Z,https://drive.google.com/file/d/19nMAqQEu9GO2uQQmqogG7Vdz_r4uXxlg/view?usp=drivesdk,https/__openalex.org_w7133092721,https://drive.google.com/file/d/19nMAqQEu9GO2uQQmqogG7Vdz_r4uXxlg/preview,https://drive.google.com/file/d/19nMAqQEu9GO2uQQmqogG7Vdz_r4uXxlg/view
1q-sl_tXBmFjgWKJUHJ7JNudU6eA8jp-N,https___openalex.org_W7133474055.pdf,2494845,2026-04-16T12:13:30.487Z,https://drive.google.com/file/d/1q-sl_tXBmFjgWKJUHJ7JNudU6eA8jp-N/view?usp=drivesdk,https/__openalex.org_w7133474055,https://drive.google.com/file/d/1q-sl_tXBmFjgWKJUHJ7JNudU6eA8jp-N/preview,https://drive.google.com/file/d/1q-sl_tXBmFjgWKJUHJ7JNudU6eA8jp-N/view
1XzzxaEiOzY0FmMpPLggvX9nx49Uo25yv,https___openalex.org_W7132891391.pdf,2404017,2026-04-16T12:12:43.009Z,https://drive.google.com/file/d/1XzzxaEiOzY0FmMpPLggvX9nx49Uo25yv/view?usp=drivesdk,https/__openalex.org_w7132891391,https://drive.google.com/file/d/1XzzxaEiOzY0FmMpPLggvX9nx49Uo25yv/preview,https://drive.google.com/file/d/1XzzxaEiOzY0FmMpPLggvX9nx49Uo25yv/view
1uFhcwV6YtUd4OkWNCfRG9bTwk5wjgfiJ,https___openalex.org_W7133091365.pdf,988605,2026-04-16T12:12:20.081Z,https://drive.google.com/file/d/1uFhcwV6YtUd4OkWNCfRG9bTwk5wjgfiJ/view?usp=drivesdk,https/__openalex.org_w7133091365,https://drive.google.com/file/d/1uFhcwV6YtUd4OkWNCfRG9bTwk5wjgfiJ/preview,https://drive.google.com/file/d/1uFhcwV6YtUd4OkWNCfRG9bTwk5wjgfiJ/view
13llP7M8Xo8fB5b5Xo91tT_a5vqRmJD83,https___openalex.org_W7112740733.pdf,603934,2026-04-16T12:11:51.592Z,https://drive.google.com/file/d/13llP7M8Xo8fB5b5Xo91tT_a5vqRmJD83/view?usp=drivesdk,https/__openalex.org_w7112740733,https://drive.google.com/file/d/13llP7M8Xo8fB5b5Xo91tT_a5vqRmJD83/preview,https://drive.google.com/file/d/13llP7M8Xo8fB5b5Xo91tT_a5vqRmJD83/view
10c7nlxwfWzl2O3tS5BrIE5dRmVN3Kl0K,https___openalex.org_W7112160825.pdf,1139509,2026-04-16T12:11:44.154Z,https://drive.google.com/file/d/10c7nlxwfWzl2O3tS5BrIE5dRmVN3Kl0K/view?usp=drivesdk,https/__openalex.org_w7112160825,https://drive.google.com/file/d/10c7nlxwfWzl2O3tS5BrIE5dRmVN3Kl0K/preview,https://drive.google.com/file/d/10c7nlxwfWzl2O3tS5BrIE5dRmVN3Kl0K/view
1ZNmN1riH6VUB8X-iYupG5USMuXU8BC7h,https___openalex.org_W7120627389.pdf,2364709,2026-04-16T12:10:57.682Z,https://drive.google.com/file/d/1ZNmN1riH6VUB8X-iYupG5USMuXU8BC7h/view?usp=drivesdk,https/__openalex.org_w7120627389,https://drive.google.com/file/d/1ZNmN1riH6VUB8X-iYupG5USMuXU8BC7h/preview,https://drive.google.com/file/d/1ZNmN1riH6VUB8X-iYupG5USMuXU8BC7h/view
1by0A5lglJRiXXb4lIa14kHLQR5DGvr1I,https___openalex.org_W7113170877.pdf,849869,2026-04-16T12:10:51.567Z,https://drive.google.com/file/d/1by0A5lglJRiXXb4lIa14kHLQR5DGvr1I/view?usp=drivesdk,https/__openalex.org_w7113170877,https://drive.google.com/file/d/1by0A5lglJRiXXb4lIa14kHLQR5DGvr1I/preview,https://drive.google.com/file/d/1by0A5lglJRiXXb4lIa14kHLQR5DGvr1I/view
1pa6AXM1PhiRDIPEFVHGMZSA71ILtgTqh,https___openalex.org_W7112102013.pdf,1598536,2026-04-16T12:09:32.250Z,https://drive.google.com/file/d/1pa6AXM1PhiRDIPEFVHGMZSA71ILtgTqh/view?usp=drivesdk,https/__openalex.org_w7112102013,https://drive.google.com/file/d/1pa6AXM1PhiRDIPEFVHGMZSA71ILtgTqh/preview,https://drive.google.com/file/d/1pa6AXM1PhiRDIPEFVHGMZSA71ILtgTqh/view
1qRCWo6_DkLZQ3m6H-zeynhk045T6iss6,https___openalex.org_W7118113896.pdf,284749,2026-04-16T12:09:10.516Z,https://drive.google.com/file/d/1qRCWo6_DkLZQ3m6H-zeynhk045T6iss6/view?usp=drivesdk,https/__openalex.org_w7118113896,https://drive.google.com/file/d/1qRCWo6_DkLZQ3m6H-zeynhk045T6iss6/preview,https://drive.google.com/file/d/1qRCWo6_DkLZQ3m6H-zeynhk045T6iss6/view
1ygwPqL3V--km37-U7XyEbmv2D51Sjs_6,10.36948_ijfmr.2024.v06i03.23615.pdf,788510,2026-04-15T16:03:06.077Z,https://drive.google.com/file/d/1ygwPqL3V--km37-U7XyEbmv2D51Sjs_6/view?usp=drivesdk,10.36948/ijfmr.2024.v06i03.23615,https://drive.google.com/file/d/1ygwPqL3V--km37-U7XyEbmv2D51Sjs_6/preview,https://drive.google.com/file/d/1ygwPqL3V--km37-U7XyEbmv2D51Sjs_6/view
1zhxTsxPITnrugHT3cL9okAg5uxnBRP3b,10.1136_bmjopen-2022-061978.pdf,1615210,2026-04-15T15:42:12.466Z,https://drive.google.com/file/d/1zhxTsxPITnrugHT3cL9okAg5uxnBRP3b/view?usp=drivesdk,10.1136/bmjopen-2022-061978,https://drive.google.com/file/d/1zhxTsxPITnrugHT3cL9okAg5uxnBRP3b/preview,https://drive.google.com/file/d/1zhxTsxPITnrugHT3cL9okAg5uxnBRP3b/view
1ymu6dxOofEyik69lBX5i2sT99VJaiOxd,10.62574_rmpi.v4i1.95.pdf,207874,2026-04-15T00:44:36.799Z,https://drive.google.com/file/d/1ymu6dxOofEyik69lBX5i2sT99VJaiOxd/view?usp=drivesdk,10.62574/rmpi.v4i1.95,https://drive.google.com/file/d/1ymu6dxOofEyik69lBX5i2sT99VJaiOxd/preview,https://drive.google.com/file/d/1ymu6dxOofEyik69lBX5i2sT99VJaiOxd/view
1D_4T4PK2Cy0hInxH5O4om5vDPA9bZoPg,10.5354_2452-5855.2025.74212.pdf,791099,2026-04-14T02:25:49.272Z,https://drive.google.com/file/d/1D_4T4PK2Cy0hInxH5O4om5vDPA9bZoPg/view?usp=drivesdk,10.5354/2452-5855.2025.74212,https://drive.google.com/file/d/1D_4T4PK2Cy0hInxH5O4om5vDPA9bZoPg/preview,https://drive.google.com/file/d/1D_4T4PK2Cy0hInxH5O4om5vDPA9bZoPg/view
1BhFB5mCk7ElFaQnjMGAWYcA9Y5LVu-Cg,10.17159_2520-9868_i86a05.pdf,285277,2026-04-14T02:04:16.400Z,https://drive.google.com/file/d/1BhFB5mCk7ElFaQnjMGAWYcA9Y5LVu-Cg/view?usp=drivesdk,10.17159/2520-9868_i86a05,https://drive.google.com/file/d/1BhFB5mCk7ElFaQnjMGAWYcA9Y5LVu-Cg/preview,https://drive.google.com/file/d/1BhFB5mCk7ElFaQnjMGAWYcA9Y5LVu-Cg/view
1zTlp2K9PGQUv2sH4tg2RoUDHbvr8XV2k,10.33140_psi.01.02.03.pdf,357377,2026-04-14T01:48:24.914Z,https://drive.google.com/file/d/1zTlp2K9PGQUv2sH4tg2RoUDHbvr8XV2k/view?usp=drivesdk,10.33140/psi.01.02.03,https://drive.google.com/file/d/1zTlp2K9PGQUv2sH4tg2RoUDHbvr8XV2k/preview,https://drive.google.com/file/d/1zTlp2K9PGQUv2sH4tg2RoUDHbvr8XV2k/view
12M2e8_4acmo5s0joE8g7rBunnrfZqFaB,10.46606_eajess2021v02i04.0124.pdf,884,2026-04-14T01:44:41.187Z,https://drive.google.com/file/d/12M2e8_4acmo5s0joE8g7rBunnrfZqFaB/view?usp=drivesdk,10.46606/eajess2021v02i04.0124,https://drive.google.com/file/d/12M2e8_4acmo5s0joE8g7rBunnrfZqFaB/preview,https://drive.google.com/file/d/12M2e8_4acmo5s0joE8g7rBunnrfZqFaB/view
1KAvZfXwQtaOjStwcH3uzc6loHqGUxX9z,10.5206_cjsotlrcacea.2024.3.17715.pdf,675796,2026-04-14T00:13:28.483Z,https://drive.google.com/file/d/1KAvZfXwQtaOjStwcH3uzc6loHqGUxX9z/view?usp=drivesdk,10.5206/cjsotlrcacea.2024.3.17715,https://drive.google.com/file/d/1KAvZfXwQtaOjStwcH3uzc6loHqGUxX9z/preview,https://drive.google.com/file/d/1KAvZfXwQtaOjStwcH3uzc6loHqGUxX9z/view
1dYshUMm_HOtyztMPHaQFAW65S6Vb0xlP,10.53555_kuey.v30i4.1007.pdf,772512,2026-04-14T00:09:56.600Z,https://drive.google.com/file/d/1dYshUMm_HOtyztMPHaQFAW65S6Vb0xlP/view?usp=drivesdk,10.53555/kuey.v30i4.1007,https://drive.google.com/file/d/1dYshUMm_HOtyztMPHaQFAW65S6Vb0xlP/preview,https://drive.google.com/file/d/1dYshUMm_HOtyztMPHaQFAW65S6Vb0xlP/view
1LMf7J9foOQdWli4zyafu0QhOMdNQOssz,10.62319_simonrodriguez.v.6i11.162.pdf,441340,2026-04-13T16:10:19.067Z,https://drive.google.com/file/d/1LMf7J9foOQdWli4zyafu0QhOMdNQOssz/view?usp=drivesdk,10.62319/simonrodriguez.v.6i11.162,https://drive.google.com/file/d/1LMf7J9foOQdWli4zyafu0QhOMdNQOssz/preview,https://drive.google.com/file/d/1LMf7J9foOQdWli4zyafu0QhOMdNQOssz/view
1rYDFtm-ITfy6eoFJ65vWq4SaSYy2ZNeL,10.37811_cl_rcm.v10i2.23219.pdf,504276,2026-04-13T16:09:26.218Z,https://drive.google.com/file/d/1rYDFtm-ITfy6eoFJ65vWq4SaSYy2ZNeL/view?usp=drivesdk,10.37811/cl_rcm.v10i2.23219,https://drive.google.com/file/d/1rYDFtm-ITfy6eoFJ65vWq4SaSYy2ZNeL/preview,https://drive.google.com/file/d/1rYDFtm-ITfy6eoFJ65vWq4SaSYy2ZNeL/view
1BJAAOY38XW9CLhJ993cZeZgzax5IidXE,10.70838_pemj.390508.pdf,460990,2026-04-13T16:06:23.577Z,https://drive.google.com/file/d/1BJAAOY38XW9CLhJ993cZeZgzax5IidXE/view?usp=drivesdk,10.70838/pemj.390508,https://drive.google.com/file/d/1BJAAOY38XW9CLhJ993cZeZgzax5IidXE/preview,https://drive.google.com/file/d/1BJAAOY38XW9CLhJ993cZeZgzax5IidXE/view
11T5lGTvRkzVLAXxUg1nrL4c5TQJnGqfF,10.63931_ijchr.v7isi1.227.pdf,661010,2026-04-13T16:05:15.293Z,https://drive.google.com/file/d/11T5lGTvRkzVLAXxUg1nrL4c5TQJnGqfF/view?usp=drivesdk,10.63931/ijchr.v7isi1.227,https://drive.google.com/file/d/11T5lGTvRkzVLAXxUg1nrL4c5TQJnGqfF/preview,https://drive.google.com/file/d/11T5lGTvRkzVLAXxUg1nrL4c5TQJnGqfF/view
1SRVe0AXHKSQJSp-ehFwvxoWNkuW6RIWA,10.53555_kuey.v30i4.1774.pdf,300132,2026-04-13T16:00:12.562Z,https://drive.google.com/file/d/1SRVe0AXHKSQJSp-ehFwvxoWNkuW6RIWA/view?usp=drivesdk,10.53555/kuey.v30i4.1774,https://drive.google.com/file/d/1SRVe0AXHKSQJSp-ehFwvxoWNkuW6RIWA/preview,https://drive.google.com/file/d/1SRVe0AXHKSQJSp-ehFwvxoWNkuW6RIWA/view
1TOK0bmltnm-2Knp7DRmL7z8d3CmHVQpJ,10.37329_cetta.v6i1.2142.pdf,278848,2026-04-13T15:36:44.433Z,https://drive.google.com/file/d/1TOK0bmltnm-2Knp7DRmL7z8d3CmHVQpJ/view?usp=drivesdk,10.37329/cetta.v6i1.2142,https://drive.google.com/file/d/1TOK0bmltnm-2Knp7DRmL7z8d3CmHVQpJ/preview,https://drive.google.com/file/d/1TOK0bmltnm-2Knp7DRmL7z8d3CmHVQpJ/view
1hmVPF_x7PMTHFBsz3y55z0dFDuy1HAHq,10.58622_vjes.v3i4.105.pdf,231572,2026-04-13T15:34:37.884Z,https://drive.google.com/file/d/1hmVPF_x7PMTHFBsz3y55z0dFDuy1HAHq/view?usp=drivesdk,10.58622/vjes.v3i4.105,https://drive.google.com/file/d/1hmVPF_x7PMTHFBsz3y55z0dFDuy1HAHq/preview,https://drive.google.com/file/d/1hmVPF_x7PMTHFBsz3y55z0dFDuy1HAHq/view
1sNRJ4_A3hX8jFoIFwwL5cqsr_LhcmVVp,10.53555_kuey.v30i10.8124.pdf,240541,2026-04-13T15:34:24.908Z,https://drive.google.com/file/d/1sNRJ4_A3hX8jFoIFwwL5cqsr_LhcmVVp/view?usp=drivesdk,10.53555/kuey.v30i10.8124,https://drive.google.com/file/d/1sNRJ4_A3hX8jFoIFwwL5cqsr_LhcmVVp/preview,https://drive.google.com/file/d/1sNRJ4_A3hX8jFoIFwwL5cqsr_LhcmVVp/view
1c20eITiN0-FRNEFd3_PV__WIZtWxLW8k,10.31538_ndhq.v10i2.140.pdf,403839,2026-04-13T15:32:34.926Z,https://drive.google.com/file/d/1c20eITiN0-FRNEFd3_PV__WIZtWxLW8k/view?usp=drivesdk,10.31538/ndhq.v10i2.140,https://drive.google.com/file/d/1c20eITiN0-FRNEFd3_PV__WIZtWxLW8k/preview,https://drive.google.com/file/d/1c20eITiN0-FRNEFd3_PV__WIZtWxLW8k/view
16zck3SIMR6wCdDJDAyMnx6CuCmmDEp-2,10.46606_eajess2020v01i02.0028.pdf,892,2026-04-13T15:32:29.527Z,https://drive.google.com/file/d/16zck3SIMR6wCdDJDAyMnx6CuCmmDEp-2/view?usp=drivesdk,10.46606/eajess2020v01i02.0028,https://drive.google.com/file/d/16zck3SIMR6wCdDJDAyMnx6CuCmmDEp-2/preview,https://drive.google.com/file/d/16zck3SIMR6wCdDJDAyMnx6CuCmmDEp-2/view
1lNJ0SZt2oKUIttb7QClnn8ZTS25LXHDT,10.55681_nusra.v5i1.2148.pdf,1123280,2026-04-13T15:32:10.795Z,https://drive.google.com/file/d/1lNJ0SZt2oKUIttb7QClnn8ZTS25LXHDT/view?usp=drivesdk,10.55681/nusra.v5i1.2148,https://drive.google.com/file/d/1lNJ0SZt2oKUIttb7QClnn8ZTS25LXHDT/preview,https://drive.google.com/file/d/1lNJ0SZt2oKUIttb7QClnn8ZTS25LXHDT/view
1UsDeOAQdY5THKWcbhUAqI_hmM3Kc72Z8,10.11594_ijmaber.04.03.27.pdf,341481,2026-04-13T15:28:52.415Z,https://drive.google.com/file/d/1UsDeOAQdY5THKWcbhUAqI_hmM3Kc72Z8/view?usp=drivesdk,10.11594/ijmaber.04.03.27,https://drive.google.com/file/d/1UsDeOAQdY5THKWcbhUAqI_hmM3Kc72Z8/preview,https://drive.google.com/file/d/1UsDeOAQdY5THKWcbhUAqI_hmM3Kc72Z8/view
1-oRD600I6H40L_nBoQq__Qr_Godr7yUw,10.21154_cendekia.v21i1.5943.pdf,329527,2026-04-13T15:28:37.319Z,https://drive.google.com/file/d/1-oRD600I6H40L_nBoQq__Qr_Godr7yUw/view?usp=drivesdk,10.21154/cendekia.v21i1.5943,https://drive.google.com/file/d/1-oRD600I6H40L_nBoQq__Qr_Godr7yUw/preview,https://drive.google.com/file/d/1-oRD600I6H40L_nBoQq__Qr_Godr7yUw/view
1M_F3OUAccn6kFVRiAi9xQI2cYgSKox97,10.23960_jpp.v14.i2.202487.pdf,776388,2026-04-13T15:27:39.132Z,https://drive.google.com/file/d/1M_F3OUAccn6kFVRiAi9xQI2cYgSKox97/view?usp=drivesdk,10.23960/jpp.v14.i2.202487,https://drive.google.com/file/d/1M_F3OUAccn6kFVRiAi9xQI2cYgSKox97/preview,https://drive.google.com/file/d/1M_F3OUAccn6kFVRiAi9xQI2cYgSKox97/view
1AcEzE9_b8ZhmdNrZQb2i6GoyCLcc20e5,10.30996_dia.v21i01.7594.pdf,268365,2026-04-13T15:27:07.096Z,https://drive.google.com/file/d/1AcEzE9_b8ZhmdNrZQb2i6GoyCLcc20e5/view?usp=drivesdk,10.30996/dia.v21i01.7594,https://drive.google.com/file/d/1AcEzE9_b8ZhmdNrZQb2i6GoyCLcc20e5/preview,https://drive.google.com/file/d/1AcEzE9_b8ZhmdNrZQb2i6GoyCLcc20e5/view
1smCvrdiLgsgZ9Cjx0K-hNhgeEFq2v2xg,10.53819_81018102t5053.pdf,335226,2026-04-13T15:25:38.561Z,https://drive.google.com/file/d/1smCvrdiLgsgZ9Cjx0K-hNhgeEFq2v2xg/view?usp=drivesdk,10.53819/81018102t5053,https://drive.google.com/file/d/1smCvrdiLgsgZ9Cjx0K-hNhgeEFq2v2xg/preview,https://drive.google.com/file/d/1smCvrdiLgsgZ9Cjx0K-hNhgeEFq2v2xg/view
13vI0oW-SpGvTzYgtrPXxrRsLtQsRC5rF,10.46606_eajess2020v01i03.0046.pdf,884,2026-04-13T15:24:00.570Z,https://drive.google.com/file/d/13vI0oW-SpGvTzYgtrPXxrRsLtQsRC5rF/view?usp=drivesdk,10.46606/eajess2020v01i03.0046,https://drive.google.com/file/d/13vI0oW-SpGvTzYgtrPXxrRsLtQsRC5rF/preview,https://drive.google.com/file/d/13vI0oW-SpGvTzYgtrPXxrRsLtQsRC5rF/view
1lqu5NYXBVwkJO-us6H68033mtyzKCi4H,10.52431_murobbi.v8i2.2795.pdf,436126,2026-04-13T15:21:30.083Z,https://drive.google.com/file/d/1lqu5NYXBVwkJO-us6H68033mtyzKCi4H/view?usp=drivesdk,10.52431/murobbi.v8i2.2795,https://drive.google.com/file/d/1lqu5NYXBVwkJO-us6H68033mtyzKCi4H/preview,https://drive.google.com/file/d/1lqu5NYXBVwkJO-us6H68033mtyzKCi4H/view
1cgm8ZzaxGpIDSqkPHzSA0WqFZpbvbx_0,10.37811_cl_rcm.v10i1.22704.pdf,543625,2026-04-13T15:19:10.045Z,https://drive.google.com/file/d/1cgm8ZzaxGpIDSqkPHzSA0WqFZpbvbx_0/view?usp=drivesdk,10.37811/cl_rcm.v10i1.22704,https://drive.google.com/file/d/1cgm8ZzaxGpIDSqkPHzSA0WqFZpbvbx_0/preview,https://drive.google.com/file/d/1cgm8ZzaxGpIDSqkPHzSA0WqFZpbvbx_0/view
1UXK7113JQGJxVsjydyFBtlza0cyuY9o2,10.37811_cl_rcm.v9i4.20241.pdf,500256,2026-04-13T15:19:04.626Z,https://drive.google.com/file/d/1UXK7113JQGJxVsjydyFBtlza0cyuY9o2/view?usp=drivesdk,10.37811/cl_rcm.v9i4.20241,https://drive.google.com/file/d/1UXK7113JQGJxVsjydyFBtlza0cyuY9o2/preview,https://drive.google.com/file/d/1UXK7113JQGJxVsjydyFBtlza0cyuY9o2/view
1fodyVZI1E-vCozK8eNXsi0Z8KsF3A5jG,10.37811_cl_rcm.v7i5.8184.pdf,371722,2026-04-13T15:18:16.573Z,https://drive.google.com/file/d/1fodyVZI1E-vCozK8eNXsi0Z8KsF3A5jG/view?usp=drivesdk,10.37811/cl_rcm.v7i5.8184,https://drive.google.com/file/d/1fodyVZI1E-vCozK8eNXsi0Z8KsF3A5jG/preview,https://drive.google.com/file/d/1fodyVZI1E-vCozK8eNXsi0Z8KsF3A5jG/view
1VwoYJ8g_bNscA-Cpmf0OGLqu-X4BbN5L,10.33996_revistahorizontes.v9i40.1178.pdf,626385,2026-04-13T15:18:11.125Z,https://drive.google.com/file/d/1VwoYJ8g_bNscA-Cpmf0OGLqu-X4BbN5L/view?usp=drivesdk,10.33996/revistahorizontes.v9i40.1178,https://drive.google.com/file/d/1VwoYJ8g_bNscA-Cpmf0OGLqu-X4BbN5L/preview,https://drive.google.com/file/d/1VwoYJ8g_bNscA-Cpmf0OGLqu-X4BbN5L/view
1OO4XFKNeX-IGa0PS6ZNCmALxYsHvQecm,10.37811_cl_rcm.v10i1.22819.pdf,592803,2026-04-13T15:17:22.581Z,https://drive.google.com/file/d/1OO4XFKNeX-IGa0PS6ZNCmALxYsHvQecm/view?usp=drivesdk,10.37811/cl_rcm.v10i1.22819,https://drive.google.com/file/d/1OO4XFKNeX-IGa0PS6ZNCmALxYsHvQecm/preview,https://drive.google.com/file/d/1OO4XFKNeX-IGa0PS6ZNCmALxYsHvQecm/view
1skSOOr7XhoRnZbsWcOx1ykhfEWWejxIv,10.33996_revistahorizontes.v9i37.982.pdf,648478,2026-04-13T15:17:17.560Z,https://drive.google.com/file/d/1skSOOr7XhoRnZbsWcOx1ykhfEWWejxIv/view?usp=drivesdk,10.33996/revistahorizontes.v9i37.982,https://drive.google.com/file/d/1skSOOr7XhoRnZbsWcOx1ykhfEWWejxIv/preview,https://drive.google.com/file/d/1skSOOr7XhoRnZbsWcOx1ykhfEWWejxIv/view
1NAey49_jm2GZGqt-okh2A81kKBan7iC7,10.62319_simonrodriguez.v.5i10.78.pdf,365403,2026-04-13T15:14:35.445Z,https://drive.google.com/file/d/1NAey49_jm2GZGqt-okh2A81kKBan7iC7/view?usp=drivesdk,10.62319/simonrodriguez.v.5i10.78,https://drive.google.com/file/d/1NAey49_jm2GZGqt-okh2A81kKBan7iC7/preview,https://drive.google.com/file/d/1NAey49_jm2GZGqt-okh2A81kKBan7iC7/view
1B_s5MJmo4bnHUZZ1bTA5aGNjBcUFX1Sg,10.37260_repe.v7n14.5.pdf,482612,2026-04-13T15:12:30.693Z,https://drive.google.com/file/d/1B_s5MJmo4bnHUZZ1bTA5aGNjBcUFX1Sg/view?usp=drivesdk,10.37260/repe.v7n14.5,https://drive.google.com/file/d/1B_s5MJmo4bnHUZZ1bTA5aGNjBcUFX1Sg/preview,https://drive.google.com/file/d/1B_s5MJmo4bnHUZZ1bTA5aGNjBcUFX1Sg/view
1xH0lOJeIPsGMNX_tOyPiCZagZn_lwPol,10.37811_cl_rcm.v6i5.3296.pdf,791013,2026-04-13T15:12:17.424Z,https://drive.google.com/file/d/1xH0lOJeIPsGMNX_tOyPiCZagZn_lwPol/view?usp=drivesdk,10.37811/cl_rcm.v6i5.3296,https://drive.google.com/file/d/1xH0lOJeIPsGMNX_tOyPiCZagZn_lwPol/preview,https://drive.google.com/file/d/1xH0lOJeIPsGMNX_tOyPiCZagZn_lwPol/view
1N0MHYL3GGHLJETvvMlWS2A463EoXi6LS,10.37811_cl_rcm.v4i2.164.pdf,515687,2026-04-13T15:12:14.022Z,https://drive.google.com/file/d/1N0MHYL3GGHLJETvvMlWS2A463EoXi6LS/view?usp=drivesdk,10.37811/cl_rcm.v4i2.164,https://drive.google.com/file/d/1N0MHYL3GGHLJETvvMlWS2A463EoXi6LS/preview,https://drive.google.com/file/d/1N0MHYL3GGHLJETvvMlWS2A463EoXi6LS/view
1mYKfmZCz6HVn7F_HqAt-x4kW1RYdblYE,10.62319_simonrodriguez.v.6i11.148.pdf,342416,2026-04-13T15:12:03.165Z,https://drive.google.com/file/d/1mYKfmZCz6HVn7F_HqAt-x4kW1RYdblYE/view?usp=drivesdk,10.62319/simonrodriguez.v.6i11.148,https://drive.google.com/file/d/1mYKfmZCz6HVn7F_HqAt-x4kW1RYdblYE/preview,https://drive.google.com/file/d/1mYKfmZCz6HVn7F_HqAt-x4kW1RYdblYE/view
1l2aCKBfCS_cYhUUlishLov_F4Qlb3Xav,10.37811_cl_rcm.v6i6.3851.pdf,454021,2026-04-13T15:11:59.949Z,https://drive.google.com/file/d/1l2aCKBfCS_cYhUUlishLov_F4Qlb3Xav/view?usp=drivesdk,10.37811/cl_rcm.v6i6.3851,https://drive.google.com/file/d/1l2aCKBfCS_cYhUUlishLov_F4Qlb3Xav/preview,https://drive.google.com/file/d/1l2aCKBfCS_cYhUUlishLov_F4Qlb3Xav/view
1lASXv8iVHKMklU_xoA2NNSyRp6rT2NrT,10.37811_cl_rcm.v6i6.3824.pdf,1169265,2026-04-13T15:11:54.341Z,https://drive.google.com/file/d/1lASXv8iVHKMklU_xoA2NNSyRp6rT2NrT/view?usp=drivesdk,10.37811/cl_rcm.v6i6.3824,https://drive.google.com/file/d/1lASXv8iVHKMklU_xoA2NNSyRp6rT2NrT/preview,https://drive.google.com/file/d/1lASXv8iVHKMklU_xoA2NNSyRp6rT2NrT/view
17WMWEIdX05ZrqG2lFOSN048h-6rwRU0f,10.37811_cl_rcm.v7i1.4452.pdf,478139,2026-04-13T15:11:51.084Z,https://drive.google.com/file/d/17WMWEIdX05ZrqG2lFOSN048h-6rwRU0f/view?usp=drivesdk,10.37811/cl_rcm.v7i1.4452,https://drive.google.com/file/d/17WMWEIdX05ZrqG2lFOSN048h-6rwRU0f/preview,https://drive.google.com/file/d/17WMWEIdX05ZrqG2lFOSN048h-6rwRU0f/view
1jWq_AFaGVx77meUNs6BnXsVxfCwMvn81,10.37811_cl_rcm.v9i1.16689.pdf,394654,2026-04-13T15:11:48.060Z,https://drive.google.com/file/d/1jWq_AFaGVx77meUNs6BnXsVxfCwMvn81/view?usp=drivesdk,10.37811/cl_rcm.v9i1.16689,https://drive.google.com/file/d/1jWq_AFaGVx77meUNs6BnXsVxfCwMvn81/preview,https://drive.google.com/file/d/1jWq_AFaGVx77meUNs6BnXsVxfCwMvn81/view
1MHP0hcojWQ61gP1dT4U0DtfoOFOCBbQP,10.37811_cl_rcm.v5i4.659.pdf,235581,2026-04-13T15:11:42.508Z,https://drive.google.com/file/d/1MHP0hcojWQ61gP1dT4U0DtfoOFOCBbQP/view?usp=drivesdk,10.37811/cl_rcm.v5i4.659,https://drive.google.com/file/d/1MHP0hcojWQ61gP1dT4U0DtfoOFOCBbQP/preview,https://drive.google.com/file/d/1MHP0hcojWQ61gP1dT4U0DtfoOFOCBbQP/view
1_tpP59FF-_z8NREZKDc77Kp2O-MkVTA3,10.33996_revistahorizontes.v8i35.855.pdf,564276,2026-04-13T15:11:25.345Z,https://drive.google.com/file/d/1_tpP59FF-_z8NREZKDc77Kp2O-MkVTA3/view?usp=drivesdk,10.33996/revistahorizontes.v8i35.855,https://drive.google.com/file/d/1_tpP59FF-_z8NREZKDc77Kp2O-MkVTA3/preview,https://drive.google.com/file/d/1_tpP59FF-_z8NREZKDc77Kp2O-MkVTA3/view
1LHP3GUpDVr0kBoTk_jo9Rz6NqOmfnqKj,10.37811_cl_rcm.v4i2.114.pdf,532978,2026-04-13T15:11:21.049Z,https://drive.google.com/file/d/1LHP3GUpDVr0kBoTk_jo9Rz6NqOmfnqKj/view?usp=drivesdk,10.37811/cl_rcm.v4i2.114,https://drive.google.com/file/d/1LHP3GUpDVr0kBoTk_jo9Rz6NqOmfnqKj/preview,https://drive.google.com/file/d/1LHP3GUpDVr0kBoTk_jo9Rz6NqOmfnqKj/view
1Vj48NRks00dvuRphHPe5CIytK0X5a5tR,10.33996_revistahorizontes.v9i39.1085.pdf,563385,2026-04-13T15:11:17.840Z,https://drive.google.com/file/d/1Vj48NRks00dvuRphHPe5CIytK0X5a5tR/view?usp=drivesdk,10.33996/revistahorizontes.v9i39.1085,https://drive.google.com/file/d/1Vj48NRks00dvuRphHPe5CIytK0X5a5tR/preview,https://drive.google.com/file/d/1Vj48NRks00dvuRphHPe5CIytK0X5a5tR/view
1MvLgyRHIh4rcsJJEkkxErMcCdK74QrxZ,10.33996_merito.v1i1.4.pdf,908737,2026-04-13T15:11:01.250Z,https://drive.google.com/file/d/1MvLgyRHIh4rcsJJEkkxErMcCdK74QrxZ/view?usp=drivesdk,10.33996/merito.v1i1.4,https://drive.google.com/file/d/1MvLgyRHIh4rcsJJEkkxErMcCdK74QrxZ/preview,https://drive.google.com/file/d/1MvLgyRHIh4rcsJJEkkxErMcCdK74QrxZ/view
1Rj9dlaouzY8781xoPOIemL4QmyKg7yzX,10.59659_revistatribunal.v5i12.190.pdf,341531,2026-04-13T15:10:58.784Z,https://drive.google.com/file/d/1Rj9dlaouzY8781xoPOIemL4QmyKg7yzX/view?usp=drivesdk,10.59659/revistatribunal.v5i12.190,https://drive.google.com/file/d/1Rj9dlaouzY8781xoPOIemL4QmyKg7yzX/preview,https://drive.google.com/file/d/1Rj9dlaouzY8781xoPOIemL4QmyKg7yzX/view
1HSKj7H1_C8bNO912KF7iDDOU4PPebUPe,10.33996_revistahorizontes.v6i25.450.pdf,480600,2026-04-13T15:10:03.003Z,https://drive.google.com/file/d/1HSKj7H1_C8bNO912KF7iDDOU4PPebUPe/view?usp=drivesdk,10.33996/revistahorizontes.v6i25.450,https://drive.google.com/file/d/1HSKj7H1_C8bNO912KF7iDDOU4PPebUPe/preview,https://drive.google.com/file/d/1HSKj7H1_C8bNO912KF7iDDOU4PPebUPe/view
1udT56vFnn3L6FNcZ7BkrVtRSsCaSXJT1,10.37811_cl_rcm.v8i4.12752.pdf,373340,2026-04-13T15:09:47.217Z,https://drive.google.com/file/d/1udT56vFnn3L6FNcZ7BkrVtRSsCaSXJT1/view?usp=drivesdk,10.37811/cl_rcm.v8i4.12752,https://drive.google.com/file/d/1udT56vFnn3L6FNcZ7BkrVtRSsCaSXJT1/preview,https://drive.google.com/file/d/1udT56vFnn3L6FNcZ7BkrVtRSsCaSXJT1/view
1hG-ZYurb-V1sF5mpoeGC9A8bylt3txfP,10.33996_revistahorizontes.v7i30.656.pdf,574525,2026-04-13T15:09:37.547Z,https://drive.google.com/file/d/1hG-ZYurb-V1sF5mpoeGC9A8bylt3txfP/view?usp=drivesdk,10.33996/revistahorizontes.v7i30.656,https://drive.google.com/file/d/1hG-ZYurb-V1sF5mpoeGC9A8bylt3txfP/preview,https://drive.google.com/file/d/1hG-ZYurb-V1sF5mpoeGC9A8bylt3txfP/view
1sYvId9kiYve_8wUo71S927of_0pVpjIn,10.37811_cl_rcm.v6i2.1871.pdf,607570,2026-04-13T15:09:25.690Z,https://drive.google.com/file/d/1sYvId9kiYve_8wUo71S927of_0pVpjIn/view?usp=drivesdk,10.37811/cl_rcm.v6i2.1871,https://drive.google.com/file/d/1sYvId9kiYve_8wUo71S927of_0pVpjIn/preview,https://drive.google.com/file/d/1sYvId9kiYve_8wUo71S927of_0pVpjIn/view
1BKBODotuQqoAOlPdndpCkdhiZb8AXMZt,10.33996_revistahorizontes.v6i23.362.pdf,357348,2026-04-13T15:08:09.293Z,https://drive.google.com/file/d/1BKBODotuQqoAOlPdndpCkdhiZb8AXMZt/view?usp=drivesdk,10.33996/revistahorizontes.v6i23.362,https://drive.google.com/file/d/1BKBODotuQqoAOlPdndpCkdhiZb8AXMZt/preview,https://drive.google.com/file/d/1BKBODotuQqoAOlPdndpCkdhiZb8AXMZt/view
1G7-eitswUoH7p26MTaNznZLqBZgPR-Md,10.37811_cl_rcm.v8i3.12103.pdf,496668,2026-04-13T15:08:06.424Z,https://drive.google.com/file/d/1G7-eitswUoH7p26MTaNznZLqBZgPR-Md/view?usp=drivesdk,10.37811/cl_rcm.v8i3.12103,https://drive.google.com/file/d/1G7-eitswUoH7p26MTaNznZLqBZgPR-Md/preview,https://drive.google.com/file/d/1G7-eitswUoH7p26MTaNznZLqBZgPR-Md/view
1_67VTRYAJaQCJT4K_lNt5KcsoP-FL_pA,10.32719_26312816.2022.5.2.1.pdf,627859,2026-04-13T15:07:02.942Z,https://drive.google.com/file/d/1_67VTRYAJaQCJT4K_lNt5KcsoP-FL_pA/view?usp=drivesdk,10.32719/26312816.2022.5.2.1,https://drive.google.com/file/d/1_67VTRYAJaQCJT4K_lNt5KcsoP-FL_pA/preview,https://drive.google.com/file/d/1_67VTRYAJaQCJT4K_lNt5KcsoP-FL_pA/view
1yl4SFJ-osXFzYBKyyibBV7oP5ZOA660C,10.33996_revistahorizontes.v6i25.443.pdf,466282,2026-04-13T15:06:10.351Z,https://drive.google.com/file/d/1yl4SFJ-osXFzYBKyyibBV7oP5ZOA660C/view?usp=drivesdk,10.33996/revistahorizontes.v6i25.443,https://drive.google.com/file/d/1yl4SFJ-osXFzYBKyyibBV7oP5ZOA660C/preview,https://drive.google.com/file/d/1yl4SFJ-osXFzYBKyyibBV7oP5ZOA660C/view
1-dsj-92x8Gt5JMwFpdUTbmWA4McN12_4,10.37811_cl_rcm.v5i1.239.pdf,1070488,2026-04-13T15:05:31.964Z,https://drive.google.com/file/d/1-dsj-92x8Gt5JMwFpdUTbmWA4McN12_4/view?usp=drivesdk,10.37811/cl_rcm.v5i1.239,https://drive.google.com/file/d/1-dsj-92x8Gt5JMwFpdUTbmWA4McN12_4/preview,https://drive.google.com/file/d/1-dsj-92x8Gt5JMwFpdUTbmWA4McN12_4/view
1zSQ3YXruxE90vvMSxL0fzo8Dxjl1K25S,10.33996_revistahorizontes.v8i34.836.pdf,573247,2026-04-13T15:05:28.245Z,https://drive.google.com/file/d/1zSQ3YXruxE90vvMSxL0fzo8Dxjl1K25S/view?usp=drivesdk,10.33996/revistahorizontes.v8i34.836,https://drive.google.com/file/d/1zSQ3YXruxE90vvMSxL0fzo8Dxjl1K25S/preview,https://drive.google.com/file/d/1zSQ3YXruxE90vvMSxL0fzo8Dxjl1K25S/view
1LgGldoPAGI4kr41ZP_7gz9VUWrrPnLie,10.37811_cl_rcm.v7i1.4840.pdf,395544,2026-04-13T15:04:49.233Z,https://drive.google.com/file/d/1LgGldoPAGI4kr41ZP_7gz9VUWrrPnLie/view?usp=drivesdk,10.37811/cl_rcm.v7i1.4840,https://drive.google.com/file/d/1LgGldoPAGI4kr41ZP_7gz9VUWrrPnLie/preview,https://drive.google.com/file/d/1LgGldoPAGI4kr41ZP_7gz9VUWrrPnLie/view
1OGt9OZw_tOmaanLvN7eOh9jS2iY5kPvF,10.15765_pnrm.v14i26.1485.pdf,310758,2026-04-13T15:04:46.123Z,https://drive.google.com/file/d/1OGt9OZw_tOmaanLvN7eOh9jS2iY5kPvF/view?usp=drivesdk,10.15765/pnrm.v14i26.1485,https://drive.google.com/file/d/1OGt9OZw_tOmaanLvN7eOh9jS2iY5kPvF/preview,https://drive.google.com/file/d/1OGt9OZw_tOmaanLvN7eOh9jS2iY5kPvF/view
1Cl5ehHJzbm3pAtYDNIm3ih0RRF0BSp0n,10.37811_cl_rcm.v6i4.2613.pdf,438518,2026-04-13T15:04:33.186Z,https://drive.google.com/file/d/1Cl5ehHJzbm3pAtYDNIm3ih0RRF0BSp0n/view?usp=drivesdk,10.37811/cl_rcm.v6i4.2613,https://drive.google.com/file/d/1Cl5ehHJzbm3pAtYDNIm3ih0RRF0BSp0n/preview,https://drive.google.com/file/d/1Cl5ehHJzbm3pAtYDNIm3ih0RRF0BSp0n/view
1qh-4mW_nqMjCOT_2Z5AqraO40t1jp37V,10.33996_revistahorizontes.v7i29.610.pdf,596675,2026-04-13T15:04:22.763Z,https://drive.google.com/file/d/1qh-4mW_nqMjCOT_2Z5AqraO40t1jp37V/view?usp=drivesdk,10.33996/revistahorizontes.v7i29.610,https://drive.google.com/file/d/1qh-4mW_nqMjCOT_2Z5AqraO40t1jp37V/preview,https://drive.google.com/file/d/1qh-4mW_nqMjCOT_2Z5AqraO40t1jp37V/view
1c7kss06NtJRzdefQLb7iS_RUBiyx2olX,10.37811_cl_rcm.v8i3.12361.pdf,661468,2026-04-13T15:04:07.580Z,https://drive.google.com/file/d/1c7kss06NtJRzdefQLb7iS_RUBiyx2olX/view?usp=drivesdk,10.37811/cl_rcm.v8i3.12361,https://drive.google.com/file/d/1c7kss06NtJRzdefQLb7iS_RUBiyx2olX/preview,https://drive.google.com/file/d/1c7kss06NtJRzdefQLb7iS_RUBiyx2olX/view
1xSuUmrjZ5THCa9ipes9c5unfTKcVJ0g0,10.37811_cl_rcm.v8i6.14992.pdf,885068,2026-04-13T15:03:15.313Z,https://drive.google.com/file/d/1xSuUmrjZ5THCa9ipes9c5unfTKcVJ0g0/view?usp=drivesdk,10.37811/cl_rcm.v8i6.14992,https://drive.google.com/file/d/1xSuUmrjZ5THCa9ipes9c5unfTKcVJ0g0/preview,https://drive.google.com/file/d/1xSuUmrjZ5THCa9ipes9c5unfTKcVJ0g0/view
1GEUTc59tqxHfehXM0YUQAqkOhTSbLLLH,10.33996_revistahorizontes.v6i22.331.pdf,353764,2026-04-13T15:02:34.468Z,https://drive.google.com/file/d/1GEUTc59tqxHfehXM0YUQAqkOhTSbLLLH/view?usp=drivesdk,10.33996/revistahorizontes.v6i22.331,https://drive.google.com/file/d/1GEUTc59tqxHfehXM0YUQAqkOhTSbLLLH/preview,https://drive.google.com/file/d/1GEUTc59tqxHfehXM0YUQAqkOhTSbLLLH/view
14S8RgWj8ksaDKCXJpe_ph2p3sCcgcJce,10.37811_cl_rcm.v5i2.329.pdf,985198,2026-04-13T15:02:26.784Z,https://drive.google.com/file/d/14S8RgWj8ksaDKCXJpe_ph2p3sCcgcJce/view?usp=drivesdk,10.37811/cl_rcm.v5i2.329,https://drive.google.com/file/d/14S8RgWj8ksaDKCXJpe_ph2p3sCcgcJce/preview,https://drive.google.com/file/d/14S8RgWj8ksaDKCXJpe_ph2p3sCcgcJce/view
1qhXPr1vM1UWx1mVRdc7Rzt1wxVDkFiDc,10.33996_franztamayo.v3i6.315.pdf,276591,2026-04-13T15:02:15.692Z,https://drive.google.com/file/d/1qhXPr1vM1UWx1mVRdc7Rzt1wxVDkFiDc/view?usp=drivesdk,10.33996/franztamayo.v3i6.315,https://drive.google.com/file/d/1qhXPr1vM1UWx1mVRdc7Rzt1wxVDkFiDc/preview,https://drive.google.com/file/d/1qhXPr1vM1UWx1mVRdc7Rzt1wxVDkFiDc/view
1CXgrcboJn-xSH790lxfS4D-ZROMsXV8t,10.37811_cl_rcm.v5i4.773.pdf,861285,2026-04-13T15:01:06.919Z,https://drive.google.com/file/d/1CXgrcboJn-xSH790lxfS4D-ZROMsXV8t/view?usp=drivesdk,10.37811/cl_rcm.v5i4.773,https://drive.google.com/file/d/1CXgrcboJn-xSH790lxfS4D-ZROMsXV8t/preview,https://drive.google.com/file/d/1CXgrcboJn-xSH790lxfS4D-ZROMsXV8t/view
18oEgE1WWaVed6Mb6P4kOJt9XgIbAQkC8,10.37811_cl_rcm.v8i4.13581.pdf,332016,2026-04-13T15:00:56.286Z,https://drive.google.com/file/d/18oEgE1WWaVed6Mb6P4kOJt9XgIbAQkC8/view?usp=drivesdk,10.37811/cl_rcm.v8i4.13581,https://drive.google.com/file/d/18oEgE1WWaVed6Mb6P4kOJt9XgIbAQkC8/preview,https://drive.google.com/file/d/18oEgE1WWaVed6Mb6P4kOJt9XgIbAQkC8/view
1eLtcJhXPtjOvx9iJ85F4tiHFXI4nIV7H,10.37811_cl_rcm.v5i4.725.pdf,687785,2026-04-13T15:00:41.149Z,https://drive.google.com/file/d/1eLtcJhXPtjOvx9iJ85F4tiHFXI4nIV7H/view?usp=drivesdk,10.37811/cl_rcm.v5i4.725,https://drive.google.com/file/d/1eLtcJhXPtjOvx9iJ85F4tiHFXI4nIV7H/preview,https://drive.google.com/file/d/1eLtcJhXPtjOvx9iJ85F4tiHFXI4nIV7H/view
1-5TzhZ9B72B17Rrr_Xh-ZwSwdQ8T9Piz,10.37811_cl_rcm.v7i1.4568.pdf,766421,2026-04-13T15:00:34.914Z,https://drive.google.com/file/d/1-5TzhZ9B72B17Rrr_Xh-ZwSwdQ8T9Piz/view?usp=drivesdk,10.37811/cl_rcm.v7i1.4568,https://drive.google.com/file/d/1-5TzhZ9B72B17Rrr_Xh-ZwSwdQ8T9Piz/preview,https://drive.google.com/file/d/1-5TzhZ9B72B17Rrr_Xh-ZwSwdQ8T9Piz/view
1CPc55vyxXIYaaf2FTY8C1XUdw70LRW6y,10.37811_cl_rcm.v4i2.188.pdf,921953,2026-04-13T15:00:27.724Z,https://drive.google.com/file/d/1CPc55vyxXIYaaf2FTY8C1XUdw70LRW6y/view?usp=drivesdk,10.37811/cl_rcm.v4i2.188,https://drive.google.com/file/d/1CPc55vyxXIYaaf2FTY8C1XUdw70LRW6y/preview,https://drive.google.com/file/d/1CPc55vyxXIYaaf2FTY8C1XUdw70LRW6y/view
1IEsIvUn5ARFUPjbbAgzbTg3pRP_5hz27,10.37811_cl_rcm.v6i4.2831.pdf,266476,2026-04-13T15:00:01.595Z,https://drive.google.com/file/d/1IEsIvUn5ARFUPjbbAgzbTg3pRP_5hz27/view?usp=drivesdk,10.37811/cl_rcm.v6i4.2831,https://drive.google.com/file/d/1IEsIvUn5ARFUPjbbAgzbTg3pRP_5hz27/preview,https://drive.google.com/file/d/1IEsIvUn5ARFUPjbbAgzbTg3pRP_5hz27/view
1j5JUIs2su9R2HW0A3-1mQaD2DjsMkSJ4,10.37811_cl_rcm.v8i4.12603.pdf,399570,2026-04-13T14:59:56.066Z,https://drive.google.com/file/d/1j5JUIs2su9R2HW0A3-1mQaD2DjsMkSJ4/view?usp=drivesdk,10.37811/cl_rcm.v8i4.12603,https://drive.google.com/file/d/1j5JUIs2su9R2HW0A3-1mQaD2DjsMkSJ4/preview,https://drive.google.com/file/d/1j5JUIs2su9R2HW0A3-1mQaD2DjsMkSJ4/view
1qgH3BvR43uNvTgNEXvAr8IGD5W74lzFV,10.37811_cl_rcm.v7i2.6112.pdf,358113,2026-04-13T14:59:15.212Z,https://drive.google.com/file/d/1qgH3BvR43uNvTgNEXvAr8IGD5W74lzFV/view?usp=drivesdk,10.37811/cl_rcm.v7i2.6112,https://drive.google.com/file/d/1qgH3BvR43uNvTgNEXvAr8IGD5W74lzFV/preview,https://drive.google.com/file/d/1qgH3BvR43uNvTgNEXvAr8IGD5W74lzFV/view
1chn4DI9_JSe_qdB-3ckXfW4I12_YJ-PM,10.37811_cl_rcm.v6i4.2889.pdf,368368,2026-04-13T14:58:55.952Z,https://drive.google.com/file/d/1chn4DI9_JSe_qdB-3ckXfW4I12_YJ-PM/view?usp=drivesdk,10.37811/cl_rcm.v6i4.2889,https://drive.google.com/file/d/1chn4DI9_JSe_qdB-3ckXfW4I12_YJ-PM/preview,https://drive.google.com/file/d/1chn4DI9_JSe_qdB-3ckXfW4I12_YJ-PM/view
1G9r6T3KUFcJGUhroREGHTKnQKIo6uOkS,10.37811_cl_rcm.v8i5.13719.pdf,353895,2026-04-13T14:58:52.831Z,https://drive.google.com/file/d/1G9r6T3KUFcJGUhroREGHTKnQKIo6uOkS/view?usp=drivesdk,10.37811/cl_rcm.v8i5.13719,https://drive.google.com/file/d/1G9r6T3KUFcJGUhroREGHTKnQKIo6uOkS/preview,https://drive.google.com/file/d/1G9r6T3KUFcJGUhroREGHTKnQKIo6uOkS/view
1NPZGWlS37byo3dAGS5d3tI_UTr-SqLH1,10.33996_repe.v3i5.273.pdf,1348419,2026-04-13T14:58:49.010Z,https://drive.google.com/file/d/1NPZGWlS37byo3dAGS5d3tI_UTr-SqLH1/view?usp=drivesdk,10.33996/repe.v3i5.273,https://drive.google.com/file/d/1NPZGWlS37byo3dAGS5d3tI_UTr-SqLH1/preview,https://drive.google.com/file/d/1NPZGWlS37byo3dAGS5d3tI_UTr-SqLH1/view
17etFOqDp5p2X7Y1g3_AEJIyQe3pEV9YU,10.37811_cl_rcm.v6i4.2933.pdf,304908,2026-04-13T14:58:13.549Z,https://drive.google.com/file/d/17etFOqDp5p2X7Y1g3_AEJIyQe3pEV9YU/view?usp=drivesdk,10.37811/cl_rcm.v6i4.2933,https://drive.google.com/file/d/17etFOqDp5p2X7Y1g3_AEJIyQe3pEV9YU/preview,https://drive.google.com/file/d/17etFOqDp5p2X7Y1g3_AEJIyQe3pEV9YU/view
1-iFGzahg1om9ynYivvPOqI8jDNRDQuR9,10.59659_revistatribunal.v5i12.241.pdf,377424,2026-04-13T14:58:08.822Z,https://drive.google.com/file/d/1-iFGzahg1om9ynYivvPOqI8jDNRDQuR9/view?usp=drivesdk,10.59659/revistatribunal.v5i12.241,https://drive.google.com/file/d/1-iFGzahg1om9ynYivvPOqI8jDNRDQuR9/preview,https://drive.google.com/file/d/1-iFGzahg1om9ynYivvPOqI8jDNRDQuR9/view
1kxD6c_kXOnW7ZX0ECuuuqd-j5gXwGFQm,10.37811_cl_rcm.v4i2.70.pdf,617182,2026-04-13T14:57:43.093Z,https://drive.google.com/file/d/1kxD6c_kXOnW7ZX0ECuuuqd-j5gXwGFQm/view?usp=drivesdk,10.37811/cl_rcm.v4i2.70,https://drive.google.com/file/d/1kxD6c_kXOnW7ZX0ECuuuqd-j5gXwGFQm/preview,https://drive.google.com/file/d/1kxD6c_kXOnW7ZX0ECuuuqd-j5gXwGFQm/view
1bArm3myYMBFTxSEkI_84TRbFY4cXGCtk,10.37811_cl_rcm.v4i2.139.pdf,520332,2026-04-13T14:57:36.462Z,https://drive.google.com/file/d/1bArm3myYMBFTxSEkI_84TRbFY4cXGCtk/view?usp=drivesdk,10.37811/cl_rcm.v4i2.139,https://drive.google.com/file/d/1bArm3myYMBFTxSEkI_84TRbFY4cXGCtk/preview,https://drive.google.com/file/d/1bArm3myYMBFTxSEkI_84TRbFY4cXGCtk/view
1u4_wFO4-i8uUMroydF_BuQdc206kn6y7,10.37811_cl_rcm.v7i2.5878.pdf,473030,2026-04-13T14:57:32.743Z,https://drive.google.com/file/d/1u4_wFO4-i8uUMroydF_BuQdc206kn6y7/view?usp=drivesdk,10.37811/cl_rcm.v7i2.5878,https://drive.google.com/file/d/1u4_wFO4-i8uUMroydF_BuQdc206kn6y7/preview,https://drive.google.com/file/d/1u4_wFO4-i8uUMroydF_BuQdc206kn6y7/view
1eA-v2__9ZzTl8KvZ-fFDEDO2_H9sqS_j,10.37811_cl_rcm.v4i2.129.pdf,514369,2026-04-13T14:57:27.414Z,https://drive.google.com/file/d/1eA-v2__9ZzTl8KvZ-fFDEDO2_H9sqS_j/view?usp=drivesdk,10.37811/cl_rcm.v4i2.129,https://drive.google.com/file/d/1eA-v2__9ZzTl8KvZ-fFDEDO2_H9sqS_j/preview,https://drive.google.com/file/d/1eA-v2__9ZzTl8KvZ-fFDEDO2_H9sqS_j/view
1GOJ_TTeISpLlwdkncLa5r8uCy6oyGUHC,10.37811_cl_rcm.v7i2.5684.pdf,801993,2026-04-13T14:57:22.044Z,https://drive.google.com/file/d/1GOJ_TTeISpLlwdkncLa5r8uCy6oyGUHC/view?usp=drivesdk,10.37811/cl_rcm.v7i2.5684,https://drive.google.com/file/d/1GOJ_TTeISpLlwdkncLa5r8uCy6oyGUHC/preview,https://drive.google.com/file/d/1GOJ_TTeISpLlwdkncLa5r8uCy6oyGUHC/view
1qXgdhjTyuOp-HJOD4zq6YebdoHMCcl8O,10.37811_cl_rcm.v6i1.1540.pdf,818499,2026-04-13T14:57:17.428Z,https://drive.google.com/file/d/1qXgdhjTyuOp-HJOD4zq6YebdoHMCcl8O/view?usp=drivesdk,10.37811/cl_rcm.v6i1.1540,https://drive.google.com/file/d/1qXgdhjTyuOp-HJOD4zq6YebdoHMCcl8O/preview,https://drive.google.com/file/d/1qXgdhjTyuOp-HJOD4zq6YebdoHMCcl8O/view
1Sb7fMKVjcpKpUQevhAj_D75Ecxbpoyex,10.37811_cl_rcm.v5i4.769.pdf,820628,2026-04-13T14:57:12.588Z,https://drive.google.com/file/d/1Sb7fMKVjcpKpUQevhAj_D75Ecxbpoyex/view?usp=drivesdk,10.37811/cl_rcm.v5i4.769,https://drive.google.com/file/d/1Sb7fMKVjcpKpUQevhAj_D75Ecxbpoyex/preview,https://drive.google.com/file/d/1Sb7fMKVjcpKpUQevhAj_D75Ecxbpoyex/view
1lozp54UQ5bLYuykhDx6zaxAuRfDxGqxT,10.37811_cl_rcm.v5i5.867.pdf,594981,2026-04-13T14:57:07.546Z,https://drive.google.com/file/d/1lozp54UQ5bLYuykhDx6zaxAuRfDxGqxT/view?usp=drivesdk,10.37811/cl_rcm.v5i5.867,https://drive.google.com/file/d/1lozp54UQ5bLYuykhDx6zaxAuRfDxGqxT/preview,https://drive.google.com/file/d/1lozp54UQ5bLYuykhDx6zaxAuRfDxGqxT/view
1obghSeebpBYGlGVqfLDW2JWHUHyJOKyd,10.33996_warisata.v2i6.231.pdf,536058,2026-04-13T14:57:03.776Z,https://drive.google.com/file/d/1obghSeebpBYGlGVqfLDW2JWHUHyJOKyd/view?usp=drivesdk,10.33996/warisata.v2i6.231,https://drive.google.com/file/d/1obghSeebpBYGlGVqfLDW2JWHUHyJOKyd/preview,https://drive.google.com/file/d/1obghSeebpBYGlGVqfLDW2JWHUHyJOKyd/view
1FofLV3FNblI39nh6vDkuyL9w1yXsfFGA,10.37811_cl_rcm.v4i2.112.pdf,633771,2026-04-13T14:56:57.841Z,https://drive.google.com/file/d/1FofLV3FNblI39nh6vDkuyL9w1yXsfFGA/view?usp=drivesdk,10.37811/cl_rcm.v4i2.112,https://drive.google.com/file/d/1FofLV3FNblI39nh6vDkuyL9w1yXsfFGA/preview,https://drive.google.com/file/d/1FofLV3FNblI39nh6vDkuyL9w1yXsfFGA/view
1uAceEpU7fqB9Rd2rTjGmZtJZUmpkQv4q,10.37811_cl_rcm.v6i3.2246.pdf,713698,2026-04-13T14:56:46.230Z,https://drive.google.com/file/d/1uAceEpU7fqB9Rd2rTjGmZtJZUmpkQv4q/view?usp=drivesdk,10.37811/cl_rcm.v6i3.2246,https://drive.google.com/file/d/1uAceEpU7fqB9Rd2rTjGmZtJZUmpkQv4q/preview,https://drive.google.com/file/d/1uAceEpU7fqB9Rd2rTjGmZtJZUmpkQv4q/view
1wL3rGOOOWnq_3v0bX3-YY9p6DuBTcoEL,10.37811_cl_rcm.v5i4.692.pdf,499749,2026-04-13T14:55:59.696Z,https://drive.google.com/file/d/1wL3rGOOOWnq_3v0bX3-YY9p6DuBTcoEL/view?usp=drivesdk,10.37811/cl_rcm.v5i4.692,https://drive.google.com/file/d/1wL3rGOOOWnq_3v0bX3-YY9p6DuBTcoEL/preview,https://drive.google.com/file/d/1wL3rGOOOWnq_3v0bX3-YY9p6DuBTcoEL/view
1LRLWHin7uXLQI9zq0pafQ3RsJ8G2aIqK,10.37811_cl_rcm.v5i2.333.pdf,569440,2026-04-13T14:55:56.503Z,https://drive.google.com/file/d/1LRLWHin7uXLQI9zq0pafQ3RsJ8G2aIqK/view?usp=drivesdk,10.37811/cl_rcm.v5i2.333,https://drive.google.com/file/d/1LRLWHin7uXLQI9zq0pafQ3RsJ8G2aIqK/preview,https://drive.google.com/file/d/1LRLWHin7uXLQI9zq0pafQ3RsJ8G2aIqK/view
1wYtX5f4K67OLZHpwpEPCzhFPszycvwKV,10.33996_revistahorizontes.v6i25.418.pdf,456283,2026-04-13T14:55:48.950Z,https://drive.google.com/file/d/1wYtX5f4K67OLZHpwpEPCzhFPszycvwKV/view?usp=drivesdk,10.33996/revistahorizontes.v6i25.418,https://drive.google.com/file/d/1wYtX5f4K67OLZHpwpEPCzhFPszycvwKV/preview,https://drive.google.com/file/d/1wYtX5f4K67OLZHpwpEPCzhFPszycvwKV/view
1eXVbNRRiecFgLVdF1vIHtEAdCKT5v5cf,10.37811_cl_rcm.v4i2.147.pdf,617277,2026-04-13T14:55:37.071Z,https://drive.google.com/file/d/1eXVbNRRiecFgLVdF1vIHtEAdCKT5v5cf/view?usp=drivesdk,10.37811/cl_rcm.v4i2.147,https://drive.google.com/file/d/1eXVbNRRiecFgLVdF1vIHtEAdCKT5v5cf/preview,https://drive.google.com/file/d/1eXVbNRRiecFgLVdF1vIHtEAdCKT5v5cf/view
13WsmioU-mtw4TQZwGJDLYbHBrpCHjY5V,10.37811_cl_rcm.v4i2.132.pdf,642791,2026-04-13T14:55:31.827Z,https://drive.google.com/file/d/13WsmioU-mtw4TQZwGJDLYbHBrpCHjY5V/view?usp=drivesdk,10.37811/cl_rcm.v4i2.132,https://drive.google.com/file/d/13WsmioU-mtw4TQZwGJDLYbHBrpCHjY5V/preview,https://drive.google.com/file/d/13WsmioU-mtw4TQZwGJDLYbHBrpCHjY5V/view
1eNTREHejue0WyUlN2pgt2q0me4M2ixHa,10.37811_cl_rcm.v5i4.755.pdf,216039,2026-04-13T14:55:28.653Z,https://drive.google.com/file/d/1eNTREHejue0WyUlN2pgt2q0me4M2ixHa/view?usp=drivesdk,10.37811/cl_rcm.v5i4.755,https://drive.google.com/file/d/1eNTREHejue0WyUlN2pgt2q0me4M2ixHa/preview,https://drive.google.com/file/d/1eNTREHejue0WyUlN2pgt2q0me4M2ixHa/view
1deSpd5hJV7GnVKXAC5HjI6-hVde1DDOn,10.37811_cl_rcm.v9i6.21803.pdf,407706,2026-04-13T14:52:41.364Z,https://drive.google.com/file/d/1deSpd5hJV7GnVKXAC5HjI6-hVde1DDOn/view?usp=drivesdk,10.37811/cl_rcm.v9i6.21803,https://drive.google.com/file/d/1deSpd5hJV7GnVKXAC5HjI6-hVde1DDOn/preview,https://drive.google.com/file/d/1deSpd5hJV7GnVKXAC5HjI6-hVde1DDOn/view
1PfTiEqkq-6eYjuEKH0aK05rXL5kfASpP,10.22529_dp.2021.19(38)11.pdf,666431,2026-04-13T14:50:50.920Z,https://drive.google.com/file/d/1PfTiEqkq-6eYjuEKH0aK05rXL5kfASpP/view?usp=drivesdk,10.22529/dp.2021.19(38)11,https://drive.google.com/file/d/1PfTiEqkq-6eYjuEKH0aK05rXL5kfASpP/preview,https://drive.google.com/file/d/1PfTiEqkq-6eYjuEKH0aK05rXL5kfASpP/view
17wDxoiaidrC8uYb4Mlry_fYHZky1Bli_,10.63415_saga.v3i1.334.pdf,416435,2026-04-13T14:47:48.461Z,https://drive.google.com/file/d/17wDxoiaidrC8uYb4Mlry_fYHZky1Bli_/view?usp=drivesdk,10.63415/saga.v3i1.334,https://drive.google.com/file/d/17wDxoiaidrC8uYb4Mlry_fYHZky1Bli_/preview,https://drive.google.com/file/d/17wDxoiaidrC8uYb4Mlry_fYHZky1Bli_/view
170YDkUaFq4kDcCZ1-xqMX10MbvgfGgB4,10.37811_cl_rcm.v9i5.19945.pdf,533969,2026-04-13T14:47:43.301Z,https://drive.google.com/file/d/170YDkUaFq4kDcCZ1-xqMX10MbvgfGgB4/view?usp=drivesdk,10.37811/cl_rcm.v9i5.19945,https://drive.google.com/file/d/170YDkUaFq4kDcCZ1-xqMX10MbvgfGgB4/preview,https://drive.google.com/file/d/170YDkUaFq4kDcCZ1-xqMX10MbvgfGgB4/view
1We0bFuP951TQnjyD7eqTBJgua0d7fFEe,10.61286_e-rms.v4i.353.pdf,707218,2026-04-13T14:47:13.493Z,https://drive.google.com/file/d/1We0bFuP951TQnjyD7eqTBJgua0d7fFEe/view?usp=drivesdk,10.61286/e-rms.v4i.353,https://drive.google.com/file/d/1We0bFuP951TQnjyD7eqTBJgua0d7fFEe/preview,https://drive.google.com/file/d/1We0bFuP951TQnjyD7eqTBJgua0d7fFEe/view
1hY2rqSja6Cut-h-dayrLMqV0rxRtvuYc,10.32719_26312816.2024.8.1.7.pdf,775010,2026-04-13T14:46:27.873Z,https://drive.google.com/file/d/1hY2rqSja6Cut-h-dayrLMqV0rxRtvuYc/view?usp=drivesdk,10.32719/26312816.2024.8.1.7,https://drive.google.com/file/d/1hY2rqSja6Cut-h-dayrLMqV0rxRtvuYc/preview,https://drive.google.com/file/d/1hY2rqSja6Cut-h-dayrLMqV0rxRtvuYc/view
13yvxqiI9fiG2FfCnCgFv1Yp8lrdRce2c,10.37811_cl_rcm.v6i4.2643.pdf,308022,2026-04-13T14:46:05.334Z,https://drive.google.com/file/d/13yvxqiI9fiG2FfCnCgFv1Yp8lrdRce2c/view?usp=drivesdk,10.37811/cl_rcm.v6i4.2643,https://drive.google.com/file/d/13yvxqiI9fiG2FfCnCgFv1Yp8lrdRce2c/preview,https://drive.google.com/file/d/13yvxqiI9fiG2FfCnCgFv1Yp8lrdRce2c/view
1nmPrPsDQgtb6oMTYpTCnWR-3u2qM6LhY,10.37811_cl_rcm.v9i1.16382.pdf,1261118,2026-04-13T14:45:48.600Z,https://drive.google.com/file/d/1nmPrPsDQgtb6oMTYpTCnWR-3u2qM6LhY/view?usp=drivesdk,10.37811/cl_rcm.v9i1.16382,https://drive.google.com/file/d/1nmPrPsDQgtb6oMTYpTCnWR-3u2qM6LhY/preview,https://drive.google.com/file/d/1nmPrPsDQgtb6oMTYpTCnWR-3u2qM6LhY/view
1FF26bh70NxOrOZXheoc2ULq072SGIO5j,10.37811_cl_rcm.v9i6.21382.pdf,591830,2026-04-13T14:44:09.883Z,https://drive.google.com/file/d/1FF26bh70NxOrOZXheoc2ULq072SGIO5j/view?usp=drivesdk,10.37811/cl_rcm.v9i6.21382,https://drive.google.com/file/d/1FF26bh70NxOrOZXheoc2ULq072SGIO5j/preview,https://drive.google.com/file/d/1FF26bh70NxOrOZXheoc2ULq072SGIO5j/view
1Kvx7chwIrmqqYKsC8OlAE5uD2heiQDe-,10.63415_saga.2026.70.pdf,3850556,2026-04-13T14:44:00.854Z,https://drive.google.com/file/d/1Kvx7chwIrmqqYKsC8OlAE5uD2heiQDe-/view?usp=drivesdk,10.63415/saga.2026.70,https://drive.google.com/file/d/1Kvx7chwIrmqqYKsC8OlAE5uD2heiQDe-/preview,https://drive.google.com/file/d/1Kvx7chwIrmqqYKsC8OlAE5uD2heiQDe-/view
1pW8ATm_KStL0ACJX2RMCj9SXiDjUjNNT,10.37811_cl_rcm.v6i4.2931.pdf,285878,2026-04-13T14:43:56.658Z,https://drive.google.com/file/d/1pW8ATm_KStL0ACJX2RMCj9SXiDjUjNNT/view?usp=drivesdk,10.37811/cl_rcm.v6i4.2931,https://drive.google.com/file/d/1pW8ATm_KStL0ACJX2RMCj9SXiDjUjNNT/preview,https://drive.google.com/file/d/1pW8ATm_KStL0ACJX2RMCj9SXiDjUjNNT/view
17YTXxLjxag9n2YpaEY1fF5CSDLhgfQ6t,10.37811_cl_rcm.v7i4.7230.pdf,454404,2026-04-13T14:43:53.675Z,https://drive.google.com/file/d/17YTXxLjxag9n2YpaEY1fF5CSDLhgfQ6t/view?usp=drivesdk,10.37811/cl_rcm.v7i4.7230,https://drive.google.com/file/d/17YTXxLjxag9n2YpaEY1fF5CSDLhgfQ6t/preview,https://drive.google.com/file/d/17YTXxLjxag9n2YpaEY1fF5CSDLhgfQ6t/view
1KcVreIStaqfrLHZUlnGXCdIPtk2ukMqX,10.37811_cl_rcm.v8i6.15127.pdf,572181,2026-04-13T14:43:45.992Z,https://drive.google.com/file/d/1KcVreIStaqfrLHZUlnGXCdIPtk2ukMqX/view?usp=drivesdk,10.37811/cl_rcm.v8i6.15127,https://drive.google.com/file/d/1KcVreIStaqfrLHZUlnGXCdIPtk2ukMqX/preview,https://drive.google.com/file/d/1KcVreIStaqfrLHZUlnGXCdIPtk2ukMqX/view
1rNM0s8rFEke233PaXKDSsqGXC6pm-_H3,10.63549_rg.v5i3.747.pdf,562537,2026-04-13T14:43:42.940Z,https://drive.google.com/file/d/1rNM0s8rFEke233PaXKDSsqGXC6pm-_H3/view?usp=drivesdk,10.63549/rg.v5i3.747,https://drive.google.com/file/d/1rNM0s8rFEke233PaXKDSsqGXC6pm-_H3/preview,https://drive.google.com/file/d/1rNM0s8rFEke233PaXKDSsqGXC6pm-_H3/view
1b_W2WDbB6d1vrRJ8zUhEXpallFBwDaSt,10.33996_revistahorizontes.v9i39.1094.pdf,682302,2026-04-13T14:43:40.516Z,https://drive.google.com/file/d/1b_W2WDbB6d1vrRJ8zUhEXpallFBwDaSt/view?usp=drivesdk,10.33996/revistahorizontes.v9i39.1094,https://drive.google.com/file/d/1b_W2WDbB6d1vrRJ8zUhEXpallFBwDaSt/preview,https://drive.google.com/file/d/1b_W2WDbB6d1vrRJ8zUhEXpallFBwDaSt/view
16rgLFXJIooOSPhUACQc3gsubBDm0rMVP,10.33996_revistahorizontes.v9i37.959.pdf,705267,2026-04-13T14:43:38.004Z,https://drive.google.com/file/d/16rgLFXJIooOSPhUACQc3gsubBDm0rMVP/view?usp=drivesdk,10.33996/revistahorizontes.v9i37.959,https://drive.google.com/file/d/16rgLFXJIooOSPhUACQc3gsubBDm0rMVP/preview,https://drive.google.com/file/d/16rgLFXJIooOSPhUACQc3gsubBDm0rMVP/view
1xpZmYhED1lUXOL-1DQ9hz5IlXvtrz-E1,10.37260_repe.v7n15.10.pdf,369200,2026-04-13T14:43:31.550Z,https://drive.google.com/file/d/1xpZmYhED1lUXOL-1DQ9hz5IlXvtrz-E1/view?usp=drivesdk,10.37260/repe.v7n15.10,https://drive.google.com/file/d/1xpZmYhED1lUXOL-1DQ9hz5IlXvtrz-E1/preview,https://drive.google.com/file/d/1xpZmYhED1lUXOL-1DQ9hz5IlXvtrz-E1/view
1452jwvUV23YaT6THGlD0FqWr0gPcGljt,10.33996_revistahorizontes.v9i38.1045.pdf,721495,2026-04-13T14:43:23.480Z,https://drive.google.com/file/d/1452jwvUV23YaT6THGlD0FqWr0gPcGljt/view?usp=drivesdk,10.33996/revistahorizontes.v9i38.1045,https://drive.google.com/file/d/1452jwvUV23YaT6THGlD0FqWr0gPcGljt/preview,https://drive.google.com/file/d/1452jwvUV23YaT6THGlD0FqWr0gPcGljt/view
1wpdcjCRlfzr3jnOcOs1RVNYefdJyUEru,10.37260_merito.i7n21.10.pdf,530009,2026-04-13T14:43:20.802Z,https://drive.google.com/file/d/1wpdcjCRlfzr3jnOcOs1RVNYefdJyUEru/view?usp=drivesdk,10.37260/merito.i7n21.10,https://drive.google.com/file/d/1wpdcjCRlfzr3jnOcOs1RVNYefdJyUEru/preview,https://drive.google.com/file/d/1wpdcjCRlfzr3jnOcOs1RVNYefdJyUEru/view
1k4broW3b_Cc5leJhKs2wKew_FQfeNZkq,10.59659_revistatribunal.v6i14.363.pdf,253914,2026-04-13T14:41:52.985Z,https://drive.google.com/file/d/1k4broW3b_Cc5leJhKs2wKew_FQfeNZkq/view?usp=drivesdk,10.59659/revistatribunal.v6i14.363,https://drive.google.com/file/d/1k4broW3b_Cc5leJhKs2wKew_FQfeNZkq/preview,https://drive.google.com/file/d/1k4broW3b_Cc5leJhKs2wKew_FQfeNZkq/view
169egbmtOE5vBTG_LsRDQvLFTduP-1G7R,10.33996_revistahorizontes.v9i39.1068.pdf,506633,2026-04-13T14:41:37.934Z,https://drive.google.com/file/d/169egbmtOE5vBTG_LsRDQvLFTduP-1G7R/view?usp=drivesdk,10.33996/revistahorizontes.v9i39.1068,https://drive.google.com/file/d/169egbmtOE5vBTG_LsRDQvLFTduP-1G7R/preview,https://drive.google.com/file/d/169egbmtOE5vBTG_LsRDQvLFTduP-1G7R/view
1a8Ii78WJFl4jYixk1tcXeujiKw7U-dzC,10.33996_franztamayo.v3i6.312.pdf,386340,2026-04-13T14:39:46.998Z,https://drive.google.com/file/d/1a8Ii78WJFl4jYixk1tcXeujiKw7U-dzC/view?usp=drivesdk,10.33996/franztamayo.v3i6.312,https://drive.google.com/file/d/1a8Ii78WJFl4jYixk1tcXeujiKw7U-dzC/preview,https://drive.google.com/file/d/1a8Ii78WJFl4jYixk1tcXeujiKw7U-dzC/view
16624wZjOHh8nRjTbepFqZXB1BRoiY3VG,10.59659_revistatribunal.v5i13.284.pdf,361278,2026-04-13T14:39:43.195Z,https://drive.google.com/file/d/16624wZjOHh8nRjTbepFqZXB1BRoiY3VG/view?usp=drivesdk,10.59659/revistatribunal.v5i13.284,https://drive.google.com/file/d/16624wZjOHh8nRjTbepFqZXB1BRoiY3VG/preview,https://drive.google.com/file/d/16624wZjOHh8nRjTbepFqZXB1BRoiY3VG/view
1Ter-kTJD8_BmIikEW6bl5k4JomdlPqjP,10.63415_saga.v2i2.67.pdf,261730,2026-04-13T14:38:56.751Z,https://drive.google.com/file/d/1Ter-kTJD8_BmIikEW6bl5k4JomdlPqjP/view?usp=drivesdk,10.63415/saga.v2i2.67,https://drive.google.com/file/d/1Ter-kTJD8_BmIikEW6bl5k4JomdlPqjP/preview,https://drive.google.com/file/d/1Ter-kTJD8_BmIikEW6bl5k4JomdlPqjP/view
1vDFvAk4vq7dGSYTancxLB7jbbfJJDScc,10.37811_cl_rcm.v7i6.9350.pdf,818693,2026-04-13T14:38:54.466Z,https://drive.google.com/file/d/1vDFvAk4vq7dGSYTancxLB7jbbfJJDScc/view?usp=drivesdk,10.37811/cl_rcm.v7i6.9350,https://drive.google.com/file/d/1vDFvAk4vq7dGSYTancxLB7jbbfJJDScc/preview,https://drive.google.com/file/d/1vDFvAk4vq7dGSYTancxLB7jbbfJJDScc/view
1-h9IzrnWDc-BQANsvRJSFi2sH3I0PEaD,10.37811_cl_rcm.v8i2.10274.pdf,723828,2026-04-13T14:38:45.675Z,https://drive.google.com/file/d/1-h9IzrnWDc-BQANsvRJSFi2sH3I0PEaD/view?usp=drivesdk,10.37811/cl_rcm.v8i2.10274,https://drive.google.com/file/d/1-h9IzrnWDc-BQANsvRJSFi2sH3I0PEaD/preview,https://drive.google.com/file/d/1-h9IzrnWDc-BQANsvRJSFi2sH3I0PEaD/view
1ssJfNmWMuPFytjW1upYeOgGHN1xjuSgT,10.37811_cl_rcm.v8i1.9621.pdf,922932,2026-04-13T14:38:40.354Z,https://drive.google.com/file/d/1ssJfNmWMuPFytjW1upYeOgGHN1xjuSgT/view?usp=drivesdk,10.37811/cl_rcm.v8i1.9621,https://drive.google.com/file/d/1ssJfNmWMuPFytjW1upYeOgGHN1xjuSgT/preview,https://drive.google.com/file/d/1ssJfNmWMuPFytjW1upYeOgGHN1xjuSgT/view
1Spg8tT8CaJRLsNn6pTdGPxuhj9lfeMog,10.37811_cl_rcm.v9i4.19641.pdf,522731,2026-04-13T14:36:43.315Z,https://drive.google.com/file/d/1Spg8tT8CaJRLsNn6pTdGPxuhj9lfeMog/view?usp=drivesdk,10.37811/cl_rcm.v9i4.19641,https://drive.google.com/file/d/1Spg8tT8CaJRLsNn6pTdGPxuhj9lfeMog/preview,https://drive.google.com/file/d/1Spg8tT8CaJRLsNn6pTdGPxuhj9lfeMog/view
1R4-WiJWD2a20r9-tNUGrmfVjQn9WwPEZ,10.33996_revistahorizontes.v9i38.1019.pdf,605972,2026-04-13T14:36:29.007Z,https://drive.google.com/file/d/1R4-WiJWD2a20r9-tNUGrmfVjQn9WwPEZ/view?usp=drivesdk,10.33996/revistahorizontes.v9i38.1019,https://drive.google.com/file/d/1R4-WiJWD2a20r9-tNUGrmfVjQn9WwPEZ/preview,https://drive.google.com/file/d/1R4-WiJWD2a20r9-tNUGrmfVjQn9WwPEZ/view
1t0jFgPOFhpp_d8CAxzDmO6ipMexQ4Rgk,10.37811_cl_rcm.v9i5.20725.pdf,922527,2026-04-13T14:35:37.893Z,https://drive.google.com/file/d/1t0jFgPOFhpp_d8CAxzDmO6ipMexQ4Rgk/view?usp=drivesdk,10.37811/cl_rcm.v9i5.20725,https://drive.google.com/file/d/1t0jFgPOFhpp_d8CAxzDmO6ipMexQ4Rgk/preview,https://drive.google.com/file/d/1t0jFgPOFhpp_d8CAxzDmO6ipMexQ4Rgk/view
11mcfO0mXRTvi_aVxPksNIGcFbgsChjAy,10.37811_cl_rcm.v10i2.23057.pdf,486751,2026-04-13T14:35:27.861Z,https://drive.google.com/file/d/11mcfO0mXRTvi_aVxPksNIGcFbgsChjAy/view?usp=drivesdk,10.37811/cl_rcm.v10i2.23057,https://drive.google.com/file/d/11mcfO0mXRTvi_aVxPksNIGcFbgsChjAy/preview,https://drive.google.com/file/d/11mcfO0mXRTvi_aVxPksNIGcFbgsChjAy/view
1_PcugHWaojIqS8KH7ZDVxettaohqxj-h,10.33996_revistahorizontes.v9i38.1038.pdf,740924,2026-04-13T14:35:13.989Z,https://drive.google.com/file/d/1_PcugHWaojIqS8KH7ZDVxettaohqxj-h/view?usp=drivesdk,10.33996/revistahorizontes.v9i38.1038,https://drive.google.com/file/d/1_PcugHWaojIqS8KH7ZDVxettaohqxj-h/preview,https://drive.google.com/file/d/1_PcugHWaojIqS8KH7ZDVxettaohqxj-h/view
1Bf_ZPz2-j8D_zOIAG_mIhPEhSxXTE0C1,10.33996_revistahorizontes.v8i35.867.pdf,488835,2026-04-13T14:34:58.739Z,https://drive.google.com/file/d/1Bf_ZPz2-j8D_zOIAG_mIhPEhSxXTE0C1/view?usp=drivesdk,10.33996/revistahorizontes.v8i35.867,https://drive.google.com/file/d/1Bf_ZPz2-j8D_zOIAG_mIhPEhSxXTE0C1/preview,https://drive.google.com/file/d/1Bf_ZPz2-j8D_zOIAG_mIhPEhSxXTE0C1/view
1af_v2X3TmLlvXsLVtuPBnaDh7IAQDHpJ,10.37811_cl_rcm.v9i4.19283.pdf,503097,2026-04-13T14:34:52.284Z,https://drive.google.com/file/d/1af_v2X3TmLlvXsLVtuPBnaDh7IAQDHpJ/view?usp=drivesdk,10.37811/cl_rcm.v9i4.19283,https://drive.google.com/file/d/1af_v2X3TmLlvXsLVtuPBnaDh7IAQDHpJ/preview,https://drive.google.com/file/d/1af_v2X3TmLlvXsLVtuPBnaDh7IAQDHpJ/view
1w6k0LUTgsxgHamD15DzlgApKGzccOP71,10.37811_cl_rcm.v8i5.13723.pdf,754120,2026-04-13T14:34:25.377Z,https://drive.google.com/file/d/1w6k0LUTgsxgHamD15DzlgApKGzccOP71/view?usp=drivesdk,10.37811/cl_rcm.v8i5.13723,https://drive.google.com/file/d/1w6k0LUTgsxgHamD15DzlgApKGzccOP71/preview,https://drive.google.com/file/d/1w6k0LUTgsxgHamD15DzlgApKGzccOP71/view
1_Cl4QhruUs7nsK5BKIe2pcbtV6SlVfWm,10.32719_26312816.2022.6.1.11.pdf,289423,2026-04-13T14:34:05.224Z,https://drive.google.com/file/d/1_Cl4QhruUs7nsK5BKIe2pcbtV6SlVfWm/view?usp=drivesdk,10.32719/26312816.2022.6.1.11,https://drive.google.com/file/d/1_Cl4QhruUs7nsK5BKIe2pcbtV6SlVfWm/preview,https://drive.google.com/file/d/1_Cl4QhruUs7nsK5BKIe2pcbtV6SlVfWm/view
1Qmdi6ZbP85fZT92_PiEGA0OAD2IRfgvn,10.37811_cl_rcm.v6i2.2219.pdf,615540,2026-04-13T14:34:02.863Z,https://drive.google.com/file/d/1Qmdi6ZbP85fZT92_PiEGA0OAD2IRfgvn/view?usp=drivesdk,10.37811/cl_rcm.v6i2.2219,https://drive.google.com/file/d/1Qmdi6ZbP85fZT92_PiEGA0OAD2IRfgvn/preview,https://drive.google.com/file/d/1Qmdi6ZbP85fZT92_PiEGA0OAD2IRfgvn/view
1RZ1ljDWCm7W6lXjrmy8mhF6GWrJZccG8,10.37811_cl_rcm.v7i3.5935.pdf,230765,2026-04-13T14:33:59.524Z,https://drive.google.com/file/d/1RZ1ljDWCm7W6lXjrmy8mhF6GWrJZccG8/view?usp=drivesdk,10.37811/cl_rcm.v7i3.5935,https://drive.google.com/file/d/1RZ1ljDWCm7W6lXjrmy8mhF6GWrJZccG8/preview,https://drive.google.com/file/d/1RZ1ljDWCm7W6lXjrmy8mhF6GWrJZccG8/view
1mh_yWOXI06qpZTTQ4WXO0hN3u0Xlr0PQ,10.37811_cl_rcm.v7i2.6016.pdf,278850,2026-04-13T14:33:54.380Z,https://drive.google.com/file/d/1mh_yWOXI06qpZTTQ4WXO0hN3u0Xlr0PQ/view?usp=drivesdk,10.37811/cl_rcm.v7i2.6016,https://drive.google.com/file/d/1mh_yWOXI06qpZTTQ4WXO0hN3u0Xlr0PQ/preview,https://drive.google.com/file/d/1mh_yWOXI06qpZTTQ4WXO0hN3u0Xlr0PQ/view
1AMM_x6KJebV8FjpPLB7ggSSVs_f2COQV,10.37811_cl_rcm.v6i5.3148.pdf,890377,2026-04-13T14:33:19.501Z,https://drive.google.com/file/d/1AMM_x6KJebV8FjpPLB7ggSSVs_f2COQV/view?usp=drivesdk,10.37811/cl_rcm.v6i5.3148,https://drive.google.com/file/d/1AMM_x6KJebV8FjpPLB7ggSSVs_f2COQV/preview,https://drive.google.com/file/d/1AMM_x6KJebV8FjpPLB7ggSSVs_f2COQV/view
1cK2fnMumipH7bYJEx1c2idpjESDxNWkx,10.33996_revistahorizontes.v6i23.342.pdf,470775,2026-04-13T14:33:06.520Z,https://drive.google.com/file/d/1cK2fnMumipH7bYJEx1c2idpjESDxNWkx/view?usp=drivesdk,10.33996/revistahorizontes.v6i23.342,https://drive.google.com/file/d/1cK2fnMumipH7bYJEx1c2idpjESDxNWkx/preview,https://drive.google.com/file/d/1cK2fnMumipH7bYJEx1c2idpjESDxNWkx/view
1atNj9FEj2U1dKSxq5K1Oi94bcWFUKiDz,10.37811_cl_rcm.v7i1.4639.pdf,1344454,2026-04-13T14:33:02.202Z,https://drive.google.com/file/d/1atNj9FEj2U1dKSxq5K1Oi94bcWFUKiDz/view?usp=drivesdk,10.37811/cl_rcm.v7i1.4639,https://drive.google.com/file/d/1atNj9FEj2U1dKSxq5K1Oi94bcWFUKiDz/preview,https://drive.google.com/file/d/1atNj9FEj2U1dKSxq5K1Oi94bcWFUKiDz/view
196irrCNSDn8aVqpCNnybPOhFdJhJQWIR,10.37811_cl_rcm.v6i4.2862.pdf,245085,2026-04-13T14:32:44.979Z,https://drive.google.com/file/d/196irrCNSDn8aVqpCNnybPOhFdJhJQWIR/view?usp=drivesdk,10.37811/cl_rcm.v6i4.2862,https://drive.google.com/file/d/196irrCNSDn8aVqpCNnybPOhFdJhJQWIR/preview,https://drive.google.com/file/d/196irrCNSDn8aVqpCNnybPOhFdJhJQWIR/view
12nix8lDLovk6UgU1qaiSKJh9ZLh0JzPg,10.37811_cl_rcm.v6i6.3958.pdf,664115,2026-04-13T14:32:27.865Z,https://drive.google.com/file/d/12nix8lDLovk6UgU1qaiSKJh9ZLh0JzPg/view?usp=drivesdk,10.37811/cl_rcm.v6i6.3958,https://drive.google.com/file/d/12nix8lDLovk6UgU1qaiSKJh9ZLh0JzPg/preview,https://drive.google.com/file/d/12nix8lDLovk6UgU1qaiSKJh9ZLh0JzPg/view
1KcrafnvuZ7tKyOA_6XxKHIx9C6-mEwjJ,10.37811_cl_rcm.v8i6.14496.pdf,455018,2026-04-13T14:32:12.768Z,https://drive.google.com/file/d/1KcrafnvuZ7tKyOA_6XxKHIx9C6-mEwjJ/view?usp=drivesdk,10.37811/cl_rcm.v8i6.14496,https://drive.google.com/file/d/1KcrafnvuZ7tKyOA_6XxKHIx9C6-mEwjJ/preview,https://drive.google.com/file/d/1KcrafnvuZ7tKyOA_6XxKHIx9C6-mEwjJ/view
1E_c76KZOKpSW1vv1II63Sw7EZcYSy9B4,10.37811_cl_rcm.v5i6.1431.pdf,693887,2026-04-13T14:31:27.642Z,https://drive.google.com/file/d/1E_c76KZOKpSW1vv1II63Sw7EZcYSy9B4/view?usp=drivesdk,10.37811/cl_rcm.v5i6.1431,https://drive.google.com/file/d/1E_c76KZOKpSW1vv1II63Sw7EZcYSy9B4/preview,https://drive.google.com/file/d/1E_c76KZOKpSW1vv1II63Sw7EZcYSy9B4/view
1GJigjLY3qgKjOrqzDG2elvoJSTirtGhh,10.33996_revistahorizontes.v7i31.674.pdf,521384,2026-04-13T14:31:21.839Z,https://drive.google.com/file/d/1GJigjLY3qgKjOrqzDG2elvoJSTirtGhh/view?usp=drivesdk,10.33996/revistahorizontes.v7i31.674,https://drive.google.com/file/d/1GJigjLY3qgKjOrqzDG2elvoJSTirtGhh/preview,https://drive.google.com/file/d/1GJigjLY3qgKjOrqzDG2elvoJSTirtGhh/view
1zW4htExcvNk6DSaroeKGaZ_yUW9X1uTv,10.37811_cl_rcm.v6i6.4135.pdf,788970,2026-04-13T14:31:09.244Z,https://drive.google.com/file/d/1zW4htExcvNk6DSaroeKGaZ_yUW9X1uTv/view?usp=drivesdk,10.37811/cl_rcm.v6i6.4135,https://drive.google.com/file/d/1zW4htExcvNk6DSaroeKGaZ_yUW9X1uTv/preview,https://drive.google.com/file/d/1zW4htExcvNk6DSaroeKGaZ_yUW9X1uTv/view
1h-Vt9RLCcK7wLr4TefC3mrIKZnDO2XvY,10.61287_warisata.v4i11.5.pdf,197514,2026-04-13T14:31:05.710Z,https://drive.google.com/file/d/1h-Vt9RLCcK7wLr4TefC3mrIKZnDO2XvY/view?usp=drivesdk,10.61287/warisata.v4i11.5,https://drive.google.com/file/d/1h-Vt9RLCcK7wLr4TefC3mrIKZnDO2XvY/preview,https://drive.google.com/file/d/1h-Vt9RLCcK7wLr4TefC3mrIKZnDO2XvY/view
1QeI_pQG0B7w0-H3_1wS_t2PwTz-njkDN,10.37811_cl_rcm.v6i6.3796.pdf,361405,2026-04-13T14:31:01.742Z,https://drive.google.com/file/d/1QeI_pQG0B7w0-H3_1wS_t2PwTz-njkDN/view?usp=drivesdk,10.37811/cl_rcm.v6i6.3796,https://drive.google.com/file/d/1QeI_pQG0B7w0-H3_1wS_t2PwTz-njkDN/preview,https://drive.google.com/file/d/1QeI_pQG0B7w0-H3_1wS_t2PwTz-njkDN/view
1pBDZ_Oq65XSlDcxvYxnLjlR08ifI-eqQ,10.33996_revistahorizontes.v8i32.726.pdf,716628,2026-04-13T14:30:57.001Z,https://drive.google.com/file/d/1pBDZ_Oq65XSlDcxvYxnLjlR08ifI-eqQ/view?usp=drivesdk,10.33996/revistahorizontes.v8i32.726,https://drive.google.com/file/d/1pBDZ_Oq65XSlDcxvYxnLjlR08ifI-eqQ/preview,https://drive.google.com/file/d/1pBDZ_Oq65XSlDcxvYxnLjlR08ifI-eqQ/view
1uwn3dchw10gg7HUink_odz_5C_3HW4Td,10.59993_simbiosis.v.4i8.58.pdf,463539,2026-04-13T14:30:52.323Z,https://drive.google.com/file/d/1uwn3dchw10gg7HUink_odz_5C_3HW4Td/view?usp=drivesdk,10.59993/simbiosis.v.4i8.58,https://drive.google.com/file/d/1uwn3dchw10gg7HUink_odz_5C_3HW4Td/preview,https://drive.google.com/file/d/1uwn3dchw10gg7HUink_odz_5C_3HW4Td/view
1jkakF6Kp4tPpZdnxwi7GrZFYGuw0KWE0,10.37811_cl_rcm.v6i6.3677.pdf,398129,2026-04-13T14:30:46.541Z,https://drive.google.com/file/d/1jkakF6Kp4tPpZdnxwi7GrZFYGuw0KWE0/view?usp=drivesdk,10.37811/cl_rcm.v6i6.3677,https://drive.google.com/file/d/1jkakF6Kp4tPpZdnxwi7GrZFYGuw0KWE0/preview,https://drive.google.com/file/d/1jkakF6Kp4tPpZdnxwi7GrZFYGuw0KWE0/view
1h3w-PhpFUOppYSNtgplsfg_e1IeuWgLD,10.37811_cl_rcm.v8i3.11546.pdf,354893,2026-04-13T14:30:42.899Z,https://drive.google.com/file/d/1h3w-PhpFUOppYSNtgplsfg_e1IeuWgLD/view?usp=drivesdk,10.37811/cl_rcm.v8i3.11546,https://drive.google.com/file/d/1h3w-PhpFUOppYSNtgplsfg_e1IeuWgLD/preview,https://drive.google.com/file/d/1h3w-PhpFUOppYSNtgplsfg_e1IeuWgLD/view
1eCEBI-G2MzVpHwyvNRca2cgDmaLGydVS,10.37811_cl_rcm.v8i2.10725.pdf,536618,2026-04-13T14:30:39.592Z,https://drive.google.com/file/d/1eCEBI-G2MzVpHwyvNRca2cgDmaLGydVS/view?usp=drivesdk,10.37811/cl_rcm.v8i2.10725,https://drive.google.com/file/d/1eCEBI-G2MzVpHwyvNRca2cgDmaLGydVS/preview,https://drive.google.com/file/d/1eCEBI-G2MzVpHwyvNRca2cgDmaLGydVS/view
1tCBAOJgkwBD61nq3ElMHmQrZaScVesSj,10.37811_cl_rcm.v6i3.2300.pdf,655411,2026-04-13T14:30:36.461Z,https://drive.google.com/file/d/1tCBAOJgkwBD61nq3ElMHmQrZaScVesSj/view?usp=drivesdk,10.37811/cl_rcm.v6i3.2300,https://drive.google.com/file/d/1tCBAOJgkwBD61nq3ElMHmQrZaScVesSj/preview,https://drive.google.com/file/d/1tCBAOJgkwBD61nq3ElMHmQrZaScVesSj/view
184CBfYOA4mue1wCwvzLsp4wb4CeZvrAx,10.37811_cl_rcm.v8i6.14659.pdf,547158,2026-04-13T14:30:31.445Z,https://drive.google.com/file/d/184CBfYOA4mue1wCwvzLsp4wb4CeZvrAx/view?usp=drivesdk,10.37811/cl_rcm.v8i6.14659,https://drive.google.com/file/d/184CBfYOA4mue1wCwvzLsp4wb4CeZvrAx/preview,https://drive.google.com/file/d/184CBfYOA4mue1wCwvzLsp4wb4CeZvrAx/view
1ADknoD-lGC8nEA36zGWgEYJjjXi0lnMJ,10.33996_revistahorizontes.v7i30.655.pdf,607089,2026-04-13T14:30:26.939Z,https://drive.google.com/file/d/1ADknoD-lGC8nEA36zGWgEYJjjXi0lnMJ/view?usp=drivesdk,10.33996/revistahorizontes.v7i30.655,https://drive.google.com/file/d/1ADknoD-lGC8nEA36zGWgEYJjjXi0lnMJ/preview,https://drive.google.com/file/d/1ADknoD-lGC8nEA36zGWgEYJjjXi0lnMJ/view
103kbiODHUX1JiqfHZBVGNP-6D9dFzUi1,10.37811_cl_rcm.v6i6.4102.pdf,353463,2026-04-13T14:30:24.202Z,https://drive.google.com/file/d/103kbiODHUX1JiqfHZBVGNP-6D9dFzUi1/view?usp=drivesdk,10.37811/cl_rcm.v6i6.4102,https://drive.google.com/file/d/103kbiODHUX1JiqfHZBVGNP-6D9dFzUi1/preview,https://drive.google.com/file/d/103kbiODHUX1JiqfHZBVGNP-6D9dFzUi1/view
109va86NjaL0nqwOrQgpEPXn9m97fYZtH,10.37811_cl_rcm.v6i4.2809.pdf,319326,2026-04-13T14:30:16.907Z,https://drive.google.com/file/d/109va86NjaL0nqwOrQgpEPXn9m97fYZtH/view?usp=drivesdk,10.37811/cl_rcm.v6i4.2809,https://drive.google.com/file/d/109va86NjaL0nqwOrQgpEPXn9m97fYZtH/preview,https://drive.google.com/file/d/109va86NjaL0nqwOrQgpEPXn9m97fYZtH/view
1zEt7qOYrdFOLP3-wy3P51zotDmvPk3dd,10.37811_cl_rcm.v5i5.841.pdf,611318,2026-04-13T14:30:13.510Z,https://drive.google.com/file/d/1zEt7qOYrdFOLP3-wy3P51zotDmvPk3dd/view?usp=drivesdk,10.37811/cl_rcm.v5i5.841,https://drive.google.com/file/d/1zEt7qOYrdFOLP3-wy3P51zotDmvPk3dd/preview,https://drive.google.com/file/d/1zEt7qOYrdFOLP3-wy3P51zotDmvPk3dd/view
1hzKRDEtueBBXBT-i5Jk8lodY9z3PHMlq,10.47865_igob.vol9.n33.2026.454.pdf,615524,2026-04-12T16:35:42.168Z,https://drive.google.com/file/d/1hzKRDEtueBBXBT-i5Jk8lodY9z3PHMlq/view?usp=drivesdk,10.47865/igob.vol9.n33.2026.454,https://drive.google.com/file/d/1hzKRDEtueBBXBT-i5Jk8lodY9z3PHMlq/preview,https://drive.google.com/file/d/1hzKRDEtueBBXBT-i5Jk8lodY9z3PHMlq/view
1CTOe2to59hROzQgpa_lkvJuTjMntj-Gp,10.58515_019rspt.pdf,370335,2026-04-12T15:41:39.060Z,https://drive.google.com/file/d/1CTOe2to59hROzQgpa_lkvJuTjMntj-Gp/view?usp=drivesdk,10.58515/019rspt,https://drive.google.com/file/d/1CTOe2to59hROzQgpa_lkvJuTjMntj-Gp/preview,https://drive.google.com/file/d/1CTOe2to59hROzQgpa_lkvJuTjMntj-Gp/view
1kfHDAxs2euCP7GUOtQWVbs5Aat2sozRq,10.47766_development.v2i2.1118.pdf,512911,2026-04-11T21:27:16.423Z,https://drive.google.com/file/d/1kfHDAxs2euCP7GUOtQWVbs5Aat2sozRq/view?usp=drivesdk,10.47766/development.v2i2.1118,https://drive.google.com/file/d/1kfHDAxs2euCP7GUOtQWVbs5Aat2sozRq/preview,https://drive.google.com/file/d/1kfHDAxs2euCP7GUOtQWVbs5Aat2sozRq/view
1dctrYTgJ9696mnR49DgS5ASVEjiguQcq,10.18004_pdfce_2076-054x_2026.032.62.007.pdf,821385,2026-04-11T21:26:37.929Z,https://drive.google.com/file/d/1dctrYTgJ9696mnR49DgS5ASVEjiguQcq/view?usp=drivesdk,10.18004/pdfce_2076-054x_2026.032.62.007,https://drive.google.com/file/d/1dctrYTgJ9696mnR49DgS5ASVEjiguQcq/preview,https://drive.google.com/file/d/1dctrYTgJ9696mnR49DgS5ASVEjiguQcq/view
1o4UVOzCvxqFmt5-no6x4EXlf1dIQq1gu,10.5195_ie.2025.489.pdf,333416,2026-04-11T21:25:36.770Z,https://drive.google.com/file/d/1o4UVOzCvxqFmt5-no6x4EXlf1dIQq1gu/view?usp=drivesdk,10.5195/ie.2025.489,https://drive.google.com/file/d/1o4UVOzCvxqFmt5-no6x4EXlf1dIQq1gu/preview,https://drive.google.com/file/d/1o4UVOzCvxqFmt5-no6x4EXlf1dIQq1gu/view
1KjpG5Gzalup2rcGdrxHV2lXTtGesuEd2,10.62711_ijite.v2i4.161.pdf,360099,2026-04-11T21:25:34.853Z,https://drive.google.com/file/d/1KjpG5Gzalup2rcGdrxHV2lXTtGesuEd2/view?usp=drivesdk,10.62711/ijite.v2i4.161,https://drive.google.com/file/d/1KjpG5Gzalup2rcGdrxHV2lXTtGesuEd2/preview,https://drive.google.com/file/d/1KjpG5Gzalup2rcGdrxHV2lXTtGesuEd2/view
1mYhKudBf1wJy5RVfX9SbLiNsYPNmas8B,10.21573_vol42n12026.139503.pdf,319464,2026-04-11T21:25:30.746Z,https://drive.google.com/file/d/1mYhKudBf1wJy5RVfX9SbLiNsYPNmas8B/view?usp=drivesdk,10.21573/vol42n12026.139503,https://drive.google.com/file/d/1mYhKudBf1wJy5RVfX9SbLiNsYPNmas8B/preview,https://drive.google.com/file/d/1mYhKudBf1wJy5RVfX9SbLiNsYPNmas8B/view
1YMSC7uTlrxCbB0WkAuAqc60KkkSzImwZ,10.5772_intechopen.1012846.pdf,502347,2026-04-11T21:24:12.871Z,https://drive.google.com/file/d/1YMSC7uTlrxCbB0WkAuAqc60KkkSzImwZ/view?usp=drivesdk,10.5772/intechopen.1012846,https://drive.google.com/file/d/1YMSC7uTlrxCbB0WkAuAqc60KkkSzImwZ/preview,https://drive.google.com/file/d/1YMSC7uTlrxCbB0WkAuAqc60KkkSzImwZ/view
1X1dnNXsYgxUTKDugscKwbaOwnXdOtUBB,10.38043_telsinas.v8i2.7044.pdf,1873327,2026-04-11T21:24:11.038Z,https://drive.google.com/file/d/1X1dnNXsYgxUTKDugscKwbaOwnXdOtUBB/view?usp=drivesdk,10.38043/telsinas.v8i2.7044,https://drive.google.com/file/d/1X1dnNXsYgxUTKDugscKwbaOwnXdOtUBB/preview,https://drive.google.com/file/d/1X1dnNXsYgxUTKDugscKwbaOwnXdOtUBB/view
1ZOlH7EKcIKKHwCGF7shXPB_upbtqikTK,10.37676_mude.v4i2.8175.pdf,330376,2026-04-11T21:24:04.277Z,https://drive.google.com/file/d/1ZOlH7EKcIKKHwCGF7shXPB_upbtqikTK/view?usp=drivesdk,10.37676/mude.v4i2.8175,https://drive.google.com/file/d/1ZOlH7EKcIKKHwCGF7shXPB_upbtqikTK/preview,https://drive.google.com/file/d/1ZOlH7EKcIKKHwCGF7shXPB_upbtqikTK/view
1IIkuTjnlDjZxjU1kZBnaIdRDuaee_xAs,10.20473_rlj.v9-i2.2023.306-318.pdf,518398,2026-04-11T21:23:58.245Z,https://drive.google.com/file/d/1IIkuTjnlDjZxjU1kZBnaIdRDuaee_xAs/view?usp=drivesdk,10.20473/rlj.v9-i2.2023.306-318,https://drive.google.com/file/d/1IIkuTjnlDjZxjU1kZBnaIdRDuaee_xAs/preview,https://drive.google.com/file/d/1IIkuTjnlDjZxjU1kZBnaIdRDuaee_xAs/view
1tsW6riTTnOS4fmOzad8OFblyXe5kkvLT,10.7146_ejie.v3i1.142505.pdf,908770,2026-04-11T21:23:52.373Z,https://drive.google.com/file/d/1tsW6riTTnOS4fmOzad8OFblyXe5kkvLT/view?usp=drivesdk,10.7146/ejie.v3i1.142505,https://drive.google.com/file/d/1tsW6riTTnOS4fmOzad8OFblyXe5kkvLT/preview,https://drive.google.com/file/d/1tsW6riTTnOS4fmOzad8OFblyXe5kkvLT/view
11714UCRuBSkTyLRQarzDENRVBJObaRh-,10.20849_jed.v6i3.1230.pdf,146742,2026-04-11T21:23:48.224Z,https://drive.google.com/file/d/11714UCRuBSkTyLRQarzDENRVBJObaRh-/view?usp=drivesdk,10.20849/jed.v6i3.1230,https://drive.google.com/file/d/11714UCRuBSkTyLRQarzDENRVBJObaRh-/preview,https://drive.google.com/file/d/11714UCRuBSkTyLRQarzDENRVBJObaRh-/view
1iseOLr-8CtzvPohI6FL03nJQUaG8J1KB,10.25115_eea.v39i12.6463.pdf,475804,2026-04-11T21:23:39.476Z,https://drive.google.com/file/d/1iseOLr-8CtzvPohI6FL03nJQUaG8J1KB/view?usp=drivesdk,10.25115/eea.v39i12.6463,https://drive.google.com/file/d/1iseOLr-8CtzvPohI6FL03nJQUaG8J1KB/preview,https://drive.google.com/file/d/1iseOLr-8CtzvPohI6FL03nJQUaG8J1KB/view
1Fzu_fI1Np2eyxDhPraiU0ZuH0cn8Wst7,10.3389_feduc.2024.1413607.pdf,778497,2026-04-11T21:23:31.753Z,https://drive.google.com/file/d/1Fzu_fI1Np2eyxDhPraiU0ZuH0cn8Wst7/view?usp=drivesdk,10.3389/feduc.2024.1413607,https://drive.google.com/file/d/1Fzu_fI1Np2eyxDhPraiU0ZuH0cn8Wst7/preview,https://drive.google.com/file/d/1Fzu_fI1Np2eyxDhPraiU0ZuH0cn8Wst7/view
1l850SRkixbxSIE4JjkQVSAwUnnyj1vxl,10.55927_ijsmr.v1i9.3578.pdf,463798,2026-04-11T21:22:48.202Z,https://drive.google.com/file/d/1l850SRkixbxSIE4JjkQVSAwUnnyj1vxl/view?usp=drivesdk,10.55927/ijsmr.v1i9.3578,https://drive.google.com/file/d/1l850SRkixbxSIE4JjkQVSAwUnnyj1vxl/preview,https://drive.google.com/file/d/1l850SRkixbxSIE4JjkQVSAwUnnyj1vxl/view
1muP0Sgweo-UZo_f5YcTznozrukqUhmQO,10.47604_ajep.3176.pdf,533383,2026-04-11T21:22:44.166Z,https://drive.google.com/file/d/1muP0Sgweo-UZo_f5YcTznozrukqUhmQO/view?usp=drivesdk,10.47604/ajep.3176,https://drive.google.com/file/d/1muP0Sgweo-UZo_f5YcTznozrukqUhmQO/preview,https://drive.google.com/file/d/1muP0Sgweo-UZo_f5YcTznozrukqUhmQO/view
13P5u6G_ZpFnhRK1NWwloZaxFzzourL9T,10.2478_mdke-2023-0015.pdf,482660,2026-04-11T21:22:41.137Z,https://drive.google.com/file/d/13P5u6G_ZpFnhRK1NWwloZaxFzzourL9T/view?usp=drivesdk,10.2478/mdke-2023-0015,https://drive.google.com/file/d/13P5u6G_ZpFnhRK1NWwloZaxFzzourL9T/preview,https://drive.google.com/file/d/13P5u6G_ZpFnhRK1NWwloZaxFzzourL9T/view
1xZIUv5DHeWShqJJDsnM6w8D2Fjso4_Vs,10.1007_s40841-024-00354-2.pdf,667422,2026-04-11T21:22:36.278Z,https://drive.google.com/file/d/1xZIUv5DHeWShqJJDsnM6w8D2Fjso4_Vs/view?usp=drivesdk,10.1007/s40841-024-00354-2,https://drive.google.com/file/d/1xZIUv5DHeWShqJJDsnM6w8D2Fjso4_Vs/preview,https://drive.google.com/file/d/1xZIUv5DHeWShqJJDsnM6w8D2Fjso4_Vs/view
19pmm1us-K8ZqeEwbLd7p9XTAPS5OtkSe,10.70619_vol4iss2pp35-47.pdf,333233,2026-04-11T21:22:29.805Z,https://drive.google.com/file/d/19pmm1us-K8ZqeEwbLd7p9XTAPS5OtkSe/view?usp=drivesdk,10.70619/vol4iss2pp35-47,https://drive.google.com/file/d/19pmm1us-K8ZqeEwbLd7p9XTAPS5OtkSe/preview,https://drive.google.com/file/d/19pmm1us-K8ZqeEwbLd7p9XTAPS5OtkSe/view
1H5l8PdSKxnnLSoHNw1L42rf33AMhzvaV,10.52631_jemds.v4i2.228.pdf,272532,2026-04-11T21:22:24.319Z,https://drive.google.com/file/d/1H5l8PdSKxnnLSoHNw1L42rf33AMhzvaV/view?usp=drivesdk,10.52631/jemds.v4i2.228,https://drive.google.com/file/d/1H5l8PdSKxnnLSoHNw1L42rf33AMhzvaV/preview,https://drive.google.com/file/d/1H5l8PdSKxnnLSoHNw1L42rf33AMhzvaV/view
12uN6jH0-D-JykBsL0Yxd6u0PZ5Zn1Hhr,10.30828_real_2021.3.4.pdf,557264,2026-04-11T21:22:17.977Z,https://drive.google.com/file/d/12uN6jH0-D-JykBsL0Yxd6u0PZ5Zn1Hhr/view?usp=drivesdk,10.30828/real_2021.3.4,https://drive.google.com/file/d/12uN6jH0-D-JykBsL0Yxd6u0PZ5Zn1Hhr/preview,https://drive.google.com/file/d/12uN6jH0-D-JykBsL0Yxd6u0PZ5Zn1Hhr/view
149eUImeIDKW6vzQx0yKIZAFtbMLld3jo,10.14324_lre.23.1.22.pdf,661001,2026-04-11T21:22:10.326Z,https://drive.google.com/file/d/149eUImeIDKW6vzQx0yKIZAFtbMLld3jo/view?usp=drivesdk,10.14324/lre.23.1.22,https://drive.google.com/file/d/149eUImeIDKW6vzQx0yKIZAFtbMLld3jo/preview,https://drive.google.com/file/d/149eUImeIDKW6vzQx0yKIZAFtbMLld3jo/view
1_U_CtTsL6ANggGMPm8CAk0oYbQ1sMRu8,10.59941_2960-0642-2024-4-47-55.pdf,705028,2026-04-11T21:22:07.726Z,https://drive.google.com/file/d/1_U_CtTsL6ANggGMPm8CAk0oYbQ1sMRu8/view?usp=drivesdk,10.59941/2960-0642-2024-4-47-55,https://drive.google.com/file/d/1_U_CtTsL6ANggGMPm8CAk0oYbQ1sMRu8/preview,https://drive.google.com/file/d/1_U_CtTsL6ANggGMPm8CAk0oYbQ1sMRu8/view
17HNxu4BJv_GSDyHHEtow2ALZ1b7cFWQs,10.1080_19415257.2020.1787209.pdf,846238,2026-04-11T21:22:01.507Z,https://drive.google.com/file/d/17HNxu4BJv_GSDyHHEtow2ALZ1b7cFWQs/view?usp=drivesdk,10.1080/19415257.2020.1787209,https://drive.google.com/file/d/17HNxu4BJv_GSDyHHEtow2ALZ1b7cFWQs/preview,https://drive.google.com/file/d/17HNxu4BJv_GSDyHHEtow2ALZ1b7cFWQs/view
1kQf-DVSj3JFa5V43lEDitJ5F7MGIJ6yX,10.20428_ajqahe.v17i60.2217.pdf,5505172,2026-04-11T21:20:52.635Z,https://drive.google.com/file/d/1kQf-DVSj3JFa5V43lEDitJ5F7MGIJ6yX/view?usp=drivesdk,10.20428/ajqahe.v17i60.2217,https://drive.google.com/file/d/1kQf-DVSj3JFa5V43lEDitJ5F7MGIJ6yX/preview,https://drive.google.com/file/d/1kQf-DVSj3JFa5V43lEDitJ5F7MGIJ6yX/view
1j3C5MyWJeC-yy48BZw6EZR2ywSeehu9c,10.30828_real_2021.3.7.pdf,414264,2026-04-11T21:20:17.356Z,https://drive.google.com/file/d/1j3C5MyWJeC-yy48BZw6EZR2ywSeehu9c/view?usp=drivesdk,10.30828/real_2021.3.7,https://drive.google.com/file/d/1j3C5MyWJeC-yy48BZw6EZR2ywSeehu9c/preview,https://drive.google.com/file/d/1j3C5MyWJeC-yy48BZw6EZR2ywSeehu9c/view
15HMNfmzcLWMVCketRPwJCHCshAS3nRdH,10.55016_ojs_ajer.v67i3.69961.pdf,199802,2026-04-11T21:20:13.943Z,https://drive.google.com/file/d/15HMNfmzcLWMVCketRPwJCHCshAS3nRdH/view?usp=drivesdk,10.55016/ojs_ajer.v67i3.69961,https://drive.google.com/file/d/15HMNfmzcLWMVCketRPwJCHCshAS3nRdH/preview,https://drive.google.com/file/d/15HMNfmzcLWMVCketRPwJCHCshAS3nRdH/view
1KCMTU8YcviWaAscQupoCoTk3t_FzhEgg,10.55354_2692-3394.1025.pdf,569771,2026-04-11T21:20:10.988Z,https://drive.google.com/file/d/1KCMTU8YcviWaAscQupoCoTk3t_FzhEgg/view?usp=drivesdk,10.55354/2692-3394.1025,https://drive.google.com/file/d/1KCMTU8YcviWaAscQupoCoTk3t_FzhEgg/preview,https://drive.google.com/file/d/1KCMTU8YcviWaAscQupoCoTk3t_FzhEgg/view
17Q-OuOyRrpf_dRhJi2_k3imJjMtVTblH,10.31436_ijes.v10i2.430.pdf,943471,2026-04-11T21:20:08.348Z,https://drive.google.com/file/d/17Q-OuOyRrpf_dRhJi2_k3imJjMtVTblH/view?usp=drivesdk,10.31436/ijes.v10i2.430,https://drive.google.com/file/d/17Q-OuOyRrpf_dRhJi2_k3imJjMtVTblH/preview,https://drive.google.com/file/d/17Q-OuOyRrpf_dRhJi2_k3imJjMtVTblH/view
1HvTnXpBRD5TZ6FDaROW0TR57bc-Oq4Lj,10.34104_bjah.024086099.pdf,278,2026-04-11T21:19:58.527Z,https://drive.google.com/file/d/1HvTnXpBRD5TZ6FDaROW0TR57bc-Oq4Lj/view?usp=drivesdk,10.34104/bjah.024086099,https://drive.google.com/file/d/1HvTnXpBRD5TZ6FDaROW0TR57bc-Oq4Lj/preview,https://drive.google.com/file/d/1HvTnXpBRD5TZ6FDaROW0TR57bc-Oq4Lj/view
1-8tOMW5bK_toHQETQynnpqK0Rf6NNq3q,10.14324_lre.23.1.13.pdf,299176,2026-04-11T21:19:56.695Z,https://drive.google.com/file/d/1-8tOMW5bK_toHQETQynnpqK0Rf6NNq3q/view?usp=drivesdk,10.14324/lre.23.1.13,https://drive.google.com/file/d/1-8tOMW5bK_toHQETQynnpqK0Rf6NNq3q/preview,https://drive.google.com/file/d/1-8tOMW5bK_toHQETQynnpqK0Rf6NNq3q/view
1indfR_rdhsVsc-u08URydE9FzGFb5wwW,10.31080_aspe.2022.05.0516.pdf,355139,2026-04-11T21:19:54.476Z,https://drive.google.com/file/d/1indfR_rdhsVsc-u08URydE9FzGFb5wwW/view?usp=drivesdk,10.31080/aspe.2022.05.0516,https://drive.google.com/file/d/1indfR_rdhsVsc-u08URydE9FzGFb5wwW/preview,https://drive.google.com/file/d/1indfR_rdhsVsc-u08URydE9FzGFb5wwW/view
1f4GYt4TpaYW2KXmzxIB7qM8M6YUYzj6_,10.51244_ijrsi.2021.81004.pdf,716854,2026-04-11T21:19:16.479Z,https://drive.google.com/file/d/1f4GYt4TpaYW2KXmzxIB7qM8M6YUYzj6_/view?usp=drivesdk,10.51244/ijrsi.2021.81004,https://drive.google.com/file/d/1f4GYt4TpaYW2KXmzxIB7qM8M6YUYzj6_/preview,https://drive.google.com/file/d/1f4GYt4TpaYW2KXmzxIB7qM8M6YUYzj6_/view
1Ssyc0oBQ6go-ZschvjuaQY95yTf49kcD,10.35631_ijepc.1057060.pdf,734926,2026-04-11T21:19:13.749Z,https://drive.google.com/file/d/1Ssyc0oBQ6go-ZschvjuaQY95yTf49kcD/view?usp=drivesdk,10.35631/ijepc.1057060,https://drive.google.com/file/d/1Ssyc0oBQ6go-ZschvjuaQY95yTf49kcD/preview,https://drive.google.com/file/d/1Ssyc0oBQ6go-ZschvjuaQY95yTf49kcD/view
1AyCnNumu1FFEXDfDAnBusErzIPHr7KLG,10.3389_feduc.2024.1416666.pdf,418187,2026-04-11T21:19:08.734Z,https://drive.google.com/file/d/1AyCnNumu1FFEXDfDAnBusErzIPHr7KLG/view?usp=drivesdk,10.3389/feduc.2024.1416666,https://drive.google.com/file/d/1AyCnNumu1FFEXDfDAnBusErzIPHr7KLG/preview,https://drive.google.com/file/d/1AyCnNumu1FFEXDfDAnBusErzIPHr7KLG/view
13naQnZrxT-eRrGCuTLq6J5gK8sVwjv8n,10.46303_repam.2022.5.pdf,1031837,2026-04-11T21:19:05.870Z,https://drive.google.com/file/d/13naQnZrxT-eRrGCuTLq6J5gK8sVwjv8n/view?usp=drivesdk,10.46303/repam.2022.5,https://drive.google.com/file/d/13naQnZrxT-eRrGCuTLq6J5gK8sVwjv8n/preview,https://drive.google.com/file/d/13naQnZrxT-eRrGCuTLq6J5gK8sVwjv8n/view
1dLAL0sNpGole3yLk5xbw6dt6-tuAGaaI,10.30828_real.950445.pdf,1251620,2026-04-11T21:18:56.922Z,https://drive.google.com/file/d/1dLAL0sNpGole3yLk5xbw6dt6-tuAGaaI/view?usp=drivesdk,10.30828/real.950445,https://drive.google.com/file/d/1dLAL0sNpGole3yLk5xbw6dt6-tuAGaaI/preview,https://drive.google.com/file/d/1dLAL0sNpGole3yLk5xbw6dt6-tuAGaaI/view
1z4cKrfDoqjc5TDzM_FT4EVhtkwPKAf8b,10.25217_ji.v7i1.1460.pdf,519230,2026-04-11T21:18:52.687Z,https://drive.google.com/file/d/1z4cKrfDoqjc5TDzM_FT4EVhtkwPKAf8b/view?usp=drivesdk,10.25217/ji.v7i1.1460,https://drive.google.com/file/d/1z4cKrfDoqjc5TDzM_FT4EVhtkwPKAf8b/preview,https://drive.google.com/file/d/1z4cKrfDoqjc5TDzM_FT4EVhtkwPKAf8b/view
1QHjgl0yjlSxOHxV_B6wap4AqR-t2xcXa,10.30828_real.1330936.pdf,601207,2026-04-11T21:18:45.702Z,https://drive.google.com/file/d/1QHjgl0yjlSxOHxV_B6wap4AqR-t2xcXa/view?usp=drivesdk,10.30828/real.1330936,https://drive.google.com/file/d/1QHjgl0yjlSxOHxV_B6wap4AqR-t2xcXa/preview,https://drive.google.com/file/d/1QHjgl0yjlSxOHxV_B6wap4AqR-t2xcXa/view
13ABvIkpGwkKRm8PBPaMwaLeIfKRFeuMo,10.59298_rijre_2025_522430.pdf,230757,2026-04-11T21:18:41.958Z,https://drive.google.com/file/d/13ABvIkpGwkKRm8PBPaMwaLeIfKRFeuMo/view?usp=drivesdk,10.59298/rijre_2025_522430,https://drive.google.com/file/d/13ABvIkpGwkKRm8PBPaMwaLeIfKRFeuMo/preview,https://drive.google.com/file/d/13ABvIkpGwkKRm8PBPaMwaLeIfKRFeuMo/view
1Dt1Ci9JCfhpOc1VPSE9aMouYID-5hS7n,10.18004_ucsa_2409-8752_2020.007.01.039-048.pdf,190557,2026-04-11T21:18:38.939Z,https://drive.google.com/file/d/1Dt1Ci9JCfhpOc1VPSE9aMouYID-5hS7n/view?usp=drivesdk,10.18004/ucsa_2409-8752_2020.007.01.039-048,https://drive.google.com/file/d/1Dt1Ci9JCfhpOc1VPSE9aMouYID-5hS7n/preview,https://drive.google.com/file/d/1Dt1Ci9JCfhpOc1VPSE9aMouYID-5hS7n/view
1AWkhR4TRwr_1QZijaNVVkNzW0p7If95R,10.47460_uct.v26i114.603.pdf,131663,2026-04-11T21:18:32.583Z,https://drive.google.com/file/d/1AWkhR4TRwr_1QZijaNVVkNzW0p7If95R/view?usp=drivesdk,10.47460/uct.v26i114.603,https://drive.google.com/file/d/1AWkhR4TRwr_1QZijaNVVkNzW0p7If95R/preview,https://drive.google.com/file/d/1AWkhR4TRwr_1QZijaNVVkNzW0p7If95R/view
1LclBCbm600Gkb2IzfDUH_d3fUac1QOg8,10.1007_s10734-022-00890-0.pdf,1063969,2026-04-11T21:18:25.246Z,https://drive.google.com/file/d/1LclBCbm600Gkb2IzfDUH_d3fUac1QOg8/view?usp=drivesdk,10.1007/s10734-022-00890-0,https://drive.google.com/file/d/1LclBCbm600Gkb2IzfDUH_d3fUac1QOg8/preview,https://drive.google.com/file/d/1LclBCbm600Gkb2IzfDUH_d3fUac1QOg8/view
1zFQ8PYxt4Sk9gEKNrBbX4pNWJ0iC3Lh4,10.52783_jisem.v10i3s.355.pdf,619478,2026-04-11T21:18:21.083Z,https://drive.google.com/file/d/1zFQ8PYxt4Sk9gEKNrBbX4pNWJ0iC3Lh4/view?usp=drivesdk,10.52783/jisem.v10i3s.355,https://drive.google.com/file/d/1zFQ8PYxt4Sk9gEKNrBbX4pNWJ0iC3Lh4/preview,https://drive.google.com/file/d/1zFQ8PYxt4Sk9gEKNrBbX4pNWJ0iC3Lh4/view
10GOPxJROwORlWx7IHPvmMhFqw5Ue-hm3,10.46303_jcve.2022.24.pdf,570915,2026-04-11T21:18:17.578Z,https://drive.google.com/file/d/10GOPxJROwORlWx7IHPvmMhFqw5Ue-hm3/view?usp=drivesdk,10.46303/jcve.2022.24,https://drive.google.com/file/d/10GOPxJROwORlWx7IHPvmMhFqw5Ue-hm3/preview,https://drive.google.com/file/d/10GOPxJROwORlWx7IHPvmMhFqw5Ue-hm3/view
1q3_4fLmYBMy7rtmfKXgzdwP70ar7U9Sy,10.11591_edulearn.v19i4.23239.pdf,351949,2026-04-11T21:18:08.691Z,https://drive.google.com/file/d/1q3_4fLmYBMy7rtmfKXgzdwP70ar7U9Sy/view?usp=drivesdk,10.11591/edulearn.v19i4.23239,https://drive.google.com/file/d/1q3_4fLmYBMy7rtmfKXgzdwP70ar7U9Sy/preview,https://drive.google.com/file/d/1q3_4fLmYBMy7rtmfKXgzdwP70ar7U9Sy/view
1mwxTJQbiXpCeD5SZX4RvT9OqPK26n4Au,10.3389_feduc.2024.1441183.pdf,93234,2026-04-11T21:18:04.610Z,https://drive.google.com/file/d/1mwxTJQbiXpCeD5SZX4RvT9OqPK26n4Au/view?usp=drivesdk,10.3389/feduc.2024.1441183,https://drive.google.com/file/d/1mwxTJQbiXpCeD5SZX4RvT9OqPK26n4Au/preview,https://drive.google.com/file/d/1mwxTJQbiXpCeD5SZX4RvT9OqPK26n4Au/view
1IlWcAdZj-fkmZItZ_ylUikkqpGKcbUOI,10.22158_wjeh.v4n3p60.pdf,702424,2026-04-11T21:17:59.256Z,https://drive.google.com/file/d/1IlWcAdZj-fkmZItZ_ylUikkqpGKcbUOI/view?usp=drivesdk,10.22158/wjeh.v4n3p60,https://drive.google.com/file/d/1IlWcAdZj-fkmZItZ_ylUikkqpGKcbUOI/preview,https://drive.google.com/file/d/1IlWcAdZj-fkmZItZ_ylUikkqpGKcbUOI/view
1xcp8-b3DXfQDMsinmrsKCuvsH5B6006-,10.1007_978-3-031-37604-7_6.pdf,688162,2026-04-11T21:17:54.997Z,https://drive.google.com/file/d/1xcp8-b3DXfQDMsinmrsKCuvsH5B6006-/view?usp=drivesdk,10.1007/978-3-031-37604-7_6,https://drive.google.com/file/d/1xcp8-b3DXfQDMsinmrsKCuvsH5B6006-/preview,https://drive.google.com/file/d/1xcp8-b3DXfQDMsinmrsKCuvsH5B6006-/view
1XN0MKBrTOIqH77jrUzL95mgmijPs_Eg7,10.55927_mudima.v4i7.9034.pdf,400359,2026-04-11T21:17:49.731Z,https://drive.google.com/file/d/1XN0MKBrTOIqH77jrUzL95mgmijPs_Eg7/view?usp=drivesdk,10.55927/mudima.v4i7.9034,https://drive.google.com/file/d/1XN0MKBrTOIqH77jrUzL95mgmijPs_Eg7/preview,https://drive.google.com/file/d/1XN0MKBrTOIqH77jrUzL95mgmijPs_Eg7/view
1bK8HumNL8EhFpiQ39tuYk0DWfjv9kY3X,10.1007_978-3-031-47616-7.pdf,131738,2026-04-11T21:17:44.391Z,https://drive.google.com/file/d/1bK8HumNL8EhFpiQ39tuYk0DWfjv9kY3X/view?usp=drivesdk,10.1007/978-3-031-47616-7,https://drive.google.com/file/d/1bK8HumNL8EhFpiQ39tuYk0DWfjv9kY3X/preview,https://drive.google.com/file/d/1bK8HumNL8EhFpiQ39tuYk0DWfjv9kY3X/view
1l404t7fJeyJaJfUvk3u_TYvzRBnsD_1a,10.64093_sijis.v1i2.598.pdf,240871,2026-04-11T21:17:39.153Z,https://drive.google.com/file/d/1l404t7fJeyJaJfUvk3u_TYvzRBnsD_1a/view?usp=drivesdk,10.64093/sijis.v1i2.598,https://drive.google.com/file/d/1l404t7fJeyJaJfUvk3u_TYvzRBnsD_1a/preview,https://drive.google.com/file/d/1l404t7fJeyJaJfUvk3u_TYvzRBnsD_1a/view
13wLX_6Qb5mu8B20z20EkoMlAH6gVlHud,10.37745_bje.2013_vol13n23043.pdf,294700,2026-04-11T21:17:31.816Z,https://drive.google.com/file/d/13wLX_6Qb5mu8B20z20EkoMlAH6gVlHud/view?usp=drivesdk,10.37745/bje.2013_vol13n23043,https://drive.google.com/file/d/13wLX_6Qb5mu8B20z20EkoMlAH6gVlHud/preview,https://drive.google.com/file/d/13wLX_6Qb5mu8B20z20EkoMlAH6gVlHud/view
1-zCYvoXLbZfrgZxpyMmtY8E0LV0UpV8P,10.1186_s12912-025-03420-2.pdf,1558980,2026-04-11T21:17:19.893Z,https://drive.google.com/file/d/1-zCYvoXLbZfrgZxpyMmtY8E0LV0UpV8P/view?usp=drivesdk,10.1186/s12912-025-03420-2,https://drive.google.com/file/d/1-zCYvoXLbZfrgZxpyMmtY8E0LV0UpV8P/preview,https://drive.google.com/file/d/1-zCYvoXLbZfrgZxpyMmtY8E0LV0UpV8P/view
1m3oIKvTrKFZ4znnhDuWLW7yhapX6yQi3,10.32996_ijllt.2020.3.5.17.pdf,347329,2026-04-11T21:17:12.778Z,https://drive.google.com/file/d/1m3oIKvTrKFZ4znnhDuWLW7yhapX6yQi3/view?usp=drivesdk,10.32996/ijllt.2020.3.5.17,https://drive.google.com/file/d/1m3oIKvTrKFZ4znnhDuWLW7yhapX6yQi3/preview,https://drive.google.com/file/d/1m3oIKvTrKFZ4znnhDuWLW7yhapX6yQi3/view
13ZfhCm-Btq_URqyAEo10-FixP8sipqp-,10.15405_epes.23056.52.pdf,439817,2026-04-11T21:17:09.661Z,https://drive.google.com/file/d/13ZfhCm-Btq_URqyAEo10-FixP8sipqp-/view?usp=drivesdk,10.15405/epes.23056.52,https://drive.google.com/file/d/13ZfhCm-Btq_URqyAEo10-FixP8sipqp-/preview,https://drive.google.com/file/d/13ZfhCm-Btq_URqyAEo10-FixP8sipqp-/view
1iHvqsf4KFbbfHWIxbs7FOuZORgpAjorT,10.30574_wjarr.2023.20.3.2438.pdf,950039,2026-04-11T21:17:05.139Z,https://drive.google.com/file/d/1iHvqsf4KFbbfHWIxbs7FOuZORgpAjorT/view?usp=drivesdk,10.30574/wjarr.2023.20.3.2438,https://drive.google.com/file/d/1iHvqsf4KFbbfHWIxbs7FOuZORgpAjorT/preview,https://drive.google.com/file/d/1iHvqsf4KFbbfHWIxbs7FOuZORgpAjorT/view
1bwan4w67q2F98btOlUa3bt_OlrnNVlmv,10.70625_rlce_111.pdf,383171,2026-04-11T21:16:29.234Z,https://drive.google.com/file/d/1bwan4w67q2F98btOlUa3bt_OlrnNVlmv/view?usp=drivesdk,10.70625/rlce_111,https://drive.google.com/file/d/1bwan4w67q2F98btOlUa3bt_OlrnNVlmv/preview,https://drive.google.com/file/d/1bwan4w67q2F98btOlUa3bt_OlrnNVlmv/view
1LdxYuTwq7q0tEIogFV0qySUsmc2XkYAH,10.31703_gssr.2020(v-i).51.pdf,1008054,2026-04-11T21:16:25.767Z,https://drive.google.com/file/d/1LdxYuTwq7q0tEIogFV0qySUsmc2XkYAH/view?usp=drivesdk,10.31703/gssr.2020(v-i).51,https://drive.google.com/file/d/1LdxYuTwq7q0tEIogFV0qySUsmc2XkYAH/preview,https://drive.google.com/file/d/1LdxYuTwq7q0tEIogFV0qySUsmc2XkYAH/view
1vdeqJuLPg-GI9SuSXV43UHRNjHoi_Xog,10.36941_ajis-2025-0044.pdf,293624,2026-04-11T21:16:22.562Z,https://drive.google.com/file/d/1vdeqJuLPg-GI9SuSXV43UHRNjHoi_Xog/view?usp=drivesdk,10.36941/ajis-2025-0044,https://drive.google.com/file/d/1vdeqJuLPg-GI9SuSXV43UHRNjHoi_Xog/preview,https://drive.google.com/file/d/1vdeqJuLPg-GI9SuSXV43UHRNjHoi_Xog/view
1M_ac844WnqeT--C34gB59S-kZ7txPBPc,10.53894_ijirss.v8i1.4431.pdf,339889,2026-04-11T21:16:19.617Z,https://drive.google.com/file/d/1M_ac844WnqeT--C34gB59S-kZ7txPBPc/view?usp=drivesdk,10.53894/ijirss.v8i1.4431,https://drive.google.com/file/d/1M_ac844WnqeT--C34gB59S-kZ7txPBPc/preview,https://drive.google.com/file/d/1M_ac844WnqeT--C34gB59S-kZ7txPBPc/view
1YmuKfwD5ILDHZZF8WdLqrIdrvwqejHNm,10.5038_2577-509x.5.1.1027.pdf,451971,2026-04-11T21:16:16.860Z,https://drive.google.com/file/d/1YmuKfwD5ILDHZZF8WdLqrIdrvwqejHNm/view?usp=drivesdk,10.5038/2577-509x.5.1.1027,https://drive.google.com/file/d/1YmuKfwD5ILDHZZF8WdLqrIdrvwqejHNm/preview,https://drive.google.com/file/d/1YmuKfwD5ILDHZZF8WdLqrIdrvwqejHNm/view
1owAEjtxeM1G6zoctZG2nfXQYvOisdfBw,10.36948_ijfmr.2024.v06i04.25420.pdf,332946,2026-04-11T21:16:14.109Z,https://drive.google.com/file/d/1owAEjtxeM1G6zoctZG2nfXQYvOisdfBw/view?usp=drivesdk,10.36948/ijfmr.2024.v06i04.25420,https://drive.google.com/file/d/1owAEjtxeM1G6zoctZG2nfXQYvOisdfBw/preview,https://drive.google.com/file/d/1owAEjtxeM1G6zoctZG2nfXQYvOisdfBw/view
1TZ1CX6W3OcuWzmXtull9uVfoYRm9Zhif,10.18860_egalita.v15i2.10805.pdf,898924,2026-04-11T21:16:10.078Z,https://drive.google.com/file/d/1TZ1CX6W3OcuWzmXtull9uVfoYRm9Zhif/view?usp=drivesdk,10.18860/egalita.v15i2.10805,https://drive.google.com/file/d/1TZ1CX6W3OcuWzmXtull9uVfoYRm9Zhif/preview,https://drive.google.com/file/d/1TZ1CX6W3OcuWzmXtull9uVfoYRm9Zhif/view
1dMKo28fEF0UT65xeCw73qsJRaG3MAz6b,10.3389_feduc.2020.00052.pdf,557898,2026-04-11T21:16:02.715Z,https://drive.google.com/file/d/1dMKo28fEF0UT65xeCw73qsJRaG3MAz6b/view?usp=drivesdk,10.3389/feduc.2020.00052,https://drive.google.com/file/d/1dMKo28fEF0UT65xeCw73qsJRaG3MAz6b/preview,https://drive.google.com/file/d/1dMKo28fEF0UT65xeCw73qsJRaG3MAz6b/view
17lKwF-tCrC8YGDqXvisvmutmUiq0kUzs,10.3389_fpsyg.2023.1280038.pdf,466535,2026-04-11T21:15:58.036Z,https://drive.google.com/file/d/17lKwF-tCrC8YGDqXvisvmutmUiq0kUzs/view?usp=drivesdk,10.3389/fpsyg.2023.1280038,https://drive.google.com/file/d/17lKwF-tCrC8YGDqXvisvmutmUiq0kUzs/preview,https://drive.google.com/file/d/17lKwF-tCrC8YGDqXvisvmutmUiq0kUzs/view
1bxdoIt92fkSqYkDhg6O_pOdLWOfLvJyV,10.47175_rielsj.v5i2.1005.pdf,692719,2026-04-11T21:15:54.936Z,https://drive.google.com/file/d/1bxdoIt92fkSqYkDhg6O_pOdLWOfLvJyV/view?usp=drivesdk,10.47175/rielsj.v5i2.1005,https://drive.google.com/file/d/1bxdoIt92fkSqYkDhg6O_pOdLWOfLvJyV/preview,https://drive.google.com/file/d/1bxdoIt92fkSqYkDhg6O_pOdLWOfLvJyV/view
1GHNm3kb0AqpZNOrucXL22deHbA3lzG5W,10.24331_ijere.676915.pdf,1777246,2026-04-11T21:15:49.761Z,https://drive.google.com/file/d/1GHNm3kb0AqpZNOrucXL22deHbA3lzG5W/view?usp=drivesdk,10.24331/ijere.676915,https://drive.google.com/file/d/1GHNm3kb0AqpZNOrucXL22deHbA3lzG5W/preview,https://drive.google.com/file/d/1GHNm3kb0AqpZNOrucXL22deHbA3lzG5W/view
1Mp25PDDxD6tC0I3wswITOB9szEZn58S2,10.52296_vje.2021.54.pdf,334975,2026-04-11T21:15:44.363Z,https://drive.google.com/file/d/1Mp25PDDxD6tC0I3wswITOB9szEZn58S2/view?usp=drivesdk,10.52296/vje.2021.54,https://drive.google.com/file/d/1Mp25PDDxD6tC0I3wswITOB9szEZn58S2/preview,https://drive.google.com/file/d/1Mp25PDDxD6tC0I3wswITOB9szEZn58S2/view
1ELsfu2xbGQxdbdwvOShH3OL4jVe2IknU,10.33122_ejeset.v4i1.100.pdf,458828,2026-04-11T21:15:36.875Z,https://drive.google.com/file/d/1ELsfu2xbGQxdbdwvOShH3OL4jVe2IknU/view?usp=drivesdk,10.33122/ejeset.v4i1.100,https://drive.google.com/file/d/1ELsfu2xbGQxdbdwvOShH3OL4jVe2IknU/preview,https://drive.google.com/file/d/1ELsfu2xbGQxdbdwvOShH3OL4jVe2IknU/view
1J2NH52KmzybnepzrltBRYFzDAkwzYrJC,10.60027_jelr.2024.793.pdf,842024,2026-04-11T21:15:29.520Z,https://drive.google.com/file/d/1J2NH52KmzybnepzrltBRYFzDAkwzYrJC/view?usp=drivesdk,10.60027/jelr.2024.793,https://drive.google.com/file/d/1J2NH52KmzybnepzrltBRYFzDAkwzYrJC/preview,https://drive.google.com/file/d/1J2NH52KmzybnepzrltBRYFzDAkwzYrJC/view
1rgZbLad9STZQDAnoBnUNPvp5cDhJiWI7,10.63283_54wxa275.pdf,723243,2026-04-11T21:15:24.806Z,https://drive.google.com/file/d/1rgZbLad9STZQDAnoBnUNPvp5cDhJiWI7/view?usp=drivesdk,10.63283/54wxa275,https://drive.google.com/file/d/1rgZbLad9STZQDAnoBnUNPvp5cDhJiWI7/preview,https://drive.google.com/file/d/1rgZbLad9STZQDAnoBnUNPvp5cDhJiWI7/view
1__YeAZOl2yxwRYMQngzJ8xG0jqcflwWg,10.33193_ejhas.7.2023.244.pdf,603979,2026-04-11T21:15:13.261Z,https://drive.google.com/file/d/1__YeAZOl2yxwRYMQngzJ8xG0jqcflwWg/view?usp=drivesdk,10.33193/ejhas.7.2023.244,https://drive.google.com/file/d/1__YeAZOl2yxwRYMQngzJ8xG0jqcflwWg/preview,https://drive.google.com/file/d/1__YeAZOl2yxwRYMQngzJ8xG0jqcflwWg/view
1gvdszwblP7dMYDAkGwnyO69wTBagXTSv,10.1007_s12630-020-01738-w.pdf,451006,2026-04-11T21:15:04.632Z,https://drive.google.com/file/d/1gvdszwblP7dMYDAkGwnyO69wTBagXTSv/view?usp=drivesdk,10.1007/s12630-020-01738-w,https://drive.google.com/file/d/1gvdszwblP7dMYDAkGwnyO69wTBagXTSv/preview,https://drive.google.com/file/d/1gvdszwblP7dMYDAkGwnyO69wTBagXTSv/view
1nlDMHFzvPajNrqYRy9zxP6lzcRAlRc6x,10.3389_feduc.2023.1201698.pdf,149895,2026-04-11T21:14:58.620Z,https://drive.google.com/file/d/1nlDMHFzvPajNrqYRy9zxP6lzcRAlRc6x/view?usp=drivesdk,10.3389/feduc.2023.1201698,https://drive.google.com/file/d/1nlDMHFzvPajNrqYRy9zxP6lzcRAlRc6x/preview,https://drive.google.com/file/d/1nlDMHFzvPajNrqYRy9zxP6lzcRAlRc6x/view
1tospXAxTQtqEjfFzbH-8IcIcG0a4a2-9,10.1371_journal.pone.0291278.pdf,704899,2026-04-11T21:14:52.856Z,https://drive.google.com/file/d/1tospXAxTQtqEjfFzbH-8IcIcG0a4a2-9/view?usp=drivesdk,10.1371/journal.pone.0291278,https://drive.google.com/file/d/1tospXAxTQtqEjfFzbH-8IcIcG0a4a2-9/preview,https://drive.google.com/file/d/1tospXAxTQtqEjfFzbH-8IcIcG0a4a2-9/view
1nAU5RinQClE7ttMnk3P-YncluYe47Mat,10.1177_1741143219896053.pdf,3055613,2026-04-11T21:14:51.065Z,https://drive.google.com/file/d/1nAU5RinQClE7ttMnk3P-YncluYe47Mat/view?usp=drivesdk,10.1177/1741143219896053,https://drive.google.com/file/d/1nAU5RinQClE7ttMnk3P-YncluYe47Mat/preview,https://drive.google.com/file/d/1nAU5RinQClE7ttMnk3P-YncluYe47Mat/view
1jOiDou12gFCbAUPFnOt9EhPFmlGinayF,10.35335_jiph.v11i3.24.pdf,439354,2026-04-11T21:14:42.852Z,https://drive.google.com/file/d/1jOiDou12gFCbAUPFnOt9EhPFmlGinayF/view?usp=drivesdk,10.35335/jiph.v11i3.24,https://drive.google.com/file/d/1jOiDou12gFCbAUPFnOt9EhPFmlGinayF/preview,https://drive.google.com/file/d/1jOiDou12gFCbAUPFnOt9EhPFmlGinayF/view
1A2szacJ9jP5H0bFEzqucMfyLUJqLX9IC,10.37231_jmtp.2021.2.2.105.pdf,359240,2026-04-11T21:14:36.263Z,https://drive.google.com/file/d/1A2szacJ9jP5H0bFEzqucMfyLUJqLX9IC/view?usp=drivesdk,10.37231/jmtp.2021.2.2.105,https://drive.google.com/file/d/1A2szacJ9jP5H0bFEzqucMfyLUJqLX9IC/preview,https://drive.google.com/file/d/1A2szacJ9jP5H0bFEzqucMfyLUJqLX9IC/view
1DByhBfv2HAOyJnd2hKRIPMkuEjSktEXM,10.3389_feduc.2022.982952.pdf,713627,2026-04-11T21:14:30.718Z,https://drive.google.com/file/d/1DByhBfv2HAOyJnd2hKRIPMkuEjSktEXM/view?usp=drivesdk,10.3389/feduc.2022.982952,https://drive.google.com/file/d/1DByhBfv2HAOyJnd2hKRIPMkuEjSktEXM/preview,https://drive.google.com/file/d/1DByhBfv2HAOyJnd2hKRIPMkuEjSktEXM/view
19a5fbHm1-39_NvA4e542XpV43Gto61o7,10.1007_978-3-031-38890-3.pdf,236994,2026-04-11T21:14:27.909Z,https://drive.google.com/file/d/19a5fbHm1-39_NvA4e542XpV43Gto61o7/view?usp=drivesdk,10.1007/978-3-031-38890-3,https://drive.google.com/file/d/19a5fbHm1-39_NvA4e542XpV43Gto61o7/preview,https://drive.google.com/file/d/19a5fbHm1-39_NvA4e542XpV43Gto61o7/view
1CYlgN8mtVjPcsvx7_M4C26brQwqyry9Y,10.4108_eai.20-9-2022.2324591.pdf,323270,2026-04-11T21:13:50.482Z,https://drive.google.com/file/d/1CYlgN8mtVjPcsvx7_M4C26brQwqyry9Y/view?usp=drivesdk,10.4108/eai.20-9-2022.2324591,https://drive.google.com/file/d/1CYlgN8mtVjPcsvx7_M4C26brQwqyry9Y/preview,https://drive.google.com/file/d/1CYlgN8mtVjPcsvx7_M4C26brQwqyry9Y/view
1wludfDGwX0Bpo0yKdpfjcXlVwaFAPAPp,10.1007_978-3-031-37604-7_4.pdf,698335,2026-04-11T21:13:44.289Z,https://drive.google.com/file/d/1wludfDGwX0Bpo0yKdpfjcXlVwaFAPAPp/view?usp=drivesdk,10.1007/978-3-031-37604-7_4,https://drive.google.com/file/d/1wludfDGwX0Bpo0yKdpfjcXlVwaFAPAPp/preview,https://drive.google.com/file/d/1wludfDGwX0Bpo0yKdpfjcXlVwaFAPAPp/view
1gJ3bgEsH5IDBEubFmlEU8BvsmmAwkeis,10.35723_ajie.v8i1.339.pdf,443133,2026-04-11T21:13:36.084Z,https://drive.google.com/file/d/1gJ3bgEsH5IDBEubFmlEU8BvsmmAwkeis/view?usp=drivesdk,10.35723/ajie.v8i1.339,https://drive.google.com/file/d/1gJ3bgEsH5IDBEubFmlEU8BvsmmAwkeis/preview,https://drive.google.com/file/d/1gJ3bgEsH5IDBEubFmlEU8BvsmmAwkeis/view
1ITnPissHHQivtja1lmmlU_RTqe9Y6Cyh,10.29173_iasl8023.pdf,104208,2026-04-11T21:12:59.266Z,https://drive.google.com/file/d/1ITnPissHHQivtja1lmmlU_RTqe9Y6Cyh/view?usp=drivesdk,10.29173/iasl8023,https://drive.google.com/file/d/1ITnPissHHQivtja1lmmlU_RTqe9Y6Cyh/preview,https://drive.google.com/file/d/1ITnPissHHQivtja1lmmlU_RTqe9Y6Cyh/view
1Aj2NPtlPUrNh7FUTY14Za2EAwLilMjRI,10.5430_wje.v13n4p16.pdf,195554,2026-04-11T21:12:55.819Z,https://drive.google.com/file/d/1Aj2NPtlPUrNh7FUTY14Za2EAwLilMjRI/view?usp=drivesdk,10.5430/wje.v13n4p16,https://drive.google.com/file/d/1Aj2NPtlPUrNh7FUTY14Za2EAwLilMjRI/preview,https://drive.google.com/file/d/1Aj2NPtlPUrNh7FUTY14Za2EAwLilMjRI/view
1poKKqeilcMBaPZZkI0gKM0CB6VKGwipP,10.3389_feduc.2022.983807.pdf,1068938,2026-04-11T21:12:20.331Z,https://drive.google.com/file/d/1poKKqeilcMBaPZZkI0gKM0CB6VKGwipP/view?usp=drivesdk,10.3389/feduc.2022.983807,https://drive.google.com/file/d/1poKKqeilcMBaPZZkI0gKM0CB6VKGwipP/preview,https://drive.google.com/file/d/1poKKqeilcMBaPZZkI0gKM0CB6VKGwipP/view
1bJRxA-gcTE2ps0BHEMNDmL4SMPBQDQFD,10.35484_pssr.2021(5-iv)37.pdf,166315,2026-04-11T21:12:16.250Z,https://drive.google.com/file/d/1bJRxA-gcTE2ps0BHEMNDmL4SMPBQDQFD/view?usp=drivesdk,10.35484/pssr.2021(5-iv)37,https://drive.google.com/file/d/1bJRxA-gcTE2ps0BHEMNDmL4SMPBQDQFD/preview,https://drive.google.com/file/d/1bJRxA-gcTE2ps0BHEMNDmL4SMPBQDQFD/view
1jRKx-DrEoNzlqmaxLRbumhIFQNWWodjd,10.7176_jep_12-9-14.pdf,510729,2026-04-11T21:12:08.813Z,https://drive.google.com/file/d/1jRKx-DrEoNzlqmaxLRbumhIFQNWWodjd/view?usp=drivesdk,10.7176/jep_12-9-14,https://drive.google.com/file/d/1jRKx-DrEoNzlqmaxLRbumhIFQNWWodjd/preview,https://drive.google.com/file/d/1jRKx-DrEoNzlqmaxLRbumhIFQNWWodjd/view
1saAWlvfHMB4vpaSbuecR8To829Y9PkVC,10.1007_978-3-031-37604-7_10.pdf,492384,2026-04-11T21:12:06.212Z,https://drive.google.com/file/d/1saAWlvfHMB4vpaSbuecR8To829Y9PkVC/view?usp=drivesdk,10.1007/978-3-031-37604-7_10,https://drive.google.com/file/d/1saAWlvfHMB4vpaSbuecR8To829Y9PkVC/preview,https://drive.google.com/file/d/1saAWlvfHMB4vpaSbuecR8To829Y9PkVC/view
1B31yTcF4sQStFWVqaSjJTOoBMrbOJej0,10.7176_jep_11-31-04.pdf,218600,2026-04-11T21:11:56.047Z,https://drive.google.com/file/d/1B31yTcF4sQStFWVqaSjJTOoBMrbOJej0/view?usp=drivesdk,10.7176/jep_11-31-04,https://drive.google.com/file/d/1B31yTcF4sQStFWVqaSjJTOoBMrbOJej0/preview,https://drive.google.com/file/d/1B31yTcF4sQStFWVqaSjJTOoBMrbOJej0/view
1tXTwIoGJJivU-Kfj3PbOatABAHzRIdUF,10.3389_feduc.2020.614641.pdf,331393,2026-04-11T21:11:53.424Z,https://drive.google.com/file/d/1tXTwIoGJJivU-Kfj3PbOatABAHzRIdUF/view?usp=drivesdk,10.3389/feduc.2020.614641,https://drive.google.com/file/d/1tXTwIoGJJivU-Kfj3PbOatABAHzRIdUF/preview,https://drive.google.com/file/d/1tXTwIoGJJivU-Kfj3PbOatABAHzRIdUF/view
1JRzwbxbd1MJ24xQAQIdcYq4_0Eg22VAg,10.18662_rrem_12.3_311.pdf,499398,2026-04-11T21:11:50.190Z,https://drive.google.com/file/d/1JRzwbxbd1MJ24xQAQIdcYq4_0Eg22VAg/view?usp=drivesdk,10.18662/rrem_12.3_311,https://drive.google.com/file/d/1JRzwbxbd1MJ24xQAQIdcYq4_0Eg22VAg/preview,https://drive.google.com/file/d/1JRzwbxbd1MJ24xQAQIdcYq4_0Eg22VAg/view
1PB2f0uoOdKpzh-uT_UCzE_mShSG9g5ij,10.59141_jrssem.v3i5.301.pdf,627661,2026-04-11T21:11:46.861Z,https://drive.google.com/file/d/1PB2f0uoOdKpzh-uT_UCzE_mShSG9g5ij/view?usp=drivesdk,10.59141/jrssem.v3i5.301,https://drive.google.com/file/d/1PB2f0uoOdKpzh-uT_UCzE_mShSG9g5ij/preview,https://drive.google.com/file/d/1PB2f0uoOdKpzh-uT_UCzE_mShSG9g5ij/view
1zHmFHM0L4TlkhL9mkbn7h8w7ddOcutMm,10.31004_obsesi.v5i1.513.pdf,463686,2026-04-11T21:11:39.566Z,https://drive.google.com/file/d/1zHmFHM0L4TlkhL9mkbn7h8w7ddOcutMm/view?usp=drivesdk,10.31004/obsesi.v5i1.513,https://drive.google.com/file/d/1zHmFHM0L4TlkhL9mkbn7h8w7ddOcutMm/preview,https://drive.google.com/file/d/1zHmFHM0L4TlkhL9mkbn7h8w7ddOcutMm/view
1WgTtc85k9lHtoZcXmtq1DJTfAkhqotGc,10.47750_cibg.2021.27.03.081.pdf,175761,2026-04-11T21:11:33.896Z,https://drive.google.com/file/d/1WgTtc85k9lHtoZcXmtq1DJTfAkhqotGc/view?usp=drivesdk,10.47750/cibg.2021.27.03.081,https://drive.google.com/file/d/1WgTtc85k9lHtoZcXmtq1DJTfAkhqotGc/preview,https://drive.google.com/file/d/1WgTtc85k9lHtoZcXmtq1DJTfAkhqotGc/view
1Mpw5BB8j9ucQhkkc0FhmMvTsgePZ_Wlw,10.21093_di.v21i2.3716.pdf,434189,2026-04-11T21:10:56.273Z,https://drive.google.com/file/d/1Mpw5BB8j9ucQhkkc0FhmMvTsgePZ_Wlw/view?usp=drivesdk,10.21093/di.v21i2.3716,https://drive.google.com/file/d/1Mpw5BB8j9ucQhkkc0FhmMvTsgePZ_Wlw/preview,https://drive.google.com/file/d/1Mpw5BB8j9ucQhkkc0FhmMvTsgePZ_Wlw/view
1tdQASSQYpPAfvvrbQCYb3lEwk1G0Xx_s,10.53761_3asbn592.pdf,565860,2026-04-11T21:10:50.272Z,https://drive.google.com/file/d/1tdQASSQYpPAfvvrbQCYb3lEwk1G0Xx_s/view?usp=drivesdk,10.53761/3asbn592,https://drive.google.com/file/d/1tdQASSQYpPAfvvrbQCYb3lEwk1G0Xx_s/preview,https://drive.google.com/file/d/1tdQASSQYpPAfvvrbQCYb3lEwk1G0Xx_s/view
1IDo_u1oEg6suPilwm8t7axKyXjlsJTcq,10.1111_ejed.12636.pdf,770029,2026-04-11T21:10:19.910Z,https://drive.google.com/file/d/1IDo_u1oEg6suPilwm8t7axKyXjlsJTcq/view?usp=drivesdk,10.1111/ejed.12636,https://drive.google.com/file/d/1IDo_u1oEg6suPilwm8t7axKyXjlsJTcq/preview,https://drive.google.com/file/d/1IDo_u1oEg6suPilwm8t7axKyXjlsJTcq/view
1DWVclSVwc9qKjVH-_6cI61ifm9kBG1uQ,10.1186_s12909-025-07269-6.pdf,1204597,2026-04-11T21:10:14.340Z,https://drive.google.com/file/d/1DWVclSVwc9qKjVH-_6cI61ifm9kBG1uQ/view?usp=drivesdk,10.1186/s12909-025-07269-6,https://drive.google.com/file/d/1DWVclSVwc9qKjVH-_6cI61ifm9kBG1uQ/preview,https://drive.google.com/file/d/1DWVclSVwc9qKjVH-_6cI61ifm9kBG1uQ/view
1ZD3z1-05YmPYyrIRskB-zUHqtLMvRTb1,10.47772_ijriss.2021.5111.pdf,537124,2026-04-11T21:10:09.621Z,https://drive.google.com/file/d/1ZD3z1-05YmPYyrIRskB-zUHqtLMvRTb1/view?usp=drivesdk,10.47772/ijriss.2021.5111,https://drive.google.com/file/d/1ZD3z1-05YmPYyrIRskB-zUHqtLMvRTb1/preview,https://drive.google.com/file/d/1ZD3z1-05YmPYyrIRskB-zUHqtLMvRTb1/view
1VqELS3GjxsoxbWvwpLPkHC4yOsfGLswt,10.35723_ajie.v7i2.402.pdf,225540,2026-04-11T21:10:03.845Z,https://drive.google.com/file/d/1VqELS3GjxsoxbWvwpLPkHC4yOsfGLswt/view?usp=drivesdk,10.35723/ajie.v7i2.402,https://drive.google.com/file/d/1VqELS3GjxsoxbWvwpLPkHC4yOsfGLswt/preview,https://drive.google.com/file/d/1VqELS3GjxsoxbWvwpLPkHC4yOsfGLswt/view
1MvN9ayauVKYSmBdxWyfbTGKhM3peuH6I,10.1177_17411432241294171.pdf,904245,2026-04-11T21:09:47.464Z,https://drive.google.com/file/d/1MvN9ayauVKYSmBdxWyfbTGKhM3peuH6I/view?usp=drivesdk,10.1177/17411432241294171,https://drive.google.com/file/d/1MvN9ayauVKYSmBdxWyfbTGKhM3peuH6I/preview,https://drive.google.com/file/d/1MvN9ayauVKYSmBdxWyfbTGKhM3peuH6I/view
1O6IjvoGgEV0vFY4bYN8U6FUg2IZ0ilww,10.26907_esd.18.4.04.pdf,928651,2026-04-11T21:09:41.186Z,https://drive.google.com/file/d/1O6IjvoGgEV0vFY4bYN8U6FUg2IZ0ilww/view?usp=drivesdk,10.26907/esd.18.4.04,https://drive.google.com/file/d/1O6IjvoGgEV0vFY4bYN8U6FUg2IZ0ilww/preview,https://drive.google.com/file/d/1O6IjvoGgEV0vFY4bYN8U6FUg2IZ0ilww/view
1ctyFeosx9lk3HYtcK9Tu6zmvAQqoHJYA,10.18844_cerj.v10i3.4968.pdf,460162,2026-04-11T21:09:37.289Z,https://drive.google.com/file/d/1ctyFeosx9lk3HYtcK9Tu6zmvAQqoHJYA/view?usp=drivesdk,10.18844/cerj.v10i3.4968,https://drive.google.com/file/d/1ctyFeosx9lk3HYtcK9Tu6zmvAQqoHJYA/preview,https://drive.google.com/file/d/1ctyFeosx9lk3HYtcK9Tu6zmvAQqoHJYA/view
1XQdMLL4lzA4OWgVgHjXUMTCGDNy-4sS6,10.54097_jeer.v2i1.5416.pdf,194402,2026-04-11T21:09:32.873Z,https://drive.google.com/file/d/1XQdMLL4lzA4OWgVgHjXUMTCGDNy-4sS6/view?usp=drivesdk,10.54097/jeer.v2i1.5416,https://drive.google.com/file/d/1XQdMLL4lzA4OWgVgHjXUMTCGDNy-4sS6/preview,https://drive.google.com/file/d/1XQdMLL4lzA4OWgVgHjXUMTCGDNy-4sS6/view
18O--YNYdn4fYOzOlp6im18NQ-wkT1vxe,10.51276_edu.v4i2.411.pdf,201994,2026-04-11T21:09:29.861Z,https://drive.google.com/file/d/18O--YNYdn4fYOzOlp6im18NQ-wkT1vxe/view?usp=drivesdk,10.51276/edu.v4i2.411,https://drive.google.com/file/d/18O--YNYdn4fYOzOlp6im18NQ-wkT1vxe/preview,https://drive.google.com/file/d/18O--YNYdn4fYOzOlp6im18NQ-wkT1vxe/view
18Lp5PLWT-t_E8_jcfckVotnZq7jDA8bU,10.52223_jess.2024.5225.pdf,655541,2026-04-11T21:09:23.161Z,https://drive.google.com/file/d/18Lp5PLWT-t_E8_jcfckVotnZq7jDA8bU/view?usp=drivesdk,10.52223/jess.2024.5225,https://drive.google.com/file/d/18Lp5PLWT-t_E8_jcfckVotnZq7jDA8bU/preview,https://drive.google.com/file/d/18Lp5PLWT-t_E8_jcfckVotnZq7jDA8bU/view
1w4xkujT1SugcjuQ_GMveghrkOgiXFMnY,10.2478_atd-2020-0022.pdf,933136,2026-04-11T21:09:17.536Z,https://drive.google.com/file/d/1w4xkujT1SugcjuQ_GMveghrkOgiXFMnY/view?usp=drivesdk,10.2478/atd-2020-0022,https://drive.google.com/file/d/1w4xkujT1SugcjuQ_GMveghrkOgiXFMnY/preview,https://drive.google.com/file/d/1w4xkujT1SugcjuQ_GMveghrkOgiXFMnY/view
1f5c-hwt7kQz9dsaFfC5ivj8FNrx4pp48,10.30828_real.1421708.pdf,462917,2026-04-11T21:09:08.096Z,https://drive.google.com/file/d/1f5c-hwt7kQz9dsaFfC5ivj8FNrx4pp48/view?usp=drivesdk,10.30828/real.1421708,https://drive.google.com/file/d/1f5c-hwt7kQz9dsaFfC5ivj8FNrx4pp48/preview,https://drive.google.com/file/d/1f5c-hwt7kQz9dsaFfC5ivj8FNrx4pp48/view
1O-JVdo6P24s2oS86j7_vMcuqPaxAezrf,10.46303_repam.2020.8.pdf,809235,2026-04-11T21:09:01.634Z,https://drive.google.com/file/d/1O-JVdo6P24s2oS86j7_vMcuqPaxAezrf/view?usp=drivesdk,10.46303/repam.2020.8,https://drive.google.com/file/d/1O-JVdo6P24s2oS86j7_vMcuqPaxAezrf/preview,https://drive.google.com/file/d/1O-JVdo6P24s2oS86j7_vMcuqPaxAezrf/view
1lcM3TCtZuctfHT7g3zZ2FzI4oRcqe5Kz,10.28991_esj-2022-06-04-016.pdf,1120990,2026-04-11T21:08:38.648Z,https://drive.google.com/file/d/1lcM3TCtZuctfHT7g3zZ2FzI4oRcqe5Kz/view?usp=drivesdk,10.28991/esj-2022-06-04-016,https://drive.google.com/file/d/1lcM3TCtZuctfHT7g3zZ2FzI4oRcqe5Kz/preview,https://drive.google.com/file/d/1lcM3TCtZuctfHT7g3zZ2FzI4oRcqe5Kz/view
1OOng1N0wSQT_5TCVYQNU3ZcLWoaNpReX,10.4324_9781003130277.pdf,0,2026-04-11T21:08:31.946Z,https://drive.google.com/file/d/1OOng1N0wSQT_5TCVYQNU3ZcLWoaNpReX/view?usp=drivesdk,10.4324/9781003130277,https://drive.google.com/file/d/1OOng1N0wSQT_5TCVYQNU3ZcLWoaNpReX/preview,https://drive.google.com/file/d/1OOng1N0wSQT_5TCVYQNU3ZcLWoaNpReX/view
1ErMI6MX8XS1uG5QzuAi17rCvyX7RMH6a,10.1007_s41463-024-00181-z.pdf,1002812,2026-04-11T21:08:14.434Z,https://drive.google.com/file/d/1ErMI6MX8XS1uG5QzuAi17rCvyX7RMH6a/view?usp=drivesdk,10.1007/s41463-024-00181-z,https://drive.google.com/file/d/1ErMI6MX8XS1uG5QzuAi17rCvyX7RMH6a/preview,https://drive.google.com/file/d/1ErMI6MX8XS1uG5QzuAi17rCvyX7RMH6a/view
1MXMIoPwC5M3VRiVP1wrwNNeCxXlS9AL1,10.22329_jtl.v16i1.6830.pdf,114057,2026-04-11T21:08:07.581Z,https://drive.google.com/file/d/1MXMIoPwC5M3VRiVP1wrwNNeCxXlS9AL1/view?usp=drivesdk,10.22329/jtl.v16i1.6830,https://drive.google.com/file/d/1MXMIoPwC5M3VRiVP1wrwNNeCxXlS9AL1/preview,https://drive.google.com/file/d/1MXMIoPwC5M3VRiVP1wrwNNeCxXlS9AL1/view
12ZQWXox8W9HGnT3yGuKeIdpstsPXjhCm,10.28991_esj-2021-01286.pdf,1178187,2026-04-11T21:08:05.566Z,https://drive.google.com/file/d/12ZQWXox8W9HGnT3yGuKeIdpstsPXjhCm/view?usp=drivesdk,10.28991/esj-2021-01286,https://drive.google.com/file/d/12ZQWXox8W9HGnT3yGuKeIdpstsPXjhCm/preview,https://drive.google.com/file/d/12ZQWXox8W9HGnT3yGuKeIdpstsPXjhCm/view
1ON0lGDnj76Uo55a6tKsT-dFFZVpDajtm,10.1007_s43621-022-00072-z.pdf,717112,2026-04-11T21:07:30.017Z,https://drive.google.com/file/d/1ON0lGDnj76Uo55a6tKsT-dFFZVpDajtm/view?usp=drivesdk,10.1007/s43621-022-00072-z,https://drive.google.com/file/d/1ON0lGDnj76Uo55a6tKsT-dFFZVpDajtm/preview,https://drive.google.com/file/d/1ON0lGDnj76Uo55a6tKsT-dFFZVpDajtm/view
1LA4kV_lBTU8bplXfNQs2IyxE1PsnVCrg,10.1365_s42681-020-00016-z.pdf,792571,2026-04-11T21:07:25.629Z,https://drive.google.com/file/d/1LA4kV_lBTU8bplXfNQs2IyxE1PsnVCrg/view?usp=drivesdk,10.1365/s42681-020-00016-z,https://drive.google.com/file/d/1LA4kV_lBTU8bplXfNQs2IyxE1PsnVCrg/preview,https://drive.google.com/file/d/1LA4kV_lBTU8bplXfNQs2IyxE1PsnVCrg/view
1nUKowDT8LR7DJ1mwCPwCO57hryZtHjMX,10.24818_rmci.2021.1.74.pdf,360399,2026-04-11T21:07:21.667Z,https://drive.google.com/file/d/1nUKowDT8LR7DJ1mwCPwCO57hryZtHjMX/view?usp=drivesdk,10.24818/rmci.2021.1.74,https://drive.google.com/file/d/1nUKowDT8LR7DJ1mwCPwCO57hryZtHjMX/preview,https://drive.google.com/file/d/1nUKowDT8LR7DJ1mwCPwCO57hryZtHjMX/view
1Wtu5WoDAsgspAsiOGVHU19Wi0LjLsLE7,10.5038_2577-509x.4.2.1040.pdf,543699,2026-04-11T21:07:18.173Z,https://drive.google.com/file/d/1Wtu5WoDAsgspAsiOGVHU19Wi0LjLsLE7/view?usp=drivesdk,10.5038/2577-509x.4.2.1040,https://drive.google.com/file/d/1Wtu5WoDAsgspAsiOGVHU19Wi0LjLsLE7/preview,https://drive.google.com/file/d/1Wtu5WoDAsgspAsiOGVHU19Wi0LjLsLE7/view
1oZuMlSH8hIpMdxoxwioLdQXRMuhmic65,10.1186_s41239-025-00517-1.pdf,1243571,2026-04-11T21:07:14.177Z,https://drive.google.com/file/d/1oZuMlSH8hIpMdxoxwioLdQXRMuhmic65/view?usp=drivesdk,10.1186/s41239-025-00517-1,https://drive.google.com/file/d/1oZuMlSH8hIpMdxoxwioLdQXRMuhmic65/preview,https://drive.google.com/file/d/1oZuMlSH8hIpMdxoxwioLdQXRMuhmic65/view
1M-X6w4-Ao3ZMhuxX9kEYjsI1oAlK5Svs,10.1186_s12912-023-01254-4.pdf,1319460,2026-04-11T21:07:04.767Z,https://drive.google.com/file/d/1M-X6w4-Ao3ZMhuxX9kEYjsI1oAlK5Svs/view?usp=drivesdk,10.1186/s12912-023-01254-4,https://drive.google.com/file/d/1M-X6w4-Ao3ZMhuxX9kEYjsI1oAlK5Svs/preview,https://drive.google.com/file/d/1M-X6w4-Ao3ZMhuxX9kEYjsI1oAlK5Svs/view
1TUFpjMn9f18sLeFdHHzAYh7Q1c9jPvpH,10.30560_jems.v3n1p13.pdf,314815,2026-04-11T21:06:59.032Z,https://drive.google.com/file/d/1TUFpjMn9f18sLeFdHHzAYh7Q1c9jPvpH/view?usp=drivesdk,10.30560/jems.v3n1p13,https://drive.google.com/file/d/1TUFpjMn9f18sLeFdHHzAYh7Q1c9jPvpH/preview,https://drive.google.com/file/d/1TUFpjMn9f18sLeFdHHzAYh7Q1c9jPvpH/view
1o3Zpz6RhO734tuvktjcVUUU6L6jHdA3P,10.1080_13603124.2021.1972162.pdf,1514465,2026-04-11T21:06:53.724Z,https://drive.google.com/file/d/1o3Zpz6RhO734tuvktjcVUUU6L6jHdA3P/view?usp=drivesdk,10.1080/13603124.2021.1972162,https://drive.google.com/file/d/1o3Zpz6RhO734tuvktjcVUUU6L6jHdA3P/preview,https://drive.google.com/file/d/1o3Zpz6RhO734tuvktjcVUUU6L6jHdA3P/view
14dJ-qRr_xY0sC5fCloz37LMB3Ir6CI5w,10.28991_esj-2021-01252.pdf,1170165,2026-04-11T21:06:49.117Z,https://drive.google.com/file/d/14dJ-qRr_xY0sC5fCloz37LMB3Ir6CI5w/view?usp=drivesdk,10.28991/esj-2021-01252,https://drive.google.com/file/d/14dJ-qRr_xY0sC5fCloz37LMB3Ir6CI5w/preview,https://drive.google.com/file/d/14dJ-qRr_xY0sC5fCloz37LMB3Ir6CI5w/view
1UfA9utd0g7yqNf0f4t1z1iJSdpKU77cA,10.21423_awlj-v30.a303.pdf,146320,2026-04-11T21:06:41.558Z,https://drive.google.com/file/d/1UfA9utd0g7yqNf0f4t1z1iJSdpKU77cA/view?usp=drivesdk,10.21423/awlj-v30.a303,https://drive.google.com/file/d/1UfA9utd0g7yqNf0f4t1z1iJSdpKU77cA/preview,https://drive.google.com/file/d/1UfA9utd0g7yqNf0f4t1z1iJSdpKU77cA/view
139i-1vwIpaSSYK_tMLmiTqzdSKS-aYaQ,10.1007_978-3-030-99097-8.pdf,332092,2026-04-11T21:06:31.521Z,https://drive.google.com/file/d/139i-1vwIpaSSYK_tMLmiTqzdSKS-aYaQ/view?usp=drivesdk,10.1007/978-3-030-99097-8,https://drive.google.com/file/d/139i-1vwIpaSSYK_tMLmiTqzdSKS-aYaQ/preview,https://drive.google.com/file/d/139i-1vwIpaSSYK_tMLmiTqzdSKS-aYaQ/view
11JqDS4xhI5aLSj1fUbcZOArn5YAr9U0X,10.1080_00131911.2021.1944494.pdf,280456,2026-04-11T21:06:25.326Z,https://drive.google.com/file/d/11JqDS4xhI5aLSj1fUbcZOArn5YAr9U0X/view?usp=drivesdk,10.1080/00131911.2021.1944494,https://drive.google.com/file/d/11JqDS4xhI5aLSj1fUbcZOArn5YAr9U0X/preview,https://drive.google.com/file/d/11JqDS4xhI5aLSj1fUbcZOArn5YAr9U0X/view
1dC6ol5ICvWsQlX2dIY69yHHLRWx6KdN-,10.17275_per.22.20.9.1.pdf,574859,2026-04-11T21:06:21.878Z,https://drive.google.com/file/d/1dC6ol5ICvWsQlX2dIY69yHHLRWx6KdN-/view?usp=drivesdk,10.17275/per.22.20.9.1,https://drive.google.com/file/d/1dC6ol5ICvWsQlX2dIY69yHHLRWx6KdN-/preview,https://drive.google.com/file/d/1dC6ol5ICvWsQlX2dIY69yHHLRWx6KdN-/view
1FhKPLqkp6UxMpX81-kjaPAIjmtdlcvkW,10.4324_9781003360070-12.pdf,17140,2026-04-11T21:06:17.465Z,https://drive.google.com/file/d/1FhKPLqkp6UxMpX81-kjaPAIjmtdlcvkW/view?usp=drivesdk,10.4324/9781003360070-12,https://drive.google.com/file/d/1FhKPLqkp6UxMpX81-kjaPAIjmtdlcvkW/preview,https://drive.google.com/file/d/1FhKPLqkp6UxMpX81-kjaPAIjmtdlcvkW/view
1bavOkIN-8UtK3piZ_hg87dD1L6q4o61r,10.32873_unl.dc.jwel.pdf,395644,2026-04-11T21:06:10.525Z,https://drive.google.com/file/d/1bavOkIN-8UtK3piZ_hg87dD1L6q4o61r/view?usp=drivesdk,10.32873/unl.dc.jwel,https://drive.google.com/file/d/1bavOkIN-8UtK3piZ_hg87dD1L6q4o61r/preview,https://drive.google.com/file/d/1bavOkIN-8UtK3piZ_hg87dD1L6q4o61r/view
1Cni6c7JANBT9glSWt89t7djnsNaQnTgJ,10.1177_08920206231177375.pdf,1817,2026-04-11T21:06:03.259Z,https://drive.google.com/file/d/1Cni6c7JANBT9glSWt89t7djnsNaQnTgJ/view?usp=drivesdk,10.1177/08920206231177375,https://drive.google.com/file/d/1Cni6c7JANBT9glSWt89t7djnsNaQnTgJ/preview,https://drive.google.com/file/d/1Cni6c7JANBT9glSWt89t7djnsNaQnTgJ/view
1-sH2wGioM0uq48qVEP687ZG8n36X_bdt,10.22633_rpge.v24i2.13255.pdf,244235,2026-04-11T21:06:00.844Z,https://drive.google.com/file/d/1-sH2wGioM0uq48qVEP687ZG8n36X_bdt/view?usp=drivesdk,10.22633/rpge.v24i2.13255,https://drive.google.com/file/d/1-sH2wGioM0uq48qVEP687ZG8n36X_bdt/preview,https://drive.google.com/file/d/1-sH2wGioM0uq48qVEP687ZG8n36X_bdt/view
19W7HHB3rztg1MTu3Ukbgq8gvsjoD2GRz,10.1371_journal.pone.0227519.pdf,573165,2026-04-11T21:05:24.331Z,https://drive.google.com/file/d/19W7HHB3rztg1MTu3Ukbgq8gvsjoD2GRz/view?usp=drivesdk,10.1371/journal.pone.0227519,https://drive.google.com/file/d/19W7HHB3rztg1MTu3Ukbgq8gvsjoD2GRz/preview,https://drive.google.com/file/d/19W7HHB3rztg1MTu3Ukbgq8gvsjoD2GRz/view
1V8ILKA4OrxwL8BDTI95YT5irCkXtOaCH,10.36941_ajis-2021-0053.pdf,411437,2026-04-11T21:05:22.339Z,https://drive.google.com/file/d/1V8ILKA4OrxwL8BDTI95YT5irCkXtOaCH/view?usp=drivesdk,10.36941/ajis-2021-0053,https://drive.google.com/file/d/1V8ILKA4OrxwL8BDTI95YT5irCkXtOaCH/preview,https://drive.google.com/file/d/1V8ILKA4OrxwL8BDTI95YT5irCkXtOaCH/view
1wL0FUu-o9llAtyuRareidqMsnvHlTog7,10.47577_tssj.v50i1.9932.pdf,1478982,2026-04-11T21:05:18.772Z,https://drive.google.com/file/d/1wL0FUu-o9llAtyuRareidqMsnvHlTog7/view?usp=drivesdk,10.47577/tssj.v50i1.9932,https://drive.google.com/file/d/1wL0FUu-o9llAtyuRareidqMsnvHlTog7/preview,https://drive.google.com/file/d/1wL0FUu-o9llAtyuRareidqMsnvHlTog7/view
1wRUqA2SIMdMmaLYmcP--GxT5D6P56DgQ,10.21070_ijemd.v14i.589.pdf,320905,2026-04-11T21:05:12.413Z,https://drive.google.com/file/d/1wRUqA2SIMdMmaLYmcP--GxT5D6P56DgQ/view?usp=drivesdk,10.21070/ijemd.v14i.589,https://drive.google.com/file/d/1wRUqA2SIMdMmaLYmcP--GxT5D6P56DgQ/preview,https://drive.google.com/file/d/1wRUqA2SIMdMmaLYmcP--GxT5D6P56DgQ/view
13AjtvOg1pFzMLbd2c00zkKYPr2R5x_kT,10.17478_jegys.1012179.pdf,496682,2026-04-11T21:05:06.360Z,https://drive.google.com/file/d/13AjtvOg1pFzMLbd2c00zkKYPr2R5x_kT/view?usp=drivesdk,10.17478/jegys.1012179,https://drive.google.com/file/d/13AjtvOg1pFzMLbd2c00zkKYPr2R5x_kT/preview,https://drive.google.com/file/d/13AjtvOg1pFzMLbd2c00zkKYPr2R5x_kT/view
14_2ATfRsx4kHjviBO4NOdHnEsRqw_jPX,10.46303_ressat.2022.3.pdf,1562913,2026-04-11T21:04:55.035Z,https://drive.google.com/file/d/14_2ATfRsx4kHjviBO4NOdHnEsRqw_jPX/view?usp=drivesdk,10.46303/ressat.2022.3,https://drive.google.com/file/d/14_2ATfRsx4kHjviBO4NOdHnEsRqw_jPX/preview,https://drive.google.com/file/d/14_2ATfRsx4kHjviBO4NOdHnEsRqw_jPX/view
1llI4ioes-Vvf3Izg1gx7QG-v56CgCdl3,10.22633_rpge.v24i1.12865.pdf,268262,2026-04-11T21:04:43.491Z,https://drive.google.com/file/d/1llI4ioes-Vvf3Izg1gx7QG-v56CgCdl3/view?usp=drivesdk,10.22633/rpge.v24i1.12865,https://drive.google.com/file/d/1llI4ioes-Vvf3Izg1gx7QG-v56CgCdl3/preview,https://drive.google.com/file/d/1llI4ioes-Vvf3Izg1gx7QG-v56CgCdl3/view
1GD6jjvlwzV2LdMX4ytItiewHFP8WL71t,10.26877_mpp.v16i1.12148.pdf,124008,2026-04-11T21:04:40.555Z,https://drive.google.com/file/d/1GD6jjvlwzV2LdMX4ytItiewHFP8WL71t/view?usp=drivesdk,10.26877/mpp.v16i1.12148,https://drive.google.com/file/d/1GD6jjvlwzV2LdMX4ytItiewHFP8WL71t/preview,https://drive.google.com/file/d/1GD6jjvlwzV2LdMX4ytItiewHFP8WL71t/view
19Imn2OAwC-SQWojts9DWYR4kzwmKWOF0,10.17648_acta.scientiae.7474.pdf,2038420,2026-04-11T21:04:36.816Z,https://drive.google.com/file/d/19Imn2OAwC-SQWojts9DWYR4kzwmKWOF0/view?usp=drivesdk,10.17648/acta.scientiae.7474,https://drive.google.com/file/d/19Imn2OAwC-SQWojts9DWYR4kzwmKWOF0/preview,https://drive.google.com/file/d/19Imn2OAwC-SQWojts9DWYR4kzwmKWOF0/view
15DgyxXV_KNl4aDoWSEe8mcY_eu-lzJTP,10.29333_ajqr_14397.pdf,290778,2026-04-11T21:04:32.656Z,https://drive.google.com/file/d/15DgyxXV_KNl4aDoWSEe8mcY_eu-lzJTP/view?usp=drivesdk,10.29333/ajqr_14397,https://drive.google.com/file/d/15DgyxXV_KNl4aDoWSEe8mcY_eu-lzJTP/preview,https://drive.google.com/file/d/15DgyxXV_KNl4aDoWSEe8mcY_eu-lzJTP/view
1aE-mEgAJ1YO81QRcfJzbGROPDN45Z-BP,10.54097_fbem.v3i3.298.pdf,192930,2026-04-11T21:04:12.251Z,https://drive.google.com/file/d/1aE-mEgAJ1YO81QRcfJzbGROPDN45Z-BP/view?usp=drivesdk,10.54097/fbem.v3i3.298,https://drive.google.com/file/d/1aE-mEgAJ1YO81QRcfJzbGROPDN45Z-BP/preview,https://drive.google.com/file/d/1aE-mEgAJ1YO81QRcfJzbGROPDN45Z-BP/view
1JLsap1ubSF_U2cyMCTh7GHRZckS5ZBgq,10.51276_edu.v4i2.380.pdf,207233,2026-04-11T21:04:09.923Z,https://drive.google.com/file/d/1JLsap1ubSF_U2cyMCTh7GHRZckS5ZBgq/view?usp=drivesdk,10.51276/edu.v4i2.380,https://drive.google.com/file/d/1JLsap1ubSF_U2cyMCTh7GHRZckS5ZBgq/preview,https://drive.google.com/file/d/1JLsap1ubSF_U2cyMCTh7GHRZckS5ZBgq/view
165JDcCsjQgHoozqZysO4caUDabMMdU5U,10.37934_frle.25.1.19.pdf,773303,2026-04-11T21:03:26.577Z,https://drive.google.com/file/d/165JDcCsjQgHoozqZysO4caUDabMMdU5U/view?usp=drivesdk,10.37934/frle.25.1.19,https://drive.google.com/file/d/165JDcCsjQgHoozqZysO4caUDabMMdU5U/preview,https://drive.google.com/file/d/165JDcCsjQgHoozqZysO4caUDabMMdU5U/view
13-oE-Al2xGTj5Ds3l-ynvTMOKrZG1QDX,10.5539_ies.v13n4p106.pdf,163099,2026-04-11T21:03:18.502Z,https://drive.google.com/file/d/13-oE-Al2xGTj5Ds3l-ynvTMOKrZG1QDX/view?usp=drivesdk,10.5539/ies.v13n4p106,https://drive.google.com/file/d/13-oE-Al2xGTj5Ds3l-ynvTMOKrZG1QDX/preview,https://drive.google.com/file/d/13-oE-Al2xGTj5Ds3l-ynvTMOKrZG1QDX/view
13S3KaheBUfa3dnm1DtjED0LJabYnoufn,10.36941_jesr-2020-0034.pdf,525008,2026-04-11T21:03:15.466Z,https://drive.google.com/file/d/13S3KaheBUfa3dnm1DtjED0LJabYnoufn/view?usp=drivesdk,10.36941/jesr-2020-0034,https://drive.google.com/file/d/13S3KaheBUfa3dnm1DtjED0LJabYnoufn/preview,https://drive.google.com/file/d/13S3KaheBUfa3dnm1DtjED0LJabYnoufn/view
1q3Y1TYG4ULRWUAv-LBV6qaFtRO3gR65m,10.2991_assehr.k.211110.092.pdf,193015,2026-04-11T21:03:12.089Z,https://drive.google.com/file/d/1q3Y1TYG4ULRWUAv-LBV6qaFtRO3gR65m/view?usp=drivesdk,10.2991/assehr.k.211110.092,https://drive.google.com/file/d/1q3Y1TYG4ULRWUAv-LBV6qaFtRO3gR65m/preview,https://drive.google.com/file/d/1q3Y1TYG4ULRWUAv-LBV6qaFtRO3gR65m/view
1Iyt5VHQTia-gdRWFvCKy1UdkXs4wjJj2,10.3389_fpsyt.2024.1414887.pdf,533129,2026-04-11T21:03:07.904Z,https://drive.google.com/file/d/1Iyt5VHQTia-gdRWFvCKy1UdkXs4wjJj2/view?usp=drivesdk,10.3389/fpsyt.2024.1414887,https://drive.google.com/file/d/1Iyt5VHQTia-gdRWFvCKy1UdkXs4wjJj2/preview,https://drive.google.com/file/d/1Iyt5VHQTia-gdRWFvCKy1UdkXs4wjJj2/view
19Zgn4FPy4cEl3N863N18CU3nU57IPKS7,10.11591_ijai.v13.i4.pp3942-3950.pdf,320669,2026-04-11T21:02:53.438Z,https://drive.google.com/file/d/19Zgn4FPy4cEl3N863N18CU3nU57IPKS7/view?usp=drivesdk,10.11591/ijai.v13.i4.pp3942-3950,https://drive.google.com/file/d/19Zgn4FPy4cEl3N863N18CU3nU57IPKS7/preview,https://drive.google.com/file/d/19Zgn4FPy4cEl3N863N18CU3nU57IPKS7/view
1-e8v9WkXQOTWmsR1KlpnUd3oxUjczjoP,10.54254_2755-2721_2025.18759.pdf,1366837,2026-04-11T21:02:49.525Z,https://drive.google.com/file/d/1-e8v9WkXQOTWmsR1KlpnUd3oxUjczjoP/view?usp=drivesdk,10.54254/2755-2721_2025.18759,https://drive.google.com/file/d/1-e8v9WkXQOTWmsR1KlpnUd3oxUjczjoP/preview,https://drive.google.com/file/d/1-e8v9WkXQOTWmsR1KlpnUd3oxUjczjoP/view
1SbjrZ7LgdkrCfsMd3u64vFPN9_wkH4BT,10.2991_978-2-38476-114-2_11.pdf,460300,2026-04-11T21:02:44.015Z,https://drive.google.com/file/d/1SbjrZ7LgdkrCfsMd3u64vFPN9_wkH4BT/view?usp=drivesdk,10.2991/978-2-38476-114-2_11,https://drive.google.com/file/d/1SbjrZ7LgdkrCfsMd3u64vFPN9_wkH4BT/preview,https://drive.google.com/file/d/1SbjrZ7LgdkrCfsMd3u64vFPN9_wkH4BT/view
1nvaSa-0aqWOVh9UvzkP_vxh9O_ytvJ6p,10.5590_jerap.2024.14.1.04.pdf,344687,2026-04-11T21:02:39.407Z,https://drive.google.com/file/d/1nvaSa-0aqWOVh9UvzkP_vxh9O_ytvJ6p/view?usp=drivesdk,10.5590/jerap.2024.14.1.04,https://drive.google.com/file/d/1nvaSa-0aqWOVh9UvzkP_vxh9O_ytvJ6p/preview,https://drive.google.com/file/d/1nvaSa-0aqWOVh9UvzkP_vxh9O_ytvJ6p/view
1RNHgbjAlpfN8IUa6qDrW5N6Zu8H3t8D9,10.30596_maneggio.v3i1.4741.pdf,449581,2026-04-11T21:02:25.347Z,https://drive.google.com/file/d/1RNHgbjAlpfN8IUa6qDrW5N6Zu8H3t8D9/view?usp=drivesdk,10.30596/maneggio.v3i1.4741,https://drive.google.com/file/d/1RNHgbjAlpfN8IUa6qDrW5N6Zu8H3t8D9/preview,https://drive.google.com/file/d/1RNHgbjAlpfN8IUa6qDrW5N6Zu8H3t8D9/view
1ukDXW3gZyDWwrqWC4FToQUaBLtlCPj3E,10.18844_cjes.v16i5.6331.pdf,318275,2026-04-11T21:02:16.074Z,https://drive.google.com/file/d/1ukDXW3gZyDWwrqWC4FToQUaBLtlCPj3E/view?usp=drivesdk,10.18844/cjes.v16i5.6331,https://drive.google.com/file/d/1ukDXW3gZyDWwrqWC4FToQUaBLtlCPj3E/preview,https://drive.google.com/file/d/1ukDXW3gZyDWwrqWC4FToQUaBLtlCPj3E/view
1u35m0uiosFSvwB7BnGBZfXDaIb-1jJfN,10.3389_fpsyg.2025.1548185.pdf,378981,2026-04-11T21:02:08.956Z,https://drive.google.com/file/d/1u35m0uiosFSvwB7BnGBZfXDaIb-1jJfN/view?usp=drivesdk,10.3389/fpsyg.2025.1548185,https://drive.google.com/file/d/1u35m0uiosFSvwB7BnGBZfXDaIb-1jJfN/preview,https://drive.google.com/file/d/1u35m0uiosFSvwB7BnGBZfXDaIb-1jJfN/view
16XaIhOAIxe259VXNu4SIlJ9U0w0O7ClZ,10.24036_nara.v1i3.69.pdf,309609,2026-04-11T21:02:03.173Z,https://drive.google.com/file/d/16XaIhOAIxe259VXNu4SIlJ9U0w0O7ClZ/view?usp=drivesdk,10.24036/nara.v1i3.69,https://drive.google.com/file/d/16XaIhOAIxe259VXNu4SIlJ9U0w0O7ClZ/preview,https://drive.google.com/file/d/16XaIhOAIxe259VXNu4SIlJ9U0w0O7ClZ/view
1XkgWFohzGPj6Ed8002lcYl-J0gvSfyHr,10.55737_qjss.349319430.pdf,276739,2026-04-11T21:01:58.349Z,https://drive.google.com/file/d/1XkgWFohzGPj6Ed8002lcYl-J0gvSfyHr/view?usp=drivesdk,10.55737/qjss.349319430,https://drive.google.com/file/d/1XkgWFohzGPj6Ed8002lcYl-J0gvSfyHr/preview,https://drive.google.com/file/d/1XkgWFohzGPj6Ed8002lcYl-J0gvSfyHr/view
1RvHp-uXylWAl3nx06FmNHlxHjwhSw3_4,10.24256_kelola.v8i1.3556.pdf,349723,2026-04-11T21:01:50.687Z,https://drive.google.com/file/d/1RvHp-uXylWAl3nx06FmNHlxHjwhSw3_4/view?usp=drivesdk,10.24256/kelola.v8i1.3556,https://drive.google.com/file/d/1RvHp-uXylWAl3nx06FmNHlxHjwhSw3_4/preview,https://drive.google.com/file/d/1RvHp-uXylWAl3nx06FmNHlxHjwhSw3_4/view
1uM0JgqaaHR2-8VoIo3cZtcStEcIqVbOW,10.3389_feduc.2025.1499064.pdf,814782,2026-04-11T21:01:45.197Z,https://drive.google.com/file/d/1uM0JgqaaHR2-8VoIo3cZtcStEcIqVbOW/view?usp=drivesdk,10.3389/feduc.2025.1499064,https://drive.google.com/file/d/1uM0JgqaaHR2-8VoIo3cZtcStEcIqVbOW/preview,https://drive.google.com/file/d/1uM0JgqaaHR2-8VoIo3cZtcStEcIqVbOW/view
15Cak-OjQwksS-0PanarNMfjTaGlnfRi7,10.54476_iimrj310.pdf,384999,2026-04-11T21:01:42.548Z,https://drive.google.com/file/d/15Cak-OjQwksS-0PanarNMfjTaGlnfRi7/view?usp=drivesdk,10.54476/iimrj310,https://drive.google.com/file/d/15Cak-OjQwksS-0PanarNMfjTaGlnfRi7/preview,https://drive.google.com/file/d/15Cak-OjQwksS-0PanarNMfjTaGlnfRi7/view
1IjgEk92PescSX2dDQ8U0cn9aUp3wIkHd,10.1080_13632434.2021.1974826.pdf,2906681,2026-04-11T21:01:06.852Z,https://drive.google.com/file/d/1IjgEk92PescSX2dDQ8U0cn9aUp3wIkHd/view?usp=drivesdk,10.1080/13632434.2021.1974826,https://drive.google.com/file/d/1IjgEk92PescSX2dDQ8U0cn9aUp3wIkHd/preview,https://drive.google.com/file/d/1IjgEk92PescSX2dDQ8U0cn9aUp3wIkHd/view
1Q0aHzZ4wooZamimrtzCf3dD2v6X-CttN,10.15388_infedu.2020.20.pdf,3760802,2026-04-11T21:01:03.152Z,https://drive.google.com/file/d/1Q0aHzZ4wooZamimrtzCf3dD2v6X-CttN/view?usp=drivesdk,10.15388/infedu.2020.20,https://drive.google.com/file/d/1Q0aHzZ4wooZamimrtzCf3dD2v6X-CttN/preview,https://drive.google.com/file/d/1Q0aHzZ4wooZamimrtzCf3dD2v6X-CttN/view
1r-CVrhUkXlwZjTvwRlparqnbHSPrrSoo,10.58837_chula.educu.48.3.20.pdf,357820,2026-04-11T21:00:54.254Z,https://drive.google.com/file/d/1r-CVrhUkXlwZjTvwRlparqnbHSPrrSoo/view?usp=drivesdk,10.58837/chula.educu.48.3.20,https://drive.google.com/file/d/1r-CVrhUkXlwZjTvwRlparqnbHSPrrSoo/preview,https://drive.google.com/file/d/1r-CVrhUkXlwZjTvwRlparqnbHSPrrSoo/view
14VM41y0FtIMrYLDC53YTCddsewhBpJc2,10.26689_jcer.v8i7.7800.pdf,723046,2026-04-11T21:00:48.409Z,https://drive.google.com/file/d/14VM41y0FtIMrYLDC53YTCddsewhBpJc2/view?usp=drivesdk,10.26689/jcer.v8i7.7800,https://drive.google.com/file/d/14VM41y0FtIMrYLDC53YTCddsewhBpJc2/preview,https://drive.google.com/file/d/14VM41y0FtIMrYLDC53YTCddsewhBpJc2/view
1SL76ZH4D1mee0QlNkm3WrJ1dsg3HQ1bD,10.29333_iji.2020.13428a.pdf,405918,2026-04-11T21:00:43.103Z,https://drive.google.com/file/d/1SL76ZH4D1mee0QlNkm3WrJ1dsg3HQ1bD/view?usp=drivesdk,10.29333/iji.2020.13428a,https://drive.google.com/file/d/1SL76ZH4D1mee0QlNkm3WrJ1dsg3HQ1bD/preview,https://drive.google.com/file/d/1SL76ZH4D1mee0QlNkm3WrJ1dsg3HQ1bD/view
1CHrHHm8gc0S-4L38ex2M2pdoR1xeHmxo,10.22633_rpge.v25iesp.2.15266.pdf,140580,2026-04-11T21:00:37.006Z,https://drive.google.com/file/d/1CHrHHm8gc0S-4L38ex2M2pdoR1xeHmxo/view?usp=drivesdk,10.22633/rpge.v25iesp.2.15266,https://drive.google.com/file/d/1CHrHHm8gc0S-4L38ex2M2pdoR1xeHmxo/preview,https://drive.google.com/file/d/1CHrHHm8gc0S-4L38ex2M2pdoR1xeHmxo/view
1zfBDf30_Vcgcpwtoza9gBY-g_bOFyr3M,10.54254_2754-1169_2025.20363.pdf,797742,2026-04-11T20:59:54.121Z,https://drive.google.com/file/d/1zfBDf30_Vcgcpwtoza9gBY-g_bOFyr3M/view?usp=drivesdk,10.54254/2754-1169_2025.20363,https://drive.google.com/file/d/1zfBDf30_Vcgcpwtoza9gBY-g_bOFyr3M/preview,https://drive.google.com/file/d/1zfBDf30_Vcgcpwtoza9gBY-g_bOFyr3M/view
1Ls3wqE6QEhNIgaX28FzDkBKbGSjFq-dX,10.5212_praxeduc.v.15.15335.069.pdf,358883,2026-04-11T20:59:13.604Z,https://drive.google.com/file/d/1Ls3wqE6QEhNIgaX28FzDkBKbGSjFq-dX/view?usp=drivesdk,10.5212/praxeduc.v.15.15335.069,https://drive.google.com/file/d/1Ls3wqE6QEhNIgaX28FzDkBKbGSjFq-dX/preview,https://drive.google.com/file/d/1Ls3wqE6QEhNIgaX28FzDkBKbGSjFq-dX/view
1vjxrCLVAlArD6Bpnh48RHUSgiRy_AbMp,10.21744_lingcure.v5ns3.1905.pdf,270950,2026-04-11T20:59:05.727Z,https://drive.google.com/file/d/1vjxrCLVAlArD6Bpnh48RHUSgiRy_AbMp/view?usp=drivesdk,10.21744/lingcure.v5ns3.1905,https://drive.google.com/file/d/1vjxrCLVAlArD6Bpnh48RHUSgiRy_AbMp/preview,https://drive.google.com/file/d/1vjxrCLVAlArD6Bpnh48RHUSgiRy_AbMp/view
1WJLuKRKqE5-5CpoXXgE8iO8U9-03Y-f-,10.31876_rcs.v26i0.34134.pdf,940951,2026-04-11T20:59:01.614Z,https://drive.google.com/file/d/1WJLuKRKqE5-5CpoXXgE8iO8U9-03Y-f-/view?usp=drivesdk,10.31876/rcs.v26i0.34134,https://drive.google.com/file/d/1WJLuKRKqE5-5CpoXXgE8iO8U9-03Y-f-/preview,https://drive.google.com/file/d/1WJLuKRKqE5-5CpoXXgE8iO8U9-03Y-f-/view
1HlHu7pKe3cdJ37V284DguEETNPD5NbM9,10.21744_irjmis.v8n2.1350.pdf,287692,2026-04-11T20:58:58.154Z,https://drive.google.com/file/d/1HlHu7pKe3cdJ37V284DguEETNPD5NbM9/view?usp=drivesdk,10.21744/irjmis.v8n2.1350,https://drive.google.com/file/d/1HlHu7pKe3cdJ37V284DguEETNPD5NbM9/preview,https://drive.google.com/file/d/1HlHu7pKe3cdJ37V284DguEETNPD5NbM9/view
1sQe8v597SKYzkSd6XRb9TwIeJ4WdL4bZ,10.35723_ajie.v6i1.222.pdf,294694,2026-04-11T20:58:52.782Z,https://drive.google.com/file/d/1sQe8v597SKYzkSd6XRb9TwIeJ4WdL4bZ/view?usp=drivesdk,10.35723/ajie.v6i1.222,https://drive.google.com/file/d/1sQe8v597SKYzkSd6XRb9TwIeJ4WdL4bZ/preview,https://drive.google.com/file/d/1sQe8v597SKYzkSd6XRb9TwIeJ4WdL4bZ/view
1ZjXBEqpFIZBKO_tpDkbRom33XYvt2yb8,10.47200_aoej.v14i2.2130.pdf,195198,2026-04-11T20:58:45.518Z,https://drive.google.com/file/d/1ZjXBEqpFIZBKO_tpDkbRom33XYvt2yb8/view?usp=drivesdk,10.47200/aoej.v14i2.2130,https://drive.google.com/file/d/1ZjXBEqpFIZBKO_tpDkbRom33XYvt2yb8/preview,https://drive.google.com/file/d/1ZjXBEqpFIZBKO_tpDkbRom33XYvt2yb8/view
1yZvp8c33EfEXwd4PBRgwpL5d3iu17Md0,10.22633_rpge.v24i2.13609.pdf,477958,2026-04-11T20:58:40.864Z,https://drive.google.com/file/d/1yZvp8c33EfEXwd4PBRgwpL5d3iu17Md0/view?usp=drivesdk,10.22633/rpge.v24i2.13609,https://drive.google.com/file/d/1yZvp8c33EfEXwd4PBRgwpL5d3iu17Md0/preview,https://drive.google.com/file/d/1yZvp8c33EfEXwd4PBRgwpL5d3iu17Md0/view
1lotoz-Cde0T_fLG7GEarq0MQpu81qrQZ,10.58578_masaliq.v1i3.43.pdf,246680,2026-04-11T20:58:36.768Z,https://drive.google.com/file/d/1lotoz-Cde0T_fLG7GEarq0MQpu81qrQZ/view?usp=drivesdk,10.58578/masaliq.v1i3.43,https://drive.google.com/file/d/1lotoz-Cde0T_fLG7GEarq0MQpu81qrQZ/preview,https://drive.google.com/file/d/1lotoz-Cde0T_fLG7GEarq0MQpu81qrQZ/view
1FAF7y0D0sN2kb3pVNfkDSdJAMirt2Ewq,10.52223_jess.2024.5236.pdf,646888,2026-04-11T20:58:31.615Z,https://drive.google.com/file/d/1FAF7y0D0sN2kb3pVNfkDSdJAMirt2Ewq/view?usp=drivesdk,10.52223/jess.2024.5236,https://drive.google.com/file/d/1FAF7y0D0sN2kb3pVNfkDSdJAMirt2Ewq/preview,https://drive.google.com/file/d/1FAF7y0D0sN2kb3pVNfkDSdJAMirt2Ewq/view
1XDhytNwgXSR1eF_VA__cRjfoo1XQbZH6,10.2991_assehr.k.210226.001.pdf,728414,2026-04-11T20:58:26.856Z,https://drive.google.com/file/d/1XDhytNwgXSR1eF_VA__cRjfoo1XQbZH6/view?usp=drivesdk,10.2991/assehr.k.210226.001,https://drive.google.com/file/d/1XDhytNwgXSR1eF_VA__cRjfoo1XQbZH6/preview,https://drive.google.com/file/d/1XDhytNwgXSR1eF_VA__cRjfoo1XQbZH6/view
12Jag97QMnTkmWXw8a11rlxvmVj--OX6u,10.31703_gssr.2020(v-i).37.pdf,1127280,2026-04-11T20:58:12.942Z,https://drive.google.com/file/d/12Jag97QMnTkmWXw8a11rlxvmVj--OX6u/view?usp=drivesdk,10.31703/gssr.2020(v-i).37,https://drive.google.com/file/d/12Jag97QMnTkmWXw8a11rlxvmVj--OX6u/preview,https://drive.google.com/file/d/12Jag97QMnTkmWXw8a11rlxvmVj--OX6u/view
1v1lVwaEnJ_tmYYFxXksfj-0Df2YePRNL,10.22633_rpge.v24iesp2.14331.pdf,270189,2026-04-11T20:58:08.017Z,https://drive.google.com/file/d/1v1lVwaEnJ_tmYYFxXksfj-0Df2YePRNL/view?usp=drivesdk,10.22633/rpge.v24iesp2.14331,https://drive.google.com/file/d/1v1lVwaEnJ_tmYYFxXksfj-0Df2YePRNL/preview,https://drive.google.com/file/d/1v1lVwaEnJ_tmYYFxXksfj-0Df2YePRNL/view
1Nx-nvNrlhMP1QMTDahvFsfoB4cti3K35,10.30534_ijeter_2020_124872020.pdf,285228,2026-04-11T20:58:05.159Z,https://drive.google.com/file/d/1Nx-nvNrlhMP1QMTDahvFsfoB4cti3K35/view?usp=drivesdk,10.30534/ijeter_2020_124872020,https://drive.google.com/file/d/1Nx-nvNrlhMP1QMTDahvFsfoB4cti3K35/preview,https://drive.google.com/file/d/1Nx-nvNrlhMP1QMTDahvFsfoB4cti3K35/view
1jQJCyjOcZWQLMcltaFMTRZyu8s4IkMtM,10.30828_real_2020.2.4.pdf,608105,2026-04-11T20:57:59.811Z,https://drive.google.com/file/d/1jQJCyjOcZWQLMcltaFMTRZyu8s4IkMtM/view?usp=drivesdk,10.30828/real_2020.2.4,https://drive.google.com/file/d/1jQJCyjOcZWQLMcltaFMTRZyu8s4IkMtM/preview,https://drive.google.com/file/d/1jQJCyjOcZWQLMcltaFMTRZyu8s4IkMtM/view
1e1T_jzArgcgG_jv3jWF3CWtuuSy4Ixbm,10.5296_jpag.v12i2.20146.pdf,231680,2026-04-11T20:57:49.296Z,https://drive.google.com/file/d/1e1T_jzArgcgG_jv3jWF3CWtuuSy4Ixbm/view?usp=drivesdk,10.5296/jpag.v12i2.20146,https://drive.google.com/file/d/1e1T_jzArgcgG_jv3jWF3CWtuuSy4Ixbm/preview,https://drive.google.com/file/d/1e1T_jzArgcgG_jv3jWF3CWtuuSy4Ixbm/view
1XRH4IbA1NGaCBSU7DrW2qToyIJOq5SDG,10.2991_assehr.k.200303.026.pdf,239586,2026-04-11T20:57:47.133Z,https://drive.google.com/file/d/1XRH4IbA1NGaCBSU7DrW2qToyIJOq5SDG/view?usp=drivesdk,10.2991/assehr.k.200303.026,https://drive.google.com/file/d/1XRH4IbA1NGaCBSU7DrW2qToyIJOq5SDG/preview,https://drive.google.com/file/d/1XRH4IbA1NGaCBSU7DrW2qToyIJOq5SDG/view
107H7GqzwkR0OQKs3vSQ8KBxXW1-n4_nN,10.30828_real.1485901.pdf,761185,2026-04-11T20:57:42.563Z,https://drive.google.com/file/d/107H7GqzwkR0OQKs3vSQ8KBxXW1-n4_nN/view?usp=drivesdk,10.30828/real.1485901,https://drive.google.com/file/d/107H7GqzwkR0OQKs3vSQ8KBxXW1-n4_nN/preview,https://drive.google.com/file/d/107H7GqzwkR0OQKs3vSQ8KBxXW1-n4_nN/view
1uN8vEGzzmtB1yV4YQUXlQhE3tX6oq5nH,10.35931_aq.v19i1.4306.pdf,320784,2026-04-11T20:57:38.707Z,https://drive.google.com/file/d/1uN8vEGzzmtB1yV4YQUXlQhE3tX6oq5nH/view?usp=drivesdk,10.35931/aq.v19i1.4306,https://drive.google.com/file/d/1uN8vEGzzmtB1yV4YQUXlQhE3tX6oq5nH/preview,https://drive.google.com/file/d/1uN8vEGzzmtB1yV4YQUXlQhE3tX6oq5nH/view
1tjj4mWXp52v2i91rhRxL1COHC_Cg4hdZ,10.2991_assehr.k.210716.269.pdf,110414,2026-04-11T20:57:30.779Z,https://drive.google.com/file/d/1tjj4mWXp52v2i91rhRxL1COHC_Cg4hdZ/view?usp=drivesdk,10.2991/assehr.k.210716.269,https://drive.google.com/file/d/1tjj4mWXp52v2i91rhRxL1COHC_Cg4hdZ/preview,https://drive.google.com/file/d/1tjj4mWXp52v2i91rhRxL1COHC_Cg4hdZ/view
1DFWNvouMnvTNNagRBxQZYIpoAYtA4xO-,10.29322_ijsrp.12.01.2022.p12164.pdf,944967,2026-04-11T20:57:25.678Z,https://drive.google.com/file/d/1DFWNvouMnvTNNagRBxQZYIpoAYtA4xO-/view?usp=drivesdk,10.29322/ijsrp.12.01.2022.p12164,https://drive.google.com/file/d/1DFWNvouMnvTNNagRBxQZYIpoAYtA4xO-/preview,https://drive.google.com/file/d/1DFWNvouMnvTNNagRBxQZYIpoAYtA4xO-/view
18ueLBqS5OKjgjXixyXcV0doHPA2uEgEo,10.1007_978-981-15-7497-9_4.pdf,576874,2026-04-11T20:57:20.780Z,https://drive.google.com/file/d/18ueLBqS5OKjgjXixyXcV0doHPA2uEgEo/view?usp=drivesdk,10.1007/978-981-15-7497-9_4,https://drive.google.com/file/d/18ueLBqS5OKjgjXixyXcV0doHPA2uEgEo/preview,https://drive.google.com/file/d/18ueLBqS5OKjgjXixyXcV0doHPA2uEgEo/view
1McPQoUzUhi3IeRcb8JWxsZido5OP-vMN,10.29103_ijevs.v2i8.2759.pdf,623886,2026-04-11T20:57:14.558Z,https://drive.google.com/file/d/1McPQoUzUhi3IeRcb8JWxsZido5OP-vMN/view?usp=drivesdk,10.29103/ijevs.v2i8.2759,https://drive.google.com/file/d/1McPQoUzUhi3IeRcb8JWxsZido5OP-vMN/preview,https://drive.google.com/file/d/1McPQoUzUhi3IeRcb8JWxsZido5OP-vMN/view
1YY2biK86RtO0M2oUIF3Om3HSa0RUIixy,10.60027_jelr.2025.1759.pdf,966600,2026-04-11T20:56:37.476Z,https://drive.google.com/file/d/1YY2biK86RtO0M2oUIF3Om3HSa0RUIixy/view?usp=drivesdk,10.60027/jelr.2025.1759,https://drive.google.com/file/d/1YY2biK86RtO0M2oUIF3Om3HSa0RUIixy/preview,https://drive.google.com/file/d/1YY2biK86RtO0M2oUIF3Om3HSa0RUIixy/view
1az-vH6N7UgVdXSFm6rZTQ_yMlg_JmI5Y,10.13166_jms_192197.pdf,374783,2026-04-11T20:56:32.560Z,https://drive.google.com/file/d/1az-vH6N7UgVdXSFm6rZTQ_yMlg_JmI5Y/view?usp=drivesdk,10.13166/jms_192197,https://drive.google.com/file/d/1az-vH6N7UgVdXSFm6rZTQ_yMlg_JmI5Y/preview,https://drive.google.com/file/d/1az-vH6N7UgVdXSFm6rZTQ_yMlg_JmI5Y/view
1cCJsf_GF8ns91PeBX0RdpNXNUZhbE5rd,10.61987_jemr.v4i5.1191.pdf,567828,2026-04-11T20:56:29.732Z,https://drive.google.com/file/d/1cCJsf_GF8ns91PeBX0RdpNXNUZhbE5rd/view?usp=drivesdk,10.61987/jemr.v4i5.1191,https://drive.google.com/file/d/1cCJsf_GF8ns91PeBX0RdpNXNUZhbE5rd/preview,https://drive.google.com/file/d/1cCJsf_GF8ns91PeBX0RdpNXNUZhbE5rd/view
1-2CMadxyJQMdAFMiF-DkP1yDTSvaGoJ7,10.1371_journal.pone.0308239.pdf,676101,2026-04-11T20:56:22.678Z,https://drive.google.com/file/d/1-2CMadxyJQMdAFMiF-DkP1yDTSvaGoJ7/view?usp=drivesdk,10.1371/journal.pone.0308239,https://drive.google.com/file/d/1-2CMadxyJQMdAFMiF-DkP1yDTSvaGoJ7/preview,https://drive.google.com/file/d/1-2CMadxyJQMdAFMiF-DkP1yDTSvaGoJ7/view
13TJsRfN72iNXQDNTfo4W-_RhH4x-3X1x,10.4108_eai.27-8-2020.2303223.pdf,282313,2026-04-11T20:56:20.773Z,https://drive.google.com/file/d/13TJsRfN72iNXQDNTfo4W-_RhH4x-3X1x/view?usp=drivesdk,10.4108/eai.27-8-2020.2303223,https://drive.google.com/file/d/13TJsRfN72iNXQDNTfo4W-_RhH4x-3X1x/preview,https://drive.google.com/file/d/13TJsRfN72iNXQDNTfo4W-_RhH4x-3X1x/view
1jfIPdoykWOI2uf_EsHalplVGQShNsWSa,10.12928_spekta.v6i1.11872.pdf,1327235,2026-04-11T20:56:16.933Z,https://drive.google.com/file/d/1jfIPdoykWOI2uf_EsHalplVGQShNsWSa/view?usp=drivesdk,10.12928/spekta.v6i1.11872,https://drive.google.com/file/d/1jfIPdoykWOI2uf_EsHalplVGQShNsWSa/preview,https://drive.google.com/file/d/1jfIPdoykWOI2uf_EsHalplVGQShNsWSa/view
1Ostpq69uE1qPaDUtVTBrxpU1p4KHSd84,10.1007_s10758-022-09638-2.pdf,385214,2026-04-11T20:55:40.474Z,https://drive.google.com/file/d/1Ostpq69uE1qPaDUtVTBrxpU1p4KHSd84/view?usp=drivesdk,10.1007/s10758-022-09638-2,https://drive.google.com/file/d/1Ostpq69uE1qPaDUtVTBrxpU1p4KHSd84/preview,https://drive.google.com/file/d/1Ostpq69uE1qPaDUtVTBrxpU1p4KHSd84/view
1wLdmIlMMi1qD27G5iwCf7Ztcujk-8_I7,10.18860_rosikhun.v3i2.19070.pdf,773195,2026-04-11T20:55:36.971Z,https://drive.google.com/file/d/1wLdmIlMMi1qD27G5iwCf7Ztcujk-8_I7/view?usp=drivesdk,10.18860/rosikhun.v3i2.19070,https://drive.google.com/file/d/1wLdmIlMMi1qD27G5iwCf7Ztcujk-8_I7/preview,https://drive.google.com/file/d/1wLdmIlMMi1qD27G5iwCf7Ztcujk-8_I7/view
19ZJLcVbbT7OW6_hdv2tsD-CmKkMjHQFB,10.1186_s12909-022-03262-5.pdf,932010,2026-04-11T20:55:29.535Z,https://drive.google.com/file/d/19ZJLcVbbT7OW6_hdv2tsD-CmKkMjHQFB/view?usp=drivesdk,10.1186/s12909-022-03262-5,https://drive.google.com/file/d/19ZJLcVbbT7OW6_hdv2tsD-CmKkMjHQFB/preview,https://drive.google.com/file/d/19ZJLcVbbT7OW6_hdv2tsD-CmKkMjHQFB/view
1N9yBy_LHpdieqi7mPF4QRNW6ROBsk1ti,10.46303_ressat.2024.28.pdf,913734,2026-04-11T20:55:23.581Z,https://drive.google.com/file/d/1N9yBy_LHpdieqi7mPF4QRNW6ROBsk1ti/view?usp=drivesdk,10.46303/ressat.2024.28,https://drive.google.com/file/d/1N9yBy_LHpdieqi7mPF4QRNW6ROBsk1ti/preview,https://drive.google.com/file/d/1N9yBy_LHpdieqi7mPF4QRNW6ROBsk1ti/view
1x2aMWCEP9eSmQBLzghHboNsR4BdLXU_b,10.22521_edupij.2024.131.1.pdf,1190663,2026-04-11T20:55:15.860Z,https://drive.google.com/file/d/1x2aMWCEP9eSmQBLzghHboNsR4BdLXU_b/view?usp=drivesdk,10.22521/edupij.2024.131.1,https://drive.google.com/file/d/1x2aMWCEP9eSmQBLzghHboNsR4BdLXU_b/preview,https://drive.google.com/file/d/1x2aMWCEP9eSmQBLzghHboNsR4BdLXU_b/view
1_NSo5omOScSsCTyKK3c9GNGoZmwE3W6F,10.3389_feduc.2023.1171513.pdf,498269,2026-04-11T20:55:11.191Z,https://drive.google.com/file/d/1_NSo5omOScSsCTyKK3c9GNGoZmwE3W6F/view?usp=drivesdk,10.3389/feduc.2023.1171513,https://drive.google.com/file/d/1_NSo5omOScSsCTyKK3c9GNGoZmwE3W6F/preview,https://drive.google.com/file/d/1_NSo5omOScSsCTyKK3c9GNGoZmwE3W6F/view
1Zr4FywbkP10fyBJLOvKLEX-gqmCWrKEh,10.4108_eai.29-6-2019.2290281.pdf,131810,2026-04-11T20:55:07.999Z,https://drive.google.com/file/d/1Zr4FywbkP10fyBJLOvKLEX-gqmCWrKEh/view?usp=drivesdk,10.4108/eai.29-6-2019.2290281,https://drive.google.com/file/d/1Zr4FywbkP10fyBJLOvKLEX-gqmCWrKEh/preview,https://drive.google.com/file/d/1Zr4FywbkP10fyBJLOvKLEX-gqmCWrKEh/view
1NSepE9B-Qmu5Oxld-6wkqquirv16iCGu,10.37899_journallaedusci.v6i3.2335.pdf,843624,2026-04-11T20:55:04.260Z,https://drive.google.com/file/d/1NSepE9B-Qmu5Oxld-6wkqquirv16iCGu/view?usp=drivesdk,10.37899/journallaedusci.v6i3.2335,https://drive.google.com/file/d/1NSepE9B-Qmu5Oxld-6wkqquirv16iCGu/preview,https://drive.google.com/file/d/1NSepE9B-Qmu5Oxld-6wkqquirv16iCGu/view
1mpF27g2CJsUP9PJQ2tbwFU1UcyAUEWzC,10.3846_jbem.2020.13675.pdf,325642,2026-04-11T20:54:57.136Z,https://drive.google.com/file/d/1mpF27g2CJsUP9PJQ2tbwFU1UcyAUEWzC/view?usp=drivesdk,10.3846/jbem.2020.13675,https://drive.google.com/file/d/1mpF27g2CJsUP9PJQ2tbwFU1UcyAUEWzC/preview,https://drive.google.com/file/d/1mpF27g2CJsUP9PJQ2tbwFU1UcyAUEWzC/view
1kIKFLNMIW3nmGNf_RFv_wsBD7yTZK3UW,10.24297_jssr.v15i.8604.pdf,415721,2026-04-11T20:54:48.442Z,https://drive.google.com/file/d/1kIKFLNMIW3nmGNf_RFv_wsBD7yTZK3UW/view?usp=drivesdk,10.24297/jssr.v15i.8604,https://drive.google.com/file/d/1kIKFLNMIW3nmGNf_RFv_wsBD7yTZK3UW/preview,https://drive.google.com/file/d/1kIKFLNMIW3nmGNf_RFv_wsBD7yTZK3UW/view
1VPYr32b9X0xfMstT1GLrQrZEiZKIq2FR,10.1007_978-3-030-93951-9_3.pdf,285554,2026-04-11T20:54:45.922Z,https://drive.google.com/file/d/1VPYr32b9X0xfMstT1GLrQrZEiZKIq2FR/view?usp=drivesdk,10.1007/978-3-030-93951-9_3,https://drive.google.com/file/d/1VPYr32b9X0xfMstT1GLrQrZEiZKIq2FR/preview,https://drive.google.com/file/d/1VPYr32b9X0xfMstT1GLrQrZEiZKIq2FR/view
1B4G8zb64wt3xvqhtnubXshBx7s_CepqG,10.5539_ies.v14n1p65.pdf,358158,2026-04-11T20:54:42.777Z,https://drive.google.com/file/d/1B4G8zb64wt3xvqhtnubXshBx7s_CepqG/view?usp=drivesdk,10.5539/ies.v14n1p65,https://drive.google.com/file/d/1B4G8zb64wt3xvqhtnubXshBx7s_CepqG/preview,https://drive.google.com/file/d/1B4G8zb64wt3xvqhtnubXshBx7s_CepqG/view
1PcrFWEjBK-v-vqPZ4xiVTdPbFQFg7TRw,10.62225_2583049x.2024.4.6.3506.pdf,647121,2026-04-11T20:54:40.354Z,https://drive.google.com/file/d/1PcrFWEjBK-v-vqPZ4xiVTdPbFQFg7TRw/view?usp=drivesdk,10.62225/2583049x.2024.4.6.3506,https://drive.google.com/file/d/1PcrFWEjBK-v-vqPZ4xiVTdPbFQFg7TRw/preview,https://drive.google.com/file/d/1PcrFWEjBK-v-vqPZ4xiVTdPbFQFg7TRw/view
1E81OROyBbvFBoEI-IenepnH0zRerfrht,10.29228_asrjournal.66776.pdf,285487,2026-04-11T20:54:37.023Z,https://drive.google.com/file/d/1E81OROyBbvFBoEI-IenepnH0zRerfrht/view?usp=drivesdk,10.29228/asrjournal.66776,https://drive.google.com/file/d/1E81OROyBbvFBoEI-IenepnH0zRerfrht/preview,https://drive.google.com/file/d/1E81OROyBbvFBoEI-IenepnH0zRerfrht/view
1myCSaXBeQj8nN5k0qheXEu0uP_kasegk,10.1186_s40561-020-00139-2.pdf,769968,2026-04-11T20:54:33.639Z,https://drive.google.com/file/d/1myCSaXBeQj8nN5k0qheXEu0uP_kasegk/view?usp=drivesdk,10.1186/s40561-020-00139-2,https://drive.google.com/file/d/1myCSaXBeQj8nN5k0qheXEu0uP_kasegk/preview,https://drive.google.com/file/d/1myCSaXBeQj8nN5k0qheXEu0uP_kasegk/view
1ITSk5J7fac9L72GZ-TsTFyTJWkGYWRSN,10.25217_ji.v7i1.1636.pdf,278928,2026-04-11T20:54:28.223Z,https://drive.google.com/file/d/1ITSk5J7fac9L72GZ-TsTFyTJWkGYWRSN/view?usp=drivesdk,10.25217/ji.v7i1.1636,https://drive.google.com/file/d/1ITSk5J7fac9L72GZ-TsTFyTJWkGYWRSN/preview,https://drive.google.com/file/d/1ITSk5J7fac9L72GZ-TsTFyTJWkGYWRSN/view
1IHodeFzHoEWrv_M2FCf_pQsfVbzYpCoL,10.52627_managere.v5i2.334.pdf,653398,2026-04-11T20:54:24.147Z,https://drive.google.com/file/d/1IHodeFzHoEWrv_M2FCf_pQsfVbzYpCoL/view?usp=drivesdk,10.52627/managere.v5i2.334,https://drive.google.com/file/d/1IHodeFzHoEWrv_M2FCf_pQsfVbzYpCoL/preview,https://drive.google.com/file/d/1IHodeFzHoEWrv_M2FCf_pQsfVbzYpCoL/view
1qLkqsxM26CzjEiUMhSHQVustlM_T7j4g,10.36941_ajis-2021-0004.pdf,550938,2026-04-11T20:54:18.811Z,https://drive.google.com/file/d/1qLkqsxM26CzjEiUMhSHQVustlM_T7j4g/view?usp=drivesdk,10.36941/ajis-2021-0004,https://drive.google.com/file/d/1qLkqsxM26CzjEiUMhSHQVustlM_T7j4g/preview,https://drive.google.com/file/d/1qLkqsxM26CzjEiUMhSHQVustlM_T7j4g/view
1wCUZ1xKwCX-_kLNrdtlfxFV4Qo81W8Sn,10.11591_ijere.v11i1.21709.pdf,362395,2026-04-11T20:54:15.711Z,https://drive.google.com/file/d/1wCUZ1xKwCX-_kLNrdtlfxFV4Qo81W8Sn/view?usp=drivesdk,10.11591/ijere.v11i1.21709,https://drive.google.com/file/d/1wCUZ1xKwCX-_kLNrdtlfxFV4Qo81W8Sn/preview,https://drive.google.com/file/d/1wCUZ1xKwCX-_kLNrdtlfxFV4Qo81W8Sn/view
16hLEG1IOkodU4svodFFw6D5r94PYzLdW,10.31392_npu-nc.series5.2021.79.2.40.pdf,329170,2026-04-11T20:53:40.590Z,https://drive.google.com/file/d/16hLEG1IOkodU4svodFFw6D5r94PYzLdW/view?usp=drivesdk,10.31392/npu-nc.series5.2021.79.2.40,https://drive.google.com/file/d/16hLEG1IOkodU4svodFFw6D5r94PYzLdW/preview,https://drive.google.com/file/d/16hLEG1IOkodU4svodFFw6D5r94PYzLdW/view
1GjT4dkm9ErDzFYVjZSkxiaDAoS88ARia,10.24297_jssr.v17i.8796.pdf,454406,2026-04-11T20:53:34.465Z,https://drive.google.com/file/d/1GjT4dkm9ErDzFYVjZSkxiaDAoS88ARia/view?usp=drivesdk,10.24297/jssr.v17i.8796,https://drive.google.com/file/d/1GjT4dkm9ErDzFYVjZSkxiaDAoS88ARia/preview,https://drive.google.com/file/d/1GjT4dkm9ErDzFYVjZSkxiaDAoS88ARia/view
13QWrkxPRtGXa9T2SW2kjDX56YB-xLsbX,10.15388_actpaed.45.7.pdf,844029,2026-04-11T20:53:32.002Z,https://drive.google.com/file/d/13QWrkxPRtGXa9T2SW2kjDX56YB-xLsbX/view?usp=drivesdk,10.15388/actpaed.45.7,https://drive.google.com/file/d/13QWrkxPRtGXa9T2SW2kjDX56YB-xLsbX/preview,https://drive.google.com/file/d/13QWrkxPRtGXa9T2SW2kjDX56YB-xLsbX/view
1O0LmRWoRndgxzXzzQuDQeqdf3zbkZfia,10.25073_2588-1159_vnuer.4835.pdf,214581,2026-04-11T20:53:25.460Z,https://drive.google.com/file/d/1O0LmRWoRndgxzXzzQuDQeqdf3zbkZfia/view?usp=drivesdk,10.25073/2588-1159_vnuer.4835,https://drive.google.com/file/d/1O0LmRWoRndgxzXzzQuDQeqdf3zbkZfia/preview,https://drive.google.com/file/d/1O0LmRWoRndgxzXzzQuDQeqdf3zbkZfia/view
1CYXfOzbRyXDtp6NQ-pfniAwDeiyOlvQD,10.14421_hjie.2023.32-07.pdf,383441,2026-04-11T20:53:18.924Z,https://drive.google.com/file/d/1CYXfOzbRyXDtp6NQ-pfniAwDeiyOlvQD/view?usp=drivesdk,10.14421/hjie.2023.32-07,https://drive.google.com/file/d/1CYXfOzbRyXDtp6NQ-pfniAwDeiyOlvQD/preview,https://drive.google.com/file/d/1CYXfOzbRyXDtp6NQ-pfniAwDeiyOlvQD/view
1nsCe1BfhOZdYpV-ZwWqXyV5I5j2EoAF_,10.29228_joh.61935.pdf,655503,2026-04-11T20:53:03.286Z,https://drive.google.com/file/d/1nsCe1BfhOZdYpV-ZwWqXyV5I5j2EoAF_/view?usp=drivesdk,10.29228/joh.61935,https://drive.google.com/file/d/1nsCe1BfhOZdYpV-ZwWqXyV5I5j2EoAF_/preview,https://drive.google.com/file/d/1nsCe1BfhOZdYpV-ZwWqXyV5I5j2EoAF_/view
15qH5NzDCGbXEYNgfCXj3gsN3WfdxVFnb,10.21723_riaee.v15i1.12116.pdf,267960,2026-04-11T20:52:59.301Z,https://drive.google.com/file/d/15qH5NzDCGbXEYNgfCXj3gsN3WfdxVFnb/view?usp=drivesdk,10.21723/riaee.v15i1.12116,https://drive.google.com/file/d/15qH5NzDCGbXEYNgfCXj3gsN3WfdxVFnb/preview,https://drive.google.com/file/d/15qH5NzDCGbXEYNgfCXj3gsN3WfdxVFnb/view
15qv2-8BeRDNOgfoGlJuiGjDikL_XK_A7,10.3389_fpsyg.2022.1024017.pdf,1317453,2026-04-11T20:52:51.810Z,https://drive.google.com/file/d/15qv2-8BeRDNOgfoGlJuiGjDikL_XK_A7/view?usp=drivesdk,10.3389/fpsyg.2022.1024017,https://drive.google.com/file/d/15qv2-8BeRDNOgfoGlJuiGjDikL_XK_A7/preview,https://drive.google.com/file/d/15qv2-8BeRDNOgfoGlJuiGjDikL_XK_A7/view
19mOMNmWU3wc96WTUW8BaPbgS4oP8siSG,10.1186_s12889-023-16748-8.pdf,1217252,2026-04-11T20:52:45.776Z,https://drive.google.com/file/d/19mOMNmWU3wc96WTUW8BaPbgS4oP8siSG/view?usp=drivesdk,10.1186/s12889-023-16748-8,https://drive.google.com/file/d/19mOMNmWU3wc96WTUW8BaPbgS4oP8siSG/preview,https://drive.google.com/file/d/19mOMNmWU3wc96WTUW8BaPbgS4oP8siSG/view
1DAExaFsddO4FqbYb_ZuJiC8PqUL1Ep_n,10.31538_munaddhomah.v6i2.1738.pdf,351168,2026-04-11T20:52:40.722Z,https://drive.google.com/file/d/1DAExaFsddO4FqbYb_ZuJiC8PqUL1Ep_n/view?usp=drivesdk,10.31538/munaddhomah.v6i2.1738,https://drive.google.com/file/d/1DAExaFsddO4FqbYb_ZuJiC8PqUL1Ep_n/preview,https://drive.google.com/file/d/1DAExaFsddO4FqbYb_ZuJiC8PqUL1Ep_n/view
1tGWRsPXD137mOGw084Ju1qjEv3tsXhxk,10.26740_jdmp.v5n1.p10-21.pdf,329692,2026-04-11T20:52:36.303Z,https://drive.google.com/file/d/1tGWRsPXD137mOGw084Ju1qjEv3tsXhxk/view?usp=drivesdk,10.26740/jdmp.v5n1.p10-21,https://drive.google.com/file/d/1tGWRsPXD137mOGw084Ju1qjEv3tsXhxk/preview,https://drive.google.com/file/d/1tGWRsPXD137mOGw084Ju1qjEv3tsXhxk/view
1v48w7JSn3tgc5k0LgC2krgwchw6iLhki,10.12775_jehs.2022.12.01.028.pdf,485975,2026-04-11T20:52:33.699Z,https://drive.google.com/file/d/1v48w7JSn3tgc5k0LgC2krgwchw6iLhki/view?usp=drivesdk,10.12775/jehs.2022.12.01.028,https://drive.google.com/file/d/1v48w7JSn3tgc5k0LgC2krgwchw6iLhki/preview,https://drive.google.com/file/d/1v48w7JSn3tgc5k0LgC2krgwchw6iLhki/view
11OiQsxX-oTgVA2vn33jXZrx9PfoifJCa,10.7176_rhss_10-16-03.pdf,194485,2026-04-11T20:52:29.955Z,https://drive.google.com/file/d/11OiQsxX-oTgVA2vn33jXZrx9PfoifJCa/view?usp=drivesdk,10.7176/rhss_10-16-03,https://drive.google.com/file/d/11OiQsxX-oTgVA2vn33jXZrx9PfoifJCa/preview,https://drive.google.com/file/d/11OiQsxX-oTgVA2vn33jXZrx9PfoifJCa/view
1IYJPCq9tZWsNedfoQaV49f0DAXZwS8Dr,10.5861_ijrse.2025.25257.pdf,316143,2026-04-11T20:52:27.195Z,https://drive.google.com/file/d/1IYJPCq9tZWsNedfoQaV49f0DAXZwS8Dr/view?usp=drivesdk,10.5861/ijrse.2025.25257,https://drive.google.com/file/d/1IYJPCq9tZWsNedfoQaV49f0DAXZwS8Dr/preview,https://drive.google.com/file/d/1IYJPCq9tZWsNedfoQaV49f0DAXZwS8Dr/view
1_HBHduEHWu5DLnssOR5XEDaui5nAPDJb,10.30900_kafkasegt.1192563.pdf,254071,2026-04-11T20:52:24.745Z,https://drive.google.com/file/d/1_HBHduEHWu5DLnssOR5XEDaui5nAPDJb/view?usp=drivesdk,10.30900/kafkasegt.1192563,https://drive.google.com/file/d/1_HBHduEHWu5DLnssOR5XEDaui5nAPDJb/preview,https://drive.google.com/file/d/1_HBHduEHWu5DLnssOR5XEDaui5nAPDJb/view
1kOVSGr0zw5q6mtB2DjUwpItcFfsgy1lc,10.1007_s10639-021-10694-x.pdf,322536,2026-04-11T20:52:14.843Z,https://drive.google.com/file/d/1kOVSGr0zw5q6mtB2DjUwpItcFfsgy1lc/view?usp=drivesdk,10.1007/s10639-021-10694-x,https://drive.google.com/file/d/1kOVSGr0zw5q6mtB2DjUwpItcFfsgy1lc/preview,https://drive.google.com/file/d/1kOVSGr0zw5q6mtB2DjUwpItcFfsgy1lc/view
15aUFCYllpX8j9PYVkfkoZ50RU3uKBY63,10.56648_aide-irj.v11i1.179.pdf,617142,2026-04-11T20:52:11.656Z,https://drive.google.com/file/d/15aUFCYllpX8j9PYVkfkoZ50RU3uKBY63/view?usp=drivesdk,10.56648/aide-irj.v11i1.179,https://drive.google.com/file/d/15aUFCYllpX8j9PYVkfkoZ50RU3uKBY63/preview,https://drive.google.com/file/d/15aUFCYllpX8j9PYVkfkoZ50RU3uKBY63/view
1njkMFqArFx9TmPl9eQjy9OUKsMEOBgih,10.59373_drs.v2i2.28.pdf,491615,2026-04-11T20:52:06.686Z,https://drive.google.com/file/d/1njkMFqArFx9TmPl9eQjy9OUKsMEOBgih/view?usp=drivesdk,10.59373/drs.v2i2.28,https://drive.google.com/file/d/1njkMFqArFx9TmPl9eQjy9OUKsMEOBgih/preview,https://drive.google.com/file/d/1njkMFqArFx9TmPl9eQjy9OUKsMEOBgih/view
1ketjRxbJCZplWwodn9hCztAS86Vs9r-c,10.29103_ijevs.v2i10.3309.pdf,662961,2026-04-11T20:51:26.310Z,https://drive.google.com/file/d/1ketjRxbJCZplWwodn9hCztAS86Vs9r-c/view?usp=drivesdk,10.29103/ijevs.v2i10.3309,https://drive.google.com/file/d/1ketjRxbJCZplWwodn9hCztAS86Vs9r-c/preview,https://drive.google.com/file/d/1ketjRxbJCZplWwodn9hCztAS86Vs9r-c/view
1RTyZs7Yv-O83NjnHOibGR2q3gcVzJrLk,10.31538_munaddhomah.v3i1.159.pdf,267834,2026-04-11T20:50:48.666Z,https://drive.google.com/file/d/1RTyZs7Yv-O83NjnHOibGR2q3gcVzJrLk/view?usp=drivesdk,10.31538/munaddhomah.v3i1.159,https://drive.google.com/file/d/1RTyZs7Yv-O83NjnHOibGR2q3gcVzJrLk/preview,https://drive.google.com/file/d/1RTyZs7Yv-O83NjnHOibGR2q3gcVzJrLk/view
1E8uL8Xhw7e6mnVXx_wsnwJOJ-pFB6cjf,10.17853_1994-5639-2025-4-175-194.pdf,436454,2026-04-11T20:50:41.513Z,https://drive.google.com/file/d/1E8uL8Xhw7e6mnVXx_wsnwJOJ-pFB6cjf/view?usp=drivesdk,10.17853/1994-5639-2025-4-175-194,https://drive.google.com/file/d/1E8uL8Xhw7e6mnVXx_wsnwJOJ-pFB6cjf/preview,https://drive.google.com/file/d/1E8uL8Xhw7e6mnVXx_wsnwJOJ-pFB6cjf/view
1NiIULhTBeWwgWVX1xLFpIJO211u5wCzu,10.58557_(ijeh).v5i1.286.pdf,202072,2026-04-11T20:50:29.369Z,https://drive.google.com/file/d/1NiIULhTBeWwgWVX1xLFpIJO211u5wCzu/view?usp=drivesdk,10.58557/(ijeh).v5i1.286,https://drive.google.com/file/d/1NiIULhTBeWwgWVX1xLFpIJO211u5wCzu/preview,https://drive.google.com/file/d/1NiIULhTBeWwgWVX1xLFpIJO211u5wCzu/view
1Cfj86cNrGT_8wYRnlwY7hTv88JNDgETI,10.31686_ijier.vol10.iss10.3558.pdf,527428,2026-04-11T20:50:23.888Z,https://drive.google.com/file/d/1Cfj86cNrGT_8wYRnlwY7hTv88JNDgETI/view?usp=drivesdk,10.31686/ijier.vol10.iss10.3558,https://drive.google.com/file/d/1Cfj86cNrGT_8wYRnlwY7hTv88JNDgETI/preview,https://drive.google.com/file/d/1Cfj86cNrGT_8wYRnlwY7hTv88JNDgETI/view
170PXgVe9LMFupRCWuM-kWtOuE8FJAEh1,10.29007_3542.pdf,366367,2026-04-11T20:50:15.776Z,https://drive.google.com/file/d/170PXgVe9LMFupRCWuM-kWtOuE8FJAEh1/view?usp=drivesdk,10.29007/3542,https://drive.google.com/file/d/170PXgVe9LMFupRCWuM-kWtOuE8FJAEh1/preview,https://drive.google.com/file/d/170PXgVe9LMFupRCWuM-kWtOuE8FJAEh1/view
1mpyWNTYI50EqpeQGRzzsk0thQfiO7zet,10.31538_tijie.v4i3.598.pdf,330491,2026-04-11T20:50:12.845Z,https://drive.google.com/file/d/1mpyWNTYI50EqpeQGRzzsk0thQfiO7zet/view?usp=drivesdk,10.31538/tijie.v4i3.598,https://drive.google.com/file/d/1mpyWNTYI50EqpeQGRzzsk0thQfiO7zet/preview,https://drive.google.com/file/d/1mpyWNTYI50EqpeQGRzzsk0thQfiO7zet/view
101bxsvvQfkOoEfnwTt3gQWzF2RwN966X,10.54732_jeecs.v6i1.190.pdf,561939,2026-04-11T20:50:08.817Z,https://drive.google.com/file/d/101bxsvvQfkOoEfnwTt3gQWzF2RwN966X/view?usp=drivesdk,10.54732/jeecs.v6i1.190,https://drive.google.com/file/d/101bxsvvQfkOoEfnwTt3gQWzF2RwN966X/preview,https://drive.google.com/file/d/101bxsvvQfkOoEfnwTt3gQWzF2RwN966X/view
1_HC9bxSTIWQ6M3WqbYgCKKvKV32xccAV,10.4102_jamba.v13i1.1159.pdf,10106068,2026-04-11T20:49:52.743Z,https://drive.google.com/file/d/1_HC9bxSTIWQ6M3WqbYgCKKvKV32xccAV/view?usp=drivesdk,10.4102/jamba.v13i1.1159,https://drive.google.com/file/d/1_HC9bxSTIWQ6M3WqbYgCKKvKV32xccAV/preview,https://drive.google.com/file/d/1_HC9bxSTIWQ6M3WqbYgCKKvKV32xccAV/view
1zReeDa-pJO2fxR8wKYV60wES2LvAPpJX,10.35445_alishlah.v15i3.3068.pdf,394792,2026-04-11T20:49:48.620Z,https://drive.google.com/file/d/1zReeDa-pJO2fxR8wKYV60wES2LvAPpJX/view?usp=drivesdk,10.35445/alishlah.v15i3.3068,https://drive.google.com/file/d/1zReeDa-pJO2fxR8wKYV60wES2LvAPpJX/preview,https://drive.google.com/file/d/1zReeDa-pJO2fxR8wKYV60wES2LvAPpJX/view
1JCEKTG8yKRpkqOLGrCpRRXDUzs0mZKTx,10.29228_asrjournal.71516.pdf,404151,2026-04-11T20:49:43.316Z,https://drive.google.com/file/d/1JCEKTG8yKRpkqOLGrCpRRXDUzs0mZKTx/view?usp=drivesdk,10.29228/asrjournal.71516,https://drive.google.com/file/d/1JCEKTG8yKRpkqOLGrCpRRXDUzs0mZKTx/preview,https://drive.google.com/file/d/1JCEKTG8yKRpkqOLGrCpRRXDUzs0mZKTx/view
1aW7qL5pqamPAazF9sEzHZmokcE7yv1HZ,10.3389_fpsyg.2021.641806.pdf,2441331,2026-04-11T20:49:37.148Z,https://drive.google.com/file/d/1aW7qL5pqamPAazF9sEzHZmokcE7yv1HZ/view?usp=drivesdk,10.3389/fpsyg.2021.641806,https://drive.google.com/file/d/1aW7qL5pqamPAazF9sEzHZmokcE7yv1HZ/preview,https://drive.google.com/file/d/1aW7qL5pqamPAazF9sEzHZmokcE7yv1HZ/view
1kGfIJuDjK1xvfXeA3PEQCs7OwIubzBeS,10.14295_aimj.v5i9.120.pdf,295016,2026-04-11T20:49:07.123Z,https://drive.google.com/file/d/1kGfIJuDjK1xvfXeA3PEQCs7OwIubzBeS/view?usp=drivesdk,10.14295/aimj.v5i9.120,https://drive.google.com/file/d/1kGfIJuDjK1xvfXeA3PEQCs7OwIubzBeS/preview,https://drive.google.com/file/d/1kGfIJuDjK1xvfXeA3PEQCs7OwIubzBeS/view
1F1MuxUmcQvhR-_YV3-KL5lGWA9Vibwbs,10.56916_jirpe.v4i4.1770.pdf,558854,2026-04-11T20:49:05.208Z,https://drive.google.com/file/d/1F1MuxUmcQvhR-_YV3-KL5lGWA9Vibwbs/view?usp=drivesdk,10.56916/jirpe.v4i4.1770,https://drive.google.com/file/d/1F1MuxUmcQvhR-_YV3-KL5lGWA9Vibwbs/preview,https://drive.google.com/file/d/1F1MuxUmcQvhR-_YV3-KL5lGWA9Vibwbs/view
1Cyqa2EtVPqCaZiWjESDCKN6bN6IIzSVt,10.63544_ijss.v4i2.132.pdf,1092822,2026-04-11T20:49:00.517Z,https://drive.google.com/file/d/1Cyqa2EtVPqCaZiWjESDCKN6bN6IIzSVt/view?usp=drivesdk,10.63544/ijss.v4i2.132,https://drive.google.com/file/d/1Cyqa2EtVPqCaZiWjESDCKN6bN6IIzSVt/preview,https://drive.google.com/file/d/1Cyqa2EtVPqCaZiWjESDCKN6bN6IIzSVt/view
1z4F6vwYQzgf_nUVD167oWrraA2eu-I74,10.34149_jmbr.v18i3.228.pdf,743200,2026-04-11T20:48:57.458Z,https://drive.google.com/file/d/1z4F6vwYQzgf_nUVD167oWrraA2eu-I74/view?usp=drivesdk,10.34149/jmbr.v18i3.228,https://drive.google.com/file/d/1z4F6vwYQzgf_nUVD167oWrraA2eu-I74/preview,https://drive.google.com/file/d/1z4F6vwYQzgf_nUVD167oWrraA2eu-I74/view
1C98W94E1QePgmtUyAk_CK5RnMqzr39Rz,10.52380_ijpes.2022.9.3.725.pdf,803177,2026-04-11T20:48:51.883Z,https://drive.google.com/file/d/1C98W94E1QePgmtUyAk_CK5RnMqzr39Rz/view?usp=drivesdk,10.52380/ijpes.2022.9.3.725,https://drive.google.com/file/d/1C98W94E1QePgmtUyAk_CK5RnMqzr39Rz/preview,https://drive.google.com/file/d/1C98W94E1QePgmtUyAk_CK5RnMqzr39Rz/view
1Pi_6Mp6YAuwzbtnRs4tLubiNqjAnqkgL,10.51276_edu.v3i1.216.pdf,193959,2026-04-11T20:48:46.504Z,https://drive.google.com/file/d/1Pi_6Mp6YAuwzbtnRs4tLubiNqjAnqkgL/view?usp=drivesdk,10.51276/edu.v3i1.216,https://drive.google.com/file/d/1Pi_6Mp6YAuwzbtnRs4tLubiNqjAnqkgL/preview,https://drive.google.com/file/d/1Pi_6Mp6YAuwzbtnRs4tLubiNqjAnqkgL/view
1sEjkytlW-7Rq8Vm6TJnWqNIc4R54l-8u,10.35877_454ri.eduline1285.pdf,284074,2026-04-11T20:48:42.987Z,https://drive.google.com/file/d/1sEjkytlW-7Rq8Vm6TJnWqNIc4R54l-8u/view?usp=drivesdk,10.35877/454ri.eduline1285,https://drive.google.com/file/d/1sEjkytlW-7Rq8Vm6TJnWqNIc4R54l-8u/preview,https://drive.google.com/file/d/1sEjkytlW-7Rq8Vm6TJnWqNIc4R54l-8u/view
10Rsv772_2wToy6j02ZV_RiX9wa7Nq8-W,10.61408_jaet2022v24i01.12.pdf,177087,2026-04-11T20:48:39.388Z,https://drive.google.com/file/d/10Rsv772_2wToy6j02ZV_RiX9wa7Nq8-W/view?usp=drivesdk,10.61408/jaet2022v24i01.12,https://drive.google.com/file/d/10Rsv772_2wToy6j02ZV_RiX9wa7Nq8-W/preview,https://drive.google.com/file/d/10Rsv772_2wToy6j02ZV_RiX9wa7Nq8-W/view
1ByAEEx8DwZtLP0kT1zsLqRdAh1IzwAIu,10.22178_pos.88-9.pdf,409760,2026-04-11T20:48:34.688Z,https://drive.google.com/file/d/1ByAEEx8DwZtLP0kT1zsLqRdAh1IzwAIu/view?usp=drivesdk,10.22178/pos.88-9,https://drive.google.com/file/d/1ByAEEx8DwZtLP0kT1zsLqRdAh1IzwAIu/preview,https://drive.google.com/file/d/1ByAEEx8DwZtLP0kT1zsLqRdAh1IzwAIu/view
1a5TX0FldN2OeT_93YGM4GmiOLift96OI,10.15405_ejsbs.292.pdf,509168,2026-04-11T20:48:26.480Z,https://drive.google.com/file/d/1a5TX0FldN2OeT_93YGM4GmiOLift96OI/view?usp=drivesdk,10.15405/ejsbs.292,https://drive.google.com/file/d/1a5TX0FldN2OeT_93YGM4GmiOLift96OI/preview,https://drive.google.com/file/d/1a5TX0FldN2OeT_93YGM4GmiOLift96OI/view
1eMOIwqXRA6WnhScVy3tZrrlBA15EusgR,10.2991_assehr.k.200513.015.pdf,155008,2026-04-11T20:48:22.644Z,https://drive.google.com/file/d/1eMOIwqXRA6WnhScVy3tZrrlBA15EusgR/view?usp=drivesdk,10.2991/assehr.k.200513.015,https://drive.google.com/file/d/1eMOIwqXRA6WnhScVy3tZrrlBA15EusgR/preview,https://drive.google.com/file/d/1eMOIwqXRA6WnhScVy3tZrrlBA15EusgR/view
1sDUn_mb4kBtgzeA1NOn3lEwWXMn_uklM,10.62225_2583049x.2025.5.4.4744.pdf,478363,2026-04-11T20:48:17.709Z,https://drive.google.com/file/d/1sDUn_mb4kBtgzeA1NOn3lEwWXMn_uklM/view?usp=drivesdk,10.62225/2583049x.2025.5.4.4744,https://drive.google.com/file/d/1sDUn_mb4kBtgzeA1NOn3lEwWXMn_uklM/preview,https://drive.google.com/file/d/1sDUn_mb4kBtgzeA1NOn3lEwWXMn_uklM/view
1IFRKF2UirWOs6kEPvz1f92Idc1erytr3,10.52337_pjer.v3i2.469.pdf,938602,2026-04-11T20:48:14.367Z,https://drive.google.com/file/d/1IFRKF2UirWOs6kEPvz1f92Idc1erytr3/view?usp=drivesdk,10.52337/pjer.v3i2.469,https://drive.google.com/file/d/1IFRKF2UirWOs6kEPvz1f92Idc1erytr3/preview,https://drive.google.com/file/d/1IFRKF2UirWOs6kEPvz1f92Idc1erytr3/view
1oPArPrGwGCjxRg4Vh_8BfovYdu16vlTU,10.5539_ies.v16n3p80.pdf,309545,2026-04-11T20:46:52.874Z,https://drive.google.com/file/d/1oPArPrGwGCjxRg4Vh_8BfovYdu16vlTU/view?usp=drivesdk,10.5539/ies.v16n3p80,https://drive.google.com/file/d/1oPArPrGwGCjxRg4Vh_8BfovYdu16vlTU/preview,https://drive.google.com/file/d/1oPArPrGwGCjxRg4Vh_8BfovYdu16vlTU/view
17l-c80_pPrnPF7EF6_JQijjNE-KXbJzZ,10.51574_ijrer.v3i1.1340.pdf,741920,2026-04-11T20:46:49.955Z,https://drive.google.com/file/d/17l-c80_pPrnPF7EF6_JQijjNE-KXbJzZ/view?usp=drivesdk,10.51574/ijrer.v3i1.1340,https://drive.google.com/file/d/17l-c80_pPrnPF7EF6_JQijjNE-KXbJzZ/preview,https://drive.google.com/file/d/17l-c80_pPrnPF7EF6_JQijjNE-KXbJzZ/view
1w4CShMUqvIFekhbRYeOZ7wxEJgqE3kpN,10.18844_ijlt.v13i3.5971.pdf,499711,2026-04-11T20:46:45.711Z,https://drive.google.com/file/d/1w4CShMUqvIFekhbRYeOZ7wxEJgqE3kpN/view?usp=drivesdk,10.18844/ijlt.v13i3.5971,https://drive.google.com/file/d/1w4CShMUqvIFekhbRYeOZ7wxEJgqE3kpN/preview,https://drive.google.com/file/d/1w4CShMUqvIFekhbRYeOZ7wxEJgqE3kpN/view
1hQB-l_KK9QtrL8VDZQVYI_3oOB6pwgBX,10.54784_1990-6587.1497.pdf,1595882,2026-04-11T20:46:41.545Z,https://drive.google.com/file/d/1hQB-l_KK9QtrL8VDZQVYI_3oOB6pwgBX/view?usp=drivesdk,10.54784/1990-6587.1497,https://drive.google.com/file/d/1hQB-l_KK9QtrL8VDZQVYI_3oOB6pwgBX/preview,https://drive.google.com/file/d/1hQB-l_KK9QtrL8VDZQVYI_3oOB6pwgBX/view
1gc0fFuSt_5eC_ioM4MqGGl_YVqMQFyiE,10.30954_2230-7311.2.2024.8.pdf,295160,2026-04-11T20:46:35.720Z,https://drive.google.com/file/d/1gc0fFuSt_5eC_ioM4MqGGl_YVqMQFyiE/view?usp=drivesdk,10.30954/2230-7311.2.2024.8,https://drive.google.com/file/d/1gc0fFuSt_5eC_ioM4MqGGl_YVqMQFyiE/preview,https://drive.google.com/file/d/1gc0fFuSt_5eC_ioM4MqGGl_YVqMQFyiE/view
1MtZKazTHprftNf-8bSu9J2kTJupWi9jh,10.24036_ijeds.v6i2.472.pdf,311773,2026-04-11T20:46:32.798Z,https://drive.google.com/file/d/1MtZKazTHprftNf-8bSu9J2kTJupWi9jh/view?usp=drivesdk,10.24036/ijeds.v6i2.472,https://drive.google.com/file/d/1MtZKazTHprftNf-8bSu9J2kTJupWi9jh/preview,https://drive.google.com/file/d/1MtZKazTHprftNf-8bSu9J2kTJupWi9jh/view
1DMcRaL2T6p3tQHPOexW_DqM78jvPrdon,10.11594_jk6em.04.02.06.pdf,654154,2026-04-11T20:46:28.116Z,https://drive.google.com/file/d/1DMcRaL2T6p3tQHPOexW_DqM78jvPrdon/view?usp=drivesdk,10.11594/jk6em.04.02.06,https://drive.google.com/file/d/1DMcRaL2T6p3tQHPOexW_DqM78jvPrdon/preview,https://drive.google.com/file/d/1DMcRaL2T6p3tQHPOexW_DqM78jvPrdon/view
1ADEVHtrkeVuLrK7WxMFSgMrhxvnub_Em,10.35723_ajie.v8i2.399.pdf,461856,2026-04-11T20:45:49.398Z,https://drive.google.com/file/d/1ADEVHtrkeVuLrK7WxMFSgMrhxvnub_Em/view?usp=drivesdk,10.35723/ajie.v8i2.399,https://drive.google.com/file/d/1ADEVHtrkeVuLrK7WxMFSgMrhxvnub_Em/preview,https://drive.google.com/file/d/1ADEVHtrkeVuLrK7WxMFSgMrhxvnub_Em/view
1PymBkXK8M-dYU0vblfkRB6s4eNQvRu_d,10.4102_sajce.v10i1.617.pdf,607144,2026-04-11T20:45:46.097Z,https://drive.google.com/file/d/1PymBkXK8M-dYU0vblfkRB6s4eNQvRu_d/view?usp=drivesdk,10.4102/sajce.v10i1.617,https://drive.google.com/file/d/1PymBkXK8M-dYU0vblfkRB6s4eNQvRu_d/preview,https://drive.google.com/file/d/1PymBkXK8M-dYU0vblfkRB6s4eNQvRu_d/view
1DGChvQJKxAq0pSfLHOAqpgVemrpkuaDb,10.37134_saecj.vol9.no2.6.2020.pdf,281924,2026-04-11T20:45:34.572Z,https://drive.google.com/file/d/1DGChvQJKxAq0pSfLHOAqpgVemrpkuaDb/view?usp=drivesdk,10.37134/saecj.vol9.no2.6.2020,https://drive.google.com/file/d/1DGChvQJKxAq0pSfLHOAqpgVemrpkuaDb/preview,https://drive.google.com/file/d/1DGChvQJKxAq0pSfLHOAqpgVemrpkuaDb/view
1vd6mo0yUOkiYuEpI0q5m3gDXx6ONF0DT,10.7176_jep_12-13-04.pdf,364274,2026-04-11T20:45:29.814Z,https://drive.google.com/file/d/1vd6mo0yUOkiYuEpI0q5m3gDXx6ONF0DT/view?usp=drivesdk,10.7176/jep_12-13-04,https://drive.google.com/file/d/1vd6mo0yUOkiYuEpI0q5m3gDXx6ONF0DT/preview,https://drive.google.com/file/d/1vd6mo0yUOkiYuEpI0q5m3gDXx6ONF0DT/view
1XE8bMet2f5SC72XyvKVQpNDNZfuyWBU1,10.54298_ijith.v2i2.130.pdf,470959,2026-04-11T20:45:27.610Z,https://drive.google.com/file/d/1XE8bMet2f5SC72XyvKVQpNDNZfuyWBU1/view?usp=drivesdk,10.54298/ijith.v2i2.130,https://drive.google.com/file/d/1XE8bMet2f5SC72XyvKVQpNDNZfuyWBU1/preview,https://drive.google.com/file/d/1XE8bMet2f5SC72XyvKVQpNDNZfuyWBU1/view
13A8J94rOZKzctkBzVzM76xGnFGl--0DD,10.61987_edsojou.v2i2.711.pdf,214735,2026-04-11T20:45:23.537Z,https://drive.google.com/file/d/13A8J94rOZKzctkBzVzM76xGnFGl--0DD/view?usp=drivesdk,10.61987/edsojou.v2i2.711,https://drive.google.com/file/d/13A8J94rOZKzctkBzVzM76xGnFGl--0DD/preview,https://drive.google.com/file/d/13A8J94rOZKzctkBzVzM76xGnFGl--0DD/view
1EkZ4iISyCvgUtyiZvxQu-ArBjI-j8Dq2,10.55056_cte.684.pdf,599500,2026-04-11T20:44:46.946Z,https://drive.google.com/file/d/1EkZ4iISyCvgUtyiZvxQu-ArBjI-j8Dq2/view?usp=drivesdk,10.55056/cte.684,https://drive.google.com/file/d/1EkZ4iISyCvgUtyiZvxQu-ArBjI-j8Dq2/preview,https://drive.google.com/file/d/1EkZ4iISyCvgUtyiZvxQu-ArBjI-j8Dq2/view
1IKxrS81_Zy7efn4B4ep5dn_n-QHT-7wG,10.55942_jebl.v5i4.855.pdf,268366,2026-04-11T20:44:39.318Z,https://drive.google.com/file/d/1IKxrS81_Zy7efn4B4ep5dn_n-QHT-7wG/view?usp=drivesdk,10.55942/jebl.v5i4.855,https://drive.google.com/file/d/1IKxrS81_Zy7efn4B4ep5dn_n-QHT-7wG/preview,https://drive.google.com/file/d/1IKxrS81_Zy7efn4B4ep5dn_n-QHT-7wG/view
1kzjWBPE6P5qOO_6hJ0Pl2BD5Da6WDRlY,10.2991_978-2-38476-004-6_62.pdf,157100,2026-04-11T20:44:01.424Z,https://drive.google.com/file/d/1kzjWBPE6P5qOO_6hJ0Pl2BD5Da6WDRlY/view?usp=drivesdk,10.2991/978-2-38476-004-6_62,https://drive.google.com/file/d/1kzjWBPE6P5qOO_6hJ0Pl2BD5Da6WDRlY/preview,https://drive.google.com/file/d/1kzjWBPE6P5qOO_6hJ0Pl2BD5Da6WDRlY/view
1KiY3OULerc7XUdD8NKUYgrhNFlfzSV_C,10.21831_jpv.v10i2.29981.pdf,415965,2026-04-11T20:43:58.218Z,https://drive.google.com/file/d/1KiY3OULerc7XUdD8NKUYgrhNFlfzSV_C/view?usp=drivesdk,10.21831/jpv.v10i2.29981,https://drive.google.com/file/d/1KiY3OULerc7XUdD8NKUYgrhNFlfzSV_C/preview,https://drive.google.com/file/d/1KiY3OULerc7XUdD8NKUYgrhNFlfzSV_C/view
19lBM87GcK5rYNqEbh8m5Az_MJQCuYsa_,10.24036_jptk.v5i2.27123.pdf,369362,2026-04-11T20:43:48.669Z,https://drive.google.com/file/d/19lBM87GcK5rYNqEbh8m5Az_MJQCuYsa_/view?usp=drivesdk,10.24036/jptk.v5i2.27123,https://drive.google.com/file/d/19lBM87GcK5rYNqEbh8m5Az_MJQCuYsa_/preview,https://drive.google.com/file/d/19lBM87GcK5rYNqEbh8m5Az_MJQCuYsa_/view
1ngyNMlL72IBuTsbCahQIe92kQrp9G9Wg,10.11591_edulearn.v19i3.22012.pdf,300997,2026-04-11T20:43:41.892Z,https://drive.google.com/file/d/1ngyNMlL72IBuTsbCahQIe92kQrp9G9Wg/view?usp=drivesdk,10.11591/edulearn.v19i3.22012,https://drive.google.com/file/d/1ngyNMlL72IBuTsbCahQIe92kQrp9G9Wg/preview,https://drive.google.com/file/d/1ngyNMlL72IBuTsbCahQIe92kQrp9G9Wg/view
1Ngi1GGDC6yCNHn-nmteWanJR6IALpzlJ,10.33262_ap.v5i4.410.pdf,1569181,2026-04-11T20:43:35.444Z,https://drive.google.com/file/d/1Ngi1GGDC6yCNHn-nmteWanJR6IALpzlJ/view?usp=drivesdk,10.33262/ap.v5i4.410,https://drive.google.com/file/d/1Ngi1GGDC6yCNHn-nmteWanJR6IALpzlJ/preview,https://drive.google.com/file/d/1Ngi1GGDC6yCNHn-nmteWanJR6IALpzlJ/view
1h9nkVGsezIhKoeBORE8rDAveRK_odFPz,10.1007_978-3-030-41882-3_4.pdf,474758,2026-04-11T20:43:24.724Z,https://drive.google.com/file/d/1h9nkVGsezIhKoeBORE8rDAveRK_odFPz/view?usp=drivesdk,10.1007/978-3-030-41882-3_4,https://drive.google.com/file/d/1h9nkVGsezIhKoeBORE8rDAveRK_odFPz/preview,https://drive.google.com/file/d/1h9nkVGsezIhKoeBORE8rDAveRK_odFPz/view
117mZKwspJ7KktyEbEkh1a-eBHT2mGAPn,10.70287_epistemic.v1i1.3.pdf,382787,2026-04-11T20:43:18.451Z,https://drive.google.com/file/d/117mZKwspJ7KktyEbEkh1a-eBHT2mGAPn/view?usp=drivesdk,10.70287/epistemic.v1i1.3,https://drive.google.com/file/d/117mZKwspJ7KktyEbEkh1a-eBHT2mGAPn/preview,https://drive.google.com/file/d/117mZKwspJ7KktyEbEkh1a-eBHT2mGAPn/view
1uQ-GqLGaSDt-WwQdHH2-eDzofwtTiFk0,10.12928_ijemi.v3i3.6056.pdf,391410,2026-04-11T20:42:02.753Z,https://drive.google.com/file/d/1uQ-GqLGaSDt-WwQdHH2-eDzofwtTiFk0/view?usp=drivesdk,10.12928/ijemi.v3i3.6056,https://drive.google.com/file/d/1uQ-GqLGaSDt-WwQdHH2-eDzofwtTiFk0/preview,https://drive.google.com/file/d/1uQ-GqLGaSDt-WwQdHH2-eDzofwtTiFk0/view
1yu8n7ogLvRQt-vIR60-TD4VXufJDpWRs,10.5926_jjep.68.147.pdf,955130,2026-04-11T20:41:56.243Z,https://drive.google.com/file/d/1yu8n7ogLvRQt-vIR60-TD4VXufJDpWRs/view?usp=drivesdk,10.5926/jjep.68.147,https://drive.google.com/file/d/1yu8n7ogLvRQt-vIR60-TD4VXufJDpWRs/preview,https://drive.google.com/file/d/1yu8n7ogLvRQt-vIR60-TD4VXufJDpWRs/view
16Fr4DPVSKawAQLH9a81bgkY07k53jX50,10.20952_revtee.v13i32.13168.pdf,817281,2026-04-11T20:41:51.006Z,https://drive.google.com/file/d/16Fr4DPVSKawAQLH9a81bgkY07k53jX50/view?usp=drivesdk,10.20952/revtee.v13i32.13168,https://drive.google.com/file/d/16Fr4DPVSKawAQLH9a81bgkY07k53jX50/preview,https://drive.google.com/file/d/16Fr4DPVSKawAQLH9a81bgkY07k53jX50/view
13bNIg62N7Ys6TIww90yNlHlkYiREkTPB,10.24023_futurejournal_2175-5825_2020.v12i3.517.pdf,658424,2026-04-11T20:41:47.404Z,https://drive.google.com/file/d/13bNIg62N7Ys6TIww90yNlHlkYiREkTPB/view?usp=drivesdk,10.24023/futurejournal_2175-5825_2020.v12i3.517,https://drive.google.com/file/d/13bNIg62N7Ys6TIww90yNlHlkYiREkTPB/preview,https://drive.google.com/file/d/13bNIg62N7Ys6TIww90yNlHlkYiREkTPB/view
1wK411y2jAzSHxp5MmV9xQZvgpf-bvDWW,10.31538_cjotl.v3i1.428.pdf,186981,2026-04-11T20:41:44.079Z,https://drive.google.com/file/d/1wK411y2jAzSHxp5MmV9xQZvgpf-bvDWW/view?usp=drivesdk,10.31538/cjotl.v3i1.428,https://drive.google.com/file/d/1wK411y2jAzSHxp5MmV9xQZvgpf-bvDWW/preview,https://drive.google.com/file/d/1wK411y2jAzSHxp5MmV9xQZvgpf-bvDWW/view
1EAInB71_8VNqitXeoUUzDuBBIX1myhug,10.11648_j.edu.20221101.13.pdf,42,2026-04-11T20:41:37.971Z,https://drive.google.com/file/d/1EAInB71_8VNqitXeoUUzDuBBIX1myhug/view?usp=drivesdk,10.11648/j.edu.20221101.13,https://drive.google.com/file/d/1EAInB71_8VNqitXeoUUzDuBBIX1myhug/preview,https://drive.google.com/file/d/1EAInB71_8VNqitXeoUUzDuBBIX1myhug/view
1tAX2KAxs1Ljb-np4VYf0OE30DwWr2W9d,10.18662_rrem_217.pdf,453748,2026-04-11T20:41:33.834Z,https://drive.google.com/file/d/1tAX2KAxs1Ljb-np4VYf0OE30DwWr2W9d/view?usp=drivesdk,10.18662/rrem_217,https://drive.google.com/file/d/1tAX2KAxs1Ljb-np4VYf0OE30DwWr2W9d/preview,https://drive.google.com/file/d/1tAX2KAxs1Ljb-np4VYf0OE30DwWr2W9d/view
11PzbnDuO4NEIN-I-uI9kRIAshA8POudD,10.17275_per.22.58.9.3.pdf,388288,2026-04-11T20:41:30.083Z,https://drive.google.com/file/d/11PzbnDuO4NEIN-I-uI9kRIAshA8POudD/view?usp=drivesdk,10.17275/per.22.58.9.3,https://drive.google.com/file/d/11PzbnDuO4NEIN-I-uI9kRIAshA8POudD/preview,https://drive.google.com/file/d/11PzbnDuO4NEIN-I-uI9kRIAshA8POudD/view
1dZYUP283ejGCW5mzpKCyD2nuC5cVByZP,10.26858_jiap.v9i2.12333.pdf,259284,2026-04-11T20:41:27.012Z,https://drive.google.com/file/d/1dZYUP283ejGCW5mzpKCyD2nuC5cVByZP/view?usp=drivesdk,10.26858/jiap.v9i2.12333,https://drive.google.com/file/d/1dZYUP283ejGCW5mzpKCyD2nuC5cVByZP/preview,https://drive.google.com/file/d/1dZYUP283ejGCW5mzpKCyD2nuC5cVByZP/view
1iZU4JCtau67HYyBHAscSyB13y9indebp,10.47672_ajlg.1036.pdf,585814,2026-04-11T20:41:17.674Z,https://drive.google.com/file/d/1iZU4JCtau67HYyBHAscSyB13y9indebp/view?usp=drivesdk,10.47672/ajlg.1036,https://drive.google.com/file/d/1iZU4JCtau67HYyBHAscSyB13y9indebp/preview,https://drive.google.com/file/d/1iZU4JCtau67HYyBHAscSyB13y9indebp/view
1kCwJsbfCICzdPwuAe-4TepttcMKnVALy,10.17762_pae.v58i1.955.pdf,421378,2026-04-11T20:41:14.800Z,https://drive.google.com/file/d/1kCwJsbfCICzdPwuAe-4TepttcMKnVALy/view?usp=drivesdk,10.17762/pae.v58i1.955,https://drive.google.com/file/d/1kCwJsbfCICzdPwuAe-4TepttcMKnVALy/preview,https://drive.google.com/file/d/1kCwJsbfCICzdPwuAe-4TepttcMKnVALy/view
1EPHoL-dGq8M3KqtvJzzIuZQ98f1sabrE,10.25212_lfu.qzj.7.2.26.pdf,590451,2026-04-11T20:41:08.365Z,https://drive.google.com/file/d/1EPHoL-dGq8M3KqtvJzzIuZQ98f1sabrE/view?usp=drivesdk,10.25212/lfu.qzj.7.2.26,https://drive.google.com/file/d/1EPHoL-dGq8M3KqtvJzzIuZQ98f1sabrE/preview,https://drive.google.com/file/d/1EPHoL-dGq8M3KqtvJzzIuZQ98f1sabrE/view
1c3BbVS7xbmQRf0eB0vabuP89zDZKrMbR,10.1186_s12916-020-01539-4.pdf,813653,2026-04-11T20:40:59.596Z,https://drive.google.com/file/d/1c3BbVS7xbmQRf0eB0vabuP89zDZKrMbR/view?usp=drivesdk,10.1186/s12916-020-01539-4,https://drive.google.com/file/d/1c3BbVS7xbmQRf0eB0vabuP89zDZKrMbR/preview,https://drive.google.com/file/d/1c3BbVS7xbmQRf0eB0vabuP89zDZKrMbR/view
1rjjPMGh3LMBBfzFxSYy-jckS9g0WNBbZ,10.3389_feduc.2023.1228181.pdf,758742,2026-04-11T20:40:49.866Z,https://drive.google.com/file/d/1rjjPMGh3LMBBfzFxSYy-jckS9g0WNBbZ/view?usp=drivesdk,10.3389/feduc.2023.1228181,https://drive.google.com/file/d/1rjjPMGh3LMBBfzFxSYy-jckS9g0WNBbZ/preview,https://drive.google.com/file/d/1rjjPMGh3LMBBfzFxSYy-jckS9g0WNBbZ/view
1YcNFz5ug5jSkA5sZgwnf8ndiQBI411tO,10.30828_real.1134984.pdf,726723,2026-04-11T20:40:42.052Z,https://drive.google.com/file/d/1YcNFz5ug5jSkA5sZgwnf8ndiQBI411tO/view?usp=drivesdk,10.30828/real.1134984,https://drive.google.com/file/d/1YcNFz5ug5jSkA5sZgwnf8ndiQBI411tO/preview,https://drive.google.com/file/d/1YcNFz5ug5jSkA5sZgwnf8ndiQBI411tO/view
1SKa9Jj24TtI1lWFxCIdzxCbJSxP7rMoc,10.55041_ijsrem17618.pdf,484559,2026-04-11T20:40:38.490Z,https://drive.google.com/file/d/1SKa9Jj24TtI1lWFxCIdzxCbJSxP7rMoc/view?usp=drivesdk,10.55041/ijsrem17618,https://drive.google.com/file/d/1SKa9Jj24TtI1lWFxCIdzxCbJSxP7rMoc/preview,https://drive.google.com/file/d/1SKa9Jj24TtI1lWFxCIdzxCbJSxP7rMoc/view
1S9nshssWe1_FL-jKq1HNs52wiHeu9bqm,10.46303_repam.2023.33.pdf,1090940,2026-04-11T20:40:32.638Z,https://drive.google.com/file/d/1S9nshssWe1_FL-jKq1HNs52wiHeu9bqm/view?usp=drivesdk,10.46303/repam.2023.33,https://drive.google.com/file/d/1S9nshssWe1_FL-jKq1HNs52wiHeu9bqm/preview,https://drive.google.com/file/d/1S9nshssWe1_FL-jKq1HNs52wiHeu9bqm/view
1F5Q4gOo2Is0a8_PsfG3icDdzbm33uTe0,10.17762_ijnpme.v10i01.93.pdf,565668,2026-04-11T20:40:24.303Z,https://drive.google.com/file/d/1F5Q4gOo2Is0a8_PsfG3icDdzbm33uTe0/view?usp=drivesdk,10.17762/ijnpme.v10i01.93,https://drive.google.com/file/d/1F5Q4gOo2Is0a8_PsfG3icDdzbm33uTe0/preview,https://drive.google.com/file/d/1F5Q4gOo2Is0a8_PsfG3icDdzbm33uTe0/view
1WQdz2BRpZQHel2Wa5ZUsFGkb5_wysL5J,10.11591_ijere.v12i2.24948.pdf,376835,2026-04-11T20:40:19.804Z,https://drive.google.com/file/d/1WQdz2BRpZQHel2Wa5ZUsFGkb5_wysL5J/view?usp=drivesdk,10.11591/ijere.v12i2.24948,https://drive.google.com/file/d/1WQdz2BRpZQHel2Wa5ZUsFGkb5_wysL5J/preview,https://drive.google.com/file/d/1WQdz2BRpZQHel2Wa5ZUsFGkb5_wysL5J/view
15-Y8iM64huOBJN1PrEhjAnbAL2r1m3bX,10.32629_jher.v3i4.913.pdf,271457,2026-04-11T20:40:15.864Z,https://drive.google.com/file/d/15-Y8iM64huOBJN1PrEhjAnbAL2r1m3bX/view?usp=drivesdk,10.32629/jher.v3i4.913,https://drive.google.com/file/d/15-Y8iM64huOBJN1PrEhjAnbAL2r1m3bX/preview,https://drive.google.com/file/d/15-Y8iM64huOBJN1PrEhjAnbAL2r1m3bX/view
1JGDkGaoG8lpOcjwekE-Hwh07b_3VNe3W,10.46303_repam.2023.16.pdf,1660335,2026-04-11T20:40:12.250Z,https://drive.google.com/file/d/1JGDkGaoG8lpOcjwekE-Hwh07b_3VNe3W/view?usp=drivesdk,10.46303/repam.2023.16,https://drive.google.com/file/d/1JGDkGaoG8lpOcjwekE-Hwh07b_3VNe3W/preview,https://drive.google.com/file/d/1JGDkGaoG8lpOcjwekE-Hwh07b_3VNe3W/view
1K5WNetn9p0yKo4oNYvJ1rL6fQN-7u-si,10.22161_ijels.83.18.pdf,259501,2026-04-11T20:40:00.811Z,https://drive.google.com/file/d/1K5WNetn9p0yKo4oNYvJ1rL6fQN-7u-si/view?usp=drivesdk,10.22161/ijels.83.18,https://drive.google.com/file/d/1K5WNetn9p0yKo4oNYvJ1rL6fQN-7u-si/preview,https://drive.google.com/file/d/1K5WNetn9p0yKo4oNYvJ1rL6fQN-7u-si/view
1sltmikKydQojv82LlIc1pu6BvzHgcVQp,10.47836_pjssh.31.1.21.pdf,591608,2026-04-11T20:39:56.898Z,https://drive.google.com/file/d/1sltmikKydQojv82LlIc1pu6BvzHgcVQp/view?usp=drivesdk,10.47836/pjssh.31.1.21,https://drive.google.com/file/d/1sltmikKydQojv82LlIc1pu6BvzHgcVQp/preview,https://drive.google.com/file/d/1sltmikKydQojv82LlIc1pu6BvzHgcVQp/view
16SgopJo3s5lNAkjnExBK3YHjFQRIEkgd,10.37729_scripta.v7i2.830.pdf,235191,2026-04-11T20:39:51.909Z,https://drive.google.com/file/d/16SgopJo3s5lNAkjnExBK3YHjFQRIEkgd/view?usp=drivesdk,10.37729/scripta.v7i2.830,https://drive.google.com/file/d/16SgopJo3s5lNAkjnExBK3YHjFQRIEkgd/preview,https://drive.google.com/file/d/16SgopJo3s5lNAkjnExBK3YHjFQRIEkgd/view
1ytujWazuBOHXgYQ32-zXTBywKJUkxmb8,10.14421_jpai.v21i1.8632.pdf,278302,2026-04-11T20:39:41.311Z,https://drive.google.com/file/d/1ytujWazuBOHXgYQ32-zXTBywKJUkxmb8/view?usp=drivesdk,10.14421/jpai.v21i1.8632,https://drive.google.com/file/d/1ytujWazuBOHXgYQ32-zXTBywKJUkxmb8/preview,https://drive.google.com/file/d/1ytujWazuBOHXgYQ32-zXTBywKJUkxmb8/view
1R9ky-Qnj_clICPexANGOpLIjWY59JC4w,10.5937_straman2200009j.pdf,426179,2026-04-11T20:39:37.229Z,https://drive.google.com/file/d/1R9ky-Qnj_clICPexANGOpLIjWY59JC4w/view?usp=drivesdk,10.5937/straman2200009j,https://drive.google.com/file/d/1R9ky-Qnj_clICPexANGOpLIjWY59JC4w/preview,https://drive.google.com/file/d/1R9ky-Qnj_clICPexANGOpLIjWY59JC4w/view
1XDJPv0pNozQTCINpGwgXN-bxjS1n4tBp,10.57125_fed.2023.06.25.05.pdf,581388,2026-04-11T20:39:03.253Z,https://drive.google.com/file/d/1XDJPv0pNozQTCINpGwgXN-bxjS1n4tBp/view?usp=drivesdk,10.57125/fed.2023.06.25.05,https://drive.google.com/file/d/1XDJPv0pNozQTCINpGwgXN-bxjS1n4tBp/preview,https://drive.google.com/file/d/1XDJPv0pNozQTCINpGwgXN-bxjS1n4tBp/view
1LKIRPiCjJ2-T_4CrcxyKoiio6vWj2ZQN,10.1007_978-981-16-9640-4_9.pdf,221176,2026-04-11T20:39:00.129Z,https://drive.google.com/file/d/1LKIRPiCjJ2-T_4CrcxyKoiio6vWj2ZQN/view?usp=drivesdk,10.1007/978-981-16-9640-4_9,https://drive.google.com/file/d/1LKIRPiCjJ2-T_4CrcxyKoiio6vWj2ZQN/preview,https://drive.google.com/file/d/1LKIRPiCjJ2-T_4CrcxyKoiio6vWj2ZQN/view
19X_F_CDELye6iS4EtnOhr1lCG-07lgxu,10.2991_assehr.k.210615.042.pdf,199772,2026-04-11T20:38:52.423Z,https://drive.google.com/file/d/19X_F_CDELye6iS4EtnOhr1lCG-07lgxu/view?usp=drivesdk,10.2991/assehr.k.210615.042,https://drive.google.com/file/d/19X_F_CDELye6iS4EtnOhr1lCG-07lgxu/preview,https://drive.google.com/file/d/19X_F_CDELye6iS4EtnOhr1lCG-07lgxu/view
1hJlOIvIAcDcHFtBCiX5fBqrpZfKY12bc,10.18178_ijiet.2020.10.9.1446.pdf,2410153,2026-04-11T20:38:50.440Z,https://drive.google.com/file/d/1hJlOIvIAcDcHFtBCiX5fBqrpZfKY12bc/view?usp=drivesdk,10.18178/ijiet.2020.10.9.1446,https://drive.google.com/file/d/1hJlOIvIAcDcHFtBCiX5fBqrpZfKY12bc/preview,https://drive.google.com/file/d/1hJlOIvIAcDcHFtBCiX5fBqrpZfKY12bc/view
1QPHwu_woxjc_rEZ9MMp7RDbCoIq8lnb_,10.33422_ejte.2020.01.15.pdf,399066,2026-04-11T20:38:41.057Z,https://drive.google.com/file/d/1QPHwu_woxjc_rEZ9MMp7RDbCoIq8lnb_/view?usp=drivesdk,10.33422/ejte.2020.01.15,https://drive.google.com/file/d/1QPHwu_woxjc_rEZ9MMp7RDbCoIq8lnb_/preview,https://drive.google.com/file/d/1QPHwu_woxjc_rEZ9MMp7RDbCoIq8lnb_/view
17OTgiATDk0e8_s6BKsNDj7FllyLcwHuy,10.25147_ijcsr.2017.001.1.74.pdf,999107,2026-04-11T20:38:37.258Z,https://drive.google.com/file/d/17OTgiATDk0e8_s6BKsNDj7FllyLcwHuy/view?usp=drivesdk,10.25147/ijcsr.2017.001.1.74,https://drive.google.com/file/d/17OTgiATDk0e8_s6BKsNDj7FllyLcwHuy/preview,https://drive.google.com/file/d/17OTgiATDk0e8_s6BKsNDj7FllyLcwHuy/view
1Y8-njkJwgvNO-retgWPgWksfhjuzPwdG,10.36941_jesr-2020-0001.pdf,245083,2026-04-11T20:38:32.359Z,https://drive.google.com/file/d/1Y8-njkJwgvNO-retgWPgWksfhjuzPwdG/view?usp=drivesdk,10.36941/jesr-2020-0001,https://drive.google.com/file/d/1Y8-njkJwgvNO-retgWPgWksfhjuzPwdG/preview,https://drive.google.com/file/d/1Y8-njkJwgvNO-retgWPgWksfhjuzPwdG/view
1ehkg2QhzSxR3MPpQ8ljJeFvEFHrbRUYf,10.52223_jssa20-010104-04.pdf,630698,2026-04-11T20:38:29.001Z,https://drive.google.com/file/d/1ehkg2QhzSxR3MPpQ8ljJeFvEFHrbRUYf/view?usp=drivesdk,10.52223/jssa20-010104-04,https://drive.google.com/file/d/1ehkg2QhzSxR3MPpQ8ljJeFvEFHrbRUYf/preview,https://drive.google.com/file/d/1ehkg2QhzSxR3MPpQ8ljJeFvEFHrbRUYf/view
1BpSu01sNM6B4Vxw7ZCBNNow-SDehpovv,10.29333_aje.2020.511a.pdf,415738,2026-04-11T20:38:13.400Z,https://drive.google.com/file/d/1BpSu01sNM6B4Vxw7ZCBNNow-SDehpovv/view?usp=drivesdk,10.29333/aje.2020.511a,https://drive.google.com/file/d/1BpSu01sNM6B4Vxw7ZCBNNow-SDehpovv/preview,https://drive.google.com/file/d/1BpSu01sNM6B4Vxw7ZCBNNow-SDehpovv/view
1WEGVPBihg3IlVacT75NKxBiN_iVS0Gp7,10.20525_ijrbs.v12i6.2708.pdf,272172,2026-04-11T20:38:02.352Z,https://drive.google.com/file/d/1WEGVPBihg3IlVacT75NKxBiN_iVS0Gp7/view?usp=drivesdk,10.20525/ijrbs.v12i6.2708,https://drive.google.com/file/d/1WEGVPBihg3IlVacT75NKxBiN_iVS0Gp7/preview,https://drive.google.com/file/d/1WEGVPBihg3IlVacT75NKxBiN_iVS0Gp7/view
1WoSPTN5SloPfkzp-RHyqVbIBfkT1r08I,10.46303_ressat.2021.35.pdf,326152,2026-04-11T20:37:57.976Z,https://drive.google.com/file/d/1WoSPTN5SloPfkzp-RHyqVbIBfkT1r08I/view?usp=drivesdk,10.46303/ressat.2021.35,https://drive.google.com/file/d/1WoSPTN5SloPfkzp-RHyqVbIBfkT1r08I/preview,https://drive.google.com/file/d/1WoSPTN5SloPfkzp-RHyqVbIBfkT1r08I/view
1rxHxICcpi-pSe48p5YmoSd3nbnMnUtgc,10.5539_ies.v14n1p115.pdf,295835,2026-04-11T20:37:53.396Z,https://drive.google.com/file/d/1rxHxICcpi-pSe48p5YmoSd3nbnMnUtgc/view?usp=drivesdk,10.5539/ies.v14n1p115,https://drive.google.com/file/d/1rxHxICcpi-pSe48p5YmoSd3nbnMnUtgc/preview,https://drive.google.com/file/d/1rxHxICcpi-pSe48p5YmoSd3nbnMnUtgc/view
19pO-Omq6NSPxYq6AhWquMM3GDA8Q6Wmk,10.5897_err2020.4076.pdf,445946,2026-04-11T20:37:43.088Z,https://drive.google.com/file/d/19pO-Omq6NSPxYq6AhWquMM3GDA8Q6Wmk/view?usp=drivesdk,10.5897/err2020.4076,https://drive.google.com/file/d/19pO-Omq6NSPxYq6AhWquMM3GDA8Q6Wmk/preview,https://drive.google.com/file/d/19pO-Omq6NSPxYq6AhWquMM3GDA8Q6Wmk/view
1oKyXSDehIM2o40l8HMLnFyjyvycCqw6M,10.1007_s10758-022-09631-9.pdf,1033384,2026-04-11T20:37:34.914Z,https://drive.google.com/file/d/1oKyXSDehIM2o40l8HMLnFyjyvycCqw6M/view?usp=drivesdk,10.1007/s10758-022-09631-9,https://drive.google.com/file/d/1oKyXSDehIM2o40l8HMLnFyjyvycCqw6M/preview,https://drive.google.com/file/d/1oKyXSDehIM2o40l8HMLnFyjyvycCqw6M/view
1RgaLQjX4adp8E6mISmC7vc1PE1blNE-q,10.11591_ijere.v10i1.20953.pdf,496665,2026-04-11T20:37:28.379Z,https://drive.google.com/file/d/1RgaLQjX4adp8E6mISmC7vc1PE1blNE-q/view?usp=drivesdk,10.11591/ijere.v10i1.20953,https://drive.google.com/file/d/1RgaLQjX4adp8E6mISmC7vc1PE1blNE-q/preview,https://drive.google.com/file/d/1RgaLQjX4adp8E6mISmC7vc1PE1blNE-q/view
1rLMRWfEIoKOcRqPxnuA6yXTYpwc75F4c,10.18844_cjes.v16i2.5638.pdf,480430,2026-04-11T20:37:19.942Z,https://drive.google.com/file/d/1rLMRWfEIoKOcRqPxnuA6yXTYpwc75F4c/view?usp=drivesdk,10.18844/cjes.v16i2.5638,https://drive.google.com/file/d/1rLMRWfEIoKOcRqPxnuA6yXTYpwc75F4c/preview,https://drive.google.com/file/d/1rLMRWfEIoKOcRqPxnuA6yXTYpwc75F4c/view
123toS6E_czS7QpTQ2wHotl7voXXZbz46,10.14421_jpi.2019.82.239-258.pdf,392828,2026-04-11T20:37:15.914Z,https://drive.google.com/file/d/123toS6E_czS7QpTQ2wHotl7voXXZbz46/view?usp=drivesdk,10.14421/jpi.2019.82.239-258,https://drive.google.com/file/d/123toS6E_czS7QpTQ2wHotl7voXXZbz46/preview,https://drive.google.com/file/d/123toS6E_czS7QpTQ2wHotl7voXXZbz46/view
1GxRk9UdO2rUifJV_ENMFfjY972mnGdgc,10.21501_9786287765061.11.pdf,388308,2026-04-11T20:37:08.850Z,https://drive.google.com/file/d/1GxRk9UdO2rUifJV_ENMFfjY972mnGdgc/view?usp=drivesdk,10.21501/9786287765061.11,https://drive.google.com/file/d/1GxRk9UdO2rUifJV_ENMFfjY972mnGdgc/preview,https://drive.google.com/file/d/1GxRk9UdO2rUifJV_ENMFfjY972mnGdgc/view
1zdolcrEDSesafHdQBX0Y-_5nyq8bHqVm,10.29394_scientific.issn.2542-2987.2025.10.e2.5.107-128.pdf,350973,2026-04-11T20:37:06.383Z,https://drive.google.com/file/d/1zdolcrEDSesafHdQBX0Y-_5nyq8bHqVm/view?usp=drivesdk,10.29394/scientific.issn.2542-2987.2025.10.e2.5.107-128,https://drive.google.com/file/d/1zdolcrEDSesafHdQBX0Y-_5nyq8bHqVm/preview,https://drive.google.com/file/d/1zdolcrEDSesafHdQBX0Y-_5nyq8bHqVm/view
17hmlqXKuL699UmwN_x0ckiZXkxbu4Q7G,10.47422_ac.v3i3.94.pdf,403996,2026-04-11T20:36:30.473Z,https://drive.google.com/file/d/17hmlqXKuL699UmwN_x0ckiZXkxbu4Q7G/view?usp=drivesdk,10.47422/ac.v3i3.94,https://drive.google.com/file/d/17hmlqXKuL699UmwN_x0ckiZXkxbu4Q7G/preview,https://drive.google.com/file/d/17hmlqXKuL699UmwN_x0ckiZXkxbu4Q7G/view
1n535lwHd2TwTV-tkGoH_BeQRulAvs_f7,10.33262_ap.v4i1.1.154.pdf,1922202,2026-04-11T20:35:56.466Z,https://drive.google.com/file/d/1n535lwHd2TwTV-tkGoH_BeQRulAvs_f7/view?usp=drivesdk,10.33262/ap.v4i1.1.154,https://drive.google.com/file/d/1n535lwHd2TwTV-tkGoH_BeQRulAvs_f7/preview,https://drive.google.com/file/d/1n535lwHd2TwTV-tkGoH_BeQRulAvs_f7/view
1RJQX-GaHHUhcfiFXqIrASU16_N-g2HnM,10.56712_latam.v5i1.1712.pdf,573533,2026-04-11T20:35:53.600Z,https://drive.google.com/file/d/1RJQX-GaHHUhcfiFXqIrASU16_N-g2HnM/view?usp=drivesdk,10.56712/latam.v5i1.1712,https://drive.google.com/file/d/1RJQX-GaHHUhcfiFXqIrASU16_N-g2HnM/preview,https://drive.google.com/file/d/1RJQX-GaHHUhcfiFXqIrASU16_N-g2HnM/view
1DlrOz9fQc7iy-5mYlHgvw8RrEXJqFtR-,10.47554_cii.vol15.2024.pp39-46.pdf,342529,2026-04-11T20:35:51.424Z,https://drive.google.com/file/d/1DlrOz9fQc7iy-5mYlHgvw8RrEXJqFtR-/view?usp=drivesdk,10.47554/cii.vol15.2024.pp39-46,https://drive.google.com/file/d/1DlrOz9fQc7iy-5mYlHgvw8RrEXJqFtR-/preview,https://drive.google.com/file/d/1DlrOz9fQc7iy-5mYlHgvw8RrEXJqFtR-/view
1nV4eZM3OtPpVlY-SJugrMKmn5Rr3XPQf,10.53595_rlo.v2.i4.029.pdf,840325,2026-04-11T20:35:48.773Z,https://drive.google.com/file/d/1nV4eZM3OtPpVlY-SJugrMKmn5Rr3XPQf/view?usp=drivesdk,10.53595/rlo.v2.i4.029,https://drive.google.com/file/d/1nV4eZM3OtPpVlY-SJugrMKmn5Rr3XPQf/preview,https://drive.google.com/file/d/1nV4eZM3OtPpVlY-SJugrMKmn5Rr3XPQf/view
1zra3i-46yAOKPjK3BK4Xb2figot2GaFU,10.48204_j.holon.n5.a4956.pdf,1074480,2026-04-11T20:35:46.823Z,https://drive.google.com/file/d/1zra3i-46yAOKPjK3BK4Xb2figot2GaFU/view?usp=drivesdk,10.48204/j.holon.n5.a4956,https://drive.google.com/file/d/1zra3i-46yAOKPjK3BK4Xb2figot2GaFU/preview,https://drive.google.com/file/d/1zra3i-46yAOKPjK3BK4Xb2figot2GaFU/view
1gTMhhcxapwQiOMuOfMwlgZMkiDkWKmQO,10.64092_pgqs1557.pdf,2631228,2026-04-11T20:34:58.588Z,https://drive.google.com/file/d/1gTMhhcxapwQiOMuOfMwlgZMkiDkWKmQO/view?usp=drivesdk,10.64092/pgqs1557,https://drive.google.com/file/d/1gTMhhcxapwQiOMuOfMwlgZMkiDkWKmQO/preview,https://drive.google.com/file/d/1gTMhhcxapwQiOMuOfMwlgZMkiDkWKmQO/view
1-ee5Xj1j1AgxeQFvOi-bCiwankvY2QA-,10.70577_reg.v3i2.58.pdf,393476,2026-04-11T20:34:56.568Z,https://drive.google.com/file/d/1-ee5Xj1j1AgxeQFvOi-bCiwankvY2QA-/view?usp=drivesdk,10.70577/reg.v3i2.58,https://drive.google.com/file/d/1-ee5Xj1j1AgxeQFvOi-bCiwankvY2QA-/preview,https://drive.google.com/file/d/1-ee5Xj1j1AgxeQFvOi-bCiwankvY2QA-/view
1L924SoWuYDvIzJ815xqX3XNBNKwvb37F,10.29394_scientific.issn.2542-2987.2025.10.e4.3.57-78.pdf,468631,2026-04-11T20:34:54.240Z,https://drive.google.com/file/d/1L924SoWuYDvIzJ815xqX3XNBNKwvb37F/view?usp=drivesdk,10.29394/scientific.issn.2542-2987.2025.10.e4.3.57-78,https://drive.google.com/file/d/1L924SoWuYDvIzJ815xqX3XNBNKwvb37F/preview,https://drive.google.com/file/d/1L924SoWuYDvIzJ815xqX3XNBNKwvb37F/view
1VoRYKWGSlnfd3Zc4YANAbleJHUPFtcKn,10.15381_dds.n9.20324.pdf,426011,2026-04-11T20:33:48.930Z,https://drive.google.com/file/d/1VoRYKWGSlnfd3Zc4YANAbleJHUPFtcKn/view?usp=drivesdk,10.15381/dds.n9.20324,https://drive.google.com/file/d/1VoRYKWGSlnfd3Zc4YANAbleJHUPFtcKn/preview,https://drive.google.com/file/d/1VoRYKWGSlnfd3Zc4YANAbleJHUPFtcKn/view
1gqhTmLDhITRssyAQhVI5_e5n6-n0qTN8,10.1344_reire.47045.pdf,607156,2026-04-11T20:33:44.832Z,https://drive.google.com/file/d/1gqhTmLDhITRssyAQhVI5_e5n6-n0qTN8/view?usp=drivesdk,10.1344/reire.47045,https://drive.google.com/file/d/1gqhTmLDhITRssyAQhVI5_e5n6-n0qTN8/preview,https://drive.google.com/file/d/1gqhTmLDhITRssyAQhVI5_e5n6-n0qTN8/view
1o8O3-Kg9gXgnEk-z070dLQ34hEkwQW8c,10.51896_rilco.v8i29.1157.pdf,1106361,2026-04-11T20:33:41.301Z,https://drive.google.com/file/d/1o8O3-Kg9gXgnEk-z070dLQ34hEkwQW8c/view?usp=drivesdk,10.51896/rilco.v8i29.1157,https://drive.google.com/file/d/1o8O3-Kg9gXgnEk-z070dLQ34hEkwQW8c/preview,https://drive.google.com/file/d/1o8O3-Kg9gXgnEk-z070dLQ34hEkwQW8c/view
1_w_Wrn5hPP4YShBe2Mhk1fYbDwpqKLWp,10.37955_cs.v4i3.167.pdf,340054,2026-04-11T20:33:36.081Z,https://drive.google.com/file/d/1_w_Wrn5hPP4YShBe2Mhk1fYbDwpqKLWp/view?usp=drivesdk,10.37955/cs.v4i3.167,https://drive.google.com/file/d/1_w_Wrn5hPP4YShBe2Mhk1fYbDwpqKLWp/preview,https://drive.google.com/file/d/1_w_Wrn5hPP4YShBe2Mhk1fYbDwpqKLWp/view
1MCc1g_KnqNKKe8ZVp9KPijMXuy8ox7aS,10.29394_scientific.issn.2542-2987.2025.10.e2.8.162-181.pdf,338013,2026-04-11T20:33:31.205Z,https://drive.google.com/file/d/1MCc1g_KnqNKKe8ZVp9KPijMXuy8ox7aS/view?usp=drivesdk,10.29394/scientific.issn.2542-2987.2025.10.e2.8.162-181,https://drive.google.com/file/d/1MCc1g_KnqNKKe8ZVp9KPijMXuy8ox7aS/preview,https://drive.google.com/file/d/1MCc1g_KnqNKKe8ZVp9KPijMXuy8ox7aS/view
1dtPmKCNxEBOGaEpfP4VuA52WSYEMQqq9,10.35381_noesisin.v7i14.432.pdf,368722,2026-04-11T20:33:29.069Z,https://drive.google.com/file/d/1dtPmKCNxEBOGaEpfP4VuA52WSYEMQqq9/view?usp=drivesdk,10.35381/noesisin.v7i14.432,https://drive.google.com/file/d/1dtPmKCNxEBOGaEpfP4VuA52WSYEMQqq9/preview,https://drive.google.com/file/d/1dtPmKCNxEBOGaEpfP4VuA52WSYEMQqq9/view
16LSRWnv-_HNcggX6YR3jJPU6xaRabYw5,10.56926_unaaaciencia.v4i2.134.pdf,203873,2026-04-11T20:32:55.745Z,https://drive.google.com/file/d/16LSRWnv-_HNcggX6YR3jJPU6xaRabYw5/view?usp=drivesdk,10.56926/unaaaciencia.v4i2.134,https://drive.google.com/file/d/16LSRWnv-_HNcggX6YR3jJPU6xaRabYw5/preview,https://drive.google.com/file/d/16LSRWnv-_HNcggX6YR3jJPU6xaRabYw5/view
1axgHW4DMDbJ4j6NwZ8GcD9t1QzKuEr_M,10.59590_upsjb_ep.mgest.empr_tesis_4806.pdf,744,2026-04-11T20:32:22.340Z,https://drive.google.com/file/d/1axgHW4DMDbJ4j6NwZ8GcD9t1QzKuEr_M/view?usp=drivesdk,10.59590/upsjb_ep.mgest.empr_tesis_4806,https://drive.google.com/file/d/1axgHW4DMDbJ4j6NwZ8GcD9t1QzKuEr_M/preview,https://drive.google.com/file/d/1axgHW4DMDbJ4j6NwZ8GcD9t1QzKuEr_M/view
1oc17b6xe6WXYuvw0lky5LJnqtTUa-MS_,10.26885_rcei.13.2.149.pdf,310968,2026-04-11T20:31:48.822Z,https://drive.google.com/file/d/1oc17b6xe6WXYuvw0lky5LJnqtTUa-MS_/view?usp=drivesdk,10.26885/rcei.13.2.149,https://drive.google.com/file/d/1oc17b6xe6WXYuvw0lky5LJnqtTUa-MS_/preview,https://drive.google.com/file/d/1oc17b6xe6WXYuvw0lky5LJnqtTUa-MS_/view
1JUkeMfo1J1sa478epVScCyErFvZnfmLi,10.18800_educacion.202502.a002.pdf,330798,2026-04-11T20:31:43.687Z,https://drive.google.com/file/d/1JUkeMfo1J1sa478epVScCyErFvZnfmLi/view?usp=drivesdk,10.18800/educacion.202502.a002,https://drive.google.com/file/d/1JUkeMfo1J1sa478epVScCyErFvZnfmLi/preview,https://drive.google.com/file/d/1JUkeMfo1J1sa478epVScCyErFvZnfmLi/view
1xBRSDCAl9LY4c3tqJnmzJLouHIRmcgOP,10.29394_scientific.issn.2542-2987.2025.10.e6.1.23-44.pdf,379047,2026-04-11T20:31:39.417Z,https://drive.google.com/file/d/1xBRSDCAl9LY4c3tqJnmzJLouHIRmcgOP/view?usp=drivesdk,10.29394/scientific.issn.2542-2987.2025.10.e6.1.23-44,https://drive.google.com/file/d/1xBRSDCAl9LY4c3tqJnmzJLouHIRmcgOP/preview,https://drive.google.com/file/d/1xBRSDCAl9LY4c3tqJnmzJLouHIRmcgOP/view
1PODFRP1TCa07ZkouxF2-FJ3LvVIXOK1m,10.56219_revistasdeinvestigacin.v46i107.109.pdf,436466,2026-04-11T20:31:37.272Z,https://drive.google.com/file/d/1PODFRP1TCa07ZkouxF2-FJ3LvVIXOK1m/view?usp=drivesdk,10.56219/revistasdeinvestigacin.v46i107.109,https://drive.google.com/file/d/1PODFRP1TCa07ZkouxF2-FJ3LvVIXOK1m/preview,https://drive.google.com/file/d/1PODFRP1TCa07ZkouxF2-FJ3LvVIXOK1m/view
1BZloJyl46xgOvp6cXUUatL1Wd7AbMXY3,10.70577_reg.v4i3.267.pdf,831192,2026-04-11T20:31:33.478Z,https://drive.google.com/file/d/1BZloJyl46xgOvp6cXUUatL1Wd7AbMXY3/view?usp=drivesdk,10.70577/reg.v4i3.267,https://drive.google.com/file/d/1BZloJyl46xgOvp6cXUUatL1Wd7AbMXY3/preview,https://drive.google.com/file/d/1BZloJyl46xgOvp6cXUUatL1Wd7AbMXY3/view
1Njy8EDU3Zn38_9iKRxrSM4aSJmMC_LFU,10.31948_editorialunimar.168.c194.pdf,617633,2026-04-11T20:31:00.622Z,https://drive.google.com/file/d/1Njy8EDU3Zn38_9iKRxrSM4aSJmMC_LFU/view?usp=drivesdk,10.31948/editorialunimar.168.c194,https://drive.google.com/file/d/1Njy8EDU3Zn38_9iKRxrSM4aSJmMC_LFU/preview,https://drive.google.com/file/d/1Njy8EDU3Zn38_9iKRxrSM4aSJmMC_LFU/view
1T97Rw3s-dEdDkTwNcN0AMBKlQRRXK536,10.31637_epsir-2026-2031.pdf,565448,2026-04-11T20:30:57.671Z,https://drive.google.com/file/d/1T97Rw3s-dEdDkTwNcN0AMBKlQRRXK536/view?usp=drivesdk,10.31637/epsir-2026-2031,https://drive.google.com/file/d/1T97Rw3s-dEdDkTwNcN0AMBKlQRRXK536/preview,https://drive.google.com/file/d/1T97Rw3s-dEdDkTwNcN0AMBKlQRRXK536/view
1U6yYjIyBjIEOS2Pmcm9SZjDtC-IMaFdi,10.35381_e.k.v7i13.3225.pdf,493095,2026-04-11T20:30:53.607Z,https://drive.google.com/file/d/1U6yYjIyBjIEOS2Pmcm9SZjDtC-IMaFdi/view?usp=drivesdk,10.35381/e.k.v7i13.3225,https://drive.google.com/file/d/1U6yYjIyBjIEOS2Pmcm9SZjDtC-IMaFdi/preview,https://drive.google.com/file/d/1U6yYjIyBjIEOS2Pmcm9SZjDtC-IMaFdi/view
1Jn_z_jkhIaNL9bJr0MIdH_uMeVe8eR4V,10.48209_978-65-5417-382-d.pdf,6534783,2026-04-11T20:30:50.538Z,https://drive.google.com/file/d/1Jn_z_jkhIaNL9bJr0MIdH_uMeVe8eR4V/view?usp=drivesdk,10.48209/978-65-5417-382-d,https://drive.google.com/file/d/1Jn_z_jkhIaNL9bJr0MIdH_uMeVe8eR4V/preview,https://drive.google.com/file/d/1Jn_z_jkhIaNL9bJr0MIdH_uMeVe8eR4V/view
1uMia9uuzOk8GEpZmpSixPpqkPfZ2A-Nm,10.56712_latam.v5i4.2439.pdf,454731,2026-04-11T20:30:48.467Z,https://drive.google.com/file/d/1uMia9uuzOk8GEpZmpSixPpqkPfZ2A-Nm/view?usp=drivesdk,10.56712/latam.v5i4.2439,https://drive.google.com/file/d/1uMia9uuzOk8GEpZmpSixPpqkPfZ2A-Nm/preview,https://drive.google.com/file/d/1uMia9uuzOk8GEpZmpSixPpqkPfZ2A-Nm/view
13PlT_JIBdYCWVsOAt0wfJhiDSUG_j0fc,10.70577_ert9wn49_asce_1.18.pdf,232756,2026-04-11T20:30:46.157Z,https://drive.google.com/file/d/13PlT_JIBdYCWVsOAt0wfJhiDSUG_j0fc/view?usp=drivesdk,10.70577/ert9wn49_asce_1.18,https://drive.google.com/file/d/13PlT_JIBdYCWVsOAt0wfJhiDSUG_j0fc/preview,https://drive.google.com/file/d/13PlT_JIBdYCWVsOAt0wfJhiDSUG_j0fc/view
18CzRqgawXYEtKaCQ67qllTa5tCp4f8GY,10.15517_rge.v9i1.53603.pdf,242747,2026-04-11T20:30:42.637Z,https://drive.google.com/file/d/18CzRqgawXYEtKaCQ67qllTa5tCp4f8GY/view?usp=drivesdk,10.15517/rge.v9i1.53603,https://drive.google.com/file/d/18CzRqgawXYEtKaCQ67qllTa5tCp4f8GY/preview,https://drive.google.com/file/d/18CzRqgawXYEtKaCQ67qllTa5tCp4f8GY/view
1VITuERWh788kYId42f3kY_HalP2dhjYG,10.56712_latam.v5i3.2109.pdf,531343,2026-04-11T20:30:39.517Z,https://drive.google.com/file/d/1VITuERWh788kYId42f3kY_HalP2dhjYG/view?usp=drivesdk,10.56712/latam.v5i3.2109,https://drive.google.com/file/d/1VITuERWh788kYId42f3kY_HalP2dhjYG/preview,https://drive.google.com/file/d/1VITuERWh788kYId42f3kY_HalP2dhjYG/view
1W5dF6o-J9XcKs8IhA4utCOC2ZPtvgmHF,10.23857_dc.v11i3.4510.pdf,451255,2026-04-11T20:30:37.101Z,https://drive.google.com/file/d/1W5dF6o-J9XcKs8IhA4utCOC2ZPtvgmHF/view?usp=drivesdk,10.23857/dc.v11i3.4510,https://drive.google.com/file/d/1W5dF6o-J9XcKs8IhA4utCOC2ZPtvgmHF/preview,https://drive.google.com/file/d/1W5dF6o-J9XcKs8IhA4utCOC2ZPtvgmHF/view
1P47VajpePKTgYW5ceAuIDQ-2drLnwBu8,10.70577_reg.v4i3.262.pdf,810723,2026-04-11T20:30:33.882Z,https://drive.google.com/file/d/1P47VajpePKTgYW5ceAuIDQ-2drLnwBu8/view?usp=drivesdk,10.70577/reg.v4i3.262,https://drive.google.com/file/d/1P47VajpePKTgYW5ceAuIDQ-2drLnwBu8/preview,https://drive.google.com/file/d/1P47VajpePKTgYW5ceAuIDQ-2drLnwBu8/view
1una9IdSqQLoNq-4DUroEpj5_sl6ouXSS,10.37811_cli_w966.pdf,1782899,2026-04-11T20:30:30.871Z,https://drive.google.com/file/d/1una9IdSqQLoNq-4DUroEpj5_sl6ouXSS/view?usp=drivesdk,10.37811/cli_w966,https://drive.google.com/file/d/1una9IdSqQLoNq-4DUroEpj5_sl6ouXSS/preview,https://drive.google.com/file/d/1una9IdSqQLoNq-4DUroEpj5_sl6ouXSS/view
1rs_BkMucORKTrGmRV_Fu84dSubkDApWp,10.64893_spby7h04.pdf,879776,2026-04-11T20:30:27.036Z,https://drive.google.com/file/d/1rs_BkMucORKTrGmRV_Fu84dSubkDApWp/view?usp=drivesdk,10.64893/spby7h04,https://drive.google.com/file/d/1rs_BkMucORKTrGmRV_Fu84dSubkDApWp/preview,https://drive.google.com/file/d/1rs_BkMucORKTrGmRV_Fu84dSubkDApWp/view
1yUtaVMivHh8b-m2_lYSMdOo1egfoquHM,10.6018_educatio.524941.pdf,1132470,2026-04-11T20:30:22.098Z,https://drive.google.com/file/d/1yUtaVMivHh8b-m2_lYSMdOo1egfoquHM/view?usp=drivesdk,10.6018/educatio.524941,https://drive.google.com/file/d/1yUtaVMivHh8b-m2_lYSMdOo1egfoquHM/preview,https://drive.google.com/file/d/1yUtaVMivHh8b-m2_lYSMdOo1egfoquHM/view
10-I8hMzsL90q09B4TIjEO5wkuGBUVnDr,10.21142_des-1703-2025-0052.pdf,323533,2026-04-11T20:30:19.173Z,https://drive.google.com/file/d/10-I8hMzsL90q09B4TIjEO5wkuGBUVnDr/view?usp=drivesdk,10.21142/des-1703-2025-0052,https://drive.google.com/file/d/10-I8hMzsL90q09B4TIjEO5wkuGBUVnDr/preview,https://drive.google.com/file/d/10-I8hMzsL90q09B4TIjEO5wkuGBUVnDr/view
1C8zWGHn1pMQaBZCfnXVk6olNWwBMI_Bi,10.51915_ret.374.pdf,337210,2026-04-11T20:30:16.651Z,https://drive.google.com/file/d/1C8zWGHn1pMQaBZCfnXVk6olNWwBMI_Bi/view?usp=drivesdk,10.51915/ret.374,https://drive.google.com/file/d/1C8zWGHn1pMQaBZCfnXVk6olNWwBMI_Bi/preview,https://drive.google.com/file/d/1C8zWGHn1pMQaBZCfnXVk6olNWwBMI_Bi/view
1wLfVXUJgdsDvqieEk6yEkUTwhqkR-VXl,10.51896_rilcods.v8i76.1144.pdf,1018754,2026-04-11T20:30:11.904Z,https://drive.google.com/file/d/1wLfVXUJgdsDvqieEk6yEkUTwhqkR-VXl/view?usp=drivesdk,10.51896/rilcods.v8i76.1144,https://drive.google.com/file/d/1wLfVXUJgdsDvqieEk6yEkUTwhqkR-VXl/preview,https://drive.google.com/file/d/1wLfVXUJgdsDvqieEk6yEkUTwhqkR-VXl/view
1lV7BQ0mX8kYcmF8VHbtsaE73TPLTwmwV,10.46377_dilemas.v11iespecial.3872.pdf,264396,2026-04-11T20:30:07.655Z,https://drive.google.com/file/d/1lV7BQ0mX8kYcmF8VHbtsaE73TPLTwmwV/view?usp=drivesdk,10.46377/dilemas.v11iespecial.3872,https://drive.google.com/file/d/1lV7BQ0mX8kYcmF8VHbtsaE73TPLTwmwV/preview,https://drive.google.com/file/d/1lV7BQ0mX8kYcmF8VHbtsaE73TPLTwmwV/view
1cWPMfahY7mN7bd-QsY2Z37F3Vauoy-fD,10.52080_rvgluz.30.especial14.44.pdf,1999400,2026-04-11T20:30:05.372Z,https://drive.google.com/file/d/1cWPMfahY7mN7bd-QsY2Z37F3Vauoy-fD/view?usp=drivesdk,10.52080/rvgluz.30.especial14.44,https://drive.google.com/file/d/1cWPMfahY7mN7bd-QsY2Z37F3Vauoy-fD/preview,https://drive.google.com/file/d/1cWPMfahY7mN7bd-QsY2Z37F3Vauoy-fD/view
1IKhJBoP61piCKHZFZbdHmyaC27VREJNf,10.37843_rted.v17i1.460.pdf,546225,2026-04-11T20:30:02.204Z,https://drive.google.com/file/d/1IKhJBoP61piCKHZFZbdHmyaC27VREJNf/view?usp=drivesdk,10.37843/rted.v17i1.460,https://drive.google.com/file/d/1IKhJBoP61piCKHZFZbdHmyaC27VREJNf/preview,https://drive.google.com/file/d/1IKhJBoP61piCKHZFZbdHmyaC27VREJNf/view
1U5AFg9OfNHBir2P8psM9VYxoONeWHhkB,10.56880_experior32.4.pdf,268366,2026-04-11T20:29:29.008Z,https://drive.google.com/file/d/1U5AFg9OfNHBir2P8psM9VYxoONeWHhkB/view?usp=drivesdk,10.56880/experior32.4,https://drive.google.com/file/d/1U5AFg9OfNHBir2P8psM9VYxoONeWHhkB/preview,https://drive.google.com/file/d/1U5AFg9OfNHBir2P8psM9VYxoONeWHhkB/view
1wNkHVF4FIqY1-4Esn5BhVM1ztVSz__oS,10.69890_hallazgos21.v5i3.480.pdf,578583,2026-04-11T20:29:25.334Z,https://drive.google.com/file/d/1wNkHVF4FIqY1-4Esn5BhVM1ztVSz__oS/view?usp=drivesdk,10.69890/hallazgos21.v5i3.480,https://drive.google.com/file/d/1wNkHVF4FIqY1-4Esn5BhVM1ztVSz__oS/preview,https://drive.google.com/file/d/1wNkHVF4FIqY1-4Esn5BhVM1ztVSz__oS/view
1zLI5GuE7LwqKpc7FhoF0OiESgxqW4_Oh,10.56219_dialctica.v2i20.2142.pdf,341583,2026-04-11T20:28:39.150Z,https://drive.google.com/file/d/1zLI5GuE7LwqKpc7FhoF0OiESgxqW4_Oh/view?usp=drivesdk,10.56219/dialctica.v2i20.2142,https://drive.google.com/file/d/1zLI5GuE7LwqKpc7FhoF0OiESgxqW4_Oh/preview,https://drive.google.com/file/d/1zLI5GuE7LwqKpc7FhoF0OiESgxqW4_Oh/view
1rVzWYBxwaEi1cInkmXsl1QVHZGBGgVxP,10.15517_wl.v17i1.49499.pdf,215883,2026-04-11T20:28:04.126Z,https://drive.google.com/file/d/1rVzWYBxwaEi1cInkmXsl1QVHZGBGgVxP/view?usp=drivesdk,10.15517/wl.v17i1.49499,https://drive.google.com/file/d/1rVzWYBxwaEi1cInkmXsl1QVHZGBGgVxP/preview,https://drive.google.com/file/d/1rVzWYBxwaEi1cInkmXsl1QVHZGBGgVxP/view
1jPQke7zy6HF_DYKq1xO80NcOG6appEFd,10.15517_rge.v9i2.55445.pdf,685962,2026-04-11T20:28:01.106Z,https://drive.google.com/file/d/1jPQke7zy6HF_DYKq1xO80NcOG6appEFd/view?usp=drivesdk,10.15517/rge.v9i2.55445,https://drive.google.com/file/d/1jPQke7zy6HF_DYKq1xO80NcOG6appEFd/preview,https://drive.google.com/file/d/1jPQke7zy6HF_DYKq1xO80NcOG6appEFd/view
1FxUkNJJ8oNdHgxkyPy6YOcuOCtQ4BHFo,10.18050_eduser.v9n2a2.pdf,156655,2026-04-11T20:27:57.121Z,https://drive.google.com/file/d/1FxUkNJJ8oNdHgxkyPy6YOcuOCtQ4BHFo/view?usp=drivesdk,10.18050/eduser.v9n2a2,https://drive.google.com/file/d/1FxUkNJJ8oNdHgxkyPy6YOcuOCtQ4BHFo/preview,https://drive.google.com/file/d/1FxUkNJJ8oNdHgxkyPy6YOcuOCtQ4BHFo/view
13D1qTBv8m2_G2OMvxMC8XpOF_s-4GtiG,10.56712_latam.v6i1.3436.pdf,461977,2026-04-11T20:27:54.081Z,https://drive.google.com/file/d/13D1qTBv8m2_G2OMvxMC8XpOF_s-4GtiG/view?usp=drivesdk,10.56712/latam.v6i1.3436,https://drive.google.com/file/d/13D1qTBv8m2_G2OMvxMC8XpOF_s-4GtiG/preview,https://drive.google.com/file/d/13D1qTBv8m2_G2OMvxMC8XpOF_s-4GtiG/view
1sKevq4E2261qcxkB1QQXL4OXVW2_8T81,10.37843_rted.v16i2.424.pdf,495975,2026-04-11T20:27:51.411Z,https://drive.google.com/file/d/1sKevq4E2261qcxkB1QQXL4OXVW2_8T81/view?usp=drivesdk,10.37843/rted.v16i2.424,https://drive.google.com/file/d/1sKevq4E2261qcxkB1QQXL4OXVW2_8T81/preview,https://drive.google.com/file/d/1sKevq4E2261qcxkB1QQXL4OXVW2_8T81/view
10S8b0it53fHCl4kqytk9bycvmFU6wD_k,10.46377_dilemas.v11i1.3697.pdf,182881,2026-04-11T20:27:49.104Z,https://drive.google.com/file/d/10S8b0it53fHCl4kqytk9bycvmFU6wD_k/view?usp=drivesdk,10.46377/dilemas.v11i1.3697,https://drive.google.com/file/d/10S8b0it53fHCl4kqytk9bycvmFU6wD_k/preview,https://drive.google.com/file/d/10S8b0it53fHCl4kqytk9bycvmFU6wD_k/view
1enykhmdhUZ6xl0dTP56i2rg0J0TAjk2m,10.47606_acven_ph0204.pdf,337923,2026-04-11T20:27:46.633Z,https://drive.google.com/file/d/1enykhmdhUZ6xl0dTP56i2rg0J0TAjk2m/view?usp=drivesdk,10.47606/acven_ph0204,https://drive.google.com/file/d/1enykhmdhUZ6xl0dTP56i2rg0J0TAjk2m/preview,https://drive.google.com/file/d/1enykhmdhUZ6xl0dTP56i2rg0J0TAjk2m/view
1ng87lWzHStsUs3tidS_uDVnz86gjrD7O,10.59427_rcli_2024_v24cs.1599-1604.pdf,270027,2026-04-11T20:27:12.325Z,https://drive.google.com/file/d/1ng87lWzHStsUs3tidS_uDVnz86gjrD7O/view?usp=drivesdk,10.59427/rcli_2024_v24cs.1599-1604,https://drive.google.com/file/d/1ng87lWzHStsUs3tidS_uDVnz86gjrD7O/preview,https://drive.google.com/file/d/1ng87lWzHStsUs3tidS_uDVnz86gjrD7O/view
1X_x6TNqgMPGRBPwZFW8U-4ca4VtzRL5a,10.59427_rcli_2023_v23cs.3687-3692.pdf,303147,2026-04-11T20:26:05.361Z,https://drive.google.com/file/d/1X_x6TNqgMPGRBPwZFW8U-4ca4VtzRL5a/view?usp=drivesdk,10.59427/rcli_2023_v23cs.3687-3692,https://drive.google.com/file/d/1X_x6TNqgMPGRBPwZFW8U-4ca4VtzRL5a/preview,https://drive.google.com/file/d/1X_x6TNqgMPGRBPwZFW8U-4ca4VtzRL5a/view
1k-FD9JOw_uY9Wkv1pEakUDfVT8UGOUfu,10.56712_latam.v6i3.4063.pdf,708638,2026-04-11T20:26:01.795Z,https://drive.google.com/file/d/1k-FD9JOw_uY9Wkv1pEakUDfVT8UGOUfu/view?usp=drivesdk,10.56712/latam.v6i3.4063,https://drive.google.com/file/d/1k-FD9JOw_uY9Wkv1pEakUDfVT8UGOUfu/preview,https://drive.google.com/file/d/1k-FD9JOw_uY9Wkv1pEakUDfVT8UGOUfu/view
1gj3syrK-Hn2sGQYmhgBq1bXbmKF8gWWY,10.33262_ap.v7i3.1.641.pdf,523833,2026-04-11T20:25:56.933Z,https://drive.google.com/file/d/1gj3syrK-Hn2sGQYmhgBq1bXbmKF8gWWY/view?usp=drivesdk,10.33262/ap.v7i3.1.641,https://drive.google.com/file/d/1gj3syrK-Hn2sGQYmhgBq1bXbmKF8gWWY/preview,https://drive.google.com/file/d/1gj3syrK-Hn2sGQYmhgBq1bXbmKF8gWWY/view
1YtUwOb9Ki8_CoWUODzadE2fOJKm7MhcF,10.70577_xgf61t36rcd.pdf,650369,2026-04-11T20:24:51.980Z,https://drive.google.com/file/d/1YtUwOb9Ki8_CoWUODzadE2fOJKm7MhcF/view?usp=drivesdk,10.70577/xgf61t36rcd,https://drive.google.com/file/d/1YtUwOb9Ki8_CoWUODzadE2fOJKm7MhcF/preview,https://drive.google.com/file/d/1YtUwOb9Ki8_CoWUODzadE2fOJKm7MhcF/view
1CULzE2lmAGTTCciA6gszgY_dhrJKy8V8,10.31908_eucp.102.c799.pdf,4933801,2026-04-11T20:23:17.612Z,https://drive.google.com/file/d/1CULzE2lmAGTTCciA6gszgY_dhrJKy8V8/view?usp=drivesdk,10.31908/eucp.102.c799,https://drive.google.com/file/d/1CULzE2lmAGTTCciA6gszgY_dhrJKy8V8/preview,https://drive.google.com/file/d/1CULzE2lmAGTTCciA6gszgY_dhrJKy8V8/view
1WltyJNOqs22IfuQfIiSbBUczQMVYfzCb,10.60100_tsede.v7i1.187.pdf,337664,2026-04-11T20:22:43.133Z,https://drive.google.com/file/d/1WltyJNOqs22IfuQfIiSbBUczQMVYfzCb/view?usp=drivesdk,10.60100/tsede.v7i1.187,https://drive.google.com/file/d/1WltyJNOqs22IfuQfIiSbBUczQMVYfzCb/preview,https://drive.google.com/file/d/1WltyJNOqs22IfuQfIiSbBUczQMVYfzCb/view
1jnnViHKXtkLesx-yWQuMn6je4Mqx8fH_,10.47865_igob.vol6.n22.2023.246.pdf,283033,2026-04-11T20:22:36.765Z,https://drive.google.com/file/d/1jnnViHKXtkLesx-yWQuMn6je4Mqx8fH_/view?usp=drivesdk,10.47865/igob.vol6.n22.2023.246,https://drive.google.com/file/d/1jnnViHKXtkLesx-yWQuMn6je4Mqx8fH_/preview,https://drive.google.com/file/d/1jnnViHKXtkLesx-yWQuMn6je4Mqx8fH_/view
1smqDBc96fwsQrU_UvAbNgIALUFcs1bZh,10.30854_anf.v30.n54.2023.868.pdf,295736,2026-04-11T20:22:34.121Z,https://drive.google.com/file/d/1smqDBc96fwsQrU_UvAbNgIALUFcs1bZh/view?usp=drivesdk,10.30854/anf.v30.n54.2023.868,https://drive.google.com/file/d/1smqDBc96fwsQrU_UvAbNgIALUFcs1bZh/preview,https://drive.google.com/file/d/1smqDBc96fwsQrU_UvAbNgIALUFcs1bZh/view
163u0z09ScfBL4jFyt-W-SV6g2u5_BLx5,10.70681_cz734769.pdf,136865,2026-04-11T20:22:31.394Z,https://drive.google.com/file/d/163u0z09ScfBL4jFyt-W-SV6g2u5_BLx5/view?usp=drivesdk,10.70681/cz734769,https://drive.google.com/file/d/163u0z09ScfBL4jFyt-W-SV6g2u5_BLx5/preview,https://drive.google.com/file/d/163u0z09ScfBL4jFyt-W-SV6g2u5_BLx5/view
1k08B6vZoQKF19ALg3PwMBUC4COL6sf6X,10.47606_acven_ph0229.pdf,269857,2026-04-11T20:22:29.443Z,https://drive.google.com/file/d/1k08B6vZoQKF19ALg3PwMBUC4COL6sf6X/view?usp=drivesdk,10.47606/acven_ph0229,https://drive.google.com/file/d/1k08B6vZoQKF19ALg3PwMBUC4COL6sf6X/preview,https://drive.google.com/file/d/1k08B6vZoQKF19ALg3PwMBUC4COL6sf6X/view
1hA2ELB1UikcuYTcYXAKmio9AjvYaDpt6,10.15517_rge.v9i1.53342.pdf,220991,2026-04-11T20:20:45.832Z,https://drive.google.com/file/d/1hA2ELB1UikcuYTcYXAKmio9AjvYaDpt6/view?usp=drivesdk,10.15517/rge.v9i1.53342,https://drive.google.com/file/d/1hA2ELB1UikcuYTcYXAKmio9AjvYaDpt6/preview,https://drive.google.com/file/d/1hA2ELB1UikcuYTcYXAKmio9AjvYaDpt6/view
18ZicAlhCTJBymGZZv5wDcIOy70xKDYtS,10.35381_r.k.v7i1.1698.pdf,154673,2026-04-11T20:20:42.028Z,https://drive.google.com/file/d/18ZicAlhCTJBymGZZv5wDcIOy70xKDYtS/view?usp=drivesdk,10.35381/r.k.v7i1.1698,https://drive.google.com/file/d/18ZicAlhCTJBymGZZv5wDcIOy70xKDYtS/preview,https://drive.google.com/file/d/18ZicAlhCTJBymGZZv5wDcIOy70xKDYtS/view
1jlALVOXEWPLTxF_xIWG6iWx_kkfyfb5C,10.48209_978-65-5417-629-3.pdf,1553432,2026-04-11T20:20:39.785Z,https://drive.google.com/file/d/1jlALVOXEWPLTxF_xIWG6iWx_kkfyfb5C/view?usp=drivesdk,10.48209/978-65-5417-629-3,https://drive.google.com/file/d/1jlALVOXEWPLTxF_xIWG6iWx_kkfyfb5C/preview,https://drive.google.com/file/d/1jlALVOXEWPLTxF_xIWG6iWx_kkfyfb5C/view
1asyRAvl6JAM0To2S2T_PJ3uMphB89xu9,10.26620_uniminuto.perspectivas.9.24.2024.47-57.pdf,496630,2026-04-11T20:20:37.659Z,https://drive.google.com/file/d/1asyRAvl6JAM0To2S2T_PJ3uMphB89xu9/view?usp=drivesdk,10.26620/uniminuto.perspectivas.9.24.2024.47-57,https://drive.google.com/file/d/1asyRAvl6JAM0To2S2T_PJ3uMphB89xu9/preview,https://drive.google.com/file/d/1asyRAvl6JAM0To2S2T_PJ3uMphB89xu9/view
1AJ-3io23je1WmNyHndlyX__nYbI6vmnQ,10.53995_rsp.v5i5.272.pdf,149568,2026-04-11T20:20:35.673Z,https://drive.google.com/file/d/1AJ-3io23je1WmNyHndlyX__nYbI6vmnQ/view?usp=drivesdk,10.53995/rsp.v5i5.272,https://drive.google.com/file/d/1AJ-3io23je1WmNyHndlyX__nYbI6vmnQ/preview,https://drive.google.com/file/d/1AJ-3io23je1WmNyHndlyX__nYbI6vmnQ/view
1xg5EECrGdYxJs1oiEnOflpkFXrAaOGpU,10.29394_scientific.issn.2542-2987.2025.10.e3.7.138-152.pdf,330727,2026-04-11T20:20:33.815Z,https://drive.google.com/file/d/1xg5EECrGdYxJs1oiEnOflpkFXrAaOGpU/view?usp=drivesdk,10.29394/scientific.issn.2542-2987.2025.10.e3.7.138-152,https://drive.google.com/file/d/1xg5EECrGdYxJs1oiEnOflpkFXrAaOGpU/preview,https://drive.google.com/file/d/1xg5EECrGdYxJs1oiEnOflpkFXrAaOGpU/view
152xq2BxcP2nRiluGZL27lvzn-IBCBnjY,10.54943_lree.v4i2.481.pdf,143928,2026-04-11T20:20:31.943Z,https://drive.google.com/file/d/152xq2BxcP2nRiluGZL27lvzn-IBCBnjY/view?usp=drivesdk,10.54943/lree.v4i2.481,https://drive.google.com/file/d/152xq2BxcP2nRiluGZL27lvzn-IBCBnjY/preview,https://drive.google.com/file/d/152xq2BxcP2nRiluGZL27lvzn-IBCBnjY/view
1zfysh92rVs6LvTcPyOLcCAlIy6-Gpuuz,10.46498_reduipb.v26i1.1622.pdf,1032483,2026-04-11T20:20:28.837Z,https://drive.google.com/file/d/1zfysh92rVs6LvTcPyOLcCAlIy6-Gpuuz/view?usp=drivesdk,10.46498/reduipb.v26i1.1622,https://drive.google.com/file/d/1zfysh92rVs6LvTcPyOLcCAlIy6-Gpuuz/preview,https://drive.google.com/file/d/1zfysh92rVs6LvTcPyOLcCAlIy6-Gpuuz/view
1q8rQ58jNvEWGqOwV7I55FejczU9RByP_,10.15381_rpiiedu.v1i3.21473.pdf,296533,2026-04-11T20:20:26.202Z,https://drive.google.com/file/d/1q8rQ58jNvEWGqOwV7I55FejczU9RByP_/view?usp=drivesdk,10.15381/rpiiedu.v1i3.21473,https://drive.google.com/file/d/1q8rQ58jNvEWGqOwV7I55FejczU9RByP_/preview,https://drive.google.com/file/d/1q8rQ58jNvEWGqOwV7I55FejczU9RByP_/view
1CsrzLp8sYpJ6Zqy3S9Kj9W_yj9Qjs3ku,10.60100_tsede.v7i1.186.pdf,341061,2026-04-11T20:19:21.598Z,https://drive.google.com/file/d/1CsrzLp8sYpJ6Zqy3S9Kj9W_yj9Qjs3ku/view?usp=drivesdk,10.60100/tsede.v7i1.186,https://drive.google.com/file/d/1CsrzLp8sYpJ6Zqy3S9Kj9W_yj9Qjs3ku/preview,https://drive.google.com/file/d/1CsrzLp8sYpJ6Zqy3S9Kj9W_yj9Qjs3ku/view
1u7hMeCcGjKRpUB08i16u32SO5xXjEX9Z,10.29057_escs.v11i21.10888.pdf,101994,2026-04-11T20:19:18.767Z,https://drive.google.com/file/d/1u7hMeCcGjKRpUB08i16u32SO5xXjEX9Z/view?usp=drivesdk,10.29057/escs.v11i21.10888,https://drive.google.com/file/d/1u7hMeCcGjKRpUB08i16u32SO5xXjEX9Z/preview,https://drive.google.com/file/d/1u7hMeCcGjKRpUB08i16u32SO5xXjEX9Z/view
1fB_7P5wvLw7AfLHZ3gafci_kjPkKEd56,10.15517_rge.v11i1.60745.pdf,303878,2026-04-11T20:19:03.240Z,https://drive.google.com/file/d/1fB_7P5wvLw7AfLHZ3gafci_kjPkKEd56/view?usp=drivesdk,10.15517/rge.v11i1.60745,https://drive.google.com/file/d/1fB_7P5wvLw7AfLHZ3gafci_kjPkKEd56/preview,https://drive.google.com/file/d/1fB_7P5wvLw7AfLHZ3gafci_kjPkKEd56/view
1yixj_Inw7mJ1o8wFPpGcwe2Q9tosNOif,10.37843_rted.v16i2.390.pdf,612625,2026-04-11T20:18:59.971Z,https://drive.google.com/file/d/1yixj_Inw7mJ1o8wFPpGcwe2Q9tosNOif/view?usp=drivesdk,10.37843/rted.v16i2.390,https://drive.google.com/file/d/1yixj_Inw7mJ1o8wFPpGcwe2Q9tosNOif/preview,https://drive.google.com/file/d/1yixj_Inw7mJ1o8wFPpGcwe2Q9tosNOif/view
1S5dvPThd4XEM53QSxXv4NwC7pGfm0Kfi,10.18779_csye.v9i2.1110.pdf,359836,2026-04-11T20:18:56.988Z,https://drive.google.com/file/d/1S5dvPThd4XEM53QSxXv4NwC7pGfm0Kfi/view?usp=drivesdk,10.18779/csye.v9i2.1110,https://drive.google.com/file/d/1S5dvPThd4XEM53QSxXv4NwC7pGfm0Kfi/preview,https://drive.google.com/file/d/1S5dvPThd4XEM53QSxXv4NwC7pGfm0Kfi/view
1oXSmdhgqlpkqltatK3dAQCitOKXW-tc2,10.15359_ree.26-1.6.pdf,577197,2026-04-11T20:18:54.124Z,https://drive.google.com/file/d/1oXSmdhgqlpkqltatK3dAQCitOKXW-tc2/view?usp=drivesdk,10.15359/ree.26-1.6,https://drive.google.com/file/d/1oXSmdhgqlpkqltatK3dAQCitOKXW-tc2/preview,https://drive.google.com/file/d/1oXSmdhgqlpkqltatK3dAQCitOKXW-tc2/view
1WShycGPVgNifrkdtWdWeIDmcvigjv75x,10.35381_r.k.v6i2.1254.pdf,355401,2026-04-11T20:18:50.424Z,https://drive.google.com/file/d/1WShycGPVgNifrkdtWdWeIDmcvigjv75x/view?usp=drivesdk,10.35381/r.k.v6i2.1254,https://drive.google.com/file/d/1WShycGPVgNifrkdtWdWeIDmcvigjv75x/preview,https://drive.google.com/file/d/1WShycGPVgNifrkdtWdWeIDmcvigjv75x/view
1YSkfrSWuwhRHgoTPvpv6sdPltRjQdBk4,10.36097_rsan.v1i39.1135.pdf,328335,2026-04-11T20:18:05.640Z,https://drive.google.com/file/d/1YSkfrSWuwhRHgoTPvpv6sdPltRjQdBk4/view?usp=drivesdk,10.36097/rsan.v1i39.1135,https://drive.google.com/file/d/1YSkfrSWuwhRHgoTPvpv6sdPltRjQdBk4/preview,https://drive.google.com/file/d/1YSkfrSWuwhRHgoTPvpv6sdPltRjQdBk4/view
1Egu2CHVFJDxdVGG67_98wkrjFvaCLVjR,10.51896_rilco.v7i25.776.pdf,916474,2026-04-11T20:17:51.492Z,https://drive.google.com/file/d/1Egu2CHVFJDxdVGG67_98wkrjFvaCLVjR/view?usp=drivesdk,10.51896/rilco.v7i25.776,https://drive.google.com/file/d/1Egu2CHVFJDxdVGG67_98wkrjFvaCLVjR/preview,https://drive.google.com/file/d/1Egu2CHVFJDxdVGG67_98wkrjFvaCLVjR/view
14JbyFnBW8gywrK2kG4lgxQWJouPZDzw5,10.17163_abyaups.127.2.pdf,285541,2026-04-11T20:17:48.255Z,https://drive.google.com/file/d/14JbyFnBW8gywrK2kG4lgxQWJouPZDzw5/view?usp=drivesdk,10.17163/abyaups.127.2,https://drive.google.com/file/d/14JbyFnBW8gywrK2kG4lgxQWJouPZDzw5/preview,https://drive.google.com/file/d/14JbyFnBW8gywrK2kG4lgxQWJouPZDzw5/view
1wKKGAdXJ-St4-Ga7tk7vwgmNeNAmnlvD,10.63803_prisma.v1n1.02.pdf,675821,2026-04-11T20:17:45.485Z,https://drive.google.com/file/d/1wKKGAdXJ-St4-Ga7tk7vwgmNeNAmnlvD/view?usp=drivesdk,10.63803/prisma.v1n1.02,https://drive.google.com/file/d/1wKKGAdXJ-St4-Ga7tk7vwgmNeNAmnlvD/preview,https://drive.google.com/file/d/1wKKGAdXJ-St4-Ga7tk7vwgmNeNAmnlvD/view
1Gl0sLbYoj1alF2PNsgghhSPZmIsDNbsi,10.29057_est.v9i18.10892.pdf,155888,2026-04-11T20:17:11.928Z,https://drive.google.com/file/d/1Gl0sLbYoj1alF2PNsgghhSPZmIsDNbsi/view?usp=drivesdk,10.29057/est.v9i18.10892,https://drive.google.com/file/d/1Gl0sLbYoj1alF2PNsgghhSPZmIsDNbsi/preview,https://drive.google.com/file/d/1Gl0sLbYoj1alF2PNsgghhSPZmIsDNbsi/view
1HwDXec2zOB3rLA1o6fHr6kaST9cG47f5,10.15517_rge.v8i1.51771.pdf,398575,2026-04-11T20:17:07.948Z,https://drive.google.com/file/d/1HwDXec2zOB3rLA1o6fHr6kaST9cG47f5/view?usp=drivesdk,10.15517/rge.v8i1.51771,https://drive.google.com/file/d/1HwDXec2zOB3rLA1o6fHr6kaST9cG47f5/preview,https://drive.google.com/file/d/1HwDXec2zOB3rLA1o6fHr6kaST9cG47f5/view
1R3lqPoxNweH-kIAS1SiaNYfw8IbMtIF6,10.53595_rlo.v5.i12.116.pdf,436074,2026-04-11T20:16:32.234Z,https://drive.google.com/file/d/1R3lqPoxNweH-kIAS1SiaNYfw8IbMtIF6/view?usp=drivesdk,10.53595/rlo.v5.i12.116,https://drive.google.com/file/d/1R3lqPoxNweH-kIAS1SiaNYfw8IbMtIF6/preview,https://drive.google.com/file/d/1R3lqPoxNweH-kIAS1SiaNYfw8IbMtIF6/view
1HHoAXEh8X6ACLqOHcQ3_MKJxn704497Q,10.37135_chk.002.18.06.pdf,843940,2026-04-11T20:16:29.691Z,https://drive.google.com/file/d/1HHoAXEh8X6ACLqOHcQ3_MKJxn704497Q/view?usp=drivesdk,10.37135/chk.002.18.06,https://drive.google.com/file/d/1HHoAXEh8X6ACLqOHcQ3_MKJxn704497Q/preview,https://drive.google.com/file/d/1HHoAXEh8X6ACLqOHcQ3_MKJxn704497Q/view
11j1y_lRxpsid7jF0WXB-2W0RCufA-Vry,10.52080_rvgluz.28.102.13.pdf,864460,2026-04-11T20:15:53.942Z,https://drive.google.com/file/d/11j1y_lRxpsid7jF0WXB-2W0RCufA-Vry/view?usp=drivesdk,10.52080/rvgluz.28.102.13,https://drive.google.com/file/d/11j1y_lRxpsid7jF0WXB-2W0RCufA-Vry/preview,https://drive.google.com/file/d/11j1y_lRxpsid7jF0WXB-2W0RCufA-Vry/view
1oMoVdsDALrGFIdEc4TAkIzgpOPzTmo66,10.37885_978-65-5360-498-8.pdf,3195552,2026-04-11T20:15:50.484Z,https://drive.google.com/file/d/1oMoVdsDALrGFIdEc4TAkIzgpOPzTmo66/view?usp=drivesdk,10.37885/978-65-5360-498-8,https://drive.google.com/file/d/1oMoVdsDALrGFIdEc4TAkIzgpOPzTmo66/preview,https://drive.google.com/file/d/1oMoVdsDALrGFIdEc4TAkIzgpOPzTmo66/view
1jewOxOJ1IPjOumzZlYAqpB6qvfm6HGmJ,10.31948_editorialunimar.166.c174.pdf,3640571,2026-04-11T20:15:47.562Z,https://drive.google.com/file/d/1jewOxOJ1IPjOumzZlYAqpB6qvfm6HGmJ/view?usp=drivesdk,10.31948/editorialunimar.166.c174,https://drive.google.com/file/d/1jewOxOJ1IPjOumzZlYAqpB6qvfm6HGmJ/preview,https://drive.google.com/file/d/1jewOxOJ1IPjOumzZlYAqpB6qvfm6HGmJ/view
1yfPA-zrB4ZQ8E16vWJXeOaTGwdSpHVSR,10.21501_9786287765061.pdf,3971336,2026-04-11T20:15:41.330Z,https://drive.google.com/file/d/1yfPA-zrB4ZQ8E16vWJXeOaTGwdSpHVSR/view?usp=drivesdk,10.21501/9786287765061,https://drive.google.com/file/d/1yfPA-zrB4ZQ8E16vWJXeOaTGwdSpHVSR/preview,https://drive.google.com/file/d/1yfPA-zrB4ZQ8E16vWJXeOaTGwdSpHVSR/view
1M9vH7vj6MrJj38DuE00jWwfopZOXrZQ_,10.35381_e.k.v5i1.1697.pdf,193825,2026-04-11T20:15:35.753Z,https://drive.google.com/file/d/1M9vH7vj6MrJj38DuE00jWwfopZOXrZQ_/view?usp=drivesdk,10.35381/e.k.v5i1.1697,https://drive.google.com/file/d/1M9vH7vj6MrJj38DuE00jWwfopZOXrZQ_/preview,https://drive.google.com/file/d/1M9vH7vj6MrJj38DuE00jWwfopZOXrZQ_/view
1P-PGuHf-riMlm45obSKcuAiNzmxJXRWn,10.69639_arandu.v12i1.702.pdf,405935,2026-04-11T20:15:33.394Z,https://drive.google.com/file/d/1P-PGuHf-riMlm45obSKcuAiNzmxJXRWn/view?usp=drivesdk,10.69639/arandu.v12i1.702,https://drive.google.com/file/d/1P-PGuHf-riMlm45obSKcuAiNzmxJXRWn/preview,https://drive.google.com/file/d/1P-PGuHf-riMlm45obSKcuAiNzmxJXRWn/view
1GT1jaIHdZT0m52svyraRi_ZDcVLsktnC,10.24310_revpracticumrep.v8i1.16713.pdf,771732,2026-04-11T20:15:29.535Z,https://drive.google.com/file/d/1GT1jaIHdZT0m52svyraRi_ZDcVLsktnC/view?usp=drivesdk,10.24310/revpracticumrep.v8i1.16713,https://drive.google.com/file/d/1GT1jaIHdZT0m52svyraRi_ZDcVLsktnC/preview,https://drive.google.com/file/d/1GT1jaIHdZT0m52svyraRi_ZDcVLsktnC/view
1LGjsPfeqKNjszqKgAojipfbA2qkmAKl2,10.15332_27448487.10791.pdf,310288,2026-04-11T20:15:25.334Z,https://drive.google.com/file/d/1LGjsPfeqKNjszqKgAojipfbA2qkmAKl2/view?usp=drivesdk,10.15332/27448487.10791,https://drive.google.com/file/d/1LGjsPfeqKNjszqKgAojipfbA2qkmAKl2/preview,https://drive.google.com/file/d/1LGjsPfeqKNjszqKgAojipfbA2qkmAKl2/view
1dlYfG_R0AD5s29XWKq2KuZV2FqxqgO-w,10.21855_ecociencia.95.703.pdf,621208,2026-04-11T20:15:22.876Z,https://drive.google.com/file/d/1dlYfG_R0AD5s29XWKq2KuZV2FqxqgO-w/view?usp=drivesdk,10.21855/ecociencia.95.703,https://drive.google.com/file/d/1dlYfG_R0AD5s29XWKq2KuZV2FqxqgO-w/preview,https://drive.google.com/file/d/1dlYfG_R0AD5s29XWKq2KuZV2FqxqgO-w/view
1myA-8A2_iayb-rBL27DupdSw7UitHqhz,10.47796_ce.v11i01.765.pdf,291110,2026-04-11T20:15:20.525Z,https://drive.google.com/file/d/1myA-8A2_iayb-rBL27DupdSw7UitHqhz/view?usp=drivesdk,10.47796/ce.v11i01.765,https://drive.google.com/file/d/1myA-8A2_iayb-rBL27DupdSw7UitHqhz/preview,https://drive.google.com/file/d/1myA-8A2_iayb-rBL27DupdSw7UitHqhz/view
1-gkT23DonvzSqZ2S9OLPK6xpaHtPBJmJ,10.6018_red.524401.pdf,940859,2026-04-11T20:15:17.007Z,https://drive.google.com/file/d/1-gkT23DonvzSqZ2S9OLPK6xpaHtPBJmJ/view?usp=drivesdk,10.6018/red.524401,https://drive.google.com/file/d/1-gkT23DonvzSqZ2S9OLPK6xpaHtPBJmJ/preview,https://drive.google.com/file/d/1-gkT23DonvzSqZ2S9OLPK6xpaHtPBJmJ/view
1_XuKU3y7oAFFD9czAprdEmqdn0XxNuEA,10.29394_scientific.issn.2542-2987.2024.9.e2.1.20-41.pdf,367814,2026-04-11T20:15:13.989Z,https://drive.google.com/file/d/1_XuKU3y7oAFFD9czAprdEmqdn0XxNuEA/view?usp=drivesdk,10.29394/scientific.issn.2542-2987.2024.9.e2.1.20-41,https://drive.google.com/file/d/1_XuKU3y7oAFFD9czAprdEmqdn0XxNuEA/preview,https://drive.google.com/file/d/1_XuKU3y7oAFFD9czAprdEmqdn0XxNuEA/view
1A1x14NiNioqF-ozhAhMF4i7Qyy5GRBTc,10.11144_javerianacali.ppsi19.rcce.pdf,187623,2026-04-11T20:15:12.154Z,https://drive.google.com/file/d/1A1x14NiNioqF-ozhAhMF4i7Qyy5GRBTc/view?usp=drivesdk,10.11144/javerianacali.ppsi19.rcce,https://drive.google.com/file/d/1A1x14NiNioqF-ozhAhMF4i7Qyy5GRBTc/preview,https://drive.google.com/file/d/1A1x14NiNioqF-ozhAhMF4i7Qyy5GRBTc/view
1pWOIBO92MD95yy_GmALWk-3HVGHJ4FCQ,10.35622_j.rie.2022.02.001.pdf,549221,2026-04-11T20:15:09.634Z,https://drive.google.com/file/d/1pWOIBO92MD95yy_GmALWk-3HVGHJ4FCQ/view?usp=drivesdk,10.35622/j.rie.2022.02.001,https://drive.google.com/file/d/1pWOIBO92MD95yy_GmALWk-3HVGHJ4FCQ/preview,https://drive.google.com/file/d/1pWOIBO92MD95yy_GmALWk-3HVGHJ4FCQ/view
1C6-Ux6Wq_kXfknTgvsXFckLF4e806mxw,10.35622_inudi.c.02.46.pdf,244108,2026-04-11T20:15:07.613Z,https://drive.google.com/file/d/1C6-Ux6Wq_kXfknTgvsXFckLF4e806mxw/view?usp=drivesdk,10.35622/inudi.c.02.46,https://drive.google.com/file/d/1C6-Ux6Wq_kXfknTgvsXFckLF4e806mxw/preview,https://drive.google.com/file/d/1C6-Ux6Wq_kXfknTgvsXFckLF4e806mxw/view
1JQRYDOZMUI01-8QmJFv9Mgahq3qnsPxZ,10.64893_r469sh77.pdf,775460,2026-04-11T20:15:05.623Z,https://drive.google.com/file/d/1JQRYDOZMUI01-8QmJFv9Mgahq3qnsPxZ/view?usp=drivesdk,10.64893/r469sh77,https://drive.google.com/file/d/1JQRYDOZMUI01-8QmJFv9Mgahq3qnsPxZ/preview,https://drive.google.com/file/d/1JQRYDOZMUI01-8QmJFv9Mgahq3qnsPxZ/view
1jQVTBp8rW7t6FWGSGv7B8sIXDJ2c5_sD,10.29394_scientific.issn.2542-2987.2024.9.32.8.169-188.pdf,373037,2026-04-11T20:15:01.489Z,https://drive.google.com/file/d/1jQVTBp8rW7t6FWGSGv7B8sIXDJ2c5_sD/view?usp=drivesdk,10.29394/scientific.issn.2542-2987.2024.9.32.8.169-188,https://drive.google.com/file/d/1jQVTBp8rW7t6FWGSGv7B8sIXDJ2c5_sD/preview,https://drive.google.com/file/d/1jQVTBp8rW7t6FWGSGv7B8sIXDJ2c5_sD/view
1rsGn1fWrLfUlrutAnJNMS01zDGA4867q,10.59427_rcli_2023_v23cs.2958-2962.pdf,325206,2026-04-11T20:14:59.534Z,https://drive.google.com/file/d/1rsGn1fWrLfUlrutAnJNMS01zDGA4867q/view?usp=drivesdk,10.59427/rcli_2023_v23cs.2958-2962,https://drive.google.com/file/d/1rsGn1fWrLfUlrutAnJNMS01zDGA4867q/preview,https://drive.google.com/file/d/1rsGn1fWrLfUlrutAnJNMS01zDGA4867q/view
1gA7KKXJsaQi8Ll2EHDx5d5SSLMYTIoi6,10.56712_latam.v5i1.1592.pdf,628047,2026-04-11T20:14:57.425Z,https://drive.google.com/file/d/1gA7KKXJsaQi8Ll2EHDx5d5SSLMYTIoi6/view?usp=drivesdk,10.56712/latam.v5i1.1592,https://drive.google.com/file/d/1gA7KKXJsaQi8Ll2EHDx5d5SSLMYTIoi6/preview,https://drive.google.com/file/d/1gA7KKXJsaQi8Ll2EHDx5d5SSLMYTIoi6/view
1bwTs6FNJoe4Mts30dOrVpZx9JrSbm2HV,10.19044_esj.2020.v16n25p15.pdf,506375,2026-04-11T20:14:54.482Z,https://drive.google.com/file/d/1bwTs6FNJoe4Mts30dOrVpZx9JrSbm2HV/view?usp=drivesdk,10.19044/esj.2020.v16n25p15,https://drive.google.com/file/d/1bwTs6FNJoe4Mts30dOrVpZx9JrSbm2HV/preview,https://drive.google.com/file/d/1bwTs6FNJoe4Mts30dOrVpZx9JrSbm2HV/view
1LvYzECMPfCkFltlsOPHle30IA-L2rump,10.31637_epsir-2025-2198.pdf,329358,2026-04-11T20:14:51.976Z,https://drive.google.com/file/d/1LvYzECMPfCkFltlsOPHle30IA-L2rump/view?usp=drivesdk,10.31637/epsir-2025-2198,https://drive.google.com/file/d/1LvYzECMPfCkFltlsOPHle30IA-L2rump/preview,https://drive.google.com/file/d/1LvYzECMPfCkFltlsOPHle30IA-L2rump/view
1ah9jDDjJUZAv01y8q9sI_Rm1P2NveFzA,10.35319_puntocero.202448229.pdf,202186,2026-04-11T20:14:47.745Z,https://drive.google.com/file/d/1ah9jDDjJUZAv01y8q9sI_Rm1P2NveFzA/view?usp=drivesdk,10.35319/puntocero.202448229,https://drive.google.com/file/d/1ah9jDDjJUZAv01y8q9sI_Rm1P2NveFzA/preview,https://drive.google.com/file/d/1ah9jDDjJUZAv01y8q9sI_Rm1P2NveFzA/view
1aYzrC5dd08wXnWc5PSMecVKN8SZWcLJD,10.47865_igob.vol5.n17.2022.181.pdf,232373,2026-04-11T20:14:44.599Z,https://drive.google.com/file/d/1aYzrC5dd08wXnWc5PSMecVKN8SZWcLJD/view?usp=drivesdk,10.47865/igob.vol5.n17.2022.181,https://drive.google.com/file/d/1aYzrC5dd08wXnWc5PSMecVKN8SZWcLJD/preview,https://drive.google.com/file/d/1aYzrC5dd08wXnWc5PSMecVKN8SZWcLJD/view
1QfMYq9LufpSVX4sB_4zFCFKvIb3ztIv6,10.37956_jbes.v0i0.202.pdf,369163,2026-04-11T20:14:11.420Z,https://drive.google.com/file/d/1QfMYq9LufpSVX4sB_4zFCFKvIb3ztIv6/view?usp=drivesdk,10.37956/jbes.v0i0.202,https://drive.google.com/file/d/1QfMYq9LufpSVX4sB_4zFCFKvIb3ztIv6/preview,https://drive.google.com/file/d/1QfMYq9LufpSVX4sB_4zFCFKvIb3ztIv6/view
1aaQFDbSTUVxn1A9XsYBTHVHW5IfTJri_,10.33262_rmc.v8i4.2959.pdf,358130,2026-04-11T20:13:08.526Z,https://drive.google.com/file/d/1aaQFDbSTUVxn1A9XsYBTHVHW5IfTJri_/view?usp=drivesdk,10.33262/rmc.v8i4.2959,https://drive.google.com/file/d/1aaQFDbSTUVxn1A9XsYBTHVHW5IfTJri_/preview,https://drive.google.com/file/d/1aaQFDbSTUVxn1A9XsYBTHVHW5IfTJri_/view
1Gw5MkzH1m7CqPh5TfLaA35X5azKEAupO,10.26490_uncp.horizonteciencia.2022.22.1080.pdf,900572,2026-04-11T20:13:05.009Z,https://drive.google.com/file/d/1Gw5MkzH1m7CqPh5TfLaA35X5azKEAupO/view?usp=drivesdk,10.26490/uncp.horizonteciencia.2022.22.1080,https://drive.google.com/file/d/1Gw5MkzH1m7CqPh5TfLaA35X5azKEAupO/preview,https://drive.google.com/file/d/1Gw5MkzH1m7CqPh5TfLaA35X5azKEAupO/view
1SMsrWjQ4XUgx7UgxwTV8ml2z-j9q1VyQ,10.21723_riaee.v17iesp.3.16622.pdf,285739,2026-04-11T20:13:01.710Z,https://drive.google.com/file/d/1SMsrWjQ4XUgx7UgxwTV8ml2z-j9q1VyQ/view?usp=drivesdk,10.21723/riaee.v17iesp.3.16622,https://drive.google.com/file/d/1SMsrWjQ4XUgx7UgxwTV8ml2z-j9q1VyQ/preview,https://drive.google.com/file/d/1SMsrWjQ4XUgx7UgxwTV8ml2z-j9q1VyQ/view
11RTBAPpUoT3YCdBg32WDy6LgxY9GUo8M,10.62407_rces.v2i2.45.pdf,370605,2026-04-11T20:12:23.162Z,https://drive.google.com/file/d/11RTBAPpUoT3YCdBg32WDy6LgxY9GUo8M/view?usp=drivesdk,10.62407/rces.v2i2.45,https://drive.google.com/file/d/11RTBAPpUoT3YCdBg32WDy6LgxY9GUo8M/preview,https://drive.google.com/file/d/11RTBAPpUoT3YCdBg32WDy6LgxY9GUo8M/view
12d2UsawuP4xg3_mKUamXxeXMJWU6Pit5,10.52080_rvgluz.27.100.13.pdf,894397,2026-04-11T20:12:19.191Z,https://drive.google.com/file/d/12d2UsawuP4xg3_mKUamXxeXMJWU6Pit5/view?usp=drivesdk,10.52080/rvgluz.27.100.13,https://drive.google.com/file/d/12d2UsawuP4xg3_mKUamXxeXMJWU6Pit5/preview,https://drive.google.com/file/d/12d2UsawuP4xg3_mKUamXxeXMJWU6Pit5/view
1YCDFRaovKwqcTxrYrHMAxB7O4q2TYXCH,10.35622_j.rie.2024.03.006.pdf,337112,2026-04-11T20:12:16.957Z,https://drive.google.com/file/d/1YCDFRaovKwqcTxrYrHMAxB7O4q2TYXCH/view?usp=drivesdk,10.35622/j.rie.2024.03.006,https://drive.google.com/file/d/1YCDFRaovKwqcTxrYrHMAxB7O4q2TYXCH/preview,https://drive.google.com/file/d/1YCDFRaovKwqcTxrYrHMAxB7O4q2TYXCH/view
1ex-xKH_W3pSgi5m-LF8nWLJrGUWxUciB,10.56712_latam.v6i2.3831.pdf,813472,2026-04-11T20:12:14.929Z,https://drive.google.com/file/d/1ex-xKH_W3pSgi5m-LF8nWLJrGUWxUciB/view?usp=drivesdk,10.56712/latam.v6i2.3831,https://drive.google.com/file/d/1ex-xKH_W3pSgi5m-LF8nWLJrGUWxUciB/preview,https://drive.google.com/file/d/1ex-xKH_W3pSgi5m-LF8nWLJrGUWxUciB/view
1RYz9ptHzQeXYZEKIp5ngzodOiiA2AIxI,10.30554_pe.1.4872.2023.pdf,655080,2026-04-11T20:12:12.063Z,https://drive.google.com/file/d/1RYz9ptHzQeXYZEKIp5ngzodOiiA2AIxI/view?usp=drivesdk,10.30554/pe.1.4872.2023,https://drive.google.com/file/d/1RYz9ptHzQeXYZEKIp5ngzodOiiA2AIxI/preview,https://drive.google.com/file/d/1RYz9ptHzQeXYZEKIp5ngzodOiiA2AIxI/view
17s6FImq41xM1k-USUtd7H1RZD3c9_XET,10.17268_rev.cyt.2020.03.13.pdf,544129,2026-04-11T20:12:09.119Z,https://drive.google.com/file/d/17s6FImq41xM1k-USUtd7H1RZD3c9_XET/view?usp=drivesdk,10.17268/rev.cyt.2020.03.13,https://drive.google.com/file/d/17s6FImq41xM1k-USUtd7H1RZD3c9_XET/preview,https://drive.google.com/file/d/17s6FImq41xM1k-USUtd7H1RZD3c9_XET/view
1GdScan9f2jztkOPzHoqqJLHcIL_cH4NW,10.51252_rcri.v1i1.126.pdf,383119,2026-04-11T20:12:05.582Z,https://drive.google.com/file/d/1GdScan9f2jztkOPzHoqqJLHcIL_cH4NW/view?usp=drivesdk,10.51252/rcri.v1i1.126,https://drive.google.com/file/d/1GdScan9f2jztkOPzHoqqJLHcIL_cH4NW/preview,https://drive.google.com/file/d/1GdScan9f2jztkOPzHoqqJLHcIL_cH4NW/view
1xEuOy17ZXJQTNKy6YqxerZDSiBNgyNXh,10.56712_latam.v4i1.421.pdf,321827,2026-04-11T20:11:31.759Z,https://drive.google.com/file/d/1xEuOy17ZXJQTNKy6YqxerZDSiBNgyNXh/view?usp=drivesdk,10.56712/latam.v4i1.421,https://drive.google.com/file/d/1xEuOy17ZXJQTNKy6YqxerZDSiBNgyNXh/preview,https://drive.google.com/file/d/1xEuOy17ZXJQTNKy6YqxerZDSiBNgyNXh/view
1ZxFGJzHQGdmf-oByvAqbxxUktDuufMOg,10.56219_lneaimaginaria.v1i19.3234.pdf,269978,2026-04-11T20:10:57.743Z,https://drive.google.com/file/d/1ZxFGJzHQGdmf-oByvAqbxxUktDuufMOg/view?usp=drivesdk,10.56219/lneaimaginaria.v1i19.3234,https://drive.google.com/file/d/1ZxFGJzHQGdmf-oByvAqbxxUktDuufMOg/preview,https://drive.google.com/file/d/1ZxFGJzHQGdmf-oByvAqbxxUktDuufMOg/view
1TmXoPPcUjwSSNiKuI6QS0qNnoSxN8QGV,10.18634_sophiaj.20v.1i.1363.pdf,803342,2026-04-11T20:10:53.978Z,https://drive.google.com/file/d/1TmXoPPcUjwSSNiKuI6QS0qNnoSxN8QGV/view?usp=drivesdk,10.18634/sophiaj.20v.1i.1363,https://drive.google.com/file/d/1TmXoPPcUjwSSNiKuI6QS0qNnoSxN8QGV/preview,https://drive.google.com/file/d/1TmXoPPcUjwSSNiKuI6QS0qNnoSxN8QGV/view
1rTg18EqR4VZFa_4y5CCOv5NMSKBlncw-,10.34096_bol.rav.n56.10876.pdf,457239,2026-04-11T20:10:46.365Z,https://drive.google.com/file/d/1rTg18EqR4VZFa_4y5CCOv5NMSKBlncw-/view?usp=drivesdk,10.34096/bol.rav.n56.10876,https://drive.google.com/file/d/1rTg18EqR4VZFa_4y5CCOv5NMSKBlncw-/preview,https://drive.google.com/file/d/1rTg18EqR4VZFa_4y5CCOv5NMSKBlncw-/view
1V2hhr5P9KzuQ100jGqH9rV3lY_4ijfbe,10.5335_rep.v29i1.13116.pdf,341342,2026-04-11T20:10:42.195Z,https://drive.google.com/file/d/1V2hhr5P9KzuQ100jGqH9rV3lY_4ijfbe/view?usp=drivesdk,10.5335/rep.v29i1.13116,https://drive.google.com/file/d/1V2hhr5P9KzuQ100jGqH9rV3lY_4ijfbe/preview,https://drive.google.com/file/d/1V2hhr5P9KzuQ100jGqH9rV3lY_4ijfbe/view
1bMmmdptdugHPq6dneZSJaN_n8aSY3Q6h,10.56712_latam.v5i5.2754.pdf,493980,2026-04-11T20:10:38.465Z,https://drive.google.com/file/d/1bMmmdptdugHPq6dneZSJaN_n8aSY3Q6h/view?usp=drivesdk,10.56712/latam.v5i5.2754,https://drive.google.com/file/d/1bMmmdptdugHPq6dneZSJaN_n8aSY3Q6h/preview,https://drive.google.com/file/d/1bMmmdptdugHPq6dneZSJaN_n8aSY3Q6h/view
1UINmwAOJGPezSySEFEK_QeJ9lfwTzs89,10.15381_rpiiedu.v1i2.21040.pdf,298194,2026-04-11T20:10:35.498Z,https://drive.google.com/file/d/1UINmwAOJGPezSySEFEK_QeJ9lfwTzs89/view?usp=drivesdk,10.15381/rpiiedu.v1i2.21040,https://drive.google.com/file/d/1UINmwAOJGPezSySEFEK_QeJ9lfwTzs89/preview,https://drive.google.com/file/d/1UINmwAOJGPezSySEFEK_QeJ9lfwTzs89/view
1sYvnqoD9FRBFLB_um8VjBnt3Ic55DKcP,10.37135_chk.002.19.13.pdf,901651,2026-04-11T20:10:30.620Z,https://drive.google.com/file/d/1sYvnqoD9FRBFLB_um8VjBnt3Ic55DKcP/view?usp=drivesdk,10.37135/chk.002.19.13,https://drive.google.com/file/d/1sYvnqoD9FRBFLB_um8VjBnt3Ic55DKcP/preview,https://drive.google.com/file/d/1sYvnqoD9FRBFLB_um8VjBnt3Ic55DKcP/view
11o1AHj2lpmCTTFkPXc5xuj7KFGsrRKRH,10.37073_puriq.5.440.pdf,456420,2026-04-11T20:10:26.904Z,https://drive.google.com/file/d/11o1AHj2lpmCTTFkPXc5xuj7KFGsrRKRH/view?usp=drivesdk,10.37073/puriq.5.440,https://drive.google.com/file/d/11o1AHj2lpmCTTFkPXc5xuj7KFGsrRKRH/preview,https://drive.google.com/file/d/11o1AHj2lpmCTTFkPXc5xuj7KFGsrRKRH/view
1cGZiQrxlNsouzZ4hex0ywPFyAy8X1Ht0,10.15366_jospoe2020.11.001.pdf,339356,2026-04-11T20:09:52.995Z,https://drive.google.com/file/d/1cGZiQrxlNsouzZ4hex0ywPFyAy8X1Ht0/view?usp=drivesdk,10.15366/jospoe2020.11.001,https://drive.google.com/file/d/1cGZiQrxlNsouzZ4hex0ywPFyAy8X1Ht0/preview,https://drive.google.com/file/d/1cGZiQrxlNsouzZ4hex0ywPFyAy8X1Ht0/view
1xnvoANPe3u-jiQGfnQuQ0a5Kb_xlKt-l,10.59773_ci.v5i1.71.pdf,157202,2026-04-11T20:09:50.601Z,https://drive.google.com/file/d/1xnvoANPe3u-jiQGfnQuQ0a5Kb_xlKt-l/view?usp=drivesdk,10.59773/ci.v5i1.71,https://drive.google.com/file/d/1xnvoANPe3u-jiQGfnQuQ0a5Kb_xlKt-l/preview,https://drive.google.com/file/d/1xnvoANPe3u-jiQGfnQuQ0a5Kb_xlKt-l/view
1TXz2fAAOXcW_xTLlC6tmu-uiX3KEgwtw,10.26490_uncp.horizonteciencia.2021.20.784.pdf,1110077,2026-04-11T20:08:13.939Z,https://drive.google.com/file/d/1TXz2fAAOXcW_xTLlC6tmu-uiX3KEgwtw/view?usp=drivesdk,10.26490/uncp.horizonteciencia.2021.20.784,https://drive.google.com/file/d/1TXz2fAAOXcW_xTLlC6tmu-uiX3KEgwtw/preview,https://drive.google.com/file/d/1TXz2fAAOXcW_xTLlC6tmu-uiX3KEgwtw/view
1CTVxeU3gVSNd6ALgQiMlb19Wy4ZFn0wP,10.11144_javeriana.m16.icge.pdf,421636,2026-04-11T20:08:07.720Z,https://drive.google.com/file/d/1CTVxeU3gVSNd6ALgQiMlb19Wy4ZFn0wP/view?usp=drivesdk,10.11144/javeriana.m16.icge,https://drive.google.com/file/d/1CTVxeU3gVSNd6ALgQiMlb19Wy4ZFn0wP/preview,https://drive.google.com/file/d/1CTVxeU3gVSNd6ALgQiMlb19Wy4ZFn0wP/view
1ocmRRAXJWbrfh5doSonozJggiHF9H_7P,10.15381_rpiiedu.v2i1.22673.pdf,369915,2026-04-11T20:08:04.933Z,https://drive.google.com/file/d/1ocmRRAXJWbrfh5doSonozJggiHF9H_7P/view?usp=drivesdk,10.15381/rpiiedu.v2i1.22673,https://drive.google.com/file/d/1ocmRRAXJWbrfh5doSonozJggiHF9H_7P/preview,https://drive.google.com/file/d/1ocmRRAXJWbrfh5doSonozJggiHF9H_7P/view
1Goc61ZU3QoUecBDD2TCW0S7kblhzm-pG,10.61347_ei.v3i1.67.pdf,311610,2026-04-11T20:06:58.174Z,https://drive.google.com/file/d/1Goc61ZU3QoUecBDD2TCW0S7kblhzm-pG/view?usp=drivesdk,10.61347/ei.v3i1.67,https://drive.google.com/file/d/1Goc61ZU3QoUecBDD2TCW0S7kblhzm-pG/preview,https://drive.google.com/file/d/1Goc61ZU3QoUecBDD2TCW0S7kblhzm-pG/view
1RSDon59JZi0fc4xL82cWS-0K6sUhurWc,10.37956_jbes.v0i0.206.pdf,314542,2026-04-11T20:06:54.916Z,https://drive.google.com/file/d/1RSDon59JZi0fc4xL82cWS-0K6sUhurWc/view?usp=drivesdk,10.37956/jbes.v0i0.206,https://drive.google.com/file/d/1RSDon59JZi0fc4xL82cWS-0K6sUhurWc/preview,https://drive.google.com/file/d/1RSDon59JZi0fc4xL82cWS-0K6sUhurWc/view
1wspC8BSVX4ag_fCA78GRJQ_xDxFg7bQN,10.52080_rvgluz.28.101.6.pdf,807951,2026-04-11T20:06:52.918Z,https://drive.google.com/file/d/1wspC8BSVX4ag_fCA78GRJQ_xDxFg7bQN/view?usp=drivesdk,10.52080/rvgluz.28.101.6,https://drive.google.com/file/d/1wspC8BSVX4ag_fCA78GRJQ_xDxFg7bQN/preview,https://drive.google.com/file/d/1wspC8BSVX4ag_fCA78GRJQ_xDxFg7bQN/view
1m4GViel8BCC9B_Zv4lMdDonHk2coft0Z,10.31948_rev.unimar_unimar41-2-art11.pdf,1294015,2026-04-11T20:06:39.094Z,https://drive.google.com/file/d/1m4GViel8BCC9B_Zv4lMdDonHk2coft0Z/view?usp=drivesdk,10.31948/rev.unimar_unimar41-2-art11,https://drive.google.com/file/d/1m4GViel8BCC9B_Zv4lMdDonHk2coft0Z/preview,https://drive.google.com/file/d/1m4GViel8BCC9B_Zv4lMdDonHk2coft0Z/view
15r6mV7ATC4FF-yYm9miQN7lFOjfdYEPy,10.22352_saustral20222806.pdf,368039,2026-04-11T20:06:06.275Z,https://drive.google.com/file/d/15r6mV7ATC4FF-yYm9miQN7lFOjfdYEPy/view?usp=drivesdk,10.22352/saustral20222806,https://drive.google.com/file/d/15r6mV7ATC4FF-yYm9miQN7lFOjfdYEPy/preview,https://drive.google.com/file/d/15r6mV7ATC4FF-yYm9miQN7lFOjfdYEPy/view
1RWGGlcbpnNvTddygS4SZfiXg0t4mEZJ2,10.26620_uniminuto.perspectivas.7.22.2022.146-156.pdf,448574,2026-04-11T20:06:03.488Z,https://drive.google.com/file/d/1RWGGlcbpnNvTddygS4SZfiXg0t4mEZJ2/view?usp=drivesdk,10.26620/uniminuto.perspectivas.7.22.2022.146-156,https://drive.google.com/file/d/1RWGGlcbpnNvTddygS4SZfiXg0t4mEZJ2/preview,https://drive.google.com/file/d/1RWGGlcbpnNvTddygS4SZfiXg0t4mEZJ2/view
15UQGUZndYwRJC4sdD4kUDR2Pdc4onYWN,10.15517_revedu.v47i1.51724.pdf,325981,2026-04-11T20:06:01.367Z,https://drive.google.com/file/d/15UQGUZndYwRJC4sdD4kUDR2Pdc4onYWN/view?usp=drivesdk,10.15517/revedu.v47i1.51724,https://drive.google.com/file/d/15UQGUZndYwRJC4sdD4kUDR2Pdc4onYWN/preview,https://drive.google.com/file/d/15UQGUZndYwRJC4sdD4kUDR2Pdc4onYWN/view
1rBluDEQT29kq5dLPX6zyEsZm3W956EAv,10.52080_rvgluz.28.e10.44.pdf,834551,2026-04-11T20:05:58.415Z,https://drive.google.com/file/d/1rBluDEQT29kq5dLPX6zyEsZm3W956EAv/view?usp=drivesdk,10.52080/rvgluz.28.e10.44,https://drive.google.com/file/d/1rBluDEQT29kq5dLPX6zyEsZm3W956EAv/preview,https://drive.google.com/file/d/1rBluDEQT29kq5dLPX6zyEsZm3W956EAv/view
1BfQgP1p1wv1h1tsfRs66IETh53QwQk3_,10.23850_25907441.4392.pdf,222610,2026-04-11T20:05:55.693Z,https://drive.google.com/file/d/1BfQgP1p1wv1h1tsfRs66IETh53QwQk3_/view?usp=drivesdk,10.23850/25907441.4392,https://drive.google.com/file/d/1BfQgP1p1wv1h1tsfRs66IETh53QwQk3_/preview,https://drive.google.com/file/d/1BfQgP1p1wv1h1tsfRs66IETh53QwQk3_/view
1csckJ1igDK-YtPrTD_ZSBmDWkpaqyfx0,10.37073_puriq.4.325.pdf,281717,2026-04-11T20:05:22.986Z,https://drive.google.com/file/d/1csckJ1igDK-YtPrTD_ZSBmDWkpaqyfx0/view?usp=drivesdk,10.37073/puriq.4.325,https://drive.google.com/file/d/1csckJ1igDK-YtPrTD_ZSBmDWkpaqyfx0/preview,https://drive.google.com/file/d/1csckJ1igDK-YtPrTD_ZSBmDWkpaqyfx0/view
1Fkc3JADR1pZG6_7vcf72a5fzNrZCzLvf,10.35381_e.k.v4i7.1175.pdf,989623,2026-04-11T20:05:09.903Z,https://drive.google.com/file/d/1Fkc3JADR1pZG6_7vcf72a5fzNrZCzLvf/view?usp=drivesdk,10.35381/e.k.v4i7.1175,https://drive.google.com/file/d/1Fkc3JADR1pZG6_7vcf72a5fzNrZCzLvf/preview,https://drive.google.com/file/d/1Fkc3JADR1pZG6_7vcf72a5fzNrZCzLvf/view
1PBbLk3Twx7NWsJBxilGM6AvzK1x9OQUo,10.15359_rep.17-2.11.pdf,747778,2026-04-11T20:05:07.641Z,https://drive.google.com/file/d/1PBbLk3Twx7NWsJBxilGM6AvzK1x9OQUo/view?usp=drivesdk,10.15359/rep.17-2.11,https://drive.google.com/file/d/1PBbLk3Twx7NWsJBxilGM6AvzK1x9OQUo/preview,https://drive.google.com/file/d/1PBbLk3Twx7NWsJBxilGM6AvzK1x9OQUo/view
1rXrqyMu6cPm4zvZVFVzVhV9_b5Jw54gq,10.15517_revedu.v44i2.39544.pdf,409581,2026-04-11T20:04:33.859Z,https://drive.google.com/file/d/1rXrqyMu6cPm4zvZVFVzVhV9_b5Jw54gq/view?usp=drivesdk,10.15517/revedu.v44i2.39544,https://drive.google.com/file/d/1rXrqyMu6cPm4zvZVFVzVhV9_b5Jw54gq/preview,https://drive.google.com/file/d/1rXrqyMu6cPm4zvZVFVzVhV9_b5Jw54gq/view
1aPh_I6-nZ3oFJ04ed63DQKlUlYuBe7gA,10.15359_rep.19-2.3.pdf,688786,2026-04-11T20:04:27.611Z,https://drive.google.com/file/d/1aPh_I6-nZ3oFJ04ed63DQKlUlYuBe7gA/view?usp=drivesdk,10.15359/rep.19-2.3,https://drive.google.com/file/d/1aPh_I6-nZ3oFJ04ed63DQKlUlYuBe7gA/preview,https://drive.google.com/file/d/1aPh_I6-nZ3oFJ04ed63DQKlUlYuBe7gA/view
18am83QOjdTW9KcikRJZ-NJV4bpSoLXkP,10.24320_redie.2023.25.e08.4215.pdf,348448,2026-04-11T20:04:24.191Z,https://drive.google.com/file/d/18am83QOjdTW9KcikRJZ-NJV4bpSoLXkP/view?usp=drivesdk,10.24320/redie.2023.25.e08.4215,https://drive.google.com/file/d/18am83QOjdTW9KcikRJZ-NJV4bpSoLXkP/preview,https://drive.google.com/file/d/18am83QOjdTW9KcikRJZ-NJV4bpSoLXkP/view
1BTqu3hGVzGfGFW-XrVs7etplULc0pqjH,10.15381_rpiiedu.v1i1.20670.pdf,255095,2026-04-11T20:03:50.955Z,https://drive.google.com/file/d/1BTqu3hGVzGfGFW-XrVs7etplULc0pqjH/view?usp=drivesdk,10.15381/rpiiedu.v1i1.20670,https://drive.google.com/file/d/1BTqu3hGVzGfGFW-XrVs7etplULc0pqjH/preview,https://drive.google.com/file/d/1BTqu3hGVzGfGFW-XrVs7etplULc0pqjH/view
1qpqDXmy4isRfPdl8xQljecYe1qMnVkWQ,10.15517_rge.v9i2.54137.pdf,302392,2026-04-11T20:03:16.112Z,https://drive.google.com/file/d/1qpqDXmy4isRfPdl8xQljecYe1qMnVkWQ/view?usp=drivesdk,10.15517/rge.v9i2.54137,https://drive.google.com/file/d/1qpqDXmy4isRfPdl8xQljecYe1qMnVkWQ/preview,https://drive.google.com/file/d/1qpqDXmy4isRfPdl8xQljecYe1qMnVkWQ/view
1GLZ_fw5qHDygw353lcVQNTKnidRDaxQc,10.15517_rge.v10i1.57522.pdf,363945,2026-04-11T20:03:13.109Z,https://drive.google.com/file/d/1GLZ_fw5qHDygw353lcVQNTKnidRDaxQc/view?usp=drivesdk,10.15517/rge.v10i1.57522,https://drive.google.com/file/d/1GLZ_fw5qHDygw353lcVQNTKnidRDaxQc/preview,https://drive.google.com/file/d/1GLZ_fw5qHDygw353lcVQNTKnidRDaxQc/view
1LECRHeZ8ZKUM_AK5LVRIEP1bJ1fgUfLL,10.35381_racji.v8i15.2583.pdf,271261,2026-04-11T20:02:39.394Z,https://drive.google.com/file/d/1LECRHeZ8ZKUM_AK5LVRIEP1bJ1fgUfLL/view?usp=drivesdk,10.35381/racji.v8i15.2583,https://drive.google.com/file/d/1LECRHeZ8ZKUM_AK5LVRIEP1bJ1fgUfLL/preview,https://drive.google.com/file/d/1LECRHeZ8ZKUM_AK5LVRIEP1bJ1fgUfLL/view
1EKHjwJUK-aFB0fyEwyEGOX3AqXG5xSZJ,10.15359_rep.18-1.14.pdf,1055790,2026-04-11T20:02:37.257Z,https://drive.google.com/file/d/1EKHjwJUK-aFB0fyEwyEGOX3AqXG5xSZJ/view?usp=drivesdk,10.15359/rep.18-1.14,https://drive.google.com/file/d/1EKHjwJUK-aFB0fyEwyEGOX3AqXG5xSZJ/preview,https://drive.google.com/file/d/1EKHjwJUK-aFB0fyEwyEGOX3AqXG5xSZJ/view
1ZeGcruai6Pn7rxN9uDs91VYjTdDeuVut,10.18800_educacion.202501.r001.pdf,95488,2026-04-11T20:02:03.059Z,https://drive.google.com/file/d/1ZeGcruai6Pn7rxN9uDs91VYjTdDeuVut/view?usp=drivesdk,10.18800/educacion.202501.r001,https://drive.google.com/file/d/1ZeGcruai6Pn7rxN9uDs91VYjTdDeuVut/preview,https://drive.google.com/file/d/1ZeGcruai6Pn7rxN9uDs91VYjTdDeuVut/view
1KxqHuHFZtKKBxoamoXb8CfA_MWfjxseD,10.35381_e.k.v7i13.3226.pdf,233024,2026-04-11T20:02:01.097Z,https://drive.google.com/file/d/1KxqHuHFZtKKBxoamoXb8CfA_MWfjxseD/view?usp=drivesdk,10.35381/e.k.v7i13.3226,https://drive.google.com/file/d/1KxqHuHFZtKKBxoamoXb8CfA_MWfjxseD/preview,https://drive.google.com/file/d/1KxqHuHFZtKKBxoamoXb8CfA_MWfjxseD/view
1ce5-NRsBZhM57tYTSICCz5bxldXPJTsx,10.22325_fes_res.2022.122.pdf,276618,2026-04-11T20:01:58.609Z,https://drive.google.com/file/d/1ce5-NRsBZhM57tYTSICCz5bxldXPJTsx/view?usp=drivesdk,10.22325/fes_res.2022.122,https://drive.google.com/file/d/1ce5-NRsBZhM57tYTSICCz5bxldXPJTsx/preview,https://drive.google.com/file/d/1ce5-NRsBZhM57tYTSICCz5bxldXPJTsx/view
1ENqDfaOMSo1xouwu2gRtXIhe9VYX8SAD,10.17163_abyaups.127.20.pdf,182241,2026-04-11T20:01:53.988Z,https://drive.google.com/file/d/1ENqDfaOMSo1xouwu2gRtXIhe9VYX8SAD/view?usp=drivesdk,10.17163/abyaups.127.20,https://drive.google.com/file/d/1ENqDfaOMSo1xouwu2gRtXIhe9VYX8SAD/preview,https://drive.google.com/file/d/1ENqDfaOMSo1xouwu2gRtXIhe9VYX8SAD/view
1tstoiz_JyNP5V6v_2PYDDuJMWPFqVqbC,10.4067_s0718-50062021000400133.pdf,383455,2026-04-11T20:01:18.935Z,https://drive.google.com/file/d/1tstoiz_JyNP5V6v_2PYDDuJMWPFqVqbC/view?usp=drivesdk,10.4067/s0718-50062021000400133,https://drive.google.com/file/d/1tstoiz_JyNP5V6v_2PYDDuJMWPFqVqbC/preview,https://drive.google.com/file/d/1tstoiz_JyNP5V6v_2PYDDuJMWPFqVqbC/view
1p4amzTlQzVTI8yYKewIJjVAJ4PXpzEBS,10.29375_tesis.19170.pdf,1502153,2026-04-11T20:01:12.460Z,https://drive.google.com/file/d/1p4amzTlQzVTI8yYKewIJjVAJ4PXpzEBS/view?usp=drivesdk,10.29375/tesis.19170,https://drive.google.com/file/d/1p4amzTlQzVTI8yYKewIJjVAJ4PXpzEBS/preview,https://drive.google.com/file/d/1p4amzTlQzVTI8yYKewIJjVAJ4PXpzEBS/view
1axn60Ky_IA2oX5c_SFpKgkq217NXXq8N,10.48162_rev.36.074.pdf,894142,2026-04-11T20:01:05.222Z,https://drive.google.com/file/d/1axn60Ky_IA2oX5c_SFpKgkq217NXXq8N/view?usp=drivesdk,10.48162/rev.36.074,https://drive.google.com/file/d/1axn60Ky_IA2oX5c_SFpKgkq217NXXq8N/preview,https://drive.google.com/file/d/1axn60Ky_IA2oX5c_SFpKgkq217NXXq8N/view
1P3JD0_N2Z-CkKRMi3gESjxWt4uQD9zhu,10.55813_egaea.l.101.pdf,2505162,2026-04-11T20:01:01.897Z,https://drive.google.com/file/d/1P3JD0_N2Z-CkKRMi3gESjxWt4uQD9zhu/view?usp=drivesdk,10.55813/egaea.l.101,https://drive.google.com/file/d/1P3JD0_N2Z-CkKRMi3gESjxWt4uQD9zhu/preview,https://drive.google.com/file/d/1P3JD0_N2Z-CkKRMi3gESjxWt4uQD9zhu/view
1xjgBGI13GHdyYAYUpDazx9XczzvYKu3l,10.35381_r.k.v8i17.3145.pdf,369091,2026-04-11T20:00:58.124Z,https://drive.google.com/file/d/1xjgBGI13GHdyYAYUpDazx9XczzvYKu3l/view?usp=drivesdk,10.35381/r.k.v8i17.3145,https://drive.google.com/file/d/1xjgBGI13GHdyYAYUpDazx9XczzvYKu3l/preview,https://drive.google.com/file/d/1xjgBGI13GHdyYAYUpDazx9XczzvYKu3l/view
1eZgf72ct03pnzTHec7ljm-8u68i6cwBW,10.15446_innovar.v30n77.87453.pdf,1087490,2026-04-11T20:00:54.707Z,https://drive.google.com/file/d/1eZgf72ct03pnzTHec7ljm-8u68i6cwBW/view?usp=drivesdk,10.15446/innovar.v30n77.87453,https://drive.google.com/file/d/1eZgf72ct03pnzTHec7ljm-8u68i6cwBW/preview,https://drive.google.com/file/d/1eZgf72ct03pnzTHec7ljm-8u68i6cwBW/view
1dQbspsNhUJWavkOJHw6BMDPHfu5moAgy,10.35381_r.k.v8i17.3144.pdf,299686,2026-04-11T20:00:45.442Z,https://drive.google.com/file/d/1dQbspsNhUJWavkOJHw6BMDPHfu5moAgy/view?usp=drivesdk,10.35381/r.k.v8i17.3144,https://drive.google.com/file/d/1dQbspsNhUJWavkOJHw6BMDPHfu5moAgy/preview,https://drive.google.com/file/d/1dQbspsNhUJWavkOJHw6BMDPHfu5moAgy/view
1MHeIVaxgMikBxiJ2DzrMQnNLkfG6D6zy,10.46498_reduipb.v24i2.1330.pdf,1225668,2026-04-11T20:00:43.037Z,https://drive.google.com/file/d/1MHeIVaxgMikBxiJ2DzrMQnNLkfG6D6zy/view?usp=drivesdk,10.46498/reduipb.v24i2.1330,https://drive.google.com/file/d/1MHeIVaxgMikBxiJ2DzrMQnNLkfG6D6zy/preview,https://drive.google.com/file/d/1MHeIVaxgMikBxiJ2DzrMQnNLkfG6D6zy/view
1A61iyNwnTzcG9A1th0nobFebkEEMqgPQ,10.24236_24631388.n.2020.3396.pdf,1291738,2026-04-11T20:00:40.619Z,https://drive.google.com/file/d/1A61iyNwnTzcG9A1th0nobFebkEEMqgPQ/view?usp=drivesdk,10.24236/24631388.n.2020.3396,https://drive.google.com/file/d/1A61iyNwnTzcG9A1th0nobFebkEEMqgPQ/preview,https://drive.google.com/file/d/1A61iyNwnTzcG9A1th0nobFebkEEMqgPQ/view
1pSQ3bW44yXx6T3VAar4x9XfCqCAEb0px,10.33996_cide.ecuador.lc4907807.pdf,9815396,2026-04-11T20:00:37.122Z,https://drive.google.com/file/d/1pSQ3bW44yXx6T3VAar4x9XfCqCAEb0px/view?usp=drivesdk,10.33996/cide.ecuador.lc4907807,https://drive.google.com/file/d/1pSQ3bW44yXx6T3VAar4x9XfCqCAEb0px/preview,https://drive.google.com/file/d/1pSQ3bW44yXx6T3VAar4x9XfCqCAEb0px/view
1Qu50wXhd1IrxXILBfm2k6SPM-a_fVL3j,10.35362_rie9015276.pdf,207004,2026-04-11T20:00:34.369Z,https://drive.google.com/file/d/1Qu50wXhd1IrxXILBfm2k6SPM-a_fVL3j/view?usp=drivesdk,10.35362/rie9015276,https://drive.google.com/file/d/1Qu50wXhd1IrxXILBfm2k6SPM-a_fVL3j/preview,https://drive.google.com/file/d/1Qu50wXhd1IrxXILBfm2k6SPM-a_fVL3j/view
12C0WX_DiF42ZvyR7rFAig713Tr1Ui8pf,10.15359_ree.27-3.17435.pdf,338038,2026-04-11T20:00:31.399Z,https://drive.google.com/file/d/12C0WX_DiF42ZvyR7rFAig713Tr1Ui8pf/view?usp=drivesdk,10.15359/ree.27-3.17435,https://drive.google.com/file/d/12C0WX_DiF42ZvyR7rFAig713Tr1Ui8pf/preview,https://drive.google.com/file/d/12C0WX_DiF42ZvyR7rFAig713Tr1Ui8pf/view
1lBW2OUXHOJGGRWLx_xLkYadun6dxDDxD,10.35622_j.rie.2023.05.012.pdf,247642,2026-04-11T20:00:28.724Z,https://drive.google.com/file/d/1lBW2OUXHOJGGRWLx_xLkYadun6dxDDxD/view?usp=drivesdk,10.35622/j.rie.2023.05.012,https://drive.google.com/file/d/1lBW2OUXHOJGGRWLx_xLkYadun6dxDDxD/preview,https://drive.google.com/file/d/1lBW2OUXHOJGGRWLx_xLkYadun6dxDDxD/view
1p371-O2d_T7lpiiVp6AHLCyxDtJ9qP0v,10.35622_j.rep.2023.04.002.pdf,240403,2026-04-11T20:00:25.184Z,https://drive.google.com/file/d/1p371-O2d_T7lpiiVp6AHLCyxDtJ9qP0v/view?usp=drivesdk,10.35622/j.rep.2023.04.002,https://drive.google.com/file/d/1p371-O2d_T7lpiiVp6AHLCyxDtJ9qP0v/preview,https://drive.google.com/file/d/1p371-O2d_T7lpiiVp6AHLCyxDtJ9qP0v/view
1QwGEg5BcI5Q16YJ74RusvizYYHO9jPmw,10.19136_etie.v7n14.6307.pdf,340205,2026-04-11T20:00:22.903Z,https://drive.google.com/file/d/1QwGEg5BcI5Q16YJ74RusvizYYHO9jPmw/view?usp=drivesdk,10.19136/etie.v7n14.6307,https://drive.google.com/file/d/1QwGEg5BcI5Q16YJ74RusvizYYHO9jPmw/preview,https://drive.google.com/file/d/1QwGEg5BcI5Q16YJ74RusvizYYHO9jPmw/view
1YQtvMgm-lHgFrnrx7CVe7Q1fWQtgQOcp,10.52080_rvgluz.27.7.16.pdf,841700,2026-04-11T20:00:18.655Z,https://drive.google.com/file/d/1YQtvMgm-lHgFrnrx7CVe7Q1fWQtgQOcp/view?usp=drivesdk,10.52080/rvgluz.27.7.16,https://drive.google.com/file/d/1YQtvMgm-lHgFrnrx7CVe7Q1fWQtgQOcp/preview,https://drive.google.com/file/d/1YQtvMgm-lHgFrnrx7CVe7Q1fWQtgQOcp/view
1ypbZzRNHJltCFER488FRC6ZD2ex2mycv,10.33262_cienciadigital.v8i2.2995.pdf,1327976,2026-04-11T20:00:16.387Z,https://drive.google.com/file/d/1ypbZzRNHJltCFER488FRC6ZD2ex2mycv/view?usp=drivesdk,10.33262/cienciadigital.v8i2.2995,https://drive.google.com/file/d/1ypbZzRNHJltCFER488FRC6ZD2ex2mycv/preview,https://drive.google.com/file/d/1ypbZzRNHJltCFER488FRC6ZD2ex2mycv/view
16X2S-g4kzx8aVuCL0qFANMk4lAA8RiBh,10.4067_s0718-07052024000200319.pdf,196348,2026-04-11T20:00:13.045Z,https://drive.google.com/file/d/16X2S-g4kzx8aVuCL0qFANMk4lAA8RiBh/view?usp=drivesdk,10.4067/s0718-07052024000200319,https://drive.google.com/file/d/16X2S-g4kzx8aVuCL0qFANMk4lAA8RiBh/preview,https://drive.google.com/file/d/16X2S-g4kzx8aVuCL0qFANMk4lAA8RiBh/view
1PHi-RZd3TGMV2RyR5J-fJL_dRmvT4OD8,10.47865_igob.vol6.n24.2023.305.pdf,357317,2026-04-11T20:00:05.390Z,https://drive.google.com/file/d/1PHi-RZd3TGMV2RyR5J-fJL_dRmvT4OD8/view?usp=drivesdk,10.47865/igob.vol6.n24.2023.305,https://drive.google.com/file/d/1PHi-RZd3TGMV2RyR5J-fJL_dRmvT4OD8/preview,https://drive.google.com/file/d/1PHi-RZd3TGMV2RyR5J-fJL_dRmvT4OD8/view
1QOrlZIUqZnesj1uuXW_BW0wFVTaTRVI2,10.48169_ecuatesis_0105202028.pdf,267225,2026-04-11T20:00:02.232Z,https://drive.google.com/file/d/1QOrlZIUqZnesj1uuXW_BW0wFVTaTRVI2/view?usp=drivesdk,10.48169/ecuatesis_0105202028,https://drive.google.com/file/d/1QOrlZIUqZnesj1uuXW_BW0wFVTaTRVI2/preview,https://drive.google.com/file/d/1QOrlZIUqZnesj1uuXW_BW0wFVTaTRVI2/view
1UsWrn10t0rWOnjsBQ2fXcsyjbVtT_mDO,10.30972_riie.16228044.pdf,651070,2026-04-11T19:59:56.185Z,https://drive.google.com/file/d/1UsWrn10t0rWOnjsBQ2fXcsyjbVtT_mDO/view?usp=drivesdk,10.30972/riie.16228044,https://drive.google.com/file/d/1UsWrn10t0rWOnjsBQ2fXcsyjbVtT_mDO/preview,https://drive.google.com/file/d/1UsWrn10t0rWOnjsBQ2fXcsyjbVtT_mDO/view
17tKkOg9oCLHcEKx_2L4ZNiYTzSK3yewl,10.59427_rcli_2023_v23cs.1-13.pdf,232270,2026-04-11T19:59:52.269Z,https://drive.google.com/file/d/17tKkOg9oCLHcEKx_2L4ZNiYTzSK3yewl/view?usp=drivesdk,10.59427/rcli_2023_v23cs.1-13,https://drive.google.com/file/d/17tKkOg9oCLHcEKx_2L4ZNiYTzSK3yewl/preview,https://drive.google.com/file/d/17tKkOg9oCLHcEKx_2L4ZNiYTzSK3yewl/view
1vQRKqrV9ThDcNAsCaZVtSXvWbh74F0tr,10.61285_r.e.l.-uisil.v7i02.112.pdf,566592,2026-04-11T19:59:50.138Z,https://drive.google.com/file/d/1vQRKqrV9ThDcNAsCaZVtSXvWbh74F0tr/view?usp=drivesdk,10.61285/r.e.l.-uisil.v7i02.112,https://drive.google.com/file/d/1vQRKqrV9ThDcNAsCaZVtSXvWbh74F0tr/preview,https://drive.google.com/file/d/1vQRKqrV9ThDcNAsCaZVtSXvWbh74F0tr/view
1eMww6dpRRtFzIIxJRyOJ9MLKSVP7Q39d,10.55867_qual27.09.pdf,550672,2026-04-11T19:59:46.995Z,https://drive.google.com/file/d/1eMww6dpRRtFzIIxJRyOJ9MLKSVP7Q39d/view?usp=drivesdk,10.55867/qual27.09,https://drive.google.com/file/d/1eMww6dpRRtFzIIxJRyOJ9MLKSVP7Q39d/preview,https://drive.google.com/file/d/1eMww6dpRRtFzIIxJRyOJ9MLKSVP7Q39d/view
1M-nYPkJoh_bTpM4uVeGZzFaMrCLksyHx,10.18800_educacion.202102.012.pdf,220942,2026-04-11T19:58:20.269Z,https://drive.google.com/file/d/1M-nYPkJoh_bTpM4uVeGZzFaMrCLksyHx/view?usp=drivesdk,10.18800/educacion.202102.012,https://drive.google.com/file/d/1M-nYPkJoh_bTpM4uVeGZzFaMrCLksyHx/preview,https://drive.google.com/file/d/1M-nYPkJoh_bTpM4uVeGZzFaMrCLksyHx/view
19j6Uasj0KzzE2YV0cpvU7zxF0BCFseHD,10.59427_rcli_2024_v24cs.100-107.pdf,315084,2026-04-11T19:58:17.586Z,https://drive.google.com/file/d/19j6Uasj0KzzE2YV0cpvU7zxF0BCFseHD/view?usp=drivesdk,10.59427/rcli_2024_v24cs.100-107,https://drive.google.com/file/d/19j6Uasj0KzzE2YV0cpvU7zxF0BCFseHD/preview,https://drive.google.com/file/d/19j6Uasj0KzzE2YV0cpvU7zxF0BCFseHD/view
1IVeRRiwfrRv-YvJs_yATw7EjHugF0OdU,10.18050_eduser.v10n1a4.pdf,147779,2026-04-11T19:58:14.070Z,https://drive.google.com/file/d/1IVeRRiwfrRv-YvJs_yATw7EjHugF0OdU/view?usp=drivesdk,10.18050/eduser.v10n1a4,https://drive.google.com/file/d/1IVeRRiwfrRv-YvJs_yATw7EjHugF0OdU/preview,https://drive.google.com/file/d/1IVeRRiwfrRv-YvJs_yATw7EjHugF0OdU/view
1pZ0Lgdk5txKaNTVdlBgIKXVgDUEwQu5E,10.14483_22486798.22039.pdf,1102251,2026-04-11T19:58:11.148Z,https://drive.google.com/file/d/1pZ0Lgdk5txKaNTVdlBgIKXVgDUEwQu5E/view?usp=drivesdk,10.14483/22486798.22039,https://drive.google.com/file/d/1pZ0Lgdk5txKaNTVdlBgIKXVgDUEwQu5E/preview,https://drive.google.com/file/d/1pZ0Lgdk5txKaNTVdlBgIKXVgDUEwQu5E/view
1iKZtvqQIpfpkbyN_r3YW2mdY93xB8Qbc,10.51896_ocsi.v4i1.70.pdf,454304,2026-04-11T19:58:07.179Z,https://drive.google.com/file/d/1iKZtvqQIpfpkbyN_r3YW2mdY93xB8Qbc/view?usp=drivesdk,10.51896/ocsi.v4i1.70,https://drive.google.com/file/d/1iKZtvqQIpfpkbyN_r3YW2mdY93xB8Qbc/preview,https://drive.google.com/file/d/1iKZtvqQIpfpkbyN_r3YW2mdY93xB8Qbc/view
1BPeXa4bXtAR-zjDNgcNH26Ysz3ypqBpb,10.15381_rpiiedu.v3i1.23676.pdf,310276,2026-04-11T19:57:32.513Z,https://drive.google.com/file/d/1BPeXa4bXtAR-zjDNgcNH26Ysz3ypqBpb/view?usp=drivesdk,10.15381/rpiiedu.v3i1.23676,https://drive.google.com/file/d/1BPeXa4bXtAR-zjDNgcNH26Ysz3ypqBpb/preview,https://drive.google.com/file/d/1BPeXa4bXtAR-zjDNgcNH26Ysz3ypqBpb/view
14hi7L6xv_DK2STeTBrBsAQQ5l7zE3AAb,10.56712_latam.v5i5.2901.pdf,412587,2026-04-11T19:56:58.457Z,https://drive.google.com/file/d/14hi7L6xv_DK2STeTBrBsAQQ5l7zE3AAb/view?usp=drivesdk,10.56712/latam.v5i5.2901,https://drive.google.com/file/d/14hi7L6xv_DK2STeTBrBsAQQ5l7zE3AAb/preview,https://drive.google.com/file/d/14hi7L6xv_DK2STeTBrBsAQQ5l7zE3AAb/view
1zGJAgc19VdKQzxfEv8fJAxr3WtA6xVEa,10.59427_rcli_2024_v24cs.50-55.pdf,805159,2026-04-11T19:56:55.860Z,https://drive.google.com/file/d/1zGJAgc19VdKQzxfEv8fJAxr3WtA6xVEa/view?usp=drivesdk,10.59427/rcli_2024_v24cs.50-55,https://drive.google.com/file/d/1zGJAgc19VdKQzxfEv8fJAxr3WtA6xVEa/preview,https://drive.google.com/file/d/1zGJAgc19VdKQzxfEv8fJAxr3WtA6xVEa/view
18FXXIlvewhhZ7sngC71lmEavWTRkJFUC,10.70577_reg.v4i2.104.pdf,605399,2026-04-11T19:56:22.833Z,https://drive.google.com/file/d/18FXXIlvewhhZ7sngC71lmEavWTRkJFUC/view?usp=drivesdk,10.70577/reg.v4i2.104,https://drive.google.com/file/d/18FXXIlvewhhZ7sngC71lmEavWTRkJFUC/preview,https://drive.google.com/file/d/18FXXIlvewhhZ7sngC71lmEavWTRkJFUC/view
1zNyebrzjHwxfybtM0rG-n__TfoYXgsCB,10.18004_riics.2021.diciembre.405.pdf,432630,2026-04-11T19:56:18.637Z,https://drive.google.com/file/d/1zNyebrzjHwxfybtM0rG-n__TfoYXgsCB/view?usp=drivesdk,10.18004/riics.2021.diciembre.405,https://drive.google.com/file/d/1zNyebrzjHwxfybtM0rG-n__TfoYXgsCB/preview,https://drive.google.com/file/d/1zNyebrzjHwxfybtM0rG-n__TfoYXgsCB/view
1MBVj1L39FoEuJrRFBYAJfbXK7GCgoNcR,10.55777_rea.v14i28.3734.pdf,1002714,2026-04-11T19:54:57.178Z,https://drive.google.com/file/d/1MBVj1L39FoEuJrRFBYAJfbXK7GCgoNcR/view?usp=drivesdk,10.55777/rea.v14i28.3734,https://drive.google.com/file/d/1MBVj1L39FoEuJrRFBYAJfbXK7GCgoNcR/preview,https://drive.google.com/file/d/1MBVj1L39FoEuJrRFBYAJfbXK7GCgoNcR/view
1QrYFS4O5Np4vw_WtBmgrffQtksdScfpP,10.18537_ripa.15.02.pdf,336354,2026-04-11T19:54:52.612Z,https://drive.google.com/file/d/1QrYFS4O5Np4vw_WtBmgrffQtksdScfpP/view?usp=drivesdk,10.18537/ripa.15.02,https://drive.google.com/file/d/1QrYFS4O5Np4vw_WtBmgrffQtksdScfpP/preview,https://drive.google.com/file/d/1QrYFS4O5Np4vw_WtBmgrffQtksdScfpP/view
1E2oD7F_wyJmYoQlzX0A1K3p9hgphLWgB,10.14393_er-v27nea2020-1.pdf,553669,2026-04-11T19:54:15.310Z,https://drive.google.com/file/d/1E2oD7F_wyJmYoQlzX0A1K3p9hgphLWgB/view?usp=drivesdk,10.14393/er-v27nea2020-1,https://drive.google.com/file/d/1E2oD7F_wyJmYoQlzX0A1K3p9hgphLWgB/preview,https://drive.google.com/file/d/1E2oD7F_wyJmYoQlzX0A1K3p9hgphLWgB/view
1hadBy6gtCLQ6xf_EIsGcsR1Ia0dyMtx4,10.19053_20278306.v12.n2.2022.15261.pdf,195791,2026-04-11T19:54:06.887Z,https://drive.google.com/file/d/1hadBy6gtCLQ6xf_EIsGcsR1Ia0dyMtx4/view?usp=drivesdk,10.19053/20278306.v12.n2.2022.15261,https://drive.google.com/file/d/1hadBy6gtCLQ6xf_EIsGcsR1Ia0dyMtx4/preview,https://drive.google.com/file/d/1hadBy6gtCLQ6xf_EIsGcsR1Ia0dyMtx4/view
1Ee0wNPb5kSOr-rJrMMGp-EgtqMN3TCjL,10.31876_rcs.v30i3.42697.pdf,483201,2026-04-11T19:54:00.425Z,https://drive.google.com/file/d/1Ee0wNPb5kSOr-rJrMMGp-EgtqMN3TCjL/view?usp=drivesdk,10.31876/rcs.v30i3.42697,https://drive.google.com/file/d/1Ee0wNPb5kSOr-rJrMMGp-EgtqMN3TCjL/preview,https://drive.google.com/file/d/1Ee0wNPb5kSOr-rJrMMGp-EgtqMN3TCjL/view
1hYaynFSojqRwAg3CaUP5TjfRE86Z-mil,10.15359_ree.24-s.7.pdf,344889,2026-04-11T19:53:58.449Z,https://drive.google.com/file/d/1hYaynFSojqRwAg3CaUP5TjfRE86Z-mil/view?usp=drivesdk,10.15359/ree.24-s.7,https://drive.google.com/file/d/1hYaynFSojqRwAg3CaUP5TjfRE86Z-mil/preview,https://drive.google.com/file/d/1hYaynFSojqRwAg3CaUP5TjfRE86Z-mil/view
1G8s7gZ3P1u2ft1c1fQpKaQPcr54EP8M6,10.55560_arete.2022.15.8.2.pdf,938490,2026-04-11T19:52:19.080Z,https://drive.google.com/file/d/1G8s7gZ3P1u2ft1c1fQpKaQPcr54EP8M6/view?usp=drivesdk,10.55560/arete.2022.15.8.2,https://drive.google.com/file/d/1G8s7gZ3P1u2ft1c1fQpKaQPcr54EP8M6/preview,https://drive.google.com/file/d/1G8s7gZ3P1u2ft1c1fQpKaQPcr54EP8M6/view
1y0-Xftd5TZ6YntqJAcJ4IRIFtHvAWzJB,10.70577_reg.v4i2.112.pdf,672045,2026-04-11T19:52:12.297Z,https://drive.google.com/file/d/1y0-Xftd5TZ6YntqJAcJ4IRIFtHvAWzJB/view?usp=drivesdk,10.70577/reg.v4i2.112,https://drive.google.com/file/d/1y0-Xftd5TZ6YntqJAcJ4IRIFtHvAWzJB/preview,https://drive.google.com/file/d/1y0-Xftd5TZ6YntqJAcJ4IRIFtHvAWzJB/view
1u0v3z7DLTGckvgwQ5dY5q7yect8l9z4b,10.15443_tde1003.pdf,319000,2026-04-11T19:52:09.313Z,https://drive.google.com/file/d/1u0v3z7DLTGckvgwQ5dY5q7yect8l9z4b/view?usp=drivesdk,10.15443/tde1003,https://drive.google.com/file/d/1u0v3z7DLTGckvgwQ5dY5q7yect8l9z4b/preview,https://drive.google.com/file/d/1u0v3z7DLTGckvgwQ5dY5q7yect8l9z4b/view
1lFprFUtwgairVkKFef3_kStwwGTiKtI0,10.29394_scientific.issn.2542-2987.2024.9.e2.5.103-121.pdf,278136,2026-04-11T19:52:05.762Z,https://drive.google.com/file/d/1lFprFUtwgairVkKFef3_kStwwGTiKtI0/view?usp=drivesdk,10.29394/scientific.issn.2542-2987.2024.9.e2.5.103-121,https://drive.google.com/file/d/1lFprFUtwgairVkKFef3_kStwwGTiKtI0/preview,https://drive.google.com/file/d/1lFprFUtwgairVkKFef3_kStwwGTiKtI0/view
1CKqR3B24OrlaRNxnIIPNiagyfCB0hrK3,10.35756_educaumch.202016.153.pdf,272131,2026-04-11T19:52:03.661Z,https://drive.google.com/file/d/1CKqR3B24OrlaRNxnIIPNiagyfCB0hrK3/view?usp=drivesdk,10.35756/educaumch.202016.153,https://drive.google.com/file/d/1CKqR3B24OrlaRNxnIIPNiagyfCB0hrK3/preview,https://drive.google.com/file/d/1CKqR3B24OrlaRNxnIIPNiagyfCB0hrK3/view
1NR0s-H_3yas65vPZ_4RT6hsWfVL0qCEG,10.69890_hallazgos21.v8i2.618.pdf,316917,2026-04-11T19:52:00.090Z,https://drive.google.com/file/d/1NR0s-H_3yas65vPZ_4RT6hsWfVL0qCEG/view?usp=drivesdk,10.69890/hallazgos21.v8i2.618,https://drive.google.com/file/d/1NR0s-H_3yas65vPZ_4RT6hsWfVL0qCEG/preview,https://drive.google.com/file/d/1NR0s-H_3yas65vPZ_4RT6hsWfVL0qCEG/view
14Cno8Odx45zXguiSc00oGGzOGes3wOVi,10.33539_educacion.2020.v26n2.2229.pdf,382542,2026-04-11T19:51:45.919Z,https://drive.google.com/file/d/14Cno8Odx45zXguiSc00oGGzOGes3wOVi/view?usp=drivesdk,10.33539/educacion.2020.v26n2.2229,https://drive.google.com/file/d/14Cno8Odx45zXguiSc00oGGzOGes3wOVi/preview,https://drive.google.com/file/d/14Cno8Odx45zXguiSc00oGGzOGes3wOVi/view
1q1ayoEkd1yRudCBze1p1n2mzG8CKEhQI,10.18050_eduser.v9n1a1.pdf,170005,2026-04-11T19:51:42.783Z,https://drive.google.com/file/d/1q1ayoEkd1yRudCBze1p1n2mzG8CKEhQI/view?usp=drivesdk,10.18050/eduser.v9n1a1,https://drive.google.com/file/d/1q1ayoEkd1yRudCBze1p1n2mzG8CKEhQI/preview,https://drive.google.com/file/d/1q1ayoEkd1yRudCBze1p1n2mzG8CKEhQI/view
1dQqL3OMMutFzkgQcFMEZNMuAf5_P0XZe,10.35381_r.k.v6i4.1507.pdf,295749,2026-04-11T19:50:06.359Z,https://drive.google.com/file/d/1dQqL3OMMutFzkgQcFMEZNMuAf5_P0XZe/view?usp=drivesdk,10.35381/r.k.v6i4.1507,https://drive.google.com/file/d/1dQqL3OMMutFzkgQcFMEZNMuAf5_P0XZe/preview,https://drive.google.com/file/d/1dQqL3OMMutFzkgQcFMEZNMuAf5_P0XZe/view
11UmD_Lk22vsz_Zed9iPKegn5yE4j2XDY,10.47865_igob.vol5.n17.2022.177.pdf,348050,2026-04-11T19:50:03.891Z,https://drive.google.com/file/d/11UmD_Lk22vsz_Zed9iPKegn5yE4j2XDY/view?usp=drivesdk,10.47865/igob.vol5.n17.2022.177,https://drive.google.com/file/d/11UmD_Lk22vsz_Zed9iPKegn5yE4j2XDY/preview,https://drive.google.com/file/d/11UmD_Lk22vsz_Zed9iPKegn5yE4j2XDY/view
1wdSxD69T5pX2PolIXuIsxGOuVk7a6QV8,10.37843_rted.v18i1.586.pdf,474352,2026-04-11T19:49:58.755Z,https://drive.google.com/file/d/1wdSxD69T5pX2PolIXuIsxGOuVk7a6QV8/view?usp=drivesdk,10.37843/rted.v18i1.586,https://drive.google.com/file/d/1wdSxD69T5pX2PolIXuIsxGOuVk7a6QV8/preview,https://drive.google.com/file/d/1wdSxD69T5pX2PolIXuIsxGOuVk7a6QV8/view
1g7oFp9LVQij3cLp6HC7Pf9Mw1YhksE4h,10.47865_igob.vol6.n22.2023.271.pdf,351211,2026-04-11T19:49:55.734Z,https://drive.google.com/file/d/1g7oFp9LVQij3cLp6HC7Pf9Mw1YhksE4h/view?usp=drivesdk,10.47865/igob.vol6.n22.2023.271,https://drive.google.com/file/d/1g7oFp9LVQij3cLp6HC7Pf9Mw1YhksE4h/preview,https://drive.google.com/file/d/1g7oFp9LVQij3cLp6HC7Pf9Mw1YhksE4h/view
1VVBJJ5ImydWf4NLMFpKME00Mvj7fCC2_,10.47666_summa.3.1.19.pdf,307057,2026-04-11T19:49:51.880Z,https://drive.google.com/file/d/1VVBJJ5ImydWf4NLMFpKME00Mvj7fCC2_/view?usp=drivesdk,10.47666/summa.3.1.19,https://drive.google.com/file/d/1VVBJJ5ImydWf4NLMFpKME00Mvj7fCC2_/preview,https://drive.google.com/file/d/1VVBJJ5ImydWf4NLMFpKME00Mvj7fCC2_/view
1hlixmi15znje2RkqZ7qBebNwIChneC0P,10.15648_legem.2.2022.3501.pdf,260734,2026-04-11T19:49:49.389Z,https://drive.google.com/file/d/1hlixmi15znje2RkqZ7qBebNwIChneC0P/view?usp=drivesdk,10.15648/legem.2.2022.3501,https://drive.google.com/file/d/1hlixmi15znje2RkqZ7qBebNwIChneC0P/preview,https://drive.google.com/file/d/1hlixmi15znje2RkqZ7qBebNwIChneC0P/view
12ivNjM0w26FOJzCA6nWDyVaqzDox5D6R,10.47865_igob.vol6.n23.2023.295.pdf,383120,2026-04-11T19:49:47.470Z,https://drive.google.com/file/d/12ivNjM0w26FOJzCA6nWDyVaqzDox5D6R/view?usp=drivesdk,10.47865/igob.vol6.n23.2023.295,https://drive.google.com/file/d/12ivNjM0w26FOJzCA6nWDyVaqzDox5D6R/preview,https://drive.google.com/file/d/12ivNjM0w26FOJzCA6nWDyVaqzDox5D6R/view
1ez6wNiVv4lfCujemoDRhBni2UYb1-MBU,10.35622_j.rg.2023.02.001.pdf,279017,2026-04-11T19:49:39.953Z,https://drive.google.com/file/d/1ez6wNiVv4lfCujemoDRhBni2UYb1-MBU/view?usp=drivesdk,10.35622/j.rg.2023.02.001,https://drive.google.com/file/d/1ez6wNiVv4lfCujemoDRhBni2UYb1-MBU/preview,https://drive.google.com/file/d/1ez6wNiVv4lfCujemoDRhBni2UYb1-MBU/view
1OPAZfJOD6fQPsns-LDxa8b9ITwZE3yTj,10.26495_curae.v5i2.2307.pdf,317966,2026-04-11T19:49:06.754Z,https://drive.google.com/file/d/1OPAZfJOD6fQPsns-LDxa8b9ITwZE3yTj/view?usp=drivesdk,10.26495/curae.v5i2.2307,https://drive.google.com/file/d/1OPAZfJOD6fQPsns-LDxa8b9ITwZE3yTj/preview,https://drive.google.com/file/d/1OPAZfJOD6fQPsns-LDxa8b9ITwZE3yTj/view
1oro1Yw1VIkoASW5NXfm3ezqyEo2Djr-w,10.46498_reduipb.v26i2.1714.pdf,1233327,2026-04-11T19:47:26.853Z,https://drive.google.com/file/d/1oro1Yw1VIkoASW5NXfm3ezqyEo2Djr-w/view?usp=drivesdk,10.46498/reduipb.v26i2.1714,https://drive.google.com/file/d/1oro1Yw1VIkoASW5NXfm3ezqyEo2Djr-w/preview,https://drive.google.com/file/d/1oro1Yw1VIkoASW5NXfm3ezqyEo2Djr-w/view
1oQKVNISziwbAc-SwDWDik-_iDOwEpwdR,10.24320_redie.2024.26.e01.5528.pdf,537708,2026-04-11T19:45:48.540Z,https://drive.google.com/file/d/1oQKVNISziwbAc-SwDWDik-_iDOwEpwdR/view?usp=drivesdk,10.24320/redie.2024.26.e01.5528,https://drive.google.com/file/d/1oQKVNISziwbAc-SwDWDik-_iDOwEpwdR/preview,https://drive.google.com/file/d/1oQKVNISziwbAc-SwDWDik-_iDOwEpwdR/view
1pVOeJ6mthRcYIPY2qI1xWHqQoTLPiyEE,10.18050_eduser.v9n1a5.pdf,295159,2026-04-11T19:44:43.738Z,https://drive.google.com/file/d/1pVOeJ6mthRcYIPY2qI1xWHqQoTLPiyEE/view?usp=drivesdk,10.18050/eduser.v9n1a5,https://drive.google.com/file/d/1pVOeJ6mthRcYIPY2qI1xWHqQoTLPiyEE/preview,https://drive.google.com/file/d/1pVOeJ6mthRcYIPY2qI1xWHqQoTLPiyEE/view
19fBMk5VMF0BukVduSjRqOgHq8m4tPS5h,10.35381_r.k.v8i17.3147.pdf,935747,2026-04-11T19:44:40.495Z,https://drive.google.com/file/d/19fBMk5VMF0BukVduSjRqOgHq8m4tPS5h/view?usp=drivesdk,10.35381/r.k.v8i17.3147,https://drive.google.com/file/d/19fBMk5VMF0BukVduSjRqOgHq8m4tPS5h/preview,https://drive.google.com/file/d/19fBMk5VMF0BukVduSjRqOgHq8m4tPS5h/view
1DjRUWU65iFSlp-L-FWwJf1GnPiG079Xd,10.26495_rch.v6i1.2122.pdf,363774,2026-04-11T19:44:06.497Z,https://drive.google.com/file/d/1DjRUWU65iFSlp-L-FWwJf1GnPiG079Xd/view?usp=drivesdk,10.26495/rch.v6i1.2122,https://drive.google.com/file/d/1DjRUWU65iFSlp-L-FWwJf1GnPiG079Xd/preview,https://drive.google.com/file/d/1DjRUWU65iFSlp-L-FWwJf1GnPiG079Xd/view
1mCf_3u76MDqvNr3Kj-sFjqM55_6h1pv6,10.15332_dt.inv.2020.01232.pdf,882828,2026-04-11T19:44:01.228Z,https://drive.google.com/file/d/1mCf_3u76MDqvNr3Kj-sFjqM55_6h1pv6/view?usp=drivesdk,10.15332/dt.inv.2020.01232,https://drive.google.com/file/d/1mCf_3u76MDqvNr3Kj-sFjqM55_6h1pv6/preview,https://drive.google.com/file/d/1mCf_3u76MDqvNr3Kj-sFjqM55_6h1pv6/view
10hvCb4rJIOUBhssGqyAOGQKzPtlg6RcP,10.51896_rilco.v6i23.648.pdf,852869,2026-04-11T19:43:24.465Z,https://drive.google.com/file/d/10hvCb4rJIOUBhssGqyAOGQKzPtlg6RcP/view?usp=drivesdk,10.51896/rilco.v6i23.648,https://drive.google.com/file/d/10hvCb4rJIOUBhssGqyAOGQKzPtlg6RcP/preview,https://drive.google.com/file/d/10hvCb4rJIOUBhssGqyAOGQKzPtlg6RcP/view
1dBi7QvAIx9HFyA9tIsXss4Jmxw_xmF1m,10.64092_ibga9354.pdf,3525327,2026-04-11T19:43:20.537Z,https://drive.google.com/file/d/1dBi7QvAIx9HFyA9tIsXss4Jmxw_xmF1m/view?usp=drivesdk,10.64092/ibga9354,https://drive.google.com/file/d/1dBi7QvAIx9HFyA9tIsXss4Jmxw_xmF1m/preview,https://drive.google.com/file/d/1dBi7QvAIx9HFyA9tIsXss4Jmxw_xmF1m/view
1OTlnsWPX1ZJKYOfieCTWoGEm0XYhY1v5,10.31876_rcs.v27i2.35916.pdf,529564,2026-04-11T19:43:18.343Z,https://drive.google.com/file/d/1OTlnsWPX1ZJKYOfieCTWoGEm0XYhY1v5/view?usp=drivesdk,10.31876/rcs.v27i2.35916,https://drive.google.com/file/d/1OTlnsWPX1ZJKYOfieCTWoGEm0XYhY1v5/preview,https://drive.google.com/file/d/1OTlnsWPX1ZJKYOfieCTWoGEm0XYhY1v5/view
1ID6tzxU9ZRCvMl7VPep-lZ7c0U3IhdaY,10.29057_esat.v7i13.5296.pdf,265607,2026-04-11T19:43:13.621Z,https://drive.google.com/file/d/1ID6tzxU9ZRCvMl7VPep-lZ7c0U3IhdaY/view?usp=drivesdk,10.29057/esat.v7i13.5296,https://drive.google.com/file/d/1ID6tzxU9ZRCvMl7VPep-lZ7c0U3IhdaY/preview,https://drive.google.com/file/d/1ID6tzxU9ZRCvMl7VPep-lZ7c0U3IhdaY/view
1KzXNi2U9y7QqauznhnRkr023e_YW_DX-,10.15517_rge.v8i1.51764.pdf,294556,2026-04-11T19:42:08.987Z,https://drive.google.com/file/d/1KzXNi2U9y7QqauznhnRkr023e_YW_DX-/view?usp=drivesdk,10.15517/rge.v8i1.51764,https://drive.google.com/file/d/1KzXNi2U9y7QqauznhnRkr023e_YW_DX-/preview,https://drive.google.com/file/d/1KzXNi2U9y7QqauznhnRkr023e_YW_DX-/view
1S3U2SJhqocH_Rp9SHndUdv_yV3fkgUWj,10.48169_ecuatesis_0102202012.pdf,271902,2026-04-11T19:42:05.394Z,https://drive.google.com/file/d/1S3U2SJhqocH_Rp9SHndUdv_yV3fkgUWj/view?usp=drivesdk,10.48169/ecuatesis_0102202012,https://drive.google.com/file/d/1S3U2SJhqocH_Rp9SHndUdv_yV3fkgUWj/preview,https://drive.google.com/file/d/1S3U2SJhqocH_Rp9SHndUdv_yV3fkgUWj/view
1lh5jxUbW6QGkBBrphU24JCOXSuP_mwII,10.56712_latam.v4i4.1268.pdf,405215,2026-04-11T19:41:32.633Z,https://drive.google.com/file/d/1lh5jxUbW6QGkBBrphU24JCOXSuP_mwII/view?usp=drivesdk,10.56712/latam.v4i4.1268,https://drive.google.com/file/d/1lh5jxUbW6QGkBBrphU24JCOXSuP_mwII/preview,https://drive.google.com/file/d/1lh5jxUbW6QGkBBrphU24JCOXSuP_mwII/view
1o-nrYX_hbk1FKSQAUUHPef41XezXBpqx,10.48169_ecuatesis_0103202015.pdf,230484,2026-04-11T19:41:30.089Z,https://drive.google.com/file/d/1o-nrYX_hbk1FKSQAUUHPef41XezXBpqx/view?usp=drivesdk,10.48169/ecuatesis_0103202015,https://drive.google.com/file/d/1o-nrYX_hbk1FKSQAUUHPef41XezXBpqx/preview,https://drive.google.com/file/d/1o-nrYX_hbk1FKSQAUUHPef41XezXBpqx/view
11EFZk_AEKY7NQoSOoM_edbUbFxqQoByp,10.52080_rvgluz.27.100.10.pdf,920432,2026-04-11T19:41:27.563Z,https://drive.google.com/file/d/11EFZk_AEKY7NQoSOoM_edbUbFxqQoByp/view?usp=drivesdk,10.52080/rvgluz.27.100.10,https://drive.google.com/file/d/11EFZk_AEKY7NQoSOoM_edbUbFxqQoByp/preview,https://drive.google.com/file/d/11EFZk_AEKY7NQoSOoM_edbUbFxqQoByp/view
1LvPx_cn3AnhkIAB92kN--yMqKhaJFnMy,10.35622_j.rr.2022.09.008.pdf,467654,2026-04-11T19:41:25.498Z,https://drive.google.com/file/d/1LvPx_cn3AnhkIAB92kN--yMqKhaJFnMy/view?usp=drivesdk,10.35622/j.rr.2022.09.008,https://drive.google.com/file/d/1LvPx_cn3AnhkIAB92kN--yMqKhaJFnMy/preview,https://drive.google.com/file/d/1LvPx_cn3AnhkIAB92kN--yMqKhaJFnMy/view
1g6bnP-aPUkFbgf8_16bBsnXPk9noYYED,10.29166_catedra.v5i2.3543.pdf,423372,2026-04-11T19:41:23.365Z,https://drive.google.com/file/d/1g6bnP-aPUkFbgf8_16bBsnXPk9noYYED/view?usp=drivesdk,10.29166/catedra.v5i2.3543,https://drive.google.com/file/d/1g6bnP-aPUkFbgf8_16bBsnXPk9noYYED/preview,https://drive.google.com/file/d/1g6bnP-aPUkFbgf8_16bBsnXPk9noYYED/view
1Wpm-ajezxdHNWieET5zjidp61clfaTnL,10.17163_uni.n35.2021.02.pdf,318107,2026-04-11T19:41:20.114Z,https://drive.google.com/file/d/1Wpm-ajezxdHNWieET5zjidp61clfaTnL/view?usp=drivesdk,10.17163/uni.n35.2021.02,https://drive.google.com/file/d/1Wpm-ajezxdHNWieET5zjidp61clfaTnL/preview,https://drive.google.com/file/d/1Wpm-ajezxdHNWieET5zjidp61clfaTnL/view
1eFe44Ytl4CqyoCeJ8aZZ8GY5lK17-z40,10.56712_latam.v6i1.3360.pdf,494814,2026-04-11T19:41:16.949Z,https://drive.google.com/file/d/1eFe44Ytl4CqyoCeJ8aZZ8GY5lK17-z40/view?usp=drivesdk,10.56712/latam.v6i1.3360,https://drive.google.com/file/d/1eFe44Ytl4CqyoCeJ8aZZ8GY5lK17-z40/preview,https://drive.google.com/file/d/1eFe44Ytl4CqyoCeJ8aZZ8GY5lK17-z40/view
1j8zB_-82J8sRiUKoapfxGrFI0spM0lvq,10.15649_2346030x.3815.pdf,1012474,2026-04-11T19:40:44.376Z,https://drive.google.com/file/d/1j8zB_-82J8sRiUKoapfxGrFI0spM0lvq/view?usp=drivesdk,10.15649/2346030x.3815,https://drive.google.com/file/d/1j8zB_-82J8sRiUKoapfxGrFI0spM0lvq/preview,https://drive.google.com/file/d/1j8zB_-82J8sRiUKoapfxGrFI0spM0lvq/view
1FRve-R5ik78k8OM6sIryNPhZYcRW2cXI,10.4067_s0718-50062021000500107.pdf,401366,2026-04-11T19:40:42.444Z,https://drive.google.com/file/d/1FRve-R5ik78k8OM6sIryNPhZYcRW2cXI/view?usp=drivesdk,10.4067/s0718-50062021000500107,https://drive.google.com/file/d/1FRve-R5ik78k8OM6sIryNPhZYcRW2cXI/preview,https://drive.google.com/file/d/1FRve-R5ik78k8OM6sIryNPhZYcRW2cXI/view
1_pLtsy_KbeK1S_JIilXcWQNF_dJ1R68Q,10.35362_rie8313832.pdf,314466,2026-04-11T19:39:38.019Z,https://drive.google.com/file/d/1_pLtsy_KbeK1S_JIilXcWQNF_dJ1R68Q/view?usp=drivesdk,10.35362/rie8313832,https://drive.google.com/file/d/1_pLtsy_KbeK1S_JIilXcWQNF_dJ1R68Q/preview,https://drive.google.com/file/d/1_pLtsy_KbeK1S_JIilXcWQNF_dJ1R68Q/view
1hyRInwc-GKb6y-GjLCsvI05yGOfaMJB-,10.5212_praxeduc.v.19.22834.038.pdf,670150,2026-04-11T19:39:35.347Z,https://drive.google.com/file/d/1hyRInwc-GKb6y-GjLCsvI05yGOfaMJB-/view?usp=drivesdk,10.5212/praxeduc.v.19.22834.038,https://drive.google.com/file/d/1hyRInwc-GKb6y-GjLCsvI05yGOfaMJB-/preview,https://drive.google.com/file/d/1hyRInwc-GKb6y-GjLCsvI05yGOfaMJB-/view
1Ev032SheA4ZEZm8tTfn5cd7xB62nHURa,10.19053_01201190.n31.2021.12702.pdf,266298,2026-04-11T19:39:32.018Z,https://drive.google.com/file/d/1Ev032SheA4ZEZm8tTfn5cd7xB62nHURa/view?usp=drivesdk,10.19053/01201190.n31.2021.12702,https://drive.google.com/file/d/1Ev032SheA4ZEZm8tTfn5cd7xB62nHURa/preview,https://drive.google.com/file/d/1Ev032SheA4ZEZm8tTfn5cd7xB62nHURa/view
1kEZuae4qqFghDyF3w84fH9bmXrw8ex7Y,10.52080_rvgluz.27.7.18.pdf,861495,2026-04-11T19:39:25.845Z,https://drive.google.com/file/d/1kEZuae4qqFghDyF3w84fH9bmXrw8ex7Y/view?usp=drivesdk,10.52080/rvgluz.27.7.18,https://drive.google.com/file/d/1kEZuae4qqFghDyF3w84fH9bmXrw8ex7Y/preview,https://drive.google.com/file/d/1kEZuae4qqFghDyF3w84fH9bmXrw8ex7Y/view
1O5S0ErbW6uyIznmspm8nPe2X5F01_ioL,10.35381_e.k.v3i5.774.pdf,696353,2026-04-11T19:39:21.016Z,https://drive.google.com/file/d/1O5S0ErbW6uyIznmspm8nPe2X5F01_ioL/view?usp=drivesdk,10.35381/e.k.v3i5.774,https://drive.google.com/file/d/1O5S0ErbW6uyIznmspm8nPe2X5F01_ioL/preview,https://drive.google.com/file/d/1O5S0ErbW6uyIznmspm8nPe2X5F01_ioL/view
1oE7PlnLrG0d1b7vQy8qRnDrvWmZLE0Vp,10.33262_concienciadigital.v6i4.2701.pdf,1628055,2026-04-11T19:39:18.757Z,https://drive.google.com/file/d/1oE7PlnLrG0d1b7vQy8qRnDrvWmZLE0Vp/view?usp=drivesdk,10.33262/concienciadigital.v6i4.2701,https://drive.google.com/file/d/1oE7PlnLrG0d1b7vQy8qRnDrvWmZLE0Vp/preview,https://drive.google.com/file/d/1oE7PlnLrG0d1b7vQy8qRnDrvWmZLE0Vp/view
1gfMGeJtyv2YyAh7FVf-XObztjfE30Zrg,10.33262_ap.v5i3.374.pdf,1344029,2026-04-11T19:39:14.475Z,https://drive.google.com/file/d/1gfMGeJtyv2YyAh7FVf-XObztjfE30Zrg/view?usp=drivesdk,10.33262/ap.v5i3.374,https://drive.google.com/file/d/1gfMGeJtyv2YyAh7FVf-XObztjfE30Zrg/preview,https://drive.google.com/file/d/1gfMGeJtyv2YyAh7FVf-XObztjfE30Zrg/view
1yHPtMgiPizcYtTdeDEAXF-2xXYfNTXfo,10.48082_espacios-a20v41n44p01.pdf,1175896,2026-04-11T19:39:09.151Z,https://drive.google.com/file/d/1yHPtMgiPizcYtTdeDEAXF-2xXYfNTXfo/view?usp=drivesdk,10.48082/espacios-a20v41n44p01,https://drive.google.com/file/d/1yHPtMgiPizcYtTdeDEAXF-2xXYfNTXfo/preview,https://drive.google.com/file/d/1yHPtMgiPizcYtTdeDEAXF-2xXYfNTXfo/view
1vEV5Ss4UjteVhrP5o7Y6tVaX9QL2oUgE,10.52080_rvgluz.27.8.47.pdf,853018,2026-04-11T19:39:05.841Z,https://drive.google.com/file/d/1vEV5Ss4UjteVhrP5o7Y6tVaX9QL2oUgE/view?usp=drivesdk,10.52080/rvgluz.27.8.47,https://drive.google.com/file/d/1vEV5Ss4UjteVhrP5o7Y6tVaX9QL2oUgE/preview,https://drive.google.com/file/d/1vEV5Ss4UjteVhrP5o7Y6tVaX9QL2oUgE/view
1SMiEDWN3OYY6UpNBJw978dfPmdjyhAdv,10.48169_ecuatesis_0102202008.pdf,199853,2026-04-11T19:39:03.229Z,https://drive.google.com/file/d/1SMiEDWN3OYY6UpNBJw978dfPmdjyhAdv/view?usp=drivesdk,10.48169/ecuatesis_0102202008,https://drive.google.com/file/d/1SMiEDWN3OYY6UpNBJw978dfPmdjyhAdv/preview,https://drive.google.com/file/d/1SMiEDWN3OYY6UpNBJw978dfPmdjyhAdv/view
1-gYJXro3Tfj9sE3qVHMR97PwU0o7YnOI,10.15517_revedu.v47i1.49904.pdf,373257,2026-04-11T19:39:00.101Z,https://drive.google.com/file/d/1-gYJXro3Tfj9sE3qVHMR97PwU0o7YnOI/view?usp=drivesdk,10.15517/revedu.v47i1.49904,https://drive.google.com/file/d/1-gYJXro3Tfj9sE3qVHMR97PwU0o7YnOI/preview,https://drive.google.com/file/d/1-gYJXro3Tfj9sE3qVHMR97PwU0o7YnOI/view
16q7weoMM66dCUXzXYMEZa38zVbFhzF6a,10.52080_rvgluz.26.e5.5.pdf,1098806,2026-04-11T19:38:55.479Z,https://drive.google.com/file/d/16q7weoMM66dCUXzXYMEZa38zVbFhzF6a/view?usp=drivesdk,10.52080/rvgluz.26.e5.5,https://drive.google.com/file/d/16q7weoMM66dCUXzXYMEZa38zVbFhzF6a/preview,https://drive.google.com/file/d/16q7weoMM66dCUXzXYMEZa38zVbFhzF6a/view
1ckZvNspZsRVEGKBXUalucYLf3IJptYYL,10.52080_rvgluz.26.e5.16.pdf,1544215,2026-04-11T19:38:52.644Z,https://drive.google.com/file/d/1ckZvNspZsRVEGKBXUalucYLf3IJptYYL/view?usp=drivesdk,10.52080/rvgluz.26.e5.16,https://drive.google.com/file/d/1ckZvNspZsRVEGKBXUalucYLf3IJptYYL/preview,https://drive.google.com/file/d/1ckZvNspZsRVEGKBXUalucYLf3IJptYYL/view
1_NKzOkf-e4or2-jSbJFVqP8RJBkhXW3Q,10.22518_jour.ccsh_2020.2a09.pdf,543533,2026-04-11T19:38:18.614Z,https://drive.google.com/file/d/1_NKzOkf-e4or2-jSbJFVqP8RJBkhXW3Q/view?usp=drivesdk,10.22518/jour.ccsh_2020.2a09,https://drive.google.com/file/d/1_NKzOkf-e4or2-jSbJFVqP8RJBkhXW3Q/preview,https://drive.google.com/file/d/1_NKzOkf-e4or2-jSbJFVqP8RJBkhXW3Q/view
1IYvdK5c12nizIrL1xHPzAZkK9p7_u9OO,10.31876_rcs.v26i2.32442.pdf,1052153,2026-04-11T19:38:16.478Z,https://drive.google.com/file/d/1IYvdK5c12nizIrL1xHPzAZkK9p7_u9OO/view?usp=drivesdk,10.31876/rcs.v26i2.32442,https://drive.google.com/file/d/1IYvdK5c12nizIrL1xHPzAZkK9p7_u9OO/preview,https://drive.google.com/file/d/1IYvdK5c12nizIrL1xHPzAZkK9p7_u9OO/view
1mT1gcrd8P7wpaLUoj5XorTtj0S6a4pjY,10.33255_26184141_2437e0066.pdf,397724,2026-04-11T19:38:14.274Z,https://drive.google.com/file/d/1mT1gcrd8P7wpaLUoj5XorTtj0S6a4pjY/view?usp=drivesdk,10.33255/26184141_2437e0066,https://drive.google.com/file/d/1mT1gcrd8P7wpaLUoj5XorTtj0S6a4pjY/preview,https://drive.google.com/file/d/1mT1gcrd8P7wpaLUoj5XorTtj0S6a4pjY/view
1ZgCRNwmuooi1mJk7SvM0ipn9GDdG3h8n,10.63449_tembiakaaryrekvo.v4i1.45.pdf,428126,2026-04-11T19:38:10.733Z,https://drive.google.com/file/d/1ZgCRNwmuooi1mJk7SvM0ipn9GDdG3h8n/view?usp=drivesdk,10.63449/tembiakaaryrekvo.v4i1.45,https://drive.google.com/file/d/1ZgCRNwmuooi1mJk7SvM0ipn9GDdG3h8n/preview,https://drive.google.com/file/d/1ZgCRNwmuooi1mJk7SvM0ipn9GDdG3h8n/view
1q8TlUlO9rx0LjnWK45Z_R-m-giN9IVHL,10.17271_rlass.v4i15.4520.pdf,1123434,2026-04-11T19:38:07.196Z,https://drive.google.com/file/d/1q8TlUlO9rx0LjnWK45Z_R-m-giN9IVHL/view?usp=drivesdk,10.17271/rlass.v4i15.4520,https://drive.google.com/file/d/1q8TlUlO9rx0LjnWK45Z_R-m-giN9IVHL/preview,https://drive.google.com/file/d/1q8TlUlO9rx0LjnWK45Z_R-m-giN9IVHL/view
1kr1M_EeBcIwjgvmnKoasv3c4NRhAnlU9,10.56712_latam.v4i5.1311.pdf,342902,2026-04-11T19:38:03.470Z,https://drive.google.com/file/d/1kr1M_EeBcIwjgvmnKoasv3c4NRhAnlU9/view?usp=drivesdk,10.56712/latam.v4i5.1311,https://drive.google.com/file/d/1kr1M_EeBcIwjgvmnKoasv3c4NRhAnlU9/preview,https://drive.google.com/file/d/1kr1M_EeBcIwjgvmnKoasv3c4NRhAnlU9/view
1JHVucCj5w0uEbnOQZ1ybuca__pZ6xq2c,10.26885_rcei.13.2.13.pdf,308142,2026-04-11T19:38:01.150Z,https://drive.google.com/file/d/1JHVucCj5w0uEbnOQZ1ybuca__pZ6xq2c/view?usp=drivesdk,10.26885/rcei.13.2.13,https://drive.google.com/file/d/1JHVucCj5w0uEbnOQZ1ybuca__pZ6xq2c/preview,https://drive.google.com/file/d/1JHVucCj5w0uEbnOQZ1ybuca__pZ6xq2c/view
10ImLjTL6b7C2FOqvdWLSGsqEI99S4oG-,10.7179_psri_2026.48.11.pdf,333326,2026-04-11T19:37:24.040Z,https://drive.google.com/file/d/10ImLjTL6b7C2FOqvdWLSGsqEI99S4oG-/view?usp=drivesdk,10.7179/psri_2026.48.11,https://drive.google.com/file/d/10ImLjTL6b7C2FOqvdWLSGsqEI99S4oG-/preview,https://drive.google.com/file/d/10ImLjTL6b7C2FOqvdWLSGsqEI99S4oG-/view
1kpI6pPLMmZ3A96k2UHh1D6lXBDUNrLxm,10.29393_pa76-8olld10008.pdf,605038,2026-04-11T19:37:16.551Z,https://drive.google.com/file/d/1kpI6pPLMmZ3A96k2UHh1D6lXBDUNrLxm/view?usp=drivesdk,10.29393/pa76-8olld10008,https://drive.google.com/file/d/1kpI6pPLMmZ3A96k2UHh1D6lXBDUNrLxm/preview,https://drive.google.com/file/d/1kpI6pPLMmZ3A96k2UHh1D6lXBDUNrLxm/view
1Z2vDF8CnfI4m-RDjxMGm5D19hs5ANuzu,10.56219_dialctica.v2i25.3975.pdf,407924,2026-04-11T19:37:11.481Z,https://drive.google.com/file/d/1Z2vDF8CnfI4m-RDjxMGm5D19hs5ANuzu/view?usp=drivesdk,10.56219/dialctica.v2i25.3975,https://drive.google.com/file/d/1Z2vDF8CnfI4m-RDjxMGm5D19hs5ANuzu/preview,https://drive.google.com/file/d/1Z2vDF8CnfI4m-RDjxMGm5D19hs5ANuzu/view
1nte6y1zKlzHQy2XrVyj2yq_0EB8Yp7ZJ,10.22201_iisue.24486167e.2025.47.61920.pdf,431272,2026-04-11T19:37:08.162Z,https://drive.google.com/file/d/1nte6y1zKlzHQy2XrVyj2yq_0EB8Yp7ZJ/view?usp=drivesdk,10.22201/iisue.24486167e.2025.47.61920,https://drive.google.com/file/d/1nte6y1zKlzHQy2XrVyj2yq_0EB8Yp7ZJ/preview,https://drive.google.com/file/d/1nte6y1zKlzHQy2XrVyj2yq_0EB8Yp7ZJ/view
1bTDwcre5oR65BJ2uGED4SnK5n5WI3dGx,10.4067_s0718-07052025000200255.pdf,343198,2026-04-11T19:37:05.334Z,https://drive.google.com/file/d/1bTDwcre5oR65BJ2uGED4SnK5n5WI3dGx/view?usp=drivesdk,10.4067/s0718-07052025000200255,https://drive.google.com/file/d/1bTDwcre5oR65BJ2uGED4SnK5n5WI3dGx/preview,https://drive.google.com/file/d/1bTDwcre5oR65BJ2uGED4SnK5n5WI3dGx/view
17ZzK1iBhJcGGSmVUauEHz0stpsyc-DoU,10.24310_ijne.10.2022.15117.pdf,2637089,2026-04-11T19:36:59.901Z,https://drive.google.com/file/d/17ZzK1iBhJcGGSmVUauEHz0stpsyc-DoU/view?usp=drivesdk,10.24310/ijne.10.2022.15117,https://drive.google.com/file/d/17ZzK1iBhJcGGSmVUauEHz0stpsyc-DoU/preview,https://drive.google.com/file/d/17ZzK1iBhJcGGSmVUauEHz0stpsyc-DoU/view
1448m9VbBNDfkcX6PLQniCGDTSeCdvFie,10.48178_intersecao.v5i1.521.pdf,188288,2026-04-11T19:36:21.344Z,https://drive.google.com/file/d/1448m9VbBNDfkcX6PLQniCGDTSeCdvFie/view?usp=drivesdk,10.48178/intersecao.v5i1.521,https://drive.google.com/file/d/1448m9VbBNDfkcX6PLQniCGDTSeCdvFie/preview,https://drive.google.com/file/d/1448m9VbBNDfkcX6PLQniCGDTSeCdvFie/view
1sf2RTinHfgGfeJWDFAsf2TjpYnz4wfRF,10.15366_reice2025.23.3.002.pdf,429415,2026-04-11T19:35:47.835Z,https://drive.google.com/file/d/1sf2RTinHfgGfeJWDFAsf2TjpYnz4wfRF/view?usp=drivesdk,10.15366/reice2025.23.3.002,https://drive.google.com/file/d/1sf2RTinHfgGfeJWDFAsf2TjpYnz4wfRF/preview,https://drive.google.com/file/d/1sf2RTinHfgGfeJWDFAsf2TjpYnz4wfRF/view
1C1WdOI1CBJsxD3CkK2QQ48EeYc89_ScX,10.12795_revistafuentes.2026.28418.pdf,3012599,2026-04-11T19:35:43.341Z,https://drive.google.com/file/d/1C1WdOI1CBJsxD3CkK2QQ48EeYc89_ScX/view?usp=drivesdk,10.12795/revistafuentes.2026.28418,https://drive.google.com/file/d/1C1WdOI1CBJsxD3CkK2QQ48EeYc89_ScX/preview,https://drive.google.com/file/d/1C1WdOI1CBJsxD3CkK2QQ48EeYc89_ScX/view
1w2NH2GHsgpw1knFNgbO82OPnqUF36Ivg,10.48035_tesis_2454_45810.pdf,10,2026-04-11T19:35:38.243Z,https://drive.google.com/file/d/1w2NH2GHsgpw1knFNgbO82OPnqUF36Ivg/view?usp=drivesdk,10.48035/tesis_2454_45810,https://drive.google.com/file/d/1w2NH2GHsgpw1knFNgbO82OPnqUF36Ivg/preview,https://drive.google.com/file/d/1w2NH2GHsgpw1knFNgbO82OPnqUF36Ivg/view
1HdUWjzEc26HsszrpQNdLNNOzxE4k_0xB,10.56712_latam.v4i1.227.pdf,263960,2026-04-11T19:34:34.132Z,https://drive.google.com/file/d/1HdUWjzEc26HsszrpQNdLNNOzxE4k_0xB/view?usp=drivesdk,10.56712/latam.v4i1.227,https://drive.google.com/file/d/1HdUWjzEc26HsszrpQNdLNNOzxE4k_0xB/preview,https://drive.google.com/file/d/1HdUWjzEc26HsszrpQNdLNNOzxE4k_0xB/view
14xsjrifWGGCM_kSMc6X7RdCtLf7APE9g,10.15517_rge.v9i1.53602.pdf,400733,2026-04-11T19:34:30.162Z,https://drive.google.com/file/d/14xsjrifWGGCM_kSMc6X7RdCtLf7APE9g/view?usp=drivesdk,10.15517/rge.v9i1.53602,https://drive.google.com/file/d/14xsjrifWGGCM_kSMc6X7RdCtLf7APE9g/preview,https://drive.google.com/file/d/14xsjrifWGGCM_kSMc6X7RdCtLf7APE9g/view
1GujgGRZgraszLnI4olTqRceAy_btFr8E,10.17268_sciendo.2022.012.pdf,252204,2026-04-11T19:34:27.117Z,https://drive.google.com/file/d/1GujgGRZgraszLnI4olTqRceAy_btFr8E/view?usp=drivesdk,10.17268/sciendo.2022.012,https://drive.google.com/file/d/1GujgGRZgraszLnI4olTqRceAy_btFr8E/preview,https://drive.google.com/file/d/1GujgGRZgraszLnI4olTqRceAy_btFr8E/view
1_dabljKsJw3Hhpce_9E3dcxW3m3UXY23,10.17151_hpsal.2022.27.1.3.pdf,1006285,2026-04-11T19:34:23.868Z,https://drive.google.com/file/d/1_dabljKsJw3Hhpce_9E3dcxW3m3UXY23/view?usp=drivesdk,10.17151/hpsal.2022.27.1.3,https://drive.google.com/file/d/1_dabljKsJw3Hhpce_9E3dcxW3m3UXY23/preview,https://drive.google.com/file/d/1_dabljKsJw3Hhpce_9E3dcxW3m3UXY23/view
1HXH6LBpTMAFUr55FpWEmeuiYBz2Myvw2,10.15366_reps2022.7.2.009.pdf,433220,2026-04-11T19:34:19.966Z,https://drive.google.com/file/d/1HXH6LBpTMAFUr55FpWEmeuiYBz2Myvw2/view?usp=drivesdk,10.15366/reps2022.7.2.009,https://drive.google.com/file/d/1HXH6LBpTMAFUr55FpWEmeuiYBz2Myvw2/preview,https://drive.google.com/file/d/1HXH6LBpTMAFUr55FpWEmeuiYBz2Myvw2/view
15yTLszEfQUf2N7Y0R0-CKCWUTTU1B-U2,10.33255_26184141_1568e0018.pdf,154901,2026-04-11T19:34:15.401Z,https://drive.google.com/file/d/15yTLszEfQUf2N7Y0R0-CKCWUTTU1B-U2/view?usp=drivesdk,10.33255/26184141_1568e0018,https://drive.google.com/file/d/15yTLszEfQUf2N7Y0R0-CKCWUTTU1B-U2/preview,https://drive.google.com/file/d/15yTLszEfQUf2N7Y0R0-CKCWUTTU1B-U2/view
1ITZkZcJXwTvai0BOdq9K6KFGmNDXwQgu,10.22458_ie.v24i36.3895.pdf,392881,2026-04-11T19:34:11.668Z,https://drive.google.com/file/d/1ITZkZcJXwTvai0BOdq9K6KFGmNDXwQgu/view?usp=drivesdk,10.22458/ie.v24i36.3895,https://drive.google.com/file/d/1ITZkZcJXwTvai0BOdq9K6KFGmNDXwQgu/preview,https://drive.google.com/file/d/1ITZkZcJXwTvai0BOdq9K6KFGmNDXwQgu/view
1J2nRGT0i4qwATvP5CH4nY4BL2CbgvgWS,10.53595_rlo.v5.i12.120.pdf,395877,2026-04-11T19:34:09.104Z,https://drive.google.com/file/d/1J2nRGT0i4qwATvP5CH4nY4BL2CbgvgWS/view?usp=drivesdk,10.53595/rlo.v5.i12.120,https://drive.google.com/file/d/1J2nRGT0i4qwATvP5CH4nY4BL2CbgvgWS/preview,https://drive.google.com/file/d/1J2nRGT0i4qwATvP5CH4nY4BL2CbgvgWS/view
1lElKiUf3FGlVXpDGnMPaZpzD8ZlFTtm7,10.15359_ree.25-3.28.pdf,270080,2026-04-11T19:34:06.037Z,https://drive.google.com/file/d/1lElKiUf3FGlVXpDGnMPaZpzD8ZlFTtm7/view?usp=drivesdk,10.15359/ree.25-3.28,https://drive.google.com/file/d/1lElKiUf3FGlVXpDGnMPaZpzD8ZlFTtm7/preview,https://drive.google.com/file/d/1lElKiUf3FGlVXpDGnMPaZpzD8ZlFTtm7/view
1Bo4CT5cX3rrC1Vo3S2wVYMD-1i7dWwu1,10.15517_rge.v10i1.56268.pdf,1473153,2026-04-11T19:34:00.853Z,https://drive.google.com/file/d/1Bo4CT5cX3rrC1Vo3S2wVYMD-1i7dWwu1/view?usp=drivesdk,10.15517/rge.v10i1.56268,https://drive.google.com/file/d/1Bo4CT5cX3rrC1Vo3S2wVYMD-1i7dWwu1/preview,https://drive.google.com/file/d/1Bo4CT5cX3rrC1Vo3S2wVYMD-1i7dWwu1/view
1z-KlzYPtAFOVClIQJJbDuWcqV0qPvGMy,10.4067_s0718-73782023000200037.pdf,307013,2026-04-11T19:33:53.031Z,https://drive.google.com/file/d/1z-KlzYPtAFOVClIQJJbDuWcqV0qPvGMy/view?usp=drivesdk,10.4067/s0718-73782023000200037,https://drive.google.com/file/d/1z-KlzYPtAFOVClIQJJbDuWcqV0qPvGMy/preview,https://drive.google.com/file/d/1z-KlzYPtAFOVClIQJJbDuWcqV0qPvGMy/view
1_mVx9bNDDvgq5xfZU8AqRLr5eZ9PVjlV,10.47553_rifop.v98i37.3.93879.pdf,403577,2026-04-11T19:33:48.059Z,https://drive.google.com/file/d/1_mVx9bNDDvgq5xfZU8AqRLr5eZ9PVjlV/view?usp=drivesdk,10.47553/rifop.v98i37.3.93879,https://drive.google.com/file/d/1_mVx9bNDDvgq5xfZU8AqRLr5eZ9PVjlV/preview,https://drive.google.com/file/d/1_mVx9bNDDvgq5xfZU8AqRLr5eZ9PVjlV/view
1Hh0TLSjUt0lGFNOfImGU5J901XTInU73,10.6018_educatio.410081.pdf,365041,2026-04-11T19:33:38.571Z,https://drive.google.com/file/d/1Hh0TLSjUt0lGFNOfImGU5J901XTInU73/view?usp=drivesdk,10.6018/educatio.410081,https://drive.google.com/file/d/1Hh0TLSjUt0lGFNOfImGU5J901XTInU73/preview,https://drive.google.com/file/d/1Hh0TLSjUt0lGFNOfImGU5J901XTInU73/view
1wE0pPJO9MycKBOTLLnQLAdGfjPYbYbjX,10.37177_unicen_eb33-372.pdf,295842,2026-04-11T19:33:36.327Z,https://drive.google.com/file/d/1wE0pPJO9MycKBOTLLnQLAdGfjPYbYbjX/view?usp=drivesdk,10.37177/unicen_eb33-372,https://drive.google.com/file/d/1wE0pPJO9MycKBOTLLnQLAdGfjPYbYbjX/preview,https://drive.google.com/file/d/1wE0pPJO9MycKBOTLLnQLAdGfjPYbYbjX/view
1ABQq-dDYf9-Xd91rcLwhEYGkRpvzq0fO,10.26620_uniminuto_978-958-763-601-7.pdf,9851582,2026-04-11T19:32:59.590Z,https://drive.google.com/file/d/1ABQq-dDYf9-Xd91rcLwhEYGkRpvzq0fO/view?usp=drivesdk,10.26620/uniminuto_978-958-763-601-7,https://drive.google.com/file/d/1ABQq-dDYf9-Xd91rcLwhEYGkRpvzq0fO/preview,https://drive.google.com/file/d/1ABQq-dDYf9-Xd91rcLwhEYGkRpvzq0fO/view
1vZQ27GUkrSpZPQC9RG1gPzIWQ9jW4-zC,10.46583_edetania_2022.62.1088.pdf,813544,2026-04-11T19:32:56.820Z,https://drive.google.com/file/d/1vZQ27GUkrSpZPQC9RG1gPzIWQ9jW4-zC/view?usp=drivesdk,10.46583/edetania_2022.62.1088,https://drive.google.com/file/d/1vZQ27GUkrSpZPQC9RG1gPzIWQ9jW4-zC/preview,https://drive.google.com/file/d/1vZQ27GUkrSpZPQC9RG1gPzIWQ9jW4-zC/view
1c7G70h-NDJldOskRxfyP2BC9csACimbd,10.4067_s0718-07052023000100031.pdf,102600,2026-04-11T19:32:54.078Z,https://drive.google.com/file/d/1c7G70h-NDJldOskRxfyP2BC9csACimbd/view?usp=drivesdk,10.4067/s0718-07052023000100031,https://drive.google.com/file/d/1c7G70h-NDJldOskRxfyP2BC9csACimbd/preview,https://drive.google.com/file/d/1c7G70h-NDJldOskRxfyP2BC9csACimbd/view
1djc_mITQUPiFcS_Kg9C3wARDD0DkxRzB,10.6018_educatio.490601.pdf,1242425,2026-04-11T19:32:50.770Z,https://drive.google.com/file/d/1djc_mITQUPiFcS_Kg9C3wARDD0DkxRzB/view?usp=drivesdk,10.6018/educatio.490601,https://drive.google.com/file/d/1djc_mITQUPiFcS_Kg9C3wARDD0DkxRzB/preview,https://drive.google.com/file/d/1djc_mITQUPiFcS_Kg9C3wARDD0DkxRzB/view
1d7N5S90rZehfml8paulpwy5wOMnIYaCr,10.22201_iisue.24486167e.2021.174.59414.pdf,362117,2026-04-11T19:32:47.636Z,https://drive.google.com/file/d/1d7N5S90rZehfml8paulpwy5wOMnIYaCr/view?usp=drivesdk,10.22201/iisue.24486167e.2021.174.59414,https://drive.google.com/file/d/1d7N5S90rZehfml8paulpwy5wOMnIYaCr/preview,https://drive.google.com/file/d/1d7N5S90rZehfml8paulpwy5wOMnIYaCr/view
1k6Hr-TL-Zg58A6eG8PFox7ak3FoqGdAB,10.12795_revistafuentes.2022.19797.pdf,1922147,2026-04-11T19:32:44.079Z,https://drive.google.com/file/d/1k6Hr-TL-Zg58A6eG8PFox7ak3FoqGdAB/view?usp=drivesdk,10.12795/revistafuentes.2022.19797,https://drive.google.com/file/d/1k6Hr-TL-Zg58A6eG8PFox7ak3FoqGdAB/preview,https://drive.google.com/file/d/1k6Hr-TL-Zg58A6eG8PFox7ak3FoqGdAB/view
1Hm5KFd0A6aqhk532PWV8pSMPRoxcxv4A,10.18764_2178-2229.v27n4p315-336.pdf,324731,2026-04-11T19:32:18.863Z,https://drive.google.com/file/d/1Hm5KFd0A6aqhk532PWV8pSMPRoxcxv4A/view?usp=drivesdk,10.18764/2178-2229.v27n4p315-336,https://drive.google.com/file/d/1Hm5KFd0A6aqhk532PWV8pSMPRoxcxv4A/preview,https://drive.google.com/file/d/1Hm5KFd0A6aqhk532PWV8pSMPRoxcxv4A/view
1pTXl5ePN0QglGU7XaL-sY_p1aY5dYUYM,10.62452_hvkwpz13.pdf,6596619,2026-04-11T19:32:15.814Z,https://drive.google.com/file/d/1pTXl5ePN0QglGU7XaL-sY_p1aY5dYUYM/view?usp=drivesdk,10.62452/hvkwpz13,https://drive.google.com/file/d/1pTXl5ePN0QglGU7XaL-sY_p1aY5dYUYM/preview,https://drive.google.com/file/d/1pTXl5ePN0QglGU7XaL-sY_p1aY5dYUYM/view
13Idf4wJ4rXak-v-XS2dyFNgY2JVtT5-j,10.70860_ufnt.rbec.e19371.pdf,1473053,2026-04-11T19:32:06.785Z,https://drive.google.com/file/d/13Idf4wJ4rXak-v-XS2dyFNgY2JVtT5-j/view?usp=drivesdk,10.70860/ufnt.rbec.e19371,https://drive.google.com/file/d/13Idf4wJ4rXak-v-XS2dyFNgY2JVtT5-j/preview,https://drive.google.com/file/d/13Idf4wJ4rXak-v-XS2dyFNgY2JVtT5-j/view
1586EjfyC-aJsphX4EnioEb9NXrSw3onK,10.18764_2178-2229.v28n1p59-77.pdf,340470,2026-04-11T19:32:04.512Z,https://drive.google.com/file/d/1586EjfyC-aJsphX4EnioEb9NXrSw3onK/view?usp=drivesdk,10.18764/2178-2229.v28n1p59-77,https://drive.google.com/file/d/1586EjfyC-aJsphX4EnioEb9NXrSw3onK/preview,https://drive.google.com/file/d/1586EjfyC-aJsphX4EnioEb9NXrSw3onK/view
10LXW-ZJn-ZKmrEI-bX5_zhNAHMyKuAM9,10.18764_2178-2229.v28n1p95-115.pdf,446193,2026-04-11T19:31:57.431Z,https://drive.google.com/file/d/10LXW-ZJn-ZKmrEI-bX5_zhNAHMyKuAM9/view?usp=drivesdk,10.18764/2178-2229.v28n1p95-115,https://drive.google.com/file/d/10LXW-ZJn-ZKmrEI-bX5_zhNAHMyKuAM9/preview,https://drive.google.com/file/d/10LXW-ZJn-ZKmrEI-bX5_zhNAHMyKuAM9/view
1wnJZFPkLdYmolVu3DNf96iWIt8VPz7mA,10.70860_ufnt.rbec.e15404.pdf,866316,2026-04-11T19:31:54.411Z,https://drive.google.com/file/d/1wnJZFPkLdYmolVu3DNf96iWIt8VPz7mA/view?usp=drivesdk,10.70860/ufnt.rbec.e15404,https://drive.google.com/file/d/1wnJZFPkLdYmolVu3DNf96iWIt8VPz7mA/preview,https://drive.google.com/file/d/1wnJZFPkLdYmolVu3DNf96iWIt8VPz7mA/view
1Iq3LlN_ZISTevrjy87aowzZ8_jOhHSdP,10.35537_10915_164447.pdf,6345516,2026-04-11T19:31:50.794Z,https://drive.google.com/file/d/1Iq3LlN_ZISTevrjy87aowzZ8_jOhHSdP/view?usp=drivesdk,10.35537/10915_164447,https://drive.google.com/file/d/1Iq3LlN_ZISTevrjy87aowzZ8_jOhHSdP/preview,https://drive.google.com/file/d/1Iq3LlN_ZISTevrjy87aowzZ8_jOhHSdP/view
1VrLoGV6_JCd1C5JI0LKfxjCcJlRgiRSG,10.19044_esj.2021.v17n15p20.pdf,283426,2026-04-11T19:31:38.734Z,https://drive.google.com/file/d/1VrLoGV6_JCd1C5JI0LKfxjCcJlRgiRSG/view?usp=drivesdk,10.19044/esj.2021.v17n15p20,https://drive.google.com/file/d/1VrLoGV6_JCd1C5JI0LKfxjCcJlRgiRSG/preview,https://drive.google.com/file/d/1VrLoGV6_JCd1C5JI0LKfxjCcJlRgiRSG/view
1XQ9FF8MHjBaV16-vXCeAsFfv341Tzb0x,10.36367_ntqr.17.2023.e836.pdf,431579,2026-04-11T19:31:30.050Z,https://drive.google.com/file/d/1XQ9FF8MHjBaV16-vXCeAsFfv341Tzb0x/view?usp=drivesdk,10.36367/ntqr.17.2023.e836,https://drive.google.com/file/d/1XQ9FF8MHjBaV16-vXCeAsFfv341Tzb0x/preview,https://drive.google.com/file/d/1XQ9FF8MHjBaV16-vXCeAsFfv341Tzb0x/view
1vefaKm4J4KQPo7sUqCyRnx6SxOSYDgJv,10.47865_igob.vol8.n32.2025.440.pdf,1385990,2026-04-11T19:31:24.631Z,https://drive.google.com/file/d/1vefaKm4J4KQPo7sUqCyRnx6SxOSYDgJv/view?usp=drivesdk,10.47865/igob.vol8.n32.2025.440,https://drive.google.com/file/d/1vefaKm4J4KQPo7sUqCyRnx6SxOSYDgJv/preview,https://drive.google.com/file/d/1vefaKm4J4KQPo7sUqCyRnx6SxOSYDgJv/view
1ocUzktc3ka7-q8SSamLjns114ZfNv6m8,10.22201_fm.20075057e.2026.57.25718.pdf,586722,2026-04-11T19:31:20.688Z,https://drive.google.com/file/d/1ocUzktc3ka7-q8SSamLjns114ZfNv6m8/view?usp=drivesdk,10.22201/fm.20075057e.2026.57.25718,https://drive.google.com/file/d/1ocUzktc3ka7-q8SSamLjns114ZfNv6m8/preview,https://drive.google.com/file/d/1ocUzktc3ka7-q8SSamLjns114ZfNv6m8/view
1S1TzicabwBS4hxqUJyV6unQfwaiiZKom,10.70625_bbe7r776.pdf,175703,2026-04-11T19:31:08.996Z,https://drive.google.com/file/d/1S1TzicabwBS4hxqUJyV6unQfwaiiZKom/view?usp=drivesdk,10.70625/bbe7r776,https://drive.google.com/file/d/1S1TzicabwBS4hxqUJyV6unQfwaiiZKom/preview,https://drive.google.com/file/d/1S1TzicabwBS4hxqUJyV6unQfwaiiZKom/view
1x8ydZBqbMU5vzTjSb3RpIhhnINB-GyQY,10.70577_reg.v4i3.292.pdf,495569,2026-04-11T19:31:06.354Z,https://drive.google.com/file/d/1x8ydZBqbMU5vzTjSb3RpIhhnINB-GyQY/view?usp=drivesdk,10.70577/reg.v4i3.292,https://drive.google.com/file/d/1x8ydZBqbMU5vzTjSb3RpIhhnINB-GyQY/preview,https://drive.google.com/file/d/1x8ydZBqbMU5vzTjSb3RpIhhnINB-GyQY/view
1xPeEf6aH_RMGofH9_1-VchFwKu2SSCUY,10.56219_dialctica.v1i25.3894.pdf,312540,2026-04-11T19:31:02.220Z,https://drive.google.com/file/d/1xPeEf6aH_RMGofH9_1-VchFwKu2SSCUY/view?usp=drivesdk,10.56219/dialctica.v1i25.3894,https://drive.google.com/file/d/1xPeEf6aH_RMGofH9_1-VchFwKu2SSCUY/preview,https://drive.google.com/file/d/1xPeEf6aH_RMGofH9_1-VchFwKu2SSCUY/view
1CIysvPpnia72PiHVpCxruhDWIRPxNejm,10.56712_latam.v5i5.2759.pdf,779047,2026-04-11T19:30:59.118Z,https://drive.google.com/file/d/1CIysvPpnia72PiHVpCxruhDWIRPxNejm/view?usp=drivesdk,10.56712/latam.v5i5.2759,https://drive.google.com/file/d/1CIysvPpnia72PiHVpCxruhDWIRPxNejm/preview,https://drive.google.com/file/d/1CIysvPpnia72PiHVpCxruhDWIRPxNejm/view
1hbLwc-MszoiL18TpbUGIUzcu7iJQWb2X,10.60100_rcmg.v4i2.175.pdf,445298,2026-04-11T19:30:54.742Z,https://drive.google.com/file/d/1hbLwc-MszoiL18TpbUGIUzcu7iJQWb2X/view?usp=drivesdk,10.60100/rcmg.v4i2.175,https://drive.google.com/file/d/1hbLwc-MszoiL18TpbUGIUzcu7iJQWb2X/preview,https://drive.google.com/file/d/1hbLwc-MszoiL18TpbUGIUzcu7iJQWb2X/view
1ayjzoCnGtyZ7MECSNSv6baR8wa5Ax1pc,10.47865_igob.vol8.n30.2025.407.pdf,895197,2026-04-11T19:30:49.012Z,https://drive.google.com/file/d/1ayjzoCnGtyZ7MECSNSv6baR8wa5Ax1pc/view?usp=drivesdk,10.47865/igob.vol8.n30.2025.407,https://drive.google.com/file/d/1ayjzoCnGtyZ7MECSNSv6baR8wa5Ax1pc/preview,https://drive.google.com/file/d/1ayjzoCnGtyZ7MECSNSv6baR8wa5Ax1pc/view
1A1-71l5ZqcCQmyK6FBUYjhT1Np4Wi70f,10.31977_grirfi.v25i3.5371.pdf,202080,2026-04-11T19:30:15.791Z,https://drive.google.com/file/d/1A1-71l5ZqcCQmyK6FBUYjhT1Np4Wi70f/view?usp=drivesdk,10.31977/grirfi.v25i3.5371,https://drive.google.com/file/d/1A1-71l5ZqcCQmyK6FBUYjhT1Np4Wi70f/preview,https://drive.google.com/file/d/1A1-71l5ZqcCQmyK6FBUYjhT1Np4Wi70f/view
17xQSWtnpddBWRW8uyWM-0fN15AFwnfFp,10.47554_cii.vol15.2024.pp129-135.pdf,303494,2026-04-11T19:29:41.992Z,https://drive.google.com/file/d/17xQSWtnpddBWRW8uyWM-0fN15AFwnfFp/view?usp=drivesdk,10.47554/cii.vol15.2024.pp129-135,https://drive.google.com/file/d/17xQSWtnpddBWRW8uyWM-0fN15AFwnfFp/preview,https://drive.google.com/file/d/17xQSWtnpddBWRW8uyWM-0fN15AFwnfFp/view
1E2KWkDgtNLctA3uB5UCcdfP4eOYD2TEZ,10.56712_latam.v7i1.5478.pdf,635991,2026-04-11T19:29:34.808Z,https://drive.google.com/file/d/1E2KWkDgtNLctA3uB5UCcdfP4eOYD2TEZ/view?usp=drivesdk,10.56712/latam.v7i1.5478,https://drive.google.com/file/d/1E2KWkDgtNLctA3uB5UCcdfP4eOYD2TEZ/preview,https://drive.google.com/file/d/1E2KWkDgtNLctA3uB5UCcdfP4eOYD2TEZ/view
1LtxRucPM1YQ1aGOq6LGBrLzrccf4pI2_,10.30972_riie.16228016.pdf,506502,2026-04-11T19:29:31.991Z,https://drive.google.com/file/d/1LtxRucPM1YQ1aGOq6LGBrLzrccf4pI2_/view?usp=drivesdk,10.30972/riie.16228016,https://drive.google.com/file/d/1LtxRucPM1YQ1aGOq6LGBrLzrccf4pI2_/preview,https://drive.google.com/file/d/1LtxRucPM1YQ1aGOq6LGBrLzrccf4pI2_/view
1ASyjPoGoGa0yeY4yPmh6SAlKM8cOtWxK,10.70577_80ap4f88.pdf,674706,2026-04-11T19:28:54.563Z,https://drive.google.com/file/d/1ASyjPoGoGa0yeY4yPmh6SAlKM8cOtWxK/view?usp=drivesdk,10.70577/80ap4f88,https://drive.google.com/file/d/1ASyjPoGoGa0yeY4yPmh6SAlKM8cOtWxK/preview,https://drive.google.com/file/d/1ASyjPoGoGa0yeY4yPmh6SAlKM8cOtWxK/view
1dNIRXjPtry8dywOq-I14Eq3CbzYPFkr0,10.47865_igob.vol7.n25.2024.326.pdf,567474,2026-04-11T19:28:49.460Z,https://drive.google.com/file/d/1dNIRXjPtry8dywOq-I14Eq3CbzYPFkr0/view?usp=drivesdk,10.47865/igob.vol7.n25.2024.326,https://drive.google.com/file/d/1dNIRXjPtry8dywOq-I14Eq3CbzYPFkr0/preview,https://drive.google.com/file/d/1dNIRXjPtry8dywOq-I14Eq3CbzYPFkr0/view
1EyA1jBYUtz-j8awQFeua5n5mAkarNvb_,10.33539_educacion.2024.v30n1.3154.pdf,597919,2026-04-11T19:28:46.845Z,https://drive.google.com/file/d/1EyA1jBYUtz-j8awQFeua5n5mAkarNvb_/view?usp=drivesdk,10.33539/educacion.2024.v30n1.3154,https://drive.google.com/file/d/1EyA1jBYUtz-j8awQFeua5n5mAkarNvb_/preview,https://drive.google.com/file/d/1EyA1jBYUtz-j8awQFeua5n5mAkarNvb_/view
1y1q1jpIv6PTRgDG4kngI8TWP8t2jsrEU,10.56342_recip.vol13.n25.2023.5.pdf,413182,2026-04-11T19:28:12.764Z,https://drive.google.com/file/d/1y1q1jpIv6PTRgDG4kngI8TWP8t2jsrEU/view?usp=drivesdk,10.56342/recip.vol13.n25.2023.5,https://drive.google.com/file/d/1y1q1jpIv6PTRgDG4kngI8TWP8t2jsrEU/preview,https://drive.google.com/file/d/1y1q1jpIv6PTRgDG4kngI8TWP8t2jsrEU/view
18MJhOT7R9sUqqcNaU_q3pL34tCxeMetm,10.17060_ijodaep.2022.n1.v2.2333.pdf,98162,2026-04-11T19:27:39.364Z,https://drive.google.com/file/d/18MJhOT7R9sUqqcNaU_q3pL34tCxeMetm/view?usp=drivesdk,10.17060/ijodaep.2022.n1.v2.2333,https://drive.google.com/file/d/18MJhOT7R9sUqqcNaU_q3pL34tCxeMetm/preview,https://drive.google.com/file/d/18MJhOT7R9sUqqcNaU_q3pL34tCxeMetm/view
1zhRAdFqhotKLXy9x6Z2OwAl3OygpRRpK,10.33936_psidial.v1iespecial.5186.pdf,362833,2026-04-11T19:27:05.740Z,https://drive.google.com/file/d/1zhRAdFqhotKLXy9x6Z2OwAl3OygpRRpK/view?usp=drivesdk,10.33936/psidial.v1iespecial.5186,https://drive.google.com/file/d/1zhRAdFqhotKLXy9x6Z2OwAl3OygpRRpK/preview,https://drive.google.com/file/d/1zhRAdFqhotKLXy9x6Z2OwAl3OygpRRpK/view
1D4G85rjgwceBU7TObhd771IO__4PsXeL,10.26885_rcei.12.1.138.pdf,315995,2026-04-11T19:26:27.527Z,https://drive.google.com/file/d/1D4G85rjgwceBU7TObhd771IO__4PsXeL/view?usp=drivesdk,10.26885/rcei.12.1.138,https://drive.google.com/file/d/1D4G85rjgwceBU7TObhd771IO__4PsXeL/preview,https://drive.google.com/file/d/1D4G85rjgwceBU7TObhd771IO__4PsXeL/view
10qkLGTRgBS8eF1ntkhF_G6CZistEqC_0,10.14393_ufu.di.2020.3928.pdf,4367013,2026-04-11T19:26:23.506Z,https://drive.google.com/file/d/10qkLGTRgBS8eF1ntkhF_G6CZistEqC_0/view?usp=drivesdk,10.14393/ufu.di.2020.3928,https://drive.google.com/file/d/10qkLGTRgBS8eF1ntkhF_G6CZistEqC_0/preview,https://drive.google.com/file/d/10qkLGTRgBS8eF1ntkhF_G6CZistEqC_0/view
1mKpzc1LPVuPz9wIP3njvWXk7oiBAqKcC,10.47554_revie.vol12.num2.2025.pp107-128.pdf,1376281,2026-04-11T19:25:46.582Z,https://drive.google.com/file/d/1mKpzc1LPVuPz9wIP3njvWXk7oiBAqKcC/view?usp=drivesdk,10.47554/revie.vol12.num2.2025.pp107-128,https://drive.google.com/file/d/1mKpzc1LPVuPz9wIP3njvWXk7oiBAqKcC/preview,https://drive.google.com/file/d/1mKpzc1LPVuPz9wIP3njvWXk7oiBAqKcC/view
1gVCS3BlhYEr6GXtAxrv5yzP4WoN64ElU,10.54948_desidades.v0i34.53113.pdf,324023,2026-04-11T19:25:40.077Z,https://drive.google.com/file/d/1gVCS3BlhYEr6GXtAxrv5yzP4WoN64ElU/view?usp=drivesdk,10.54948/desidades.v0i34.53113,https://drive.google.com/file/d/1gVCS3BlhYEr6GXtAxrv5yzP4WoN64ElU/preview,https://drive.google.com/file/d/1gVCS3BlhYEr6GXtAxrv5yzP4WoN64ElU/view
1SZKOJ6tlj5ewFfXVry26SGKmdtLv8JX-,10.56712_latam.v5i5.2697.pdf,502329,2026-04-11T19:25:36.834Z,https://drive.google.com/file/d/1SZKOJ6tlj5ewFfXVry26SGKmdtLv8JX-/view?usp=drivesdk,10.56712/latam.v5i5.2697,https://drive.google.com/file/d/1SZKOJ6tlj5ewFfXVry26SGKmdtLv8JX-/preview,https://drive.google.com/file/d/1SZKOJ6tlj5ewFfXVry26SGKmdtLv8JX-/view
1fQf0K9hQJRkHINaRr_JPh6cjjHgS-T9T,10.48204_3072-9653.6875.pdf,254692,2026-04-11T19:24:30.308Z,https://drive.google.com/file/d/1fQf0K9hQJRkHINaRr_JPh6cjjHgS-T9T/view?usp=drivesdk,10.48204/3072-9653.6875,https://drive.google.com/file/d/1fQf0K9hQJRkHINaRr_JPh6cjjHgS-T9T/preview,https://drive.google.com/file/d/1fQf0K9hQJRkHINaRr_JPh6cjjHgS-T9T/view
1plGnMYB2oa6F9FuLFvJB4-09Xr6KbHFt,10.35537_10915_186366.pdf,797012,2026-04-11T19:24:26.464Z,https://drive.google.com/file/d/1plGnMYB2oa6F9FuLFvJB4-09Xr6KbHFt/view?usp=drivesdk,10.35537/10915_186366,https://drive.google.com/file/d/1plGnMYB2oa6F9FuLFvJB4-09Xr6KbHFt/preview,https://drive.google.com/file/d/1plGnMYB2oa6F9FuLFvJB4-09Xr6KbHFt/view
1WRUUKE49Mz7MtlfuoT2ZsZ6qbsCOrN0G,10.31637_epsir-2024-1412.pdf,328468,2026-04-11T19:24:22.823Z,https://drive.google.com/file/d/1WRUUKE49Mz7MtlfuoT2ZsZ6qbsCOrN0G/view?usp=drivesdk,10.31637/epsir-2024-1412,https://drive.google.com/file/d/1WRUUKE49Mz7MtlfuoT2ZsZ6qbsCOrN0G/preview,https://drive.google.com/file/d/1WRUUKE49Mz7MtlfuoT2ZsZ6qbsCOrN0G/view
1gUGGu4LrJOlr9OPeeueo7z6Z7HrPL6D5,10.59427_rcli_2024_v24cs.945-952.pdf,353271,2026-04-11T19:24:19.950Z,https://drive.google.com/file/d/1gUGGu4LrJOlr9OPeeueo7z6Z7HrPL6D5/view?usp=drivesdk,10.59427/rcli_2024_v24cs.945-952,https://drive.google.com/file/d/1gUGGu4LrJOlr9OPeeueo7z6Z7HrPL6D5/preview,https://drive.google.com/file/d/1gUGGu4LrJOlr9OPeeueo7z6Z7HrPL6D5/view
1dYmeoKi5rtf4hHCNQqsawu0fAyVSMgPj,10.70165_cglobal.v10i2.614.pdf,514287,2026-04-11T19:24:17.201Z,https://drive.google.com/file/d/1dYmeoKi5rtf4hHCNQqsawu0fAyVSMgPj/view?usp=drivesdk,10.70165/cglobal.v10i2.614,https://drive.google.com/file/d/1dYmeoKi5rtf4hHCNQqsawu0fAyVSMgPj/preview,https://drive.google.com/file/d/1dYmeoKi5rtf4hHCNQqsawu0fAyVSMgPj/view
1Sk1UTJ-KUlGw6D9dKNn0dyiWkbmGyQ6a,10.15446_rsap.v25n6.108806.pdf,309666,2026-04-11T19:24:13.996Z,https://drive.google.com/file/d/1Sk1UTJ-KUlGw6D9dKNn0dyiWkbmGyQ6a/view?usp=drivesdk,10.15446/rsap.v25n6.108806,https://drive.google.com/file/d/1Sk1UTJ-KUlGw6D9dKNn0dyiWkbmGyQ6a/preview,https://drive.google.com/file/d/1Sk1UTJ-KUlGw6D9dKNn0dyiWkbmGyQ6a/view
1rIQk2I5Bf2-WtsTaZcGqN-XYOWzIpc97,10.37135_chk.002.25.03.pdf,1072121,2026-04-11T19:24:02.286Z,https://drive.google.com/file/d/1rIQk2I5Bf2-WtsTaZcGqN-XYOWzIpc97/view?usp=drivesdk,10.37135/chk.002.25.03,https://drive.google.com/file/d/1rIQk2I5Bf2-WtsTaZcGqN-XYOWzIpc97/preview,https://drive.google.com/file/d/1rIQk2I5Bf2-WtsTaZcGqN-XYOWzIpc97/view
1NuRjUvcSTaG1gME04XiFHPjRrEkx2p3i,10.5354_2735-7279.2026.79264.pdf,514438,2026-04-11T19:23:57.738Z,https://drive.google.com/file/d/1NuRjUvcSTaG1gME04XiFHPjRrEkx2p3i/view?usp=drivesdk,10.5354/2735-7279.2026.79264,https://drive.google.com/file/d/1NuRjUvcSTaG1gME04XiFHPjRrEkx2p3i/preview,https://drive.google.com/file/d/1NuRjUvcSTaG1gME04XiFHPjRrEkx2p3i/view
1toj2gQivnRACSuxolk7OeuMLOA0SxskE,10.35537_10915_186415.pdf,1216846,2026-04-11T19:23:24.969Z,https://drive.google.com/file/d/1toj2gQivnRACSuxolk7OeuMLOA0SxskE/view?usp=drivesdk,10.35537/10915_186415,https://drive.google.com/file/d/1toj2gQivnRACSuxolk7OeuMLOA0SxskE/preview,https://drive.google.com/file/d/1toj2gQivnRACSuxolk7OeuMLOA0SxskE/view
1VridKBYlQPFA1OZRaaK0HE8pzfZg9ZWx,10.24310_mgnmar.v4i2.15332.pdf,860071,2026-04-11T19:23:21.188Z,https://drive.google.com/file/d/1VridKBYlQPFA1OZRaaK0HE8pzfZg9ZWx/view?usp=drivesdk,10.24310/mgnmar.v4i2.15332,https://drive.google.com/file/d/1VridKBYlQPFA1OZRaaK0HE8pzfZg9ZWx/preview,https://drive.google.com/file/d/1VridKBYlQPFA1OZRaaK0HE8pzfZg9ZWx/view
1xIiF_wtGNyIJWlAj4u_jbBxd9yxt1Xbx,10.51378_eca.v76i766.6478.pdf,443406,2026-04-11T19:23:17.934Z,https://drive.google.com/file/d/1xIiF_wtGNyIJWlAj4u_jbBxd9yxt1Xbx/view?usp=drivesdk,10.51378/eca.v76i766.6478,https://drive.google.com/file/d/1xIiF_wtGNyIJWlAj4u_jbBxd9yxt1Xbx/preview,https://drive.google.com/file/d/1xIiF_wtGNyIJWlAj4u_jbBxd9yxt1Xbx/view
1TngBGgx6egSUSuk8loIl8aLFIgfypXyt,10.22352_saustral20222810.pdf,899437,2026-04-11T19:22:43.954Z,https://drive.google.com/file/d/1TngBGgx6egSUSuk8loIl8aLFIgfypXyt/view?usp=drivesdk,10.22352/saustral20222810,https://drive.google.com/file/d/1TngBGgx6egSUSuk8loIl8aLFIgfypXyt/preview,https://drive.google.com/file/d/1TngBGgx6egSUSuk8loIl8aLFIgfypXyt/view
14h3fhbBC3k8OAOt2LDvVn9-eqPpQEi3R,10.65705_rhomu.v2i2.49.pdf,598578,2026-04-11T19:22:41.087Z,https://drive.google.com/file/d/14h3fhbBC3k8OAOt2LDvVn9-eqPpQEi3R/view?usp=drivesdk,10.65705/rhomu.v2i2.49,https://drive.google.com/file/d/14h3fhbBC3k8OAOt2LDvVn9-eqPpQEi3R/preview,https://drive.google.com/file/d/14h3fhbBC3k8OAOt2LDvVn9-eqPpQEi3R/view
1t05iDiYKcoGCcrl2EWG9voOfeNu-vr9U,10.47189_pjsg.v1i2.50.pdf,93049,2026-04-11T19:22:39.063Z,https://drive.google.com/file/d/1t05iDiYKcoGCcrl2EWG9voOfeNu-vr9U/view?usp=drivesdk,10.47189/pjsg.v1i2.50,https://drive.google.com/file/d/1t05iDiYKcoGCcrl2EWG9voOfeNu-vr9U/preview,https://drive.google.com/file/d/1t05iDiYKcoGCcrl2EWG9voOfeNu-vr9U/view
1CgaSSapBmdcqTYRRV0ckDXNYHHxwtobX,10.35575_rvucn.n77a2.pdf,579573,2026-04-11T19:22:05.100Z,https://drive.google.com/file/d/1CgaSSapBmdcqTYRRV0ckDXNYHHxwtobX/view?usp=drivesdk,10.35575/rvucn.n77a2,https://drive.google.com/file/d/1CgaSSapBmdcqTYRRV0ckDXNYHHxwtobX/preview,https://drive.google.com/file/d/1CgaSSapBmdcqTYRRV0ckDXNYHHxwtobX/view
1cUPsBCAg8pqJYdRQt8whyEgcpvitDw5C,10.35362_rie10017169.pdf,798597,2026-04-11T19:21:01.180Z,https://drive.google.com/file/d/1cUPsBCAg8pqJYdRQt8whyEgcpvitDw5C/view?usp=drivesdk,10.35362/rie10017169,https://drive.google.com/file/d/1cUPsBCAg8pqJYdRQt8whyEgcpvitDw5C/preview,https://drive.google.com/file/d/1cUPsBCAg8pqJYdRQt8whyEgcpvitDw5C/view
1BM9FJ356bQyZsb2lYXWbCmW-VneWj9cp,10.51896_rilcods.v5i46.251.pdf,427273,2026-04-11T19:18:53.143Z,https://drive.google.com/file/d/1BM9FJ356bQyZsb2lYXWbCmW-VneWj9cp/view?usp=drivesdk,10.51896/rilcods.v5i46.251,https://drive.google.com/file/d/1BM9FJ356bQyZsb2lYXWbCmW-VneWj9cp/preview,https://drive.google.com/file/d/1BM9FJ356bQyZsb2lYXWbCmW-VneWj9cp/view
1GUNfwJEzDyHPdYmmYt54pUQFYMEWM8Uy,10.22201_cuaieed.16076079e.2024.25.2.11.pdf,565502,2026-04-11T19:18:50.409Z,https://drive.google.com/file/d/1GUNfwJEzDyHPdYmmYt54pUQFYMEWM8Uy/view?usp=drivesdk,10.22201/cuaieed.16076079e.2024.25.2.11,https://drive.google.com/file/d/1GUNfwJEzDyHPdYmmYt54pUQFYMEWM8Uy/preview,https://drive.google.com/file/d/1GUNfwJEzDyHPdYmmYt54pUQFYMEWM8Uy/view
1JJisyfBCt4so3pNUXKIQy4dOOJew49Fc,10.24215_23468866e177.pdf,1019908,2026-04-11T19:18:16.022Z,https://drive.google.com/file/d/1JJisyfBCt4so3pNUXKIQy4dOOJew49Fc/view?usp=drivesdk,10.24215/23468866e177,https://drive.google.com/file/d/1JJisyfBCt4so3pNUXKIQy4dOOJew49Fc/preview,https://drive.google.com/file/d/1JJisyfBCt4so3pNUXKIQy4dOOJew49Fc/view
1Z8Hqr14JfwHnICCLpSCmITVGC_Ddhham,10.19137_praxiseducativa-2024-280215.pdf,972323,2026-04-11T19:17:09.037Z,https://drive.google.com/file/d/1Z8Hqr14JfwHnICCLpSCmITVGC_Ddhham/view?usp=drivesdk,10.19137/praxiseducativa-2024-280215,https://drive.google.com/file/d/1Z8Hqr14JfwHnICCLpSCmITVGC_Ddhham/preview,https://drive.google.com/file/d/1Z8Hqr14JfwHnICCLpSCmITVGC_Ddhham/view
16j3Z9FOpYD-xBVGjqKakNimu0ghbtGX-,10.5212_praxeduc.v.19.22864.020.pdf,581650,2026-04-11T19:17:05.114Z,https://drive.google.com/file/d/16j3Z9FOpYD-xBVGjqKakNimu0ghbtGX-/view?usp=drivesdk,10.5212/praxeduc.v.19.22864.020,https://drive.google.com/file/d/16j3Z9FOpYD-xBVGjqKakNimu0ghbtGX-/preview,https://drive.google.com/file/d/16j3Z9FOpYD-xBVGjqKakNimu0ghbtGX-/view
17sUVXkU9GKBk7JsYKm05HFwj2qT-JRaF,10.20453_spirat.v3ine1.5525.pdf,197040,2026-04-11T19:17:00.408Z,https://drive.google.com/file/d/17sUVXkU9GKBk7JsYKm05HFwj2qT-JRaF/view?usp=drivesdk,10.20453/spirat.v3ine1.5525,https://drive.google.com/file/d/17sUVXkU9GKBk7JsYKm05HFwj2qT-JRaF/preview,https://drive.google.com/file/d/17sUVXkU9GKBk7JsYKm05HFwj2qT-JRaF/view
1-QjpfisV-DWObqQzBhzGlIqyiSR7pIFv,10.56219_dialgica.v23i1.4915.pdf,507694,2026-04-11T19:16:58.431Z,https://drive.google.com/file/d/1-QjpfisV-DWObqQzBhzGlIqyiSR7pIFv/view?usp=drivesdk,10.56219/dialgica.v23i1.4915,https://drive.google.com/file/d/1-QjpfisV-DWObqQzBhzGlIqyiSR7pIFv/preview,https://drive.google.com/file/d/1-QjpfisV-DWObqQzBhzGlIqyiSR7pIFv/view
1TutjBI3T6HNFsKm6vaVypc8cWn_I_gLQ,10.56712_latam.v6i6.4943.pdf,611321,2026-04-11T19:16:53.205Z,https://drive.google.com/file/d/1TutjBI3T6HNFsKm6vaVypc8cWn_I_gLQ/view?usp=drivesdk,10.56712/latam.v6i6.4943,https://drive.google.com/file/d/1TutjBI3T6HNFsKm6vaVypc8cWn_I_gLQ/preview,https://drive.google.com/file/d/1TutjBI3T6HNFsKm6vaVypc8cWn_I_gLQ/view
15WpEZxuJ8TxxzwQR6e34lYD6PIcsY7O-,10.56219_dialgica.v23i1.4947.pdf,539273,2026-04-11T19:16:51.053Z,https://drive.google.com/file/d/15WpEZxuJ8TxxzwQR6e34lYD6PIcsY7O-/view?usp=drivesdk,10.56219/dialgica.v23i1.4947,https://drive.google.com/file/d/15WpEZxuJ8TxxzwQR6e34lYD6PIcsY7O-/preview,https://drive.google.com/file/d/15WpEZxuJ8TxxzwQR6e34lYD6PIcsY7O-/view
1MT9icRLdD-Pl9mvJvdqlZ0SJ4T0Vw5Gf,10.56712_latam.v4i2.1035.pdf,336841,2026-04-11T19:16:15.827Z,https://drive.google.com/file/d/1MT9icRLdD-Pl9mvJvdqlZ0SJ4T0Vw5Gf/view?usp=drivesdk,10.56712/latam.v4i2.1035,https://drive.google.com/file/d/1MT9icRLdD-Pl9mvJvdqlZ0SJ4T0Vw5Gf/preview,https://drive.google.com/file/d/1MT9icRLdD-Pl9mvJvdqlZ0SJ4T0Vw5Gf/view
19oUrhQDqroG4q_eWQS40YIH0kX_-vdfy,10.47187_perspectivas.6.2.223.pdf,659213,2026-04-11T19:16:13.571Z,https://drive.google.com/file/d/19oUrhQDqroG4q_eWQS40YIH0kX_-vdfy/view?usp=drivesdk,10.47187/perspectivas.6.2.223,https://drive.google.com/file/d/19oUrhQDqroG4q_eWQS40YIH0kX_-vdfy/preview,https://drive.google.com/file/d/19oUrhQDqroG4q_eWQS40YIH0kX_-vdfy/view
1vv5W5nd4BkkmvRXSQfPICMsXcyLEZ_QB,10.21501_2744838x.4264.pdf,1128171,2026-04-11T19:15:49.266Z,https://drive.google.com/file/d/1vv5W5nd4BkkmvRXSQfPICMsXcyLEZ_QB/view?usp=drivesdk,10.21501/2744838x.4264,https://drive.google.com/file/d/1vv5W5nd4BkkmvRXSQfPICMsXcyLEZ_QB/preview,https://drive.google.com/file/d/1vv5W5nd4BkkmvRXSQfPICMsXcyLEZ_QB/view
1qnrobQWlskLP5xv3WDq5y05Z_sTfbsit,10.5212_praxeduc.v.21.24571.001.pdf,704124,2026-04-11T19:15:44.360Z,https://drive.google.com/file/d/1qnrobQWlskLP5xv3WDq5y05Z_sTfbsit/view?usp=drivesdk,10.5212/praxeduc.v.21.24571.001,https://drive.google.com/file/d/1qnrobQWlskLP5xv3WDq5y05Z_sTfbsit/preview,https://drive.google.com/file/d/1qnrobQWlskLP5xv3WDq5y05Z_sTfbsit/view
1OtOb3mj4OjSroam8THPz1skDZqKNzro_,10.34893_rediir.v10i10.428.pdf,1936098,2026-04-11T19:15:34.550Z,https://drive.google.com/file/d/1OtOb3mj4OjSroam8THPz1skDZqKNzro_/view?usp=drivesdk,10.34893/rediir.v10i10.428,https://drive.google.com/file/d/1OtOb3mj4OjSroam8THPz1skDZqKNzro_/preview,https://drive.google.com/file/d/1OtOb3mj4OjSroam8THPz1skDZqKNzro_/view
1WuLUQvZk5_lYmhpfW3AY9jTAtYxFkFRF,10.70577_asce.v4i4.531.pdf,348614,2026-04-11T19:15:00.769Z,https://drive.google.com/file/d/1WuLUQvZk5_lYmhpfW3AY9jTAtYxFkFRF/view?usp=drivesdk,10.70577/asce.v4i4.531,https://drive.google.com/file/d/1WuLUQvZk5_lYmhpfW3AY9jTAtYxFkFRF/preview,https://drive.google.com/file/d/1WuLUQvZk5_lYmhpfW3AY9jTAtYxFkFRF/view
17SMF3fDzbSN1GCr0M5t_tMcOjiKFibWt,10.15366_reice2005.3.1.003.pdf,394604,2026-04-11T19:14:58.563Z,https://drive.google.com/file/d/17SMF3fDzbSN1GCr0M5t_tMcOjiKFibWt/view?usp=drivesdk,10.15366/reice2005.3.1.003,https://drive.google.com/file/d/17SMF3fDzbSN1GCr0M5t_tMcOjiKFibWt/preview,https://drive.google.com/file/d/17SMF3fDzbSN1GCr0M5t_tMcOjiKFibWt/view
1ZVELWjrOeN9G5qYisaTwiNc3NAJxbxQn,10.14409_ie.2023.19.e0054.pdf,293298,2026-04-11T19:14:55.981Z,https://drive.google.com/file/d/1ZVELWjrOeN9G5qYisaTwiNc3NAJxbxQn/view?usp=drivesdk,10.14409/ie.2023.19.e0054,https://drive.google.com/file/d/1ZVELWjrOeN9G5qYisaTwiNc3NAJxbxQn/preview,https://drive.google.com/file/d/1ZVELWjrOeN9G5qYisaTwiNc3NAJxbxQn/view
1aKzqkngAwAXnSmvyjb5-hyh8rZ0hOnx7,10.18764_2178-2229.v28n1p78-94.pdf,305382,2026-04-11T19:14:51.801Z,https://drive.google.com/file/d/1aKzqkngAwAXnSmvyjb5-hyh8rZ0hOnx7/view?usp=drivesdk,10.18764/2178-2229.v28n1p78-94,https://drive.google.com/file/d/1aKzqkngAwAXnSmvyjb5-hyh8rZ0hOnx7/preview,https://drive.google.com/file/d/1aKzqkngAwAXnSmvyjb5-hyh8rZ0hOnx7/view
15xyWPQPokjJHrUv6JTkGEU4hnkhFvpNX,10.29394_scientific.issn.2542-2987.2024.9.e2.10.204-225.pdf,347938,2026-04-11T19:14:48.293Z,https://drive.google.com/file/d/15xyWPQPokjJHrUv6JTkGEU4hnkhFvpNX/view?usp=drivesdk,10.29394/scientific.issn.2542-2987.2024.9.e2.10.204-225,https://drive.google.com/file/d/15xyWPQPokjJHrUv6JTkGEU4hnkhFvpNX/preview,https://drive.google.com/file/d/15xyWPQPokjJHrUv6JTkGEU4hnkhFvpNX/view
1zd4rHVtUEaOozS8Zfb8W2_QQMcHMiRu9,10.18764_2358-4319.v14n2p558-578.pdf,271641,2026-04-11T19:14:45.839Z,https://drive.google.com/file/d/1zd4rHVtUEaOozS8Zfb8W2_QQMcHMiRu9/view?usp=drivesdk,10.18764/2358-4319.v14n2p558-578,https://drive.google.com/file/d/1zd4rHVtUEaOozS8Zfb8W2_QQMcHMiRu9/preview,https://drive.google.com/file/d/1zd4rHVtUEaOozS8Zfb8W2_QQMcHMiRu9/view
15O5vzs0cgDk6SQiXkfZJuTaISrXm3BYE,10.35381_i.p.v5i9.2621.pdf,376220,2026-04-11T19:14:12.410Z,https://drive.google.com/file/d/15O5vzs0cgDk6SQiXkfZJuTaISrXm3BYE/view?usp=drivesdk,10.35381/i.p.v5i9.2621,https://drive.google.com/file/d/15O5vzs0cgDk6SQiXkfZJuTaISrXm3BYE/preview,https://drive.google.com/file/d/15O5vzs0cgDk6SQiXkfZJuTaISrXm3BYE/view
1tvihC9gzoTU62vU6YaL-Jwoj7Mn9zD0a,10.35381_r.k.v9i1.3557.pdf,347685,2026-04-11T19:14:10.336Z,https://drive.google.com/file/d/1tvihC9gzoTU62vU6YaL-Jwoj7Mn9zD0a/view?usp=drivesdk,10.35381/r.k.v9i1.3557,https://drive.google.com/file/d/1tvihC9gzoTU62vU6YaL-Jwoj7Mn9zD0a/preview,https://drive.google.com/file/d/1tvihC9gzoTU62vU6YaL-Jwoj7Mn9zD0a/view
1-aINpcyXuAvY8ZMAf_DGy28wAAGvEFsx,10.35869_reined.v23i1.6115.pdf,444437,2026-04-11T19:14:07.848Z,https://drive.google.com/file/d/1-aINpcyXuAvY8ZMAf_DGy28wAAGvEFsx/view?usp=drivesdk,10.35869/reined.v23i1.6115,https://drive.google.com/file/d/1-aINpcyXuAvY8ZMAf_DGy28wAAGvEFsx/preview,https://drive.google.com/file/d/1-aINpcyXuAvY8ZMAf_DGy28wAAGvEFsx/view
1wdSoiRzTKhKqisIO7UK11wORPTUqdjpL,10.47554_cii.vol15.2024.pp137-141.pdf,247043,2026-04-11T19:14:05.260Z,https://drive.google.com/file/d/1wdSoiRzTKhKqisIO7UK11wORPTUqdjpL/view?usp=drivesdk,10.47554/cii.vol15.2024.pp137-141,https://drive.google.com/file/d/1wdSoiRzTKhKqisIO7UK11wORPTUqdjpL/preview,https://drive.google.com/file/d/1wdSoiRzTKhKqisIO7UK11wORPTUqdjpL/view
1NaSu5D7f86RwalOB465IAk1yPCtyIQlJ,10.56712_latam.v4i4.1215.pdf,385902,2026-04-11T19:14:02.880Z,https://drive.google.com/file/d/1NaSu5D7f86RwalOB465IAk1yPCtyIQlJ/view?usp=drivesdk,10.56712/latam.v4i4.1215,https://drive.google.com/file/d/1NaSu5D7f86RwalOB465IAk1yPCtyIQlJ/preview,https://drive.google.com/file/d/1NaSu5D7f86RwalOB465IAk1yPCtyIQlJ/view
16ZVE_hzjw_iPgeAshvPPGZ8hCvuRF0UL,10.26490_uncp.investigacionyeducacion.2021.2.1.1367.pdf,344205,2026-04-11T19:14:00.317Z,https://drive.google.com/file/d/16ZVE_hzjw_iPgeAshvPPGZ8hCvuRF0UL/view?usp=drivesdk,10.26490/uncp.investigacionyeducacion.2021.2.1.1367,https://drive.google.com/file/d/16ZVE_hzjw_iPgeAshvPPGZ8hCvuRF0UL/preview,https://drive.google.com/file/d/16ZVE_hzjw_iPgeAshvPPGZ8hCvuRF0UL/view
1Dwsf19NycYo4_-cwl1i0QNSzYZ2xaJJK,10.56067_saetauniversitaria.v12i1.368.pdf,733665,2026-04-11T19:13:57.627Z,https://drive.google.com/file/d/1Dwsf19NycYo4_-cwl1i0QNSzYZ2xaJJK/view?usp=drivesdk,10.56067/saetauniversitaria.v12i1.368,https://drive.google.com/file/d/1Dwsf19NycYo4_-cwl1i0QNSzYZ2xaJJK/preview,https://drive.google.com/file/d/1Dwsf19NycYo4_-cwl1i0QNSzYZ2xaJJK/view
1D5SjygP5UCWbjo9CHAV1eNnLHMCHMxqD,10.18764_2178-2229.v28n1p276-302.pdf,580149,2026-04-11T19:13:18.545Z,https://drive.google.com/file/d/1D5SjygP5UCWbjo9CHAV1eNnLHMCHMxqD/view?usp=drivesdk,10.18764/2178-2229.v28n1p276-302,https://drive.google.com/file/d/1D5SjygP5UCWbjo9CHAV1eNnLHMCHMxqD/preview,https://drive.google.com/file/d/1D5SjygP5UCWbjo9CHAV1eNnLHMCHMxqD/view
12jRR0OU8ZxP_TQnsV2m9c6IQSwK4Cu7q,10.30972_riie.16228046.pdf,467744,2026-04-11T19:13:14.598Z,https://drive.google.com/file/d/12jRR0OU8ZxP_TQnsV2m9c6IQSwK4Cu7q/view?usp=drivesdk,10.30972/riie.16228046,https://drive.google.com/file/d/12jRR0OU8ZxP_TQnsV2m9c6IQSwK4Cu7q/preview,https://drive.google.com/file/d/12jRR0OU8ZxP_TQnsV2m9c6IQSwK4Cu7q/view
1dVG1TL8XQd4-Bbb5-fr1BTauuA3BhFx6,10.30554_p.e.35.1.5623.2026.pdf,316414,2026-04-11T19:12:39.340Z,https://drive.google.com/file/d/1dVG1TL8XQd4-Bbb5-fr1BTauuA3BhFx6/view?usp=drivesdk,10.30554/p.e.35.1.5623.2026,https://drive.google.com/file/d/1dVG1TL8XQd4-Bbb5-fr1BTauuA3BhFx6/preview,https://drive.google.com/file/d/1dVG1TL8XQd4-Bbb5-fr1BTauuA3BhFx6/view
1xpgly_aWRrFFb-K44wwiU7zACl3kYPEW,10.22533_at.ed.7002410054.pdf,4319533,2026-04-11T19:12:35.594Z,https://drive.google.com/file/d/1xpgly_aWRrFFb-K44wwiU7zACl3kYPEW/view?usp=drivesdk,10.22533/at.ed.7002410054,https://drive.google.com/file/d/1xpgly_aWRrFFb-K44wwiU7zACl3kYPEW/preview,https://drive.google.com/file/d/1xpgly_aWRrFFb-K44wwiU7zACl3kYPEW/view
1snmpQ5l2jT-BukotQ_-qhLGN876uMsiz,10.5380_jpe.v15i0.83257.pdf,1260638,2026-04-11T19:12:32.192Z,https://drive.google.com/file/d/1snmpQ5l2jT-BukotQ_-qhLGN876uMsiz/view?usp=drivesdk,10.5380/jpe.v15i0.83257,https://drive.google.com/file/d/1snmpQ5l2jT-BukotQ_-qhLGN876uMsiz/preview,https://drive.google.com/file/d/1snmpQ5l2jT-BukotQ_-qhLGN876uMsiz/view
18ngxC3F3MTIDPAeEuulW2rGkZb9sAPC_,10.15381_rpiiedu.v4i1.26747.pdf,430921,2026-04-11T19:12:27.002Z,https://drive.google.com/file/d/18ngxC3F3MTIDPAeEuulW2rGkZb9sAPC_/view?usp=drivesdk,10.15381/rpiiedu.v4i1.26747,https://drive.google.com/file/d/18ngxC3F3MTIDPAeEuulW2rGkZb9sAPC_/preview,https://drive.google.com/file/d/18ngxC3F3MTIDPAeEuulW2rGkZb9sAPC_/view
1Ff6NQBu9ROmeL3uVnuF8qc4F41kaujXW,10.33064_iycuaa2022853434.pdf,230818,2026-04-11T19:12:23.528Z,https://drive.google.com/file/d/1Ff6NQBu9ROmeL3uVnuF8qc4F41kaujXW/view?usp=drivesdk,10.33064/iycuaa2022853434,https://drive.google.com/file/d/1Ff6NQBu9ROmeL3uVnuF8qc4F41kaujXW/preview,https://drive.google.com/file/d/1Ff6NQBu9ROmeL3uVnuF8qc4F41kaujXW/view
187a9JOYJmraROBG7Qa-VtaJzNuluRtUI,10.21501_9786287765061.5.pdf,469169,2026-04-11T19:12:20.948Z,https://drive.google.com/file/d/187a9JOYJmraROBG7Qa-VtaJzNuluRtUI/view?usp=drivesdk,10.21501/9786287765061.5,https://drive.google.com/file/d/187a9JOYJmraROBG7Qa-VtaJzNuluRtUI/preview,https://drive.google.com/file/d/187a9JOYJmraROBG7Qa-VtaJzNuluRtUI/view
1NTNAoUdi6BDQQG42OG8WKuEDg0XbXJUl,10.15359_rep.17-1.3.pdf,435518,2026-04-11T19:12:15.550Z,https://drive.google.com/file/d/1NTNAoUdi6BDQQG42OG8WKuEDg0XbXJUl/view?usp=drivesdk,10.15359/rep.17-1.3,https://drive.google.com/file/d/1NTNAoUdi6BDQQG42OG8WKuEDg0XbXJUl/preview,https://drive.google.com/file/d/1NTNAoUdi6BDQQG42OG8WKuEDg0XbXJUl/view
1BuQOQdas2rUJDt0iqdIk5uiNbrCt7uOx,10.31876_rcs.v30i2.41898.pdf,947721,2026-04-11T19:12:08.535Z,https://drive.google.com/file/d/1BuQOQdas2rUJDt0iqdIk5uiNbrCt7uOx/view?usp=drivesdk,10.31876/rcs.v30i2.41898,https://drive.google.com/file/d/1BuQOQdas2rUJDt0iqdIk5uiNbrCt7uOx/preview,https://drive.google.com/file/d/1BuQOQdas2rUJDt0iqdIk5uiNbrCt7uOx/view
1riGbU1KQYPdeCUwe1T_qmk9K_Jd-3PXW,10.24054_face.v23i1.2450.pdf,334013,2026-04-11T19:09:57.095Z,https://drive.google.com/file/d/1riGbU1KQYPdeCUwe1T_qmk9K_Jd-3PXW/view?usp=drivesdk,10.24054/face.v23i1.2450,https://drive.google.com/file/d/1riGbU1KQYPdeCUwe1T_qmk9K_Jd-3PXW/preview,https://drive.google.com/file/d/1riGbU1KQYPdeCUwe1T_qmk9K_Jd-3PXW/view
1JpDF2h-oScC1m9tILMiMWksc-fcL1muT,10.15443_tde1002.pdf,289128,2026-04-11T19:09:54.368Z,https://drive.google.com/file/d/1JpDF2h-oScC1m9tILMiMWksc-fcL1muT/view?usp=drivesdk,10.15443/tde1002,https://drive.google.com/file/d/1JpDF2h-oScC1m9tILMiMWksc-fcL1muT/preview,https://drive.google.com/file/d/1JpDF2h-oScC1m9tILMiMWksc-fcL1muT/view
1Lm2GZ-6Z4UiQj_quGVGVS4tbnSrIWzXk,10.35756_educaumch.202322.286.pdf,294715,2026-04-11T19:08:49.630Z,https://drive.google.com/file/d/1Lm2GZ-6Z4UiQj_quGVGVS4tbnSrIWzXk/view?usp=drivesdk,10.35756/educaumch.202322.286,https://drive.google.com/file/d/1Lm2GZ-6Z4UiQj_quGVGVS4tbnSrIWzXk/preview,https://drive.google.com/file/d/1Lm2GZ-6Z4UiQj_quGVGVS4tbnSrIWzXk/view
1NwqQkV19SH5OJjUmnlOsi5bSezBPNaQn,10.56712_latam.v4i2.846.pdf,389296,2026-04-11T19:07:41.893Z,https://drive.google.com/file/d/1NwqQkV19SH5OJjUmnlOsi5bSezBPNaQn/view?usp=drivesdk,10.56712/latam.v4i2.846,https://drive.google.com/file/d/1NwqQkV19SH5OJjUmnlOsi5bSezBPNaQn/preview,https://drive.google.com/file/d/1NwqQkV19SH5OJjUmnlOsi5bSezBPNaQn/view
1kUnqvA_XodPyOs-qtKulLZx8ESyCerWm,10.33262_exploradordigital.v8i3.3106.pdf,2026371,2026-04-11T19:07:38.864Z,https://drive.google.com/file/d/1kUnqvA_XodPyOs-qtKulLZx8ESyCerWm/view?usp=drivesdk,10.33262/exploradordigital.v8i3.3106,https://drive.google.com/file/d/1kUnqvA_XodPyOs-qtKulLZx8ESyCerWm/preview,https://drive.google.com/file/d/1kUnqvA_XodPyOs-qtKulLZx8ESyCerWm/view
1c2MgFfo2wQ1NDGBbQUIsdfr8jBwX5mcg,10.56219_afc.v18i1.4808.pdf,913130,2026-04-11T19:07:33.581Z,https://drive.google.com/file/d/1c2MgFfo2wQ1NDGBbQUIsdfr8jBwX5mcg/view?usp=drivesdk,10.56219/afc.v18i1.4808,https://drive.google.com/file/d/1c2MgFfo2wQ1NDGBbQUIsdfr8jBwX5mcg/preview,https://drive.google.com/file/d/1c2MgFfo2wQ1NDGBbQUIsdfr8jBwX5mcg/view
1YWyR19DcY2MnqzoxGvudMrYGXgsDF-uZ,10.18634_doctrabajo_75.pdf,49194,2026-04-11T19:07:28.159Z,https://drive.google.com/file/d/1YWyR19DcY2MnqzoxGvudMrYGXgsDF-uZ/view?usp=drivesdk,10.18634/doctrabajo_75,https://drive.google.com/file/d/1YWyR19DcY2MnqzoxGvudMrYGXgsDF-uZ/preview,https://drive.google.com/file/d/1YWyR19DcY2MnqzoxGvudMrYGXgsDF-uZ/view
1JEqE145F3FZgWt4V6jLVojN0tuHGSabS,10.53595_rlo.v4.i9.093.pdf,308891,2026-04-11T19:07:25.384Z,https://drive.google.com/file/d/1JEqE145F3FZgWt4V6jLVojN0tuHGSabS/view?usp=drivesdk,10.53595/rlo.v4.i9.093,https://drive.google.com/file/d/1JEqE145F3FZgWt4V6jLVojN0tuHGSabS/preview,https://drive.google.com/file/d/1JEqE145F3FZgWt4V6jLVojN0tuHGSabS/view
1Hf3zTqfbos8KXa_gxLAFVBgpmWGJRv_1,10.52080_rvgluz.30.especial14.45.pdf,2013270,2026-04-11T19:07:23.300Z,https://drive.google.com/file/d/1Hf3zTqfbos8KXa_gxLAFVBgpmWGJRv_1/view?usp=drivesdk,10.52080/rvgluz.30.especial14.45,https://drive.google.com/file/d/1Hf3zTqfbos8KXa_gxLAFVBgpmWGJRv_1/preview,https://drive.google.com/file/d/1Hf3zTqfbos8KXa_gxLAFVBgpmWGJRv_1/view
1UbMkrYAXg0MVkaKy3xXiD_JR6FDqAPko,10.56712_latam.v5i5.2944.pdf,1923097,2026-04-11T19:07:20.324Z,https://drive.google.com/file/d/1UbMkrYAXg0MVkaKy3xXiD_JR6FDqAPko/view?usp=drivesdk,10.56712/latam.v5i5.2944,https://drive.google.com/file/d/1UbMkrYAXg0MVkaKy3xXiD_JR6FDqAPko/preview,https://drive.google.com/file/d/1UbMkrYAXg0MVkaKy3xXiD_JR6FDqAPko/view
1sujK8miWMVBHDiCgGR8mj3Jzc2gEHMz2,10.47554_cii.vol14.2023.pp114-125.pdf,358680,2026-04-11T19:07:18.033Z,https://drive.google.com/file/d/1sujK8miWMVBHDiCgGR8mj3Jzc2gEHMz2/view?usp=drivesdk,10.47554/cii.vol14.2023.pp114-125,https://drive.google.com/file/d/1sujK8miWMVBHDiCgGR8mj3Jzc2gEHMz2/preview,https://drive.google.com/file/d/1sujK8miWMVBHDiCgGR8mj3Jzc2gEHMz2/view
1lueGTyo324Bdymg2gqDt7Ddgf57nHbvr,10.56712_latam.v5i1.1609.pdf,499914,2026-04-11T19:07:15.684Z,https://drive.google.com/file/d/1lueGTyo324Bdymg2gqDt7Ddgf57nHbvr/view?usp=drivesdk,10.56712/latam.v5i1.1609,https://drive.google.com/file/d/1lueGTyo324Bdymg2gqDt7Ddgf57nHbvr/preview,https://drive.google.com/file/d/1lueGTyo324Bdymg2gqDt7Ddgf57nHbvr/view
1GkPEksGyzEftnOcaSFRfD3HerjTigicx,10.47606_acven_ph0022.pdf,531565,2026-04-11T19:07:13.183Z,https://drive.google.com/file/d/1GkPEksGyzEftnOcaSFRfD3HerjTigicx/view?usp=drivesdk,10.47606/acven_ph0022,https://drive.google.com/file/d/1GkPEksGyzEftnOcaSFRfD3HerjTigicx/preview,https://drive.google.com/file/d/1GkPEksGyzEftnOcaSFRfD3HerjTigicx/view
1Y1QC9A-hf3Qjpm2LcmqNcEI2lPJBbuAJ,10.47865_igob.vol7.n26.2024.341.pdf,460657,2026-04-11T19:07:11.135Z,https://drive.google.com/file/d/1Y1QC9A-hf3Qjpm2LcmqNcEI2lPJBbuAJ/view?usp=drivesdk,10.47865/igob.vol7.n26.2024.341,https://drive.google.com/file/d/1Y1QC9A-hf3Qjpm2LcmqNcEI2lPJBbuAJ/preview,https://drive.google.com/file/d/1Y1QC9A-hf3Qjpm2LcmqNcEI2lPJBbuAJ/view
1F2Ux52EaAYccmN0-WhfZQuJY1-7pCZVe,10.59427_rcli_2023_v23cs.3717-3724.pdf,447210,2026-04-11T19:07:08.459Z,https://drive.google.com/file/d/1F2Ux52EaAYccmN0-WhfZQuJY1-7pCZVe/view?usp=drivesdk,10.59427/rcli_2023_v23cs.3717-3724,https://drive.google.com/file/d/1F2Ux52EaAYccmN0-WhfZQuJY1-7pCZVe/preview,https://drive.google.com/file/d/1F2Ux52EaAYccmN0-WhfZQuJY1-7pCZVe/view
1KXRYC7s6E96Ls4eOEx3_9FOEffBjLhoj,10.47865_igob.vol6.n24.2023.307.pdf,324211,2026-04-11T19:07:04.300Z,https://drive.google.com/file/d/1KXRYC7s6E96Ls4eOEx3_9FOEffBjLhoj/view?usp=drivesdk,10.47865/igob.vol6.n24.2023.307,https://drive.google.com/file/d/1KXRYC7s6E96Ls4eOEx3_9FOEffBjLhoj/preview,https://drive.google.com/file/d/1KXRYC7s6E96Ls4eOEx3_9FOEffBjLhoj/view
1_Gx4w9R3pV-G5DIRNEBXqAb_QB20_BBl,10.69516_xq65fj12.pdf,288203,2026-04-11T19:06:56.235Z,https://drive.google.com/file/d/1_Gx4w9R3pV-G5DIRNEBXqAb_QB20_BBl/view?usp=drivesdk,10.69516/xq65fj12,https://drive.google.com/file/d/1_Gx4w9R3pV-G5DIRNEBXqAb_QB20_BBl/preview,https://drive.google.com/file/d/1_Gx4w9R3pV-G5DIRNEBXqAb_QB20_BBl/view
18nLq3qP7ccqiiJ7EvPuEj2ydPk5cltFG,10.46652_religacionpress.317.c581.pdf,273408,2026-04-11T19:06:49.125Z,https://drive.google.com/file/d/18nLq3qP7ccqiiJ7EvPuEj2ydPk5cltFG/view?usp=drivesdk,10.46652/religacionpress.317.c581,https://drive.google.com/file/d/18nLq3qP7ccqiiJ7EvPuEj2ydPk5cltFG/preview,https://drive.google.com/file/d/18nLq3qP7ccqiiJ7EvPuEj2ydPk5cltFG/view
1nVPtlR0snFtTMEhwGOVe2UGfWTb_Y33b,10.70577_k39cds93.pdf,911886,2026-04-11T19:06:46.265Z,https://drive.google.com/file/d/1nVPtlR0snFtTMEhwGOVe2UGfWTb_Y33b/view?usp=drivesdk,10.70577/k39cds93,https://drive.google.com/file/d/1nVPtlR0snFtTMEhwGOVe2UGfWTb_Y33b/preview,https://drive.google.com/file/d/1nVPtlR0snFtTMEhwGOVe2UGfWTb_Y33b/view
1yZComdkmVwRysORHl0T7ao-v8xw13Aog,10.15366_tp2021.37.002.pdf,361288,2026-04-11T19:06:44.277Z,https://drive.google.com/file/d/1yZComdkmVwRysORHl0T7ao-v8xw13Aog/view?usp=drivesdk,10.15366/tp2021.37.002,https://drive.google.com/file/d/1yZComdkmVwRysORHl0T7ao-v8xw13Aog/preview,https://drive.google.com/file/d/1yZComdkmVwRysORHl0T7ao-v8xw13Aog/view
1HDOYdgXAUxO7tpHlefgP2evw9abW503f,10.15517_revedu.v47i2.53991.pdf,394438,2026-04-11T19:06:41.715Z,https://drive.google.com/file/d/1HDOYdgXAUxO7tpHlefgP2evw9abW503f/view?usp=drivesdk,10.15517/revedu.v47i2.53991,https://drive.google.com/file/d/1HDOYdgXAUxO7tpHlefgP2evw9abW503f/preview,https://drive.google.com/file/d/1HDOYdgXAUxO7tpHlefgP2evw9abW503f/view
1TYGyWz-jb4FZoWNqa6EO7a0jugBI2SE9,10.47606_acven_ph0178.pdf,320352,2026-04-11T19:06:35.417Z,https://drive.google.com/file/d/1TYGyWz-jb4FZoWNqa6EO7a0jugBI2SE9/view?usp=drivesdk,10.47606/acven_ph0178,https://drive.google.com/file/d/1TYGyWz-jb4FZoWNqa6EO7a0jugBI2SE9/preview,https://drive.google.com/file/d/1TYGyWz-jb4FZoWNqa6EO7a0jugBI2SE9/view
1aLkoyTJw4-rOGWEQFO_m1SrcThhWW3NN,10.46652_religacionpress.293.c511.pdf,388454,2026-04-11T19:06:33.733Z,https://drive.google.com/file/d/1aLkoyTJw4-rOGWEQFO_m1SrcThhWW3NN/view?usp=drivesdk,10.46652/religacionpress.293.c511,https://drive.google.com/file/d/1aLkoyTJw4-rOGWEQFO_m1SrcThhWW3NN/preview,https://drive.google.com/file/d/1aLkoyTJw4-rOGWEQFO_m1SrcThhWW3NN/view
1XevDf6bEfM55btq8i8ofSbV88c7kDdlu,10.62876_cuadernosucab.vi15.6067.pdf,301100,2026-04-11T19:06:29.963Z,https://drive.google.com/file/d/1XevDf6bEfM55btq8i8ofSbV88c7kDdlu/view?usp=drivesdk,10.62876/cuadernosucab.vi15.6067,https://drive.google.com/file/d/1XevDf6bEfM55btq8i8ofSbV88c7kDdlu/preview,https://drive.google.com/file/d/1XevDf6bEfM55btq8i8ofSbV88c7kDdlu/view
1jltyMUj5nJb4_1tfCx3NcIPLpsRbMDD5,10.30545_academo.2024.may-ago.6.pdf,495116,2026-04-11T19:06:24.644Z,https://drive.google.com/file/d/1jltyMUj5nJb4_1tfCx3NcIPLpsRbMDD5/view?usp=drivesdk,10.30545/academo.2024.may-ago.6,https://drive.google.com/file/d/1jltyMUj5nJb4_1tfCx3NcIPLpsRbMDD5/preview,https://drive.google.com/file/d/1jltyMUj5nJb4_1tfCx3NcIPLpsRbMDD5/view
11jDvN744hmWim-FBj2tjuM_1lWx7MlqQ,10.56712_latam.v6i5.4761.pdf,571135,2026-04-11T19:06:20.592Z,https://drive.google.com/file/d/11jDvN744hmWim-FBj2tjuM_1lWx7MlqQ/view?usp=drivesdk,10.56712/latam.v6i5.4761,https://drive.google.com/file/d/11jDvN744hmWim-FBj2tjuM_1lWx7MlqQ/preview,https://drive.google.com/file/d/11jDvN744hmWim-FBj2tjuM_1lWx7MlqQ/view
15ER4_tNnFbGUN4ICuieENAlbH9X8RZFT,10.5354_2452-5014.2022.67730.pdf,304273,2026-04-11T19:06:17.177Z,https://drive.google.com/file/d/15ER4_tNnFbGUN4ICuieENAlbH9X8RZFT/view?usp=drivesdk,10.5354/2452-5014.2022.67730,https://drive.google.com/file/d/15ER4_tNnFbGUN4ICuieENAlbH9X8RZFT/preview,https://drive.google.com/file/d/15ER4_tNnFbGUN4ICuieENAlbH9X8RZFT/view
1kI_JA4gLsrMaZGNnaZZsET9shb5p5-hr,10.60100_bciv.v3i3.120.pdf,279633,2026-04-11T19:05:16.673Z,https://drive.google.com/file/d/1kI_JA4gLsrMaZGNnaZZsET9shb5p5-hr/view?usp=drivesdk,10.60100/bciv.v3i3.120,https://drive.google.com/file/d/1kI_JA4gLsrMaZGNnaZZsET9shb5p5-hr/preview,https://drive.google.com/file/d/1kI_JA4gLsrMaZGNnaZZsET9shb5p5-hr/view
1J1WTp1SSOMWTvC4ktcwjQ1i9kfsCsMd0,10.15443_tde655.pdf,159103,2026-04-11T19:05:13.761Z,https://drive.google.com/file/d/1J1WTp1SSOMWTvC4ktcwjQ1i9kfsCsMd0/view?usp=drivesdk,10.15443/tde655,https://drive.google.com/file/d/1J1WTp1SSOMWTvC4ktcwjQ1i9kfsCsMd0/preview,https://drive.google.com/file/d/1J1WTp1SSOMWTvC4ktcwjQ1i9kfsCsMd0/view
1xnpg-1wAmY4XtOKkf0kavD0OO_de6R5D,10.47554_revie.vol13.num1.2026.pp43-69.pdf,1306364,2026-04-11T19:05:10.491Z,https://drive.google.com/file/d/1xnpg-1wAmY4XtOKkf0kavD0OO_de6R5D/view?usp=drivesdk,10.47554/revie.vol13.num1.2026.pp43-69,https://drive.google.com/file/d/1xnpg-1wAmY4XtOKkf0kavD0OO_de6R5D/preview,https://drive.google.com/file/d/1xnpg-1wAmY4XtOKkf0kavD0OO_de6R5D/view
1i9CoRKvhdOr5Inyh6DLaWiOW7m23SF8D,10.56219_rgp.vi40.918.pdf,292063,2026-04-11T19:05:05.481Z,https://drive.google.com/file/d/1i9CoRKvhdOr5Inyh6DLaWiOW7m23SF8D/view?usp=drivesdk,10.56219/rgp.vi40.918,https://drive.google.com/file/d/1i9CoRKvhdOr5Inyh6DLaWiOW7m23SF8D/preview,https://drive.google.com/file/d/1i9CoRKvhdOr5Inyh6DLaWiOW7m23SF8D/view
1s5HlB2hbwawo5e8mpDCC0TCOK57wjJvF,10.69639_arandu.v11i2.400.pdf,362192,2026-04-11T19:04:59.905Z,https://drive.google.com/file/d/1s5HlB2hbwawo5e8mpDCC0TCOK57wjJvF/view?usp=drivesdk,10.69639/arandu.v11i2.400,https://drive.google.com/file/d/1s5HlB2hbwawo5e8mpDCC0TCOK57wjJvF/preview,https://drive.google.com/file/d/1s5HlB2hbwawo5e8mpDCC0TCOK57wjJvF/view
1UBI4pq2Yz3u31FtP8AsmPh0fC0mO2Mp-,10.65598_rps.5989.pdf,568760,2026-04-11T19:04:56.131Z,https://drive.google.com/file/d/1UBI4pq2Yz3u31FtP8AsmPh0fC0mO2Mp-/view?usp=drivesdk,10.65598/rps.5989,https://drive.google.com/file/d/1UBI4pq2Yz3u31FtP8AsmPh0fC0mO2Mp-/preview,https://drive.google.com/file/d/1UBI4pq2Yz3u31FtP8AsmPh0fC0mO2Mp-/view
18L7q-yW85XZOrnHM8or0TuAGxyN0Q19u,10.36557_2674-8169.2024v6n3p1225-1242.pdf,493522,2026-04-11T19:04:22.343Z,https://drive.google.com/file/d/18L7q-yW85XZOrnHM8or0TuAGxyN0Q19u/view?usp=drivesdk,10.36557/2674-8169.2024v6n3p1225-1242,https://drive.google.com/file/d/18L7q-yW85XZOrnHM8or0TuAGxyN0Q19u/preview,https://drive.google.com/file/d/18L7q-yW85XZOrnHM8or0TuAGxyN0Q19u/view
1J-KFhNjnHRUBSqtTWnXuP210gRpQv0kL,10.47865_igob.vol6.n22.2023.284.pdf,346476,2026-04-11T19:04:20.479Z,https://drive.google.com/file/d/1J-KFhNjnHRUBSqtTWnXuP210gRpQv0kL/view?usp=drivesdk,10.47865/igob.vol6.n22.2023.284,https://drive.google.com/file/d/1J-KFhNjnHRUBSqtTWnXuP210gRpQv0kL/preview,https://drive.google.com/file/d/1J-KFhNjnHRUBSqtTWnXuP210gRpQv0kL/view
1OHYmbMc_y2ZULA2STosEYS6jTxtGbqMm,10.29394_scientific.issn.2542-2987.2025.10.e1.3.69-91.pdf,392716,2026-04-11T19:04:16.582Z,https://drive.google.com/file/d/1OHYmbMc_y2ZULA2STosEYS6jTxtGbqMm/view?usp=drivesdk,10.29394/scientific.issn.2542-2987.2025.10.e1.3.69-91,https://drive.google.com/file/d/1OHYmbMc_y2ZULA2STosEYS6jTxtGbqMm/preview,https://drive.google.com/file/d/1OHYmbMc_y2ZULA2STosEYS6jTxtGbqMm/view
1wnQaIoq-nKdwq3CeFSMggPAnPZRVpz9D,10.22235_pe.v15i1.2139.pdf,244203,2026-04-11T19:04:11.425Z,https://drive.google.com/file/d/1wnQaIoq-nKdwq3CeFSMggPAnPZRVpz9D/view?usp=drivesdk,10.22235/pe.v15i1.2139,https://drive.google.com/file/d/1wnQaIoq-nKdwq3CeFSMggPAnPZRVpz9D/preview,https://drive.google.com/file/d/1wnQaIoq-nKdwq3CeFSMggPAnPZRVpz9D/view
1uGaUx62ewYfkcU11G1Ub1QHLIgw3wWQo,10.70577_nn0py871.pdf,448540,2026-04-11T19:04:08.340Z,https://drive.google.com/file/d/1uGaUx62ewYfkcU11G1Ub1QHLIgw3wWQo/view?usp=drivesdk,10.70577/nn0py871,https://drive.google.com/file/d/1uGaUx62ewYfkcU11G1Ub1QHLIgw3wWQo/preview,https://drive.google.com/file/d/1uGaUx62ewYfkcU11G1Ub1QHLIgw3wWQo/view
1jlktZuu1M_rKyJ7jg0nhuaZhtnjJ60vD,10.25127_rcsh.20236.930.pdf,3728737,2026-04-11T19:03:25.299Z,https://drive.google.com/file/d/1jlktZuu1M_rKyJ7jg0nhuaZhtnjJ60vD/view?usp=drivesdk,10.25127/rcsh.20236.930,https://drive.google.com/file/d/1jlktZuu1M_rKyJ7jg0nhuaZhtnjJ60vD/preview,https://drive.google.com/file/d/1jlktZuu1M_rKyJ7jg0nhuaZhtnjJ60vD/view
1FqR3oeHF4sAfjY6i--w4-BDWFLhv_ufv,10.59427_rcli_2023_v23cs.2963-2967.pdf,337563,2026-04-11T19:03:20.991Z,https://drive.google.com/file/d/1FqR3oeHF4sAfjY6i--w4-BDWFLhv_ufv/view?usp=drivesdk,10.59427/rcli_2023_v23cs.2963-2967,https://drive.google.com/file/d/1FqR3oeHF4sAfjY6i--w4-BDWFLhv_ufv/preview,https://drive.google.com/file/d/1FqR3oeHF4sAfjY6i--w4-BDWFLhv_ufv/view
1P5A6nou0-9byTl3vtlDkg5C9X1soS7N3,10.18050_revucv-scientia.v15n1a4.pdf,323783,2026-04-11T19:03:18.763Z,https://drive.google.com/file/d/1P5A6nou0-9byTl3vtlDkg5C9X1soS7N3/view?usp=drivesdk,10.18050/revucv-scientia.v15n1a4,https://drive.google.com/file/d/1P5A6nou0-9byTl3vtlDkg5C9X1soS7N3/preview,https://drive.google.com/file/d/1P5A6nou0-9byTl3vtlDkg5C9X1soS7N3/view
1NvDuN7eXXwSFS5D1fku6d_3aIyYOcfC1,10.69516_enjfpw30.pdf,270539,2026-04-11T19:03:11.020Z,https://drive.google.com/file/d/1NvDuN7eXXwSFS5D1fku6d_3aIyYOcfC1/view?usp=drivesdk,10.69516/enjfpw30,https://drive.google.com/file/d/1NvDuN7eXXwSFS5D1fku6d_3aIyYOcfC1/preview,https://drive.google.com/file/d/1NvDuN7eXXwSFS5D1fku6d_3aIyYOcfC1/view
1SQsPaXSe8WFzEWX8BoO2pKEIhs26e4ot,10.59654_tdcsh709.pdf,219189,2026-04-11T19:03:06.756Z,https://drive.google.com/file/d/1SQsPaXSe8WFzEWX8BoO2pKEIhs26e4ot/view?usp=drivesdk,10.59654/tdcsh709,https://drive.google.com/file/d/1SQsPaXSe8WFzEWX8BoO2pKEIhs26e4ot/preview,https://drive.google.com/file/d/1SQsPaXSe8WFzEWX8BoO2pKEIhs26e4ot/view
1nLiIOLhqbBKcTmmEmmgafBx9alnv-Fek,10.15448_1984-7289.2022.1.41864.pdf,555896,2026-04-11T19:02:32.583Z,https://drive.google.com/file/d/1nLiIOLhqbBKcTmmEmmgafBx9alnv-Fek/view?usp=drivesdk,10.15448/1984-7289.2022.1.41864,https://drive.google.com/file/d/1nLiIOLhqbBKcTmmEmmgafBx9alnv-Fek/preview,https://drive.google.com/file/d/1nLiIOLhqbBKcTmmEmmgafBx9alnv-Fek/view
1wpA6qUoOpt5MfVF5UeptnMPBjRwmq0uI,10.46652_religacionpress.192.c314.pdf,273574,2026-04-11T19:02:30.391Z,https://drive.google.com/file/d/1wpA6qUoOpt5MfVF5UeptnMPBjRwmq0uI/view?usp=drivesdk,10.46652/religacionpress.192.c314,https://drive.google.com/file/d/1wpA6qUoOpt5MfVF5UeptnMPBjRwmq0uI/preview,https://drive.google.com/file/d/1wpA6qUoOpt5MfVF5UeptnMPBjRwmq0uI/view
1jGETk_P0gvIoiS7EXu_G1tnKZWbqZ65T,10.59427_rcli_2024_v24cs.972-980.pdf,305593,2026-04-11T19:02:28.291Z,https://drive.google.com/file/d/1jGETk_P0gvIoiS7EXu_G1tnKZWbqZ65T/view?usp=drivesdk,10.59427/rcli_2024_v24cs.972-980,https://drive.google.com/file/d/1jGETk_P0gvIoiS7EXu_G1tnKZWbqZ65T/preview,https://drive.google.com/file/d/1jGETk_P0gvIoiS7EXu_G1tnKZWbqZ65T/view
1eybdtlo2QfLokvsqoh__RKiDDX0eXE8w,10.4067_s0718-50652021000100215.pdf,148702,2026-04-11T19:02:24.782Z,https://drive.google.com/file/d/1eybdtlo2QfLokvsqoh__RKiDDX0eXE8w/view?usp=drivesdk,10.4067/s0718-50652021000100215,https://drive.google.com/file/d/1eybdtlo2QfLokvsqoh__RKiDDX0eXE8w/preview,https://drive.google.com/file/d/1eybdtlo2QfLokvsqoh__RKiDDX0eXE8w/view
16Oy_Vp_6ydrjRCetM7U89gFqDWcsewyy,10.5281_zenodo.17905633.pdf,367531,2026-04-11T19:01:50.691Z,https://drive.google.com/file/d/16Oy_Vp_6ydrjRCetM7U89gFqDWcsewyy/view?usp=drivesdk,10.5281/zenodo.17905633,https://drive.google.com/file/d/16Oy_Vp_6ydrjRCetM7U89gFqDWcsewyy/preview,https://drive.google.com/file/d/16Oy_Vp_6ydrjRCetM7U89gFqDWcsewyy/view
1RcMewpL7iLKqLN07tSdg36WASM-6_vO-,10.46377_dilemas.v10i3.3667.pdf,218234,2026-04-11T19:01:47.648Z,https://drive.google.com/file/d/1RcMewpL7iLKqLN07tSdg36WASM-6_vO-/view?usp=drivesdk,10.46377/dilemas.v10i3.3667,https://drive.google.com/file/d/1RcMewpL7iLKqLN07tSdg36WASM-6_vO-/preview,https://drive.google.com/file/d/1RcMewpL7iLKqLN07tSdg36WASM-6_vO-/view
1GStiqWeJRmm3h73yCAnlfe_nXwsZPvQk,10.33881_2027-1786.rip.13105.pdf,1000313,2026-04-11T19:01:14.431Z,https://drive.google.com/file/d/1GStiqWeJRmm3h73yCAnlfe_nXwsZPvQk/view?usp=drivesdk,10.33881/2027-1786.rip.13105,https://drive.google.com/file/d/1GStiqWeJRmm3h73yCAnlfe_nXwsZPvQk/preview,https://drive.google.com/file/d/1GStiqWeJRmm3h73yCAnlfe_nXwsZPvQk/view
1--f_28rpSIhCh3Mh1QNrqlkUN-OaBzpc,10.56219_lneaimaginaria.v1i22.4184.pdf,451420,2026-04-11T19:01:10.037Z,https://drive.google.com/file/d/1--f_28rpSIhCh3Mh1QNrqlkUN-OaBzpc/view?usp=drivesdk,10.56219/lneaimaginaria.v1i22.4184,https://drive.google.com/file/d/1--f_28rpSIhCh3Mh1QNrqlkUN-OaBzpc/preview,https://drive.google.com/file/d/1--f_28rpSIhCh3Mh1QNrqlkUN-OaBzpc/view
1lik1kOoANKaofSHqU9vIUHpU9CStsu1_,10.26871_killkanasocial.v7i3.1406.pdf,574298,2026-04-11T19:01:03.431Z,https://drive.google.com/file/d/1lik1kOoANKaofSHqU9vIUHpU9CStsu1_/view?usp=drivesdk,10.26871/killkanasocial.v7i3.1406,https://drive.google.com/file/d/1lik1kOoANKaofSHqU9vIUHpU9CStsu1_/preview,https://drive.google.com/file/d/1lik1kOoANKaofSHqU9vIUHpU9CStsu1_/view
14ZzBtfj0i4u6_P5N3c9rI2zYS-4NZny-,10.59427_rcli_2023_v23cs.3204-3210.pdf,366605,2026-04-11T19:00:30.864Z,https://drive.google.com/file/d/14ZzBtfj0i4u6_P5N3c9rI2zYS-4NZny-/view?usp=drivesdk,10.59427/rcli_2023_v23cs.3204-3210,https://drive.google.com/file/d/14ZzBtfj0i4u6_P5N3c9rI2zYS-4NZny-/preview,https://drive.google.com/file/d/14ZzBtfj0i4u6_P5N3c9rI2zYS-4NZny-/view
13VANxaRTFFagAC_lbzSJYOEM-iij6Jjz,10.15443_tde1006.pdf,304596,2026-04-11T18:59:57.592Z,https://drive.google.com/file/d/13VANxaRTFFagAC_lbzSJYOEM-iij6Jjz/view?usp=drivesdk,10.15443/tde1006,https://drive.google.com/file/d/13VANxaRTFFagAC_lbzSJYOEM-iij6Jjz/preview,https://drive.google.com/file/d/13VANxaRTFFagAC_lbzSJYOEM-iij6Jjz/view
1K216UX91fFxiG5grUycMHK0sKHH9yVqE,10.15366_jospoe2020.11.005.pdf,266457,2026-04-11T18:59:54.324Z,https://drive.google.com/file/d/1K216UX91fFxiG5grUycMHK0sKHH9yVqE/view?usp=drivesdk,10.15366/jospoe2020.11.005,https://drive.google.com/file/d/1K216UX91fFxiG5grUycMHK0sKHH9yVqE/preview,https://drive.google.com/file/d/1K216UX91fFxiG5grUycMHK0sKHH9yVqE/view
1-E9P_53YgyVHBsI11aLTVcrj8CNk9BtI,10.24054_cie.v2i19.3248.pdf,294340,2026-04-11T18:59:21.399Z,https://drive.google.com/file/d/1-E9P_53YgyVHBsI11aLTVcrj8CNk9BtI/view?usp=drivesdk,10.24054/cie.v2i19.3248,https://drive.google.com/file/d/1-E9P_53YgyVHBsI11aLTVcrj8CNk9BtI/preview,https://drive.google.com/file/d/1-E9P_53YgyVHBsI11aLTVcrj8CNk9BtI/view
1XViSLCU4FdSnmEMbw1mR1C2D84B8PSAr,10.56712_latam.v6i1.3551.pdf,477234,2026-04-11T18:59:18.939Z,https://drive.google.com/file/d/1XViSLCU4FdSnmEMbw1mR1C2D84B8PSAr/view?usp=drivesdk,10.56712/latam.v6i1.3551,https://drive.google.com/file/d/1XViSLCU4FdSnmEMbw1mR1C2D84B8PSAr/preview,https://drive.google.com/file/d/1XViSLCU4FdSnmEMbw1mR1C2D84B8PSAr/view
13XTiA_hODKjSRpP9RntJssDi-2GExxHA,10.18764_2178-2229.v28n1p250-275.pdf,514501,2026-04-11T18:59:16.454Z,https://drive.google.com/file/d/13XTiA_hODKjSRpP9RntJssDi-2GExxHA/view?usp=drivesdk,10.18764/2178-2229.v28n1p250-275,https://drive.google.com/file/d/13XTiA_hODKjSRpP9RntJssDi-2GExxHA/preview,https://drive.google.com/file/d/13XTiA_hODKjSRpP9RntJssDi-2GExxHA/view
12Ld4S5UO7L-Cm3yrzUkB7dXmMkIGhwk9,10.4067_s0718-50062021000600193.pdf,263230,2026-04-11T18:58:40.440Z,https://drive.google.com/file/d/12Ld4S5UO7L-Cm3yrzUkB7dXmMkIGhwk9/view?usp=drivesdk,10.4067/s0718-50062021000600193,https://drive.google.com/file/d/12Ld4S5UO7L-Cm3yrzUkB7dXmMkIGhwk9/preview,https://drive.google.com/file/d/12Ld4S5UO7L-Cm3yrzUkB7dXmMkIGhwk9/view
17riY-64LxpbEJCSAszoy-MAHXol0GiL9,10.37843_rted.v16i2.402.pdf,516174,2026-04-11T18:58:35.967Z,https://drive.google.com/file/d/17riY-64LxpbEJCSAszoy-MAHXol0GiL9/view?usp=drivesdk,10.37843/rted.v16i2.402,https://drive.google.com/file/d/17riY-64LxpbEJCSAszoy-MAHXol0GiL9/preview,https://drive.google.com/file/d/17riY-64LxpbEJCSAszoy-MAHXol0GiL9/view
1B3ewQQ8aJNEgSEnEaLWS3bJafMb6OYuA,10.18041_1900-3803_entramado.1.7505.pdf,771961,2026-04-11T18:58:02.790Z,https://drive.google.com/file/d/1B3ewQQ8aJNEgSEnEaLWS3bJafMb6OYuA/view?usp=drivesdk,10.18041/1900-3803_entramado.1.7505,https://drive.google.com/file/d/1B3ewQQ8aJNEgSEnEaLWS3bJafMb6OYuA/preview,https://drive.google.com/file/d/1B3ewQQ8aJNEgSEnEaLWS3bJafMb6OYuA/view
1ZeJckysRYuiaQi5_ZwtNYI9HwxaUYNny,10.33262_concienciadigital.v6i1.3.2501.pdf,1812195,2026-04-11T18:57:59.800Z,https://drive.google.com/file/d/1ZeJckysRYuiaQi5_ZwtNYI9HwxaUYNny/view?usp=drivesdk,10.33262/concienciadigital.v6i1.3.2501,https://drive.google.com/file/d/1ZeJckysRYuiaQi5_ZwtNYI9HwxaUYNny/preview,https://drive.google.com/file/d/1ZeJckysRYuiaQi5_ZwtNYI9HwxaUYNny/view
1455UdDi7o18tIeD_uxrQkMkp76JXQRm-,10.18764_2358-4319.v13n1p163-182.pdf,465053,2026-04-11T18:57:56.199Z,https://drive.google.com/file/d/1455UdDi7o18tIeD_uxrQkMkp76JXQRm-/view?usp=drivesdk,10.18764/2358-4319.v13n1p163-182,https://drive.google.com/file/d/1455UdDi7o18tIeD_uxrQkMkp76JXQRm-/preview,https://drive.google.com/file/d/1455UdDi7o18tIeD_uxrQkMkp76JXQRm-/view
1OtVmB0juIClUlSHs5Hz9W2WSTyS9IrgZ,10.37843_rted.v8i2.134.pdf,706151,2026-04-11T18:57:53.235Z,https://drive.google.com/file/d/1OtVmB0juIClUlSHs5Hz9W2WSTyS9IrgZ/view?usp=drivesdk,10.37843/rted.v8i2.134,https://drive.google.com/file/d/1OtVmB0juIClUlSHs5Hz9W2WSTyS9IrgZ/preview,https://drive.google.com/file/d/1OtVmB0juIClUlSHs5Hz9W2WSTyS9IrgZ/view
1RMHwWkAPIIntOg4TA-WmPYs-_U4gGZL9,10.15366_riee2022.15.2.002.pdf,636326,2026-04-11T18:57:50.866Z,https://drive.google.com/file/d/1RMHwWkAPIIntOg4TA-WmPYs-_U4gGZL9/view?usp=drivesdk,10.15366/riee2022.15.2.002,https://drive.google.com/file/d/1RMHwWkAPIIntOg4TA-WmPYs-_U4gGZL9/preview,https://drive.google.com/file/d/1RMHwWkAPIIntOg4TA-WmPYs-_U4gGZL9/view
1W19SFELZB4ioQY0lz1VR9dmqAvXgzU4i,10.5209_rced.70275.pdf,480171,2026-04-11T18:57:48.274Z,https://drive.google.com/file/d/1W19SFELZB4ioQY0lz1VR9dmqAvXgzU4i/view?usp=drivesdk,10.5209/rced.70275,https://drive.google.com/file/d/1W19SFELZB4ioQY0lz1VR9dmqAvXgzU4i/preview,https://drive.google.com/file/d/1W19SFELZB4ioQY0lz1VR9dmqAvXgzU4i/view
19bvVDbYO0r1TG2FMrBVz27doxFyIrGur,10.29035_ucmaule.63.56.pdf,374458,2026-04-11T18:57:45.379Z,https://drive.google.com/file/d/19bvVDbYO0r1TG2FMrBVz27doxFyIrGur/view?usp=drivesdk,10.29035/ucmaule.63.56,https://drive.google.com/file/d/19bvVDbYO0r1TG2FMrBVz27doxFyIrGur/preview,https://drive.google.com/file/d/19bvVDbYO0r1TG2FMrBVz27doxFyIrGur/view
105kPhtrtinMQWcX05norEUdJT-19Gt0p,10.35811_rea.v12i1.201.pdf,1500710,2026-04-11T18:56:07.109Z,https://drive.google.com/file/d/105kPhtrtinMQWcX05norEUdJT-19Gt0p/view?usp=drivesdk,10.35811/rea.v12i1.201,https://drive.google.com/file/d/105kPhtrtinMQWcX05norEUdJT-19Gt0p/preview,https://drive.google.com/file/d/105kPhtrtinMQWcX05norEUdJT-19Gt0p/view
1CQnbswM8__GlR74QL0JFdAYXUIiFr8R0,10.31391_s2007-7033(2021)0057-011.pdf,635124,2026-04-11T18:55:00.047Z,https://drive.google.com/file/d/1CQnbswM8__GlR74QL0JFdAYXUIiFr8R0/view?usp=drivesdk,10.31391/s2007-7033(2021)0057-011,https://drive.google.com/file/d/1CQnbswM8__GlR74QL0JFdAYXUIiFr8R0/preview,https://drive.google.com/file/d/1CQnbswM8__GlR74QL0JFdAYXUIiFr8R0/view
1BkTJZ-8POJBuB82iQKY-7Y5-EKI7DQOB,10.21573_vol36n12020.95673.pdf,488216,2026-04-11T18:54:57.223Z,https://drive.google.com/file/d/1BkTJZ-8POJBuB82iQKY-7Y5-EKI7DQOB/view?usp=drivesdk,10.21573/vol36n12020.95673,https://drive.google.com/file/d/1BkTJZ-8POJBuB82iQKY-7Y5-EKI7DQOB/preview,https://drive.google.com/file/d/1BkTJZ-8POJBuB82iQKY-7Y5-EKI7DQOB/view
1pMomAi02oeHe13jPUSjdPQk2rN1Powuh,10.29394_scientific.issn.2542-2987.2024.9.e4.8.157-176.pdf,460751,2026-04-11T18:54:53.450Z,https://drive.google.com/file/d/1pMomAi02oeHe13jPUSjdPQk2rN1Powuh/view?usp=drivesdk,10.29394/scientific.issn.2542-2987.2024.9.e4.8.157-176,https://drive.google.com/file/d/1pMomAi02oeHe13jPUSjdPQk2rN1Powuh/preview,https://drive.google.com/file/d/1pMomAi02oeHe13jPUSjdPQk2rN1Powuh/view
1rpYhFcabB5CMylCpYHO7q-TeVoBWulg7,10.34096_iice.n47.9641.pdf,1299921,2026-04-11T18:54:51.438Z,https://drive.google.com/file/d/1rpYhFcabB5CMylCpYHO7q-TeVoBWulg7/view?usp=drivesdk,10.34096/iice.n47.9641,https://drive.google.com/file/d/1rpYhFcabB5CMylCpYHO7q-TeVoBWulg7/preview,https://drive.google.com/file/d/1rpYhFcabB5CMylCpYHO7q-TeVoBWulg7/view
1kujWTS2yDSmFA80QoSdH7aEuhYwwm-Tq,10.15366_riejs2021.10.1.014.pdf,1318584,2026-04-11T18:54:16.508Z,https://drive.google.com/file/d/1kujWTS2yDSmFA80QoSdH7aEuhYwwm-Tq/view?usp=drivesdk,10.15366/riejs2021.10.1.014,https://drive.google.com/file/d/1kujWTS2yDSmFA80QoSdH7aEuhYwwm-Tq/preview,https://drive.google.com/file/d/1kujWTS2yDSmFA80QoSdH7aEuhYwwm-Tq/view
1yS5UoshO3rIlEayoI8GkYq5IKfCx8RjL,10.15517_rge.v11i1.62048.pdf,625038,2026-04-11T18:53:34.735Z,https://drive.google.com/file/d/1yS5UoshO3rIlEayoI8GkYq5IKfCx8RjL/view?usp=drivesdk,10.15517/rge.v11i1.62048,https://drive.google.com/file/d/1yS5UoshO3rIlEayoI8GkYq5IKfCx8RjL/preview,https://drive.google.com/file/d/1yS5UoshO3rIlEayoI8GkYq5IKfCx8RjL/view
18V1haKVO8gasW7ysYM1eO0U5E0_tqsrE,10.56712_latam.v4i6.1550.pdf,398505,2026-04-11T18:53:30.762Z,https://drive.google.com/file/d/18V1haKVO8gasW7ysYM1eO0U5E0_tqsrE/view?usp=drivesdk,10.56712/latam.v4i6.1550,https://drive.google.com/file/d/18V1haKVO8gasW7ysYM1eO0U5E0_tqsrE/preview,https://drive.google.com/file/d/18V1haKVO8gasW7ysYM1eO0U5E0_tqsrE/view
1ML5sA_0QISsS6Fq63Kt5CWRXFLuYfqHx,10.59427_rcli_2023_v23cs.2715-2722.pdf,351463,2026-04-11T18:53:28.297Z,https://drive.google.com/file/d/1ML5sA_0QISsS6Fq63Kt5CWRXFLuYfqHx/view?usp=drivesdk,10.59427/rcli_2023_v23cs.2715-2722,https://drive.google.com/file/d/1ML5sA_0QISsS6Fq63Kt5CWRXFLuYfqHx/preview,https://drive.google.com/file/d/1ML5sA_0QISsS6Fq63Kt5CWRXFLuYfqHx/view
1OqXtdXZG2kkaCjwzswboSsnbTj7i3U44,10.26885_rcei.13.2.25.pdf,312802,2026-04-11T18:52:54.109Z,https://drive.google.com/file/d/1OqXtdXZG2kkaCjwzswboSsnbTj7i3U44/view?usp=drivesdk,10.26885/rcei.13.2.25,https://drive.google.com/file/d/1OqXtdXZG2kkaCjwzswboSsnbTj7i3U44/preview,https://drive.google.com/file/d/1OqXtdXZG2kkaCjwzswboSsnbTj7i3U44/view
1GwfSyW6-mrOrHebJcZgo3msxrQlTgWbh,10.47865_igob.vol5.n17.2022.183.pdf,218856,2026-04-11T18:52:50.294Z,https://drive.google.com/file/d/1GwfSyW6-mrOrHebJcZgo3msxrQlTgWbh/view?usp=drivesdk,10.47865/igob.vol5.n17.2022.183,https://drive.google.com/file/d/1GwfSyW6-mrOrHebJcZgo3msxrQlTgWbh/preview,https://drive.google.com/file/d/1GwfSyW6-mrOrHebJcZgo3msxrQlTgWbh/view
1-bfKZoPcOn1R6M-dL53O9Gsvgcq_RDEe,10.37811_cl_rcm.v8i3.11175.pdf,678643,2026-04-11T18:52:47.582Z,https://drive.google.com/file/d/1-bfKZoPcOn1R6M-dL53O9Gsvgcq_RDEe/view?usp=drivesdk,10.37811/cl_rcm.v8i3.11175,https://drive.google.com/file/d/1-bfKZoPcOn1R6M-dL53O9Gsvgcq_RDEe/preview,https://drive.google.com/file/d/1-bfKZoPcOn1R6M-dL53O9Gsvgcq_RDEe/view
155ooO6b6QzN926YjXtDbOeXBhQ4aQVOf,10.56712_latam.v4i6.1549.pdf,361688,2026-04-11T18:52:44.269Z,https://drive.google.com/file/d/155ooO6b6QzN926YjXtDbOeXBhQ4aQVOf/view?usp=drivesdk,10.56712/latam.v4i6.1549,https://drive.google.com/file/d/155ooO6b6QzN926YjXtDbOeXBhQ4aQVOf/preview,https://drive.google.com/file/d/155ooO6b6QzN926YjXtDbOeXBhQ4aQVOf/view
1eI_4yrH1VvnlZcXHERcVbNGN8XfLZoyJ,10.30972_riie.13176140.pdf,1086378,2026-04-11T18:52:41.529Z,https://drive.google.com/file/d/1eI_4yrH1VvnlZcXHERcVbNGN8XfLZoyJ/view?usp=drivesdk,10.30972/riie.13176140,https://drive.google.com/file/d/1eI_4yrH1VvnlZcXHERcVbNGN8XfLZoyJ/preview,https://drive.google.com/file/d/1eI_4yrH1VvnlZcXHERcVbNGN8XfLZoyJ/view
1mvsHXagqSJzWffUJzyOTeIXMxxa0AG4Z,10.47865_igob.vol5.n20.2022.223.pdf,402583,2026-04-11T18:52:03.104Z,https://drive.google.com/file/d/1mvsHXagqSJzWffUJzyOTeIXMxxa0AG4Z/view?usp=drivesdk,10.47865/igob.vol5.n20.2022.223,https://drive.google.com/file/d/1mvsHXagqSJzWffUJzyOTeIXMxxa0AG4Z/preview,https://drive.google.com/file/d/1mvsHXagqSJzWffUJzyOTeIXMxxa0AG4Z/view
18_0bDmdNYxK6AzZu5PLWZW2QvCTUYPyL,10.48169_ecuatesis_0101202005.pdf,251744,2026-04-11T18:52:00.429Z,https://drive.google.com/file/d/18_0bDmdNYxK6AzZu5PLWZW2QvCTUYPyL/view?usp=drivesdk,10.48169/ecuatesis_0101202005,https://drive.google.com/file/d/18_0bDmdNYxK6AzZu5PLWZW2QvCTUYPyL/preview,https://drive.google.com/file/d/18_0bDmdNYxK6AzZu5PLWZW2QvCTUYPyL/view
1dtVVLdbGLkqQ0Rp6Q6xW3lqTQj6OWXLx,10.35622_inudi.b.005.pdf,1728329,2026-04-11T18:51:57.114Z,https://drive.google.com/file/d/1dtVVLdbGLkqQ0Rp6Q6xW3lqTQj6OWXLx/view?usp=drivesdk,10.35622/inudi.b.005,https://drive.google.com/file/d/1dtVVLdbGLkqQ0Rp6Q6xW3lqTQj6OWXLx/preview,https://drive.google.com/file/d/1dtVVLdbGLkqQ0Rp6Q6xW3lqTQj6OWXLx/view
1lFBLo0vPrUzy5YqUzey324J3F2xfPtnH,10.35305_revista.vi43.206.pdf,620946,2026-04-11T18:51:54.041Z,https://drive.google.com/file/d/1lFBLo0vPrUzy5YqUzey324J3F2xfPtnH/view?usp=drivesdk,10.35305/revista.vi43.206,https://drive.google.com/file/d/1lFBLo0vPrUzy5YqUzey324J3F2xfPtnH/preview,https://drive.google.com/file/d/1lFBLo0vPrUzy5YqUzey324J3F2xfPtnH/view
1fHBj-i7hcno1rQlppZ8hT66h7aRzHc_3,10.47865_igob.vol6.n23.2023.296.pdf,454492,2026-04-11T18:50:48.289Z,https://drive.google.com/file/d/1fHBj-i7hcno1rQlppZ8hT66h7aRzHc_3/view?usp=drivesdk,10.47865/igob.vol6.n23.2023.296,https://drive.google.com/file/d/1fHBj-i7hcno1rQlppZ8hT66h7aRzHc_3/preview,https://drive.google.com/file/d/1fHBj-i7hcno1rQlppZ8hT66h7aRzHc_3/view
1S4fBWDMJgdV4MQVYAtIdD8E3GsgXA3pX,10.47865_igob.vol6.n22.2023.264.pdf,517470,2026-04-11T18:50:44.441Z,https://drive.google.com/file/d/1S4fBWDMJgdV4MQVYAtIdD8E3GsgXA3pX/view?usp=drivesdk,10.47865/igob.vol6.n22.2023.264,https://drive.google.com/file/d/1S4fBWDMJgdV4MQVYAtIdD8E3GsgXA3pX/preview,https://drive.google.com/file/d/1S4fBWDMJgdV4MQVYAtIdD8E3GsgXA3pX/view
1Ij-z1fI2nUoFNyrLv-ftjVmTaak9lBwu,10.47606_acven_ph0208.pdf,417848,2026-04-11T18:50:31.399Z,https://drive.google.com/file/d/1Ij-z1fI2nUoFNyrLv-ftjVmTaak9lBwu/view?usp=drivesdk,10.47606/acven_ph0208,https://drive.google.com/file/d/1Ij-z1fI2nUoFNyrLv-ftjVmTaak9lBwu/preview,https://drive.google.com/file/d/1Ij-z1fI2nUoFNyrLv-ftjVmTaak9lBwu/view
1T3sIk1mQA4GEZIJpb-FMokCJapfxp1WE,10.47865_igob.vol7.n26.2024.344.pdf,410616,2026-04-11T18:50:27.367Z,https://drive.google.com/file/d/1T3sIk1mQA4GEZIJpb-FMokCJapfxp1WE/view?usp=drivesdk,10.47865/igob.vol7.n26.2024.344,https://drive.google.com/file/d/1T3sIk1mQA4GEZIJpb-FMokCJapfxp1WE/preview,https://drive.google.com/file/d/1T3sIk1mQA4GEZIJpb-FMokCJapfxp1WE/view
1rNi32dnx9S-OvlIEkRN_pIOlEVwS20T4,10.56124_jbs.v3i2.0007.pdf,877514,2026-04-11T18:50:24.664Z,https://drive.google.com/file/d/1rNi32dnx9S-OvlIEkRN_pIOlEVwS20T4/view?usp=drivesdk,10.56124/jbs.v3i2.0007,https://drive.google.com/file/d/1rNi32dnx9S-OvlIEkRN_pIOlEVwS20T4/preview,https://drive.google.com/file/d/1rNi32dnx9S-OvlIEkRN_pIOlEVwS20T4/view
1JxLo7kv_FgGjSDAssxfPLbBDBPLGS34o,10.26885_rcei.11.1.9.pdf,747557,2026-04-11T18:50:21.113Z,https://drive.google.com/file/d/1JxLo7kv_FgGjSDAssxfPLbBDBPLGS34o/view?usp=drivesdk,10.26885/rcei.11.1.9,https://drive.google.com/file/d/1JxLo7kv_FgGjSDAssxfPLbBDBPLGS34o/preview,https://drive.google.com/file/d/1JxLo7kv_FgGjSDAssxfPLbBDBPLGS34o/view
1PdT25RBwlziCVOIMHxq8Cc7IIhJbh-ah,10.59427_rcli_2023_v23cs.3940-3948.pdf,338811,2026-04-11T18:49:38.741Z,https://drive.google.com/file/d/1PdT25RBwlziCVOIMHxq8Cc7IIhJbh-ah/view?usp=drivesdk,10.59427/rcli_2023_v23cs.3940-3948,https://drive.google.com/file/d/1PdT25RBwlziCVOIMHxq8Cc7IIhJbh-ah/preview,https://drive.google.com/file/d/1PdT25RBwlziCVOIMHxq8Cc7IIhJbh-ah/view
1wiWeJBFAo2UCtj-ddKgLB5UsrJzSYPZ_,10.59427_rcli_2024_v24cs.1167-1172.pdf,306855,2026-04-11T18:49:36.643Z,https://drive.google.com/file/d/1wiWeJBFAo2UCtj-ddKgLB5UsrJzSYPZ_/view?usp=drivesdk,10.59427/rcli_2024_v24cs.1167-1172,https://drive.google.com/file/d/1wiWeJBFAo2UCtj-ddKgLB5UsrJzSYPZ_/preview,https://drive.google.com/file/d/1wiWeJBFAo2UCtj-ddKgLB5UsrJzSYPZ_/view
11c-OD1gzPIQuKX-BS2Krz5j8mYtucgdG,10.52080_rvgluz.29.e12.40.pdf,1954502,2026-04-11T18:49:03.863Z,https://drive.google.com/file/d/11c-OD1gzPIQuKX-BS2Krz5j8mYtucgdG/view?usp=drivesdk,10.52080/rvgluz.29.e12.40,https://drive.google.com/file/d/11c-OD1gzPIQuKX-BS2Krz5j8mYtucgdG/preview,https://drive.google.com/file/d/11c-OD1gzPIQuKX-BS2Krz5j8mYtucgdG/view
1vFssJ52FoBbiGIt22hXRk4ltcSOmwYxV,10.35756_educaumch.202322.274.pdf,221585,2026-04-11T18:49:01.141Z,https://drive.google.com/file/d/1vFssJ52FoBbiGIt22hXRk4ltcSOmwYxV/view?usp=drivesdk,10.35756/educaumch.202322.274,https://drive.google.com/file/d/1vFssJ52FoBbiGIt22hXRk4ltcSOmwYxV/preview,https://drive.google.com/file/d/1vFssJ52FoBbiGIt22hXRk4ltcSOmwYxV/view
1cHdc6VpCR6PIBFbAA7nIyvzGOA1GXtmY,10.31876_rcs.v28i.38152.pdf,492351,2026-04-11T18:48:58.080Z,https://drive.google.com/file/d/1cHdc6VpCR6PIBFbAA7nIyvzGOA1GXtmY/view?usp=drivesdk,10.31876/rcs.v28i.38152,https://drive.google.com/file/d/1cHdc6VpCR6PIBFbAA7nIyvzGOA1GXtmY/preview,https://drive.google.com/file/d/1cHdc6VpCR6PIBFbAA7nIyvzGOA1GXtmY/view
17MC9RrPAmPOIQuFjLYlPqPXitdzcpekL,10.55560_arete.2023.18.9.7.pdf,759087,2026-04-11T18:48:56.115Z,https://drive.google.com/file/d/17MC9RrPAmPOIQuFjLYlPqPXitdzcpekL/view?usp=drivesdk,10.55560/arete.2023.18.9.7,https://drive.google.com/file/d/17MC9RrPAmPOIQuFjLYlPqPXitdzcpekL/preview,https://drive.google.com/file/d/17MC9RrPAmPOIQuFjLYlPqPXitdzcpekL/view
1CBljBPcjsXR03GXvsF49kKg4nQCVZsLz,10.18050_eduser.v10n2a2.pdf,163224,2026-04-11T18:47:13.649Z,https://drive.google.com/file/d/1CBljBPcjsXR03GXvsF49kKg4nQCVZsLz/view?usp=drivesdk,10.18050/eduser.v10n2a2,https://drive.google.com/file/d/1CBljBPcjsXR03GXvsF49kKg4nQCVZsLz/preview,https://drive.google.com/file/d/1CBljBPcjsXR03GXvsF49kKg4nQCVZsLz/view
1CgUxv4UG5ICwqgWZh6k0PwEiQHCKE0De,10.46498_reduipb.v26i2.1643.pdf,1133669,2026-04-11T18:46:06.560Z,https://drive.google.com/file/d/1CgUxv4UG5ICwqgWZh6k0PwEiQHCKE0De/view?usp=drivesdk,10.46498/reduipb.v26i2.1643,https://drive.google.com/file/d/1CgUxv4UG5ICwqgWZh6k0PwEiQHCKE0De/preview,https://drive.google.com/file/d/1CgUxv4UG5ICwqgWZh6k0PwEiQHCKE0De/view
1oPwmVlkJHv0pqlJZgosb9A6cs489nV--,10.47606_acven_ph0224.pdf,313964,2026-04-11T18:46:04.166Z,https://drive.google.com/file/d/1oPwmVlkJHv0pqlJZgosb9A6cs489nV--/view?usp=drivesdk,10.47606/acven_ph0224,https://drive.google.com/file/d/1oPwmVlkJHv0pqlJZgosb9A6cs489nV--/preview,https://drive.google.com/file/d/1oPwmVlkJHv0pqlJZgosb9A6cs489nV--/view
1s20o1x8UzNt7fJ8rZkowpCAlg_uc66Tm,10.37843_rted.v16i2.389.pdf,505889,2026-04-11T18:43:59.733Z,https://drive.google.com/file/d/1s20o1x8UzNt7fJ8rZkowpCAlg_uc66Tm/view?usp=drivesdk,10.37843/rted.v16i2.389,https://drive.google.com/file/d/1s20o1x8UzNt7fJ8rZkowpCAlg_uc66Tm/preview,https://drive.google.com/file/d/1s20o1x8UzNt7fJ8rZkowpCAlg_uc66Tm/view
1cuhw1GgvOjV3EVo0eLEcixD2ZxEQoq7G,10.52080_rvgluz.27.97.5.pdf,893828,2026-04-11T18:43:27.290Z,https://drive.google.com/file/d/1cuhw1GgvOjV3EVo0eLEcixD2ZxEQoq7G/view?usp=drivesdk,10.52080/rvgluz.27.97.5,https://drive.google.com/file/d/1cuhw1GgvOjV3EVo0eLEcixD2ZxEQoq7G/preview,https://drive.google.com/file/d/1cuhw1GgvOjV3EVo0eLEcixD2ZxEQoq7G/view
1frxtl-7sOBSTg5xml-8BhF4Z1I52FlgZ,10.26490_uncp.alboradaciencia.2021.1.975.pdf,2861485,2026-04-11T18:42:23.192Z,https://drive.google.com/file/d/1frxtl-7sOBSTg5xml-8BhF4Z1I52FlgZ/view?usp=drivesdk,10.26490/uncp.alboradaciencia.2021.1.975,https://drive.google.com/file/d/1frxtl-7sOBSTg5xml-8BhF4Z1I52FlgZ/preview,https://drive.google.com/file/d/1frxtl-7sOBSTg5xml-8BhF4Z1I52FlgZ/view
121Mp3GhdXVO5kEbs1JjBMqW6balNd8Hr,10.15517_revedu.v45i1.40537.pdf,435283,2026-04-11T18:42:20.615Z,https://drive.google.com/file/d/121Mp3GhdXVO5kEbs1JjBMqW6balNd8Hr/view?usp=drivesdk,10.15517/revedu.v45i1.40537,https://drive.google.com/file/d/121Mp3GhdXVO5kEbs1JjBMqW6balNd8Hr/preview,https://drive.google.com/file/d/121Mp3GhdXVO5kEbs1JjBMqW6balNd8Hr/view
1GZ-MkChd6iNFuPtMEKSpzccrDd-kIwZX,10.46498_reduipb.v25i1.1462.pdf,581290,2026-04-11T18:41:15.866Z,https://drive.google.com/file/d/1GZ-MkChd6iNFuPtMEKSpzccrDd-kIwZX/view?usp=drivesdk,10.46498/reduipb.v25i1.1462,https://drive.google.com/file/d/1GZ-MkChd6iNFuPtMEKSpzccrDd-kIwZX/preview,https://drive.google.com/file/d/1GZ-MkChd6iNFuPtMEKSpzccrDd-kIwZX/view
