record_id,first_seen_date,search_term,source,origin,document_type,authors,title,abstract,keywords,publication_year,publication_date,doi,url,openalex_id,is_oa,pdf_url,relevance_status,relevance_score,relevance_reason,relevance_evidence,second_review_status,second_review_reason,second_review_evidence
10.37811/cl_rcm.v4i2.196,2026-05-19,gestión educativa,OpenAlex,Ciencia Latina Revista Científica Multidisciplinar | Hacedor - AIAPÆC,article,Mirian Sánchez Armas; José Manuel Delgado Bardales,Gestión Educativa en el desarrollo del aprendizaje en las Instituciones Educativas,"El trabajo se realizó con el objetivo de conocer las características de la gestión educativa en el desarrollo del aprendizaje de las instituciones educativas. La investigación es descriptiva, con enfoque cualitativo. La muestra estuvo conformada por revisión sistemática de artículos nacionales e internacionales referidas a la variable gestión educativa que luego fueron analizadas; el instrumento fue la guía de análisis de cada artículo utilizado. Como resultados se obtuvo que el 60% de investigaciones, se relacionan con los modelos de gestión educativa para mejorar el aprendizaje afirma que la gestión educativa es una herramienta positiva e influyente en las instituciones educativas, que ayuda a alcanzar mejores resultados con menos tiempo y pocos recursos, resultando buenos servicios brindados a los estudiantes. A su vez, el 40 % de los estudios afirma que la buena práctica docente es la clave para el éxito de la educación, por ser ellos uno de los factores clave para el triunfo de los educandos. Con ello se concluye que la gestión educativa es un conjunto de procesos organizados que engloba la parte de gestión y educación. La primera, tiene que ver con planificación, organización y evaluación de procesos; la segunda, tiene que ver con los resultados de los servicios enfocados en la enseñanza aprendizaje. En ambos predomina el liderazgo y la cultura colaborativa para brindar servicios de calidad a los estudiantes. Así mismo la gestión educativa, es muy importante para mejorar el aprendizaje en los estudiantes donde la práctica docente es clave en la educación de los estudiantes, siendo fundamental en la forma de llegar a los estudiantes, y tener resultados favorables en las pruebas de logros de aprendizaje en matemáticas y comprensión lectora.",Humanities; Political science; Philosophy,2020,2020-12-01,10.37811/cl_rcm.v4i2.196,https://doi.org/10.37811/cl_rcm.v4i2.196,https://openalex.org/W4236612321,True,https://doi.org/10.37811/cl_rcm.v4i2.196,revisar,6,coincidencia amplia con gestión/liderazgo educativo,"frase media en título: gestion educativa, gestión educativa | frase media en resumen/palabras clave: gestion educativa, gestión educativa | gestión/liderazgo + educación genérica",duda,caso ambiguo para revisión manual,segunda revisión: requiere lectura humana
10.46377/dilemas.v8i3.2626,2026-05-19,gestión educativa,OpenAlex,Dilemas contemporáneos Educación Política y Valores,article,María del Milagro Porras Cavero; Juan Carlos Cabrejos Ramos; Guillermo Vargas Quispe; Salomón Berrocal Villegas,"Gestión educativa y satisfacción laboral docente en la Institución Educativa República de Chile, Lima.","El objetivo de la investigación fue analizar como la gestión educativa se relaciona con la satisfacción laboral percibida en el personal docente de la institución educativa República de Chile de la ciudad de Lima. La metodología fue de tipo cuantitativo de alcance descriptivo correlacional, la muestra de estudio a 90 docentes de la institución. Se utilizó como instrumentos de recolección de datos cuestionarios tipo encuesta que fueron validadas por medio de jurados expertos determinando la confiabilidad con criterios estadísticos. Los resultados de los análisis vertidos de manera descriptiva, correlacional y prueba de hipótesis han corroborado la relación que existe entre la gestión educativa y la satisfacción laboral, en un contexto de la formación docente.",Humanities; Psychology; Political science; Sociology; Philosophy,2021,2021-05-01,10.46377/dilemas.v8i3.2626,https://doi.org/10.46377/dilemas.v8i3.2626,https://openalex.org/W3178244079,True,https://www.dilemascontemporaneoseducacionpoliticayvalores.com/index.php/dilemas/article/download/2626/2661,revisar,6,coincidencia amplia con gestión/liderazgo educativo,"frase media en título: gestion educativa, gestión educativa | frase media en resumen/palabras clave: gestion educativa, gestión educativa | gestión/liderazgo + educación genérica",duda,caso ambiguo para revisión manual,segunda revisión: requiere lectura humana
10.37594/dialogus.v1i10.678,2026-05-19,gestión educativa,OpenAlex,Revista Dialogus,article,Neidy Bibiana Alvarez Giraldo; Jonatan Julián Cardozo Cruz; Sandra Milena Mejía Guarín,Posturas del paradigma socio-crítico como aportes a la educación y gestión educativa en Colombia,"Este ensayo de investigación se presenta como aporte de los autores en el marco de la filosofía de la ciencia, con el propósito de reflexionar sobre el llamado de múltiples comunidades educativas colombianas a una genuina y determinante revolución científica en educación. Los autores describen los enfoques y tendencias de investigación, filosofía y ciencia, de grandes representantes que realizaron aportes teóricos significativos mediante el paradigma socio-crítico en general y luego en Latinoamérica. Seguidamente, se caracterizan aportes específicos a la educación y gestión educativa, finalizando con las posturas de un proponente influyente en Colombia. El paradigma socio-crítico pretende desde la teoría crítica, la liberación en cuanto al pensamiento y emancipación de los actores educativos en los contextos que estos vivencian, a través de la razón comunicativa y argumentación de las posturas que conlleven a la transformación social de su entorno mediante el intercambio de intersubjetividades que redunden en la reestructuración del sistema educativo. Desde las posturas del paradigma socio-crítico expuestas, los autores concluyen el artículo, con el capítulo que presenta dichos aportes frente a la guía 34 (Guía para el mejoramiento institucional de la autoevaluación al plan de mejoramiento, establecida por el Ministerio de Educación colombiano) como insumo para concretar procesos de mejoramiento continuo, ajustados a la realidad institucional de la gestión educativa en Colombia.",Humanities; Political science; Geography; Philosophy,2023,2023-01-09,10.37594/dialogus.v1i10.678,https://doi.org/10.37594/dialogus.v1i10.678,https://openalex.org/W4391240133,True,https://revistas.umecit.edu.pa/index.php/dialogus/article/download/678/1623,revisar,6,coincidencia amplia con gestión/liderazgo educativo,"frase media en título: gestion educativa, gestión educativa | frase media en resumen/palabras clave: gestion educativa, gestión educativa | gestión/liderazgo + educación genérica",duda,caso ambiguo para revisión manual,segunda revisión: requiere lectura humana
10.5212/praxeduc.v.19.22834.038,2026-05-19,gestión educativa,OpenAlex,Praxis Educativa,article,Rolando Alfredo Quispe Morales; Pedro Huauya Quispe; Abelardo De La Cruz De La Cruz,"Gestión educativa y satisfacción laboral docente en instituciones educativas de la región Ayacucho, Perú","La investigación sobre la gestión educativa y satisfacción laboral docente, cobra relevancia en la actualidad, debido a que son factores determinantes en la calidad educativa que se imparte a los estudiantes. El objetivo de la investigación fue establecer la relación que existe entre la gestión educativa y satisfacción laboral docente en la región Ayacucho, Perú. La investigación se concretó en una muestra de 374 maestros, obtenidos de acuerdo con la técnica muestral probabilística estratificada. El instrumento utilizado para el recojo de datos fue el cuestionario sobre gestión educativa y satisfacción laboral docente. Asimismo, se concretó desde el diseño no experimental, transversal correlacional. Para el procesamiento de los datos se utilizó el estadígrafo Rho de Spearman, con un nivel de significancia de 0,05. Los resultados hallados a nivel descriptivo muestran que el 65,8% de maestros perciben como buena la gestión educativa, por otro lado, el 70,1% de los docentes se muestran satisfechos con su labor docente. La prueba de hipótesis obtenida permite concluir a nivel inferencial que existe relación significativa entre la gestión educativa y la satisfacción laboral docente en instituciones educativas de la región de Ayacucho, Perú (rs=0,677, p=0,000&lt;0,05).",Sociology; Humanities; Political science; Psychology; Philosophy,2024,2024-01-01,10.5212/praxeduc.v.19.22834.038,https://doi.org/10.5212/praxeduc.v.19.22834.038,https://openalex.org/W4398151710,True,https://revistas.uepg.br/index.php/praxiseducativa/article/download/22834/209209218601,revisar,6,coincidencia amplia con gestión/liderazgo educativo,"frase media en título: gestion educativa, gestión educativa | frase media en resumen/palabras clave: gestion educativa, gestión educativa | gestión/liderazgo + educación genérica",duda,caso ambiguo para revisión manual,segunda revisión: requiere lectura humana
10.33386/593dp.2021.2-1.533,2026-05-19,gestión educativa,OpenAlex,593 Digital Publisher CEIT,article,Denisse Peñafiel-Villagómez; Guadalupe García-Montero,La efectividad de la comunicación asertiva en la gestión Educativa del Colegio de Bachillerato Técnico “Simón Bolívar”,"El artículo científico titulado la efectividad de la comunicación asertiva en la gestión educativa del Colegio de Bachillerato Técnico “Simón Bolívar”, tiene como objetivo general crear estrategias de comunicación asertiva para una gestión efectiva dentro de la gestión educativa en la institución citada, y como específicos establecer su importancia, caracterizar las técnicas; al mismo tiempo, definir los principios, relacionar las habilidades en este estilo de comunicación y validar los indicadores de logro para alcanzar la efectividad de la misma. Las bases teóricas se sustentan en los autores: Lesme et al (2020); Solórzano (2018); Isea et al (2017); Ugalde (2016); Castro et al (2015); entre otros, quienes fundamentaron la comunicación asertiva y gestión educativa. El tipo de investigación es cualitativa, está basada en los métodos científicos: histórico – lógico, sistematización teórica, análisis y síntesis. Como métodos empíricos: la observación científica, la entrevista, el registro anecdótico y criterio de expertos. De acuerdo a los resultados se puede afirmar según los autores que, al manejar la comunicación de manera asertiva, indistintamente de su forma, esta puede ser aprovechada positivamente y utilizada para mejorar el ámbito laboral educativo e incluso su organización administrativa y se basa en la confianza, empatía y escucha activa; las cuales guardan una estrecha relación entre sí. Por la relevancia que representa se recomienda que sea implementado en las instituciones educativas que lo ameriten, puesto que aplicando las estrategias de comunicación se obtendrá una excelente gestión educativa.",Humanities; Political science; Philosophy,2021,2021-03-15,10.33386/593dp.2021.2-1.533,https://doi.org/10.33386/593dp.2021.2-1.533,https://openalex.org/W3136765029,True,https://www.593dp.com/index.php/593_Digital_Publisher/article/download/533/653,revisar,6,coincidencia amplia con gestión/liderazgo educativo,"frase media en título: gestion educativa, gestión educativa | frase media en resumen/palabras clave: gestion educativa, gestión educativa | gestión/liderazgo + educación genérica",duda,caso ambiguo para revisión manual,segunda revisión: requiere lectura humana
10.37811/cl_rcm.v4i2.147,2026-05-19,gestión educativa,OpenAlex,Ciencia Latina Revista Científica Multidisciplinar,article,Gilber Macedo Vásquez; José Manuel Delgado Bardales,Comportamiento organizacional en la gestión educativa 2020,"La investigación tuvo como objetivo Caracterizar el comportamiento organizacional en la mejora de la gestión educativa. El estudio fue básico de diseño descriptivo con revisión sistemática, las revisiones sistemáticas son investigaciones científicas en las cuales la unidad de análisis son los estudios originales primarios, constituyen una herramienta esencial para sintetizar la información científica disponible. De los 10 artículos científicos, sobre el comportamiento organizacional en la gestión educativa en el contexto de la crisis económica internacional, corresponden a diferentes bases de datos, todos ellos al tipo y diseño de estudios descriptivos. El comportamiento organizacional asegura un mejor desarrollo de la gestión educativa, la organización facilita procesos de desarrollo institucional que responde a los objetivos estratégicos. El comportamiento organizacional en la gestión educativa es deficiente dado que los usuarios internos y externos no se sienten satisfechos con el servicio brindado por parte los trabajadores direccionados por el líder de las Instituciones Educativas. Existe un proceso de innovación institucional para fortalecer la gestión intelectual asimismo se cuenta con personal especializado en la gestión del conocimiento.",Humanities; Political science; Philosophy,2020,2020-12-01,10.37811/cl_rcm.v4i2.147,https://doi.org/10.37811/cl_rcm.v4i2.147,https://openalex.org/W3116202378,True,https://ciencialatina.org/index.php/cienciala/article/download/147/185,revisar,6,coincidencia amplia con gestión/liderazgo educativo,"frase media en título: gestion educativa, gestión educativa | frase media en resumen/palabras clave: gestion educativa, gestión educativa | gestión/liderazgo + educación genérica",duda,caso ambiguo para revisión manual,segunda revisión: requiere lectura humana
10.26495/rch.v6i1.2122,2026-05-19,gestión educativa,OpenAlex,Hacedor - AIAPÆC,article,Fernando Pablo Velásquez Salazar; Juan Pablo Moreno Muro,GESTIÓN EDUCATIVA PARA MEJORAR LA EFICIENCIA DEL DESEMPEÑO DOCENTE EN EDUCACIÓN PRIMARIA EN PERÚ,"En este estudio se analizó el menester de la aplicación de un modelo de gestión educativa que garantice la mejora del desempeño de los docentes de Educación Primaria en el Perú, ya que, desde hace algunos años, ha habido continuos esfuerzos en pro de la descentralización de la gestión educativa, siendo uno de ellos el de evidenciar estudios realizados en esta área de investigación. Al efecto, se desarrolló una revisión sistemática, bajo un enfoque cualitativo. La técnica empleada fue el análisis documental mediante PRISMA, identificándose 30 documentos alojados en las bases de datos de Dialnet, DOAJ, Redalyc, Scopus, Scielo, Springer, Web of Science, obteniéndose 10 artículos con el empleo de los criterios de inclusión y exclusión. Con el análisis realizado, fue posible concluir que la aplicación de un modelo de gestión educativa es de suma importancia si es que se quiere mejorar la eficiencia a nivel del desempeño docente en Educación Primaria, esto como resultado de haberse evidenciado que, en muchos casos, la aplicación o puesta en marcha de un modelo de gestión, enfrenta obstáculos y trabas en el camino, mismos que al ser superados, aseguran la apertura a un nuevo contexto de intervención con garantía de lograr mayor eficiencia en el desempeño docente.",Scopus; Humanities; Political science; SciELO; Philosophy,2022,2022-06-13,10.26495/rch.v6i1.2122,https://doi.org/10.26495/rch.v6i1.2122,https://openalex.org/W4285812746,True,https://revistas.uss.edu.pe/index.php/HACEDOR/article/download/2122/2678,revisar,6,coincidencia amplia con gestión/liderazgo educativo,"frase media en título: gestion educativa, gestión educativa | frase media en resumen/palabras clave: gestion educativa, gestión educativa | gestión/liderazgo + educación genérica",duda,caso ambiguo para revisión manual,segunda revisión: requiere lectura humana
10.33386/593dp.2022.1-1.1000,2026-05-19,gestión educativa,OpenAlex,593 Digital Publisher CEIT,article,Marcela Mafla-Bolaños; Anita Morán-Cabello,gestión educativa y su impacto en el desarrollo curricular de la Unidad Educativa Particular La Inmaculada de Esmeraldas.,"La presente investigación se basa en la gestión educativa y su impacto en el desarrollo curricular, considerando que una excelente administración en la institución, involucra a todos los miembros de la comunidad, permite tomar decisiones acertadas durante el desarrollo curricular, de un aprendizaje significativo para brindar una educación humanística integral de calidad y calidez, debe relacionarse con el entorno social de los estudiantes. El artículo científico tiene como finalidad elaborar una sistematización teórica dirigido al gestor educativo ante el impacto del desarrollo curricular; se analizarán los fundamentos teóricos que intervienen en la gestión y el desarrollo Curricular El enfoque investigativo cualitativo será útil para el estudio de los fenómenos del entorno social, con relación al desarrollo curricular; será una investigación no experimental, exploratoria, inductiva-deductiva y descriptiva. La aplicación de diferentes métodos permitirá la recolección de información para cumplir los objetivos propuestos en la investigación. Se empleará el método de modelación científica y el método holístico. Para la recopilación de datos se utilizan el enfoque cualitativo mediante el uso de métodos empíricos; las técnicas que se aplicarán son: la entrevista, la encuesta y el criterio de expertos.",Humanities; Political science; Cartography; Sociology; Geography; Philosophy,2022,2022-02-04,10.33386/593dp.2022.1-1.1000,https://doi.org/10.33386/593dp.2022.1-1.1000,https://openalex.org/W4210845482,True,https://www.593dp.com/index.php/593_Digital_Publisher/article/download/1000/952,revisar,6,coincidencia amplia con gestión/liderazgo educativo,"frase media en título: gestion educativa, gestión educativa | frase media en resumen/palabras clave: gestion educativa, gestión educativa | gestión/liderazgo + educación genérica",duda,caso ambiguo para revisión manual,segunda revisión: requiere lectura humana
10.51896/rilco.v6i23.648,2026-05-19,gestión educativa,OpenAlex,Revista de Investigación Latinoamericana en Competitividad Organizacional,article,Cristina Valencia Camacho; Víctor Almeida Delgado,La tecnología en la gestión educativa,"La tecnología en la gestión educativa ha revolucionado la administración y operación de las instituciones educativas. Las Tecnologías de la Información y la Comunicación (TIC) facilitan la gestión eficiente de procesos educativos y administrativos, mejorando la comunicación entre estudiantes, profesores y administradores. Plataformas de gestión del aprendizaje (LMS) como Moodle y Microsoft TEAMS permiten una administración eficaz de los cursos y una interacción mejorada entre los participantes del proceso educativo. Además, el uso de análisis de datos y big data permite una toma de decisiones informada y eficiente. Los datos recopilados pueden analizarse para mejorar la calidad educativa, optimizar recursos y predecir tendencias futuras. Esto incluye la personalización del aprendizaje, adaptando los programas de estudio a las necesidades individuales de cada estudiante, identificando sus fortalezas y debilidades a través del análisis de datos. Las TIC también apoyan la implementación de modelos de gestión basados en datos, permitiendo a las instituciones educativas hacer ajustes precisos en sus estrategias y operaciones. Por otro lado, la tecnología facilita el liderazgo educativo transformacional, que inspira y motiva al personal para alcanzar su máximo potencial y promover una cultura de innovación y mejora continua. En resumen, la integración de la tecnología en la gestión educativa mejora la eficiencia administrativa, la personalización del aprendizaje, la toma de decisiones basada en datos y fomenta un liderazgo transformacional, contribuyendo significativamente a la mejora de la calidad educativa.",Political science; Geography,2024,2024-10-15,10.51896/rilco.v6i23.648,https://doi.org/10.51896/rilco.v6i23.648,https://openalex.org/W4403427301,True,https://ojs.eumed.net/rev/index.php/rilco/article/download/14058va/14058_pdf,revisar,6,coincidencia amplia con gestión/liderazgo educativo,"frase media en título: gestion educativa, gestión educativa | frase media en resumen/palabras clave: gestion educativa, gestión educativa, liderazgo educativo | gestión/liderazgo + educación genérica",duda,caso ambiguo para revisión manual,segunda revisión: requiere lectura humana
10.33386/593dp.2023.1.1368,2026-05-19,gestión educativa,OpenAlex,593 Digital Publisher CEIT,article,Tatiana Soledispa-Morán; Jessica Saona-Villamar,Estrategias de gestión educativa para estimular el aprendizaje del idioma inglés en los estudiantes de la institución “Gloria Gorelik”,"En la actualidad, nos encontramos en un medio donde el idioma inglés es imprescindible en todos los ámbitos, debido que, la vida profesional y estudiantil son cada vez más exigentes. Por ende, surge la necesidad en las instituciones educativas, de que se estimule y concientice sobre la importancia de aprender y dominar el idioma inglés como lengua extranjera. Al ser un idioma de alto nivel mundial este permite el desarrollo de mejores habilidades y competencias, facilitando la comunicación con diversos agentes a nivel local e internacional. Por ello, el propósito de esta investigación es diseñar estrategias de gestión educativa para estimular el aprendizaje del idioma inglés en los estudiantes. Esta es una investigación de enfoque cuantitativa, donde se utilizó el método hipotético-deductivo, que permitió alcanzar datos calculables y reales proporcionados por los estudiantes investigados. Además, se aplicaron métodos empíricos tales como la observación, encuestas y cuestionarios, logrando desarrollar el trabajo de forma sistemática a través de la recolección, el análisis y la interpretación de los datos, la población meta a trabajar son: 111 estudiantes del bachillerato de la Institución Educativa “Gloria Gorelik”, con una muestra de 100 educandos. Se debe hacer conciencia del cambio que se puede concebir en los alumnos, cuando se aplican las estrategias adecuadas en la formación educativa. Por consiguiente, se diseñaron estrategias de gestión educativa para estimular el aprendizaje del idioma inglés y se concluye que los estudiantes, requieren oportunamente de estrategias que coadyuven a estimular y adquirir estas competencias lingüísticas.",Humanities; Philosophy; Sociology,2023,2023-01-04,10.33386/593dp.2023.1.1368,https://doi.org/10.33386/593dp.2023.1.1368,https://openalex.org/W4313585887,True,https://www.593dp.com/index.php/593_Digital_Publisher/article/download/1368/1368,revisar,6,coincidencia amplia con gestión/liderazgo educativo,"frase media en título: gestion educativa, gestión educativa | frase media en resumen/palabras clave: gestion educativa, gestión educativa | gestión/liderazgo + educación genérica",duda,caso ambiguo para revisión manual,segunda revisión: requiere lectura humana
10.37811/cl_rcm.v4i2.70,2026-05-19,gestión educativa,OpenAlex,Ciencia Latina Revista Científica Multidisciplinar,article,Carlos Miguel Aguilar Saldaña; Carol Beatriz Bao Ratzemberg; Gabriela del Pilar Palomino Alvarado; Karl Whittembury García; Héctor Manuel Suarez Ríos; Renán Saavedra Sandoval; Jimmy Pacherrez Riva,Gestión educativa y calidad de formación profesional en el Instituto Superior Pedagógico “Gran Pajatén”,"Este trabajo se caracteriza principalmente por determinar relación de la Gestión Educativa, y la Calidad de Formación Docente. La justificación coincide con las afirmaciones de Sorados Palacios, M. (2010) que la calidad de la gestión de una institución educativa, es resultado del rendimiento académico, cooperación de los docentes, cumplimiento de la programación curricular, participación de los padres de familia y asignación de recursos. El objetivo es analizar la Gestión Educativa para determinar su relación con la Calidad de Formación Profesional docentes que forman en la institución. Se recurrió al método lógico deductivo y al diseño de investigación no experimental transversal correlacional. Como técnicas de recolección de datos se ha empleado ficha de observación, para documentos académicos y administrativos; las libretas de notas, para registrar las actividades más relevantes; la encuesta por cuestionario se ha empleado para evaluar el proceso de formación profesional en los alumnos de la Especialidad de Lengua y Literatura; y la entrevista no estructurada en ciertas circunstancias. Por último, como resultado se obtuvo que existe una relación alta y significativa entre la Gestión Educativa de nivel regular y la Calidad de Formación Profesional, con una correlación de 73,1%.",Humanities; Philosophy,2020,2020-06-01,10.37811/cl_rcm.v4i2.70,https://doi.org/10.37811/cl_rcm.v4i2.70,https://openalex.org/W3110692651,True,https://ciencialatina.org/index.php/cienciala/article/download/70/42,revisar,6,coincidencia amplia con gestión/liderazgo educativo,"frase media en título: gestion educativa, gestión educativa | frase media en resumen/palabras clave: gestion educativa, gestión educativa | gestión/liderazgo + educación genérica",duda,caso ambiguo para revisión manual,segunda revisión: requiere lectura humana
10.37811/cli_w922,2026-05-19,gestión educativa,OpenAlex,CID - Centro de Investigación y Desarrollo eBooks,book,Kevin Mario Laura-De La Cruz,"Competencias Digitales en los Docentes de la Educación Básica Regular de la Unidad de Gestión Educativa Local, Tacna, Perú","Competencias Digitales en los Docentes de la Educación Básica Regular de la Unidad de Gestión Educativa Local, Tacna, Perú",Humanities; Political science; Sociology; Philosophy,2023,2023-01-01,10.37811/cli_w922,http://dx.doi.org/10.37811/cli_w922,https://openalex.org/W4383899693,True,https://zenodo.org/record/8264524,revisar,6,coincidencia amplia con gestión/liderazgo educativo,"frase media en título: gestion educativa, gestión educativa | frase media en resumen/palabras clave: gestion educativa, gestión educativa | gestión/liderazgo + educación genérica",duda,caso ambiguo para revisión manual,segunda revisión: requiere lectura humana
10.37811/cl_rcm.v5i6.1185,2026-05-19,gestión educativa,OpenAlex,Ciencia Latina Revista Científica Multidisciplinar,article,,"La influencia del modelo de aseguramiento de la calidad en la gestión educativa de una institución educativa de la ciudad de Trujillo, 2019","La investigación desarrollada tiene como propósito determinar la influencia del modelo de aseguramiento de la calidad en la gestión educativa de un centro educativo de Trujillo, y que está establecida bajo el diseño pre-experimental, además de ser cuantitativo y descriptivo, se trabajó con una población de 97 trabajadores entre docentes, administrativos y personal de limpieza, al aplicar el muestreo aleatorio simple se determinó una muestra de 26 trabajadores, aplicándoseles un cuestionario para medir la gestión educativa; esta investigación encontró resultados alentadores, pues el nivel de gestión educativa al inicio de la investigación estuvo en un nivel medio con el 53.8% y nivel alto con el 30.8%, luego después de la evaluación del modelo de aseguramiento de la calidad el nivel de gestión educativo mejoro al nivel alto en un 61.5% y medio en un 30.8%, resultando además un promedio de puntaje por encima de 15.35 con una significancia de p &lt; 0.01, llegando a la conclusión general que la percepción de los actores de la institución es que el modelo de aseguramiento de la calidad influye muy significativamente (p&lt;0.01) en la gestión educativa del Centro Educativo de la Ciudad de Trujillo, en el año 2019.",Humanities; Political science; Philosophy,2021,2021-12-01,10.37811/cl_rcm.v5i6.1185,https://doi.org/10.37811/cl_rcm.v5i6.1185,https://openalex.org/W3214800752,True,https://doi.org/10.37811/cl_rcm.v5i6.1185,revisar,6,coincidencia amplia con gestión/liderazgo educativo,"frase media en título: gestion educativa, gestión educativa | frase media en resumen/palabras clave: gestion educativa, gestión educativa | gestión/liderazgo + educación genérica",duda,caso ambiguo para revisión manual,segunda revisión: requiere lectura humana
10.33386/593dp.2021.2-1.531,2026-05-19,gestión educativa,OpenAlex,593 Digital Publisher CEIT,article,Mayra Sayonara Arellano-Pintado; Dalia Chica-Cabero,La eficiencia de la investigación en la gestión educativa del colegio fiscal Dr. Teodoro Alvarado Olea,"Las exigencias actuales del mundo contemporáneo, demandan sustentar desde la teoría la eficiencia de la investigación dentro de la gestión educativa en el Colegio Fiscal Doctor” Teodoro Alvarado Olea"", como alternativa de un cambio pedagógico institucional identificando las ventajas como ruta para una gestión de calidad, analizando cada objetivo de la observación con la finalidad de perfeccionar la organización.La investigación científica es importante porque permite actualizar conocimientos en la búsqueda de información que enriquecen los potenciales, la investigación como pertinencia mejora los resultados de temas científicos, humanísticos y socioculturales, permiten obtener conocimientos dinamizados y progresivos que originan las necesidades del individuo.El artículo científico destaca un enfoque mixto que fundamenta el método teórico histórico – lógico, este método permite conocer los antecedentes del objeto de estudio, por consiguiente, también se puede aplicar el método de sistematización teórica, el mismo que habilita profundizar el análisis del estado del arte de las variables, además de la observación y la síntesis para la conclusión del artículo investigativo y sistematización de las teorías. Con respecto a los métodos empíricos se ha considerado la observación científica, la encuesta y los criterios de expertos para analizar la eficiencia de la gestión educativa, la investigación como enseñanza - aprendizaje debe poseer una metodología que beneficie al pensamiento reflexivo dentro de los parámetros en diferentes temas, además debe ser flexible en su estudio.Como objetivo general planteamos un manual de herramientas metodológicas para optimizar los procesos de enseñanza-aprendizaje en la calidad y eficiencia de la investigación en la gestión educativa.En definitiva, la investigación como parte de un conocimiento teórico y metodológico servirá de manera positiva para estructurar las estrategias y herramientas que deben aplicar los docentes en las instituciones educativas, utilizando los indicadores de logros que permitirán obtener excelentes resultados con educación de calidad y una eficiente gestión educativa.",Humanities; Philosophy; Political science,2021,2021-03-15,10.33386/593dp.2021.2-1.531,https://doi.org/10.33386/593dp.2021.2-1.531,https://openalex.org/W3137009380,True,https://www.593dp.com/index.php/593_Digital_Publisher/article/download/531/660,revisar,6,coincidencia amplia con gestión/liderazgo educativo,"frase media en título: gestion educativa, gestión educativa | frase media en resumen/palabras clave: gestion educativa, gestión educativa | gestión/liderazgo + educación genérica",duda,caso ambiguo para revisión manual,segunda revisión: requiere lectura humana
10.29394/scientific.issn.2542-2987.2024.9.e2.5.103-121,2026-05-19,gestión educativa,OpenAlex,Revista Scientific,article,César Wladimir Navarrete Criollo; Lorenzo Quisintuña Guamán; Aldo Vinicio Falconí Asanza; César Montúfar,La Gestión Educativa y su Incidencia en el Proceso de Enseñanza Aprendizaje en Bachillerato,"Este estudio examina la incidencia de la gestión educativa en el proceso de enseñanza-aprendizaje de estudiantes de bachillerato en las asignaturas de Matemáticas, Lengua y Literatura e Historia. Se fundamenta en la preocupación por el bajo rendimiento académico en estas materias clave y la importancia de la gestión educativa para mejorar los resultados. El objetivo fue identificar cómo la gestión educativa influye en el desarrollo del proceso de enseñanza-aprendizaje. Se utilizó una metodología mixta (cuantitativo-cualitativo), con un enfoque descriptivo y correlacional, combinando revisión de literatura, encuestas a 279 estudiantes y 15 docentes, y análisis de documentos institucionales. Los resultados reflejan percepciones diversas sobre la efectividad de las políticas educativas, la adaptación curricular, y la disponibilidad de recursos. Se identificaron tres aspectos clave: estrategias de enseñanza, sistemas de evaluación y retroalimentación, y gestión de recursos educativos. Se concluye que existe una relación directa entre la gestión educativa y el rendimiento académico, destacando la necesidad de mejorar las estrategias metodológicas y los sistemas de evaluación para crear un entorno educativo más efectivo e inclusivo.",Humanities; Philosophy,2024,2024-05-06,10.29394/scientific.issn.2542-2987.2024.9.e2.5.103-121,http://dx.doi.org/10.29394/scientific.issn.2542-2987.2024.9.e2.5.103-121,https://openalex.org/W4404797911,True,https://www.indteca.com/ojs/index.php/Revista_Scientific/article/download/1234/1576,revisar,6,coincidencia amplia con gestión/liderazgo educativo,"frase media en título: gestion educativa, gestión educativa | frase media en resumen/palabras clave: gestion educativa, gestión educativa | gestión/liderazgo + educación genérica",duda,caso ambiguo para revisión manual,segunda revisión: requiere lectura humana
10.33996/repe.v3i5.273,2026-05-19,gestión educativa,OpenAlex,Revista Peruana de Educación,article,Claudia Divani Maza Sócola,"Gestión educativa y el desempeño docente en las instituciones educativas de Castilla, 2015","La presente investigación tuvo como propósito determinar la relación que existe entre la gestión educativa y el desempeño docente de las Instituciones Educativas del Distrito de Castilla en el año 2015. El enfoque utilizado fue cuantitativo, con un diseño no experimental, descriptivo y correlacional. La población estuvo constituida por 88 docentes de cuatro instituciones educativas de Castilla del nivel de Inicial, y la muestra, al ser la población pequeña, incluye a toda la población. La técnica que se empleó fue la encuesta y el instrumento el cuestionario tipo Likert. Entre las principales conclusiones del estudio se puede mencionar una gestión educativa regular, caracterizada por una gestión organizacional, pedagógica-didáctica, comunitaria y administrativa también regular. El desempeño docente de las instituciones investigadas está en un nivel medio, producto del nivel medio en el desempeño pedagógico, político y cultural. El estudio indica que la gestión educativa se relaciona significativamente con el desempeño docente.",Humanities; Political science; Sociology; Philosophy,2021,2021-01-26,10.33996/repe.v3i5.273,https://doi.org/10.33996/repe.v3i5.273,https://openalex.org/W3122937596,True,https://revistarepe.org/index.php/repe/article/download/273/816,revisar,6,coincidencia amplia con gestión/liderazgo educativo,"frase media en título: gestion educativa, gestión educativa | frase media en resumen/palabras clave: gestion educativa, gestión educativa | gestión/liderazgo + educación genérica",duda,caso ambiguo para revisión manual,segunda revisión: requiere lectura humana
10.37811/cl_rcm.v7i2.6112,2026-05-19,gestión educativa,OpenAlex,Ciencia Latina Revista Científica Multidisciplinar,article,S. Guerrero; Angélica María Viteri Jiménez; Ana Patricia Chipantiza Guerrero; C. Guerrero,La gestión educativa como factor importante en la eficacia del clima organizacional en instituciones educativas,"El presente documento muestra de forma resumida el estudio de la Gestión Educativa en relación al clima organizacional en las Instituciones educativas; cabe resaltar que se realiza en beneficio de los procesos de enseñanza-aprendizaje en donde se busca alcanzar el máximo desarrollo integral para ofrecer así una educación de calidad y calidez; también debemos mencionar que se han estudiado sus dimensiones pedagógica, organizativa, administrativa y comunitaria que han logrado ver las falencias y oportunidades en sus diferentes ámbitos para conseguir el progreso de forma mancomunada y no de forma individual; en tal virtud si tomamos los términos clima organizacional nos referimos al conjunto de conductas que hacen que una organización en este caso educativa funcione de forma correcta es decir en el contexto de las instituciones educativas, el clima organizacional puede influir en la motivación, el compromiso y la satisfacción de los docentes y otros miembros del personal, lo que a su vez puede afectar la calidad de la enseñanza y el aprendizaje.",Humanities; Political science; Philosophy,2023,2023-06-02,10.37811/cl_rcm.v7i2.6112,https://doi.org/10.37811/cl_rcm.v7i2.6112,https://openalex.org/W4379647201,True,https://ciencialatina.org/index.php/cienciala/article/download/6112/9284,revisar,6,coincidencia amplia con gestión/liderazgo educativo,"frase media en título: gestion educativa, gestión educativa | frase media en resumen/palabras clave: gestion educativa, gestión educativa | gestión/liderazgo + educación genérica",duda,caso ambiguo para revisión manual,segunda revisión: requiere lectura humana
10.51440/unsch.revistaeducacion.2021.19.196,2026-05-19,gestión educativa,OpenAlex,Revista Educación,article,Norma Rivas Martínez,Gestión educativa y clima organizacional en instituciones educativas públicas de nivel de educación primaria de Huanta – Ayacucho,"La investigación se realizó teniendo como objetivo conocer la relación que existe entre la gestión educativa y el clima organizacional en las instituciones educativas de nivel de educación primaria en la zona urbana del distrito de Huanta. Investigación de tipo descriptivo y diseño correlacional. En ella se utilizó como instrumento el cuestionario sobre gestión educativa y clima organizacional que fue aplicado a una muestra de 80 docentes. El tratamiento estadístico se realizó haciendo uso de la prueba Taub de Kendall debido a que los valores presentados por los instrumentos se encuentran en escala ordinal. Asimismo, el resultado obtenido permite concluir que existe relación significativa entre la gestión educativa y el clima organizacional en las instituciones educativas de nivel de educación primaria de la zona urbana del distrito de Huanta. (tb=0,701, p=0,000&lt;0,05).",Humanities; Political science; Geography; Philosophy,2021,2021-07-01,10.51440/unsch.revistaeducacion.2021.19.196,https://doi.org/10.51440/unsch.revistaeducacion.2021.19.196,https://openalex.org/W3199831137,True,http://revistas.unsch.edu.pe/revistasunsch/index.php/educacion/article/download/196/183,revisar,6,coincidencia amplia con gestión/liderazgo educativo,"frase media en título: gestion educativa, gestión educativa | frase media en resumen/palabras clave: gestion educativa, gestión educativa | gestión/liderazgo + educación genérica",duda,caso ambiguo para revisión manual,segunda revisión: requiere lectura humana
10.58995/redlic.ic.v1.n1.a4,2026-05-19,gestión educativa,OpenAlex,Revista Multidisciplinaria Investigación Contemporánea,article,Fredi Patricio Zhapa Amay; Carmen Paola Vega Mena; Ladi Patricia Vega Mena,Una Revisión Teórica de la Gestión Educativa y el Involucramiento de Padres de Familia en los Procesos Formativos,"El Propósito del presente estudio es realizar una revisión bibliográfica acerca de la gestión educativa y su relación con el involucramiento de padres familia, para determinar su incidencia en el rendimiento académico de los estudiantes de sub nivel inicial a bachillerato. Trabajo que se realizó a través de la búsqueda de información de diversas investigaciones realizadas en este campo de estudio. Mediante un protocolo de enfoque analítico se seleccionó los trabajos de mayor relevancia en relación con el tema analizado. El resultado de mayor preeminencia refiere que de acuerdo con el desarrollo evolutivo y año académico de sus hijos la intervención disminuye progresivamente, acentuándose más su participación en los primeros años de estudio de sus representados.",Humanities; Philosophy,2023,2023-01-01,10.58995/redlic.ic.v1.n1.a4,https://doi.org/10.58995/redlic.ic.v1.n1.a4,https://openalex.org/W4327661604,True,https://revmic.com/index.php/IC/article/download/4/13,revisar,6,coincidencia amplia con gestión/liderazgo educativo,"frase media en título: gestion educativa, gestión educativa | frase media en resumen/palabras clave: gestion educativa, gestión educativa | gestión/liderazgo + educación genérica",duda,caso ambiguo para revisión manual,segunda revisión: requiere lectura humana
10.51896/rilcods.v7i65.812,2026-05-19,gestión educativa,OpenAlex,Desarrollo Sustentable Negocios Emprendimiento y Educación,article,Yuly María Castro Asmar; Fredy Julián Gómez Pedroza,Revisión bibliográfica del plan estratégico en la gestión educativa:,"En el ámbito educativo, la planeación implica un proceso participativo que ayuda a una institución educativa en la definición de su visión y misión. Este proceso se lleva a cabo mediante el análisis de las amenazas, debilidades, fortalezas y oportunidades, fomenta una reflexión colaborativa que es fundamental en la orientación de operaciones futuras en el contexto educativo. Es esencial implementar un proceso de gestión estratégica que facilite la toma de decisiones, evaluación y selección de actividades adecuadas. Se empleó una revisión bibliográfica y análisis documental, utilizando motores de búsqueda y considerando publicaciones de los últimos seis años. Se examinaron un total de 37 textos referenciado con sus autores, los cuales fueron categorizados en áreas como la planeación estratégica en la gestión del aprendizaje, el desarrollo del docente y la planificación estratégica, la planeación estratégica en la gestión educativa y la planificación estratégica para mejorar la calidad educativa. Una de las conclusiones principales abordó que la planeación estratégica no solo sirve como una herramienta para transformar instituciones, sino que también impacta significativamente en diversos aspectos de la institución al alinearse con respecto de su visión y misión.",Humanities; Geography; Political science; Art,2025,2025-04-03,10.51896/rilcods.v7i65.812,https://doi.org/10.51896/rilcods.v7i65.812,https://openalex.org/W4409134132,True,https://doi.org/10.51896/rilcods.v7i65.812,revisar,6,coincidencia amplia con gestión/liderazgo educativo,"frase media en título: gestion educativa, gestión educativa | frase media en resumen/palabras clave: gestion educativa, gestión educativa | gestión/liderazgo + educación genérica",duda,caso ambiguo para revisión manual,segunda revisión: requiere lectura humana
10.17227/pys.num60-20050,2026-05-19,gestión educativa,OpenAlex,Pedagogía y Saberes,article,Adriana Arbeláez-Barrero; Arley Fabio Ossa Montoya,"La gestión educativa desde instancias y procedimientos de control en Colombia, 2003-2016","En el presente artículo de investigación se analiza la gestión educativa en Colombia, en la política educativa como dispositivo desplegado, a partir de procedimientos e instancias de control social en las instituciones educativas, entre los años 2003 a 2016. La problematización se llevó a cabo a nivel metodológico, con base en la caja de herramientas arqueológica y genealógica, desde la cual se visibilizaron ordenamientos, funcionamientos, transformaciones, relaciones y correlaciones de saber y poder, en los procedimientos de planeación, organización, direccionamiento, inspección, vigilancia y evaluación. En dicho entramado, emergieron instancias tales como racionalidades, formas de institucionalización, objetivos, sistemas de diferenciación y modalidades instrumentales. El saber de la gestión educativa se materializó a partir de un dispositivo que, no sin tensiones, logró sujeciones en las comunidades de las Instituciones Educativas del nivel de Básica y Media, a través de las relaciones de poder instaladas y desarrolladas para apuntalar las transformaciones educativas construidas de manera intencional desde las políticas educativas. Así, se configuraron sujetos y comunidades que por esta vía fueron disciplinadas, normalizadas y controladas y al mismo tiempo acrecentadas desde múltiples formas de poder. De esta forma, el escrito hace la descripción de la transformación vivida y visibiliza diversas retóricas que apuntalaron la política de calidad educativa instaurada, no sin resistencias.",Political science; Humanities; Philosophy,2024,2024-01-01,10.17227/pys.num60-20050,https://doi.org/10.17227/pys.num60-20050,https://openalex.org/W4392824242,True,https://revistas.upn.edu.co/index.php/PYS/article/download/20050/13272,revisar,6,coincidencia amplia con gestión/liderazgo educativo,"frase media en título: gestion educativa, gestión educativa | frase media en resumen/palabras clave: gestion educativa, gestión educativa | gestión/liderazgo + educación genérica",duda,caso ambiguo para revisión manual,segunda revisión: requiere lectura humana
10.55777/rea.v14i28.3734,2026-05-19,gestión educativa,OpenAlex,Revista de Estilos de Aprendizaje,article,Eva García-Beltrán; A. Bueno Villaverde; Eva María Teba-Fernández,Marco teórico para la evaluación de la gestión educativa para el desarrollo de la competencia global.,"La Competencia Global resulta imprescindible para relacionarse, trabajar y ser ciudadanos comprometidos en la nueva sociedad globalizada, y PISA la evalúa desde el año 2018. Sin embargo, los centros demandan un sistema de evaluación para comprobar que su gestión es la adecuada para desarrollar dicha competencia en sus alumnos. Por tanto, el propósito de este artículo es aportar un nuevo marco de evaluación del liderazgo y la gestión de centros educativos para promover la Competencia Global. Se ha realizado una revisión bibliográfica sistemática sobre el tema analizando tanto los modelos de Competencia Global como los de gestión de centros. Como resultado se ha conseguido un modelo de evaluación de la gestión educativa que considera las cuatro dimensiones de la Competencia Global (Investigación del entorno, Reconocimiento de la propia perspectiva y la de los demás, Comunicación eficaz de las ideas a distintos públicos, Toma de acción para la mejora de condiciones) combinado con el modelo Creative Classroom Research (CCR), que ofrece un instrumento de evaluación del liderazgo y la gestión específicamente concebido para su uso en el ámbito educativo, y con un enfoque holístico que le diferencia de otros modelos de evaluación de la calidad y de la gestión.",Humanities; Political science; Art,2021,2021-11-02,10.55777/rea.v14i28.3734,https://doi.org/10.55777/rea.v14i28.3734,https://openalex.org/W3208057339,True,http://revistaestilosdeaprendizaje.com/article/download/3734/4558,revisar,6,coincidencia amplia con gestión/liderazgo educativo,"frase media en título: gestion educativa, gestión educativa | frase media en resumen/palabras clave: gestion educativa, gestión educativa | gestión/liderazgo + educación genérica",duda,caso ambiguo para revisión manual,segunda revisión: requiere lectura humana
10.18004/riics.2021.diciembre.405,2026-05-19,gestión educativa,OpenAlex,Revista internacional de investigación en ciencias sociales,article,Sirle Rosa Hasek de Barbúdez; Luís Ortiz Jiménez,Leadership: An opportunity for Educational Management,"El presente artículo tuvo como objetivo reflexionar sobre el Liderazgo como una oportunidad para la Gestión Educativa,considerando que el liderazgo se basa en la cultura de la organización, los procesos de cambios fundamentales para la transformación de la Gestión Educativa, destacando la importancia de ser un líder que se preocupe por la realidad de la educación, que tenga herramientas suficientes para realizar gestiones que permitan las relaciones interpersonales, logrando mejoras con acciones de intereses para las Instituciones Educativas. Se ha seleccionado libros, artículos científicos y otros documentos de interés que han ayudado a la interpretación de dos aspectos como tema central, empieza con el protagonismo del Liderazgo en la Educación, destacando que cada uno desde sus funciones ayudan cumpliendo con sus labores, para lograr metas establecidas en pos de una educación enfocada a la equidad y la calidad, además se analizó los tipos de liderazgo. A través de esta investigación se creóun nuevo tipo de liderazgo denominado ""Liderazgo Tekoverã"" (Liderazgo para la vida), que permite al estudiante una formación en valores, de manera a preparase y adquirir las herramientas necesarias para relacionarse con la sociedad.",Humanities; Art,2021,2021-12-10,10.18004/riics.2021.diciembre.405,https://doi.org/10.18004/riics.2021.diciembre.405,https://openalex.org/W4200465972,True,http://scielo.iics.una.py/pdf/riics/v17n2/2226-4000-riics-17-02-405.pdf,revisar,6,coincidencia amplia con gestión/liderazgo educativo,"frase media en título: educational management | frase media en resumen/palabras clave: gestion educativa, gestión educativa | gestión/liderazgo + educación genérica",duda,caso ambiguo para revisión manual,segunda revisión: requiere lectura humana
10.37811/cl_rcm.v4i2.188,2026-05-19,gestión educativa,OpenAlex,Ciencia Latina Revista Científica Multidisciplinar,article,Edwin Rengifo Guerra,"Modelo de Gestión Educativa en el fortalecimiento de la calidad de la tutoría del colegio Francisco Izquierdo Ríos, Morales – 2020","La presente investigación tiene como objetivo Proponer que la calidad de la tutoría en la Educación Básica regular del colegio Francisco Izquierdo Ríos, Morales, San Martín, 2020, donde presente la metodología es de tipo Aplicado, debido a que se tuvo un enfoque donde las teorías se tienen en cuenta para el desarrollo de nuevos conocimientos y que son tratados como tal. Llegando a las siguientes conclusiones. El papel que tiene las instituciones de educación básica regular para apoyar el tutoría es muy grande ya que deben enfrentar y participar en los diversos problemas académicos que afectan a los estudiantes aportando vivencias y experiencias del profesorado para superarlos y muy específicamente en el colegio Francisco Izquierdo Ríos, es por esto la importancia que tiene la gestión educativa dentro de los procesos de la institución como factor de calidad fortaleciendo las políticas existentes. 5.2. Con los resultados de esta investigación se percibir que la mayoría de los entrevistados tienen conocimiento de la gestión educativa y la importancia de la tutoría, sin embargo, un 33% de los encuestados consideran que debería de incrementarse el nivel de compromiso de la institución como eje rector para la consolidación de la gestión educativa",Humanities; TUTOR; Art; Sociology; Pedagogy,2020,2020-12-01,10.37811/cl_rcm.v4i2.188,https://doi.org/10.37811/cl_rcm.v4i2.188,https://openalex.org/W3171318281,True,https://ciencialatina.org/index.php/cienciala/article/download/188/242,revisar,6,coincidencia amplia con gestión/liderazgo educativo,"frase media en título: gestion educativa, gestión educativa | frase media en resumen/palabras clave: gestion educativa, gestión educativa | gestión/liderazgo + educación genérica",duda,caso ambiguo para revisión manual,segunda revisión: requiere lectura humana
10.37811/cl_rcm.v5i4.725,2026-05-19,gestión educativa,OpenAlex,Ciencia Latina Revista Científica Multidisciplinar,article,Doris Aristela Rodríguez Hurtado; Dulio Oseda Gago,Entornos virtuales en la producción de textos en docentes de comunicación de la unidad de gestión educativa local Otuzco,"El presente trabajo de investigación tuvo como objetivo determinar la influencia de los entornos virtuales en la producción de textos en los docentes del área de comunicación de la Unidad de Gestión Educativa Local de Otuzco en el año 2021. El tipo de investigación es básica, nivel correlacional causal y el diseño es no experimental: transversal descriptivo correlacional causal, teniendo como muestra a 69 docentes del área de comunicación de las diferentes instituciones educativas de la UGEL Otuzco a quienes se les administró dos cuestionarios en formularios de Google como instrumentos para el recojo de información de las dos variables. Los resultados obtenidos confirman que existe relación altamente significativa entre los Entornos Virtuales y Producción de Textos r=,544**; (correlación moderada entre variables) para todo Sig. &lt; 1%. Se concluye que los entornos virtuales influyen en 26,8% en la producción de textos en los docentes de comunicación de la Unidad de Gestión Educativa Local de Otuzco en el año 2021.",Humanities; Philosophy,2021,2021-07-01,10.37811/cl_rcm.v5i4.725,https://doi.org/10.37811/cl_rcm.v5i4.725,https://openalex.org/W3191579050,True,https://ciencialatina.org/index.php/cienciala/article/download/725/1005,revisar,6,coincidencia amplia con gestión/liderazgo educativo,"frase media en título: gestion educativa, gestión educativa | frase media en resumen/palabras clave: gestion educativa, gestión educativa | gestión/liderazgo + educación genérica",duda,caso ambiguo para revisión manual,segunda revisión: requiere lectura humana
10.18800/educacion.202102.012,2026-05-19,gestión educativa,OpenAlex,Educación,article,Lina Rosa Parra Bernal; Karen Rengifo Rodríguez,Prácticas Pedagógicas Innovadoras Mediadas por las TIC,"Este artículo presenta el analisis de las prácticas pedagógicas innovadoras mediadas por TIC, realizadas por los profesores de una institución educativa en Popayán – Cauca, (Colombia). La investigación es cualitativa, de diseño biográfico-narrativo, con alcance descriptivo y desarrollada a traves de entrevistas semiestructuradas aplicadas a tres profesores. Los resultados permiten establecer que los profesores aplican innovación incremental dentro del aula de clase, en función de las necesidades curriculares y la praxis cotidiana, pero no utilizan continuamente herramientas Web 2.0 y Entornos Virtuales de Aprendizaje, para articular el trabajo extra clase; entre las razones de esta situación se tienen los problemas de conectividad, la resistencia al cambio y la escasa gestión educativa institucional.",Humanities; Sociology; Art,2021,2021-09-27,10.18800/educacion.202102.012,https://doi.org/10.18800/educacion.202102.012,https://openalex.org/W3203341911,True,https://revistas.pucp.edu.pe/index.php/educacion/article/download/24238/22995,revisar,3,coincidencia amplia con gestión/liderazgo educativo,"frase media en resumen/palabras clave: gestion educativa, gestión educativa | gestión/liderazgo + educación genérica",duda,caso ambiguo para revisión manual,segunda revisión: requiere lectura humana
10.55204/trc.v4i1.e302,2026-05-19,gestión educativa,OpenAlex,Tesla Revista Científica,article,Víctor Reinaldo Jama Zambrano; Orley Benedicto Reyes Meza; Eliécer Francisco Castillo Bravo; Carmen Dolores Andrade Zambrano; Monserrate Dalila del Roció Alcívar Cedeño,Neuroliderazgo en la gestión educativa,"Introducción: El neuroliderazgo es el responsable de los cambios y transformaciones que la sociedad demanda. Objetivo: El objetivo fue demostrar la importancia que tiene el neuroliderazco en el proceso social, Método: se aplicó el método inductivo, paradigma humanista, con enfoque cualitativo, tipo interpretativo, diseño narrativo que ínsita a la reflexión sobre el neuroliderazgo como estrategia de aprendizaje para gestionar la educación del futuro, por lo que tiene como objetivo determinar la relación que existe entre el neuroliderazgo en la gestión de las instituciones educativas. Resultados Se manifestó como resultados la importancia del neuroliderazgo como herramienta clave para los docentes en el proceso de enseñanza-aprendizaje, Conclusión: el neuroliderazgo favorece el desarrollo de la empatía, la inteligencia emocional, la creatividad y la autorregulación de las emociones; mejorando la calidad de la educación al promover los más altos estándares posibles de instrucción. proveniente de una buena gestión.",Political science,2024,2024-01-09,10.55204/trc.v4i1.e302,https://doi.org/10.55204/trc.v4i1.e302,https://openalex.org/W4391562199,True,https://tesla.puertomaderoeditorial.com.ar/index.php/tesla/article/download/302/340,revisar,4,coincidencia amplia con gestión/liderazgo educativo,"frase media en título: gestion educativa, gestión educativa | gestión/liderazgo + educación genérica",duda,caso ambiguo para revisión manual,segunda revisión: requiere lectura humana
10.59427/rcli/2024/v24cs.100-107,2026-05-19,gestión educativa,OpenAlex,Revista de Climatología,article,Ademir Dionicio Anchayhua Serna,"Gestión educativa institucional en el desempeño profesional en los docentes de una institución educativa con JEC, La Mar, Ayacucho en Perú: un estudio piloto","El objetivo fue establecer la medida en que la Gestión educativa institucional influye en el desempeño profesional en los docentes de una institución educativa con JEC, La Mar, Ayacucho 2023. Por lo cual se realizó un estudio de diseño no experimental, de tipo básica, con un enfoque cuantitativo, de nivel correlacional-causal. La muestra fue de 132 docentes, a quienes se les aplicó dos instrumentos. La técnica de recolección de datos fue la encuesta, y el instrumento fue el cuestionario, con escala ordinal, para su validez se empleó la verificación del instrumento con el Alfa de Cronbach, obteniendo para la primera variable un resultado de 0.892 y la segunda variable 0.842. Como resultado se evidencia que en su mayoría de colaboradores de la entidad pública perciben que la Gestión educativa institucional tiene un nivel alto con un 60,6%, así como también el 72% califica al Desempeño profesional con un nivel alto. Concluyendo que la Gestión educativa institucional influye en el desempeño profesional en los docentes de una institución educativa con JEC, La Mar, Ayacucho 2023.",Humanities; Political science; Philosophy,2024,2024-01-05,10.59427/rcli/2024/v24cs.100-107,http://dx.doi.org/10.59427/rcli/2024/v24cs.100-107,https://openalex.org/W4390603171,True,https://rclimatol.eu/wp-content/uploads/2024/01/Articulo-CS24-Ademir-J.pdf,revisar,6,coincidencia amplia con gestión/liderazgo educativo,"frase media en título: gestion educativa, gestión educativa | frase media en resumen/palabras clave: gestion educativa, gestión educativa | gestión/liderazgo + educación genérica",duda,caso ambiguo para revisión manual,segunda revisión: requiere lectura humana
10.33262/cienciadigital.v8i2.2995,2026-05-19,gestión educativa,OpenAlex,Ciencia Digital,article,Luis Fernando Imacaña Peñaloza; Jacqueline Alejandra Portero Aponte; Erika Alexandra Gallo Espín; Paulo Ricardo Yautibug Barrera,Gestión educativa: importancia de la estrategia lúdica para evaluar el proceso enseñanza - aprendizaje de los estudiantes de educación general básica elemental en la asignatura de matemática,"Introducción. En el ámbito educativo, las innovaciones promueven el desarrollo de procesos cognitivos, utilizando estrategias para combinar experiencia y práctica, así como métodos no disciplinarios que promueven la reflexión, la argumentación y la autonomía; en este contexto, el aprendizaje de las matemáticas beneficia en la adquisición de conocimientos, la comprensión e interacción de contenidos conceptuales, orientados al razonamiento lógicos y procedimientos analíticos. Objetivo. Investigar la incidencia de la lúdica para la enseñanza de Matemática. Metodología. Se empleó el método de observación participativa a través de una ficha de observación que permitió profundizar en el estudio, posteriormente facilitó la deducción de las consecuencias, la verificación y comprobación de la hipótesis entre dos nuestras independientes aplicando la Prueba U de Mann-Whitney. Resultados. El Ministerio de Educación, en coordinación con instituciones regionales y locales, fomenta la participación de estudiantes, docentes, padres de familia y la comunidad educativa con el objetivo de crear oportunidades para el uso de conocimientos importantes basados en criterios de pedagogía crítica y educar a los estudiantes, con una perspectiva transformadora, la gestión educativa a través de la lúdica aporta en la evaluación del proceso enseñanza aprendizaje de la asignatura de Matemática partiendo de la integración de contenidos desde una perspectiva constructivista y cognitivista. Conclusión. En el sistema educativo, los permanentes cambios en el campo de las ciencias, el desarrollo de la tecnología y la necesidad de lograr una educación integral que promueva la igualdad y la equidad requieren que los docentes innoven en su práctica utilizando recursos, estrategias, materiales o actividades para optimizar el proceso de aprendizaje de las matemáticas; por lo tanto, el uso de juegos educativos beneficia en el mejoramiento de las habilidades de razonamiento, el pensamiento lógico, la participación activa y el aprendizaje colaborativo. Área de la ciencia general: Pedagogía. Área de la ciencia especifica: Metodología",Humanities; Philosophy,2024,2024-04-25,10.33262/cienciadigital.v8i2.2995,https://doi.org/10.33262/cienciadigital.v8i2.2995,https://openalex.org/W4396691659,True,https://cienciadigital.org/revistacienciadigital2/index.php/CienciaDigital/article/download/2995/7768,revisar,6,coincidencia amplia con gestión/liderazgo educativo,"frase media en título: gestion educativa, gestión educativa | frase media en resumen/palabras clave: gestion educativa, gestión educativa | gestión/liderazgo + educación genérica",duda,caso ambiguo para revisión manual,segunda revisión: requiere lectura humana
10.26820/recimundo/7.(2).jun.2023.238-251,2026-05-19,gestión educativa,OpenAlex,RECIMUNDO,article,Michael Antonio Tomalá De La Cruz; Eva María Mascaró Benites; Carlos Guillermo Carrasco Cachinelli; Elsa Verónica Aroni Caicedo,Incidencias de la inteligencia artificial en la educación,"La inteligencia artificial atrae la atención de las sociedades en general y de la comunidad científica en particular por su potencial para mejorar ciertos procesos de la vida diaria. En educación específicamente, ha experimentado la invasión de las tecnologías de la información y la comunicación durante varias décadas y ha sido testigo de su evolución, así como de cómo pueden contribuir a configurar un proceso educativo mucho más atractivo, motivador y evolutivo. Por lo tanto, el propósito de este artículo es revisar cómo la inteligencia artificial ha afectado la enseñanza, el aprendizaje y los campos de la gestión educativa. La investigación se realizó bajo una metodología de tipo documental bibliográfica, bajo la modalidad de revisión de textos científicos, entre artículos, publicaciones profesionales e informes de congresos. Este estudio nos permite concluir que la inteligencia artificial en general tiene un gran impacto en la educación, especialmente en las áreas de gestión, enseñanza y aprendizaje en el sector educativo o en el contexto de las instituciones educativas individuales. Este estudio permitió visualizar, en general, que, la inteligencia artificial en los últimos años, ha tenido un gran impacto en la educación, especialmente en los campos de gestión, enseñanza y aprendizaje en todos los entornos de instituciones educativas. Por otro lado, los docentes juegan un papel fundamental en este proceso a través de sus métodos y el uso de estas tecnologías. De igual forma, existen programas de educación basada en decisiones en colegios y universidades que están apostando por nuevos modelos de educación tecnológica.",Humanities; Political science; Philosophy,2023,2023-06-29,10.26820/recimundo/7.(2).jun.2023.238-251,https://doi.org/10.26820/recimundo/7.(2).jun.2023.238-251,https://openalex.org/W4385449534,True,https://recimundo.com/index.php/es/article/download/2045/2555,revisar,3,coincidencia amplia con gestión/liderazgo educativo,"frase media en resumen/palabras clave: gestion educativa, gestión educativa | gestión/liderazgo + educación genérica",duda,caso ambiguo para revisión manual,segunda revisión: requiere lectura humana
10.35381/r.k.v8i17.3145,2026-05-19,gestión educativa,OpenAlex,Revista Arbitrada Interdisciplinaria Koinonía,article,Elvira Yanett Calonge-Angulo; Oswaldo Arturo Villoslada-Aguirre; Yoni Mateo Valiente-Saldaña; Frank Alexander Diaz-Valiente,Clima organizacional y satisfacción laboral en una unidad de gestión educativa local,"Esta investigación fue realizada con el objeto de determinar la relación entre la variable clima organizacional y la variable satisfacción laboral de los trabajadores administrativos en una UGEL de Nuevo Chimbote, 2023. El estudio fue de tipo no experimental y diseño correlacional. En una muestra de 82 empleados de la unidad educativa en mención, se aplicaron dos cuestionarios validados respecto a cada variable. El cuestionario sobre clima organizacional se compuso de 05 dimensiones con 50 ítems, y el cuestionario sobre satisfacción laboral se compuso de 07 dimensiones con 36 ítems. Finalmente, se comprobó la correlación baja, pero significativa entre las variables, la cual se comprobó mediante el estadístico Rho de Spearman = 0.273 con un valor p = 0.000.",Humanities; Psychology; Physics; Job satisfaction; Social psychology; Philosophy,2024,2024-01-01,10.35381/r.k.v8i17.3145,https://doi.org/10.35381/r.k.v8i17.3145,https://openalex.org/W4392081368,True,https://fundacionkoinonia.com.ve/ojs/index.php/revistakoinonia/article/download/3145/5498,revisar,4,coincidencia amplia con gestión/liderazgo educativo,"frase media en título: gestion educativa, gestión educativa | gestión/liderazgo + educación genérica",duda,caso ambiguo para revisión manual,segunda revisión: requiere lectura humana
10.57166/micaela.v4.n1.2023.92,2026-05-19,gestión educativa,OpenAlex,Micaela Revista de Investigación - UNAMBA,article,Luis Cruz-Martinez; Rudy G. Cruz-Martinez,Planeamiento Estratégico y Gestión Educativa en instituciones educativas secundarias del distrito de Orurillo,"The objective of the research work was to determine the relationship between strategic planning and educa- tional management in secondary educational institutions of the Orurillo district. The methodological design used has been descriptive correlational, the study sample was 82 people among managers, teachers and administrators chosen by designed probabilistic sampling. To collect the data, the questionnaire of 40 questions with a Likert scale between the two study variables was applied as a research instrument. The main finding of the study between strategic planning and educational management was direct and of a moderate positive relationship, with Pearson's correlation coefficient of r = 0.6113 and the hypothesis test Tc = 6.908; which means that the good level of strategic planning of the directors also reflects the good level of educational management in the secondary educational institutions of the Orurillo district.",Political science; Geography; Humanities; Philosophy,2023,2023-07-13,10.57166/micaela.v4.n1.2023.92,http://dx.doi.org/10.57166/micaela.v4.n1.2023.92,https://openalex.org/W4384155382,True,http://revistas.unamba.edu.pe/index.php/micaela/article/download/92/139,revisar,6,coincidencia amplia con gestión/liderazgo educativo,"frase media en título: gestion educativa, gestión educativa | frase media en resumen/palabras clave: educational management | gestión/liderazgo + educación genérica",duda,caso ambiguo para revisión manual,segunda revisión: requiere lectura humana
10.33996/franztamayo.v3i6.315,2026-05-19,gestión educativa,OpenAlex,Franz Tamayo - Revista de Educación,article,Cinthia Gimena Vargas Cayetano; Orlando Torrico Rocha,Estrategias para la transformación de la gestión educativa tomando en cuenta la recuperación del sujeto,"En el presente trabajo de sistematización se presentan las experiencias vividas de un equipo de docentes investigadores en el marco del Modelo Educativo Sociocomunitario Productivo MESCP con la intención de mejorar el ambiente laboral de las instituciones educativas Bolivia Japón y Alto San Pablo en el distrito de Puerto Villarroel y Cochabamba 1 y 2. Es una investigación cualitativa y de campo porque los docentes fueron partícipes directos en el hecho de estudio y basándose en sus experiencias, realizaron los diálogos pedagógicos en los que se explican los problemas de convivencia de ambas instituciones y las soluciones propuestas para mejorarla. Además, se reflexiona sobre la práctica que desempeña el gestor en una institución educativa. Se concluye que el gestor educativo junto con el docente, son los responsables principales en la comunicación asertiva de la institución y la convivencia educativa.",Humanities; Political science; Philosophy,2021,2021-02-01,10.33996/franztamayo.v3i6.315,https://doi.org/10.33996/franztamayo.v3i6.315,https://openalex.org/W3132993828,True,https://revistafranztamayo.org/index.php/franztamayo/article/download/315/933,revisar,4,coincidencia amplia con gestión/liderazgo educativo,"frase media en título: gestion educativa, gestión educativa | gestión/liderazgo + educación genérica",duda,caso ambiguo para revisión manual,segunda revisión: requiere lectura humana
10.33996/revistahorizontes.v6i22.331,2026-05-19,gestión educativa,OpenAlex,Horizontes Revista de Investigación en Ciencias de la Educación,article,Stephanie Marjorie Valladares-Durand; Colbert Martín Carlos Soto Rivera; Amilcar Máximo Vicuña-Ureta; Gleny Secibel Jara-Llanos,planificación estratégica como mejora del desempeño docente en Perú,"Las instituciones educativas, igual que las empresas, debendeposeerunaorganización interna que les permita capitalizar sus fuerzas hacia objetivos específicos; sin embargo, la coyuntura puede modificar las expectativas y estrategias a emplear. Así, todas las instituciones deben tener una planificación estratégica que alinee a los docentes, comprendiendo que la buena gestión educativa garantiza el éxito de toda la comunidad. Por ello, el objetivo de este estudio es dilucidar el impacto que tiene una buena planificación estratégica en la mejora del desempeño de los docentes del Perú, tomando en consideración: sus características, beneficios y procesos. Para este fin, se realizó una revisión sistemática exploratoria y análisis datos. Finalmente, gracias a la rigurosa selección de información se pudo concluir que, en efecto, existe una relación directamente proporcional entre planificación estratégica y desempeño docente, expresado en la mejora de tiempo, orden y ejecución.",Humanities; Philosophy; Political science,2022,2022-03-07,10.33996/revistahorizontes.v6i22.331,https://doi.org/10.33996/revistahorizontes.v6i22.331,https://openalex.org/W4221052978,True,https://revistahorizontes.org/index.php/revistahorizontes/article/download/430/886,revisar,3,coincidencia amplia con gestión/liderazgo educativo,"frase media en resumen/palabras clave: gestion educativa, gestión educativa | gestión/liderazgo + educación genérica",duda,caso ambiguo para revisión manual,segunda revisión: requiere lectura humana
10.35381/e.k.v4i7.1175,2026-05-19,gestión educativa,OpenAlex,EPISTEME KOINONIA,article,Danny Rafael Rosero-Guanotásig; Ricardo Patricio Medina Chicaiza,Gamificación: Estrategia para la enseñanza de operaciones elementales de matemáticas,"La gestión educativa constituye un desafío en estos tiempos de cambio, gracias al apoyo de las tecnologías y de herramientas tecnológicas se estimulan los ambientes de formación brindando a los niños y jóvenes mediante el juego nuevas formas de enseñanza-aprendizaje. El propósito general de la investigación es analizar la importancia de la gamificación como estrategia en la enseñanza de las matemáticas de una Unidad Educativa de Educación Básica. El estudio es una investigación descriptiva documental con diseño bibliográfico, ya que se utilizaron técnicas de exploración documental para fundamentar la estrategia educativa como la gamificación y la enseñanza de las matemáticas. Se utilizó la técnica Iadov propuesta por (Kuzmina, 1970) para validar la estrategia didáctica de gamificación a través de una encuesta de satisfacción. Se concluye que para su aplicación es pertinente una capacitación a los docentes, donde se familiaricen con el entorno de la herramienta y sus diferentes funciones.",Humanities; Philosophy,2021,2021-01-01,10.35381/e.k.v4i7.1175,https://doi.org/10.35381/e.k.v4i7.1175,https://openalex.org/W3139989557,True,https://fundacionkoinonia.com.ve/ojs/index.php/epistemekoinonia/article/download/1175/2121,revisar,3,coincidencia amplia con gestión/liderazgo educativo,"frase media en resumen/palabras clave: gestion educativa, gestión educativa | gestión/liderazgo + educación genérica",duda,caso ambiguo para revisión manual,segunda revisión: requiere lectura humana
10.33996/revistahorizontes.v7i29.610,2026-05-19,gestión educativa,OpenAlex,Horizontes Revista de Investigación en Ciencias de la Educación,article,Edgar Ney Llanos Chuquipa,La participación ciudadana en la educación pública,"La participación ciudadana en las políticas públicas en los últimos años ha ganado relevancia debido, al rol central que ejerce el estudiante en la mejora de la calidad educativa y su relación con la construcción de una ciudadanía democrática, plural e inclusiva. El estudio tuvo como objetivo analizar la participación ciudadana en la educación pública. Se tuvo en cuenta las bases de datos como Scopus, Redalyc, Scielo, Google académico, y Web of Science en el mundo de los últimos 5 años. Para el desarrollo de la presente investigación se optó por la revisión sistemática, utilizando 50 artículos de diversos países. Dentro de los principales hallazgos se identificó que la participación ciudadana en relación a la comunidad educativa, docente, gestión educativa y participación familiar y ciudadana. Finalmente, se evidenció un incremento de producción científica sobre la participación ciudadana en los últimos años, lo cual sugiere la importancia y relevancia a nivel académico y político de los mecanismos participativos en la construcción de ciudadanía para generar cambios en la sociedad.",Political science; Humanities; Philosophy,2023,2023-04-06,10.33996/revistahorizontes.v7i29.610,https://doi.org/10.33996/revistahorizontes.v7i29.610,https://openalex.org/W4384026704,True,https://revistahorizontes.org/index.php/revistahorizontes/article/download/1035/1962,revisar,3,coincidencia amplia con gestión/liderazgo educativo,"frase media en resumen/palabras clave: gestion educativa, gestión educativa | gestión/liderazgo + educación genérica",duda,caso ambiguo para revisión manual,segunda revisión: requiere lectura humana
10.15381/rpiiedu.v2i1.22673,2026-05-19,gestión educativa,OpenAlex,Revista peruana de investigación e innovación educativa,article,Rocio Mercedes Zamora Arteaga; Renzo Fabrizzio Díaz-Camacho; Jorge Leoncio Rivera Muñoz,La gestión pedagógica de calidad mediante una revisión sistemática internacional,"En los últimos años ha surgido una gran preocupación por indagar como se desarrolla la gestión pedagógica porque beneficia a la comunidad educativa. Además, los objetivos de este paper fueron: (a) describir la conceptualización de la gestión pedagógica y (b) definir los beneficios y los medios de la gestión educativa en la formación estudiantil. También, la metodología se basó en la declaración PRISMA para una revisión sistemática y se buscaron en base de datos científicas como Web of Science, ERIC y Scielo. Según los resultados se seleccionaron 13 investigaciones internacionales en las que se identifica, observa e incorpora la conceptualización, los medios y las ventajas de la gestión pedagógica en la adquisición de aprendizajes y logros de competencias en el estudiantado. En conclusión, se requiere profundizar en los medios para desarrollar una gestión pedagógica exitosa y se necesita implementar el uso de las TIC para mejorar la calidad educativa.",Humanities; Political science; Philosophy,2022,2022-04-06,10.15381/rpiiedu.v2i1.22673,https://doi.org/10.15381/rpiiedu.v2i1.22673,https://openalex.org/W4387547632,True,https://revistasinvestigacion.unmsm.edu.pe/index.php/repiie/article/download/22673/18069,revisar,3,coincidencia amplia con gestión/liderazgo educativo,"frase media en resumen/palabras clave: gestion educativa, gestión educativa | gestión/liderazgo + educación genérica",duda,caso ambiguo para revisión manual,segunda revisión: requiere lectura humana
10.15366/jospoe2020.11.001,2026-05-19,gestión educativa,OpenAlex,Journal of Supranational Policies of Education (JOSPOE),article,Enrique Javier Díez Gutiérrez,POLÍTICAS DE EVALUACIÓN ESTANDARIZADA Y GOBERNANZA “EMPRESARIAL” EN EDUCACIÓN,"Este artículo analiza las políticas de evaluación estandarizadas que se siguen implantando en todo el mundo, como uno de los mecanismos más incisivos del nuevo paradigma de “gobernanza neoliberal” educativa. Indagando cómo este modelo de evaluación está demandando una nueva gestión al estilo “empresarial” de los centros educativos, acompañada por un discurso que proclama la necesaria descentralización y autonomía educativa de los centros. Pero no se refiere a una autonomía pedagógica, sino de financiación. Una descentralización, pero sin recursos. En este contexto, resurge la denominada “Nueva Gestión Pública”, como mecanismo de gobernanza de los servicios públicos, aplicada a la educación. En el texto se explora cómo operan estos dispositivos, que “hacen hacer” y que se convierten en herramientas de control social. Puesto que requieren la participación activa de los involucrados e imponen una “racionalidad” orientada a “gobernarse” bajo la presión de la competición, de acuerdo con el principio de cálculo del máximo interés individual. Finalmente, en sentido propositivo, este artículo plantea la necesidad de otro enfoque de la evaluación y la gestión educativa posible y necesario, desde un modelo democrático e inclusivo",Political science; Humanities; Philosophy,2020,2020-11-26,10.15366/jospoe2020.11.001,https://doi.org/10.15366/jospoe2020.11.001,https://openalex.org/W3108682001,True,https://revistas.uam.es/jospoe/article/download/jospoe2020_11_001/12958,revisar,0,coincidencia amplia con gestión/liderazgo educativo,"frase media en resumen/palabras clave: gestion educativa, gestión educativa | gestión/liderazgo + educación genérica | gestión como dependencia/sector, no como objeto directivo: gestion publica, gestión pública",duda,caso ambiguo para revisión manual,segunda revisión: requiere lectura humana
10.62407/rces.v2i2.45,2026-05-19,gestión educativa,OpenAlex,Revista Científica de Estudios Sociales,article,Tirso Celedón-Lacayo; Álvaro Malespín; Miroslava Romero,"Herramientas para la formación docente: liderazgo comunitario, redes de tutoría y comunidades de aprendizaje","Para una formación docente eficaz es fundamental promover su capacitación y dotarles de las herramientas necesarias para una gestión educativa adecuada. La disponibilidad de herramientas relevantes y pertinentes es clave para desarrollar un trabajo educativo que responda a las necesidades tanto de los estudiantes como de la sociedad en general. El liderazgo es un tema amplio y multifacético que se ha estudiado en diversos contextos, incluyendo la educación. El presente estudio consiste en una revisión de literatura acerca de la información disponible como un acercamiento a una estrategia educativa a partir de estos conceptos y cómo pueden influir en el rendimiento y desarrollo de los estudiantes, el personal docente y el funcionamiento de las instituciones educativas. Se considera que docentes y líderes sociales buscan la consecución de objetivos educativos, desarrollando como estrategia innovadora las redes de tutoría para suplir las carencias en las comunidades de aprendizaje.",TUTOR; Humanities; Sociology; Philosophy; Pedagogy,2023,2023-06-09,10.62407/rces.v2i2.45,http://dx.doi.org/10.62407/rces.v2i2.45,https://openalex.org/W4391951121,True,https://portalderevistas.uam.edu.ni/index.php/revistaestudiossociales/article/download/45/32,revisar,3,coincidencia amplia con gestión/liderazgo educativo,"frase media en resumen/palabras clave: gestion educativa, gestión educativa | gestión/liderazgo + educación genérica",duda,caso ambiguo para revisión manual,segunda revisión: requiere lectura humana
10.33996/revistahorizontes.v6i23.362,2026-05-19,gestión educativa,OpenAlex,Horizontes Revista de Investigación en Ciencias de la Educación,article,Olga Tatiana Roncal Berrocal,La Cultura de la Autoevaluación y el Servicio Educativo en las Instituciones Educativas de la Región Callao,"La cultura de autoevaluación como la forma de saber y hacer de toda institución educativa puede resolver las diversas problemáticas que afronta, pues al conocer sus necesidades y situaciones particulares, ésta formará parte de los mecanismos internos con los que cuenta a favor para el cumplimiento de su misión. Estas capacidades, valores, contenidos y métodos que utiliza o puede utilizar como parte de la cultura de autoevaluación tienen relación con el servicio educativo que presta. Por ello, el presente estudio tiene como objetivo general; establecer qué relación existe entre la cultura de la autoevaluación y el servicio educativo en las instituciones educativas de la Policía Nacional del Perú que funcionan en la Región Callao. Los resultados indican que existe una correlación positiva entre la variable cultura de la autoevaluación y el servicio educativo. Se concluye que, las políticas de gestión educativa deben considerar la cultura de la autoevaluación en las instituciones educativas para lograr un servicio educativo que responda a su misión institucional.",Humanities; Political science; Philosophy,2022,2022-05-28,10.33996/revistahorizontes.v6i23.362,https://doi.org/10.33996/revistahorizontes.v6i23.362,https://openalex.org/W4282932181,True,https://revistahorizontes.org/index.php/revistahorizontes/article/download/500/988,revisar,3,coincidencia amplia con gestión/liderazgo educativo,"frase media en resumen/palabras clave: gestion educativa, gestión educativa | gestión/liderazgo + educación genérica",duda,caso ambiguo para revisión manual,segunda revisión: requiere lectura humana
10.33386/593dp.2022.1-1.1002,2026-05-19,gestión educativa,OpenAlex,593 Digital Publisher CEIT,article,Angel Ferrin-Plaza; Angelica Villacis-Zambrano,liderazgo institucional y su incidencia en el clima laboral para la formación de la interdisciplinariedad en el colegio Vicente Rocafuerte.,"El presente artículo de investigación tiene como finalidad presentar un estudio y análisis sobre la incidencia del liderazgo institucional que ocurre en el clima laboral de la Unidad Educativa Vicente Rocafuerte, enfocado en la formación de interdisciplinariedad entre los docentes que laboran en mencionada institución educativa, ubicada en la ciudad de Guayaquil. Este artículo académico es de revisión teórica, es decir, se basa en la búsqueda de información de fuentes confiables, tales como, artículos de revista, libros, bases de datos, entre otros, aplicando metodologías que sugieren los académicos expertos en el ámbito de la investigación científica en concordancia con las variables de estudio. Para la realización de esta investigación se utilizará el método analítico, mediante la recopilación de información como base teórica sobre la gestión educativa, el liderazgo en la cultura organizacional; así mismo, para realizar el análisis de la problemática se trabajará con el método hipotético-deductivo, empleando el proceso inductivo mediante la observación y deductivo a través de la generación de hipótesis y sus posibles resultados. Finalmente, para alcanzar los objetivos de la investigación y dar solución a la problemática a través de la propuesta se identifica un modelo de liderazgo enmarcado en las buenas prácticas sociales, mismo que su comportamiento será analizado y estudiado desde un enfoque de observación directa, ya que comprenderá de realidades complejas y simbólicas, para obtener resultados que se asemejen a la realidad del entorno laboral en la unidad de estudio.",Humanities; Political science; Philosophy,2022,2022-02-04,10.33386/593dp.2022.1-1.1002,https://doi.org/10.33386/593dp.2022.1-1.1002,https://openalex.org/W4210913799,True,https://www.593dp.com/index.php/593_Digital_Publisher/article/download/1002/953,revisar,3,coincidencia amplia con gestión/liderazgo educativo,"frase media en resumen/palabras clave: gestion educativa, gestión educativa | gestión/liderazgo + educación genérica",duda,caso ambiguo para revisión manual,segunda revisión: requiere lectura humana
10.29394/scientific.issn.2542-2987.2024.9.e2.1.20-41,2026-05-19,gestión educativa,OpenAlex,Revista Scientific,article,A. Muñoz; Darwin Javier Aman Balseca; Ángel Yasmil Echeverría Guzmán; César Montúfar,Programa de formación continua en metodologías activas para mejorar la gestión pedagógica en Básica Superior,"La gestión pedagógica es fundamental para mejorar la calidad educativa en la educación básica superior. Esta investigación tiene como objetivo implementar un Programa de Formación Continua en Metodologías Activas para optimizar dicha gestión. Se desarrolló una metodología cuantitativa, con diseño no experimental, de campo y nivel descriptivo. Se aplicó un cuestionario dicotómico de 19 ítems a una muestra de 23 docentes. Los resultados principales revelan una limitada aplicación práctica de metodologías activas y el predominio de estrategias didácticas tradicionales, evidenciando resistencia al cambio. Sin embargo, se identificó interés por participar en programas de formación continua en metodologías activas, específicamente en Aprendizaje Basado en Proyectos (ABP) y Aprendizaje Basado en Problemas (ABPr). Se diseñó e implementó un programa de formación continua enfocado en estas metodologías. Las conclusiones resaltan la importancia de fortalecer tanto el conocimiento teórico como la aplicación práctica de las metodologías activas entre los docentes. Este programa representa un paso significativo hacia la modernización de las prácticas pedagógicas y el mejoramiento de la gestión educativa en la institución.",Humanities; Political science; Physics; Philosophy,2024,2024-05-06,10.29394/scientific.issn.2542-2987.2024.9.e2.1.20-41,http://dx.doi.org/10.29394/scientific.issn.2542-2987.2024.9.e2.1.20-41,https://openalex.org/W4401074224,True,https://www.indteca.com/ojs/index.php/Revista_Scientific/article/download/1117/1531,revisar,3,coincidencia amplia con gestión/liderazgo educativo,"frase media en resumen/palabras clave: gestion educativa, gestión educativa | gestión/liderazgo + educación genérica",duda,caso ambiguo para revisión manual,segunda revisión: requiere lectura humana
10.15517/rge.v8i1.51771,2026-05-19,gestión educativa,OpenAlex,Gestión de la educación,article,Francisco Pérez Zamora,"Incidencia de la gestión de los procesos de comunicación institucional, toma de decisiones y los incentivos en el desempeño del personal docente en el Instituto de Educación Dr. Clodomiro Picado Twight","La consideración de aspectos como la comunicación institucional, la toma de decisiones y la aplicación de incentivos laborales, podría relacionarse de forma directa con el desempeño que tienen las personas docentes en sus diferentes funciones en un centro educativo. Aunque esta investigación no resulta suficiente para determinar un patrón general de comportamiento, sí puede establecer un punto de partida para generar una perspectiva, a nivel macro, de aspectos que se pueden estudiar con detalle y así estimar una línea de abordaje más amplia. Este trabajo analizó la incidencia de la gestión de los procesos de comunicación institucional, toma de decisiones y los incentivos laborales en el desempeño del personal docente en el Instituto de Educación Dr. Clodomiro Picado Twight. Su enfoque de investigación es cuantitativo. Los datos se obtuvieron a través de una entrevista semiestructurada aplicada a quienes se desempeñan en los puestos de dirección, subdirección y auxiliares administrativos del centro educativo en estudio. Además, se aplicó un cuestionario a los 102 docentes del colegio, recibiendo la respuesta de 91 de ellos, correspondiendo a un 90% del total de la población. La información recopilada permite determinar estadísticamente la influencia que tienen los tres aspectos en estudio sobre el desempeño del profesorado en sus labores. Por lo que, a partir de los resultados emanados por la discusión de los resultados, se presentó una propuesta de intervención que busca fortalecer y apoyar a la gestión educativa en la mejora de estos tres ámbitos en el colegio en que se realizó la investigación.",Humanities; Political science; Persona; Philosophy,2022,2022-07-08,10.15517/rge.v8i1.51771,https://doi.org/10.15517/rge.v8i1.51771,https://openalex.org/W4313031260,True,https://revistas.ucr.ac.cr/index.php/gestedu/article/download/51771/51826,revisar,3,coincidencia amplia con gestión/liderazgo educativo,"frase media en resumen/palabras clave: gestion educativa, gestión educativa | gestión/liderazgo + educación genérica",duda,caso ambiguo para revisión manual,segunda revisión: requiere lectura humana
10.37885/978-65-5360-498-8,2026-05-19,gestión educativa,OpenAlex,Editora Científica Digital eBooks,book,Juan Carlos Cárdenas Valverde; Irina Giovanna Flores Poma; Jean Edward Cárdenas Flores; Kimberly Johana Cárdenas Flores; Katherine Nicole Cárdenas Rivera; Ana María Goyas Baldoceda; Rufino Agustín Mitma Pérez; Efraín Quispe Paitán; César Alberto Franco Carpio; Senia Ayuque Loayza,INFLUENCIA DEL MENTORING EN LA REDACCIÓN DE CUESTIONARIOS EN GESTIÓN EDUCATIVA,"La gestión educativa desempeña un rol preponderante en el funcionamiento eficiente de un centro educativo, ya que impacta directamente en la calidad del aprendizaje. Evaluar la efectividad de la gestión educativa es importante para identificar espacios de mejora y promover el desarrollo continuo. Existen diferentes maneras y formas de evaluar la gestión educativa a partir de instrumentos que sean capaces de evidenciar realmente lo que se desea observar. Por ello, la investigación inicia con el objetivo de establecer la influencia que tiene el mentoring en la redacción de cuestionarios sobre gestión educativa. La metodología aplicada parte del enfoque cuantitativo, con un diseño solo después. La población la conforman 40 investigadores multidisciplinarios y la muestra 10 investigadores. Se ha utilizado un cuestionario como instrumento de recojo de datos. El promedio obtenido al finalizar el estudio es de 17.60 puntos, por lo que hay influencia positiva entre las variables. Conclusión: La influencia que tiene el mentoring es positiva en la redacción de cuestionarios en gestión educativa.",Humanities; Philosophy,2023,2023-01-01,10.37885/978-65-5360-498-8,http://dx.doi.org/10.37885/978-65-5360-498-8,https://openalex.org/W4389727717,True,https://downloads.editoracientifica.com.br/books/978-65-5360-498-8.pdf,revisar,6,coincidencia amplia con gestión/liderazgo educativo,"frase media en título: gestion educativa, gestión educativa | frase media en resumen/palabras clave: gestion educativa, gestión educativa | gestión/liderazgo + educación genérica",duda,caso ambiguo para revisión manual,segunda revisión: requiere lectura humana
10.35381/e.k.v5i1.1697,2026-05-19,gestión educativa,OpenAlex,EPISTEME KOINONIA,article,Zila Isabel Esteves-Fajardo; José Fernando Rentería-Monroy; Guadalupe Elizabeth Paredes Menéndez; Carlos Fernando Sánchez Morrillo,El liderazgo transformacional para la gestión educativa,"En la presente investigación se planteó como objetivo general analizar el liderazgo transformacional para la gestión educativa. La metodología de utilizada fue de tipo cuantitativa con alcance explicativo y analítico y apoyo documental-bibliográfico. Así mismo, lo analítico–sintético, consistió en descomponer mentalmente el sistema estudiado en varios elementos para poder llegar a la obtención de nuevos conocimientos. Se analizaron artículos científicos arbitrados y tesis de grado, lo que permitió generar un marco teórico sobre el liderazgo transformacional para la gestión educativa. Como resultados, constituye una de las estrategias de suma importancia en el campo educativo, ya que contribuye a la implementación, en conjunto con la comunidad educativa, equipos de docentes, estudiantes y comunidad, en establecer nuevas formar de enseñar y repesar la educación. Se concluye que el liderazgo transformacional brinda una alternativa para la educación en todos sus niveles, en la exploración de nuevas fórmulas de capacitación, aprendizaje y pedagogía.",Humanities; Political science; Art,2022,2022-03-01,10.35381/e.k.v5i1.1697,https://doi.org/10.35381/e.k.v5i1.1697,https://openalex.org/W4280509855,True,https://fundacionkoinonia.com.ve/ojs/index.php/epistemekoinonia/article/download/1697/3066,revisar,6,coincidencia amplia con gestión/liderazgo educativo,"frase media en título: gestion educativa, gestión educativa | frase media en resumen/palabras clave: gestion educativa, gestión educativa | gestión/liderazgo + educación genérica",duda,caso ambiguo para revisión manual,segunda revisión: requiere lectura humana
https://openalex.org/W7155302478,2026-05-19,gestión educativa,OpenAlex,LA Referencia (Red Federada de Repositorios Institucionales de Publicaciones Científicas),dissertation,Nelly Epifania Mucha Escobar,Liderazgo transformacional y gestión educativa en una institución educativa de Naña – 2022,"La presente investigación titulada “Liderazgo transformacional y gestión educativa en una Institución Educativa de Naña – 2022” fue planteada con el propósito de determinar la relación entre el liderazgo transformacional y la gestión educativa, por lo que el estudio fue llevado a cabo desde el enfoque cuantitativo según el diseño no experimental en el nivel correlacional, tomando como muestra a 82 docentes de una institución educativa a quienes se les pregunto por su percepción sobre el liderazgo transformacional y la gestión educativa. En relación a los resultados descriptivos, el 56.1% de trabajadores encuestados percibieron como medio el liderazgo transformacional, valorando mejor también la influencia idealizada, y el 59.8% de colaboradores encuestados indicaron como regular el nivel de gestión educativa, con una valoración de mayor porcentaje en la gestión organizacional. Por otra parte, en relación a los hallazgos inferenciales (Sig. < 0.05 y Rho = 0.569) han dado motivo a comprobar que existe relación, por lo que el estudio concluyó que existe correlación positiva en un nivel medio entre el liderazgo transformacional y la gestión educativa.",Human being; Initial training,2024,2024-01-01,,https://hdl.handle.net/20.500.12692/139076,https://openalex.org/W7155302478,True,https://hdl.handle.net/20.500.12692/139076,revisar,6,coincidencia amplia con gestión/liderazgo educativo,"frase media en título: gestion educativa, gestión educativa | frase media en resumen/palabras clave: gestion educativa, gestión educativa | gestión/liderazgo + educación genérica",duda,caso ambiguo para revisión manual,segunda revisión: requiere lectura humana
10.17163/abyaups.127.3,2026-05-19,gestión educativa,OpenAlex,,book-chapter,"Universidad Politécnica Salesiana, Carrera de Diseño Multimedia; Paola Alexandra Calupiña Feijoo",Tecnología y transformación digital en la gestión educativa,"En el contexto actual, la tecnología se ha consolidado como una fuerza transformadora que redefine los procesos y modelos en diversos sectores. En la educación, esta revolución digital no solo ha modificado las herramientas y recursos disponibles, también ha dado paso a nuevas formas de enseñanza, aprendizaje y, especialmente, de gestión educativa. La transformación digital en el ámbito educativo implica una profunda reconfiguración de la manera en que las instituciones organizan y administran su quehacer, integrando soluciones tecnológicas que optimicen los procesos pedagógicos. Al analizar la interacción entre la tecnología y la gestión educativa, se busca reflexionar sobre cómo estos avances pueden transformar no solo los procedimientos administrativos, sino también las relaciones entre docentes, estudiantes y comunidades educativas, contribuyendo a la creación de un entorno más dinámico, accesible e innovador. De esta manera, la transformación digital se presenta como una herramienta estratégica para lograr una educación de calidad, inclusiva y adaptada a las demandas del siglo XXI.",Political science,2025,2025-07-30,10.17163/abyaups.127.3,https://doi.org/10.17163/abyaups.127.3,https://openalex.org/W4412749992,False,,revisar,6,coincidencia amplia con gestión/liderazgo educativo,"frase media en título: gestion educativa, gestión educativa | frase media en resumen/palabras clave: gestion educativa, gestión educativa | gestión/liderazgo + educación genérica",duda,caso ambiguo para revisión manual,segunda revisión: requiere lectura humana
10.47865/igob.vol6.n22.2023.246,2026-05-19,gestión educativa,OpenAlex,IGOBERNANZA,article,Gloria Isabel Suarez Chuquipiondo de Rengifo; Edgar Florián Damián Núñez,"Componente propuesta pedagógica del proyecto educativo institucional y su relación con el desempeño docente en la I.E. María Inmaculada, Requena, Loreto, 2016","Plantea que uno de los instrumentos de gestión y de los más importantes es el proyecto educativo institucional, ahí está incluida la propuesta pedagógica de manera integral. Dicha propuesta dirige y orienta todo el proceso educativo y la interacción que se da entre los actores de la comunidad educativa. Cabe resaltar la importancia que tiene esta propuesta para fortalecer, mejorar y desarrollar mejores prácticas pedagógicas en la institución educativa. La gestión educativa es vista como un conjunto de procesos teóricos prácticos integrados horizontal y verticalmente dentro del sistema educativo para cumplir los mandatos sociales; la mencionada I.E. María Inmaculada, Requena, Loreto, no está aislada de lo que ocurre en su entorno, por ello, es que frontalmente toma la realidad tal cual es y enfrenta el reto que se le presenta para mejorar la calidad de la práctica pedagógica en el aula. En los últimos tiempos, adquiere gran importancia como un factor determinante en la actividad educativa el concepto de gestión. El mismo que hace referencia a la manera de dinamizar los distintos insumos que interviene en la organización y funcionamiento de una unidad educativa. Los resultados demostraron que existe una correlación significativa entre el conocimiento del componente propuesta pedagógica y el desempeño docente al obtenerse el coeficiente de Rho de Spearman = 0,822 y el valor de ρ = 0,000 < 0,05",Humanities; Geography; Art,2023,2023-06-30,10.47865/igob.vol6.n22.2023.246,http://dx.doi.org/10.47865/igob.vol6.n22.2023.246,https://openalex.org/W4384382913,True,https://igobernanza.org/index.php/IGOB/article/download/246/563,revisar,3,coincidencia amplia con gestión/liderazgo educativo,"frase media en resumen/palabras clave: gestion educativa, gestión educativa | gestión/liderazgo + educación genérica",duda,caso ambiguo para revisión manual,segunda revisión: requiere lectura humana
https://openalex.org/W7155261545,2026-05-19,gestión educativa,OpenAlex,LA Referencia (Red Federada de Repositorios Institucionales de Publicaciones Científicas),dissertation,Santos Muro Flores,"Programa de gestión educativa para el liderazgo pedagógico en una institución educativa de Lambayeque, 2024","Este estudio tuvo como objetivo diseñar un modelo de gestión educativa para fortalecer el liderazgo pedagógico en una institución educativa de Lambayeque, 2024. Con un enfoque cuantitativo, básico y no experimental, se diagnosticó la situación actual de la gestión educativa, se caracterizó una propuesta fundamentada en las teorías de Gestión Educativa Estratégica y Liderazgo Transformacional, y se validó mediante juicio de expertos. Los resultados indicaron que la gestión educativa fue evaluada mayoritariamente como buena (94.4%), destacando las dimensiones institucional, pedagógica y comunitaria, mientras que la dimensión administrativa presentó oportunidades de mejora. Además, se identificó una fuerte correlación positiva y significativa (=0.915) entre gestión educativa y liderazgo pedagógico, lo que evidenció su interdependencia. La propuesta, estructurada en cuatro componentes: planificación estratégica, fortalecimiento del liderazgo pedagógico, optimización administrativa e integración con la comunidad, fue calificada como ""Excelente"" por los expertos, validando su relevancia, coherencia y viabilidad. Se concluyó que este modelo responde a las necesidades específicas del contexto educativo, promoviendo la mejora continua y la sostenibilidad institucional.",Context (archaeology); Order (exchange); Special educational needs,2025,2025-01-01,,https://hdl.handle.net/20.500.12692/162373,https://openalex.org/W7155261545,True,https://repositorio.ucv.edu.pe/bitstream/20.500.12692/162373/1/Muro_FS-SD.pdf,revisar,6,coincidencia amplia con gestión/liderazgo educativo,"frase media en título: gestion educativa, gestión educativa | frase media en resumen/palabras clave: gestion educativa, gestión educativa | gestión/liderazgo + educación genérica",duda,caso ambiguo para revisión manual,segunda revisión: requiere lectura humana
10.1016/j.ijedro.2024.100327,2026-05-19,gestión educativa,OpenAlex,International Journal of Educational Research Open,article,Luis Alberto Geraldo Campos; Romel Arturo Rosales-Gomero; Juan J. Soria; Jacksaint Saintila,Psychometric properties of the digital competences scale in regular basic education teachers,"Since the introduction of technology in the classroom, there has been a growing demand for digital competencies, which has driven the need for validated instruments to assess this concept more prominently. Therefore, this study determined the psychometric properties of a self-assessment scale of digital competencies for teachers of Regular Basic Education. The study was carried out in the Unidad de Gestión Educativa Local (UGEL)/District Education Management Unit of Barranca and Huaura located north of Lima, Peru. A cross-sectional and instrumental quantitative methodological strategy was used, in which exploratory factor analysis (EFA) and confirmatory factor analysis (CFA) techniques were used, and 534 teachers were surveyed. The results show an EFA with two factors and loadings greater than 0.4, a KMO equal to 0.957, and a cumulative variance of 51.30%. The CFA analysis validated three models, where model 2 with three factors, Evaluación y Promoción (EP)/Evaluation and Promotion; Recursos Digitales en la Enseñanza (RDE)/Digital Resources in Teaching; and Participación Profesional en el Aprendizaje (PPA)/Professional Participation in Learning, yielded high correlations and adequate goodness-of-fit indices close to unity (X2/df =1.476; RMSEA=0.042; TLI=0.97; and CFI=0.97). It can be observed that model 2, which includes three factors, presents more appropriate measures, which makes it the most suitable option for assessing digital competencies in teachers of Regular Basic Education.",Structural equation modeling; Confirmatory factor analysis; Exploratory factor analysis; Promotion (chess); Scale (ratio); Psychology; Goodness of fit; Unit (ring theory); Mathematics; Mathematics education; Statistics; Geography; Cartography; Political science,2024,2024-01-15,10.1016/j.ijedro.2024.100327,https://doi.org/10.1016/j.ijedro.2024.100327,https://openalex.org/W4390891768,True,https://doi.org/10.1016/j.ijedro.2024.100327,revisar,3,coincidencia amplia con gestión/liderazgo educativo,"frase media en resumen/palabras clave: gestion educativa, gestión educativa | gestión/liderazgo + educación genérica",duda,caso ambiguo para revisión manual,segunda revisión: requiere lectura humana
https://openalex.org/W7155318168,2026-05-19,gestión educativa,OpenAlex,LA Referencia (Red Federada de Repositorios Institucionales de Publicaciones Científicas),article,Luis Enrique Guillen Catilla,Liderazgo pedagógico y gestión educativa en Educación Básica Regular en el distrito de Grocio Prado – Chincha,"Esta investigación buscó determinar la relación que existe entre el liderazgo pedagógico y la gestión educativa en Institución Educativa “Melchorita Saravia” del distrito de Grocio Prado y de manera específica la relación entre liderazgo y las dimensiones de la gestión educativa. Consiste en un estudio de tipo básico, nivel descriptivo correlacional y diseño no experimental, aplicando dos encuestas a una muestra censal de 70 docentes de los tres niveles educativos ofertados en la institución. Los resultados evidencian un nivel medio – alto de liderazgo pedagógico y nivel medio con tendencia a bajo en cuanto a gestión educativa; la correlación mediante Rho de Spearman es de 0,692, con significancia menor a 5%. Concluyendo que la relación entre liderazgo pedagógico y gestión educativa en la Institución Educativa “Melchorita Saravia” del distrito de Grocio Prado, es positiva y significativa, a mayor y mejor liderazgo, mejor gestión educativa.",Population; Context (archaeology); Work (physics),2024,2024-07-18,,https://hdl.handle.net/20.500.14597/8647,https://openalex.org/W7155318168,True,https://repositorio.unh.edu.pe/bitstreams/a99a5c8d-4d83-49f0-8378-b97c7506cc03/download,revisar,6,coincidencia amplia con gestión/liderazgo educativo,"frase media en título: gestion educativa, gestión educativa | frase media en resumen/palabras clave: gestion educativa, gestión educativa | gestión/liderazgo + educación genérica",duda,caso ambiguo para revisión manual,segunda revisión: requiere lectura humana
https://openalex.org/W7155257849,2026-05-19,gestión educativa,OpenAlex,LA Referencia (Red Federada de Repositorios Institucionales de Publicaciones Científicas),dissertation,Diana Gianina Asencio Gamarra,"Gestión educativa y calidad educativa en una institución educativa de El Milagro, Trujillo – 2022","El actual trabajo de investigación buscó establecer la relación entre la gestión educativa y calidad educativa en una institución educativa de El Milagro. Es una investigación no experimental, corte transeccional, cuantitativa, correlacional, conformaron la población y muestra 30 docentes que trabajan en la institución. Se emplearon los test de gestión educativa y calidad educativa, ambos fueron diseñados a partir de lineamientos y definiciones teóricas, dichos instrumentos fueron validados y sujetos a la prueba de confiabilidad alfa de Cronbach, en la cual se obtuvo como resultado α = 0.953 (α > 0.70) para el instrumento que evalúa la gestión educativa, la confiabilidad Alfa de Cronbach de α = 0.964 (α > 0.70) para el instrumento que evalúa la calidad educativa; lo cual indica que los instrumentos son confiables. Los datos recolectados fueron procesados utilizando la estadística descriptiva e inferencial, lográndose así determinar la correlación entre las variables estudiadas a través de la prueba de Spearman arrojando como resultado 0,932, concluyendo en que existe una relación altamente significativa entre ambas variables de estudio, por tanto, la calidad de la educación depende en su mayor parte de la operatividad de la gestión educativa, por esta razón, se afirma que mejorando la gestión educativa es posible que mejore la calidad educativa en la institución.",Test (biology); Quality (philosophy); Population; Initial training,2022,2022-01-01,,https://hdl.handle.net/20.500.12692/175442,https://openalex.org/W7155257849,True,https://repositorio.ucv.edu.pe/bitstream/20.500.12692/175442/1/Asencio_GDG-SD.pdf,revisar,6,coincidencia amplia con gestión/liderazgo educativo,"frase media en título: gestion educativa, gestión educativa | frase media en resumen/palabras clave: gestion educativa, gestión educativa | gestión/liderazgo + educación genérica",duda,caso ambiguo para revisión manual,segunda revisión: requiere lectura humana
https://openalex.org/W7155261756,2026-05-19,gestión educativa,OpenAlex,LA Referencia (Red Federada de Repositorios Institucionales de Publicaciones Científicas),dissertation,Jhoan Manuel Espinoza Fernandez,"Gestión educativa y Balanced Scorecard en una institución educativa particular de Chosica, 2025","Este estudio aportó al ODS 8: Trabajo Decente y Crecimiento Económico. El objetivo general fue determinar la relación entre Gestión Educativa y Balanced Scorecard en una institución educativa particular de Chosica durante el año 2025, que enfrentaba disminución de matrícula, alta morosidad e información dispersa. La investigación fue básica, con enfoque cuantitativo, diseño no experimental, correlacional y transversal. La muestra censal estuvo conformada por 69 colaboradores. Se aplicaron dos cuestionarios validados mediante juicio de expertos, con confiabilidad de α = .941 para Gestión Educativa y α = .938 para Balanced Scorecard. Los datos se analizaron mediante el coeficiente Rho de Spearman. Los resultados revelaron correlación positiva alta (Rho = 0.812; p < 0.01; r² = 0.659), evidenciando que 65.9% de la variación del BSC se explicó por la gestión educativa. Se identificó un contraste significativo: 60.9% percibió la gestión educativa en niveles bajo y medio, coherente con las debilidades institucionales, mientras que 58.0% ubicó el BSC en nivel alto. Se concluyó que existe relación significativa entre ambas variables, rechazándose la hipótesis nula; el fortalecimiento integral de las dimensiones estratégica, administrativa, pedagógica y comunitaria se asocia directamente con mejor desempeño en las perspectivas financiera, clientes, procesos internos y aprendizaje y crecimiento.",Balanced scorecard; Good practice; Work (physics),2025,2025-01-01,,https://hdl.handle.net/20.500.12692/181289,https://openalex.org/W7155261756,True,https://hdl.handle.net/20.500.12692/181289,revisar,6,coincidencia amplia con gestión/liderazgo educativo,"frase media en título: gestion educativa, gestión educativa | frase media en resumen/palabras clave: gestion educativa, gestión educativa | gestión/liderazgo + educación genérica",duda,caso ambiguo para revisión manual,segunda revisión: requiere lectura humana
https://openalex.org/W7155255439,2026-05-19,gestión educativa,OpenAlex,LA Referencia (Red Federada de Repositorios Institucionales de Publicaciones Científicas),dissertation,Mirian Susana Durand Ysla,"Gestión educativa y desempeño docente de una institución educativa del distrito El Agustino, 2024","Esta investigación permitirá aportar sustento a los objetivos del desarrollo sostenible (ODS) 4 al área de investigación Educación y calidad educativa, a través de la línea de acción RSU Apoyo a la reducción de brechas y carencias en la educación en todos sus niveles. Este trabajo tuvo como objetivo determinar la relación que existe entre la gestión educativa y el desempeño docente de una institución educativa del distrito de El Agustino, 2024, en donde el tipo de investigación fue básica del nivel descriptivo correlacional, de enfoque cuantitativo; de diseño no experimental de corte transversal. Los resultados evidencian que existe una correlación significativa entre el nivel de gestión educativa y desempeño docente. La conclusión muestra que el 22,8% de los encuestados mencionaron que la relación entre la gestión educativa y desempeño docente es mala, el 8.9% regular y el 12.7% buena. En donde el coeficiente Tau _b de Kendall es 0,364 lo cual indica una correlación positiva, directa baja entre la gestión educativa y desempeño docente a un nivel de significancia de 0,01.",Population; Work (physics); Context (archaeology); Initial training,2024,2024-01-01,,https://hdl.handle.net/20.500.12692/150691,https://openalex.org/W7155255439,True,https://hdl.handle.net/20.500.12692/150691,revisar,6,coincidencia amplia con gestión/liderazgo educativo,"frase media en título: gestion educativa, gestión educativa | frase media en resumen/palabras clave: gestion educativa, gestión educativa | gestión/liderazgo + educación genérica",duda,caso ambiguo para revisión manual,segunda revisión: requiere lectura humana
https://openalex.org/W7155292971,2026-05-19,gestión educativa,OpenAlex,LA Referencia (Red Federada de Repositorios Institucionales de Publicaciones Científicas),dissertation,Marcial Banda Rafael,La comunicación interna y la gestión educativa en una institución educativa particular de Chiclayo,"El estudio se realizó con el objetivo de encontrar la comunicación interna y la gestión educativa en una Institución Educativa Particular de Chiclayo. Se utilizó un enfoque positivista cuantitativo y responde a un tipo de investigación básica no experimental, con diseño descriptivo correlacional y de corte transversal. La muestra estuvo constituida por 80 docentes y administrativos de una institución educativa particular en Chiclayo. la técnica de recolección de datos utilizada fue la encuesta, los instrumentos obtuvieron alta confiablidad y validez por juicio de expertos. Los resultados, denotados por el valor de coeficiente de correlación del estadístico Rho de Spearman fue de ,839**, estos resultados obtuvieron correlación directa fuerte entre las variables siendo altamente significativos en la gestión educativa con la comunicación interna. Los hallazgos descriptivos exponen que el 49% de los trabajadores se encuentran en niveles bajos en la gestión educativa y con el 53% en la comunicación interna. Ello nos permite concluir que existe relación entre gestión educativa y la comunicación interna en una institución educativa específica en Chiclayo de manera proporcional y positiva.",Initial training; Special educational needs; Continuing education,2024,2024-01-01,,https://hdl.handle.net/20.500.12692/181435,https://openalex.org/W7155292971,True,https://hdl.handle.net/20.500.12692/181435,revisar,6,coincidencia amplia con gestión/liderazgo educativo,"frase media en título: gestion educativa, gestión educativa | frase media en resumen/palabras clave: gestion educativa, gestión educativa | gestión/liderazgo + educación genérica",duda,caso ambiguo para revisión manual,segunda revisión: requiere lectura humana
10.26620/uniminuto.perspectivas.9.24.2024.47-57,2026-05-19,gestión educativa,OpenAlex,Perspectivas,article,Catty Orellana Guevara,Gestión educativa de frente a la globalización: reto ante la transformación digital,"Este ensayo tiene por objetivo reflexionar sobre la gestión educativa de frente a la globalización, con el fin de concientizar en la necesidad de enfrentar los desafíos que representa y, a su vez, aprovechar las oportunidades que trae consigo. Lo anterior obliga a replantear las estrategias de planificación y gestión educativa en correspondencia con los avances tecnológicos, en especial en países con poco acceso a la tecnología y a la conectividad, que corren el riesgo de quedar en desventaja en un mundo interconectado. Se concluye que, ante el incremento de la digitalización, el centro educativo está forzado a reinventarse y asumir el reto de comprender e implementar sistemas y redes de información para avanzar hacia la universalización pues, es el medio para la transformación de la educación y su integración dentro de la sociedad del conocimiento",Political science; Humanities; Philosophy,2024,2024-05-31,10.26620/uniminuto.perspectivas.9.24.2024.47-57,http://dx.doi.org/10.26620/uniminuto.perspectivas.9.24.2024.47-57,https://openalex.org/W4399269388,True,https://revistas.uniminuto.edu/index.php/Pers/article/download/3790/3639,revisar,6,coincidencia amplia con gestión/liderazgo educativo,"frase media en título: gestion educativa, gestión educativa | frase media en resumen/palabras clave: gestion educativa, gestión educativa | gestión/liderazgo + educación genérica",duda,caso ambiguo para revisión manual,segunda revisión: requiere lectura humana
https://openalex.org/W7155264049,2026-05-19,gestión educativa,OpenAlex,LA Referencia (Red Federada de Repositorios Institucionales de Publicaciones Científicas),dissertation,Carmen Rosa Lazaro Rivera,"Gestión educativa y clima institucional en instituciones educativas públicas de la UGEL 02, Lima 2024","La presente investigación busca aportar a logro del cuarto objetivo del desarrollo sostenible (Educación de calidad). Esta tuvo por objetivo determinar la relación significativa que existe entre la gestión educativa y el clima institucional en instituciones educativas públicas de la UGEL 02. Metodológicamente se trata de una investigación de tipo básica, diseño no experimental, método hipotético– deductivo, nivel descriptivo-correlacional y corte transversal en una muestra de 71 docentes, usándose dos cuestionarios. Para la variable gestión educativa se establecieron tres niveles: buena (35.2%), regular (60.6 %) y baja (4.2%); y en la variable de clima institucional se identificaron los niveles: buena (43.7%), regular (53.5%) y baja (2%). En los análisis inferenciales se utilizó la Tau b de Kendall, determinándose una vinculación alta, directa y significativa entre la gestión educativa y el clima institucional (Sig.=0.000, T=0.842); asimismo en cada bilateralidad entre la gestión educativa con las dimensiones del clima institucional: comunicación (Sig.=0.000 y T=0.690), motivación (Sig.=0.000 y T=0.517), confianza (Sig.=0.000 y T=0.586) y participación (Sig.=0.000 y T=0.660). Concluyéndose que la gestión educativa se relaciona directa y significativamente con el clima institucional en las instituciones educativas públicas de la UGEL 02, Lima, 2024.",Population; Work (physics); Transversal (combinatorics); Context (archaeology),2024,2024-01-01,,https://hdl.handle.net/20.500.12692/150680,https://openalex.org/W7155264049,True,https://hdl.handle.net/20.500.12692/150680,revisar,6,coincidencia amplia con gestión/liderazgo educativo,"frase media en título: gestion educativa, gestión educativa | frase media en resumen/palabras clave: gestion educativa, gestión educativa | gestión/liderazgo + educación genérica",duda,caso ambiguo para revisión manual,segunda revisión: requiere lectura humana
https://openalex.org/W7155260079,2026-05-19,gestión educativa,OpenAlex,LA Referencia (Red Federada de Repositorios Institucionales de Publicaciones Científicas),dissertation,Carlos Darwin Mera Chuquicahua,Tecnologías de la información y la gestión educativa de una I.E. de Cutervo 2025,"El presente estudio explora la relación entre la integración de las Tecnologías de la Información (TI) y la gestión educativa en una institución educativa de Cutervo en 2024, alineándose con el Objetivo de Desarrollo Sostenible (ODS) 4, que promueve una educación inclusiva y de calidad. La investigación es de tipo aplicada, con enfoque cuantitativo, diseño no experimental y nivel correlacional. Se trabajó con una muestra de 42 docentes y personal administrativo seleccionados mediante muestreo probabilístico estratificado. Los resultados muestran una correlación positiva moderada y significativa (r = 0.682, p < 0.05) entre el uso de las TI y la gestión educativa, así como relaciones significativas con las dimensiones de planeación (r = 0.637), organización (r = 0.679), dirección (r = 0.617) y control administrativas (r = 0.518). Estos hallazgos subrayan la importancia de las TI para optimizar procesos administrativos y mejorar la eficiencia en la gestión educativa. Se concluye que la integración de las TI tiene un impacto positivo en la mejora de la gestión educativa y se recomienda fortalecer la infraestructura tecnológica y la capacitación docente en competencias digitales para superar las brechas existentes en la institución.",Work (physics); Population; Control (management); Context (archaeology),2025,2025-01-01,,https://hdl.handle.net/20.500.12692/159207,https://openalex.org/W7155260079,True,https://repositorio.ucv.edu.pe/bitstream/20.500.12692/159207/1/Mera_CCD-SD.pdf,revisar,6,coincidencia amplia con gestión/liderazgo educativo,"frase media en título: gestion educativa, gestión educativa | frase media en resumen/palabras clave: gestion educativa, gestión educativa | gestión/liderazgo + educación genérica",duda,caso ambiguo para revisión manual,segunda revisión: requiere lectura humana
https://openalex.org/W7155261577,2026-05-19,gestión educativa,OpenAlex,LA Referencia (Red Federada de Repositorios Institucionales de Publicaciones Científicas),dissertation,Consuelo Mercedes Gomez Quillay,"Gestión educativa y el clima organizacional en una institución educativa pública en Lima, 2025","La presente tesis tuvo como objetivo de investigación determinar la relación entre la gestión educativa y clima organizacional de una institución educativa, Lima 2025. La investigación fue de tipo básico, con diseño no experimental de corte transversa, correlacional. La población estuvo conformada por trabajadores de la entidad profesores, personal administrativos y padres de familia que conforma la entidad educativa y con una muestra de 60 participantes. La técnica utilizada para la recolección de datos fue la encuesta, aplicándose un cuestionario validado como instrumento. Los resultados evidenciaron que el 38,3% fue de participantes que percibe un nivel malo en la gestión educativa el 33,3 %lo considera regular y solo el 28,3 % lo evalúa como bueno. En cuanto al clima organizacional el 46,7 %de los encuestados lo percibe como malo, el 33,3 % como regular y el 20 % como bueno. Se identificó una correlación positiva moderada entre ambas variables (Rho de Spearman= 0.524 p < 0.05), lo que indica que a mejor gestión educativa mejor clima organizacional. En conclusión, se evidencio una relación estadísticamente significativa entre la gestión educativa y el clima organizacional, siendo ambos aspectos percibidos predominantes en niveles bajos por los miembros de la comunidad educativa.",Urban environment; Human being,2025,2025-01-01,,https://hdl.handle.net/20.500.12692/179742,https://openalex.org/W7155261577,True,https://hdl.handle.net/20.500.12692/179742,revisar,6,coincidencia amplia con gestión/liderazgo educativo,"frase media en título: gestion educativa, gestión educativa | frase media en resumen/palabras clave: gestion educativa, gestión educativa | gestión/liderazgo + educación genérica",duda,caso ambiguo para revisión manual,segunda revisión: requiere lectura humana
https://openalex.org/W7155278694,2026-05-19,gestión educativa,OpenAlex,LA Referencia (Red Federada de Repositorios Institucionales de Publicaciones Científicas),dissertation,Carmen Rosa Diaz Lazo,Gestión educativa y desempeño docente en las instituciones educativas multigrado de la provincia de Huancayo,"La tesis Gestión educativa y desempeño docente en las instituciones educativas multigrado de la provincia de Huancayo, se da ya que se observa deficiencias en la gestión educativa , desconocimiento y retraso tanto pedagógicas y administrativas, que resultan en el bajo nivel académico del educando y el incumplimiento de los objetivos institucionales, por tal motivo se formuló la siguiente pregunta: ¿Qué relación existe entre la gestión educativa y el desempeño docente en las instituciones educativas multigrado de la provincia de Huancayo?, el objetivo propuesto es: Determinar la relación que existe entre la gestión educativa y el desempeño docente en las instituciones educativas multigrado de la provincia de Huancayo. La hipótesis formulada es: La gestión educativa se relaciona directamente con el desempeño docente en las instituciones educativas multigrado de la provincia de Huancayo. En la metodología, el tipo de investigación es básica, el nivel es correlacional y tiene un diseño no experimental correlacional, la recolección de datos fue mediante la técnica de la encuesta y el cuestionario fue el instrumento. La muestra de estudio fueron 153 instituciones educativas multigrado de la provincia de Huancayo. Concluyendo que la gestión educativa se relaciona directamente con el desempeño docente en las instituciones educativas multigrado de la provincia de Huancayo, corroborado con r = 804, sig.(bilateral) = 0.000 y t calculada = 16.62; cuando se llevan a cabo las actividades de organización y elaboración de proyectos, así como la ejecución de las programaciones establecidas en los módulos curriculares logrando mayor capacidad de los docentes y evidenciándose en el resultado de niveles académicos de los estudiantes.",Initial training; Ethnography; Perspective (graphical),2024,2024-01-01,,http://hdl.handle.net/20.500.12894/10628,https://openalex.org/W7155278694,True,http://hdl.handle.net/20.500.12894/10628,revisar,6,coincidencia amplia con gestión/liderazgo educativo,"frase media en título: gestion educativa, gestión educativa | frase media en resumen/palabras clave: gestion educativa, gestión educativa | gestión/liderazgo + educación genérica",duda,caso ambiguo para revisión manual,segunda revisión: requiere lectura humana
10.37811/cl_rcm.v9i1.16689,2026-05-19,gestión educativa,OpenAlex,Ciencia Latina Revista Científica Multidisciplinar,article,Mónica Liliana Agüero Ynca,Calidad y gestión educativa en el proceso formativo de estudiantes de maestría,"La calidad educativa y la gestión educativa son pilares fundamentales en el desarrollo del proceso de enseñanza-aprendizaje, especialmente en niveles académicos avanzados como la maestría. Estos dos conceptos no solo son considerados de manera independiente, sino que su interacción se ha vuelto cada vez más relevante para asegurar el éxito de los estudiantes en su formación profesional y académica. En este contexto, la gestión educativa juega un papel crucial, ya que se encarga de organizar, planificar y evaluar los recursos y estrategias necesarias para que el proceso de enseñanza sea eficaz y eficiente. Por otro lado, la calidad educativa se refiere a la capacidad de los programas académicos para ofrecer una formación integral y pertinente, que responda a las necesidades y expectativas de los estudiantes, así como a los estándares nacionales e internacionales. El proceso de adaptación de los estudiantes de maestría a nuevas metodologías de enseñanza, combinado con la constante evolución de las necesidades del mercado laboral y las demandas del conocimiento, ha requerido una mayor flexibilidad por parte de las instituciones educativas. En este sentido, el estudio realizado demuestra que existe una estrecha relación entre la calidad educativa y la gestión educativa, lo que implica que ambas deben estar alineadas para lograr resultados óptimos en el proceso formativo. La alta correlación observada en los resultados (Rho = 0.976) refleja la influencia mutua de estos dos factores en el desarrollo académico de los estudiantes de maestría. Además, esta relación positiva indica que una gestión educativa eficiente, que promueva recursos adecuados, espacios de aprendizaje pertinentes y una evaluación constante de los procesos pedagógicos, mejora la calidad educativa.",Humanities; Art,2025,2025-03-19,10.37811/cl_rcm.v9i1.16689,https://doi.org/10.37811/cl_rcm.v9i1.16689,https://openalex.org/W4408614901,True,https://ciencialatina.org/index.php/cienciala/article/download/16689/23931,revisar,6,coincidencia amplia con gestión/liderazgo educativo,"frase media en título: gestion educativa, gestión educativa | frase media en resumen/palabras clave: gestion educativa, gestión educativa | gestión/liderazgo + educación genérica",duda,caso ambiguo para revisión manual,segunda revisión: requiere lectura humana
https://openalex.org/W7155307107,2026-05-19,gestión educativa,OpenAlex,LA Referencia (Red Federada de Repositorios Institucionales de Publicaciones Científicas),dissertation,Gladis Rosario Carazas Flores,"Gestión educativa y calidad educativa en una institución educativa pública de Alto Selva Alegre, Arequipa-2023","La presente investigación titulada Gestión educativa y calidad educativa en una Institución Educativa pública de Alto Selva Alegre, Arequipa-2023; propuso como objetivo general. Determinar la relación que existe entre la Gestión Educativa y la Calidad Educativa, afirmando en la hipótesis que. Existe relación entre la gestión educativa y la calidad educativa en una institución Educativa pública de Alto Selva Alegre, Arequipa-2023 La metodología que se abordó fue con el enfoque cuantitativo, nivel aplicado, de tipo descriptivo correlacional con un diseño no experimental. La población estuvo conformada por un total de 1220 personas la muestra fue de 120 encuestados, no probabilístico e intencional a los que se les aplico como instrumento el cuestionario para las dos variables. “gestión educativa “y “calidad educativa “, información que fue recogida y procesada estadísticamente. De los hallazgos de la investigación y del análisis de los resultados del cuestionario a docentes, permitieron concluir que existe correlación entre la gestión educativa y la calidad educativa con un grado positivo moderado y un valor Rho de Spearman de 0,623 un nivel de significancia de p=,000 entre las dos variables",Persona; Quality (philosophy); Value (mathematics); Population,2024,2024-01-01,,https://hdl.handle.net/20.500.12773/18133,https://openalex.org/W7155307107,False,,revisar,6,coincidencia amplia con gestión/liderazgo educativo,"frase media en título: gestion educativa, gestión educativa | frase media en resumen/palabras clave: gestion educativa, gestión educativa | gestión/liderazgo + educación genérica",duda,caso ambiguo para revisión manual,segunda revisión: requiere lectura humana
https://openalex.org/W7155313139,2026-05-19,gestión educativa,OpenAlex,LA Referencia (Red Federada de Repositorios Institucionales de Publicaciones Científicas),dissertation,Soledad Deisi Rojas Castro,"Práctica docente en la gestión educativa en instituciones educativas públicas alto andinas de una provincia de Lima, 2023","Uno de los problemas que existe en las instituciones educativas publicas alto andinas es la práctica docente que no se relacionan con la gestión educativa, lo cual conlleva a una inadecuada gestión educativa y una mala práctica docente lo que no permite una educación de calidad. El título es Práctica docente en la gestión educativa en instituciones educativas públicas alto andinas de una provincia de Lima, 2023. El objetivo general de la investigación fue identificar la influencia de la práctica docente, en la gestión educativa en instituciones educativas públicas alto andinas, de una provincia de Lima, 2023 El estudio es de enfoque cuantitativo, se realizó una encuesta a 60 docentes de instituciones educativas alto aldinas de la provincia de Huaral; los resultados obtenidos después de un análisis descriptivo e inferencial dieron un resultado de que la práctica docente influye significativamente en la gestión educativa, con un valor de Chi-cuadrado = 131,712 con un (Sig. = ,000) < 0,05 y una influencia del 98.8%,de la práctica docente en la gestión educativa en instituciones públicas alto andinas, se concluye en que la variable práctica docente influye de manera muy significativa en la variable gestión educativa en instituciones educativas publicas alto andinas.",Work (physics); Initial training; Context (archaeology),2024,2024-01-01,,https://hdl.handle.net/20.500.12692/151298,https://openalex.org/W7155313139,True,https://repositorio.ucv.edu.pe/bitstream/20.500.12692/151298/1/Rojas_CSD-SD.pdf,revisar,6,coincidencia amplia con gestión/liderazgo educativo,"frase media en título: gestion educativa, gestión educativa | frase media en resumen/palabras clave: gestion educativa, gestión educativa | gestión/liderazgo + educación genérica",duda,caso ambiguo para revisión manual,segunda revisión: requiere lectura humana
10.31908/eucp.102.c799,2026-05-19,gestión educativa,OpenAlex,,book-chapter,Laura Marcela Salazar Sicacha; Jhon Wilmar Toro Zapata; Natalia Ríos Orozco; Mónica Gallego Echeverri; Juan Antonio Gutiérrez Fox; Claudia Patricia Villada Salazar,Gestión Educativa,"El proyecto de intervención se realizó mediante un estudio exploratorio cualitativo con entrevistas semiestructuradas aplicadas a los docentes de grado décimo de la institución educativa Santa Isabel en Dosquebradas, Risaralda, Colombia arrojando una solución, una plataforma digital que pretende mejorar las prácticas discursivas docentes, la comprensión y la conexión con los estudiantes. La segunda parte es este documento que tiene el respaldo de la implementación en el cual se condensan los elementos teóricos, metodológicos, y las conclusiones de la aplicación de la herramienta digital en la Institución Educativa.",Work (physics); Qualitative research; Context (archaeology); Ethnography; Participant observation,2026,2026-03-27,10.31908/eucp.102.c799,https://doi.org/10.31908/eucp.102.c799,https://openalex.org/W7141174171,True,https://editorial.ucp.edu.co/omp/index.php/e-books/catalog/download/102/100/3639?inline=1,revisar,4,coincidencia amplia con gestión/liderazgo educativo,"frase media en título: gestion educativa, gestión educativa | gestión/liderazgo + educación genérica",duda,caso ambiguo para revisión manual,segunda revisión: requiere lectura humana
https://openalex.org/W7155261999,2026-05-19,gestión educativa,OpenAlex,LA Referencia (Red Federada de Repositorios Institucionales de Publicaciones Científicas),article,Pamela Lisbeth Montoya Lam; Carmen Luz Morillo Garro,Gestión Educativa y Clima Institucional de una Institución Educativa Pública del Distrito de Comas 2025,"El presente informe de tesis investigó la relación entre la gestión educativa y clima institucional en una Institución Educativa Pública del distrito de Comas 2025. Estudio cuantitativo, básico, no experimental, correlacional y transaccional. Se empleó a modo de muestra a un total de 42 educadores, a los que administró una encuesta. Las herramientas fueron debidamente validadas por expertos, por examen de fiabilidad. Reportando que el 64,4% de los profesores indico un nivel medio de gestión educativa; el 68,9% indicó un nivel medio de clima institucional. Concluyó que hubo relación positiva alta entre las variables (Rho = 0,883; Sig.=0.000), demostrando que una gestión educativa eficaz tiende a mejorar el clima institucional, debido a que un liderazgo participativo y orientado a resultados fortalece la comunicación, colaboración y el sentido de pertenencia dentro de una institución.",Public security; Population; Work (physics); Residence,2026,2026-02-26,,https://hdl.handle.net/20.500.14520/12509,https://openalex.org/W7155261999,True,https://hdl.handle.net/20.500.14520/12509,revisar,6,coincidencia amplia con gestión/liderazgo educativo,"frase media en título: gestion educativa, gestión educativa | frase media en resumen/palabras clave: gestion educativa, gestión educativa | gestión/liderazgo + educación genérica",duda,caso ambiguo para revisión manual,segunda revisión: requiere lectura humana
https://openalex.org/W7155319635,2026-05-19,gestión educativa,OpenAlex,LA Referencia (Red Federada de Repositorios Institucionales de Publicaciones Científicas),dissertation,Flor de Liz Quispe Contreras,"Gestión educativa, satisfacción laboral en la práctica docente en una institución educativa pública del Rímac, 2024","La investigación titulada “Gestión educativa, satisfacción laboral en la práctica docente en una Institución Educativa Pública del Rímac, 2024” se inscribe dentro del marco del Objetivo de Desarrollo Sostenible (ODS) 4. Así mismo tuvo como objetivo analizar la influencia de la gestión educativa y la satisfacción laboral en la práctica docente en una institución educativa pública del distrito de Rímac, 2024. Para llevar a cabo el estudio, se empleó un enfoque cuantitativo con diseño correlacional causal y se utilizó la regresión logística ordinal y regresión logística múltiple siendo tres variables como herramienta de análisis. Los resultados fueron el 52,5% de los docentes perciben Gestión educativa en un nivel regular, en satisfacción laboral el 47.5% de los docentes en un nivel medio y el 40% de los docentes percibieron que la práctica docente en un nivel alto y las conclusiones fueron una influencia significativa entre la gestión educativa, la satisfacción laboral en la práctica docente. El coeficiente de Nagelkerke fue 0,722, lo que indica que estas dos variables explican el 72,2% de la variabilidad en la calidad de la práctica docente. Una gestión educativa adecuada y un ambiente de trabajo satisfactorio son factores determinantes para el desempeño de los docentes.",Work (physics); Christian ministry; Population; Apprenticeship; Residence,2025,2025-01-01,,https://hdl.handle.net/20.500.12692/177422,https://openalex.org/W7155319635,True,https://hdl.handle.net/20.500.12692/177422,revisar,6,coincidencia amplia con gestión/liderazgo educativo,"frase media en título: gestion educativa, gestión educativa | frase media en resumen/palabras clave: gestion educativa, gestión educativa | gestión/liderazgo + educación genérica",duda,caso ambiguo para revisión manual,segunda revisión: requiere lectura humana
10.56048/mqr20225.9.2.2025.e606,2026-05-19,gestión educativa,OpenAlex,MQRInvestigar,article,Leonor Elisabet Logroño-Padilla; Marlon Gabriel Tulcanazo-Torres; Washington Iván Cacoango-Yucta; Wellington Isaac Maliza-Cruz,Estrategia neurodidáctica y su impacto en las competencias de Emprendimiento y Gestión de los estudiantes de tercero de bachillerato técnico.,"El presente estudio permitió evaluar cómo la estrategia neurodidáctica metodológica influye en el desarrollo de competencias de los estudiantes del área de Emprendimiento y Gestión del tercer año de bachillerato técnico de la Unidad Educativa Atahualpa, donde se aplicó una estrategia llamada “Aprende jugando con retos reales”, que combina la gamificación y actividades prácticas que los estudiantes trabajaron formado equipos para diseñar un producto o servicio que reduzca el desperdicio de alimentos, implementando herramientas digitales como la plataforma MIRO organizaron sus ideas en la creación de nuevos proyectos de emprendimiento y desarrollo de su creatividad. La estrategia neurodidáctica buscó innovar la enseñanza, enfocándose en el aprendizaje centrado del estudiante y utilizando métodos que fomenten habilidades como el pensamiento crítico y la resolución de problemas, estableciendo vínculos socioemocionales con el entorno. Los resultados mostraron un aumento significativo en el rendimiento académico de los estudiantes después de aplicar la estrategia, lo cual fue evidenciado mediante la comparación de los resultados del pretest y post test. Gran parte de los estudiantes se sintieron satisfechos con la metodología, destacando que les ayudó a comprender mejor los conceptos y a trabajar en equipo La estrategia neurodidáctica no solo mejoró el rendimiento académico, sino que también fomentó un aprendizaje más dinámico y colaborativo, incentivó a los estudiantes para enfrentar los desafíos reales del mundo laboral y emprendedor. Se recomienda seguir actualizándose en este enfoque a los docentes para seguir promoviendo un aprendizaje significativo y relevante que fortalezca el emprendimiento en la gestión educativa.",Humanities; Political science; Philosophy,2025,2025-05-25,10.56048/mqr20225.9.2.2025.e606,https://doi.org/10.56048/mqr20225.9.2.2025.e606,https://openalex.org/W4410722385,True,https://www.investigarmqr.com/2025/index.php/mqr/article/download/606/7546,revisar,3,coincidencia amplia con gestión/liderazgo educativo,"frase media en resumen/palabras clave: gestion educativa, gestión educativa | gestión/liderazgo + educación genérica",duda,caso ambiguo para revisión manual,segunda revisión: requiere lectura humana
https://openalex.org/W7155267497,2026-05-19,gestión educativa,OpenAlex,LA Referencia (Red Federada de Repositorios Institucionales de Publicaciones Científicas),dissertation,Marina Alejandra Alcala Camayo,"Gestión educativa en la comunicación asertiva de los docentes de una institución educativa de Carabayllo, 2025","La presente investigación se asocia con el ODS 4; planteo como objetivo analizar la influencia de la gestión educativa en la comunicación asertiva de los docentes en una institución pública del distrito de Carabayllo, 2025. Se aplicó un enfoque cuantitativo, de tipo básico, nivel explicativo y diseño no experimental. La investigación se desarrolló con una muestra de 95 docentes, entre nombrados y contratados. El instrumento fue el cuestionario y el instrumento fue la encuesta; ambos instrumentos estuvieron conformados por 20 ítems. Los resultados demostraron que la gestión educativa es deficiente; el valor de Wald es mayor a 4 y la significancia es menor a 0.05. A la vez es predictor de la comunicación asertiva en deficiente; el valor de Wald es mayor a 4; p < 0.05. Se concluyó que la comunicación asertiva depende al 40.7% de la gestión educativa. (p<0.05). De lo que se infiere que existe una influencia entre la gestión educativa y la comunicación asertiva de los docentes de una institución educativa de Carabayllo, 2025.",Value (mathematics); Population; Work (physics); Limiting,2025,2025-01-01,,https://hdl.handle.net/20.500.12692/173843,https://openalex.org/W7155267497,True,https://hdl.handle.net/20.500.12692/173843,revisar,6,coincidencia amplia con gestión/liderazgo educativo,"frase media en título: gestion educativa, gestión educativa | frase media en resumen/palabras clave: gestion educativa, gestión educativa | gestión/liderazgo + educación genérica",duda,caso ambiguo para revisión manual,segunda revisión: requiere lectura humana
10.56048/mqr20225.7.4.2023.1957-1979,2026-05-19,gestión educativa,OpenAlex,MQRInvestigar,article,Graciela Elizabeth Rendon-Moncada; Mireya Stefanía Zúñiga-Delgado,"La calidad educativa, su incidencia en el rendimiento de los estudiantes Institución: Unidad Educativa Tiwintza","Introducción: La calidad educativa es de vital importancia, porque es el enfoque que analiza y revisa el cumplimiento y rendimiento de la misma, siendo una condición fundamental para las instituciones educativas, en la Unidad Educativa Tiwintza donde no se alcanza elevados niveles de Estándares de Calidad, por tal motivo ha generado que se realice una investigación, donde está presente una insuficiente gestión educativa es decir que no hay una participación en todos los procesos de aplicación de los estándares es lo que genera que exista un clima no adecuado. Objetivo: Identificar la incidencia de la Calidad Educativa en el Rendimiento Académico de los estudiantes de sexto y séptimo año de Educación Básica de la Unidad Educativa Tiwintza. Metodología: Con la investigación y con enfoque cualitativo, se examinó la conexión entre la calidad educativa y el rendimiento académico. Además, se evaluó el nivel de disponibilidad de los estándares de calidad que afectan el rendimiento académico de los estudiantes de la Unidad Educativa.&#x0D; Resultados: Los resultados obtenidos fueron muy buenos ya que a la problemática de la Unidad Educativa Tiwintza se llegó a determinar una satisfactoria solución para los estudiantes de dicha institución. Conclusión: La calidad en la educación se logra cuando se respetan los principios básicos de pertinencia, eficiencia, equidad y eficacia, que también contribuyen al mantenimiento de los estándares de calidad. Área de estudio general: Educación. Área de estudio específica: Calidad de la educación.",Humanities; Cartography; Geography; Philosophy,2023,2023-11-18,10.56048/mqr20225.7.4.2023.1957-1979,http://dx.doi.org/10.56048/mqr20225.7.4.2023.1957-1979,https://openalex.org/W4388783330,True,https://www.investigarmqr.com/ojs/index.php/mqr/article/download/805/3154,revisar,3,coincidencia amplia con gestión/liderazgo educativo,"frase media en resumen/palabras clave: gestion educativa, gestión educativa | gestión/liderazgo + educación genérica",duda,caso ambiguo para revisión manual,segunda revisión: requiere lectura humana
https://openalex.org/W7155252090,2026-05-19,gestión educativa,OpenAlex,LA Referencia (Red Federada de Repositorios Institucionales de Publicaciones Científicas),dissertation,Ismelda Maricela Amador Mendoza,"Gestión educativa y desempeño docente en la institución educativa públicas del distrito de Santiago de Cao,2022","La presente investigación tuvo como objetivo determinar la relación que existe entre la gestión educativa y el desempeño docente en las instituciones educativas públicas del distrito de Santiago de Cao, 2022. La metodología fue de tipo básica, buscó información sobre la problemática de estudio, con diseño no experimental, correlacional de corte transversal. La población censal estuvo conformada por 70 docentes; se emplearon cuestionarios para evaluar la gestión educativa y el desempeño docente, ambos cumplieron con los requisitos de validez por juicio de expertos y la confiabilidad. Se empleó la prueba Rho Spearman para determinar la relación entre variables cuyo resultado fue que la gestión educativa se relaciona con el desempeño docente, con un nivel de correlación fuerte (Rho 0,875 y p-valor 0,000). Es decir que a mejor gestión educativa, mejor desempeño docente.",Work (physics); Population; Continuing education,2022,2022-01-01,,https://hdl.handle.net/20.500.12692/116280,https://openalex.org/W7155252090,True,https://hdl.handle.net/20.500.12692/116280,revisar,6,coincidencia amplia con gestión/liderazgo educativo,"frase media en título: gestion educativa, gestión educativa | frase media en resumen/palabras clave: gestion educativa, gestión educativa | gestión/liderazgo + educación genérica",duda,caso ambiguo para revisión manual,segunda revisión: requiere lectura humana
https://openalex.org/W7155297101,2026-05-19,gestión educativa,OpenAlex,LA Referencia (Red Federada de Repositorios Institucionales de Publicaciones Científicas),dissertation,Natalia Palacios Villalobos; Ana Victoria Laime Pampa,Influencia de gestión educativa en el clima laboral en instituciones educativas públicas de Santa Anita,"La presente investigación cuyo objetivo fue “establecer la influencia de la gestión educativa en el clima laboral en instituciones educativas públicas del distrito Santa Anita”. En su metodología la investigación fue de nivel descriptivo, de tipo no experimental y corte transversal con un diseño correlacional. La muestra estuvo conformada por 92 docentes de dos instituciones educativas del sector público a quienes se les aplicaron dos instrumentos para medir las variables gestión educativa y clima laboral. Como resultados se encontró un coeficiente de correlación entre estas dos variables es de 0.917, lo que sugiere una relación muy fuerte y positiva entre ellas. El valor de significación bilateral es muy bajo (p < 0.001). Estos resultados indican que a medida que la percepción de ""Gestión Educativa"" mejora, la percepción del ""Clima Laboral"" también mejora de manera significativa, y esta relación es estadísticamente significativa. Concluyendo que la gestión educativa influye en el clima laboral al impactar en factores como liderazgo, recursos y apoyo. Una gestión eficiente puede crear un ambiente donde los docentes se sientan valorados, motivados y respaldados, lo que mejora la satisfacción, el compromiso y la calidad educativa en la institución.",Work (physics); Transversal (combinatorics); Work environment; Initial training,2025,2025-01-01,,https://hdl.handle.net/20.500.11955/1460,https://openalex.org/W7155297101,False,,revisar,6,coincidencia amplia con gestión/liderazgo educativo,"frase media en título: gestion educativa, gestión educativa | frase media en resumen/palabras clave: gestion educativa, gestión educativa | gestión/liderazgo + educación genérica",duda,caso ambiguo para revisión manual,segunda revisión: requiere lectura humana
https://openalex.org/W7155311124,2026-05-19,gestión educativa,OpenAlex,LA Referencia (Red Federada de Repositorios Institucionales de Publicaciones Científicas),dissertation,Bianka Roxana Lino Falero,Gestión educativa y la gestión pedagógica en la Institución Educativa 2062 Andrés Avelino Cáceres-UGEL 04- ANCÓN - 2021,"El trabajo de investigación titulado “Gestión Educativa y la Gestión Pedagógica en la Institución Educativa 2062 Andrés Avelino Cáceres-UGEL 04- ANCON - 2021”, tuvo como objetivo determinar la relación que existe entre la gestión educativa y la gestión pedagógica en la Institución Educativa 2062 Andrés Avelino CáceresUGEL 04- ANCON-2021. La metodología fue enfoque cuantitativo de nivel descriptivo correlacional, diseño no experimental de corte transversal y la muestra fue censal, no probabilística a conveniencia del investigador, la población conformada es de 70 colaboradores y se aplicaron dos cuestionarios, validados por juicio de expertos con un alfa de Cronbach en Gestión Pedagógica de 0,784 y Gestión Educativa obtuvo un valor de y 0,879. De acuerdo con los resultados, se evidenció una correlación positiva moderado de confiabilidad de 0.874** entre las ambas variables de Gestión Educativa y la Gestión Pedagógica. En conclusión, se determinó que existe relación significativa entre la gestión educativa y la gestión pedagógica, mediante el estadígrafo Rho de Spearman siendo un r = 0.874.",Population; Human being; Order (exchange),2020,2020-01-01,,https://hdl.handle.net/20.500.12692/151783,https://openalex.org/W7155311124,True,https://repositorio.ucv.edu.pe/bitstream/20.500.12692/151783/1/Lino_FBR-SD.pdf,revisar,6,coincidencia amplia con gestión/liderazgo educativo,"frase media en título: gestion educativa, gestión educativa | frase media en resumen/palabras clave: gestion educativa, gestión educativa | gestión/liderazgo + educación genérica",duda,caso ambiguo para revisión manual,segunda revisión: requiere lectura humana
https://openalex.org/W7155315925,2026-05-19,gestión educativa,OpenAlex,LA Referencia (Red Federada de Repositorios Institucionales de Publicaciones Científicas),article,Víctor Adilbio Medina Morales,Liderazgo compartido y gestión educativa en docentes de una institución educativa del huayo Pataz 2025,"El presente restudio tuvo como propósito determinar la relación entre el liderazgo compartido y la gestión educativa en docentes de una institución educativa del Huayo Pataz 2025. Este estudio de tipo descriptiva correlacional, el diseño que se utilizó fue el transversal correlacional y considero el método descriptivo, analítico sintético y el enfoque cuantitativo; tuvo una muestra conformada por 35 profesores; las variables y sus dimensiones fueron trabajadas con la técnica de la encuesta, y como instrumentos, los cuestionarios sobre ambas variables habiendo sido creadas por los autores y validados mediante el coeficiente alfa de Cronbach. Como conclusión se estableció que, la relación entre el liderazgo compartido y la gestión educativa en docentes de una institución educativa del Huayo Pataz 2025 es directa y significativa con un R de 0,749 y un p de 0,018 lo que da como resultado que, si hay un mejor liderazgo compartido, habrá una mejor gestión educativa.",Transversal (combinatorics); Hay; Initial training,2025,2025-08-23,,https://hdl.handle.net/20.500.14520/11230,https://openalex.org/W7155315925,True,https://hdl.handle.net/20.500.14520/11230,revisar,6,coincidencia amplia con gestión/liderazgo educativo,"frase media en título: gestion educativa, gestión educativa | frase media en resumen/palabras clave: gestion educativa, gestión educativa | gestión/liderazgo + educación genérica",duda,caso ambiguo para revisión manual,segunda revisión: requiere lectura humana
https://openalex.org/W7155320643,2026-05-19,gestión educativa,OpenAlex,LA Referencia (Red Federada de Repositorios Institucionales de Publicaciones Científicas),dissertation,Marino Cuya Choccña,Planeación estratégica en la gestión educativa de educadores en dos centros educativos Cercado de Lima 2024,"El presente investigación está orientada a contribuir a la disminución de brechas y vacíos en la educación en todo los niveles educativos, inclinado de que la educación es primordial para obtener un puesto laboral y apoyar a la igualdad de oportunidades (educación y calidad educativa) en ese marco, se investigó la planificación estratégica y la gestión educativa, el objetivo general fue determinar la influencia de la planeación estratégica en la gestión educativa en educadores en dos centros educativos, cercado de lima 2024. El estudio fue tipo aplicada, nivel explicativo, enfoque cuantitativo, y de diseño no experimental, correlacional-causal, transversal. La población estuvo compuesta por 70 educadores de dos centros educativos y la muestra fue censal. Se utilizó la encuesta como técnica de recogida de datos para ambas variables y como herramientas cuestionarios aprobados por expertos. La confiabilidad de los instrumentos se obtuvo a través del coeficiente de alfa de Cronbach, siendo de 0,890 para la planeación estratégica y de 0,892 para la gestión educativa. Los resultados que se obtuvieron al realizar la prueba de regresión logística mostraron un p-valor de 0,000 menor al margen de error α de 0,05 con lo que se probó que la planeación estratégica influye significativamente en la gestión educativa, además, los resultados del Pseudo R2 de Cox y Snell de Negelkerke explicaron los cambios de la gestión educativa a partir de la planeación estratégica en un 77,9% respectivamente.",Research methodology; Experimental science; Qualitative analysis,2024,2024-01-01,,https://hdl.handle.net/20.500.12692/150101,https://openalex.org/W7155320643,True,https://hdl.handle.net/20.500.12692/150101,revisar,6,coincidencia amplia con gestión/liderazgo educativo,"frase media en título: gestion educativa, gestión educativa | frase media en resumen/palabras clave: gestion educativa, gestión educativa | gestión/liderazgo + educación genérica",duda,caso ambiguo para revisión manual,segunda revisión: requiere lectura humana
https://openalex.org/W7155256549,2026-05-19,gestión educativa,OpenAlex,LA Referencia (Red Federada de Repositorios Institucionales de Publicaciones Científicas),dissertation,Guillermina Aurea Andrade Berrocal,Gestión educativa en el trabajo colegiado en docentes de instituciones educativas públicas de Chaca Ayacucho 2025,"La investigación aporta al ODS 4, educación de calidad, al analizar cómo la gestión educativa influye en el trabajo colegiado de docentes de instituciones públicas de Chaca, Ayacucho. El objetivo fue determinar esta influencia considerando liderazgo compartido, desarrollo profesional, apoyo emocional, optimización de recursos y articulación sectorial. Se desarrolló un estudio aplicado, cuantitativo y explicativo, con 50 docentes seleccionados aleatoriamente. Se aplicaron cuestionarios validados (α=0.907 y α=0.894). Los resultados muestran que el 78 % de docentes percibe la gestión educativa como regular y el 76 % califica de igual forma el trabajo colegiado. La regresión logística evidenció significancia (p=0.000) y un pseudo R² de Nagelkerke de 0.561, indicando que la gestión educativa explica el 56.1 % de la variabilidad del trabajo colegiado. Además, se identificaron relaciones positivas en liderazgo compartido, desarrollo profesional y articulación sectorial, confirmando que una gestión educativa sólida favorece la colaboración, optimiza recursos y fortalece el clima organizacional. Se concluye que fortalecer el liderazgo, la comunicación y las redes de apoyo institucional impulsa entornos colaborativos sostenibles que mejoran la calidad educativa y promueven la mejora continua en las prácticas docentes.",Archivist; Teaching staff; Initial training,2025,2025-01-01,,https://hdl.handle.net/20.500.12692/174740,https://openalex.org/W7155256549,True,https://hdl.handle.net/20.500.12692/174740,revisar,6,coincidencia amplia con gestión/liderazgo educativo,"frase media en título: gestion educativa, gestión educativa | frase media en resumen/palabras clave: gestion educativa, gestión educativa | gestión/liderazgo + educación genérica",duda,caso ambiguo para revisión manual,segunda revisión: requiere lectura humana
https://openalex.org/W7155262781,2026-05-19,gestión educativa,OpenAlex,LA Referencia (Red Federada de Repositorios Institucionales de Publicaciones Científicas),article,Rubby Yojana Fernandez Porras; Jorge Alexander Silva Moran,Relación entre la gestión educativa y calidad educativa en la institución educativa Juan Velasco Alvarado 2023,"Esta investigación tuvo como propósito establecer la conexión existente entre la gestión educativa y la calidad educativa en la institución educativa Juan Velasco Alvarado – 2023. El estudio se llevó a cabo mediante un enfoque cuantitativo diseño transversal o transaccional, específicamente el denominado: correlacional causal. La población del estudio consistió en 21 docentes y se consideró como muestra la misma población de los 21 docentes de la institución educativa Juan Velasco Alvarado. Los resultados nos indican el valor del coeficiente de correlación es 0,200. Lo que sugiere una correlación positiva débil. Esto significa que hay una tendencia positiva en la relación entre la gestión educativa y la equidad, pero la relación es débil se concluye que el nivel de calificación de Gestión educativa que tienen los docentes altamente está favoreciendo su nivel de calificación.",Work (physics); Quality (philosophy); Christian ministry; Desertion; Population,2025,2025-07-17,,https://hdl.handle.net/20.500.14520/10574,https://openalex.org/W7155262781,True,https://hdl.handle.net/20.500.14520/10574,revisar,6,coincidencia amplia con gestión/liderazgo educativo,"frase media en título: gestion educativa, gestión educativa | frase media en resumen/palabras clave: gestion educativa, gestión educativa | gestión/liderazgo + educación genérica",duda,caso ambiguo para revisión manual,segunda revisión: requiere lectura humana
conicet:de la oferta a la demanda el lugar de las familias en la construcción de nuevas alianzas territoriales bajo el gobierno educativo de cambiemos en la provincia de buenos aires 20152019::2025,2026-05-13,gestión educativa,CONICET Digital,CONICET Digital,,"Miño Chiappino, Jessica Sheila",De la oferta a la demanda: el lugar de las familias en la construcción de nuevas alianzas territoriales bajo el gobierno educativo de Cambiemos en la Provincia de Buenos Aires (2015-2019),"De la oferta a la demanda: el lugar de las familias en la construcción de nuevas alianzas territoriales bajo el gobierno educativo de Cambiemos en la Provincia de Buenos Aires (2015-2019); From supply to demand: the role of families in the construction of new territorial alliances under the educational government of Cambiemos in the Province of Buenos Aires (2015-2019); Da oferta à procura: o lugar das famílias na construção de novas alianças territoriais sob o governo educativo de Cambiemos na província de Buenos Aires (2015-2019)
Miño Chiappino, Jessica Sheila
Desde un enfoque cualitativo, este trabajo tiene por objetivo analizar cuáles fueron las políticas de articulación y comunicación de la gestión educativa provincial de Cambiemos (2015-2019) con los actores de la comunidad educativa bonaerense. Específicamente, nos proponemos indagar el lugar ocuparon las familias en tanto actores de la comunidad educativa en la agenda política de Cambiemos, en un escenario de disputa con los sindicatos sobre las formas de regulación de la educación. El gobierno educativo bonaerense de Cambiemos, encontró en las familias, en tanto actores de la comunidad educativa, un potencial aliado para reorientar la administración educativa desde la oferta del Estado hacia la demanda de los beneficiarios de las políticas. A su vez, las familias se presentaron como un actor estratégico de gestión para la construcción de nuevas alianzas territoriales, que permitan desplazar y debilitar el peso histórico de otros actores organizados de la comunidad, como los sindicatos docentes.; From a qualitative approach, this paper aims to analyse the articulation and communication policies of the provincial educational administration of Cambiemos (2015-2019) with the actors of the educational community of Buenos Aires. Specifically, we intend to investigate the place occupied by families as actors of the educational community in the political agenda of Cambiemos, in a scenario of dispute with trade unions on the forms of regulation of education. The Buenos Aires education government of Cambiemos found in families, as actors of the educational community, a potential ally to reorient the educational administration from the supply of the State towards the demand of the beneficiaries of the policies. At the same time, families were presented as a strategic management actor for the construction of new territorial alliances that could displace and weaken the historical weight of other organised actors in the community, such as teachers' unions.; Com base em uma pesquisa qualitativa, este trabalho tem como objetivo analisar quais foram as políticas de articulação e comunicação da gestão educacional provincial de Cambiemos (2015-2019) com os atores da comunidade educativa de Buenos Aires. Especificamente, propomos investigar o lugar ocupado pelas famílias como atores da comunidade educativa na agenda política de Cambiemos, num cenário de disputa com os sindicatos pelas formas de regulação da educação. O governo educacional de Cambiemos, em Buenos Aires, encontrou nas famílias, como atores da comunidade educacional, um potencial aliado para reorientar a administração educacional da oferta do Estado para a demanda dos beneficiários das políticas. Por sua vez, as famílias foram apresentadas como ator estratégico de gestão para a construção de novas alianças territoriais, permitindo o deslocamento e o enfraquecimento do peso histórico de outros atores organizados na comunidade, como os sindicatos docentes.",,2025,2025-04-21T13:07:17Z,,http://hdl.handle.net/11336/259039,,True,,revisar,3,"fuente externa con coincidencia amplia, requiere revisión","frase media en resumen/palabras clave: gestion educativa, gestión educativa | gestión/liderazgo + educación genérica",duda,caso ambiguo para revisión manual,segunda revisión: requiere lectura humana
