document_id,publication_document_id,model,corpus,language,topic_id,topic_probability,second_topic_id,second_topic_probability,probability_margin,is_outlier,is_ambiguous,year,title,doi,source,corpus_unit,topic_entropy
doi:10.46498/reduipb.v25i1.1462,doi:10.46498/reduipb.v25i1.1462,STM-METADATA-ES,metadata,es,12,0.3610763956778444,6,0.26693866199967664,0.09413773367816775,FALSE,TRUE,2021,Gestión escolar y liderazgo del directivo: Aporte para la calidad educativa,10.46498/reduipb.v25i1.1462,OpenAlex,metadata,1.6049990888334114
doi:10.37811/cl_rcm.v5i5.841,doi:10.37811/cl_rcm.v5i5.841,STM-METADATA-ES,metadata,es,14,0.45949442153983755,16,0.41227198906309803,0.04722243247673952,FALSE,TRUE,2021,El liderazgo directivo en la gestión escolar. Comparación de casos,10.37811/cl_rcm.v5i5.841,OpenAlex,metadata,1.173737466895729
doi:10.37811/cl_rcm.v6i4.2809,doi:10.37811/cl_rcm.v6i4.2809,STM-METADATA-ES,metadata,es,16,0.5628020345723049,14,0.21895263381863764,0.3438494007536673,FALSE,FALSE,2022,La gestión escolar: una revisión de las investigaciones,10.37811/cl_rcm.v6i4.2809,OpenAlex,metadata,1.2323878379933515
doi:10.15517/revedu.v45i1.40537,doi:10.15517/revedu.v45i1.40537,STM-METADATA-ES,metadata,es,12,0.4966907078386229,4,0.190529838320551,0.30616086951807187,FALSE,FALSE,2021,"Análisis del modelo de gestión escolar en instituciones educativas públicas multigrado de San Ignacio, Perú",10.15517/revedu.v45i1.40537,OpenAlex,metadata,1.59552721880066
doi:10.26490/uncp.alboradaciencia.2021.1.975,doi:10.26490/uncp.alboradaciencia.2021.1.975,STM-METADATA-ES,metadata,es,2,0.4611060536931009,6,0.26622575896048767,0.19488029473261326,FALSE,FALSE,2021,Planificación estratégica situacional en la gestión escolar de las instituciones educativas,10.26490/uncp.alboradaciencia.2021.1.975,OpenAlex,metadata,1.5519335786239719
doi:10.33386/593dp.2024.1-1.2266,doi:10.33386/593dp.2024.1-1.2266,STM-METADATA-ES,metadata,es,16,0.7728995969627325,9,0.08793132437102749,0.684968272591705,FALSE,FALSE,2024,Gestión escolar y calidad educativa,10.33386/593dp.2024.1-1.2266,OpenAlex,metadata,0.9644755733326471
doi:10.37811/cl_rcm.v6i6.4102,doi:10.37811/cl_rcm.v6i6.4102,STM-METADATA-ES,metadata,es,16,0.4721713364046246,2,0.31816137483373247,0.15400996157089214,FALSE,FALSE,2022,La calidad educativa y la gestión escolar,10.37811/cl_rcm.v6i6.4102,OpenAlex,metadata,1.4756171128963786
doi:10.33996/revistahorizontes.v7i30.655,doi:10.33996/revistahorizontes.v7i30.655,STM-METADATA-ES,metadata,es,16,0.7594506001005301,9,0.1800619080743725,0.5793886920261576,FALSE,FALSE,2023,Gestión escolar de los directivos en instituciones educativas: Revisión sistemática,10.33996/revistahorizontes.v7i30.655,OpenAlex,metadata,0.8113231702013598
doi:10.52080/rvgluz.27.97.5,doi:10.52080/rvgluz.27.97.5,STM-METADATA-ES,metadata,es,4,0.45668144450214077,7,0.16983891117464245,0.2868425333274983,FALSE,FALSE,2022,Gestión escolar durante la pandemia: relación entre el acompañamiento pedagógico y el desempeño docente,10.52080/rvgluz.27.97.5,OpenAlex,metadata,1.7158406371167287
doi:10.37811/cl_rcm.v8i6.14659,doi:10.37811/cl_rcm.v8i6.14659,STM-METADATA-ES,metadata,es,9,0.4692892434858652,2,0.19495752021644067,0.27433172326942457,FALSE,FALSE,2024,La gestión escolar en zonas rurales del Ecuador: Avances y desafíos,10.37811/cl_rcm.v8i6.14659,OpenAlex,metadata,1.5969810539447191
doi:10.37843/rted.v16i2.389,doi:10.37843/rted.v16i2.389,STM-METADATA-ES,metadata,es,16,0.806718143896647,12,0.1029460021919867,0.7037721417046603,FALSE,FALSE,2023,Gestión Escolar en las Instituciones del Nivel Inicial,10.37843/rted.v16i2.389,OpenAlex,metadata,0.8120541141722651
doi:10.37811/cl_rcm.v6i3.2300,doi:10.37811/cl_rcm.v6i3.2300,STM-METADATA-ES,metadata,es,7,0.32931288748554,2,0.29418946137719126,0.03512342610834873,FALSE,TRUE,2022,Retos de la gestión escolar en la educación a distancia 2021,10.37811/cl_rcm.v6i3.2300,OpenAlex,metadata,1.8167024431313874
doi:10.37811/cl_rcm.v8i2.10725,doi:10.37811/cl_rcm.v8i2.10725,STM-METADATA-ES,metadata,es,4,0.4275020324400722,10,0.36950136090187263,0.058000671538199544,FALSE,TRUE,2024,Gestión Escolar para la mejora de la calidad educativa en la educación básica ecuatoriana,10.37811/cl_rcm.v8i2.10725,OpenAlex,metadata,1.4181862672782897
doi:10.37811/cl_rcm.v8i3.11546,doi:10.37811/cl_rcm.v8i3.11546,STM-METADATA-ES,metadata,es,12,0.42900680136094094,10,0.29644482907551395,0.132561972285427,FALSE,FALSE,2024,Incidencia de la Gestión Escolar en el Rendimiento Académico,10.37811/cl_rcm.v8i3.11546,OpenAlex,metadata,1.3368251443985395
doi:10.37811/cl_rcm.v6i6.3677,doi:10.37811/cl_rcm.v6i6.3677,STM-METADATA-ES,metadata,es,16,0.9701272372427671,2,0.008207708811492987,0.961919528431274,FALSE,FALSE,2022,La gestión escolar basada en el pensamiento complejo,10.37811/cl_rcm.v6i6.3677,OpenAlex,metadata,0.20101449642074506
doi:10.47606/acven/ph0224,doi:10.47606/acven/ph0224,STM-METADATA-ES,metadata,es,14,0.49231425883112445,2,0.4593037680863954,0.03301049074472906,FALSE,TRUE,2024,Liderazgo del directivo en la gestión escolar,10.47606/acven/ph0224,OpenAlex,metadata,0.9687184836656533
doi:10.46498/reduipb.v26i2.1643,doi:10.46498/reduipb.v26i2.1643,STM-METADATA-ES,metadata,es,2,0.33838735757733146,10,0.31574111146755485,0.022646246109776613,FALSE,TRUE,2022,Clima organizacional y el desarrollo de la gestión escolar del preescolar de la Universidad Metropolitana,10.46498/reduipb.v26i2.1643,OpenAlex,metadata,1.652106599810942
doi:10.30827/profesorado.v28i1.29599,doi:10.30827/profesorado.v28i1.29599,STM-METADATA-ES,metadata,es,14,0.588240473216339,15,0.16095774796785545,0.42728272524848354,FALSE,FALSE,2024,Liderazgo pedagógico y complejidad de la gestión escolar: un estudio de casos múltiples,10.30827/profesorado.v28i1.29599,OpenAlex,metadata,1.426564421710388
doi:10.59993/simbiosis.v.4i8.58,doi:10.59993/simbiosis.v.4i8.58,STM-METADATA-ES,metadata,es,13,0.85011539493474,16,0.045576018713631664,0.8045393762211083,FALSE,FALSE,2024,"Gestión Escolar, Escuela y Pedagogía. Una mirada alternativa de sus relaciones y sentidos",10.59993/simbiosis.v.4i8.58,OpenAlex,metadata,0.7260467718567871
doi:10.56200/mried.v2iespecial.6465,doi:10.56200/mried.v2iespecial.6465,STM-METADATA-ES,metadata,es,2,0.3553347051894437,4,0.31741068451135324,0.037924020678090475,FALSE,TRUE,2023,Gestión escolar en el desarrollo de los procesos pedagógicos por competencia en un Centro Educativo,10.56200/mried.v2iespecial.6465,OpenAlex,metadata,1.5121730807044744
doi:10.46932/sfjdv5n5-016,doi:10.46932/sfjdv5n5-016,STM-METADATA-ES,metadata,es,10,0.4663042519308551,9,0.23302643917203314,0.23327781275882198,FALSE,FALSE,2024,La gestión escolar basada en Inteligencia Artificial para mejorar el rendimiento académico,10.46932/sfjdv5n5-016,OpenAlex,metadata,1.545728630371794
doi:10.47192/rcs.v3i1.81,doi:10.47192/rcs.v3i1.81,STM-METADATA-ES,metadata,es,4,0.3780885140539419,2,0.2589402945404242,0.11914821951351767,FALSE,FALSE,2022,Coaching y desempeño docente en la gestión escolar,10.47192/rcs.v3i1.81,OpenAlex,metadata,1.4768937668732496
doi:10.33996/revistahorizontes.v8i32.726,doi:10.33996/revistahorizontes.v8i32.726,STM-METADATA-ES,metadata,es,16,0.6200366335920081,11,0.16036691355563729,0.45966972003637085,FALSE,FALSE,2024,Gestión escolar en instituciones educativas públicas en contextos de emergencia sanitaria,10.33996/revistahorizontes.v8i32.726,OpenAlex,metadata,1.3483285190684307
doi:10.18050/eduser.v10n2a2,doi:10.18050/eduser.v10n2a2,STM-METADATA-ES,metadata,es,12,0.5141064574807547,7,0.14788946007032364,0.366216997410431,FALSE,FALSE,2023,Competencias directivas y gestión escolar en la educación básica regular,10.18050/eduser.v10n2a2,OpenAlex,metadata,1.7394570795918247
doi:10.37811/cl_rcm.v6i6.3796,doi:10.37811/cl_rcm.v6i6.3796,STM-METADATA-ES,metadata,es,12,0.7631807734879652,4,0.1924211716002458,0.5707596018877195,FALSE,FALSE,2022,Desempeño docente en la gestión escolar en instituciones educativas de educación básica regular,10.37811/cl_rcm.v6i6.3796,OpenAlex,metadata,0.7517153591771454
doi:10.47865/igob.vol6.n22.2023.253,doi:10.47865/igob.vol6.n22.2023.253,STM-METADATA-ES,metadata,es,12,0.8774325627629118,2,0.03823828630892393,0.8391942764539879,FALSE,FALSE,2023,Competencia directiva y gestión escolar en la IE 3711 Fe y Alegria 12. puente Piedra. Lima,10.47865/igob.vol6.n22.2023.253,OpenAlex,metadata,0.6017135919425186
doi:10.61287/warisata.v4i11.5,doi:10.61287/warisata.v4i11.5,STM-METADATA-ES,metadata,es,12,0.6486378323567131,4,0.1835977525334666,0.4650400798232465,FALSE,FALSE,2022,"Gestión escolar y prácticas inclusivas en la Institución Educativa General Prado, Callao, 2021",10.61287/warisata.v4i11.5,OpenAlex,metadata,1.1427674601591862
doi:10.37811/cl_rcm.v6i6.4135,doi:10.37811/cl_rcm.v6i6.4135,STM-METADATA-ES,metadata,es,4,0.5777352875763488,12,0.3848032196961097,0.19293206788023914,FALSE,FALSE,2022,"Gestión escolar en aprendizaje significativo de historia, geografía y economía en estudiantes de la institución educativa San Juan. Ayacucho, 2022",10.37811/cl_rcm.v6i6.4135,OpenAlex,metadata,0.8828592406960067
doi:10.55560/arete.2023.18.9.7,doi:10.55560/arete.2023.18.9.7,STM-METADATA-ES,metadata,es,6,0.8726729246527176,12,0.08484025032289542,0.7878326743298222,FALSE,FALSE,2023,Impacto de la emigración de docentes venezolanos de educación inicial en la gestión escolar. Caso: instituciones privadas del municipio Baruta,10.55560/arete.2023.18.9.7,OpenAlex,metadata,0.5475013731993814
doi:10.31876/rcs.v28i.38152,doi:10.31876/rcs.v28i.38152,STM-METADATA-ES,metadata,es,12,0.8165954439606333,4,0.05613707444555515,0.7604583695150782,FALSE,FALSE,2022,Factores de gestión escolar en el compromiso organizacional en una Red educativa en Perú,10.31876/rcs.v28i.38152,OpenAlex,metadata,0.8278152406228366
doi:10.35756/educaumch.202322.274,doi:10.35756/educaumch.202322.274,STM-METADATA-ES,metadata,es,16,0.8915024790054004,14,0.06428938949351799,0.8272130895118823,FALSE,FALSE,2023,Dimensión administrativa en la gestión escolar,10.35756/educaumch.202322.274,OpenAlex,metadata,0.5137649663681322
doi:10.61384/r.c.a..v4i2.229,doi:10.61384/r.c.a..v4i2.229,STM-METADATA-ES,metadata,es,15,0.7020589548496942,14,0.2276236069679611,0.474435347881733,FALSE,FALSE,2024,Sistematización de experiencias de gestión escolar para la profesionalidad de la función directiva en una escuela de educación básica de la CDMX,10.61384/r.c.a..v4i2.229,OpenAlex,metadata,0.9312641312874493
doi:10.52080/rvgluz.29.e12.40,doi:10.52080/rvgluz.29.e12.40,STM-METADATA-ES,metadata,es,2,0.6080516264657622,8,0.26036701721728167,0.3476846092484805,FALSE,FALSE,2024,Gestión escolar: calidad de la educación centrada en la persona,10.52080/rvgluz.29.e12.40,OpenAlex,metadata,1.2251812696336384
doi:10.33996/revistahorizontes.v7i31.674,doi:10.33996/revistahorizontes.v7i31.674,STM-METADATA-ES,metadata,es,4,0.3556133826378726,5,0.30167308948923455,0.053940293148638074,FALSE,TRUE,2023,Gestión escolar e inclusividad en una Institución Educativa en la Provincia Constitucional del Callao,10.33996/revistahorizontes.v7i31.674,OpenAlex,metadata,1.6582218262734292
doi:10.59427/rcli/2024/v24cs.1167-1172,doi:10.59427/rcli/2024/v24cs.1167-1172,STM-METADATA-ES,metadata,es,16,0.7507326455161755,2,0.12993018424889724,0.6208024612672782,FALSE,FALSE,2024,Manejo del conflicto en la gestión escolar: Una revisión sistemática,10.59427/rcli/2024/v24cs.1167-1172,OpenAlex,metadata,1.002577028557497
doi:10.59427/rcli/2023/v23cs.3940-3948,doi:10.59427/rcli/2023/v23cs.3940-3948,STM-METADATA-ES,metadata,es,16,0.590499934940869,14,0.37455866095346974,0.21594127398739932,FALSE,FALSE,2023,Liderazgo del director en la gestión escolar,10.59427/rcli/2023/v23cs.3940-3948,OpenAlex,metadata,0.875727346394154
doi:10.37811/cl_rcm.v5i6.1431,doi:10.37811/cl_rcm.v5i6.1431,STM-METADATA-ES,metadata,es,12,0.9239185384200452,4,0.0534354223824916,0.8704831160375537,FALSE,FALSE,2022,Trabajo remoto y liderazgo adaptativo en la gestión escolar en instituciones educativas,10.37811/cl_rcm.v5i6.1431,OpenAlex,metadata,0.35946299838659773
doi:10.26885/rcei.11.1.9,doi:10.26885/rcei.11.1.9,STM-METADATA-ES,metadata,es,12,0.5273949671914905,14,0.2771821949072321,0.25021277228425837,FALSE,FALSE,2022,Estilo de liderazgo y nivel de desempeño en la gestión escolar,10.26885/rcei.11.1.9,OpenAlex,metadata,1.2633599686528114
doi:10.56124/jbs.v3i2.0007,doi:10.56124/jbs.v3i2.0007,STM-METADATA-ES,metadata,es,4,0.2340314653348669,6,0.20300991641512717,0.03102154891973974,FALSE,TRUE,2022,"Gestión escolar y su incidencia en la calidad educativa, distrito de educación junín - bolivar",10.56124/jbs.v3i2.0007,OpenAlex,metadata,2.1332847859309334
doi:10.47865/igob.vol7.n26.2024.344,doi:10.47865/igob.vol7.n26.2024.344,STM-METADATA-ES,metadata,es,12,0.7943088066769339,2,0.10430982414373745,0.6899989825331965,FALSE,FALSE,2024,Competencia directiva y gestión escolar en la IE CET 34. Chancay. Lima,10.47865/igob.vol7.n26.2024.344,OpenAlex,metadata,0.8495503097148918
doi:10.46932/sfjdv3n5-050,doi:10.46932/sfjdv3n5-050,STM-METADATA-ES,metadata,es,13,0.3820928416242166,2,0.24171627301395399,0.1403765686102626,FALSE,FALSE,2022,Binomio familia – escuela: oportunidad de gestión escolar,10.46932/sfjdv3n5-050,OpenAlex,metadata,1.6601321161319884
doi:10.54942/qantuyachay.v3i1.43,doi:10.54942/qantuyachay.v3i1.43,STM-METADATA-ES,metadata,es,4,0.44384310485705664,12,0.43323506293097697,0.01060804192607967,FALSE,TRUE,2023,"La gestión escolar, el liderazgo pedagógico y la mejora de la práctica docente en los Centros de Educación Básica Alternativa de la UGEL 06, 2020",10.54942/qantuyachay.v3i1.43,OpenAlex,metadata,1.1256586825224644
doi:10.47606/acven/ph0208,doi:10.47606/acven/ph0208,STM-METADATA-ES,metadata,es,14,0.4851791411409422,2,0.4727799132892899,0.012399227851652261,FALSE,TRUE,2023,Liderazgo del directivo en la gestión escolar,10.47606/acven/ph0208,OpenAlex,metadata,0.9389926296462283
doi:10.61598/s.r.c.a.v3i2.47,doi:10.61598/s.r.c.a.v3i2.47,STM-METADATA-ES,metadata,es,10,0.5791990627321452,16,0.30736210008754655,0.2718369626445986,FALSE,FALSE,2023,Análisis de la Relación entre la Gestión Escolar Participativa y la Calidad de la Educación en Escuelas Públicas de América Latina,10.61598/s.r.c.a.v3i2.47,OpenAlex,metadata,1.1592577717929988
doi:10.37177/unicen/eb31-287,doi:10.37177/unicen/eb31-287,STM-METADATA-ES,metadata,es,5,0.4263737844473548,2,0.243198164206149,0.1831756202412058,FALSE,FALSE,2021,El paradigma de la convivencia en la gestión escolar: políticas educativas y marco legal,10.37177/unicen/eb31-287,CONICET Digital | OpenAlex,metadata,1.7596033421779398
doi:10.47865/igob.vol6.n22.2023.264,doi:10.47865/igob.vol6.n22.2023.264,STM-METADATA-ES,metadata,es,12,0.7431221381625119,6,0.1667154627648024,0.5764066753977095,FALSE,FALSE,2023,Competencia del director y gestión escolar en la IE n° 3719 “Santísima Trinidad”. Puente Piedra. Lima,10.47865/igob.vol6.n22.2023.264,OpenAlex,metadata,0.8994290126126613
doi:10.60112/erc.v3i1.25,doi:10.60112/erc.v3i1.25,STM-METADATA-ES,metadata,es,10,0.5555417033536509,16,0.28216446307383947,0.2733772402798115,FALSE,FALSE,2023,Evaluación de la Conexión entre la Administración Educativa Participativa y la Excelencia en la Enseñanza en Instituciones Públicas de América Latina,10.60112/erc.v3i1.25,OpenAlex,metadata,1.2733066039324534
doi:10.47865/igob.vol6.n23.2023.296,doi:10.47865/igob.vol6.n23.2023.296,STM-METADATA-ES,metadata,es,12,0.9715424128539003,4,0.01809176145347962,0.9534506514004207,FALSE,FALSE,2023,Liderazgo pedagógico del directivo y gestión escolar de los docentes. IE n°5176 María Reiche Crosse. Puente Piedra. Lima,10.47865/igob.vol6.n23.2023.296,OpenAlex,metadata,0.1688560561475034
doi:10.46932/sfjdv6n10-027,doi:10.46932/sfjdv6n10-027,STM-METADATA-ES,metadata,es,8,0.7524697262498634,2,0.11018322971718375,0.6422864965326797,FALSE,FALSE,2025,Innovación pedagógica y metodologías activas impulsando la transformación del rol del docente en la gestión escolar,10.46932/sfjdv6n10-027,OpenAlex,metadata,0.991885264013052
doi:10.37811/cl_rcm.v8i6.14496,doi:10.37811/cl_rcm.v8i6.14496,STM-METADATA-ES,metadata,es,2,0.48439409452072385,10,0.14494201956122457,0.33945207495949925,FALSE,FALSE,2024,Estrategias de Gestión Escolar y su Influencia en la Efectividad del Desempeño Docente en Ecuador,10.37811/cl_rcm.v8i6.14496,OpenAlex,metadata,1.6833755433862467
doi:10.33996/repe.v1i1.16,doi:10.33996/repe.v1i1.16,STM-METADATA-ES,metadata,es,6,0.8036879612000217,12,0.13871880833362552,0.6649691528663962,FALSE,FALSE,2020,Procesos administrativos en la gestión escolar del director de las instituciones educativas,10.33996/repe.v1i1.16,OpenAlex,metadata,0.727321409762856
doi:10.35305/revista.vi43.206,doi:10.35305/revista.vi43.206,STM-METADATA-ES,metadata,es,7,0.8820645515711547,3,0.06514441204819368,0.816920139522961,FALSE,FALSE,2022,participación de los niños en la gestión escolar:,10.35305/revista.vi43.206,OpenAlex,metadata,0.56828903813497
doi:10.22463/25909215.3259,doi:10.22463/25909215.3259,STM-METADATA-ES,metadata,es,14,0.5570407896507197,16,0.1462097557042151,0.41083103394650455,FALSE,FALSE,2021,La Gestión Escolar y su Relación con el Liderazgo para el Aprendizaje desde la Percepción del Director,10.22463/25909215.3259,OpenAlex,metadata,1.4402960315021844
doi:10.35622/inudi.b.005,doi:10.35622/inudi.b.005,STM-METADATA-ES,metadata,es,12,0.9497279904076428,4,0.02778058163352826,0.9219474087741145,FALSE,FALSE,2022,Trabajo docente en equipo y el cumplimiento de los compromisos de gestión escolar en las instituciones de educación básica,10.35622/inudi.b.005,OpenAlex,metadata,0.2775863128944067
doi:10.61384/r.c.a..v4i3.659,doi:10.61384/r.c.a..v4i3.659,STM-METADATA-ES,metadata,es,8,0.2556779965122624,2,0.21311176713168095,0.042566229380581466,FALSE,TRUE,2024,La Cultura del Emprendimiento en la Gestión Escolar: ¿Un Camino para Lograr los Retos que Plantea la Competitividad en Colombia?,10.61384/r.c.a..v4i3.659,OpenAlex,metadata,2.041418779863495
doi:10.47865/igob.vol5.n20.2022.223,doi:10.47865/igob.vol5.n20.2022.223,STM-METADATA-ES,metadata,es,12,0.7884056954502391,10,0.07041381149332351,0.7179918839569156,FALSE,FALSE,2022,"El Liderazgo Compartido y su Impacto en la Gestión Escolar de la Institución Educativa Parroquial “Nuestro Salvador”, Villa María Del Triunfo, 2022",10.47865/igob.vol5.n20.2022.223,OpenAlex,metadata,0.8663056213961517
doi:10.26490/uncp.alboradaciencia.2022.2.1118,doi:10.26490/uncp.alboradaciencia.2022.2.1118,STM-METADATA-ES,metadata,es,12,0.5423690639193441,2,0.2596481764232561,0.28272088749608804,FALSE,FALSE,2022,Construcción de instrumento para conocer los modelos de planificación estratégica y gestión escolar,10.26490/uncp.alboradaciencia.2022.2.1118,OpenAlex,metadata,1.3492846438375665
doi:10.37811/cl_rcm.v6i6.3958,doi:10.37811/cl_rcm.v6i6.3958,STM-METADATA-ES,metadata,es,16,0.8462337401709853,2,0.09233337374116074,0.7539003664298245,FALSE,FALSE,2022,Gestión escolar y calidad educativa: En las instituciones educativas del nivel primario – Cusco,10.37811/cl_rcm.v6i6.3958,OpenAlex,metadata,0.6688088184631128
doi:10.48102/rlee.2020.50.2.61,doi:10.48102/rlee.2020.50.2.61,STM-METADATA-ES,metadata,es,5,0.3789864806690708,16,0.338001186148141,0.040985294520929805,FALSE,TRUE,2020,Estado del conocimiento sobre resignificación de políticas en materia de autonomía de gestión escolar en el marco de los Consejos Técnicos Escolares,10.48102/rlee.2020.50.2.61,OpenAlex,metadata,1.3865842491519336
doi:10.30972/riie.13176140,doi:10.30972/riie.13176140,STM-METADATA-ES,metadata,es,7,0.977850026594306,13,0.003812511386873735,0.9740375152074322,FALSE,FALSE,2022,"Biopolítica, imperativos de regulación y gestión escolar. Un análisis de las prácticas de directores/as de escuelas secundarias en el partido de San Martín a partir de la irrupción del COVID 19",10.30972/riie.13176140,OpenAlex,metadata,0.16056043305892598
doi:10.32541/recie.v8i2.735,doi:10.32541/recie.v8i2.735,STM-METADATA-ES,metadata,es,5,0.579367927033594,8,0.10533348468222954,0.47403444235136444,FALSE,FALSE,2024,"Gestión escolar con enfoque inclusivo a nivel macro, meso y microcurricular: Experiencias de un estudio de caso",10.32541/recie.v8i2.735,OpenAlex,metadata,1.5915460005375366
doi:10.56712/latam.v4i6.1549,doi:10.56712/latam.v4i6.1549,STM-METADATA-ES,metadata,es,14,0.320373741652202,16,0.2015023333002831,0.1188714083519189,FALSE,FALSE,2023,Liderazgo directivo y gestión escolar. Experiencias y prácticas desde un enfoque internacional,10.56712/latam.v4i6.1549,OpenAlex,metadata,1.9350969346107456
doi:10.37811/cl_rcm.v8i3.11175,doi:10.37811/cl_rcm.v8i3.11175,STM-METADATA-ES,metadata,es,9,0.5255660380685622,2,0.1352369570476262,0.390329081020936,FALSE,FALSE,2024,Impulsando la Educación STEAM desde la Gestión Escolar Efectiva: Un Modelo de Banco de Germoplasma Vegetal para el Desarrollo Sostenible y el Fortalecimiento de las Habilidades STEAM,10.37811/cl_rcm.v8i3.11175,OpenAlex,metadata,1.5992448455308546
doi:10.47865/igob.vol5.n17.2022.183,doi:10.47865/igob.vol5.n17.2022.183,STM-METADATA-ES,metadata,es,12,0.8678421894740905,4,0.05435457803420781,0.8134876114398827,FALSE,FALSE,2022,Dimensiones de la gestión escolar liderazgo y autoevaluación,10.47865/igob.vol5.n17.2022.183,OpenAlex,metadata,0.5798628087861871
doi:10.26885/rcei.13.2.25,doi:10.26885/rcei.13.2.25,STM-METADATA-ES,metadata,es,14,0.4161894348831384,10,0.2650950362823115,0.1510943986008269,FALSE,FALSE,2024,"Percepciones sobre la implementación de las normas de convivencia y gestión escolar en una institución educativa salesiana de Asunción, Paraguay",10.26885/rcei.13.2.25,OpenAlex,metadata,1.6794310260853496
doi:10.37811/cl_rcm.v6i4.2862,doi:10.37811/cl_rcm.v6i4.2862,STM-METADATA-ES,metadata,es,2,0.7966118943738055,16,0.14041516100774984,0.6561967333660557,FALSE,FALSE,2022,"La planificación estratégica, un eficaz instrumento que puede contribuir al mejoramiento de la gestión escolar en una institución educativa",10.37811/cl_rcm.v6i4.2862,OpenAlex,metadata,0.7764294354123286
doi:10.53673/th.v1i9.60,doi:10.53673/th.v1i9.60,STM-METADATA-ES,metadata,es,16,0.5667118246500242,14,0.2609242384371173,0.3057875862129069,FALSE,FALSE,2021,Liderazgo pedagógico directivo en la educación básica regular: Revisión sistemática,10.53673/th.v1i9.60,OpenAlex,metadata,1.2582299678990625
doi:10.5281/zenodo.6785484,doi:10.5281/zenodo.6785484,STM-METADATA-ES,metadata,es,1,0.5548134608500729,2,0.3441336773484827,0.21067978350159017,FALSE,FALSE,2022,Clasificación de Estrategias de Gestión del Conocimiento para impulsar la innovación educativa en Instituciones de Educación Superior,10.5281/zenodo.6785484,OpenAlex,metadata,1.1725984417607678
doi:10.59427/rcli/2023/v23cs.2715-2722,doi:10.59427/rcli/2023/v23cs.2715-2722,STM-METADATA-ES,metadata,es,16,0.7813335797920703,14,0.13595908355171074,0.6453744962403596,FALSE,FALSE,2023,Trascendencia del Liderazgo transformacional directivo en la gestión escolar,10.59427/rcli/2023/v23cs.2715-2722,OpenAlex,metadata,0.7993787855187302
doi:10.56712/latam.v4i6.1550,doi:10.56712/latam.v4i6.1550,STM-METADATA-ES,metadata,es,9,0.38874604047621286,8,0.25042461756724005,0.1383214229089728,FALSE,FALSE,2023,"Canton, D. W. (2023). Liderazgo directivo y gestión escolar. Experiencias y prácticas desde un enfoque internacional",10.56712/latam.v4i6.1550,OpenAlex,metadata,1.6623073945706692
doi:10.23857/pc.v5i9.1746,doi:10.23857/pc.v5i9.1746,STM-METADATA-ES,metadata,es,7,0.5637048781341513,2,0.33346591669684994,0.23023896143730133,FALSE,FALSE,2020,Gestión escolar y calidad educativa en el contexto rural. Un reto en tiempos de COVID-19,10.23857/pc.v5i9.1746,OpenAlex,metadata,1.1183596834459197
doi:10.15517/rge.v11i1.62048,doi:10.15517/rge.v11i1.62048,STM-METADATA-ES,metadata,es,2,0.4085709128725411,15,0.38146834941498875,0.027102563457552353,FALSE,TRUE,2025,Desarrollo de la investigación para el fortalecimiento y transformación de la Gestión Escolar,10.15517/rge.v11i1.62048,OpenAlex,metadata,1.4645372984177751
doi:10.51247/st.v3i1.59,doi:10.51247/st.v3i1.59,STM-METADATA-ES,metadata,es,2,0.34515380767632003,14,0.22784897653987274,0.1173048311364473,FALSE,FALSE,2020,El director escolar como líder de la comunidad educativa,10.51247/st.v3i1.59,OpenAlex,metadata,1.891931370801294
doi:10.37811/cl_rcm.v7i1.4639,doi:10.37811/cl_rcm.v7i1.4639,STM-METADATA-ES,metadata,es,6,0.5873315605089904,12,0.17663573782937858,0.4106958226796118,FALSE,FALSE,2023,Dashboard for the improvement of school management in educational institutions,10.37811/cl_rcm.v7i1.4639,OpenAlex,metadata,1.4368164013917282
doi:10.15366/riejs2021.10.1.014,doi:10.15366/riejs2021.10.1.014,STM-METADATA-ES,metadata,es,14,0.5878573498180569,7,0.1748119143163284,0.41304543550172856,FALSE,FALSE,2021,Niveles de Progresión de Gestión de la Convivencia Escolar a Nivel Intermedio en Chile,10.15366/riejs2021.10.1.014,OpenAlex,metadata,1.3649129142814416
doi:10.33996/revistahorizontes.v6i23.342,doi:10.33996/revistahorizontes.v6i23.342,STM-METADATA-ES,metadata,es,15,0.46712890826807485,7,0.44834242558811055,0.0187864826799643,FALSE,TRUE,2022,La utopía de la escuela rural en Lambayeque desde la Chakana pregunta y la covid-19,10.33996/revistahorizontes.v6i23.342,OpenAlex,metadata,1.111667005884569
doi:10.34096/iice.n47.9641,doi:10.34096/iice.n47.9641,STM-METADATA-ES,metadata,es,7,0.4083195736462093,13,0.27215355093957766,0.13616602270663164,FALSE,FALSE,2020,Hacia una genealogía de la experiencia: La gestión escolar en una escuela de creación (2009-2015),10.34096/iice.n47.9641,OpenAlex,metadata,1.4294887424776617
doi:10.29394/scientific.issn.2542-2987.2024.9.e4.8.157-176,doi:10.29394/scientific.issn.2542-2987.2024.9.e4.8.157-176,STM-METADATA-ES,metadata,es,10,0.6854395141884455,4,0.19611423554682195,0.48932527864162356,FALSE,FALSE,2024,La Comunicación en la Gestión Escolar y su Incidencia en el Clima Laboral de una Unidad Educativa,10.29394/scientific.issn.2542-2987.2024.9.e4.8.157-176,OpenAlex,metadata,1.0200434795014708
doi:10.21573/vol36n12020.95673,doi:10.21573/vol36n12020.95673,STM-METADATA-ES,metadata,es,13,0.9459888877361832,2,0.013893214109546767,0.9320956736266364,FALSE,FALSE,2020,"Disputas por el derecho a la educación y la educación pública en América Latina: políticas, instituciones y sujetos en la gubernamentalidad neoliberal",10.21573/vol36n12020.95673,OpenAlex,metadata,0.3201122624696486
doi:10.31391/s2007-7033(2021)0057-011,doi:10.31391/s2007-7033(2021)0057-011,STM-METADATA-ES,metadata,es,15,0.4225960816407576,5,0.22470695281599098,0.19788912882476664,FALSE,FALSE,2021,"Modelo de convivencia escolar. Un marco para políticas públicas, formación e investigación",10.31391/s2007-7033(2021)0057-011,OpenAlex,metadata,1.6061578614706522
doi:10.53673/th.v2i3.113,doi:10.53673/th.v2i3.113,STM-METADATA-ES,metadata,es,16,0.8917901193985335,12,0.026996372323866563,0.8647937470746669,FALSE,FALSE,2022,Las relaciones interpersonales y la calidad educativa,10.53673/th.v2i3.113,OpenAlex,metadata,0.567277699059132
doi:10.37811/cl_rcm.v6i5.3148,doi:10.37811/cl_rcm.v6i5.3148,STM-METADATA-ES,metadata,es,2,0.35553335173499023,4,0.2160726189661656,0.13946073276882462,FALSE,FALSE,2022,Influencia de la evaluación del desempeño directivo y su efectividad en la gestión pública de la educación escolar,10.37811/cl_rcm.v6i5.3148,OpenAlex,metadata,1.7978129069660578
doi:10.36737/01230425.n39.2020.2342,doi:10.36737/01230425.n39.2020.2342,STM-METADATA-ES,metadata,es,15,0.8341102858584938,13,0.07418883189728619,0.7599214539612076,FALSE,FALSE,2020,Escuela y Práxis Pedagógica: Vínculo transformador de licenciados en maestros,10.36737/01230425.n39.2020.2342,OpenAlex,metadata,0.7467508908247992
doi:10.15658/rev.electron.educ.pedagog21.11050909,doi:10.15658/rev.electron.educ.pedagog21.11050909,STM-METADATA-ES,metadata,es,16,0.42561333013864655,2,0.2168324205442123,0.20878090959443424,FALSE,FALSE,2021,Educar para la salud como motor de cambio social en el estilo de vida,10.15658/rev.electron.educ.pedagog21.11050909,OpenAlex,metadata,1.6075082352858694
doi:10.37811/cl_rcm.v7i2.6016,doi:10.37811/cl_rcm.v7i2.6016,STM-METADATA-ES,metadata,es,12,0.42632631473854504,2,0.31708627333808415,0.1092400414004609,FALSE,FALSE,2023,Cualificación docente en habilidades blandas como factor de mejora de la gestión escolar en tres Instituciones Educativas Rurales de Montería,10.37811/cl_rcm.v7i2.6016,OpenAlex,metadata,1.6699602440345382
doi:10.35811/rea.v12i1.201,doi:10.35811/rea.v12i1.201,STM-METADATA-ES,metadata,es,14,0.5061892621109866,2,0.32524315655166053,0.18094610555932605,FALSE,FALSE,2023,El Aprendizaje Profundo como herramienta para cambio en la visión de aprendizaje de una cultura,10.35811/rea.v12i1.201,OpenAlex,metadata,1.358897775024635
doi:10.37811/cl_rcm.v7i3.5935,doi:10.37811/cl_rcm.v7i3.5935,STM-METADATA-ES,metadata,es,12,0.31261572080648214,6,0.1855724878679028,0.12704323293857933,FALSE,FALSE,2023,Administración Educativa: Pilar de la institucionalización de la educación,10.37811/cl_rcm.v7i3.5935,OpenAlex,metadata,1.8222826700656158
doi:10.37811/cl_rcm.v6i2.2219,doi:10.37811/cl_rcm.v6i2.2219,STM-METADATA-ES,metadata,es,16,0.8229278449068177,5,0.07916064765370655,0.7437671972531111,FALSE,FALSE,2022,Corrupción en la gestión del ámbito educativo en Iberoamérica: una revisión sistemática,10.37811/cl_rcm.v6i2.2219,OpenAlex,metadata,0.7408705251872518
doi:10.32719/26312816.2022.6.1.11,doi:10.32719/26312816.2022.6.1.11,STM-METADATA-ES,metadata,es,14,0.4300925456342556,2,0.17402094915718033,0.2560715964770752,FALSE,FALSE,2023,El liderazgo en la gestión del director,10.32719/26312816.2022.6.1.11,OpenAlex,metadata,1.760465830261036
doi:10.48102/rlee.2022.52.3.518,doi:10.48102/rlee.2022.52.3.518,STM-METADATA-ES,metadata,es,7,0.7977060656353951,4,0.06776453111971463,0.7299415345156806,FALSE,FALSE,2022,Gestión educativa y colectivos escolares durante la pandemia de la Covid-19,10.48102/rlee.2022.52.3.518,OpenAlex,metadata,0.909695192627867
doi:10.46589/rdiasf.vi38.531,doi:10.46589/rdiasf.vi38.531,STM-METADATA-ES,metadata,es,2,0.569734991575446,6,0.2533213606920231,0.31641363088342295,FALSE,FALSE,2023,El diagnóstico en el proceso administrativo para la mejora de los procesos de gestión administrativa,10.46589/rdiasf.vi38.531,OpenAlex,metadata,1.3148122692096835
doi:10.29035/ucmaule.63.56,doi:10.29035/ucmaule.63.56,STM-METADATA-ES,metadata,es,16,0.26472022413748875,13,0.239777122488001,0.024943101649487737,FALSE,TRUE,2022,Estudiantes migrantes en escuelas chilenas,10.29035/ucmaule.63.56,OpenAlex,metadata,1.906794986365283
doi:10.5209/rced.70275,doi:10.5209/rced.70275,STM-METADATA-ES,metadata,es,16,0.36328420869509426,6,0.1938789033524344,0.16940530534265985,FALSE,FALSE,2021,Movilidad de profesores principiantes: una revisión sistemática de la literatura,10.5209/rced.70275,OpenAlex,metadata,1.9090790691213477
doi:10.15366/riee2022.15.2.002,doi:10.15366/riee2022.15.2.002,STM-METADATA-ES,metadata,es,14,0.37424019065115227,7,0.13556717092028198,0.2386730197308703,FALSE,FALSE,2022,Percepciones y Sesgos Cognoscitivos en la Educación Básica,10.15366/riee2022.15.2.002,OpenAlex,metadata,2.009955544879454
doi:10.37843/rted.v8i2.134,doi:10.37843/rted.v8i2.134,STM-METADATA-ES,metadata,es,2,0.5527741290910905,14,0.24657080292162425,0.3062033261694662,FALSE,FALSE,2020,Gestión Directiva en la Mejora Escolar de las Instituciones Educativas del Distrito Metropolitano de Quito: Una Cuestión de Aptitud y Actitud,10.37843/rted.v8i2.134,OpenAlex,metadata,1.377263316311225
doi:10.33262/concienciadigital.v6i1.3.2501,doi:10.33262/concienciadigital.v6i1.3.2501,STM-METADATA-ES,metadata,es,5,0.9727683246362968,2,0.0060247410216883205,0.9667435836146084,FALSE,FALSE,2023,"Educación inclusiva: adaptaciones curriculares para estudiantes con necesidades educativas especiales asociadas a la discapacidad física, visual, intelectual y déficit de atención, un cambio estructural en la práctica educativa",10.33262/concienciadigital.v6i1.3.2501,OpenAlex,metadata,0.1891435577184921
doi:10.7203/rase.13.1.15765,doi:10.7203/rase.13.1.15765,STM-METADATA-ES,metadata,es,13,0.686571077771421,7,0.17288513524981652,0.5136859425216045,FALSE,FALSE,2020,¿Está en crisis la Mediación Intercultural Escolar? Estudio longitudinal desde una visión sociológica,10.7203/rase.13.1.15765,OpenAlex,metadata,1.0311738441204086
doi:10.18041/1900-3803/entramado.1.7505,doi:10.18041/1900-3803/entramado.1.7505,STM-METADATA-ES,metadata,es,10,0.30207147858769856,6,0.26071772278200084,0.04135375580569772,FALSE,TRUE,2022,Logro educativo de las instituciones con estudiantes de minorías étnicas en Colombia,10.18041/1900-3803/entramado.1.7505,OpenAlex,metadata,1.9182757679891127
doi:10.48102/rlee.2024.54.3.664,doi:10.48102/rlee.2024.54.3.664,STM-METADATA-ES,metadata,es,16,0.39021760350059653,8,0.3617465809536902,0.02847102254690631,FALSE,TRUE,2024,"Políticas educativas para el fortalecimiento de sociedades democráticas en América Latina y el Caribe: desafíos, experiencias y estrategias innovadoras",10.48102/rlee.2024.54.3.664,OpenAlex,metadata,1.4006301987782017
doi:10.37811/cl_rcm.v8i5.13723,doi:10.37811/cl_rcm.v8i5.13723,STM-METADATA-ES,metadata,es,9,0.7611280813264395,16,0.12930433154516963,0.6318237497812699,FALSE,FALSE,2024,Los Retos de la Inteligencia Artificial (IA) en la Educación de México,10.37811/cl_rcm.v8i5.13723,OpenAlex,metadata,0.9458979789324533
doi:10.37843/rted.v16i2.402,doi:10.37843/rted.v16i2.402,STM-METADATA-ES,metadata,es,16,0.8864073503247751,12,0.028410421634161145,0.857996928690614,FALSE,FALSE,2023,Planificación Estratégica: Una Mirada desde la Educación Inicial en el Contexto Peruano,10.37843/rted.v16i2.402,OpenAlex,metadata,0.6054537662815876
doi:10.14507/epaa.30.6660,doi:10.14507/epaa.30.6660,STM-METADATA-ES,metadata,es,7,0.396283521266954,5,0.3841835284783988,0.01209999278855517,FALSE,TRUE,2022,Políticas implementadas en escuelas rurales: Análisis bibliométrico internacional (2001-2020),10.14507/epaa.30.6660,OpenAlex,metadata,1.3551042272023868
doi:10.21703/rexe.20212042ortiz-mallegas11,doi:10.21703/rexe.20212042ortiz-mallegas11,STM-METADATA-ES,metadata,es,14,0.7448939901477815,10,0.12540011509394053,0.6194938750538409,FALSE,FALSE,2021,Condiciones de organización del trabajo en convivencia escolar y cooperación profesional,10.21703/rexe.20212042ortiz-mallegas11,OpenAlex,metadata,1.0120093119352878
doi:10.4067/s0718-50062021000600193,doi:10.4067/s0718-50062021000600193,STM-METADATA-ES,metadata,es,6,0.3217012972297724,10,0.19300217757172985,0.12869911965804257,FALSE,FALSE,2021,Compromiso académico estudiantil en tiempos de COVID-19: desafíos y oportunidades para la enseñanza en línea,10.4067/s0718-50062021000600193,OpenAlex,metadata,2.1148519543545863
doi:10.37811/cl_rcm.v7i2.5739,doi:10.37811/cl_rcm.v7i2.5739,STM-METADATA-ES,metadata,es,13,0.4746477192073472,2,0.4438042860703844,0.030843433136962806,FALSE,TRUE,2023,Recorrido Histórico e Investigativo sobre la Gestion Escolar Una mirada desde la Política Pública Educativa Colombiana,10.37811/cl_rcm.v7i2.5739,OpenAlex,metadata,1.0866315723785083
doi:10.18800/cige2020.011,doi:10.18800/cige2020.011,STM-METADATA-ES,metadata,es,11,0.5127326346053576,2,0.146050519400301,0.36668211520505656,FALSE,FALSE,2021,"El rol del director, ¿cómo lograr el aprendizaje de los estudiantes?",10.18800/cige2020.011,OpenAlex,metadata,1.6309055160267132
doi:10.32541/recie.2020.v4i1.pp20-33,doi:10.32541/recie.2020.v4i1.pp20-33,STM-METADATA-ES,metadata,es,5,0.4785027992031177,3,0.24704787011822277,0.23145492908489496,FALSE,FALSE,2020,Régimen Académico y Educación Secundaria: Procesos de recontextualización y tensiones en la gestión y culturas escolares,10.32541/recie.2020.v4i1.pp20-33,OpenAlex,metadata,1.6452503900921676
doi:10.14507/epaa.28.4147,doi:10.14507/epaa.28.4147,STM-METADATA-ES,metadata,es,7,0.46893683979602985,13,0.4471609805566069,0.021775859239422934,FALSE,TRUE,2020,Políticas y prácticas en la formación de directivos escolares en Argentina. Tensiones discursivas y experienciales,10.14507/epaa.28.4147,OpenAlex,metadata,1.0519908563783964
doi:10.56712/latam.v6i1.3551,doi:10.56712/latam.v6i1.3551,STM-METADATA-ES,metadata,es,9,0.27594545287636457,14,0.2640441533133437,0.011901299563020884,FALSE,TRUE,2025,El Impacto del Liderazgo Escolar en la Calidad Educativa: Evidencia desde la Nueva Escuela Mexicana,10.56712/latam.v6i1.3551,OpenAlex,metadata,1.987831649078517
doi:10.30827/profesorado.v25i2.18443,doi:10.30827/profesorado.v25i2.18443,STM-METADATA-ES,metadata,es,11,0.33050824126949496,13,0.25996181828459536,0.0705464229848996,FALSE,TRUE,2021,La inducción docente desde el discurso supranacional,10.30827/profesorado.v25i2.18443,OpenAlex,metadata,1.614432621830011
doi:10.24054/cie.v2i19.3248,doi:10.24054/cie.v2i19.3248,STM-METADATA-ES,metadata,es,10,0.4587797952288367,2,0.44922021697166037,0.009559578257176349,FALSE,TRUE,2024,La Educación para la Convivencia Armónica en la Escuela Ecuatoriana,10.24054/cie.v2i19.3248,OpenAlex,metadata,1.1612736115141902
doi:10.37811/cl_rcm.v9i4.19283,doi:10.37811/cl_rcm.v9i4.19283,STM-METADATA-ES,metadata,es,8,0.5206657902896631,9,0.3148225867419976,0.2058432035476655,FALSE,FALSE,2025,La Transformación Digital de la Gestión Educativa: Desafíos y Oportunidades para una Administración Escolar Eficiente,10.37811/cl_rcm.v9i4.19283,OpenAlex,metadata,1.290378035284642
doi:10.15366/jospoe2020.11.005,doi:10.15366/jospoe2020.11.005,STM-METADATA-ES,metadata,es,7,0.9534387932886638,13,0.011993280592256409,0.9414455126964073,FALSE,FALSE,2020,LOS ESPACIOS OLVIDADOS DE PARTICIPACIÓN Y AUTONOMÍA ESCOLAR FRENTE A LOS PROCESOS DE RENDICIÓN DE CUENTAS Y BUROCRACIA EN MÉXICO,10.15366/jospoe2020.11.005,OpenAlex,metadata,0.292525275626217
doi:10.15443/tde1006,doi:10.15443/tde1006,STM-METADATA-ES,metadata,es,5,0.4066003064027414,8,0.25632422162978585,0.15027608477295556,FALSE,FALSE,2024,Cultura de trabajo docente y gestión del cambio: del aislamiento a la colaboración,10.15443/tde1006,OpenAlex,metadata,1.7466813315847
doi:10.33996/revistahorizontes.v8i35.867,doi:10.33996/revistahorizontes.v8i35.867,STM-METADATA-ES,metadata,es,12,0.4400106094594736,7,0.26483452021149223,0.1751760892479814,FALSE,FALSE,2024,Formación profesional de directores y gestión de escuelas públicas,10.33996/revistahorizontes.v8i35.867,OpenAlex,metadata,1.5659786537923863
doi:10.5281/zenodo.6410248,doi:10.5281/zenodo.6410248,STM-METADATA-ES,metadata,es,13,0.9115454620841552,2,0.03039724221584228,0.8811482198683129,FALSE,FALSE,2022,La transmodernidad en voz y vestido de mujer,10.5281/zenodo.6410248,OpenAlex,metadata,0.4771492415597232
doi:10.59427/rcli/2023/v23cs.3204-3210,doi:10.59427/rcli/2023/v23cs.3204-3210,STM-METADATA-ES,metadata,es,4,0.33074421735588894,12,0.19660375604332872,0.13414046131256022,FALSE,FALSE,2023,Factores sociodemográficos asociados a las competencias digitales docentes,10.59427/rcli/2023/v23cs.3204-3210,OpenAlex,metadata,1.8214770963701283
doi:10.61286/e-rms.v2i.38,doi:10.61286/e-rms.v2i.38,STM-METADATA-ES,metadata,es,5,0.27859790654996286,10,0.24208405698447052,0.036513849565492335,FALSE,TRUE,2024,Integración Familiar en la Educación Inicial: Fortaleciendo la Inclusión Escolar,10.61286/e-rms.v2i.38,OpenAlex,metadata,1.9784619853115262
doi:10.26871/killkanasocial.v7i3.1406,doi:10.26871/killkanasocial.v7i3.1406,STM-METADATA-ES,metadata,es,6,0.9570482947369671,2,0.014146624902411795,0.9429016698345553,FALSE,FALSE,2023,Análisis comparativo entre los estándares de calidad del Ministerio de Educación y del Consejo de Aseguramiento de la Calidad de la Educación Superior,10.26871/killkanasocial.v7i3.1406,OpenAlex,metadata,0.2722955242763592
doi:10.47865/igob.vol7.n25.2024.327,doi:10.47865/igob.vol7.n25.2024.327,STM-METADATA-ES,metadata,es,13,0.3555292191028361,2,0.29595889844546075,0.05957032065737533,FALSE,TRUE,2024,"El proyecto educativo institucional y la gestión educativa en la I.E. Nuestra Señora del Carmen del distrito de Imperial, 2023",10.47865/igob.vol7.n25.2024.327,OpenAlex,metadata,1.6327907376460913
doi:10.46363/yachaq.v5i2.4,doi:10.46363/yachaq.v5i2.4,STM-METADATA-ES,metadata,es,12,0.9740300286584076,4,0.014091725620790746,0.9599383030376168,FALSE,FALSE,2022,Gestión escolar y compromiso docente en instituciones intercultural bilingüe (eib),10.46363/yachaq.v5i2.4,OpenAlex,metadata,0.16222597436665925
record:dc1343bca7b04a0793c3055c,record:dc1343bca7b04a0793c3055c,STM-METADATA-ES,metadata,es,2,0.42652246353754697,14,0.39194670225901673,0.03457576127853024,FALSE,TRUE,2020,La mejora de la educación desde la dirección y la gestión educativa,NA,OpenAlex,metadata,1.2255391396640216
doi:10.56219/lneaimaginaria.v1i22.4184,doi:10.56219/lneaimaginaria.v1i22.4184,STM-METADATA-ES,metadata,es,8,0.2503716500508953,5,0.2224935122984207,0.02787813775247458,FALSE,TRUE,2025,GESTIÓN ESCOLAR EN EL MARCO DE DESARROLLO ACADÉMICO EN COLOMBIA,10.56219/lneaimaginaria.v1i22.4184,OpenAlex,metadata,1.8627085260786753
doi:10.1590/scielopreprints.15420,doi:10.1590/scielopreprints.15420,STM-METADATA-ES,metadata,es,16,0.47522256165829235,11,0.45852417478651186,0.01669838687178049,FALSE,TRUE,2026,Gestión escolar en el logro de aprendizajes matemáticos: revisión sistemática,10.1590/scielopreprints.15420,OpenAlex,metadata,1.027380370930958
doi:10.46932/sfjdv2n2-062,doi:10.46932/sfjdv2n2-062,STM-METADATA-ES,metadata,es,12,0.5805744363196154,2,0.22914566466059993,0.3514287716590154,FALSE,FALSE,2021,Efectos de estilos de liderazgo del director en la gestión de Instituciones Educativas,10.46932/sfjdv2n2-062,OpenAlex,metadata,1.2517031843289748
doi:10.33881/2027-1786.rip.13105,doi:10.33881/2027-1786.rip.13105,STM-METADATA-ES,metadata,es,14,0.26817517608287833,10,0.24668164375523433,0.021493532327644005,FALSE,TRUE,2020,Incidencia del clima familiar y escolar en la conducta de ciberacoso: Estudio con adolescentes de Córdoba (Argentina),10.33881/2027-1786.rip.13105,OpenAlex,metadata,2.07520629708589
doi:10.33996/revistahorizontes.v9i38.1038,doi:10.33996/revistahorizontes.v9i38.1038,STM-METADATA-ES,metadata,es,16,0.7726891490485767,6,0.06720571782369208,0.7054834312248845,FALSE,FALSE,2025,Evaluación diagnóstica en aprendizajes de estudiantes del nivel primario: una revisión sistemática,10.33996/revistahorizontes.v9i38.1038,OpenAlex,metadata,0.9890321232117815
record:e7d9f86053b6eb50d95d7219,record:e7d9f86053b6eb50d95d7219,STM-METADATA-ES,metadata,es,12,0.37169394819075813,13,0.17747115206826644,0.1942227961224917,FALSE,FALSE,2020,"Gestión pedagógica y cultura organizacional en la Institución Educativa Andrés Bello de Yunguyo, Perú/Pedagogical management and organizational culture at the Andrés Bello Educational Institution from Yunguyo, Peru",NA,OpenAlex,metadata,1.9321015258776861
doi:10.46377/dilemas.v10i3.3667,doi:10.46377/dilemas.v10i3.3667,STM-METADATA-ES,metadata,es,12,0.5129597413879616,7,0.37768671219747596,0.13527302919048567,FALSE,FALSE,2023,Implementación de políticas ambientales en la gestión escolar peruana.,10.46377/dilemas.v10i3.3667,OpenAlex,metadata,1.2084929017144652
doi:10.5281/zenodo.17905633,doi:10.5281/zenodo.17905633,STM-METADATA-ES,metadata,es,6,0.606580230591059,4,0.27814125754674063,0.3284389730443184,FALSE,FALSE,2025,MODELO DE GESTIÓN ESCOLAR PARA LA CALIDAD EDUCATIVA EN COLOMBIA,10.5281/zenodo.17905633,OpenAlex,metadata,1.0792520527405454
doi:10.33386/593dp.2021.2-1.490,doi:10.33386/593dp.2021.2-1.490,STM-METADATA-ES,metadata,es,2,0.9338968839425389,10,0.021554696494193167,0.9123421874483457,FALSE,FALSE,2021,La gestión educativa y su influencia en los nuevos desafíos del desarrollo curricular en la Unidad Educativa Bartolomé Garelli,10.33386/593dp.2021.2-1.490,OpenAlex,metadata,0.38113368110725726
doi:10.37811/cl_rcm.v10i2.23057,doi:10.37811/cl_rcm.v10i2.23057,STM-METADATA-ES,metadata,es,6,0.2056619046217072,11,0.19264974654179373,0.01301215807991346,FALSE,TRUE,2026,Problemáticas Persistentes de la Gestión Escolar en Colombia: Ausencia de Liderazgo Pedagógico,10.37811/cl_rcm.v10i2.23057,OpenAlex,metadata,2.1886332398269697
doi:10.4067/s0718-50652021000100215,doi:10.4067/s0718-50652021000100215,STM-METADATA-ES,metadata,es,14,0.953328018531844,2,0.011285920878451506,0.9420420976533925,FALSE,FALSE,2021,"ENCARGADO DE CONVIVENCIA ESCOLAR EN EL NORTE DE CHILE: PERFIL, OBSTÁCULOS Y SUGERENCIAS PARA SU DESEMPEÑO",10.4067/s0718-50652021000100215,OpenAlex,metadata,0.29482038022377777
doi:10.47212/rtcalinin.1.1.4,doi:10.47212/rtcalinin.1.1.4,STM-METADATA-ES,metadata,es,10,0.34611432507603945,2,0.24005940900851355,0.1060549160675259,FALSE,FALSE,2021,Huertos escolares en la promoción de hábitos alimenticios saludables en el plato del buen comer,10.47212/rtcalinin.1.1.4,OpenAlex,metadata,1.8242337788133194
doi:10.59427/rcli/2024/v24cs.972-980,doi:10.59427/rcli/2024/v24cs.972-980,STM-METADATA-ES,metadata,es,16,0.5576485217829009,14,0.32453691047783173,0.2331116113050692,FALSE,FALSE,2024,Liderazgo del director en la gestión escolar,10.59427/rcli/2024/v24cs.972-980,OpenAlex,metadata,1.0954793501613957
doi:10.46652/religacionpress.192.c314,doi:10.46652/religacionpress.192.c314,STM-METADATA-ES,metadata,es,13,0.4099824711298241,2,0.25801247773007807,0.15196999339974604,FALSE,FALSE,2024,"La innovación educativa desde la gestión escolar: retos, saberes y desafíos",10.46652/religacionpress.192.c314,OpenAlex,metadata,1.6986522665273867
doi:10.15448/1984-7289.2022.1.41864,doi:10.15448/1984-7289.2022.1.41864,STM-METADATA-ES,metadata,es,5,0.7962292218470045,12,0.06182930888658394,0.7343999129604206,FALSE,FALSE,2022,Las desigualdades educativas en Argentina,10.15448/1984-7289.2022.1.41864,OpenAlex,metadata,0.948112438523766
doi:10.37811/cl_rcm.v9i5.20725,doi:10.37811/cl_rcm.v9i5.20725,STM-METADATA-ES,metadata,es,16,0.244361384216887,8,0.2422075454200824,0.002153838796804586,FALSE,TRUE,2025,Revisión Sistemática: las Habilidades Lingüísticas y su Relación con la Gestión Escolar,10.37811/cl_rcm.v9i5.20725,OpenAlex,metadata,1.9872880454449282
doi:10.59654/tdcsh709,doi:10.59654/tdcsh709,STM-METADATA-ES,metadata,es,13,0.30458764365093055,2,0.2802763489708582,0.02431129468007237,FALSE,TRUE,2021,La gestión escolar participativa como base para el vínculo familia-escuela,10.59654/tdcsh709,OpenAlex,metadata,1.8251856196908776
doi:10.5281/zenodo.6789683,doi:10.5281/zenodo.6789683,STM-METADATA-ES,metadata,es,8,0.4555619340324998,13,0.267799741967758,0.18776219206474176,FALSE,FALSE,2022,Prácticas pedagógicas para el fomento de la cultura democrática al interior de las instituciones educativas,10.5281/zenodo.6789683,OpenAlex,metadata,1.4656622086020867
doi:10.69516/enjfpw30,doi:10.69516/enjfpw30,STM-METADATA-ES,metadata,es,4,0.48039431117397263,6,0.2110560995290465,0.2693382116449261,FALSE,FALSE,2024,Influencia de la gestión administrativa en el desempeño de los docentes,10.69516/enjfpw30,OpenAlex,metadata,1.4734650274678152
record:c841fd0d09fbfb9abbac9e38,record:c841fd0d09fbfb9abbac9e38,STM-METADATA-ES,metadata,es,7,0.6700426496094275,16,0.26384244431041254,0.40620020529901496,FALSE,FALSE,2022,Criterios de directores de escuelas primarias del municipio Venezuela sobre la creatividad en su gestión escolar,NA,OpenAlex,metadata,0.9545649196884194
doi:10.5281/zenodo.19206535,doi:10.5281/zenodo.19206535,STM-METADATA-ES,metadata,es,11,0.35435520699223033,5,0.3116372228026095,0.042717984189620806,FALSE,TRUE,2025,"Evaluación de Impacto de Jornada Escolar Completa: resultados sobre liderazgo, gestión escolar y prácticas pedagógicas",10.5281/zenodo.19206535,OpenAlex,metadata,1.5860293958359306
doi:10.5281/zenodo.17619868,doi:10.5281/zenodo.17619868,STM-METADATA-ES,metadata,es,12,0.49174767304347394,3,0.3373297144089155,0.15441795863455843,FALSE,FALSE,2023,"MARCO DE COHERENCIA Y GESTIÓN ESCOLAR EN INSTITUCIONES EDUCATIVAS POLIDOCENTES DEL NIVEL PRIMARIA, UGEL ANDAHUAYLAS",10.5281/zenodo.17619868,OpenAlex,metadata,1.2928439878143339
record:7e3bfe224a6008481a07eaf5,record:7e3bfe224a6008481a07eaf5,STM-METADATA-ES,metadata,es,10,0.3720423385015555,2,0.2811747135296648,0.09086762497189071,FALSE,TRUE,2025,Plan estratégico para mejorar la gestión escolar de una institución educativa de Lima,NA,OpenAlex,metadata,1.674274379141588
doi:10.18050/revucv-scientia.v15n1a4,doi:10.18050/revucv-scientia.v15n1a4,STM-METADATA-ES,metadata,es,12,0.4833078085535547,5,0.29100031227156675,0.19230749628198796,FALSE,FALSE,2023,"Gestión escolar en la educación inclusiva de estudiantes de EBR, Lima 2022",10.18050/revucv-scientia.v15n1a4,OpenAlex,metadata,1.4734000753288883
doi:10.59427/rcli/2023/v23cs.2963-2967,doi:10.59427/rcli/2023/v23cs.2963-2967,STM-METADATA-ES,metadata,es,16,0.8522307861031383,2,0.07458593949585456,0.7776448466072837,FALSE,FALSE,2023,La gestión escolar y su desarrollo en instituciones educativas de educación básica,10.59427/rcli/2023/v23cs.2963-2967,OpenAlex,metadata,0.6559098909452961
doi:10.25127/rcsh.20236.930,doi:10.25127/rcsh.20236.930,STM-METADATA-ES,metadata,es,12,0.7963355911444109,2,0.0927306672013496,0.7036049239430613,FALSE,FALSE,2023,"Compromisos de gestión escolar y administración de recursos en directivos de Educación Básica, Luya - 2022",10.25127/rcsh.20236.930,OpenAlex,metadata,0.8591369798488363
doi:10.56865/dgenam.pd.2019.1.1.25,doi:10.56865/dgenam.pd.2019.1.1.25,STM-METADATA-ES,metadata,es,14,0.509126291567353,13,0.1866575791019342,0.3224687124654188,FALSE,FALSE,2023,"El liderazgo y la gestión escolar. Construcciones, perspectivas y reconfiguraciones desde su complejidad.",10.56865/dgenam.pd.2019.1.1.25,OpenAlex,metadata,1.5986657445617445
doi:10.33996/revistahorizontes.v9i38.1019,doi:10.33996/revistahorizontes.v9i38.1019,STM-METADATA-ES,metadata,es,14,0.2626596360484321,10,0.2554330217435271,0.00722661430490501,FALSE,TRUE,2025,Perspectiva de directivos de instituciones educativas respecto al manejo de habilidades blandas y gestión escolar,10.33996/revistahorizontes.v9i38.1019,OpenAlex,metadata,1.8113523506542888
doi:10.70577/nn0py871,doi:10.70577/nn0py871,STM-METADATA-ES,metadata,es,8,0.5267438699101814,16,0.23027060488875226,0.2964732650214291,FALSE,FALSE,2025,Revisión Sistemática Sobre Cómo Las Habilidades Lingüísticas Se Vinculan Con La Gestión Escolar.,10.70577/nn0py871,OpenAlex,metadata,1.3513052451775824
doi:10.22235/pe.v15i1.2139,doi:10.22235/pe.v15i1.2139,STM-METADATA-ES,metadata,es,15,0.5274423072317993,14,0.3138118599745551,0.21363044725724423,FALSE,FALSE,2022,Paradojas y realidades en torno a la autonomía de gestión escolar en México,10.22235/pe.v15i1.2139,OpenAlex,metadata,1.2945997076445521
doi:10.5281/zenodo.4412663,doi:10.5281/zenodo.4412663,STM-METADATA-ES,metadata,es,7,0.47401372904134353,2,0.41893951890850245,0.055074210132841084,FALSE,TRUE,2021,"LA GESTIÓN ESCOLAR PARA LA EFICACIA EN LAS ESCUELAS RURALES DEL ESTADO DELTA AMACURO, VENEZUELA",10.5281/zenodo.4412663,OpenAlex,metadata,1.1780734239393826
doi:10.47865/igob.vol4.2021.118,doi:10.47865/igob.vol4.2021.118,STM-METADATA-ES,metadata,es,12,0.9796181823068446,4,0.010621269298705428,0.9689969130081392,FALSE,FALSE,2021,"Liderazgo distribuido y gestión de conflictos en los docentes del nivel secundario: Red 4-Ugel 01, 2017",10.47865/igob.vol4.2021.118,OpenAlex,metadata,0.13287901506615024
doi:10.29394/scientific.issn.2542-2987.2025.10.e1.3.69-91,doi:10.29394/scientific.issn.2542-2987.2025.10.e1.3.69-91,STM-METADATA-ES,metadata,es,10,0.6750227200383117,4,0.120468337867391,0.5545543821709207,FALSE,FALSE,2025,Acompañamiento Socioemocional como Apoyo a la Gestión Escolar Frente a Entornos de Violencia,10.29394/scientific.issn.2542-2987.2025.10.e1.3.69-91,OpenAlex,metadata,1.0961200312280144
record:39556965c349d1eeda1e608b,record:39556965c349d1eeda1e608b,STM-METADATA-ES,metadata,es,5,0.9498920631971787,2,0.01099264601645548,0.9388994171807232,FALSE,FALSE,2021,Algunas aportaciones del INIDE al análisis y planeación del futuro de la educación básica,NA,OpenAlex,metadata,0.3160347965002024
doi:10.69821/aicis.v3i3.134,doi:10.69821/aicis.v3i3.134,STM-METADATA-ES,metadata,es,9,0.40188999990605445,16,0.29726289330174455,0.1046271066043099,FALSE,FALSE,2025,"Analítica educativa y gestión pedagógica basada en datos: modelos, beneficios y desafíos en América Latina",10.69821/aicis.v3i3.134,OpenAlex,metadata,1.3030950911990609
doi:10.33386/593dp.2021.1.411,doi:10.33386/593dp.2021.1.411,STM-METADATA-ES,metadata,es,2,0.47212365453767763,6,0.27582327679633223,0.1963003777413454,FALSE,FALSE,2020,Incidencia del modelo teórico organizacional de calidad y competitividad en la Escuela Ciudad de Machala,10.33386/593dp.2021.1.411,OpenAlex,metadata,1.4879369151774844
doi:10.47865/igob.vol6.n22.2023.284,doi:10.47865/igob.vol6.n22.2023.284,STM-METADATA-ES,metadata,es,12,0.6491976552621003,4,0.32466506405424483,0.32453259120785544,FALSE,FALSE,2023,Cultura organizacional y evaluación del desempeño docente en el nivel primaria de la i.e. n° 116 “abraham Valdelomar”. San Juan de Lurigancho. Lima 2022.,10.47865/igob.vol6.n22.2023.284,OpenAlex,metadata,0.7930330967504924
doi:10.36557/2674-8169.2024v6n3p1225-1242,doi:10.36557/2674-8169.2024v6n3p1225-1242,STM-METADATA-ES,metadata,es,9,0.41074450063861284,16,0.27899606459717313,0.1317484360414397,FALSE,FALSE,2024,LA INTELIGENCIA DE NEGOCIOS Y LA ANALÍTICA DE DATOS IMPULSANDO EL DESARROLLO ACADÉMICO,10.36557/2674-8169.2024v6n3p1225-1242,OpenAlex,metadata,1.4473442012537254
doi:10.37811/cl_rcm.v9i4.19641,doi:10.37811/cl_rcm.v9i4.19641,STM-METADATA-ES,metadata,es,8,0.45404753567702016,10,0.26057103387532177,0.1934765018016984,FALSE,FALSE,2025,Prácticas de liderazgo positivo en la gestión escolar de centros educativos públicos,10.37811/cl_rcm.v9i4.19641,OpenAlex,metadata,1.6278626247370114
doi:10.61303/2735668x.v4i2.99,doi:10.61303/2735668x.v4i2.99,STM-METADATA-ES,metadata,es,8,0.4215784617104461,14,0.187943294370768,0.2336351673396781,FALSE,FALSE,2026,Gestión escolar y retención docente: desafíos ante la escasez de profesores en Chile,10.61303/2735668x.v4i2.99,OpenAlex,metadata,1.644674903964256
doi:10.65598/rps.5989,doi:10.65598/rps.5989,STM-METADATA-ES,metadata,es,11,0.2881466961442014,6,0.21093548357461167,0.07721121256958974,FALSE,TRUE,2026,Liderazgo directivo y gestión escolar: estudio documental desde las tesis de Maestría en Educación,10.65598/rps.5989,OpenAlex,metadata,1.9984651055205462
doi:10.69639/arandu.v11i2.400,doi:10.69639/arandu.v11i2.400,STM-METADATA-ES,metadata,es,6,0.7670235959896324,4,0.17152186504343744,0.595501730946195,FALSE,FALSE,2024,Gestión directiva de calidad y su impacto en la dimensión administrativa,10.69639/arandu.v11i2.400,OpenAlex,metadata,0.7976398208466695
record:02f0c8b0624d670b9f2dfb1f,record:02f0c8b0624d670b9f2dfb1f,STM-METADATA-ES,metadata,es,14,0.44346077697756847,2,0.24061965512624695,0.20284112185132153,FALSE,FALSE,2020,La importancia de la gestión escolar en el ámbito pedagógico en una primaria pública del estado de México,NA,OpenAlex,metadata,1.661649233405247
doi:10.47865/igob.vol6.n22.2023.258,doi:10.47865/igob.vol6.n22.2023.258,STM-METADATA-ES,metadata,es,12,0.6913988897792482,2,0.171724568063089,0.5196743217161592,FALSE,FALSE,2023,Competencia directiva y evaluación de la gestión escolar en la IE 5168 Rosa Luz. Puente piedra. Lima,10.47865/igob.vol6.n22.2023.258,OpenAlex,metadata,1.1150294126935223
doi:10.35622/inudi.b.087,doi:10.35622/inudi.b.087,STM-METADATA-ES,metadata,es,11,0.4967189828171409,2,0.16871600246709204,0.3280029803500488,FALSE,FALSE,2023,Compromisos de la gestión escolar en el contexto virtual,10.35622/inudi.b.087,OpenAlex,metadata,1.701537782968292
record:ad0612a5c7fd43eb15f92e21,record:ad0612a5c7fd43eb15f92e21,STM-METADATA-ES,metadata,es,2,0.24666505392909693,11,0.2417386156022283,0.004926438326868621,FALSE,TRUE,2024,Liderazgo directivo para mejorar la gestión escolar en una institución educativa de la provincia de Parinacochas Ayacucho,NA,OpenAlex,metadata,1.958002413002603
doi:10.56219/rgp.vi40.918,doi:10.56219/rgp.vi40.918,STM-METADATA-ES,metadata,es,3,0.5758739443796768,14,0.16535338849317105,0.4105205558865057,FALSE,FALSE,2021,Liderazgo directivo en la gestión escolar desde un enfoque micropolítico,10.56219/rgp.vi40.918,OpenAlex,metadata,1.497513829751492
doi:10.56200/mried.v4i11.10188,doi:10.56200/mried.v4i11.10188,STM-METADATA-ES,metadata,es,16,0.36820095304929473,11,0.23632199891215422,0.13187895413714051,FALSE,FALSE,2025,Jornada Escolar Extendida: Un Aliado de las Familias Dominicanas,10.56200/mried.v4i11.10188,OpenAlex,metadata,1.807462064740483
doi:10.47554/revie.vol13.num1.2026.pp43-69,doi:10.47554/revie.vol13.num1.2026.pp43-69,STM-METADATA-ES,metadata,es,8,0.3226333642887678,6,0.3086544377189467,0.013978926569821137,FALSE,TRUE,2026,Estrategias de mejora para fortalecer la gestión escolar y la creación de ambientes de aprendizaje,10.47554/revie.vol13.num1.2026.pp43-69,OpenAlex,metadata,1.7693090001420115
doi:10.15443/tde655,doi:10.15443/tde655,STM-METADATA-ES,metadata,es,14,0.43546276844475756,13,0.1871471853079415,0.24831558313681606,FALSE,FALSE,2024,Presencia del enfoque de género en la gestión escolar chilena: significados y experiencias,10.15443/tde655,OpenAlex,metadata,1.7978751167342593
doi:10.60100/bciv.v3i3.120,doi:10.60100/bciv.v3i3.120,STM-METADATA-ES,metadata,es,2,0.3646473519685987,11,0.3221496897642665,0.04249766220433221,FALSE,TRUE,2023,Plan de acompañamiento pedagógico orientado al desarrollo profesional docente en la Unidad Educativa Fiscomisional Educare periodo lectivo 2022- 2023.,10.60100/bciv.v3i3.120,OpenAlex,metadata,1.4805335889221025
doi:10.22463/25909215.4152,doi:10.22463/25909215.4152,STM-METADATA-ES,metadata,es,2,0.4223738334222274,14,0.29475555320193186,0.12761828022029553,FALSE,FALSE,2023,El liderazgo educativo del directivo docente en las prácticas pedagógicas de las maestras de transición,10.22463/25909215.4152,OpenAlex,metadata,1.5091334241432963
doi:10.5354/2452-5014.2022.67730,doi:10.5354/2452-5014.2022.67730,STM-METADATA-ES,metadata,es,13,0.8387243867412667,16,0.05130021788834797,0.7874241688529188,FALSE,FALSE,2022,El Proyecto Educativo Institucional en el sistema escolar chileno: propuestas de fortalecimiento a partir de una revisión comparada,10.5354/2452-5014.2022.67730,OpenAlex,metadata,0.729015955352213
doi:10.14507/epaa.28.4554,doi:10.14507/epaa.28.4554,STM-METADATA-ES,metadata,es,7,0.6857490473665587,15,0.19782367060288714,0.4879253767636716,FALSE,FALSE,2020,Recontextualización de la política de gestión en escuelas indígenas de tiempo completo en Baja California,10.14507/epaa.28.4554,OpenAlex,metadata,1.007276368112244
doi:10.56712/latam.v6i5.4761,doi:10.56712/latam.v6i5.4761,STM-METADATA-ES,metadata,es,8,0.7755984125856353,16,0.05191424757788884,0.7236841650077465,FALSE,FALSE,2025,Liderazgo directivo y gestión escolar en Panamá: un análisis desde la literatura especializada,10.56712/latam.v6i5.4761,OpenAlex,metadata,0.9964239961819576
doi:10.36737/01230425.n47.2024.3223,doi:10.36737/01230425.n47.2024.3223,STM-METADATA-ES,metadata,es,5,0.503881713772901,13,0.23159614143780208,0.272285572335099,FALSE,FALSE,2024,Las representaciones sociales en la educación inclusiva: una revisión sistemática,10.36737/01230425.n47.2024.3223,OpenAlex,metadata,1.3067904217182393
doi:10.30545/academo.2024.may-ago.6,doi:10.30545/academo.2024.may-ago.6,STM-METADATA-ES,metadata,es,7,0.57752564448711,2,0.21935359297432708,0.35817205151278286,FALSE,FALSE,2024,Metáforas relacionadas a la gestión escolar en las escuelas del Per,10.30545/academo.2024.may-ago.6,OpenAlex,metadata,1.462805265457935
doi:10.70577/reg.v4i3.226,doi:10.70577/reg.v4i3.226,STM-METADATA-ES,metadata,es,8,0.6204764027612365,6,0.31750824381110226,0.30296815895013424,FALSE,FALSE,2025,Pensamiento estadístico y alfabetización numérica crítica para la toma de decisiones informadas en contextos educativos contemporáneos,10.70577/reg.v4i3.226,OpenAlex,metadata,0.9766601528374613
record:b17eb77951eba8b5fb0e72af,record:b17eb77951eba8b5fb0e72af,STM-METADATA-ES,metadata,es,11,0.33026802009719863,14,0.3280671370456495,0.0022008830515491407,FALSE,TRUE,2025,Percepción docente sobre la gestión escolar de la Nueva Escuela Mexicana en Tamaulipas,NA,OpenAlex,metadata,1.6512444081389517
doi:10.62876/cuadernosucab.vi15.6067,doi:10.62876/cuadernosucab.vi15.6067,STM-METADATA-ES,metadata,es,10,0.9086127373967159,2,0.02590016728762342,0.8827125701090924,FALSE,FALSE,2023,Participación de los padres de familia en la gestión escolar. Acción de mejora en el rendimiento académico de sus representados,10.62876/cuadernosucab.vi15.6067,OpenAlex,metadata,0.5035477661595918
doi:10.46589/riasf.v1i43.757,doi:10.46589/riasf.v1i43.757,STM-METADATA-ES,metadata,es,4,0.34831633355315783,10,0.23460460942993142,0.11371172412322642,FALSE,FALSE,2025,Comunicación Efectiva: un Elemento Clave en la Gestión Escolar de una Institución Media Superior,10.46589/riasf.v1i43.757,OpenAlex,metadata,1.7350571431149289
doi:10.23913/ride.v12i24.1117,doi:10.23913/ride.v12i24.1117,STM-METADATA-ES,metadata,es,14,0.3724446751952749,10,0.21840830366091135,0.15403637153436356,FALSE,FALSE,2022,Desafíos y experiencias de administradores escolares novatos en el sureste de México,10.23913/ride.v12i24.1117,OpenAlex,metadata,1.985054804160693
doi:10.46652/religacionpress.293.c511,doi:10.46652/religacionpress.293.c511,STM-METADATA-ES,metadata,es,8,0.760654961588121,5,0.06737479725282469,0.6932801643352963,FALSE,FALSE,2025,Habilidades Directivas para una Gestión Escolar con Enfoque Humanista en los Institutos Tecnológicos,10.46652/religacionpress.293.c511,OpenAlex,metadata,1.0775031228809246
record:5cf6c2e72cb712af9f21b043,record:5cf6c2e72cb712af9f21b043,STM-METADATA-ES,metadata,es,15,0.5278640234231666,4,0.27460974887064615,0.2532542745525205,FALSE,FALSE,2023,Diseño de un plan de acción de educación sexual integral (ESI) para docentes: su contribución a la gestión escolar,NA,OpenAlex,metadata,1.4254049411018381
doi:10.47606/acven/ph0178,doi:10.47606/acven/ph0178,STM-METADATA-ES,metadata,es,6,0.5743441810659837,12,0.31302691150106293,0.2613172695649208,FALSE,FALSE,2023,Integración escuela- comunidad desde el consejo educativo en la gestión escolar indígena,10.47606/acven/ph0178,OpenAlex,metadata,1.123713527786797
doi:10.69639/arandu.v12i3.1507,doi:10.69639/arandu.v12i3.1507,STM-METADATA-ES,metadata,es,10,0.36238217988327764,11,0.21649466243249954,0.1458875174507781,FALSE,FALSE,2025,Prácticas de gestión escolar e innovación educativa en el Nivel Medio de una institución educativa pública,10.69639/arandu.v12i3.1507,OpenAlex,metadata,1.717700675929913
record:e53e9bf901e2aa2299612bde,record:e53e9bf901e2aa2299612bde,STM-METADATA-ES,metadata,es,13,0.3769288910567443,5,0.306819555469523,0.07010933558722132,FALSE,TRUE,2021,Estrategia de gestión escolar para la educación inclusiva desde el reconocimiento,NA,OpenAlex,metadata,1.5770469451938962
doi:10.61384/r.c.a..v5i1.962,doi:10.61384/r.c.a..v5i1.962,STM-METADATA-ES,metadata,es,8,0.6983448669718679,2,0.11418147331719365,0.5841633936546743,FALSE,FALSE,2025,Liderazgo e Innovación Educativa: Estrategias y Políticas para la Transformación en el Siglo XXI,10.61384/r.c.a..v5i1.962,OpenAlex,metadata,1.1241122885244412
doi:10.15517/revedu.v47i2.53991,doi:10.15517/revedu.v47i2.53991,STM-METADATA-ES,metadata,es,15,0.41409025261882293,6,0.35861075678293564,0.055479495835887294,FALSE,TRUE,2023,Análisis de las creencias docentes acerca de la formación gubernamental en el Departamento del Cauca-Colombia,10.15517/revedu.v47i2.53991,OpenAlex,metadata,1.5234553330037828
doi:10.15366/tp2021.37.002,doi:10.15366/tp2021.37.002,STM-METADATA-ES,metadata,es,5,0.60913932382658,7,0.18249601718701136,0.4266433066395686,FALSE,FALSE,2020,Programas educativos dirigidos a poblaciones de los territorios rurales. Experiencias en Argentina y México,10.15366/tp2021.37.002,OpenAlex,metadata,1.290372673096278
doi:10.70577/k39cds93,doi:10.70577/k39cds93,STM-METADATA-ES,metadata,es,8,0.596596012043241,11,0.208555077081626,0.38804093496161496,FALSE,FALSE,2025,Proyectos Escolares de Emprendimiento como Motor para el Desarrollo de Competencias Socioeconómicas en Estudiantes de Bachillerato Técnico en Ecuador.,10.70577/k39cds93,OpenAlex,metadata,1.3399827957117194
doi:10.46652/religacionpress.317.c581,doi:10.46652/religacionpress.317.c581,STM-METADATA-ES,metadata,es,8,0.49053401704164895,14,0.19732360786184636,0.29321040917980257,FALSE,FALSE,2025,Administrar sin excluir: gestión escolar con perspectiva de género en el siglo XXI,10.46652/religacionpress.317.c581,OpenAlex,metadata,1.5999896622484384
doi:10.70747/cr.v4i3.506,doi:10.70747/cr.v4i3.506,STM-METADATA-ES,metadata,es,8,0.40729560610717436,10,0.28563036166420425,0.12166524444297011,FALSE,FALSE,2025,Gestión Educativa y el Clima Organizacional: Una Revisión Sistemática,10.70747/cr.v4i3.506,OpenAlex,metadata,1.3616866122124982
doi:10.69516/xq65fj12,doi:10.69516/xq65fj12,STM-METADATA-ES,metadata,es,10,0.5483888308148194,6,0.264321927972214,0.2840669028426054,FALSE,FALSE,2023,Percepción sobre los servicios educativos en instituciones públicas,10.69516/xq65fj12,OpenAlex,metadata,1.2351531430565246
doi:10.35381/e.k.v4i7.1084,doi:10.35381/e.k.v4i7.1084,STM-METADATA-ES,metadata,es,2,0.28807368771409403,12,0.28525873017567976,0.0028149575384142644,FALSE,TRUE,2021,Liderazgo en la gestión escolar del proceso de enseñanza aprendizaje en la básica superior,10.35381/e.k.v4i7.1084,OpenAlex,metadata,1.7599548160882734
doi:10.47865/igob.vol6.n24.2023.307,doi:10.47865/igob.vol6.n24.2023.307,STM-METADATA-ES,metadata,es,12,0.49191135122629637,6,0.4292424151712186,0.06266893605507778,FALSE,TRUE,2023,Desempeño profesional docente y calidad de la educación en cuatro instituciones educativas públicas en Villa María del Triunfo. Lima,10.47865/igob.vol6.n24.2023.307,OpenAlex,metadata,1.0656041896992956
doi:10.37594/dialogus.v1i16.1821,doi:10.37594/dialogus.v1i16.1821,STM-METADATA-ES,metadata,es,11,0.26223702314979674,15,0.22927460823192009,0.03296241491787666,FALSE,TRUE,2025,Gestión escolar y su rol en la calidad de la enseñanza de la lectoescritura en Panamá,10.37594/dialogus.v1i16.1821,OpenAlex,metadata,2.1158917641478148
record:2123e5adb4e772b25966e88d,record:2123e5adb4e772b25966e88d,STM-METADATA-ES,metadata,es,5,0.49768178850882805,15,0.22142979235010796,0.2762519961587201,FALSE,FALSE,2023,"Políticas públicas y gestión escolar: estudiantes con discapacidad visual, dos escuelas en Taguatinga-DF, Brasil",NA,OpenAlex,metadata,1.3596374377679163
doi:10.46932/sfjdv3n6-026,doi:10.46932/sfjdv3n6-026,STM-METADATA-ES,metadata,es,9,0.7465621061041121,2,0.0946490911092739,0.6519130149948382,FALSE,FALSE,2022,Análisis del patrón de diseño para el desarrollo de un sistema de gestión escolar,10.46932/sfjdv3n6-026,OpenAlex,metadata,1.0768479661573651
doi:10.59427/rcli/2023/v23cs.3717-3724,doi:10.59427/rcli/2023/v23cs.3717-3724,STM-METADATA-ES,metadata,es,12,0.44000390242963416,14,0.17626236401318737,0.26374153841644676,FALSE,FALSE,2023,Relación entre la gestión escolar y el liderazgo directivo con el perfil de egreso en los estudiantes de la red educativa Santa Cruz,10.59427/rcli/2023/v23cs.3717-3724,OpenAlex,metadata,1.6835435023818874
doi:10.47865/igob.vol7.n26.2024.341,doi:10.47865/igob.vol7.n26.2024.341,STM-METADATA-ES,metadata,es,12,0.8223698616051179,4,0.14539924281341335,0.6769706187917046,FALSE,FALSE,2024,Gestión de la cultura organizacional y desempeño docente en la IE N° 5127 Mártir José Olaya. Ventanilla. Lima,10.47865/igob.vol7.n26.2024.341,OpenAlex,metadata,0.6167759650400395
doi:10.47606/acven/ph0022,doi:10.47606/acven/ph0022,STM-METADATA-ES,metadata,es,2,0.4675024438332137,10,0.2856002492415054,0.1819021945917083,FALSE,FALSE,2021,"ESCUELA, FAMILIA Y COMUNIDAD ESCENARIO ESTRATÉGICO PARA LA GESTIÓN EDUCATIVA EN CONTEXTOS RURALES.",10.47606/acven/ph0022,OpenAlex,metadata,1.4572980192226215
doi:10.56712/latam.v5i1.1609,doi:10.56712/latam.v5i1.1609,STM-METADATA-ES,metadata,es,10,0.43325181318347405,2,0.22314408407329514,0.21010772911017891,FALSE,FALSE,2024,Diagnóstico laboral para la mejora del clima organizacional en una escuela secundaria,10.56712/latam.v5i1.1609,OpenAlex,metadata,1.642420148947512
doi:10.47554/cii.vol14.2023.pp114-125,doi:10.47554/cii.vol14.2023.pp114-125,STM-METADATA-ES,metadata,es,11,0.6112194414247256,15,0.20360286547204565,0.40761657595267997,FALSE,FALSE,2024,Promoviendo la mejora escolar de las instituciones educativas a través de estrategias de formación continua,10.47554/cii.vol14.2023.pp114-125,OpenAlex,metadata,1.3456416088205294
record:fcd281b1441eb0546eba4a34,record:fcd281b1441eb0546eba4a34,STM-METADATA-ES,metadata,es,4,0.4531764397495213,11,0.23522768998469193,0.2179487497648294,FALSE,FALSE,2025,Modelo de excelencia para mejorar la gestión escolar en el nivel secundaria de una institución educativa pública en Huaral- Lima,NA,OpenAlex,metadata,1.6439770253325825
doi:10.56712/latam.v5i5.2944,doi:10.56712/latam.v5i5.2944,STM-METADATA-ES,metadata,es,10,0.6515860323120177,2,0.14037626196411318,0.5112097703479046,FALSE,FALSE,2024,La satisfacción de la comunidad escolar como apoyo en los procesos de mejora continua en una secundaria federal,10.56712/latam.v5i5.2944,OpenAlex,metadata,1.265706251998416
record:5f4ba097c47c559915f81dfe,record:5f4ba097c47c559915f81dfe,STM-METADATA-ES,metadata,es,14,0.37176508720887613,2,0.2509157284620913,0.12084935874678482,FALSE,FALSE,2021,De estudiante a director: realidades que se viven en las escuelas multigrado,NA,OpenAlex,metadata,1.620364656117404
doi:10.26820/recimundo/7.(1).enero.2023.108-117,doi:10.26820/recimundo/7.(1).enero.2023.108-117,STM-METADATA-ES,metadata,es,2,0.47747493013884346,5,0.4310609100314412,0.046414020107402254,FALSE,TRUE,2023,Rol de apoyo a la inclusión pedagógica para estudiantes con necesidades especiales,10.26820/recimundo/7.(1).enero.2023.108-117,OpenAlex,metadata,1.1334375285304241
doi:10.52080/rvgluz.30.especial14.45,doi:10.52080/rvgluz.30.especial14.45,STM-METADATA-ES,metadata,es,15,0.3633986979681224,8,0.22174887297863682,0.14164982498948558,FALSE,FALSE,2025,Evaluación de desempeño y gestión escolar: paradojas y desafíos de los rectores públicos en Colombia,10.52080/rvgluz.30.especial14.45,OpenAlex,metadata,1.7321606016873214
doi:10.53595/rlo.v4.i9.093,doi:10.53595/rlo.v4.i9.093,STM-METADATA-ES,metadata,es,10,0.8318306570968846,11,0.05090631935184021,0.7809243377450444,FALSE,FALSE,2024,Explorando el acompañamiento familiar en educación: Más allá de la participación tradicional,10.53595/rlo.v4.i9.093,OpenAlex,metadata,0.7781899595779459
doi:10.18634/doctrabajo/75,doi:10.18634/doctrabajo/75,STM-METADATA-ES,metadata,es,5,0.4227225617452103,15,0.34161747224948813,0.08110508949572215,FALSE,TRUE,2020,El modelo de escuela eficiente y de gestión escolar: el principio de igualdad,10.18634/doctrabajo/75,OpenAlex,metadata,1.3994700287022988
doi:10.38147/invneg.v17i29.270,doi:10.38147/invneg.v17i29.270,STM-METADATA-ES,metadata,es,12,0.4426731925932048,2,0.32381256894241933,0.11886062365078548,FALSE,FALSE,2024,"LA ADMINISTRACIÓN EN EL LIDERAZGO PEDAGÓGICO PARA UNA GESTIÓN ESCOLAR DE CALIDAD EN INSTITUCIONES EDUCATIVAS DE LA REGIÓN PUNO, 2020",10.38147/invneg.v17i29.270,OpenAlex,metadata,1.4221860442553504
doi:10.56219/afc.v18i1.4808,doi:10.56219/afc.v18i1.4808,STM-METADATA-ES,metadata,es,16,0.414716576169438,8,0.3214938982048259,0.09322267796461214,FALSE,TRUE,2026,GESTIÓN ESCOLAR Y DE AULA: UN ESTUDIO INTEGRAL PARA LA MEJORA DE LAS PRÁCTICAS EDUCATIVAS,10.56219/afc.v18i1.4808,OpenAlex,metadata,1.5449980164166977
doi:10.17227/rce.num91-16727,doi:10.17227/rce.num91-16727,STM-METADATA-ES,metadata,es,9,0.32754952039170987,6,0.17383931621800278,0.1537102041737071,FALSE,FALSE,2024,Variables influyentes en la percepción y predisposición al uso de TIC. Estudio exploratorio,10.17227/rce.num91-16727,OpenAlex,metadata,2.006284194807016
doi:10.5281/zenodo.8307068,doi:10.5281/zenodo.8307068,STM-METADATA-ES,metadata,es,6,0.7139980213990816,4,0.12223141999173301,0.5917666014073486,FALSE,FALSE,2023,"Evaluación de la gestión de la calidad educativa del Colegio de Bachillerato ""Ciudad de Cuenca""",10.5281/zenodo.8307068,OpenAlex,metadata,1.1055762589832434
doi:10.33262/exploradordigital.v8i3.3106,doi:10.33262/exploradordigital.v8i3.3106,STM-METADATA-ES,metadata,es,9,0.9492551866781516,16,0.017865759922988673,0.9313894267551629,FALSE,FALSE,2024,Evaluación estadística con SPSS y Python del impacto integral generado por la asistencia de inteligencia artificial en docentes ecuatorianos,10.33262/exploradordigital.v8i3.3106,OpenAlex,metadata,0.30510933266202594
doi:10.30827/profesorado.v28i2.22682,doi:10.30827/profesorado.v28i2.22682,STM-METADATA-ES,metadata,es,14,0.9369651953854464,2,0.013038163394159408,0.923927031991287,FALSE,FALSE,2024,La identidad de la dirección escolar desde la mirada de la inspección educativa,10.30827/profesorado.v28i2.22682,OpenAlex,metadata,0.3846199913956185
doi:10.56712/latam.v4i2.846,doi:10.56712/latam.v4i2.846,STM-METADATA-ES,metadata,es,13,0.8009228835866464,2,0.11401814714433472,0.6869047364423118,FALSE,FALSE,2023,Sinergia: técnica para abordar las representaciones sociales sobre gestión escolar en una comunidad educativa frente a la nueva ruralidad,10.56712/latam.v4i2.846,OpenAlex,metadata,0.808152005132822
doi:10.37811/cl_rcm.v8i1.9621,doi:10.37811/cl_rcm.v8i1.9621,STM-METADATA-ES,metadata,es,13,0.4411793374076874,8,0.14451407371826744,0.2966652636894199,FALSE,FALSE,2024,La Formación del Sujeto Político: Una Exploración desde la Micropolítica en la Gestión Escolar y la Educación Media,10.37811/cl_rcm.v8i1.9621,OpenAlex,metadata,1.845204514362561
doi:10.56048/mqr20225.8.3.2024.3133-3153,doi:10.56048/mqr20225.8.3.2024.3133-3153,STM-METADATA-ES,metadata,es,16,0.33282178438282034,11,0.29968628098409617,0.033135503398724175,FALSE,TRUE,2024,"“Presupuestos para el efectivo ejercicio de participación, a través del consejo de participación ciudadana y control social del Ecuador”.",10.56048/mqr20225.8.3.2024.3133-3153,OpenAlex,metadata,1.8111095520152038
doi:10.5281/zenodo.7949405,doi:10.5281/zenodo.7949405,STM-METADATA-ES,metadata,es,14,0.4931147804663293,2,0.41471921312459215,0.07839556734173714,FALSE,TRUE,2023,Las instituciones educativas primarias y su relación con el liderazgo transformacional y la gestión escolar,10.5281/zenodo.7949405,OpenAlex,metadata,1.0908665686757297
record:c90c82b4e7f2a30f17a2ed4f,record:c90c82b4e7f2a30f17a2ed4f,STM-METADATA-ES,metadata,es,11,0.7072401951386632,14,0.12549900771759243,0.5817411874210707,FALSE,FALSE,2025,Fortalecimiento del liderazgo pedagógico en la gestión escolar de una institución educativa de primaria en una provincia de Cajamarca,NA,OpenAlex,metadata,1.0286685347514475
doi:10.37811/cl_rcm.v8i2.10274,doi:10.37811/cl_rcm.v8i2.10274,STM-METADATA-ES,metadata,es,11,0.2792175853294971,2,0.23968259243292764,0.03953499289656945,FALSE,TRUE,2024,"Contexto de la Aplicación de la Ley N° 6103 sobre Personas que Presentan Trastornos del Espectro Autista (TEA) y la Gestión Escolar para una Educación Inclusiva, Paraguay",10.37811/cl_rcm.v8i2.10274,OpenAlex,metadata,2.004652433581377
record:43c0a2fdc90ac66d489a9707,record:43c0a2fdc90ac66d489a9707,STM-METADATA-ES,metadata,es,7,0.4806679726377665,13,0.43956130742766303,0.04110666521010348,FALSE,TRUE,2020,La economía neoliberal asalta la gestión escolar pública,NA,OpenAlex,metadata,1.0877578750706518
doi:10.61368/r.s.d.h.v5i4.421,doi:10.61368/r.s.d.h.v5i4.421,STM-METADATA-ES,metadata,es,7,0.5717242472261044,16,0.14719640502530215,0.4245278422008022,FALSE,FALSE,2024,Resultados de la política pública educativa y su impacto en la gestión escolar de las escuelas rurales de Montería Córdoba,10.61368/r.s.d.h.v5i4.421,OpenAlex,metadata,1.487285686055538
doi:10.5281/zenodo.19207873,doi:10.5281/zenodo.19207873,STM-METADATA-ES,metadata,es,14,0.23839500268321143,5,0.2018411015403015,0.036553901142909934,FALSE,TRUE,2025,"Evaluación de impacto del acceso a cargos directivos y del Programa Nacional de Formación: resultados sobre las dimensiones de Liderazgo y Gestión Escolar, y Enseñanza y Aprendizaje",10.5281/zenodo.19207873,OpenAlex,metadata,2.03375192278608
record:cc8533d2319d4dfbf9d1870e,record:cc8533d2319d4dfbf9d1870e,STM-METADATA-ES,metadata,es,15,0.6461453594804084,12,0.1272314156738341,0.5189139438065743,FALSE,FALSE,2022,“Escuela de liderazgo directivo”: programa formativo de competencias para la gestión escolar y el liderazgo pedagógico a directivos de instituciones educativas que asumen el cargo por primera vez,NA,OpenAlex,metadata,1.2424831699458347
doi:10.35756/educaumch.202322.286,doi:10.35756/educaumch.202322.286,STM-METADATA-ES,metadata,es,7,0.7773012104137195,14,0.09690638056790513,0.6803948298458143,FALSE,FALSE,2023,Gestión escolar y sus entrelazamientos: el malestar y la tesitura del bienestar docente para el pospandemia,10.35756/educaumch.202322.286,OpenAlex,metadata,0.9447597912062715
doi:10.18800/cige2020,doi:10.18800/cige2020,STM-METADATA-ES,metadata,es,16,0.2342444407228536,2,0.12439825299503611,0.1098461877278175,FALSE,FALSE,2021,Repensando la gestión escolar desde las investigaciones y experiencias,10.18800/cige2020,OpenAlex,metadata,2.3369636665910907
doi:10.37811/cl_rcm.v7i6.9350,doi:10.37811/cl_rcm.v7i6.9350,STM-METADATA-ES,metadata,es,13,0.8891247153655143,2,0.07491829792190158,0.8142064174436128,FALSE,FALSE,2024,"Una Mirada Reflexiva La Loei como Norma Reguladora en el Sistema Educativo Ecuatoriano_Parte I La Reforma (2021) Versus la Anterior (Titulo I, de los Principios Generales, Tituloii, de los Derechos y Obligaciones)",10.37811/cl_rcm.v7i6.9350,OpenAlex,metadata,0.5011462910063585
doi:10.63415/saga.v2i2.67,doi:10.63415/saga.v2i2.67,STM-METADATA-ES,metadata,es,2,0.3160332755458194,16,0.2404410131039055,0.07559226244191389,FALSE,TRUE,2025,Auditoría Educativa como Estrategia para la Mejora Continua de la Gestión Escolar: El Caso de la Unidad Educativa San Josemaría Escrivá en Guayaquil,10.63415/saga.v2i2.67,OpenAlex,metadata,1.777238362046611
doi:10.15443/tde1002,doi:10.15443/tde1002,STM-METADATA-ES,metadata,es,15,0.2739289808018492,2,0.19617981794865127,0.07774916285319791,FALSE,TRUE,2024,Acompañamiento y saber docente: desafíos de la nueva gestión escolar,10.15443/tde1002,OpenAlex,metadata,1.9843290513267908
doi:10.24054/face.v23i1.2450,doi:10.24054/face.v23i1.2450,STM-METADATA-ES,metadata,es,6,0.5261834962412815,11,0.2993097950073361,0.22687370123394535,FALSE,FALSE,2023,"La gestión escolar en la promoción de actitudes de los estudiantes de secundaria sobre la sostenibilidad del agua. el Paujil Caquetá, Amazonia Colombiana",10.24054/face.v23i1.2450,OpenAlex,metadata,1.3912077736175237
doi:10.56200/mried.v3i9.8649,doi:10.56200/mried.v3i9.8649,STM-METADATA-ES,metadata,es,10,0.8983638103358741,4,0.039077571366543364,0.8592862389693308,FALSE,FALSE,2024,Protocolo de actuación ante confinamientos: Un estudio de caso en la Gestión Escolar de los Politécnicos Vallejuelo y San Andrés en República Dominicana,10.56200/mried.v3i9.8649,OpenAlex,metadata,0.52381830618249
doi:10.23913/ride.v15i29.2085,doi:10.23913/ride.v15i29.2085,STM-METADATA-ES,metadata,es,10,0.437599222815347,14,0.28443444579776833,0.1531647770175787,FALSE,FALSE,2024,La gestión escolar: una oportunidad que promueve la reflexión sobre las crianzas y fortalece el vínculo entre la escuela y las familias,10.23913/ride.v15i29.2085,OpenAlex,metadata,1.4587460594943455
doi:10.48102/rlee.2025.55.2.709,doi:10.48102/rlee.2025.55.2.709,STM-METADATA-ES,metadata,es,6,0.2901368471196618,2,0.2756587971500859,0.014478049969575912,FALSE,TRUE,2025,Diseño de un modelo didáctico para la gestión escolar del riesgo,10.48102/rlee.2025.55.2.709,OpenAlex,metadata,1.8972941682163118
doi:10.37811/cl_rcm.v9i6.21839,doi:10.37811/cl_rcm.v9i6.21839,STM-METADATA-ES,metadata,es,8,0.8304863088251626,10,0.048631948825882704,0.7818543599992799,FALSE,FALSE,2026,"Comunicación, gestión escolar y desarrollo centro educativo la Altagracia, Regional de educación 10, Santo domingo II, ubicado el sector Puerto Rico, de Los Minas, del Distrito educativo 10-03, Republica Dominicana, Año 2025",10.37811/cl_rcm.v9i6.21839,OpenAlex,metadata,0.8119119123200601
doi:10.34096/runa.v47i1.17708,doi:10.34096/runa.v47i1.17708,STM-METADATA-ES,metadata,es,13,0.7175728953845256,8,0.2234910411444474,0.4940818542400782,FALSE,FALSE,2026,&lt;b&gt;La participación de l&lt;/b&gt;&lt;b&gt;x&lt;/b&gt;&lt;b&gt;s niñxs en la gestión escolar y en el espacio público: un estudio histórico-etnográfico&lt;/b&gt;,10.34096/runa.v47i1.17708,OpenAlex,metadata,0.8767424751151499
doi:10.5377/ru.v1i1.21518,doi:10.5377/ru.v1i1.21518,STM-METADATA-ES,metadata,es,6,0.46133090461867265,10,0.2603808728403622,0.20095003177831045,FALSE,FALSE,2025,Análisis correlacional entre la gestión escolar y el rendimiento de los alumnos,10.5377/ru.v1i1.21518,OpenAlex,metadata,1.4920914640864005
doi:10.59659/revistatribunal.v5i13.284,doi:10.59659/revistatribunal.v5i13.284,STM-METADATA-ES,metadata,es,11,0.47364852249662437,16,0.4369091050384472,0.03673941745817716,FALSE,TRUE,2025,De la política al rendimiento: mecanismos de impacto en la gestión escolar primaria,10.59659/revistatribunal.v5i13.284,OpenAlex,metadata,1.1059586008051228
doi:10.33996/franztamayo.v3i6.312,doi:10.33996/franztamayo.v3i6.312,STM-METADATA-ES,metadata,es,10,0.5542777660817144,2,0.3430276401917542,0.21125012588996023,FALSE,FALSE,2021,La planificación participativa en la gestión escolar de la Unidad Educativa Madre Nazaria,10.33996/franztamayo.v3i6.312,OpenAlex,metadata,1.1583251420997094
record:f20004c30e61b5641eb71a19,record:f20004c30e61b5641eb71a19,STM-METADATA-ES,metadata,es,11,0.657102978173841,4,0.0968063007480669,0.560296677425774,FALSE,FALSE,2024,Evaluación de aprendizajes integrales: una propuesta en el ámbito de la gestión escolar,NA,OpenAlex,metadata,1.3730904446600205
doi:10.7764/tesisuc/edu/29423,doi:10.7764/tesisuc/edu/29423,STM-METADATA-ES,metadata,es,16,0.7555839682593829,2,0.07843600589969923,0.6771479623596837,FALSE,FALSE,2020,El ausentismo docente : un desafío para la gestión escolar : revisión sistemática de la literatura.,10.7764/tesisuc/edu/29423,OpenAlex,metadata,1.0985066168250714
doi:10.31876/rcs.v30i2.41898,doi:10.31876/rcs.v30i2.41898,STM-METADATA-ES,metadata,es,6,0.9620911792287707,12,0.007936507867528328,0.9541546713612424,FALSE,FALSE,2024,Ruta de gestión escolar para el aseguramiento del aprendizaje en estudiantes extraedad en Colombia,10.31876/rcs.v30i2.41898,OpenAlex,metadata,0.24687694336268562
doi:10.5281/zenodo.17603080,doi:10.5281/zenodo.17603080,STM-METADATA-ES,metadata,es,8,0.39991668399179303,7,0.19369800420746244,0.2062186797843306,FALSE,FALSE,2025,Liderazgo transformacional en tiempos de crisis: Lecciones desde la pandemia para la gestión escolar,10.5281/zenodo.17603080,OpenAlex,metadata,1.7683017296150392
record:a8151e37cad97eb0b618e798,record:a8151e37cad97eb0b618e798,STM-METADATA-ES,metadata,es,7,0.8102709796628442,12,0.059376337922453414,0.7508946417403908,FALSE,FALSE,2021,La Gestión Escolar de los nuevos directivos escolares de Secundaria. Una propuesta auto-formativa,NA,OpenAlex,metadata,0.878820174108657
record:9f7ce1d295c412061c163c33,record:9f7ce1d295c412061c163c33,STM-METADATA-ES,metadata,es,13,0.484875835718996,15,0.40928740465824365,0.07558843106075236,FALSE,TRUE,2020,Práctica reflexiva y gestión escolar : una mirada crítica de la experiencia en clave de cambio,NA,OpenAlex,metadata,1.1771886721595934
record:9e6b279c3690576201ad6ee8,record:9e6b279c3690576201ad6ee8,STM-METADATA-ES,metadata,es,15,0.5807087129802841,3,0.173868745053279,0.40683996792700516,FALSE,FALSE,2020,La gestión escolar en contextos de pobreza : el caso de una escuela del conurbano bonaerense,NA,OpenAlex,metadata,1.4150993361960498
record:fc9eb4bd5bfb5604865cd2d2,record:fc9eb4bd5bfb5604865cd2d2,STM-METADATA-ES,metadata,es,7,0.4990390398220924,2,0.24248776299935598,0.25655127682273643,FALSE,FALSE,2020,Gestión escolar: La importancia de la gestión democrática y participativa en las escuelas públicas brasileñas,NA,OpenAlex,metadata,1.569558216768881
record:247553b963eebb6c3bfa63f0,record:247553b963eebb6c3bfa63f0,STM-METADATA-ES,metadata,es,8,0.3988201809081991,13,0.19629247766160637,0.20252770324659272,FALSE,FALSE,2022,Investigación sobre las características que influyen en la elección de la gestión escolar por provincia,NA,OpenAlex,metadata,1.8988563051988292
doi:10.22533/at.ed.989220509,doi:10.22533/at.ed.989220509,STM-METADATA-ES,metadata,es,16,0.2803056024377261,2,0.24151075186069854,0.038794850577027584,FALSE,TRUE,2022,Gestión escolar y compromiso organizacional en educación intercultural bilingüe: factores para el logro de aprendizajes,10.22533/at.ed.989220509,OpenAlex,metadata,2.0473407791952307
doi:10.21501/9786287765061.5,doi:10.21501/9786287765061.5,STM-METADATA-ES,metadata,es,7,0.2605450991540091,5,0.19702984344784374,0.06351525570616534,FALSE,TRUE,2025,Los proyectos educativos institucionales como objeto de conocimiento en relación con la gestión escolar integral,10.21501/9786287765061.5,OpenAlex,metadata,2.0635155969803334
doi:10.33064/iycuaa2022853434,doi:10.33064/iycuaa2022853434,STM-METADATA-ES,metadata,es,7,0.6590117916128383,11,0.1315459552940593,0.527465836318779,FALSE,FALSE,2022,La gestión escolar ante COVID-19. ¿Cómo organizaron los directores de escuelas primarias a sus comunidades educativas?,10.33064/iycuaa2022853434,OpenAlex,metadata,1.3391148477301977
doi:10.70747/cr.v4i1.161,doi:10.70747/cr.v4i1.161,STM-METADATA-ES,metadata,es,7,0.6713393807563032,2,0.1837146538586396,0.48762472689766356,FALSE,FALSE,2025,La Planeación Institucional como Herramienta en la Gestión Escolar y su Impacto en la Práctica Docente,10.70747/cr.v4i1.161,OpenAlex,metadata,1.1916154849295828
doi:10.17081/eduhum.28.50.8331,doi:10.17081/eduhum.28.50.8331,STM-METADATA-ES,metadata,es,11,0.3276677163135744,14,0.20896591135121828,0.1187018049623561,FALSE,FALSE,2026,Gestión escolar e inclusión de estudiantes migrantes: tensiones y desafíos en la implementación de políticas educativas,10.17081/eduhum.28.50.8331,OpenAlex,metadata,1.7371904513040042
doi:10.22533/at.ed.7002410054,doi:10.22533/at.ed.7002410054,STM-METADATA-ES,metadata,es,16,0.511301708826337,13,0.16479874167553385,0.3465029671508031,FALSE,FALSE,2024,LA GESTIÓN ESCOLAR EN EL COMPROMISO DOCENTE EN INSTITUCIONES EDUCATIVAS DE LOS ANDES TROPICALES DEL PERÚ,10.22533/at.ed.7002410054,OpenAlex,metadata,1.745563140476435
doi:10.22347/2175-2753v17i56.5048,doi:10.22347/2175-2753v17i56.5048,STM-METADATA-ES,metadata,es,11,0.6649226145099969,14,0.12263831610593723,0.5422842984040597,FALSE,FALSE,2025,Más allá del aula: funciones y prácticas de gestión directiva en escuelas rurales de secundaria,10.22347/2175-2753v17i56.5048,OpenAlex,metadata,1.284883586140749
doi:10.47460/uct.v24i106.397,doi:10.47460/uct.v24i106.397,STM-METADATA-ES,metadata,es,2,0.7164455132105587,16,0.0910111053040396,0.6254344079065192,FALSE,FALSE,2020,PODCAST: RECURSO DIDÁCTICO EN EL DESARROLLO DE LA DESTREZA AUDITIVA DEL IDIOMA INGLÉS,10.47460/uct.v24i106.397,OpenAlex,metadata,1.2345858678032318
record:d514726be166d020bc11356b,record:d514726be166d020bc11356b,STM-METADATA-ES,metadata,es,15,0.8978505340393907,14,0.02090651685097416,0.8769440171884166,FALSE,FALSE,2021,El director de la escuela y la gestión escolar: formación y práctica en las escuelas municipales de São Paulo,NA,OpenAlex,metadata,0.5625842293376554
doi:10.30554/p.e.35.1.5623.2026,doi:10.30554/p.e.35.1.5623.2026,STM-METADATA-ES,metadata,es,10,0.7672933398563209,5,0.1486430037283898,0.6186503361279311,FALSE,FALSE,2026,Desafíos a los que se enfrentan los estudiantes inmigrantes en los procesos educativos y respuestas administrativas de la gestión escolar,10.30554/p.e.35.1.5623.2026,OpenAlex,metadata,0.8608238437593624
record:6ad99baf47beffad06cadb6f,record:6ad99baf47beffad06cadb6f,STM-METADATA-ES,metadata,es,14,0.5798181381475296,10,0.20132992123036075,0.37848821691716883,FALSE,FALSE,2024,La gestión escolar de las problemáticas de salud mental adolescentes. Una movilización profesional en función de la normatividad escolar.,NA,OpenAlex,metadata,1.471015723352847
doi:10.58011/6tv7-gd64,doi:10.58011/6tv7-gd64,STM-METADATA-ES,metadata,es,15,0.6967658320130842,8,0.1212298998371201,0.5755359321759641,FALSE,FALSE,2025,Propuesta de un plan participativo de inclusión de niñas a un colegio mono genérico: Un aporte para la gestión escolar,10.58011/6tv7-gd64,OpenAlex,metadata,1.2014013773597783
doi:10.30972/riie.16228046,doi:10.30972/riie.16228046,STM-METADATA-ES,metadata,es,15,0.4279194556823097,14,0.17863266280972115,0.24928679287258856,FALSE,FALSE,2024,"Las palabras permanecen, ¿Cambian los significados? Un análisis acerca de la progresiva consolidación del enfoque de la gestión escolar",10.30972/riie.16228046,OpenAlex,metadata,1.829974135746683
record:ba36ee5ce3bce064c3e305e2,record:ba36ee5ce3bce064c3e305e2,STM-METADATA-ES,metadata,es,1,0.5440830402830082,12,0.2814677336850201,0.26261530659798815,FALSE,FALSE,2021,"La gestión escolar y la calidad educativa en las instituciones educativas de nivel básico elemental de la parroquia cumbe, 2018.",NA,OpenAlex,metadata,1.276578133246479
doi:10.17605/osf.io/9536p,doi:10.17605/osf.io/9536p,STM-METADATA-ES,metadata,es,16,0.47008660019074344,11,0.4198574007201815,0.050229199470561925,FALSE,TRUE,2025,SCHOOL MANAGEMENT IN THE ACHIEVEMENT OF MATHEMATICAL LEARNING: SYSTEMATIC REVIEW,10.17605/osf.io/9536p,OpenAlex,metadata,1.1982616009675724
record:ccc8f14138e00e77cba64fa8,record:ccc8f14138e00e77cba64fa8,STM-METADATA-ES,metadata,es,6,0.5261551908130202,14,0.10199460341869297,0.4241605873943272,FALSE,FALSE,2024,"Correlational analysis of school management, executive leadership and educational quality based on structural equation modeling. Case study.",NA,OpenAlex,metadata,1.647610323905071
record:022a3bc2c2538a364c3faeca,record:022a3bc2c2538a364c3faeca,STM-METADATA-ES,metadata,es,12,0.3727332864352705,2,0.35891830455548435,0.013814981879786137,FALSE,TRUE,2020,"Gestión del talento y compromiso de gestión escolar para la felicidad laboral de los docentes en la IEE Ricardo Bentín, Rímac 2020",NA,OpenAlex,metadata,1.6726574232780969
record:7260a453557ff1d4b0bbe3b5,record:7260a453557ff1d4b0bbe3b5,STM-METADATA-ES,metadata,es,5,0.511008922314437,11,0.32567737084427356,0.1853315514701634,FALSE,FALSE,2025,Estrategias de flexibilización curricular en el área de lengua castellana y literatura para fortalecer la educación inclusiva “una mirada desde la gestión escolar”,NA,OpenAlex,metadata,1.3257052380729404
record:23398ea37fdc77598005813c,record:23398ea37fdc77598005813c,STM-METADATA-ES,metadata,es,7,0.2727627691993882,12,0.27129442406311066,0.0014683451362775268,FALSE,TRUE,2020,"Estudio de factibilidad en el desarrollo de estrategias socioeducativas para la gestión escolar en educación. Docentes Escuela Básica Talca, Región del Maule-Chile.",NA,OpenAlex,metadata,1.6664956732210117
doi:10.7764/tesisuc/edu/64477,doi:10.7764/tesisuc/edu/64477,STM-METADATA-ES,metadata,es,11,0.5522211482766518,2,0.2901338362675206,0.2620873120091312,FALSE,FALSE,2024,Decisiones de liderazgo y gestión escolar : recomendaciones y orientaciones de acciones post-pandemia para la recuperación de aprendizajes en un establecimiento educativo municipal,10.7764/tesisuc/edu/64477,OpenAlex,metadata,1.3423226448720822
doi:10.18800/cige2020.010,doi:10.18800/cige2020.010,STM-METADATA-ES,metadata,es,14,0.24733299999273928,6,0.22706869937501625,0.020264300617723024,FALSE,TRUE,2021,"Las comunidades profesionales de aprendizaje, como estrategia de gestión de las escuelas que aprenden: El caso de una Institución Educativa estatal del Distrito de Ate",10.18800/cige2020.010,OpenAlex,metadata,1.957702208734037
record:ea44aca3f9b2b2da294456a4,record:ea44aca3f9b2b2da294456a4,STM-METADATA-ES,metadata,es,7,0.5335635722673238,2,0.34320765068025155,0.1903559215870722,FALSE,FALSE,2020,Concepción pedagógica para el desarrollo de la competencia comunicativa desde la gestión escolar en Educación General Básica de la Unidad Educativa Abelardo Tamariz Crespo,NA,OpenAlex,metadata,1.2292886279366095
doi:10.58011/18hv-tx32,doi:10.58011/18hv-tx32,STM-METADATA-ES,metadata,es,15,0.38719061266871013,4,0.21795665871441974,0.1692339539542904,FALSE,FALSE,2025,Diseño de un plan de capacitación del profesorado que incorpore mejoramiento de la gestión escolar en el marco del Desarrollo profesional docente del Colegio Melipilla,10.58011/18hv-tx32,OpenAlex,metadata,1.800660340138385
doi:10.56067/saetauniversitaria.v12i1.368,doi:10.56067/saetauniversitaria.v12i1.368,STM-METADATA-ES,metadata,es,16,0.385477207794862,5,0.15673938784213742,0.22873781995272457,FALSE,FALSE,2023,"COVID-19. POLÍTICAS Y TECNOLOGÍAS EDUCATIVAS, DIVERSIDADES Y DESAFÍOS.",10.56067/saetauniversitaria.v12i1.368,OpenAlex,metadata,1.873539535550442
record:1f86ff61b102d7f34f2bd603,record:1f86ff61b102d7f34f2bd603,STM-METADATA-ES,metadata,es,5,0.3732405604315166,11,0.1880668729855807,0.1851736874459359,FALSE,FALSE,2023,A reflective look at the integrative approach of Gerardist school management,NA,OpenAlex,metadata,1.8426597273142082
doi:10.26490/uncp.investigacionyeducacion.2021.2.1.1367,doi:10.26490/uncp.investigacionyeducacion.2021.2.1.1367,STM-METADATA-ES,metadata,es,15,0.42384748964155444,2,0.2622977200625359,0.16154976957901857,FALSE,FALSE,2021,Experiencias de trabajos en educación,10.26490/uncp.investigacionyeducacion.2021.2.1.1367,OpenAlex,metadata,1.4415847109580453
doi:10.56712/latam.v4i4.1215,doi:10.56712/latam.v4i4.1215,STM-METADATA-ES,metadata,es,15,0.31579019284054954,6,0.16248499567856314,0.1533051971619864,FALSE,FALSE,2023,Evaluando la gestión,10.56712/latam.v4i4.1215,OpenAlex,metadata,1.9596042362556534
doi:10.47554/cii.vol15.2024.pp137-141,doi:10.47554/cii.vol15.2024.pp137-141,STM-METADATA-ES,metadata,es,10,0.5668682031468532,14,0.3305178066336379,0.23635039651321527,FALSE,FALSE,2025,Autonomía de la Junta de Centro y su impacto en la Gestión Educativa,10.47554/cii.vol15.2024.pp137-141,OpenAlex,metadata,1.1445486648953203
doi:10.35869/reined.v23i1.6115,doi:10.35869/reined.v23i1.6115,STM-METADATA-ES,metadata,es,16,0.6953086608831123,8,0.11107288994482752,0.5842357709382847,FALSE,FALSE,2025,Las prácticas de cuidado en el sistema escolar: una revisión sistemática,10.35869/reined.v23i1.6115,OpenAlex,metadata,1.1345192775631034
doi:10.35381/r.k.v9i1.3557,doi:10.35381/r.k.v9i1.3557,STM-METADATA-ES,metadata,es,16,0.9671410148143023,2,0.0079808547124368915,0.9591601601018653,FALSE,FALSE,2024,Modelos actuales de gestión pedagógica: Revisión sistemática,10.35381/r.k.v9i1.3557,OpenAlex,metadata,0.220771643927288
record:a725bc7f07ee753aa24f7694,record:a725bc7f07ee753aa24f7694,STM-METADATA-ES,metadata,es,11,0.3256953858277776,5,0.2368804905625237,0.08881489526525388,FALSE,TRUE,2025,Estrategia de formación psicopedagógica para gestionar la inclusión educativa en el nivel inicial en una institución educativa de Lima,NA,OpenAlex,metadata,1.745693910411987
doi:10.35381/i.p.v5i9.2621,doi:10.35381/i.p.v5i9.2621,STM-METADATA-ES,metadata,es,2,0.268295672493815,9,0.26712138716719613,0.0011742853266188402,FALSE,TRUE,2023,Impacto del sistema de gestión de control escolar en las instituciones emblemáticas fiscales,10.35381/i.p.v5i9.2621,OpenAlex,metadata,1.8743848238967413
doi:10.33996/revistahorizontes.v9i39.1068,doi:10.33996/revistahorizontes.v9i39.1068,STM-METADATA-ES,metadata,es,8,0.37320487348752596,10,0.2411260804643689,0.13207879302315706,FALSE,FALSE,2025,"Representaciones sociales en gestión institucional: compromiso organizacional en directivos de educación pública Chiclayo, Perú",10.33996/revistahorizontes.v9i39.1068,OpenAlex,metadata,1.7157691679037612
record:a3efb562e8f795ab1fcdb8cc,record:a3efb562e8f795ab1fcdb8cc,STM-METADATA-ES,metadata,es,13,0.4279232295414368,14,0.20810398126456886,0.21981924827686794,FALSE,FALSE,2020,"Díez-Gutiérrez, E. J. y Rodríguez-Fernández, J. R. (Dirs.). (2020). Educación para el bien común. Hacia una práctica crítica, inclusiva y comprometida socialmente",NA,OpenAlex,metadata,1.5954209069314063
doi:10.48102/riber.v1i1.13,doi:10.48102/riber.v1i1.13,STM-METADATA-ES,metadata,es,15,0.4864063553994601,7,0.20186872351219687,0.2845376318872632,FALSE,FALSE,2024,Formación de docentes para la gestión de escuelas rurales en Argentina,10.48102/riber.v1i1.13,OpenAlex,metadata,1.6456490278013234
doi:10.29394/scientific.issn.2542-2987.2024.9.e2.10.204-225,doi:10.29394/scientific.issn.2542-2987.2024.9.e2.10.204-225,STM-METADATA-ES,metadata,es,11,0.3150013020869379,14,0.18009019048825156,0.13491111159868632,FALSE,FALSE,2024,La Incidencia del Liderazgo Educativo en la Implementación del Aprendizaje Colaborativo,10.29394/scientific.issn.2542-2987.2024.9.e2.10.204-225,OpenAlex,metadata,1.8934532803413564
record:28acbaf08050aecfaf1c037d,record:28acbaf08050aecfaf1c037d,STM-METADATA-ES,metadata,es,11,0.35563605733386233,15,0.22310586788774145,0.13253018944612088,FALSE,FALSE,2021,Resignification of the IEP: Institutional Management,NA,OpenAlex,metadata,1.848745818548419
record:b2966ad0c4c22e6eef470380,record:b2966ad0c4c22e6eef470380,STM-METADATA-ES,metadata,es,1,0.2691244157992392,7,0.2548966848618248,0.014227730937414362,FALSE,TRUE,2020,La participación de los docentes del área de comunicación en la gestión escolar: una mirada desde la micropolítica escolar / The participation of teachers in the area of Communication in school management: A look from school micropolitics,NA,OpenAlex,metadata,1.844157350160903
doi:10.46589/riasf.v1i43.781,doi:10.46589/riasf.v1i43.781,STM-METADATA-ES,metadata,es,11,0.24484681186866963,10,0.2173691929801149,0.02747761888855474,FALSE,TRUE,2025,"Orientaciones Metodológicas para la Gestión en Telesecundaria en Sonora, México: Un Enfoque desde la Investigación-Acción",10.46589/riasf.v1i43.781,OpenAlex,metadata,1.9582748585506888
record:f5e85a0122519fc958e69840,record:f5e85a0122519fc958e69840,STM-METADATA-ES,metadata,es,15,0.9749871979859697,13,0.0047917873684923205,0.9701954106174774,FALSE,FALSE,2023,A experiência da Escola Estadual Professora Maria Araújo (2005-2011): uma gestão escolar outra é possível,NA,OpenAlex,metadata,0.17399976916586896
doi:10.14409/ie.2023.19.e0054,doi:10.14409/ie.2023.19.e0054,STM-METADATA-ES,metadata,es,7,0.939494741623719,3,0.021593200292805696,0.9179015413309134,FALSE,FALSE,2023,«Una aspiración que asusta»,10.14409/ie.2023.19.e0054,OpenAlex,metadata,0.3616340300438204
doi:10.15366/reice2005.3.1.003,doi:10.15366/reice2005.3.1.003,STM-METADATA-ES,metadata,es,15,0.3038500624118076,2,0.2638615305279759,0.039988531883831724,FALSE,TRUE,2023,Aprendizaje colectivo en las escuelas descrito: construir capacidad de aprendizaje colectivo,10.15366/reice2005.3.1.003,OpenAlex,metadata,1.8874835826906249
doi:10.70577/asce.v4i4.531,doi:10.70577/asce.v4i4.531,STM-METADATA-ES,metadata,es,8,0.3707162083631686,4,0.20276752887445187,0.16794867948871672,FALSE,FALSE,2025,Mindfulness como estrategia aplicada al liderazgo educativo y su contribución en procesos para la toma de decisiones en instituciones educativas.,10.70577/asce.v4i4.531,OpenAlex,metadata,1.8061087320428244
doi:10.59659/revistatribunal.v6i14.363,doi:10.59659/revistatribunal.v6i14.363,STM-METADATA-ES,metadata,es,16,0.5219987103816361,8,0.2014293929685713,0.3205693174130648,FALSE,FALSE,2026,Implicancias del liderazgo pedagógico: Una revisión sistemática,10.59659/revistatribunal.v6i14.363,OpenAlex,metadata,1.4465200596426224
record:a481c2758d1cbdf5dde00cbb,record:a481c2758d1cbdf5dde00cbb,STM-METADATA-ES,metadata,es,1,0.9128482931768593,2,0.05806997212883367,0.8547783210480256,FALSE,FALSE,2022,Clasificación de Estrategias de Gestión del Conocimiento para impulsar la innovación educativa en Instituciones de Educación Superior (Classification of Knowledge Management Strategies in order to enhance educational innovation in Higher Education Institutions),NA,OpenAlex,metadata,0.4228930939399107
doi:10.54033/cadpedv22n14-158,doi:10.54033/cadpedv22n14-158,STM-METADATA-ES,metadata,es,15,0.798644589652824,8,0.1079799957224228,0.6906645939304012,FALSE,FALSE,2025,Ethos de gestão escolar dos CIEJAs em São Paulo: análise polifônica de Projetos Político-Pedagógicos,10.54033/cadpedv22n14-158,OpenAlex,metadata,0.8302727733783627
doi:10.34893/rediir.v10i10.428,doi:10.34893/rediir.v10i10.428,STM-METADATA-ES,metadata,es,2,0.29496806032172335,14,0.29162327991677306,0.003344780404950287,FALSE,TRUE,2023,"III. AVANCES Y RETOS DE LA FUNCIÓN DIRECTIVA DESDE LA IMPLEMENTACIÓN DEL PROGRAMA ESCUELA DE CALIDAD, HASTA LA NUEVA ESCUELA MEXICANA, UNA VISIÓN CRÍTICA DESDE EL ENFOQUE DEL AUTOR",10.34893/rediir.v10i10.428,OpenAlex,metadata,1.718907088346619
doi:10.22169/cadernointer.v14n52.3569,doi:10.22169/cadernointer.v14n52.3569,STM-METADATA-ES,metadata,es,1,0.9878678017400856,9,0.002728688251119418,0.9851391134889662,FALSE,FALSE,2025,PLATAFORMIZAÇÃO DA GESTÃO PÚBLICA ESCOLAR,10.22169/cadernointer.v14n52.3569,OpenAlex,metadata,0.09308298953594246
doi:10.37594/dialogus.v1i16.1805,doi:10.37594/dialogus.v1i16.1805,STM-METADATA-ES,metadata,es,11,0.7061979824923773,8,0.19169693721363165,0.5145010452787456,FALSE,FALSE,2025,Desafíos de la educación oficial en Santander: Hacia una gobernanza articulada,10.37594/dialogus.v1i16.1805,OpenAlex,metadata,0.9938511217593021
doi:10.53387/sa.v3i7.60,doi:10.53387/sa.v3i7.60,STM-METADATA-ES,metadata,es,13,0.36429107580245584,7,0.3193581131220101,0.04493296268044572,FALSE,TRUE,2020,La escuela como movimiento social,10.53387/sa.v3i7.60,OpenAlex,metadata,1.7747158643176915
doi:10.5212/praxeduc.v.21.24571.001,doi:10.5212/praxeduc.v.21.24571.001,STM-METADATA-ES,metadata,es,9,0.3878894788328218,11,0.24116982380349214,0.14671965502932968,FALSE,FALSE,2025,Desigualdades en el desempeño académico en educación secundaria en el Perú: un análisis multinivel,10.5212/praxeduc.v.21.24571.001,OpenAlex,metadata,1.8494258514247315
doi:10.58594/rtest.v4i1.100,doi:10.58594/rtest.v4i1.100,STM-METADATA-ES,metadata,es,3,0.5122242015192827,14,0.22728322445872365,0.2849409770605591,FALSE,FALSE,2024,The pedagogical leadership of the director and its influence on educational practices in the context of the New Mexican School,10.58594/rtest.v4i1.100,OpenAlex,metadata,1.3903514210189984
doi:10.64326/educao.v1i2.24,doi:10.64326/educao.v1i2.24,STM-METADATA-ES,metadata,es,9,0.4324879903773958,10,0.163529849563304,0.26895814081409186,FALSE,FALSE,2025,EL IMPACTO DEL MODELO DE ESCUELA DE TIEMPO COMPLETO EN LA GESTIÓN EDUCATIVA,10.64326/educao.v1i2.24,OpenAlex,metadata,1.668995700160244
record:b2262ab441be28dfe3adbeac,record:b2262ab441be28dfe3adbeac,STM-METADATA-ES,metadata,es,1,0.8364067553677167,2,0.12235322524068927,0.7140535301270274,FALSE,FALSE,2020,"Dominio de herramientas de contabilidad de los administradores de diez Centros Escolares y su incidencia en la gestión escolar del municipio de San José Guayabal, departamento de Cuscatlán, en el periodo comprendido de agosto a diciembre de 2020.",NA,OpenAlex,metadata,0.6390316150388741
doi:10.1590/2175-6236123295vs01,doi:10.1590/2175-6236123295vs01,STM-METADATA-ES,metadata,es,14,0.32267400784667755,2,0.29338916001944587,0.029284847827231675,FALSE,TRUE,2023,Liderazgo como Aprendizaje: propuesta formativa centrada en el estudiante,10.1590/2175-6236123295vs01,OpenAlex,metadata,1.5575283192220333
doi:10.21501/2744838x.4264,doi:10.21501/2744838x.4264,STM-METADATA-ES,metadata,es,15,0.3777880152796993,13,0.29567971267049353,0.08210830260920576,FALSE,TRUE,2022,Ambientes incluyentes,10.21501/2744838x.4264,OpenAlex,metadata,1.582393310382493
record:8b242fd7aca377511d6b23ca,record:8b242fd7aca377511d6b23ca,STM-METADATA-ES,metadata,es,15,0.44650349398689493,2,0.34183686647022354,0.10466662751667138,FALSE,FALSE,2021,Re-signification of the IEP and ICT mediation from the perspective of curriculum management,NA,OpenAlex,metadata,1.5206410361774754
doi:10.47187/perspectivas.6.2.223,doi:10.47187/perspectivas.6.2.223,STM-METADATA-ES,metadata,es,9,0.5854660016607282,2,0.3783329007618117,0.20713310089891646,FALSE,FALSE,2024,Análisis de datos para la optimización eficiente de horarios y Aprendizaje Automático,10.47187/perspectivas.6.2.223,OpenAlex,metadata,0.8853392442763259
doi:10.60909/bdigital/handle.001.13312,doi:10.60909/bdigital/handle.001.13312,STM-METADATA-ES,metadata,es,11,0.4560432930400838,6,0.3160774851266168,0.13996580791346697,FALSE,FALSE,2024,Evaluación de la incidencia de la ruta de autoevaluación en tres IED de Bogotá,10.60909/bdigital/handle.001.13312,OpenAlex,metadata,1.5155525245326018
doi:10.56712/latam.v4i2.1035,doi:10.56712/latam.v4i2.1035,STM-METADATA-ES,metadata,es,13,0.3569011796392845,7,0.35056436960358595,0.006336810035698581,FALSE,TRUE,2023,Nueva Lógica. Nueve cuantificadores lógicos y su valor de verdad,10.56712/latam.v4i2.1035,OpenAlex,metadata,1.6541472233811059
record:c6c6adfa714a4dc6e9fb504f,record:c6c6adfa714a4dc6e9fb504f,STM-METADATA-ES,metadata,es,15,0.9803464602380452,7,0.003706054127766235,0.9766404061102789,FALSE,FALSE,2021,Gestão escolar: construção de estratégias para minimizar o adoecimento ocupacional dos professores,NA,OpenAlex,metadata,0.14173691954582485
record:583cd40cca830da94bb612b0,record:583cd40cca830da94bb612b0,STM-METADATA-ES,metadata,es,15,0.41114747112341143,7,0.17680668747062153,0.2343407836527899,FALSE,FALSE,2023,Between the kitchen and the classroom: possible paths for anti-racist art teaching in public schools,NA,OpenAlex,metadata,1.7807890201702679
doi:10.29059/educiencia.v7i2.224,doi:10.29059/educiencia.v7i2.224,STM-METADATA-ES,metadata,es,2,0.5255245567319192,5,0.2379741748491618,0.2875503818827574,FALSE,FALSE,2022,La relevancia del plan estratégico institucional en educación básica,10.29059/educiencia.v7i2.224,OpenAlex,metadata,1.453413294522456
doi:10.7764/tesisuc/edu/87408,doi:10.7764/tesisuc/edu/87408,STM-METADATA-ES,metadata,es,13,0.4523162119453906,11,0.3368844062856752,0.11543180565971545,FALSE,FALSE,2024,La gestión del curriculum en la escuela. Principios para el acompañamiento curricular docente,10.7764/tesisuc/edu/87408,OpenAlex,metadata,1.5123911326103237
doi:10.60112/erc.v5.i4.608,doi:10.60112/erc.v5.i4.608,STM-METADATA-ES,metadata,es,8,0.7170462025838368,3,0.0662130994779918,0.650833103105845,FALSE,FALSE,2025,Legado educativo de Juan Velasco Alvarado y su incidencia en el modelo educativo peruano del 2025,10.60112/erc.v5.i4.608,OpenAlex,metadata,1.2561421596195017
doi:10.56219/dialgica.v23i1.4947,doi:10.56219/dialgica.v23i1.4947,STM-METADATA-ES,metadata,es,8,0.6808996605614813,6,0.2354195443351707,0.4454801162263106,FALSE,FALSE,2026,Percepción de los directivos sobre el liderazgo gerencial en las organizaciones educativas,10.56219/dialgica.v23i1.4947,OpenAlex,metadata,1.0082478020867416
doi:10.56712/latam.v6i6.4943,doi:10.56712/latam.v6i6.4943,STM-METADATA-ES,metadata,es,10,0.7312585654204591,4,0.18125924614100736,0.5499993192794517,FALSE,FALSE,2025,Gestión de conflictos escolares para favorecer el desempeño académico y la convivencia entre estudiantes de noveno grado,10.56712/latam.v6i6.4943,OpenAlex,metadata,0.9153748058763844
record:ae531aec10932f6fe06c7196,record:ae531aec10932f6fe06c7196,STM-METADATA-ES,metadata,es,10,0.6307558576695073,15,0.22321749064047366,0.40753836702903357,FALSE,FALSE,2025,A VIOLÊNCIA ESCOLAR E O IMPACTO NA SAÚDE MENTAL DOS PROFESSORES DO 9 o ANO DA ESCOLA CEM JOSÉ JUSTINO PEREIRA – SÃO LUÍS – MARANHÃO,NA,OpenAlex,metadata,1.2199180273311183
record:c8c6486dc449e27ae22a046d,record:c8c6486dc449e27ae22a046d,STM-METADATA-ES,metadata,es,11,0.9643035829894614,4,0.009506134089257932,0.9547974489002035,FALSE,FALSE,2025,Comunidad de aprendizaje profesional para optimizar los aprendizajes en el área de ciencia y tecnología en una institución educativa de Áncash,NA,OpenAlex,metadata,0.23528693459410435
doi:10.63618/omd/isj/v3/ne1/180,doi:10.63618/omd/isj/v3/ne1/180,STM-METADATA-ES,metadata,es,11,0.6011704638523936,8,0.1817636844245815,0.4194067794278121,FALSE,FALSE,2025,Efectos de la masificación educativa en el Bachillerato sobre la equidad y la calidad del aprendizaje: revisión crítica desde la perspectiva latinoamericana.,10.63618/omd/isj/v3/ne1/180,OpenAlex,metadata,1.2487560293014093
doi:10.32870/gespye.vi7.88,doi:10.32870/gespye.vi7.88,STM-METADATA-ES,metadata,es,14,0.53958679644922,13,0.22297511371490697,0.31661168273431306,FALSE,FALSE,2021,Editorial,10.32870/gespye.vi7.88,OpenAlex,metadata,1.4908727947131588
doi:10.22201/cuaieed.20074751e.2022.27.82004,doi:10.22201/cuaieed.20074751e.2022.27.82004,STM-METADATA-ES,metadata,es,2,0.5097847937495608,13,0.2691260674318692,0.24065872631769158,FALSE,FALSE,2022,La evolución del primer bachillerato con un currículum de recursos abiertos,10.22201/cuaieed.20074751e.2022.27.82004,OpenAlex,metadata,1.455880658958206
doi:10.56219/dialgica.v23i1.4915,doi:10.56219/dialgica.v23i1.4915,STM-METADATA-ES,metadata,es,8,0.6264825310995019,14,0.27628343686405826,0.35019909423544365,FALSE,FALSE,2026,Formación ciudadana y convivencia en la escuela. Roles del directivo docente,10.56219/dialgica.v23i1.4915,OpenAlex,metadata,1.0419037240723306
doi:10.20453/spirat.v3ine1.5525,doi:10.20453/spirat.v3ine1.5525,STM-METADATA-ES,metadata,es,9,0.7560052927608985,16,0.16225605809682567,0.5937492346640728,FALSE,FALSE,2025,Repensar la educación en la era de la IA: desafíos y oportunidades para la enseñanza y el aprendizaje,10.20453/spirat.v3ine1.5525,OpenAlex,metadata,0.888701595419278
record:14369f94511f8d46ef4f6c12,record:14369f94511f8d46ef4f6c12,STM-METADATA-ES,metadata,es,15,0.5928454056384272,5,0.3597839920677447,0.23306141357068255,FALSE,FALSE,2021,Perspectivas da gestão escolar sobre o atendimento especializado na rede municipal de Bagé,NA,OpenAlex,metadata,0.9327779490847733
record:a290b4a0ee532319e08ab558,record:a290b4a0ee532319e08ab558,STM-METADATA-ES,metadata,es,13,0.3902632165168402,16,0.24040601591882643,0.14985720059801377,FALSE,FALSE,2023,The discursive axes of inclusive education to mitigate school discrimination: a documentary review,NA,OpenAlex,metadata,1.7548023555034051
doi:10.5281/zenodo.17903642,doi:10.5281/zenodo.17903642,STM-METADATA-ES,metadata,es,2,0.5054849088537284,9,0.3590345760010908,0.14645033285263764,FALSE,FALSE,2025,Herramientas digitales y su incidencia en la administración escolar en la unidad educativa Dr. Miguel Encalada Mora,10.5281/zenodo.17903642,OpenAlex,metadata,1.264701545787478
doi:10.5212/praxeduc.v.19.22864.020,doi:10.5212/praxeduc.v.19.22864.020,STM-METADATA-ES,metadata,es,8,0.3377185981155495,5,0.26869097896424887,0.06902761915130062,FALSE,TRUE,2024,Transformación educativa en Uruguay: análisis de documentos marco para la Educación Básica,10.5212/praxeduc.v.19.22864.020,OpenAlex,metadata,1.8836300387115528
doi:10.19137/praxiseducativa-2024-280215,doi:10.19137/praxiseducativa-2024-280215,STM-METADATA-ES,metadata,es,14,0.6478734583290195,2,0.112235022044049,0.5356384362849705,FALSE,FALSE,2024,Characterization of a successful school leadership experience in a chilean school,10.19137/praxiseducativa-2024-280215,OpenAlex,metadata,1.4197463470183371
doi:10.37260/merito.i7n21.10,doi:10.37260/merito.i7n21.10,STM-METADATA-ES,metadata,es,16,0.5547345542557934,8,0.296279703268126,0.2584548509876674,FALSE,FALSE,2025,Transformaciones recientes en la calidad educativa latinoamericana: una revisión de los últimos cinco años (2020–2025),10.37260/merito.i7n21.10,OpenAlex,metadata,1.2059121706897442
record:474645e01d2252b01904471a,record:474645e01d2252b01904471a,STM-METADATA-ES,metadata,es,7,0.7181345172861517,1,0.1595227879629944,0.5586117293231574,FALSE,FALSE,2025,Democracy and education: concepts of participation in school management,NA,SEDICI-UNLP | OpenAlex,metadata,1.0294821737074604
doi:10.33996/revistahorizontes.v9i38.1045,doi:10.33996/revistahorizontes.v9i38.1045,STM-METADATA-ES,metadata,es,16,0.7406464207777577,10,0.18729475760236278,0.5533516631753949,FALSE,FALSE,2025,Gestión de la convivencia escolar: Una revisión sistemática,10.33996/revistahorizontes.v9i38.1045,OpenAlex,metadata,0.8766335218835829
doi:10.5281/zenodo.5590510,doi:10.5281/zenodo.5590510,STM-METADATA-ES,metadata,es,2,0.31145192824466367,11,0.15020074952602241,0.16125117871864125,FALSE,FALSE,2020,Desarrollo de un videojuego como técnica de evaluación de contenidos matemáticos en alumnos de Educación Primaria,10.5281/zenodo.5590510,OpenAlex,metadata,2.0927765385832955
doi:10.52501/cc.389.01,doi:10.52501/cc.389.01,STM-METADATA-ES,metadata,es,15,0.27075818385114625,13,0.16267284577591118,0.10808533807523507,FALSE,FALSE,2025,Sistematización de una experiencia de promoción de la cultura de paz en las escuelas de una zona escolar,10.52501/cc.389.01,OpenAlex,metadata,2.137861197129073
doi:10.24215/23468866e177,doi:10.24215/23468866e177,STM-METADATA-ES,metadata,es,7,0.8944321003648323,10,0.05565912083548948,0.8387729795293428,FALSE,FALSE,2025,Gestión democrática escolar: concepciones de participación en dos escuelas del municipio de Barracão,10.24215/23468866e177,OpenAlex,metadata,0.5310779743186145
doi:10.59899/ref-post-2-c13,doi:10.59899/ref-post-2-c13,STM-METADATA-ES,metadata,es,8,0.5337114001861972,16,0.14672505501418784,0.38698634517200936,FALSE,FALSE,2024,Capítulo 13: Cultura del mejoramiento continuo en la educación media: clave para elevar el desempeño académico,10.59899/ref-post-2-c13,OpenAlex,metadata,1.556337164836805
doi:10.37260/repe.v7n15.10,doi:10.37260/repe.v7n15.10,STM-METADATA-ES,metadata,es,9,0.4446294203017402,8,0.27719683998585604,0.16743258031588415,FALSE,FALSE,2025,Uso ético de la tecnología y su relación con la proyección del liderazgo educativo futuro,10.37260/repe.v7n15.10,OpenAlex,metadata,1.6831197698375542
doi:10.48190/cumbres.v11n2a2,doi:10.48190/cumbres.v11n2a2,STM-METADATA-ES,metadata,es,8,0.7066523185643859,16,0.24204520495327897,0.46460711361110696,FALSE,FALSE,2026,Revisión sistemática: liderazgo educativo un eje transformador para la excelencia académica,10.48190/cumbres.v11n2a2,OpenAlex,metadata,0.8463180116867884
doi:10.5281/zenodo.18762677,doi:10.5281/zenodo.18762677,STM-METADATA-ES,metadata,es,11,0.8324715192472596,16,0.07947898908958619,0.7529925301576734,FALSE,FALSE,2026,Gestión educativa y resultados ENLA en Perú: análisis documental de la evaluación estandarizada y la rendición de cuentas (2015–2024),10.5281/zenodo.18762677,OpenAlex,metadata,0.76200787328945
record:fb4c4f9750f5b4693a4064d9,record:fb4c4f9750f5b4693a4064d9,STM-METADATA-ES,metadata,es,5,0.4629015226530119,2,0.2984877743821437,0.1644137482708682,FALSE,FALSE,2025,Propuesta de mejora a partir del modelo EFQM en un centro educativo de la comunidad de Madrid,NA,OpenAlex,metadata,1.4937787407680347
doi:10.22201/cuaieed.16076079e.2024.25.2.11,doi:10.22201/cuaieed.16076079e.2024.25.2.11,STM-METADATA-ES,metadata,es,10,0.29486118934425104,14,0.2291733567588526,0.06568783258539845,FALSE,TRUE,2024,Liderazgo educativo postpandémico: un enfoque en las Telesecundarias,10.22201/cuaieed.16076079e.2024.25.2.11,OpenAlex,metadata,1.9575513827678948
doi:10.51896/rilcods.v5i46.251,doi:10.51896/rilcods.v5i46.251,STM-METADATA-ES,metadata,es,7,0.588595329111706,9,0.20799892480691987,0.38059640430478614,FALSE,FALSE,2023,Aprendizaje organizacional mediado por tecnologías en una escuela primaria en el contexto de la pandemia del COVID 19,10.51896/rilcods.v5i46.251,OpenAlex,metadata,1.2432792442112424
doi:10.33996/revistahorizontes.v9i37.959,doi:10.33996/revistahorizontes.v9i37.959,STM-METADATA-ES,metadata,es,8,0.5482297857957242,10,0.17060049379751058,0.37762929199821366,FALSE,FALSE,2025,Convivencia democrática en las aulas: Desafíos y oportunidades para docentes en la Pospandemia,10.33996/revistahorizontes.v9i37.959,OpenAlex,metadata,1.573559731072989
doi:10.19136/book.199,doi:10.19136/book.199,STM-METADATA-ES,metadata,es,15,0.3666830121332616,5,0.2758605681807968,0.0908224439524648,FALSE,TRUE,2021,La intervención en la práctica docente y en la gestión educativa,10.19136/book.199,OpenAlex,metadata,1.668039131890656
doi:10.33996/revistahorizontes.v9i39.1094,doi:10.33996/revistahorizontes.v9i39.1094,STM-METADATA-ES,metadata,es,16,0.7174676992479581,11,0.1410736699269009,0.5763940293210572,FALSE,FALSE,2025,Evaluación formativa en los aprendizajes: Revisión sistemática,10.33996/revistahorizontes.v9i39.1094,OpenAlex,metadata,1.0417741722488703
doi:10.63549/rg.v5i3.747,doi:10.63549/rg.v5i3.747,STM-METADATA-ES,metadata,es,8,0.47892077649224313,2,0.20956713442066874,0.2693536420715744,FALSE,FALSE,2025,Incidencia de las relaciones interpersonales en la calidad del proceso pedagógico desde la perspectiva de los actores educativos,10.63549/rg.v5i3.747,OpenAlex,metadata,1.5289074179374376
doi:10.37811/cl_rcm.v8i6.15127,doi:10.37811/cl_rcm.v8i6.15127,STM-METADATA-ES,metadata,es,9,0.6060525996212659,2,0.3087464736318698,0.2973061259893961,FALSE,FALSE,2024,La inteligencia emocional y su impacto en el aprendizaje,10.37811/cl_rcm.v8i6.15127,OpenAlex,metadata,1.072222119574009
doi:10.5281/zenodo.17172475,doi:10.5281/zenodo.17172475,STM-METADATA-ES,metadata,es,13,0.361598471941641,10,0.33504798150473786,0.026550490436903162,FALSE,TRUE,2025,El ciberbullying entre adolescentes factores de riesgo y estrategias de intervención en las escuelas urbanas,10.5281/zenodo.17172475,OpenAlex,metadata,1.6153355870007058
record:6097f916488a257c778e95f7,record:6097f916488a257c778e95f7,STM-METADATA-ES,metadata,es,11,0.5034172245593306,8,0.3570286140739691,0.1463886104853615,FALSE,FALSE,2025,Liderazgo pedagógico para fortalecer la investigación e innovación docente del área de letras del nivel secundaria en una institución educativa de Piura,NA,OpenAlex,metadata,1.2458460915633678
doi:10.35362/rie10017169,doi:10.35362/rie10017169,STM-METADATA-ES,metadata,es,8,0.3808540520377662,15,0.3200977444292762,0.06075630760848999,FALSE,TRUE,2026,"Formación ciudadana: Gobernanza y cultura en escuelas del Biobío, Chile",10.35362/rie10017169,OpenAlex,metadata,1.5445064939966922
doi:10.37811/cl_rcm.v7i4.7230,doi:10.37811/cl_rcm.v7i4.7230,STM-METADATA-ES,metadata,es,14,0.4369850823979248,5,0.3135329034255844,0.1234521789723404,FALSE,FALSE,2023,Experiencias y valoración del profesorado respecto del liderazgo de docentes directivos,10.37811/cl_rcm.v7i4.7230,OpenAlex,metadata,1.6090787288056005
doi:10.37811/cl_rcm.v6i4.2931,doi:10.37811/cl_rcm.v6i4.2931,STM-METADATA-ES,metadata,es,12,0.6121094020704353,4,0.2521411076206238,0.3599682944498115,FALSE,FALSE,2022,"Gestión institucional y desempeño docente en la institución educativa Miguel Chuquisengo Ramírez, Tarapoto",10.37811/cl_rcm.v6i4.2931,OpenAlex,metadata,1.1197559256758316
doi:10.56200/mried.v4i1.11304,doi:10.56200/mried.v4i1.11304,STM-METADATA-ES,metadata,es,11,0.6492305352576649,4,0.13814036307377814,0.5110901721838867,FALSE,FALSE,2025,El rol del rector en la implementación de prácticas inclusivas para estudiantes con necesidades educativas específicas,10.56200/mried.v4i1.11304,OpenAlex,metadata,1.2295741514981253
doi:10.35575/rvucn.n77a2,doi:10.35575/rvucn.n77a2,STM-METADATA-ES,metadata,es,11,0.3914203024602445,7,0.285199764050578,0.1062205384096665,FALSE,FALSE,2026,Educación rural en tiempos de crisis: Desafíos y estrategias durante el cierre escolar por Covid-19 en Colombia,10.35575/rvucn.n77a2,OpenAlex,metadata,1.73984548129712
doi:10.63415/saga.2026.70,doi:10.63415/saga.2026.70,STM-METADATA-ES,metadata,es,8,0.5600514191544378,9,0.24617396953597898,0.3138774496184588,FALSE,FALSE,2026,La Innovación Invisible,10.63415/saga.2026.70,OpenAlex,metadata,1.184039876923304
doi:10.55905/cuadv17n7-122,doi:10.55905/cuadv17n7-122,STM-METADATA-ES,metadata,es,11,0.48614604503269077,15,0.17380757255750365,0.3123384724751871,FALSE,FALSE,2025,Mediación pedagógica con tecnologías en la Educación Profesional durante la pandemia: desafíos y contradicciones en escuelas públicas de Minas Gerais,10.55905/cuadv17n7-122,OpenAlex,metadata,1.6632290857531424
doi:10.47189/pjsg.v1i2.50,doi:10.47189/pjsg.v1i2.50,STM-METADATA-ES,metadata,es,8,0.7676573435263446,15,0.17111902254404326,0.5965383209823014,FALSE,FALSE,2025,Experiencias pedagógicas para fortalecer la cultura de legalidad en el aula: un análisis socio-crítico en el sistema público ecuatoriano,10.47189/pjsg.v1i2.50,OpenAlex,metadata,0.8138019649248422
doi:10.65705/rhomu.v2i2.49,doi:10.65705/rhomu.v2i2.49,STM-METADATA-ES,metadata,es,8,0.655765955988542,4,0.13042002214537823,0.5253459338431639,FALSE,FALSE,2025,"Beneficio de la planificación, la gestión institucional y pedagógica, para la calidad educativa",10.65705/rhomu.v2i2.49,OpenAlex,metadata,1.2164390677590708
doi:10.22352/saustral20222810,doi:10.22352/saustral20222810,STM-METADATA-ES,metadata,es,5,0.8195699665444218,13,0.04418601487877122,0.7753839516656507,FALSE,FALSE,2022,Análisis de la colaboración entre Programas de Protección Especializados en Reinserción Educativa (PDE) y escuelas de Chile. Una mirada desde el reenganche y la exclusión educativa,10.22352/saustral20222810,OpenAlex,metadata,0.8649699066496735
doi:10.5027/psicoperspectivas-vol24-issue1-fulltext-3305,doi:10.5027/psicoperspectivas-vol24-issue1-fulltext-3305,STM-METADATA-ES,metadata,es,14,0.9402751647502641,16,0.01597364129844931,0.9243015234518147,FALSE,FALSE,2025,¿Qué debería hacer el Encargado de Convivencia Escolar?,10.5027/psicoperspectivas-vol24-issue1-fulltext-3305,OpenAlex,metadata,0.3597685606926993
doi:10.37811/cl_rcm.v9i6.21382,doi:10.37811/cl_rcm.v9i6.21382,STM-METADATA-ES,metadata,es,11,0.8107658026366282,4,0.11708335511962002,0.6936824475170082,FALSE,FALSE,2025,Dificultades Específicas del Aprendizaje en Cuarto Año de Educación General Básica,10.37811/cl_rcm.v9i6.21382,OpenAlex,metadata,0.7724107665116203
doi:10.59899/ges-cono-77-c19,doi:10.59899/ges-cono-77-c19,STM-METADATA-ES,metadata,es,11,0.4853458456384164,6,0.16714828265237977,0.31819756298603663,FALSE,FALSE,2025,Capítulo 19: Los compromisos de la dirección escolar en el ámbito educativo en una institución peruana,10.59899/ges-cono-77-c19,OpenAlex,metadata,1.696301233573415
doi:10.51378/eca.v76i766.6478,doi:10.51378/eca.v76i766.6478,STM-METADATA-ES,metadata,es,2,0.5429982763187078,5,0.11020112978634909,0.4327971465323587,FALSE,FALSE,2021,"Gestionar para la convivencia inclusiva, una deuda del modelo educativo salvadoreño",10.51378/eca.v76i766.6478,OpenAlex,metadata,1.7134702917304263
doi:10.24310/mgnmar.v4i2.15332,doi:10.24310/mgnmar.v4i2.15332,STM-METADATA-ES,metadata,es,14,0.7018048565925273,5,0.16119426417672844,0.5406105924157989,FALSE,FALSE,2023,Las mujeres científicas como referente en la Educación Primaria. Perspectiva micropolítica,10.24310/mgnmar.v4i2.15332,OpenAlex,metadata,1.071817677205242
record:c786ec6d166676fd48bd592f,record:c786ec6d166676fd48bd592f,STM-METADATA-ES,metadata,es,10,0.46255921880339496,11,0.3664906762238202,0.09606854257957476,FALSE,TRUE,2025,Talleres formativos como alternativa de gestión para el involucramiento de los padres en el aprendizaje de una institución educativa de Puente Piedra,NA,OpenAlex,metadata,1.343970243035187
doi:10.35537/10915/186415,doi:10.35537/10915/186415,STM-METADATA-ES,metadata,es,8,0.35500541426877297,7,0.18510395430639,0.16990145996238296,FALSE,FALSE,2025,La convivencia escolar en comunidades educativas del Ecuador: Un análisis de la Política Nacional de Convivencia Escolar del MINEDUC (2021),10.35537/10915/186415,OpenAlex,metadata,1.826029177611566
doi:10.5354/2735-7279.2026.79264,doi:10.5354/2735-7279.2026.79264,STM-METADATA-ES,metadata,es,8,0.3191081895427518,14,0.23832561112698047,0.0807825784157713,FALSE,TRUE,2026,Fortalecimiento de los liderazgos del equipo directivo y docente a través del desarrollo de la inteligencia emocional,10.5354/2735-7279.2026.79264,OpenAlex,metadata,1.842866376690944
record:221d2eac95f6192db520675b,record:221d2eac95f6192db520675b,STM-METADATA-ES,metadata,es,11,0.9429057415599323,16,0.01157268043024604,0.9313330611296863,FALSE,FALSE,2024,Monitoreo y acompañamiento pedagógico para mejorar la enseñanza de la lectoescritura en el primer grado de la región Huancavelica,NA,OpenAlex,metadata,0.3494161602623733
doi:10.37135/chk.002.25.03,doi:10.37135/chk.002.25.03,STM-METADATA-ES,metadata,es,15,0.33631304178783744,13,0.2640165745762908,0.07229646721154664,FALSE,TRUE,2024,LA FORMACIÓN PROFESIONAL PERMANENTE COMO DERECHO HUMANO AL TRABAJO EN EL MAGISTERIO PERUANO,10.37135/chk.002.25.03,OpenAlex,metadata,1.745852760203577
doi:10.5281/zenodo.17959860,doi:10.5281/zenodo.17959860,STM-METADATA-ES,metadata,es,8,0.46355886406615765,13,0.24725507739294622,0.21630378667321143,FALSE,FALSE,2025,La inteligencia se contagia: Estrategias sociales para transformar el bachillerato,10.5281/zenodo.17959860,OpenAlex,metadata,1.4546623691863438
doi:10.14679/4469,doi:10.14679/4469,STM-METADATA-ES,metadata,es,8,0.6793311380881852,5,0.20790584281470084,0.4714252952734844,FALSE,FALSE,2025,Innovar para gobernar: Reflexiones académicas sobre el liderazgo educativo,10.14679/4469,OpenAlex,metadata,1.0079195764559974
doi:10.15446/rsap.v25n6.108806,doi:10.15446/rsap.v25n6.108806,STM-METADATA-ES,metadata,es,10,0.5237677858128889,12,0.37741655924398865,0.1463512265689002,FALSE,FALSE,2023,Percepción de padres de familia sobre la gestión en salud escolar,10.15446/rsap.v25n6.108806,OpenAlex,metadata,1.119116614062618
doi:10.70165/cglobal.v10i2.614,doi:10.70165/cglobal.v10i2.614,STM-METADATA-ES,metadata,es,10,0.304192817867928,8,0.22494074794545282,0.07925206992247519,FALSE,TRUE,2025,"Clima escolar y calidad de aprendizaje: impacto en primaria, zona rural de Colombia (2020-2024)",10.70165/cglobal.v10i2.614,OpenAlex,metadata,1.9257671349898413
doi:10.7764/tesisuc/edu/74815,doi:10.7764/tesisuc/edu/74815,STM-METADATA-ES,metadata,es,14,0.26140507419131104,2,0.23262637746989834,0.0287786967214127,FALSE,TRUE,2023,Diseño de un plan de acción para la prevención del abandono escolar en estudiantes jóvenes y adultos. Estudio de caso: CEIA Liceo de Adultos Pucará de Chena de San Bernardo,10.7764/tesisuc/edu/74815,OpenAlex,metadata,1.860672994003887
doi:10.59427/rcli/2024/v24cs.945-952,doi:10.59427/rcli/2024/v24cs.945-952,STM-METADATA-ES,metadata,es,4,0.32909668889502003,11,0.228039229029047,0.10105745986597303,FALSE,FALSE,2024,"Estrategias de monitoreo y acompañamiento para el desempeño docente en los centros de educación básica especial, Lambayeque",10.59427/rcli/2024/v24cs.945-952,OpenAlex,metadata,1.684089880153324
doi:10.31637/epsir-2024-1412,doi:10.31637/epsir-2024-1412,STM-METADATA-ES,metadata,es,7,0.24599217822656352,5,0.22996539144745162,0.0160267867791119,FALSE,TRUE,2024,Traslados escolares y aspiraciones de jóvenes en territorios rurales mexicanos,10.31637/epsir-2024-1412,OpenAlex,metadata,1.9812457618360533
doi:10.35537/10915/186366,doi:10.35537/10915/186366,STM-METADATA-ES,metadata,es,8,0.9737639891488623,2,0.0038185208513318784,0.9699454682975305,FALSE,FALSE,2025,"Fortalecimiento de la relación familia-escuela en el contexto rural: un proyecto de innovación pedagógica y didáctica en el CER Morrón, Briceño, Antioquia, Colombia en el 2024",10.35537/10915/186366,OpenAlex,metadata,0.18440293841876107
doi:10.61368/r.s.d.h.v6i4.864,doi:10.61368/r.s.d.h.v6i4.864,STM-METADATA-ES,metadata,es,15,0.3589380526989549,8,0.3401802222850173,0.018757830413937582,FALSE,TRUE,2025,Evaluación del Desempeño Directivo y su Impacto en la Calidad Educativa,10.61368/r.s.d.h.v6i4.864,OpenAlex,metadata,1.5584277614130833
record:d8bd2b1ebd64d82ee22e6561,record:d8bd2b1ebd64d82ee22e6561,STM-METADATA-ES,metadata,es,15,0.826695739215023,6,0.04093596662749689,0.7857597725875262,FALSE,FALSE,2023,Socio-labor Conditions of the Santanderian Teachers during the Period between 1937 and 1979,NA,OpenAlex,metadata,0.8613115983367513
record:fd279892c9684115fa281060,record:fd279892c9684115fa281060,STM-METADATA-ES,metadata,es,11,0.5436831380053787,8,0.33439607487081413,0.20928706313456458,FALSE,FALSE,2025,Liderazgo pedagógico para fortalecer la comprensión lectora con estrategias innovadoras en una institución educativa de la provincia de Chincha,NA,OpenAlex,metadata,1.2175048046499064
record:2cfbf38ac02f77703710ca37,record:2cfbf38ac02f77703710ca37,STM-METADATA-ES,metadata,es,11,0.9669500529828101,4,0.005863629978560895,0.9610864230042492,FALSE,FALSE,2024,Acompañamiento pedagógico para fortalecer el logro de aprendizajes del área de ciencias sociales en estudiantes con necesidades educativas especiales,NA,OpenAlex,metadata,0.22271853814903544
record:8a99499d20f239deafe51444,record:8a99499d20f239deafe51444,STM-METADATA-ES,metadata,es,8,0.973389690472388,2,0.003844585283499157,0.9695451051888888,FALSE,FALSE,2025,"Fortalecimiento de la relación familia-escuela en el contexto rural : un proyecto de innovación pedagógica y didáctica en el CER Morrón, Briceño, Antioquia, Colombia en el año 2024",NA,OpenAlex,metadata,0.18666688025762573
record:9c3e690adc5c001da8177e90,record:9c3e690adc5c001da8177e90,STM-METADATA-ES,metadata,es,11,0.36139248317768635,15,0.2545456245174532,0.10684685866023313,FALSE,FALSE,2025,Modelo de gestión con ciclo Deming para promover la práctica reflexiva en el trabajo colegiado de una institución educativa de Lambayeque,NA,OpenAlex,metadata,1.7174054283045808
doi:10.48204/3072-9653.6875,doi:10.48204/3072-9653.6875,STM-METADATA-ES,metadata,es,2,0.47958120355593664,9,0.2913037602221221,0.18827744333381452,FALSE,FALSE,2025,Tipos de usos de las TIC por parte de los docentes en sus prácticas pedagógicas,10.48204/3072-9653.6875,OpenAlex,metadata,1.3877077760257568
doi:10.51736/etecam103,doi:10.51736/etecam103,STM-METADATA-ES,metadata,es,8,0.44861500131742876,15,0.19790366495091846,0.25071133636651033,FALSE,FALSE,2025,NA,10.51736/etecam103,OpenAlex,metadata,1.6722440769577354
doi:10.24065/2237-9460.2023v13n1id2040,doi:10.24065/2237-9460.2023v13n1id2040,STM-METADATA-ES,metadata,es,14,0.4487161179108084,16,0.1773063305258452,0.2714097873849632,FALSE,FALSE,2023,ASPECTOS TEÓRICOS PARA EL ANÁLISIS DE LA DIRECCIÓN ESCOLAR CONCEPTUALIZACIONES Y MODELOS,10.24065/2237-9460.2023v13n1id2040,OpenAlex,metadata,1.6172515690794054
record:01d8a4a71989ce92cd1a157e,record:01d8a4a71989ce92cd1a157e,STM-METADATA-ES,metadata,es,11,0.5387190177052823,9,0.20893917563907483,0.3297798420662075,FALSE,FALSE,2024,Liderazgo pedagógico para fortalecer la competencia digital de los docentes en una institución educativa del nivel primaria en Ica,NA,OpenAlex,metadata,1.4904996989446846
doi:10.33386/593dp.2025.6.3622,doi:10.33386/593dp.2025.6.3622,STM-METADATA-ES,metadata,es,8,0.6218739716423513,10,0.22980112247837373,0.39207284916397755,FALSE,FALSE,2025,Uso de ambientes de aprendizaje en la participación familiar y comunitaria en las instituciones educativas del sector rural,10.33386/593dp.2025.6.3622,OpenAlex,metadata,1.2211285587355791
doi:10.37811/cl_rcm.v9i1.16382,doi:10.37811/cl_rcm.v9i1.16382,STM-METADATA-ES,metadata,es,6,0.3954656024292479,11,0.3473033757124571,0.04816222671679077,FALSE,TRUE,2025,Motivación y vocación en formación inicial docente para prevenir deserción y abandono escolar,10.37811/cl_rcm.v9i1.16382,OpenAlex,metadata,1.6316293524531937
doi:10.4471/ijelm.17484,doi:10.4471/ijelm.17484,STM-METADATA-ES,metadata,es,8,0.5104832395978826,14,0.2491491300714147,0.26133410952646785,FALSE,FALSE,2025,Claves del Liderazgo Pedagógico y su Impacto en la Gestión Eficaz dentro de la Comunidad Educativa,10.4471/ijelm.17484,OpenAlex,metadata,1.427806098840435
doi:10.46363/warmi.v4i1.4,doi:10.46363/warmi.v4i1.4,STM-METADATA-ES,metadata,es,4,0.4487101155250853,12,0.3679794783878401,0.08073063713724515,FALSE,TRUE,2024,Clima institucional y desempeño docente en instituciones educativas de Razuri Ascope 2025,10.46363/warmi.v4i1.4,OpenAlex,metadata,1.155366360256431
doi:10.56712/latam.v5i5.2697,doi:10.56712/latam.v5i5.2697,STM-METADATA-ES,metadata,es,14,0.41951263985972675,2,0.31426659923667494,0.10524604062305182,FALSE,FALSE,2024,Funcionamiento de los consejos técnicos escolares: obstáculos y oportunidades,10.56712/latam.v5i5.2697,OpenAlex,metadata,1.6238717139367744
doi:10.54948/desidades.v0i34.53113,doi:10.54948/desidades.v0i34.53113,STM-METADATA-ES,metadata,es,13,0.8974141485757109,5,0.03284988744179529,0.8645642611339156,FALSE,FALSE,2023,"La Escuela Karaí Nhe ́e Katu como productora de sentidos para los jóvenes Mbya Guarani, desde las voces del cacique y algunos profesores",10.54948/desidades.v0i34.53113,OpenAlex,metadata,0.5356977896441217
doi:10.5281/zenodo.18225698,doi:10.5281/zenodo.18225698,STM-METADATA-ES,metadata,es,4,0.6204705592430723,8,0.2514190152352428,0.36905154400782947,FALSE,FALSE,2026,Gestión administrativa y praxis gerencial en las instituciones educativas,10.5281/zenodo.18225698,OpenAlex,metadata,1.144854506626007
doi:10.47554/revie.vol12.num2.2025.pp107-128,doi:10.47554/revie.vol12.num2.2025.pp107-128,STM-METADATA-ES,metadata,es,10,0.8447475369796906,4,0.07217004126280081,0.7725774957168898,FALSE,FALSE,2025,participación comunitaria en los centros educativos: desafíos y oportunidades en contexto diverso,10.47554/revie.vol12.num2.2025.pp107-128,OpenAlex,metadata,0.7087713776755398
doi:10.17632/vtc55dyc4n,doi:10.17632/vtc55dyc4n,STM-METADATA-ES,metadata,es,9,0.7620628199015623,16,0.08909804440214014,0.6729647754994221,FALSE,FALSE,2026,"Impacto de la Inteligencia Artificial en Procesos Educativos en Latinoamérica: Rendimiento Académico, Motivación y Autorregulación del Aprendizaje",10.17632/vtc55dyc4n,OpenAlex,metadata,0.9427961456032131
doi:10.37811/cl_rcm.v6i4.2643,doi:10.37811/cl_rcm.v6i4.2643,STM-METADATA-ES,metadata,es,14,0.8183376666771415,13,0.09181311053052246,0.726524556146619,FALSE,FALSE,2022,"Factores individuales de liderazgo en la gestión participativa orientada a resultados, estudio de caso",10.37811/cl_rcm.v6i4.2643,OpenAlex,metadata,0.7683503964839767
doi:10.14393/ufu.di.2020.3928,doi:10.14393/ufu.di.2020.3928,STM-METADATA-ES,metadata,es,7,0.9694739741811799,13,0.00638650592513815,0.9630874682560417,FALSE,FALSE,2020,Dimensões do ensino fundamental público no âmbito não-estatal em Uberlândia -MG: em foco a gestão escolar e o trabalho docente.,10.14393/ufu.di.2020.3928,OpenAlex,metadata,0.20883157921389223
record:8781aac388f74a0ea3f45b32,record:8781aac388f74a0ea3f45b32,STM-METADATA-ES,metadata,es,11,0.57846923712954,12,0.3298751526563372,0.2485940844732028,FALSE,FALSE,2025,Nivel de competencia matemática temprana en niños de 4 años de Instituciones educativas privadas y públicas de Lima Metropolitana y Huancayo,NA,OpenAlex,metadata,1.0444409753513935
doi:10.26885/rcei.12.1.138,doi:10.26885/rcei.12.1.138,STM-METADATA-ES,metadata,es,16,0.37878436578092106,2,0.19019202061351587,0.1885923451674052,FALSE,FALSE,2023,La supervisión educativa y su rol en el logro de los aprendizajes en el Paraguay,10.26885/rcei.12.1.138,OpenAlex,metadata,1.7385862075601346
doi:10.54751/revistafoco.v18n6-177,doi:10.54751/revistafoco.v18n6-177,STM-METADATA-ES,metadata,es,14,0.281839003190354,11,0.22805129542718386,0.05378770776317013,FALSE,TRUE,2025,MÁS ALLÁ DE LA ADMINISTRACIÓN: LIDERAZGO PEDAGÓGICO EFECTIVO EN CONTEXTOS ESCOLARES REALES,10.54751/revistafoco.v18n6-177,OpenAlex,metadata,1.6782043330081837
doi:10.59758/rcci.2023.1.e8,doi:10.59758/rcci.2023.1.e8,STM-METADATA-ES,metadata,es,2,0.42680618250543984,7,0.3761241402862795,0.05068204221916034,FALSE,TRUE,2023,El Accountability Educacional como estrategia de mejora institucional post-pandemia COVID-19,10.59758/rcci.2023.1.e8,OpenAlex,metadata,1.4784955108937945
doi:10.5281/zenodo.8265524,doi:10.5281/zenodo.8265524,STM-METADATA-ES,metadata,es,9,0.9670256374422379,2,0.011878203910580283,0.9551474335316577,FALSE,FALSE,2023,"Aprendizaje Hibrido 3.0, transformando la Educación con Inteligencia Artificial y Realidad Virtual",10.5281/zenodo.8265524,OpenAlex,metadata,0.21853585864647226
doi:10.37811/cl_rcm.v9i6.21533,doi:10.37811/cl_rcm.v9i6.21533,STM-METADATA-ES,metadata,es,4,0.2997463424265679,6,0.2895712335173163,0.010175108909251607,FALSE,TRUE,2025,Estudio comparativo de estándares de calidad educativa del Ministerio de Educación de Ecuador y Perú,10.37811/cl_rcm.v9i6.21533,OpenAlex,metadata,1.764512172351268
doi:10.22463/25909215.5563,doi:10.22463/25909215.5563,STM-METADATA-ES,metadata,es,11,0.44716465062723254,15,0.3097757197807565,0.13738893084647602,FALSE,FALSE,2025,Desarrollo del pensamiento computacional mediado por el enfoque STEAM en la educación básica oficial de Colombia: reflexiones para la práctica,10.22463/25909215.5563,OpenAlex,metadata,1.450292977387729
record:5f5822c6cdaad3f6608da60e,record:5f5822c6cdaad3f6608da60e,STM-METADATA-ES,metadata,es,15,0.9191682146936068,14,0.030280696952537014,0.8888875177410698,FALSE,FALSE,2024,Formación para Fonoaudiólogos en el Abordaje Comunicativo de Personas con Sordoceguera,NA,OpenAlex,metadata,0.45043759601550093
doi:10.61616/rvdc.v6i1.629,doi:10.61616/rvdc.v6i1.629,STM-METADATA-ES,metadata,es,10,0.31057478929464644,4,0.18770032458149255,0.12287446471315389,FALSE,FALSE,2025,Impacto del Liderazgo del Gestor en la Calidad de los Aprendizajes según los Estudiantes,10.61616/rvdc.v6i1.629,OpenAlex,metadata,1.9560243061604767
record:864649e5d06b569249e18c38,record:864649e5d06b569249e18c38,STM-METADATA-ES,metadata,es,10,0.2620779103573439,7,0.19523891792875392,0.06683899242858998,FALSE,TRUE,2021,"Representaciones sociales sobre violencia escolar, en la Institución Educativa Nicolás Cuervo y Rojas del municipio de Oicatá Boyacá",NA,OpenAlex,metadata,2.128673024984468
doi:10.33936/psidial.v1iespecial.5186,doi:10.33936/psidial.v1iespecial.5186,STM-METADATA-ES,metadata,es,9,0.46154764431159107,6,0.22504528840214819,0.23650235590944288,FALSE,FALSE,2022,"Estrés docente en tiempos de confinamiento: estudio de caso en el cantón Santa Ana de Manabí, Ecuador",10.33936/psidial.v1iespecial.5186,OpenAlex,metadata,1.6441406965648881
doi:10.32719/26312816.2024.8.1.7,doi:10.32719/26312816.2024.8.1.7,STM-METADATA-ES,metadata,es,7,0.5453910360116492,16,0.35172536069359484,0.19366567531805434,FALSE,FALSE,2024,Fenómeno de El Niño y la escuela en el Perú: ¿Qué sabemos sobre los impactos de los últimos tres eventos?,10.32719/26312816.2024.8.1.7,OpenAlex,metadata,1.1718521082892182
record:a3ff3940ec8d43eab4d92757,record:a3ff3940ec8d43eab4d92757,STM-METADATA-ES,metadata,es,14,0.5920470427526542,4,0.34905959727837377,0.24298744547428042,FALSE,FALSE,2025,"Impacto Escolar de los Directores de Escuelas en la Oficina Regional Educativa de Ponce, Puerto Rico, a través del Conocimiento del Reglamento Disciplinario y Convenio Colectivo de los Maestros",NA,OpenAlex,metadata,0.9628952671504849
doi:10.17060/ijodaep.2022.n1.v2.2333,doi:10.17060/ijodaep.2022.n1.v2.2333,STM-METADATA-ES,metadata,es,5,0.4491321427677934,6,0.21132936847283196,0.23780277429496144,FALSE,FALSE,2022,Satisfacción del profesorado y alumnado con la calidad de la educación superior,10.17060/ijodaep.2022.n1.v2.2333,OpenAlex,metadata,1.629697971466555
doi:10.5377/arquitectura.v10i20.21404,doi:10.5377/arquitectura.v10i20.21404,STM-METADATA-ES,metadata,es,6,0.5116882488144078,10,0.3754656795106927,0.13622256930371507,FALSE,FALSE,2025,Análisis de los sistemas de aseguramiento del confort higrotérmico en infraestructuras educativas. Caso de estudio: Unidad Educativa Abdón Calderón,10.5377/arquitectura.v10i20.21404,OpenAlex,metadata,1.1671917336302
record:430b04d0e88f6b81c5d3bab6,record:430b04d0e88f6b81c5d3bab6,STM-METADATA-ES,metadata,es,11,0.708082576786122,5,0.06623586571172634,0.6418467110743956,FALSE,FALSE,2025,La docencia compartida para fortalecer las competencias docentes en adaptaciones curriculares en una institución educativa de Ilo-Moquegua,NA,OpenAlex,metadata,1.2124984585749277
doi:10.37594/dialogus.v1i8.524,doi:10.37594/dialogus.v1i8.524,STM-METADATA-ES,metadata,es,2,0.45890378085789924,13,0.396262614670798,0.06264116618710125,FALSE,TRUE,2022,clima escolar como eje fundamental para el mejoramiento de la calidad educativa,10.37594/dialogus.v1i8.524,OpenAlex,metadata,1.263299486970119
doi:10.56342/recip.vol13.n25.2023.5,doi:10.56342/recip.vol13.n25.2023.5,STM-METADATA-ES,metadata,es,15,0.4173950514107851,13,0.281070766834196,0.13632428457658907,FALSE,FALSE,2023,Propuesta de intervención pedagógica a la función del director escolar desde la perspectiva de la cognición social,10.56342/recip.vol13.n25.2023.5,OpenAlex,metadata,1.5022067332845186
doi:10.59760/5927961,doi:10.59760/5927961,STM-METADATA-ES,metadata,es,8,0.28703794584116626,6,0.1682568128212313,0.11878113301993495,FALSE,FALSE,2026,Habilidades directivas en educación básica: un estudio instrumental,10.59760/5927961,OpenAlex,metadata,2.096326321023048
doi:10.61286/e-rms.v4i.353,doi:10.61286/e-rms.v4i.353,STM-METADATA-ES,metadata,es,4,0.4017158124430641,10,0.3046992660966098,0.09701654634645429,FALSE,TRUE,2026,Competencias directivas y desempeño docente en la satisfacción de los padres de familia de una red educativa pública,10.61286/e-rms.v4i.353,OpenAlex,metadata,1.2677481849296883
record:ffdd1c7c3c2997cd3f4efae4,record:ffdd1c7c3c2997cd3f4efae4,STM-METADATA-ES,metadata,es,12,0.38829802150743,4,0.2883238511173297,0.09997417039010026,FALSE,TRUE,2026,Habilidades directivas en la salud mental y desempeño docente de una Unidad de Gestión Educativa,NA,OpenAlex,metadata,1.5183884436962691
doi:10.33539/educacion.2024.v30n1.3154,doi:10.33539/educacion.2024.v30n1.3154,STM-METADATA-ES,metadata,es,12,0.4920738404263248,15,0.21405996712343014,0.2780138733028946,FALSE,FALSE,2024,Prácticas de Gestión e Implicancias del Compromiso: Hacia la Comunidad de Aprendizaje,10.33539/educacion.2024.v30n1.3154,OpenAlex,metadata,1.6359269210730667
doi:10.47865/igob.vol7.n25.2024.326,doi:10.47865/igob.vol7.n25.2024.326,STM-METADATA-ES,metadata,es,12,0.5059921815023929,4,0.46837999334783775,0.03761218815455514,FALSE,TRUE,2024,Desempeño docente y evaluación de la calidad educativa en la Institución Educativa “Manuel Scorza Torre 8161”. Carabayllo. Lima,10.47865/igob.vol7.n25.2024.326,OpenAlex,metadata,0.8448216126990669
doi:10.61368/r.s.d.h.v6i1.588,doi:10.61368/r.s.d.h.v6i1.588,STM-METADATA-ES,metadata,es,16,0.6793525770036964,10,0.1682366344873324,0.511115942516364,FALSE,FALSE,2025,Relación entre la gestión educativa y el rendimiento académico en la educación media superior: una revisión sistemática,10.61368/r.s.d.h.v6i1.588,OpenAlex,metadata,1.1449702844405596
doi:10.65050/rfn.v6n1a9,doi:10.65050/rfn.v6n1a9,STM-METADATA-ES,metadata,es,10,0.3516228344873951,14,0.21312369454578642,0.1384991399416087,FALSE,FALSE,2026,Incidencia del liderazgo pedagógico directivo en el desempeño académico en escuelas públicas ecuatorianas.,10.65050/rfn.v6n1a9,OpenAlex,metadata,1.6343737313571565
doi:10.5281/zenodo.17656428,doi:10.5281/zenodo.17656428,STM-METADATA-ES,metadata,es,8,0.8097445996741262,4,0.07636558752839491,0.7333790121457312,FALSE,FALSE,2025,Innovación y transformación: Estrategias de liderazgo emprendedor para potenciar la educación del siglo XXI,10.5281/zenodo.17656428,OpenAlex,metadata,0.8358722672259032
doi:10.70577/80ap4f88,doi:10.70577/80ap4f88,STM-METADATA-ES,metadata,es,8,0.7816800743601621,5,0.0989631373530592,0.6827169370071029,FALSE,FALSE,2025,Pensamiento Crítico y Participación Estudiantil Frente a Contextos de Opresión y Conflicto en Instituciones de Educación Básica en Ecuador.,10.70577/80ap4f88,OpenAlex,metadata,0.8765206607668017
doi:10.61454/zstny873,doi:10.61454/zstny873,STM-METADATA-ES,metadata,es,8,0.3874672408812945,15,0.33632472028688093,0.05114252059441354,FALSE,TRUE,2026,Elementos constitutivos de un modelo de acompañamiento pedagógico transformacional en la supervisión educativa,10.61454/zstny873,OpenAlex,metadata,1.4543438172352035
doi:10.5281/zenodo.18164846,doi:10.5281/zenodo.18164846,STM-METADATA-ES,metadata,es,15,0.9642839313130817,2,0.007739668175585422,0.9565442631374962,FALSE,FALSE,2024,Reflexiones crıticas sobre procesos pedagógicos. Una sistematización de experiencias sobre transformación educativa,10.5281/zenodo.18164846,OpenAlex,metadata,0.23728987088674555
doi:10.61384/r.c.a..v4i3.618,doi:10.61384/r.c.a..v4i3.618,STM-METADATA-ES,metadata,es,14,0.3421898609221172,2,0.1522469081543741,0.18994295276774306,FALSE,FALSE,2024,La Gestión Directiva en las Escuelas Telesecundarias de Tabasco,10.61384/r.c.a..v4i3.618,OpenAlex,metadata,1.9651620514634718
doi:10.30972/riie.16228016,doi:10.30972/riie.16228016,STM-METADATA-ES,metadata,es,7,0.9270147396834437,9,0.020558422849892486,0.9064563168335512,FALSE,FALSE,2024,Escuelas rurales santafesinas en tiempo de pandemia: innovación en las prácticas institucionales,10.30972/riie.16228016,OpenAlex,metadata,0.43659543859749117
doi:10.55813/gaea/ccri/v4/n2/255,doi:10.55813/gaea/ccri/v4/n2/255,STM-METADATA-ES,metadata,es,2,0.442468691851315,5,0.2214384071871154,0.22103028466419958,FALSE,FALSE,2023,Análisis de la construcción de la identidad institucional en la organización educativa Douglas Solórzano: desafíos y perspectivas,10.55813/gaea/ccri/v4/n2/255,OpenAlex,metadata,1.5986624562043874
doi:10.59899/ges-cono-63-c11,doi:10.59899/ges-cono-63-c11,STM-METADATA-ES,metadata,es,6,0.9707353985442105,12,0.007857483469812762,0.9628779150743978,FALSE,FALSE,2024,Capítulo 11: Eficiencia Técnica de las Instituciones Educativas Públicas de Ciénaga - Magdalena – Colombia: un Enfoque Analítico con Análisis Envolvente de Datos,10.59899/ges-cono-63-c11,OpenAlex,metadata,0.1957667249327276
doi:10.56712/latam.v7i1.5478,doi:10.56712/latam.v7i1.5478,STM-METADATA-ES,metadata,es,15,0.31350450091991044,11,0.31333027792872775,1.7422299118269313e-4,FALSE,TRUE,2026,"Características, alcances y limitaciones de la acción tutorial en el bachillerato. El papel del docente – tutor",10.56712/latam.v7i1.5478,OpenAlex,metadata,1.5376787967304608
record:84dfff8cbbe11933d08de843,record:84dfff8cbbe11933d08de843,STM-METADATA-ES,metadata,es,5,0.9307955836441997,3,0.012139149378336931,0.9186564342658627,FALSE,FALSE,2023,Proposal for the implementation of inclusive education at Gimnasio Campestre Marcello Iafrancesco in Cajica,NA,OpenAlex,metadata,0.42651966727210383
doi:10.5281/zenodo.5865561,doi:10.5281/zenodo.5865561,STM-METADATA-ES,metadata,es,11,0.30667291466525437,9,0.24824238803374069,0.058430526631513685,FALSE,TRUE,2021,TRANSVERSALIZACIÓN DE LOS CONTENIDOS TIC EN EL CURRÍCULO DEL DOCENTE EN FORMACIÓN,10.5281/zenodo.5865561,OpenAlex,metadata,1.9246320563934616
doi:10.1344/der.2026.48.94-111,doi:10.1344/der.2026.48.94-111,STM-METADATA-ES,metadata,es,9,0.62135785343704375,5,0.16432594061132852,0.4570319128257152,FALSE,FALSE,2026,Visión pedagógica de la plataformización en Educación Primaria: discursos docentes y problemáticas emergentes en la Comunidad Valenciana,10.1344/der.2026.48.94-111,OpenAlex,metadata,1.2953160816829294
doi:10.5281/zenodo.4020730,doi:10.5281/zenodo.4020730,STM-METADATA-ES,metadata,es,13,0.9222644642034754,15,0.030411796976738653,0.8918526672267367,FALSE,FALSE,2020,Pensamiento epistémico moderno y la producción de conocimiento escolar,10.5281/zenodo.4020730,OpenAlex,metadata,0.41376260005666876
doi:10.47554/cii.vol15.2024.pp129-135,doi:10.47554/cii.vol15.2024.pp129-135,STM-METADATA-ES,metadata,es,11,0.45650540961725383,15,0.2420096300615649,0.21449577955568894,FALSE,FALSE,2025,Experiencias exitosas de acompañamiento situado a la gestión pedagógica e institucional en los centros educativos,10.47554/cii.vol15.2024.pp129-135,OpenAlex,metadata,1.5834807996802045
record:65aa7abd367c93dfd694ea7c,record:65aa7abd367c93dfd694ea7c,STM-METADATA-ES,metadata,es,14,0.30514606751265927,2,0.09276784533882854,0.21237822217383073,FALSE,FALSE,2025,Perceptions of public institutions’ principals of Metropolitan Lima about the EDDir 2018,NA,OpenAlex,metadata,2.308661430633827
doi:10.37811/cl_rcm.v9i5.19945,doi:10.37811/cl_rcm.v9i5.19945,STM-METADATA-ES,metadata,es,8,0.5328870571093887,9,0.27243024399107085,0.2604568131183178,FALSE,FALSE,2025,Transformación educativa desde el acompañamiento digital: Experiencias innovadoras con TIC en América Latina y el Caribe,10.37811/cl_rcm.v9i5.19945,OpenAlex,metadata,1.2738294198303068
doi:10.31977/grirfi.v25i3.5371,doi:10.31977/grirfi.v25i3.5371,STM-METADATA-ES,metadata,es,15,0.9491305495362715,8,0.018572855779930494,0.930557693756341,FALSE,FALSE,2025,Filosofía de Paulo Freire como urgencia en tiempos de dolor y desprecio a la vida,10.31977/grirfi.v25i3.5371,OpenAlex,metadata,0.3050020887205722
doi:10.63415/saga.v3i1.334,doi:10.63415/saga.v3i1.334,STM-METADATA-ES,metadata,es,11,0.30450476454589176,16,0.2326291020633252,0.07187566248256655,FALSE,TRUE,2026,Brecha digital rural-urbana y su impacto en la implementación del Diseño Universal para el Aprendizaje (DUA): revisión crítica y propuesta de un modelo de inclusión digital equitativa,10.63415/saga.v3i1.334,OpenAlex,metadata,1.5611447316614988
doi:10.47865/igob.vol8.n30.2025.407,doi:10.47865/igob.vol8.n30.2025.407,STM-METADATA-ES,metadata,es,12,0.448565595081396,4,0.23348570018799358,0.2150798948934024,FALSE,FALSE,2025,Clima institucional y evaluación del desempeño docente en instituciones educativas de primaria. Villa María del Triunfo. Lima,10.47865/igob.vol8.n30.2025.407,OpenAlex,metadata,1.594424681660851
record:2b9ac11189da15bec092953f,record:2b9ac11189da15bec092953f,STM-METADATA-ES,metadata,es,8,0.3984582684971049,10,0.19945808389563996,0.19900018460146496,FALSE,FALSE,2025,La convivencia escolar en comunidades educativas del Ecuador : Un Análisis de la Política Nacional de Convivencia Escolar del MINEDUC (2021),NA,OpenAlex,metadata,1.7618860272850356
record:e16742fabe19713b1317af0a,record:e16742fabe19713b1317af0a,STM-METADATA-ES,metadata,es,15,0.7413293878008266,5,0.18784392950808107,0.5534854582927455,FALSE,FALSE,2023,title.alternative,NA,OpenAlex,metadata,0.8903149868983061
doi:10.61616/rvdc.v6i2.841,doi:10.61616/rvdc.v6i2.841,STM-METADATA-ES,metadata,es,11,0.5905320942668361,16,0.3507926022959953,0.23973949197084077,FALSE,FALSE,2025,Percepciones Docentes sobre el Enfoque por Competencias en la Planificación Educativa: Una Revisión Sistemática,10.61616/rvdc.v6i2.841,OpenAlex,metadata,0.9661021279441613
doi:10.5281/zenodo.7416004,doi:10.5281/zenodo.7416004,STM-METADATA-ES,metadata,es,1,0.7587587672654551,2,0.14029451702832935,0.6184642502371258,FALSE,FALSE,2022,La carencia de competencias de lenguaje gráfico en estudiantes de la licenciatura en Arquitectura de nuevo ingreso,10.5281/zenodo.7416004,OpenAlex,metadata,0.8892874521011029
doi:10.60100/rcmg.v4i2.175,doi:10.60100/rcmg.v4i2.175,STM-METADATA-ES,metadata,es,2,0.3813361615431078,11,0.31231086325119883,0.06902529829190895,FALSE,TRUE,2023,¿Cómo Influye La Acción Pedagógica En El Proceso De Enseñanza – Aprendizaje?,10.60100/rcmg.v4i2.175,OpenAlex,metadata,1.731572849432231
doi:10.1590/s1678-4634202450263419es,doi:10.1590/s1678-4634202450263419es,STM-METADATA-ES,metadata,es,13,0.7401828127451578,10,0.1389128907012172,0.6012699220439406,FALSE,FALSE,2024,Desafíos de la relación familia-escuela en contexto mapuche: aproximación desde los profesores,10.1590/s1678-4634202450263419es,OpenAlex,metadata,1.023301606174945
doi:10.26820/recimundo/8.(2).abril.2024.406-421,doi:10.26820/recimundo/8.(2).abril.2024.406-421,STM-METADATA-ES,metadata,es,2,0.5465878450515034,16,0.2819259988019187,0.26466184624958466,FALSE,FALSE,2024,El aprendizaje significativo y funcional: un desafío para la gestión educativa en la construcción curricular vanguardista,10.26820/recimundo/8.(2).abril.2024.406-421,OpenAlex,metadata,1.315117541224947
doi:10.59814/resofro.2025.5(4)821,doi:10.59814/resofro.2025.5(4)821,STM-METADATA-ES,metadata,es,4,0.2903817982912072,8,0.2497058088557093,0.040675989435497883,FALSE,TRUE,2025,Relación entre la gestión educativa y el desarrollo económico de la Comuna Palmar,10.59814/resofro.2025.5(4)821,OpenAlex,metadata,1.795121820572012
doi:10.56712/latam.v5i5.2759,doi:10.56712/latam.v5i5.2759,STM-METADATA-ES,metadata,es,2,0.5538466431082277,9,0.23335246105511231,0.3204941820531154,FALSE,FALSE,2024,Innovación: Factor Clave en la Gestión Administrativa desde la Praxeología Empresarial Educativa en Panamá,10.56712/latam.v5i5.2759,OpenAlex,metadata,1.2970223445654236
doi:10.56219/dialctica.v1i25.3894,doi:10.56219/dialctica.v1i25.3894,STM-METADATA-ES,metadata,es,8,0.4884023658888596,5,0.2368197746083802,0.25158259128047944,FALSE,FALSE,2025,RECONOCIMIENTO Y RESPALDO A LAS COMUNIDADES RURALES EN LA GESTIÓN EDUCATIVA: UN IMPERATIVO PARA LAS POLÍTICAS EDUCATIVAS CONTEMPORÁNEAS,10.56219/dialctica.v1i25.3894,OpenAlex,metadata,1.3969482620225153
doi:10.46932/sfjdv6n7-055,doi:10.46932/sfjdv6n7-055,STM-METADATA-ES,metadata,es,5,0.36831828045221543,8,0.3160244875777604,0.052293792874455014,FALSE,TRUE,2025,Transformación digital en la gestión educativa desafíos y oportunidades para el docente con estudiantes con NEE,10.46932/sfjdv6n7-055,OpenAlex,metadata,1.4151543121060401
doi:10.63074/26973308.v8i1.75,doi:10.63074/26973308.v8i1.75,STM-METADATA-ES,metadata,es,9,0.41814066411854706,8,0.4093633952085232,0.008777268910023839,FALSE,TRUE,2025,Tácticas didácticas disruptivas para comprender y atender brechas de aprendizaje en ecosistemas edu-tec,10.63074/26973308.v8i1.75,OpenAlex,metadata,1.2852185540989918
doi:10.61616/rvdc.v6i3.1116,doi:10.61616/rvdc.v6i3.1116,STM-METADATA-ES,metadata,es,9,0.2693813979700808,7,0.25760550476339367,0.011775893206687149,FALSE,TRUE,2025,"Síndrome de burnout en docentes: factores de riesgo, estrategias de prevención y enfoques de manejo en el entorno escolar",10.61616/rvdc.v6i3.1116,OpenAlex,metadata,1.9012720304687112
doi:10.70577/reg.v4i3.292,doi:10.70577/reg.v4i3.292,STM-METADATA-ES,metadata,es,2,0.4155321026606902,8,0.27754048597947245,0.13799161668121773,FALSE,FALSE,2025,Competencias directivas que favorecen el desarrollo del liderazgo docente,10.70577/reg.v4i3.292,OpenAlex,metadata,1.363020020273691
doi:10.70625/bbe7r776,doi:10.70625/bbe7r776,STM-METADATA-ES,metadata,es,15,0.4991851499069257,11,0.18315751932181804,0.31602763058510763,FALSE,FALSE,2024,Funciones técnico docente y administrativas del director de multigrado y la repercusión en el desarrollo de competencias del alumno,10.70625/bbe7r776,OpenAlex,metadata,1.6469558056967188
record:20f84332d707bcf832d383ae,record:20f84332d707bcf832d383ae,STM-METADATA-ES,metadata,es,6,0.5178385598529998,8,0.14597904470059633,0.37185951515240345,FALSE,FALSE,2025,Analysis of the Quality Management System in accordance with NTC ISO 9001:2015 and design of an implementation proposal with the support of an educational platform at the Tenerife Granada Sur Institute.,NA,OpenAlex,metadata,1.598968398157428
record:539736b2df3b11c59f83b55f,record:539736b2df3b11c59f83b55f,STM-METADATA-ES,metadata,es,11,0.5722028355291081,15,0.2789112440979502,0.2932915914311579,FALSE,FALSE,2023,"Gestión educativa y el uso de la plataforma ""Rioeduca em ação"" en la lucha contra el desfasaje: un estudio de caso en cinco escuelas públicas de enseñanza primaria en el ""Complexo da Maré"".",NA,OpenAlex,metadata,1.289149594635407
doi:10.61728/ae24001212,doi:10.61728/ae24001212,STM-METADATA-ES,metadata,es,9,0.9756101317702006,2,0.0070837121285065325,0.9685264196416941,FALSE,FALSE,2024,Prólogo,10.61728/ae24001212,OpenAlex,metadata,0.17050711351072212
doi:10.34140/bjbv6n3-027,doi:10.34140/bjbv6n3-027,STM-METADATA-ES,metadata,es,14,0.278623815405036,2,0.1982044915382538,0.08041932386678219,FALSE,TRUE,2024,La visión teórica sobre la inclusión de las TIC en el liderazgo del director de escuelas rurales: un estudio en el contexto de la administración educativa,10.34140/bjbv6n3-027,OpenAlex,metadata,2.0073392049608154
record:839e0adbf56636c738a52835,record:839e0adbf56636c738a52835,STM-METADATA-ES,metadata,es,11,0.526319050412744,2,0.22604975397895047,0.3002692964337935,FALSE,FALSE,2024,Disseny d'una eina mitjançant programació matemàtica per a la gestió i organització de l'horari anual d'una escola de secundària a València,NA,OpenAlex,metadata,1.5207294995705725
doi:10.61384/r.c.a..v5i1.894,doi:10.61384/r.c.a..v5i1.894,STM-METADATA-ES,metadata,es,14,0.7004413580165222,15,0.22671444472822885,0.4737269132882933,FALSE,FALSE,2025,Retos de la Nueva Profesionalidad en la Supervisión Escolar en el contexto de la Nueva Escuela Mexicana,10.61384/r.c.a..v5i1.894,OpenAlex,metadata,0.9203933038147397
doi:10.22201/fm.20075057e.2026.57.25718,doi:10.22201/fm.20075057e.2026.57.25718,STM-METADATA-ES,metadata,es,10,0.9316528968875266,4,0.034426884105533406,0.8972260127819932,FALSE,FALSE,2026,Desempeño académico y suspensiones temporales: estudio longitudinal en la Facultad de Medicina (2015-2022),10.22201/fm.20075057e.2026.57.25718,OpenAlex,metadata,0.35903688872466616
doi:10.52501/cc.331.04,doi:10.52501/cc.331.04,STM-METADATA-ES,metadata,es,8,0.24670429928386806,5,0.2013205245435201,0.045383774740347965,FALSE,TRUE,2025,"El CUValles y la investigación sobre procesos socioeducativos, un esbozo del estado del arte",10.52501/cc.331.04,OpenAlex,metadata,1.9287111709309044
doi:10.47865/igob.vol8.n32.2025.440,doi:10.47865/igob.vol8.n32.2025.440,STM-METADATA-ES,metadata,es,11,0.9548714922490814,4,0.008423366692975203,0.9464481255561062,FALSE,FALSE,2025,"Gestión y Calidad en Educación Básica Regular (EBR) de Instituciones Educativas del Distrito de Puente Piedra en Lima, Mediante Procesos de Autoevaluación. Una Experiencia de Campo",10.47865/igob.vol8.n32.2025.440,OpenAlex,metadata,0.29033616822599956
doi:10.30827/eticanet.v25i2.33767,doi:10.30827/eticanet.v25i2.33767,STM-METADATA-ES,metadata,es,11,0.5728943779765804,16,0.3809882601706993,0.19190611780588107,FALSE,FALSE,2025,"Práctica docente, jornada escolar y rendimiento académico en Primaria de América Latina. Revisión sistemática (2020–2024)",10.30827/eticanet.v25i2.33767,OpenAlex,metadata,0.9312138045813607
doi:10.22579/23463910.1223,doi:10.22579/23463910.1223,STM-METADATA-ES,metadata,es,6,0.7577830974690051,10,0.12259062025700254,0.6351924772120026,FALSE,FALSE,2025,"La confianza estudiantil en las organizaciones de educación superior, una variable que requiere ser atendida",10.22579/23463910.1223,OpenAlex,metadata,0.9583013894118023
doi:10.23857/pc.v11i1.10997,doi:10.23857/pc.v11i1.10997,STM-METADATA-ES,metadata,es,11,0.262919517542254,10,0.17683097222422037,0.08608854531803364,FALSE,TRUE,2026,Auditoría educativa y mejora institucional basada en estándares: investigación mixta en una unidad rural,10.23857/pc.v11i1.10997,OpenAlex,metadata,1.8941027519994882
doi:10.36367/ntqr.17.2023.e836,doi:10.36367/ntqr.17.2023.e836,STM-METADATA-ES,metadata,es,13,0.4788558808601461,7,0.2885894968967765,0.1902663839633696,FALSE,FALSE,2023,SUBJETIVIDADES HEROICAS: TRABAJO DE PSICÓLOGOS ESCOLARES EN TIEMPOS DE PANDEMIA,10.36367/ntqr.17.2023.e836,OpenAlex,metadata,1.28144662728006
doi:10.14679/3793,doi:10.14679/3793,STM-METADATA-ES,metadata,es,8,0.43393109496130616,5,0.39398451558155034,0.03994657937975582,FALSE,TRUE,2025,La cultura de la infancia como pilar de la organización escolar,10.14679/3793,OpenAlex,metadata,1.3383777529083096
record:3f2a7fbc05ab8d37770823ed,record:3f2a7fbc05ab8d37770823ed,STM-METADATA-ES,metadata,es,9,0.5100696690305234,15,0.1500659562333158,0.3600037127972076,FALSE,FALSE,2025,Nivel de Conocimiento de las Tecnologías de Información y Comunicación Entre Trabajadores Sociales Escolares ORE Humacao,NA,OpenAlex,metadata,1.6275225172879668
record:88c9e5aa94fabb8274f45648,record:88c9e5aa94fabb8274f45648,STM-METADATA-ES,metadata,es,2,0.4322470680003479,15,0.3227104412101023,0.10953662679024562,FALSE,FALSE,2024,Plan de acción que fortalezca la participación docente como estrategia para mejorar los resultados académicos,NA,OpenAlex,metadata,1.44880154775324
doi:10.5281/zenodo.8169904,doi:10.5281/zenodo.8169904,STM-METADATA-ES,metadata,es,2,0.481690535511898,15,0.19153126774114113,0.29015926777075685,FALSE,FALSE,2023,"LA EVALUACIÓN, UN FOCO DE MEJORAMIENTO",10.5281/zenodo.8169904,OpenAlex,metadata,1.6084628179055194
doi:10.19044/esj.2021.v17n15p20,doi:10.19044/esj.2021.v17n15p20,STM-METADATA-ES,metadata,es,1,0.5876744651832875,9,0.24209858466817746,0.34557588051511,FALSE,FALSE,2021,Las Competencias Docentes A Nivel Tecnológicas Como Sostenibilidad Del Aprendizaje En Entornos Virtuales De Aprendizaje,10.19044/esj.2021.v17n15p20,OpenAlex,metadata,1.241515036782136
record:88b90665982a63cf9576531c,record:88b90665982a63cf9576531c,STM-METADATA-ES,metadata,es,15,0.8928563252834428,5,0.033691428943817145,0.8591648963396257,FALSE,FALSE,2023,Qualificando o censo escolar para o planejamento da educação e a gestão escolar em Arroio Grande/RS,NA,OpenAlex,metadata,0.5654555463526156
record:7081ae35949240a458c0c226,record:7081ae35949240a458c0c226,STM-METADATA-ES,metadata,es,15,0.9822283729476626,2,0.004105412301007292,0.9781229606466554,FALSE,FALSE,2020,Aprendizajes de jóvenes de asociación estudiantil: educación más allá de la sala de clase,NA,OpenAlex,metadata,0.12896839909787122
record:c46d19250376519c468437a2,record:c46d19250376519c468437a2,STM-METADATA-ES,metadata,es,9,0.37443675836306217,11,0.23470799592637379,0.1397287624366884,FALSE,FALSE,2025,Un Proyecto de Investigación Estratégica Examinando la Implementación de un Programa de Capacitación Continua en Competencia Digitales,NA,OpenAlex,metadata,1.7286560999995955
doi:10.47069/estudios-ambientales.v9i2.1291,doi:10.47069/estudios-ambientales.v9i2.1291,STM-METADATA-ES,metadata,es,1,0.3752123990362603,9,0.2891146972860613,0.08609770175019898,FALSE,TRUE,2021,"Educación para el desarrollo sostenible ¿Cuánto saben los jóvenes sobre temas ambientales? Estudio de caso en Lujan, Argentina",10.47069/estudios-ambientales.v9i2.1291,OpenAlex,metadata,1.610936993918839
doi:10.5867/medwave.2023.s1.uta152,doi:10.5867/medwave.2023.s1.uta152,STM-METADATA-ES,metadata,es,15,0.27723788058309856,9,0.2194120818620151,0.057825798721083455,FALSE,TRUE,2023,The current panorama of the expansion of the offer of higher education in Mexico: A sociospatial perspective,10.5867/medwave.2023.s1.uta152,OpenAlex,metadata,1.7570020514809055
doi:10.35537/10915/164447,doi:10.35537/10915/164447,STM-METADATA-ES,metadata,es,7,0.8812671155800527,6,0.05373047347427386,0.8275366421057788,FALSE,FALSE,2024,"Entre techos de cristal y contradicciones en la gestión educativa democrática: un estudio sobre la feminización de la educación y la ocupación de los espacios de conducción en las escuelas (Taguatinga, Distrito Federal, Brasil, 2016-2020)",10.35537/10915/164447,OpenAlex,metadata,0.6009100322523255
record:0dcef010a55caf2e279e5406,record:0dcef010a55caf2e279e5406,STM-METADATA-ES,metadata,es,2,0.47420180196445205,15,0.27169184352566794,0.2025099584387841,FALSE,FALSE,2024,El método ABP como estrategia metodológica en el aula de la Institución Educativa Gabriel Ramos Los Aquijes en el marco de la emergencia sanitaria,NA,OpenAlex,metadata,1.509810233857322
record:2b6cf8c5c1ec5c2ab39e6e8b,record:2b6cf8c5c1ec5c2ab39e6e8b,STM-METADATA-ES,metadata,es,13,0.978270874397659,2,0.0040250341543310395,0.9742458402433279,FALSE,FALSE,2024,A política de educação escolar como programa de ressocialização: um olhar sobre o anexo feminino do Presídio Regional de Bagé/RS,NA,OpenAlex,metadata,0.1546510286361343
doi:10.62452/hvkwpz13,doi:10.62452/hvkwpz13,STM-METADATA-ES,metadata,es,6,0.5859530839627605,9,0.18945570917173954,0.39649737479102093,FALSE,FALSE,2024,Número Completo (Febrero),10.62452/hvkwpz13,OpenAlex,metadata,1.345410588163663
doi:10.18764/2178-2229.v27n4p315-336,doi:10.18764/2178-2229.v27n4p315-336,STM-METADATA-ES,metadata,es,1,0.9301811497169449,15,0.04856098618125114,0.8816201635356937,FALSE,FALSE,2020,GESTÃO DEMOCRÁTICA: uma reflexão a partir da percepção dos gestores escolares,10.18764/2178-2229.v27n4p315-336,OpenAlex,metadata,0.3415312368137684
doi:10.12795/revistafuentes.2022.19797,doi:10.12795/revistafuentes.2022.19797,STM-METADATA-ES,metadata,es,5,0.4291587555421535,16,0.3069705056989307,0.1221882498432228,FALSE,FALSE,2022,Tendencias investigativas sobre liderazgo y dirección escolar. Revisión sistemática de la producción científica.,10.12795/revistafuentes.2022.19797,OpenAlex,metadata,1.3990200288958416
doi:10.22201/iisue.24486167e.2020.168.59153,doi:10.22201/iisue.24486167e.2020.168.59153,STM-METADATA-ES,metadata,es,7,0.8133074014396299,14,0.12827045285834138,0.6850369485812885,FALSE,FALSE,2020,"Posibilidades, limitaciones y demandas de los centros educativos del medio rural en el norte y sur de España contemplados desde la dirección escolar",10.22201/iisue.24486167e.2020.168.59153,OpenAlex,metadata,0.7280425018245388
doi:10.22201/iisue.24486167e.2021.174.59414,doi:10.22201/iisue.24486167e.2021.174.59414,STM-METADATA-ES,metadata,es,14,0.9289447985661784,2,0.026353585027638203,0.9025912135385402,FALSE,FALSE,2021,Desarrollo de prácticas de “liderazgo exitoso” en la dirección escolar,10.22201/iisue.24486167e.2021.174.59414,OpenAlex,metadata,0.40766440871273385
doi:10.6018/educatio.490601,doi:10.6018/educatio.490601,STM-METADATA-ES,metadata,es,7,0.40582655209945795,1,0.3751091679954053,0.03071738410405267,FALSE,TRUE,2022,Dirección escolar y desarrollo Ético Organizacional en escuelas de Catalunya,10.6018/educatio.490601,OpenAlex,metadata,1.3935186560417308
doi:10.46583/edetania_2022.62.1088,doi:10.46583/edetania_2022.62.1088,STM-METADATA-ES,metadata,es,13,0.28342444339415307,5,0.25519903544625294,0.028225407947900127,FALSE,TRUE,2022,La dirección escolar. Análisis desde el nuevo enfoque de la reforma de la ley de educación.,10.46583/edetania_2022.62.1088,OpenAlex,metadata,1.683239658965681
doi:10.26620/uniminuto/978-958-763-601-7,doi:10.26620/uniminuto/978-958-763-601-7,STM-METADATA-ES,metadata,es,13,0.381292954525332,14,0.29568484438435305,0.08560811014097897,FALSE,TRUE,2022,Dirección escolar y liderazgo: análisis del desempeño del rol directivo en instituciones de educación públicas y privadas de Colombia,10.26620/uniminuto/978-958-763-601-7,OpenAlex,metadata,1.6455424124893012
doi:10.22529/dp.2021.19(38)11,doi:10.22529/dp.2021.19(38)11,STM-METADATA-ES,metadata,es,3,0.8623460061196774,7,0.07442531744275852,0.7879206886769189,FALSE,FALSE,2021,La dirección escolar en la normativa vigente de la provincia de Córdoba,10.22529/dp.2021.19(38)11,OpenAlex,metadata,0.6262967375485092
doi:10.37177/unicen/eb33-372,doi:10.37177/unicen/eb33-372,STM-METADATA-ES,metadata,es,7,0.3501025178032169,3,0.3173039237899438,0.032798594013273064,FALSE,TRUE,2023,Definiciones normativas de las prácticas de dirección escolar en el nivel secundario en la Provincia de Córdoba: los cambios dispuestos en las políticas federales y jurisdiccionales,10.37177/unicen/eb33-372,OpenAlex | CONICET Digital,metadata,1.4260018802991605
record:b3f9009664f5de9671652b17,record:b3f9009664f5de9671652b17,STM-METADATA-ES,metadata,es,5,0.957268900224292,2,0.010659011018157857,0.9466098892061342,FALSE,FALSE,2020,Los ocho marcos normativos de la legislación educativa española (1980-2013): análisis de la dirección escolar,NA,OpenAlex,metadata,0.27194514146513316
doi:10.17583/ijelm.2021.6366,doi:10.17583/ijelm.2021.6366,STM-METADATA-ES,metadata,es,5,0.6441870609335703,14,0.22306964789502537,0.4211174130385449,FALSE,FALSE,2021,Liderazgo y Dirección Escolar para Atender al Alumnado con Necesidades Educativas Especiales,10.17583/ijelm.2021.6366,OpenAlex,metadata,1.109715199308242
doi:10.6018/educatio.410081,doi:10.6018/educatio.410081,STM-METADATA-ES,metadata,es,1,0.7538528917781699,14,0.10399298230689509,0.6498599094712748,FALSE,FALSE,2021,La dirección escolar ante la participación del alumnado,10.6018/educatio.410081,OpenAlex,metadata,1.0338752278528367
doi:10.13042/bordon.2020.01.63135,doi:10.13042/bordon.2020.01.63135,STM-METADATA-ES,metadata,es,5,0.5995089889464369,14,0.295759672176005,0.3037493167704319,FALSE,FALSE,2020,"Buenas prácticas en la organización, gestión y dirección de los centros educativos",10.13042/bordon.2020.01.63135,OpenAlex,metadata,1.1408782833754862
doi:10.47553/rifop.v98i37.3.93879,doi:10.47553/rifop.v98i37.3.93879,STM-METADATA-ES,metadata,es,14,0.85317096253492275,2,0.08376948574424505,0.7694014767906777,FALSE,FALSE,2023,El profesorado en la dirección escolar: la construcción de la identidad profesional y su impacto en la organización,10.47553/rifop.v98i37.3.93879,OpenAlex,metadata,0.6592201594339129
doi:10.30827/profesorado.v27i1.24096,doi:10.30827/profesorado.v27i1.24096,STM-METADATA-ES,metadata,es,14,0.6411093255787861,13,0.28609056914546227,0.3550187564333238,FALSE,FALSE,2023,¿Por qué investigar el liderazgo de la Dirección escolar en España desde la perspectiva de la identidad profesional? Revisión teórica desde una mirada genealógica,10.30827/profesorado.v27i1.24096,OpenAlex,metadata,0.9562577937869693
doi:10.34632/investigacaoeducacional.2020.8508,doi:10.34632/investigacaoeducacional.2020.8508,STM-METADATA-ES,metadata,es,14,0.7455488579191668,8,0.15356506793324395,0.5919837899859228,FALSE,FALSE,2020,Los directivos como promotores de la mejora educativa,10.34632/investigacaoeducacional.2020.8508,OpenAlex,metadata,0.927530022940657
doi:10.4067/s0718-73782023000200037,doi:10.4067/s0718-73782023000200037,STM-METADATA-ES,metadata,es,14,0.4261457347431101,5,0.3625344749692677,0.06361125977384241,FALSE,TRUE,2023,¿Liderazgo Inclusivo? La Mirada de las Familias hacia las Prácticas de los Directores Escolares,10.4067/s0718-73782023000200037,OpenAlex,metadata,1.495399605070106
doi:10.4151/07189729-vol.63-iss.1-art.1511,doi:10.4151/07189729-vol.63-iss.1-art.1511,STM-METADATA-ES,metadata,es,14,0.8963493542041868,2,0.03382079157076417,0.8625285626334227,FALSE,FALSE,2024,Liderazgo transformacional para la prevención del abandono escolar. Una historia de vida,10.4151/07189729-vol.63-iss.1-art.1511,OpenAlex,metadata,0.566116383398613
doi:10.23824/ase.v0i33.682,doi:10.23824/ase.v0i33.682,STM-METADATA-ES,metadata,es,5,0.49702707567608284,13,0.3389323194139525,0.15809475626213032,FALSE,FALSE,2020,La organización y gestión de centros educativos: ¿una apuesta pendiente?,10.23824/ase.v0i33.682,OpenAlex,metadata,1.2893627241330379
doi:10.4151/07189729-vol.60-iss.3-art.1158,doi:10.4151/07189729-vol.60-iss.3-art.1158,STM-METADATA-ES,metadata,es,14,0.5933547989459835,11,0.2969831099406567,0.29637168900532684,FALSE,FALSE,2021,Liderando la mejora desde el departamento de lenguaje: un estudio de caso,10.4151/07189729-vol.60-iss.3-art.1158,OpenAlex,metadata,1.158018023081402
doi:10.15517/rge.v10i1.56268,doi:10.15517/rge.v10i1.56268,STM-METADATA-ES,metadata,es,5,0.6956168228856845,14,0.27232833987433297,0.4232884830113515,FALSE,FALSE,2023,"Cartografía, una herramienta para interpretar el liderazgo escolar. Estudio de caso Brasil",10.15517/rge.v10i1.56268,OpenAlex,metadata,0.791412807083002
doi:10.22550/rep80-1-2022-07,doi:10.22550/rep80-1-2022-07,STM-METADATA-ES,metadata,es,14,0.4397142481947231,3,0.2716263314537184,0.1680879167410047,FALSE,FALSE,2022,Dirección de centros educativos y ampliación de autonomía con rendición de cuentas. El rol mediador del liderazgo pedagógico.,10.22550/rep80-1-2022-07,OpenAlex,metadata,1.4472236829725924
doi:10.5565/rev/educar.1055,doi:10.5565/rev/educar.1055,STM-METADATA-ES,metadata,es,14,0.7278220640447711,15,0.21620127989091573,0.5116207841538554,FALSE,FALSE,2020,El papel del «coach» en la formación de directivos: análisis de un programa específico,10.5565/rev/educar.1055,OpenAlex,metadata,0.8429691451500676
record:51c30eef87206bb7946b3f31,record:51c30eef87206bb7946b3f31,STM-METADATA-ES,metadata,es,14,0.5552458609689607,5,0.18740135757931203,0.36784450338964864,FALSE,FALSE,2021,La importancia del liderazgo distribuido para una escuela inclusiva,NA,OpenAlex,metadata,1.322162020992037
doi:10.15359/ree.25-3.28,doi:10.15359/ree.25-3.28,STM-METADATA-ES,metadata,es,7,0.7341986408284485,12,0.22428342720110397,0.5099152136273446,FALSE,FALSE,2021,"Prevalencia del síndrome de burnout en la dirección de instituciones educativas públicas en Barrios Altos, Lima - Perú",10.15359/ree.25-3.28,OpenAlex,metadata,0.7881563602466143
doi:10.25267/hachetetepe.2023.i26.1106,doi:10.25267/hachetetepe.2023.i26.1106,STM-METADATA-ES,metadata,es,9,0.42487213520619665,7,0.3065893651731033,0.11828277003309334,FALSE,FALSE,2023,Desafíos tecnológicos de actores escolares en bachilleratos mexicanos en desventaja. ¿Qué queda para el profesorado?,10.25267/hachetetepe.2023.i26.1106,OpenAlex,metadata,1.571308691680116
doi:10.53595/rlo.v5.i12.120,doi:10.53595/rlo.v5.i12.120,STM-METADATA-ES,metadata,es,16,0.3839355278768049,4,0.22717910082640477,0.15675642705040013,FALSE,FALSE,2025,Análisis de la gestión directiva y procesos pedagógicos: una revisión bibliográfica,10.53595/rlo.v5.i12.120,OpenAlex,metadata,1.7493916593220666
doi:10.22458/ie.v24i36.3895,doi:10.22458/ie.v24i36.3895,STM-METADATA-ES,metadata,es,11,0.45810101784624685,14,0.3160011449357899,0.14209987291045695,FALSE,FALSE,2022,Características del liderazgo de la jefatura departamental en matemática de un centro de alto desempeño en educación secundaria en Chile,10.22458/ie.v24i36.3895,OpenAlex,metadata,1.5251575183287411
doi:10.33255/26184141/1568e0018,doi:10.33255/26184141/1568e0018,STM-METADATA-ES,metadata,es,7,0.8142924992149132,16,0.08937500296025895,0.7249174962546543,FALSE,FALSE,2023,"El trabajo de dirigir: apuntes conceptuales sobre la dirección escolar en Argentina, 2001- 2020",10.33255/26184141/1568e0018,OpenAlex,metadata,0.7588632686521535
doi:10.35290/rcui.v11n2.2024.1095,doi:10.35290/rcui.v11n2.2024.1095,STM-METADATA-ES,metadata,es,16,0.4085697475126562,8,0.1851139398200859,0.22345580769257029,FALSE,FALSE,2024,Estrategias de habilidades gerenciales para mejorar la gestión educativa de los directores en las instituciones educativas,10.35290/rcui.v11n2.2024.1095,OpenAlex,metadata,1.7165776973574822
doi:10.17583/ijelm.9597,doi:10.17583/ijelm.9597,STM-METADATA-ES,metadata,es,14,0.5859286836635049,2,0.2359018428682943,0.3500268407952106,FALSE,FALSE,2022,La autopercepción del liderazgo docente,10.17583/ijelm.9597,OpenAlex,metadata,1.241490561310217
doi:10.15366/reps2022.7.2.009,doi:10.15366/reps2022.7.2.009,STM-METADATA-ES,metadata,es,3,0.8745435868122527,7,0.0429532609450621,0.8315903258671906,FALSE,FALSE,2022,"Filantropía empresarial, Estado y formación de directivos de escuelas secundarias en Argentina. Estudio de caso sobre la Fundación Córdoba Mejora",10.15366/reps2022.7.2.009,OpenAlex,metadata,0.609303986391923
doi:10.18235/0003684,doi:10.18235/0003684,STM-METADATA-ES,metadata,es,5,0.5724753537668646,2,0.2614804532795967,0.31099490048726797,FALSE,FALSE,2021,Recomendaciones para consolidar un marco de buenas prácticas para la dirección escolar,10.18235/0003684,OpenAlex,metadata,1.264426576101127
doi:10.5944/reec.41.2022.32391,doi:10.5944/reec.41.2022.32391,STM-METADATA-ES,metadata,es,5,0.954619119695331,2,0.012384167943571124,0.9422349517517599,FALSE,FALSE,2022,La autonomía escolar en Europa: aportaciones para la innovación educativa,10.5944/reec.41.2022.32391,OpenAlex,metadata,0.2825394981113003
record:7e1be1c14a6eeb4362cbaca9,record:7e1be1c14a6eeb4362cbaca9,STM-METADATA-ES,metadata,es,5,0.5482403728686893,14,0.18551832652831476,0.3627220463403745,FALSE,FALSE,2024,Perfil laboral y apoyo institucional de la dirección escolar en cuatro países de la Unión Europea,NA,OpenAlex,metadata,1.4078063094470594
doi:10.1590/s1413-24782024290050,doi:10.1590/s1413-24782024290050,STM-METADATA-ES,metadata,es,14,0.9715903388361754,2,0.0062560532844168825,0.9653342855517585,FALSE,FALSE,2024,La dirección escolar y su funcionamiento desde la mirada de la identidad profesional,10.1590/s1413-24782024290050,OpenAlex,metadata,0.19816746499099896
doi:10.17151/hpsal.2022.27.1.3,doi:10.17151/hpsal.2022.27.1.3,STM-METADATA-ES,metadata,es,6,0.49350482123925304,14,0.3407290680071397,0.15277575323211334,FALSE,FALSE,2022,"Directores escolares ante el síndrome de burnout: dimensiones, factores de riesgo y sintomatología",10.17151/hpsal.2022.27.1.3,OpenAlex,metadata,1.2712738720568773
doi:10.23857/dc.v6i2.1191,doi:10.23857/dc.v6i2.1191,STM-METADATA-ES,metadata,es,14,0.9508032281109761,2,0.018036397559860824,0.9327668305511152,FALSE,FALSE,2020,Dirección escolar con enfoque de liderazgo carismático. Perfiles de un líder educativo,10.23857/dc.v6i2.1191,OpenAlex,metadata,0.2999455942936549
doi:10.17268/sciendo.2022.012,doi:10.17268/sciendo.2022.012,STM-METADATA-ES,metadata,es,16,0.5068649636831157,14,0.14372236812325967,0.36314259555985606,FALSE,FALSE,2022,The success of a public educational institution depends on the educational management training of its managers,10.17268/sciendo.2022.012,OpenAlex,metadata,1.6990813308339843
doi:10.15517/rge.v9i1.53602,doi:10.15517/rge.v9i1.53602,STM-METADATA-ES,metadata,es,7,0.5694207434465416,14,0.3696481745400854,0.19977256890645617,FALSE,FALSE,2023,De la administración al liderazgo educativo. Nociones sobre el liderazgo y la dirección de primaria en México durante la reforma 2013,10.15517/rge.v9i1.53602,OpenAlex,metadata,0.989327841118514
doi:10.70577/w7vyrd21,doi:10.70577/w7vyrd21,STM-METADATA-ES,metadata,es,11,0.5106493761009022,8,0.21403680159272567,0.2966125745081766,FALSE,FALSE,2026,La dirección escolar y el monitoreo de competencias docentes derivadas de la formación continua para fortalecer la efectividad del aprendizaje en Ecuador.,10.70577/w7vyrd21,OpenAlex,metadata,1.5007022621766588
doi:10.5281/zenodo.18520779,doi:10.5281/zenodo.18520779,STM-METADATA-ES,metadata,es,6,0.32246381381886385,14,0.27364892641525673,0.04881488740360712,FALSE,TRUE,2026,Rol de la dirección escolar y liderazgo en la mejora de la calidad educativa,10.5281/zenodo.18520779,OpenAlex,metadata,1.8537357140132522
doi:10.56712/latam.v4i1.227,doi:10.56712/latam.v4i1.227,STM-METADATA-ES,metadata,es,13,0.9763629492265931,2,0.006718612614654759,0.9696443366119383,FALSE,FALSE,2023,Procesos de privatización en la educación,10.56712/latam.v4i1.227,OpenAlex,metadata,0.16210964596831112
record:b4f54f8a19e4eed2f29058bd,record:b4f54f8a19e4eed2f29058bd,STM-METADATA-ES,metadata,es,14,0.7249287039551116,2,0.06654194553439766,0.6583867584207139,FALSE,FALSE,2021,La dirección escolar en España: modelos de dirección y liderazgo,NA,OpenAlex,metadata,1.2062574557041157
doi:10.37811/cl_rcm.v9i6.21803,doi:10.37811/cl_rcm.v9i6.21803,STM-METADATA-ES,metadata,es,11,0.37673266723811616,15,0.26073783506643766,0.1159948321716785,FALSE,FALSE,2026,Seguimiento de la dirección escolar a la implementación de nuevas competencias logradas en las formaciones continuas de los docentes para una mejor efectividad en el aprendizaje.,10.37811/cl_rcm.v9i6.21803,OpenAlex,metadata,1.8919215341460753
doi:10.52149/sp21/64.8,doi:10.52149/sp21/64.8,STM-METADATA-ES,metadata,es,14,0.8327814346764424,2,0.035719206463354296,0.7970622282130881,FALSE,FALSE,2022,SEGUNDO ARTÍCULO:ESTADO ACTUAL DE LA DIRECCIÓN ESCOLAR EN LOS ESTADOS UNIDOS,10.52149/sp21/64.8,OpenAlex,metadata,0.8175644383469177
doi:10.2307/jj.22246954.23,doi:10.2307/jj.22246954.23,STM-METADATA-ES,metadata,es,14,0.6694727605562817,4,0.07951491626655137,0.5899578442897303,FALSE,FALSE,2024,ENTENDIENDO EL LIDERAZGO DOCENTE DESDE LA PERSPECTIVA DE LA DIRECCIÓN ESCOLAR,10.2307/jj.22246954.23,OpenAlex,metadata,1.402826952642175
record:d88d33ea308205fb2e44c724,record:d88d33ea308205fb2e44c724,STM-METADATA-ES,metadata,es,7,0.8117115287837658,2,0.047625580307550056,0.7640859484762158,FALSE,FALSE,2021,El desarrollo ético organizacional en la escuela y la dirección escolar,NA,OpenAlex,metadata,0.9198217492245941
doi:10.2307/j.ctv36k5dxk.196,doi:10.2307/j.ctv36k5dxk.196,STM-METADATA-ES,metadata,es,14,0.3326746650520913,2,0.2895155715966563,0.043159093455435005,FALSE,TRUE,2022,LA PLANIFICACIÓN Y SU RELACIÓN CON LOS PROYECTOS DE DIRECCIÓN ESCOLAR,10.2307/j.ctv36k5dxk.196,OpenAlex,metadata,1.9359416035057107
doi:10.12795/revistafuentes.2026.28418,doi:10.12795/revistafuentes.2026.28418,STM-METADATA-ES,metadata,es,5,0.8999281730315253,14,0.03679930882103397,0.8631288642104913,FALSE,FALSE,2026,Patrones de significado sobre la educación inclusiva desde la dirección escolar chilena.,10.12795/revistafuentes.2026.28418,OpenAlex,metadata,0.5020051072610319
doi:10.2307/j.ctv2gz3v49.37,doi:10.2307/j.ctv2gz3v49.37,STM-METADATA-ES,metadata,es,7,0.8599854725033901,2,0.028567841667030133,0.83141763083636,FALSE,FALSE,2021,LA DIRECCIÓN ESCOLAR Y LA ÉTICA ORGANIZACIONAL EN LAS ESCUELAS DE CATALUNYA,10.2307/j.ctv2gz3v49.37,OpenAlex,metadata,0.7409958910062061
doi:10.18848/2575-5544/cgp/v06i01/73-86,doi:10.18848/2575-5544/cgp/v06i01/73-86,STM-METADATA-ES,metadata,es,14,0.37502834621280867,5,0.22129920336968137,0.1537291428431273,FALSE,FALSE,2020,Barreras de género en la dirección escolar: exploración temática de literatura internacional,10.18848/2575-5544/cgp/v06i01/73-86,OpenAlex,metadata,1.8497755906283013
doi:10.52149/sp21/79.4,doi:10.52149/sp21/79.4,STM-METADATA-ES,metadata,es,8,0.5999462333684704,14,0.17000729225853858,0.4299389411099318,FALSE,FALSE,2026,"DIRECCIÓN ESCOLAR EN LA ERA DE LA COMPLEJIDAD: AUTONOMÍA, SUPERVISIÓN Y LIDERAZGO ÉTICO",10.52149/sp21/79.4,OpenAlex,metadata,1.3643573334472296
doi:10.15366/reice2025.23.3.002,doi:10.15366/reice2025.23.3.002,STM-METADATA-ES,metadata,es,14,0.5376026288244031,16,0.22341127246157902,0.31419135636282414,FALSE,FALSE,2025,La Retención de la Dirección Escolar. Diseño de un Modelo Bioecológico sobre la Retención Directiva,10.15366/reice2025.23.3.002,OpenAlex,metadata,1.4655270124602922
record:84f91f9c4b060ac321b190c6,record:84f91f9c4b060ac321b190c6,STM-METADATA-ES,metadata,es,5,0.8246249860027651,2,0.03748736244873509,0.78713762355403,FALSE,FALSE,2021,La dirección escolar en España y su compromiso con la inclusión. Una asignatura pendiente de evaluación,NA,OpenAlex,metadata,0.8696362161055691
record:a20f2bef84f0f8e11ba65452,record:a20f2bef84f0f8e11ba65452,STM-METADATA-ES,metadata,es,13,0.2993135008491722,14,0.15431555852415846,0.14499794232501373,FALSE,FALSE,2021,La identidade professional de la dirección escolar. Uma nueva línea de investigación sobre liderazgo escolar exitoso,NA,OpenAlex,metadata,2.1627991809013074
doi:10.35766/jf20223,doi:10.35766/jf20223,STM-METADATA-ES,metadata,es,2,0.5536742084598643,14,0.24614062017179816,0.3075335882880661,FALSE,FALSE,2020,"La evaluación de la competencia del liderazgo en la dirección escolar, desde la perspectiva de la socioformación",10.35766/jf20223,OpenAlex,metadata,1.3106099626659842
record:bef6f361ec2ab1ed1e86543b,record:bef6f361ec2ab1ed1e86543b,STM-METADATA-ES,metadata,es,7,0.9505651795500336,2,0.015828003617430364,0.9347371759326033,FALSE,FALSE,2020,La dirección escolar y la ética organizacional en los centros de educación infantil y primaria de Catalunya. Análisis de facilitadores y barreras,NA,OpenAlex,metadata,0.3095839055876959
doi:10.1344/tempseducacio2022.63.18,doi:10.1344/tempseducacio2022.63.18,STM-METADATA-ES,metadata,es,7,0.9421602637477822,12,0.011468396478365003,0.9306918672694172,FALSE,FALSE,2022,L’ètica organitzacional a l’escola des de la direcció escolar,10.1344/tempseducacio2022.63.18,OpenAlex,metadata,0.35946875355933566
record:9779b2c3c3b2a00cccd265a2,record:9779b2c3c3b2a00cccd265a2,STM-METADATA-ES,metadata,es,14,0.6228353057729484,15,0.12321744944667964,0.49961785632626876,FALSE,FALSE,2020,Cuestiones éticas encontradas en la movilización del conocimiento en procesos de investigación acción participativa para el cambio hacia prácticas más inclusivas: liderazgo y roles de la dirección escolar,NA,OpenAlex,metadata,1.3826390837615428
doi:10.5281/zenodo.4890965,doi:10.5281/zenodo.4890965,STM-METADATA-ES,metadata,es,7,0.7701855515164313,12,0.19359950820688052,0.5765860433095508,FALSE,FALSE,2021,Prevalencia del síndrome de burnout en la dirección de instituciones educativas públicas en Barrios Altos – Lima,10.5281/zenodo.4890965,OpenAlex,metadata,0.7214177325782545
doi:10.70165/enfdis.v10i1.306,doi:10.70165/enfdis.v10i1.306,STM-METADATA-ES,metadata,es,14,0.45241303766945273,8,0.23163172426055012,0.2207813134089026,FALSE,FALSE,2025,Desafíos y perspectivas del liderazgo en la gestión directiva,10.70165/enfdis.v10i1.306,OpenAlex,metadata,1.7121913624063438
doi:10.2307/j.ctv36k5bbt,doi:10.2307/j.ctv36k5bbt,STM-METADATA-ES,metadata,es,14,0.8920273011749198,12,0.0404218185009566,0.8516054826739632,FALSE,FALSE,2022,Acercamiento multidisciplinar para la investigación e intervención en contextos educativos.,10.2307/j.ctv36k5bbt,OpenAlex,metadata,0.5640404924703041
record:0d6f8de47ca1bfa06224b96b,record:0d6f8de47ca1bfa06224b96b,STM-METADATA-ES,metadata,es,14,0.4868713380339811,5,0.3561508087872653,0.1307205292467158,FALSE,FALSE,2024,Las redes de directivos para la mejora,NA,OpenAlex,metadata,1.346267988917635
doi:10.18861/cied.2025.16.2.4137,doi:10.18861/cied.2025.16.2.4137,STM-METADATA-ES,metadata,es,14,0.4463783803840285,16,0.271437107429464,0.17494127295456452,FALSE,FALSE,2025,Liderazgo directivo y género en el sistema escolar,10.18861/cied.2025.16.2.4137,OpenAlex,metadata,1.6459603430110268
doi:10.53877/vyvzns79,doi:10.53877/vyvzns79,STM-METADATA-ES,metadata,es,8,0.9273271677815508,14,0.025301377293510622,0.9020257904880401,FALSE,FALSE,2026,La Comunicación Organizacional y la Gestión Directiva,10.53877/vyvzns79,OpenAlex,metadata,0.41601156798271727
record:f53fea6eabb1a0cd1549f47b,record:f53fea6eabb1a0cd1549f47b,STM-METADATA-ES,metadata,es,2,0.29352505551482677,1,0.15490723722676114,0.13861781828806563,FALSE,FALSE,2025,Contributions from PMBOK 7 edition to improve of educational management Case study: Instituto Técnico Agrícola Valsalice,NA,OpenAlex,metadata,2.152715948036864
record:04832233edd96abdbd6ad792,record:04832233edd96abdbd6ad792,STM-METADATA-ES,metadata,es,8,0.4345691865091176,13,0.1653371335721178,0.2692320529369998,FALSE,FALSE,2025,"Proyecto de dirección para un centro educativo de educación primaria en Santa Cruz la Laguna, Sololá, Guatemala",NA,OpenAlex,metadata,1.7497447624467517
doi:10.24310/ijne.10.2022.15117,doi:10.24310/ijne.10.2022.15117,STM-METADATA-ES,metadata,es,14,0.5143231039623276,12,0.17563805152807954,0.33868505243424807,FALSE,FALSE,2022,La escuela pública madrileña desde la visión del liderazgo distribuido: un estudio descriptivo,10.24310/ijne.10.2022.15117,OpenAlex,metadata,1.4800017390083993
doi:10.5281/zenodo.5592966,doi:10.5281/zenodo.5592966,STM-METADATA-ES,metadata,es,14,0.42646897491616353,15,0.220270255841818,0.20619871907434553,FALSE,FALSE,2020,Estudio de resultados de un programa de formación de directores escolares en gestión del cambio,10.5281/zenodo.5592966,OpenAlex,metadata,1.5693191189324043
doi:10.61616/rvdc.v6i3.950,doi:10.61616/rvdc.v6i3.950,STM-METADATA-ES,metadata,es,8,0.7578991250359853,16,0.13730438370004705,0.6205947413359383,FALSE,FALSE,2025,El Liderazgo de las Habilidades Blandas en la Gestión Directiva: Una Revisión Crítica para Fortalecer la Permanencia Educativa,10.61616/rvdc.v6i3.950,OpenAlex,metadata,0.9103679800215055
doi:10.22550/2174-0909.4440,doi:10.22550/2174-0909.4440,STM-METADATA-ES,metadata,es,5,0.5807141474139258,14,0.39693802517217047,0.18377612224175532,FALSE,FALSE,2025,"Reseña bibliográfica: Gairín-Sallán, J. (Coord.) (2024). Dirección y liderazgo de los centros educativos. Naturaleza, desarrollo y práctica profesional. Narcea. 302 pp.",10.22550/2174-0909.4440,OpenAlex,metadata,0.8129655305894137
doi:10.4067/s0718-07052025000200255,doi:10.4067/s0718-07052025000200255,STM-METADATA-ES,metadata,es,7,0.4898738894081528,6,0.12678872765430424,0.36308516175384853,FALSE,FALSE,2025,La ética organizacional en las escuelas de Catalunya. Modelo e instrumento para su análisis,10.4067/s0718-07052025000200255,OpenAlex,metadata,1.8684041924471244
doi:10.22201/iisue.24486167e.2025.47.61920,doi:10.22201/iisue.24486167e.2025.47.61920,STM-METADATA-ES,metadata,es,7,0.7780804429441849,8,0.11664230019805823,0.6614381427461267,FALSE,FALSE,2025,¿Volverse el error de la matrix?,10.22201/iisue.24486167e.2025.47.61920,OpenAlex,metadata,0.9176544397745148
doi:10.56219/dialctica.v2i25.3975,doi:10.56219/dialctica.v2i25.3975,STM-METADATA-ES,metadata,es,2,0.4471605493352559,14,0.44283295856167526,0.004327590773580636,FALSE,TRUE,2025,EL LIDERAZGO TRANSFORMACIONAL EN LA GERENCIA ESCOLAR: REFLEXIONES HACIA LA CALIDAD EDUCATIVA,10.56219/dialctica.v2i25.3975,OpenAlex,metadata,1.1742579435165421
doi:10.30827/profesorado.v29i2.32291,doi:10.30827/profesorado.v29i2.32291,STM-METADATA-ES,metadata,es,14,0.9585361811905178,8,0.007974778185565919,0.9505614030049518,FALSE,FALSE,2025,Trayectorias e identidad de liderazgo de directoras de Educación Secundaria de formación profesional: un estudio exploratorio,10.30827/profesorado.v29i2.32291,OpenAlex,metadata,0.2723822124596389
doi:10.4471/ijelm.16158,doi:10.4471/ijelm.16158,STM-METADATA-ES,metadata,es,14,0.9068483158752889,13,0.03989322546272861,0.8669550904125602,FALSE,FALSE,2025,Liderazgo de Directoras en EMTP y la Promoción de la Perspectiva de Género en contextos Masculinizados,10.4471/ijelm.16158,OpenAlex,metadata,0.4825417079781547
doi:10.29393/pa76-8olld10008,doi:10.29393/pa76-8olld10008,STM-METADATA-ES,metadata,es,13,0.32921384925140623,5,0.2937377501739473,0.03547609907745891,FALSE,TRUE,2025,Orientaciones legales y políticas del liderazgo directivo en Chile; historia normativa de 1980 a 2025,10.29393/pa76-8olld10008,OpenAlex,metadata,1.6379227486283505
doi:10.7179/psri_2026.48.11,doi:10.7179/psri_2026.48.11,STM-METADATA-ES,metadata,es,5,0.3985379595693229,16,0.22337587959071795,0.17516207997860497,FALSE,FALSE,2025,Educación de calidad para la sostenibilidad: una revisión sistemática de iniciativas en educación primaria alineadas con el ODS 4,10.7179/psri_2026.48.11,OpenAlex,metadata,1.7259624403138798
doi:10.5565/rev/educar.2399,doi:10.5565/rev/educar.2399,STM-METADATA-ES,metadata,es,14,0.41307031081233264,5,0.3878674840300474,0.025202826782285248,FALSE,TRUE,2025,El liderazgo y la educación inclusiva desde la perspectiva de estudiantes y familias,10.5565/rev/educar.2399,OpenAlex,metadata,1.397016424003799
doi:10.6035/14113.2021.95858,doi:10.6035/14113.2021.95858,STM-METADATA-ES,metadata,es,7,0.2359407334805148,5,0.20666318656437732,0.029277546916137487,FALSE,TRUE,2021,La diversidad familiar en Educación Infantil. Propuestas inclusivas e interculturales,10.6035/14113.2021.95858,OpenAlex,metadata,1.9766062645641207
doi:10.53358/ecosacademia.v8i15.677,doi:10.53358/ecosacademia.v8i15.677,STM-METADATA-ES,metadata,es,10,0.46973510640966987,14,0.20124997437910572,0.2684851320305641,FALSE,FALSE,2022,Estudio sobre el liderazgo educativo en los directivos de la Unidad Educativa Julio María Matovelle de Puerto Bolívar,10.53358/ecosacademia.v8i15.677,OpenAlex,metadata,1.6781064311823652
doi:10.23824/ase.v0i37.750,doi:10.23824/ase.v0i37.750,STM-METADATA-ES,metadata,es,5,0.5248815269102901,14,0.24731242865587036,0.2775690982544198,FALSE,FALSE,2022,"Entrevista a D. Francisco Galván Palomo, inspector de educación jubilado",10.23824/ase.v0i37.750,OpenAlex,metadata,1.3601731774927257
doi:10.63415/saga.2025.43,doi:10.63415/saga.2025.43,STM-METADATA-ES,metadata,es,8,0.8373994089956905,14,0.11692792651727489,0.7204714824784156,FALSE,FALSE,2025,Gestión directiva y liderazgo educativo: Claves para la transformación institucional,10.63415/saga.2025.43,OpenAlex,metadata,0.6466884447713691
record:ee3cd9bd3fe2a56e9772274a,record:ee3cd9bd3fe2a56e9772274a,STM-METADATA-ES,metadata,es,14,0.3438284285541417,8,0.22853799791681906,0.11529043063732264,FALSE,FALSE,2020,"Teacher's pedagogical leadership: conceptions, elements and characteristics",NA,OpenAlex,metadata,1.8410394204298133
doi:10.26885/rcei.13.2.13,doi:10.26885/rcei.13.2.13,STM-METADATA-ES,metadata,es,14,0.7509958241835287,8,0.11229144505467804,0.6387043791288507,FALSE,FALSE,2024,Desafíos y estrategias del rol directivo en la función formativa: promoviendo el cambio y la innovación en equipos docentes,10.26885/rcei.13.2.13,OpenAlex,metadata,0.9832609257188087
doi:10.56712/latam.v4i5.1311,doi:10.56712/latam.v4i5.1311,STM-METADATA-ES,metadata,es,13,0.9706617384970294,2,0.008167405885837127,0.9624943326111923,FALSE,FALSE,2023,La privatización educativa como política encubierta. Un análisis del caso de Honduras,10.56712/latam.v4i5.1311,OpenAlex,metadata,0.19437490210687264
doi:10.17271/rlass.v4i15.4520,doi:10.17271/rlass.v4i15.4520,STM-METADATA-ES,metadata,es,7,0.44481206959589437,9,0.33426477929807213,0.11054729029782223,FALSE,FALSE,2023,Proyecto RenovAção: alianza multisectorial que promueve la educación ambiental en Escuelas de Educación Primaria,10.17271/rlass.v4i15.4520,OpenAlex,metadata,1.468379336892715
doi:10.63449/tembiakaaryrekvo.v4i1.45,doi:10.63449/tembiakaaryrekvo.v4i1.45,STM-METADATA-ES,metadata,es,15,0.7638730182343773,11,0.09621383394182659,0.6676591842925507,FALSE,FALSE,2025,O cinema como proposta didática para a mediação do processo ensino de língua espanhola no ensino médio,10.63449/tembiakaaryrekvo.v4i1.45,OpenAlex,metadata,0.9225546189757621
doi:10.33255/26184141/2437e0066,doi:10.33255/26184141/2437e0066,STM-METADATA-ES,metadata,es,13,0.9172677480491148,11,0.02228515406652272,0.8949825939825921,FALSE,FALSE,2026,"Corporaciones, petróleo y educación en Neuquén. El caso de Pan American Energy",10.33255/26184141/2437e0066,OpenAlex | CONICET Digital,metadata,0.4519391242783728
doi:10.52080/rvgluz.26.e5.5,doi:10.52080/rvgluz.26.e5.5,STM-METADATA-ES,metadata,es,2,0.4415171372508352,13,0.19542823717581717,0.24608890007501802,FALSE,FALSE,2021,Gestión educativa descentralizada con enfoque territorial,10.52080/rvgluz.26.e5.5,OpenAlex,metadata,1.6888700874664457
doi:10.51528/rp.vol8.id2191,doi:10.51528/rp.vol8.id2191,STM-METADATA-ES,metadata,es,12,0.9597150453405738,4,0.025417192408148728,0.9342978529324251,FALSE,FALSE,2021,Gestión educativa y liderazgo transformacional de los directivos en la educación básica regular,10.51528/rp.vol8.id2191,OpenAlex,metadata,0.2245072538032491
doi:10.48082/espacios-a20v41n44p01,doi:10.48082/espacios-a20v41n44p01,STM-METADATA-ES,metadata,es,2,0.27361268954831314,8,0.23554790131287157,0.03806478823544157,FALSE,TRUE,2020,Gestión educativa estratégica como eje para la transformación de comunidades de aprendizaje,10.48082/espacios-a20v41n44p01,OpenAlex,metadata,1.9890268306123542
doi:10.33386/593dp.2022.1-1.1008,doi:10.33386/593dp.2022.1-1.1008,STM-METADATA-ES,metadata,es,2,0.42996261679014586,6,0.20533334083605745,0.2246292759540884,FALSE,FALSE,2022,liderazgo transformacional y su incidencia en la gestión educativa de la escuela Héroes del Cenepa.,10.33386/593dp.2022.1-1.1008,OpenAlex,metadata,1.6444703597442922
doi:10.5281/zenodo.5874223,doi:10.5281/zenodo.5874223,STM-METADATA-ES,metadata,es,12,0.4176566300810468,2,0.3404424892549037,0.07721414082614309,FALSE,TRUE,2022,Gestión educativa y liderazgo educativo; las tic en la mejora de la competitividad.,10.5281/zenodo.5874223,OpenAlex,metadata,1.4751947894247306
doi:10.33262/ap.v5i3.374,doi:10.33262/ap.v5i3.374,STM-METADATA-ES,metadata,es,2,0.4449941090554701,4,0.24732345483542847,0.19767065422004163,FALSE,FALSE,2023,Gestión educativa y desempeño docente en las escuelas de Ecuador,10.33262/ap.v5i3.374,OpenAlex,metadata,1.7161229312112083
doi:10.33386/593dp.2021.1.457,doi:10.33386/593dp.2021.1.457,STM-METADATA-ES,metadata,es,2,0.37417476528539995,6,0.26597734846579985,0.1081974168196001,FALSE,FALSE,2020,El Liderazgo Transformacional en la Gestión Educativa en la Unidad Educativa República de Francia de Guayaquil,10.33386/593dp.2021.1.457,OpenAlex,metadata,1.6824536441905724
doi:10.33262/concienciadigital.v6i4.2701,doi:10.33262/concienciadigital.v6i4.2701,STM-METADATA-ES,metadata,es,2,0.5817403313059719,7,0.2579191288051605,0.3238212025008114,FALSE,FALSE,2023,Gestión educativa de la recreación infantil para escolares,10.33262/concienciadigital.v6i4.2701,OpenAlex,metadata,1.2045733103799519
doi:10.36996/delectus.v6i2.208,doi:10.36996/delectus.v6i2.208,STM-METADATA-ES,metadata,es,6,0.8175246236142991,16,0.11345430208574091,0.7040703215285582,FALSE,FALSE,2023,Gestión educativa desde la perspectiva epistemológica de la complejidad en la gerencia del siglo XXI,10.36996/delectus.v6i2.208,OpenAlex,metadata,0.7423071303622755
doi:10.19053/01201190.n31.2021.12702,doi:10.19053/01201190.n31.2021.12702,STM-METADATA-ES,metadata,es,2,0.3158120958963854,13,0.23777574747372685,0.07803634842265858,FALSE,TRUE,2021,Padres de familia en la gestión educativa de escuelas rurales,10.19053/01201190.n31.2021.12702,OpenAlex,metadata,1.7580107794821733
doi:10.37811/cl_rcm.v5i4.755,doi:10.37811/cl_rcm.v5i4.755,STM-METADATA-ES,metadata,es,12,0.5710452363103671,2,0.312837137338836,0.2582080989715311,FALSE,FALSE,2021,Gestión educativa y competencias profesionales directivas,10.37811/cl_rcm.v5i4.755,OpenAlex,metadata,1.1727658314083709
doi:10.4067/s0718-50062021000500107,doi:10.4067/s0718-50062021000500107,STM-METADATA-ES,metadata,es,6,0.873070871419728,12,0.04926963317872499,0.8238012382410029,FALSE,FALSE,2021,Gestión educativa para la sostenibilidad académica en Colombia,10.4067/s0718-50062021000500107,OpenAlex,metadata,0.5942621591414532
doi:10.15649/2346030x.3815,doi:10.15649/2346030x.3815,STM-METADATA-ES,metadata,es,6,0.6295145927972762,15,0.14827077522680432,0.48124381757047185,FALSE,FALSE,2024,Hacia una gestión educativa integral desde la teoría de la complejidad: Jornadas educativas regulares y extendidas,10.15649/2346030x.3815,OpenAlex,metadata,1.2394895678855375
doi:10.17163/uni.n35.2021.02,doi:10.17163/uni.n35.2021.02,STM-METADATA-ES,metadata,es,13,0.71876477386616,9,0.09589255712581936,0.6228722167403407,FALSE,FALSE,2021,Educomunicación e interculturalidad a partir de la gestión educativa con la radio,10.17163/uni.n35.2021.02,OpenAlex,metadata,1.1287046031859032
doi:10.29166/catedra.v5i2.3543,doi:10.29166/catedra.v5i2.3543,STM-METADATA-ES,metadata,es,4,0.3365223997437926,12,0.17457453015332294,0.16194786959046967,FALSE,FALSE,2022,Estrategias de gestión educativa para fortalecer la ética docente,10.29166/catedra.v5i2.3543,OpenAlex,metadata,2.009718435208991
doi:10.56712/latam.v4i4.1268,doi:10.56712/latam.v4i4.1268,STM-METADATA-ES,metadata,es,2,0.7131468338197867,16,0.18881342737807347,0.5243334064417132,FALSE,FALSE,2023,La importancia de la gestión educativa para lograr una educación de calidad: una revisión sistemática,10.56712/latam.v4i4.1268,OpenAlex,metadata,1.006371336942961
doi:10.33996/revistahorizontes.v6i25.418,doi:10.33996/revistahorizontes.v6i25.418,STM-METADATA-ES,metadata,es,2,0.47507940546724214,12,0.23067592988054228,0.24440347558669986,FALSE,FALSE,2022,La gestión educativa como factor de calidad en las instituciones educativas públicas,10.33996/revistahorizontes.v6i25.418,OpenAlex,metadata,1.566253494434808
doi:10.15517/rge.v8i1.51764,doi:10.15517/rge.v8i1.51764,STM-METADATA-ES,metadata,es,13,0.7730014424724518,2,0.10664618721711082,0.666355255255341,FALSE,FALSE,2022,Gestión educativa. Una mirada desde el paradigma de la complejidad,10.15517/rge.v8i1.51764,OpenAlex,metadata,0.8447079342675408
doi:10.33386/593dp.2021.2-1.532,doi:10.33386/593dp.2021.2-1.532,STM-METADATA-ES,metadata,es,4,0.27908028482390645,2,0.25590953915903425,0.023170745664872205,FALSE,TRUE,2021,La eficiencia de la gestión educativa y su impacto en la innovación del docente de la Institución Bárbara Alfaro,10.33386/593dp.2021.2-1.532,OpenAlex,metadata,1.7457047351038049
doi:10.29057/esat.v7i13.5296,doi:10.29057/esat.v7i13.5296,STM-METADATA-ES,metadata,es,2,0.4735846262239966,6,0.47317894935755767,4.056768664389421e-4,FALSE,TRUE,2020,Percepción en la implementación de modelos de gestión educativa en instituciones de educación superior,10.29057/esat.v7i13.5296,OpenAlex,metadata,0.983616177932196
doi:10.55867/libroqual23.01,doi:10.55867/libroqual23.01,STM-METADATA-ES,metadata,es,2,0.3124463273061189,16,0.3005625662576525,0.01188376104846639,FALSE,TRUE,2023,La gestión educativa en la educación escolarizada. Reflexiones teóricas para la práctica,10.55867/libroqual23.01,OpenAlex,metadata,1.8037706704957635
doi:10.56200/mried.v2i2especial.6988,doi:10.56200/mried.v2i2especial.6988,STM-METADATA-ES,metadata,es,16,0.7143192943905524,14,0.1446633076270294,0.569655986763523,FALSE,FALSE,2023,El liderazgo transformacional y la gestión educativa: su incidencia en los resultados que obtienen las instituciones educativas,10.56200/mried.v2i2especial.6988,OpenAlex,metadata,1.057178982864801
doi:10.37811/cl_rcm.v6i3.2246,doi:10.37811/cl_rcm.v6i3.2246,STM-METADATA-ES,metadata,es,12,0.479530163572897,2,0.1965373580574895,0.2829928055154075,FALSE,FALSE,2022,"Gestión educativa y desempeño laboral de los directores de instituciones educativas de la provincia de Aymaraes, 2022",10.37811/cl_rcm.v6i3.2246,OpenAlex,metadata,1.504602608192452
doi:10.15332/dt.inv.2020.01232,doi:10.15332/dt.inv.2020.01232,STM-METADATA-ES,metadata,es,2,0.3961649047419566,13,0.21432688684022777,0.18183801790172882,FALSE,FALSE,2020,"El liderazgo en la gestión educativa, una proeza del director educativo desde la perspectiva latina",10.15332/dt.inv.2020.01232,OpenAlex,metadata,1.6684107299481779
doi:10.37811/cl_rcm.v4i2.112,doi:10.37811/cl_rcm.v4i2.112,STM-METADATA-ES,metadata,es,4,0.3366877742374598,12,0.31873366498108413,0.017954109256375694,FALSE,TRUE,2020,"Modelo de gestión por resultados para mejorar la calidad de gasto en la Unidad de Gestión Educativa Local, San Martín",10.37811/cl_rcm.v4i2.112,OpenAlex,metadata,1.3741888461397764
doi:10.46932/sfjdv5n3-022,doi:10.46932/sfjdv5n3-022,STM-METADATA-ES,metadata,es,9,0.35073903461071076,10,0.31912193170803055,0.031617102902680216,FALSE,TRUE,2024,Integración de la inteligencia artificial en la gestión educativa: Factores pedagógicos y desempeño académico,10.46932/sfjdv5n3-022,OpenAlex,metadata,1.608309974606809
doi:10.35381/r.k.v8i17.3147,doi:10.35381/r.k.v8i17.3147,STM-METADATA-ES,metadata,es,2,0.5311976932686028,14,0.15272840910084878,0.378469284167754,FALSE,FALSE,2024,La gestión educativa como esencialidad en el desempeño docente y el aprendizaje en estudiantes,10.35381/r.k.v8i17.3147,OpenAlex,metadata,1.6250759100506067
doi:10.33996/warisata.v2i6.231,doi:10.33996/warisata.v2i6.231,STM-METADATA-ES,metadata,es,6,0.7447840894597529,12,0.16123611747105862,0.5835479719886943,FALSE,FALSE,2021,La planificación estratégica en la gestión educativa del director en instituciones de básica primaria,10.33996/warisata.v2i6.231,OpenAlex,metadata,0.9140854019600109
doi:10.24320/redie.2024.26.e01.5528,doi:10.24320/redie.2024.26.e01.5528,STM-METADATA-ES,metadata,es,13,0.5814154914386531,2,0.12351513247203032,0.4579003589666228,FALSE,FALSE,2024,Repensando la gestión educativa de la escuela en el contexto mapuche,10.24320/redie.2024.26.e01.5528,OpenAlex,metadata,1.5821606270790642
doi:10.51798/sijis.v3i2.335,doi:10.51798/sijis.v3i2.335,STM-METADATA-ES,metadata,es,2,0.5638840189583019,5,0.13654422230428423,0.42733979665401767,FALSE,FALSE,2022,"Una gestión educativa innovadora permite la construcción de procesos de enseñanza inclusivos, de calidad y creatividad",10.51798/sijis.v3i2.335,OpenAlex,metadata,1.4781218844952557
doi:10.59282/reincisol.v4(7)2014-2036,doi:10.59282/reincisol.v4(7)2014-2036,STM-METADATA-ES,metadata,es,8,0.3810774250616602,16,0.205385407086746,0.1756920179749142,FALSE,FALSE,2025,Estrategias de gestión educativa y su impacto en la calidad de la educación,10.59282/reincisol.v4(7)2014-2036,OpenAlex,metadata,1.5584328240652408
doi:10.47865/igob.vol4.2021.147,doi:10.47865/igob.vol4.2021.147,STM-METADATA-ES,metadata,es,12,0.4957968454023894,2,0.26688832237893384,0.22890852302345555,FALSE,FALSE,2021,Gestión educativa y percepción de la calidad del servicio educativo en una institución educativa. Región callao 2020. Estudio preliminar,10.47865/igob.vol4.2021.147,OpenAlex,metadata,1.3906561604525747
doi:10.46498/reduipb.v26i2.1714,doi:10.46498/reduipb.v26i2.1714,STM-METADATA-ES,metadata,es,12,0.3097493394320736,9,0.3019360700090778,0.007813269422995817,FALSE,TRUE,2022,La Tecnología de la Información y la Comunicación en el Desarrollo de la Gestión Educativa,10.46498/reduipb.v26i2.1714,OpenAlex,metadata,1.7727676163634336
doi:10.52936/p.v3i1.49,doi:10.52936/p.v3i1.49,STM-METADATA-ES,metadata,es,12,0.5916450203729187,10,0.2112807716710885,0.38036424870183017,FALSE,FALSE,2021,"Gestión educativa y satisfacción laboral, en los docentes de una asociación educativa en Lima",10.52936/p.v3i1.49,OpenAlex,metadata,1.186693830837159
doi:10.37811/cl_rcm.v7i2.5878,doi:10.37811/cl_rcm.v7i2.5878,STM-METADATA-ES,metadata,es,12,0.9255206783818624,4,0.043120762165879435,0.8823999162159829,FALSE,FALSE,2023,"Gestión educativa y calidad de locales escolares –UGEL San Martín, 2021",10.37811/cl_rcm.v7i2.5878,OpenAlex,metadata,0.3758538736646981
doi:10.46794/gacien.6.1.718,doi:10.46794/gacien.6.1.718,STM-METADATA-ES,metadata,es,12,0.5932890582874898,4,0.24234182244557254,0.3509472358419172,FALSE,FALSE,2020,"Clima organizacional y desempeño docente en instituciones educativas de la Unidad Gestión Educativa Local, Huánuco - 2017",10.46794/gacien.6.1.718,OpenAlex,metadata,1.063532434717475
doi:10.51431/bbf.v9i4.652,doi:10.51431/bbf.v9i4.652,STM-METADATA-ES,metadata,es,12,0.88781915164106,4,0.08333781934660348,0.8044813322944565,FALSE,FALSE,2020,"Liderazgo transformacional y gestión educativa en instituciones educativas nivel secundaria - Ugel Maynas - Loreto, 2018",10.51431/bbf.v9i4.652,OpenAlex,metadata,0.4697817507136472
doi:10.19136/pd.a30n71.3341,doi:10.19136/pd.a30n71.3341,STM-METADATA-ES,metadata,es,2,0.4770711704681874,6,0.137240034365706,0.3398311361024814,FALSE,FALSE,2020,La gestión educativa para incorporar TIC en bachilleratos rurales indígenas de Oaxaca,10.19136/pd.a30n71.3341,OpenAlex,metadata,1.7346297117969027
doi:10.5944/ried.27.1.37491,doi:10.5944/ried.27.1.37491,STM-METADATA-ES,metadata,es,9,0.6928025153867114,16,0.27721711106170316,0.4155854043250083,FALSE,FALSE,2023,Técnicas y aplicaciones del Machine Learning e Inteligencia Artificial en educación: una revisión sistemática,10.5944/ried.27.1.37491,OpenAlex,metadata,0.7820014205819854
doi:10.47865/igob.vol6.n23.2023.295,doi:10.47865/igob.vol6.n23.2023.295,STM-METADATA-ES,metadata,es,12,0.9338675672951025,4,0.018802740296732113,0.9150648269983703,FALSE,FALSE,2023,Liderazgo transformacional y gestión educativa en cuatro colegios de educación pública en Villa María del Triunfo. Lima,10.47865/igob.vol6.n23.2023.295,OpenAlex,metadata,0.37171729126078407
doi:10.47666/summa.3.1.19,doi:10.47666/summa.3.1.19,STM-METADATA-ES,metadata,es,14,0.41852394408618054,2,0.24525297211893665,0.1732709719672439,FALSE,FALSE,2021,Componentes de la gestión educativa aplicables por el equipo directivo,10.47666/summa.3.1.19,OpenAlex,metadata,1.62189200705682
doi:10.47865/igob.vol6.n22.2023.271,doi:10.47865/igob.vol6.n22.2023.271,STM-METADATA-ES,metadata,es,12,0.9128651291467568,6,0.04319309578076175,0.8696720333659951,FALSE,FALSE,2023,Gestión educativa y organización de la gestión de riesgo en las ie de la rei 03. Puente piedra. Lima.,10.47865/igob.vol6.n22.2023.271,OpenAlex,metadata,0.4265540306376356
doi:10.33386/593dp.2022.1-1.1034,doi:10.33386/593dp.2022.1-1.1034,STM-METADATA-ES,metadata,es,2,0.616515261768686,12,0.18957132799001408,0.4269439337786719,FALSE,FALSE,2022,gestión educativa y su relación con el liderazgo organizacional en la Unidad Educativa “11 de Octubre”.,10.33386/593dp.2022.1-1.1034,OpenAlex,metadata,1.2742550460017006
doi:10.37843/rted.v18i1.586,doi:10.37843/rted.v18i1.586,STM-METADATA-ES,metadata,es,12,0.6904563118401227,4,0.14612476698507157,0.5443315448550511,FALSE,FALSE,2025,Incidencia del Liderazgo Pedagógico y las Competencias Directivas en la Gestión Educativa,10.37843/rted.v18i1.586,OpenAlex,metadata,1.0106527721149425
doi:10.32654/concienciaepg.5-1.2,doi:10.32654/concienciaepg.5-1.2,STM-METADATA-ES,metadata,es,12,0.429470571281432,2,0.31799147945385947,0.11147909182757254,FALSE,FALSE,2020,Empoderamiento y liderazgo educativo en directores de la Unidad de Gestión Educativa Local de Ferreñafe,10.32654/concienciaepg.5-1.2,OpenAlex,metadata,1.3562215229999441
doi:10.46794/gacien.8.3.1708,doi:10.46794/gacien.8.3.1708,STM-METADATA-ES,metadata,es,12,0.3870306722932144,4,0.2898224457879944,0.09720822650522004,FALSE,TRUE,2022,"Análisis de la gestión administrativa en la Unidad de Gestión Educativa Local N.° 302, Leoncio Prado",10.46794/gacien.8.3.1708,OpenAlex,metadata,1.6738493229751268
doi:10.47865/igob.vol5.n17.2022.177,doi:10.47865/igob.vol5.n17.2022.177,STM-METADATA-ES,metadata,es,12,0.7901837869201374,10,0.13694512538686088,0.6532386615332765,FALSE,FALSE,2022,"Influencia de la gestión educativa en la convivencia escolar de instituciones educativas–Huancavelica, Perú",10.47865/igob.vol5.n17.2022.177,OpenAlex,metadata,0.7500877016574403
doi:10.35381/r.k.v6i4.1507,doi:10.35381/r.k.v6i4.1507,STM-METADATA-ES,metadata,es,2,0.31913885901850236,14,0.21840611118734732,0.10073274783115505,FALSE,FALSE,2021,Narrativa digital y gestión educativa: Estrategia para la motivación al quehacer docente,10.35381/r.k.v6i4.1507,OpenAlex,metadata,1.9251532460850385
doi:10.59659/revistatribunal.v5i12.241,doi:10.59659/revistatribunal.v5i12.241,STM-METADATA-ES,metadata,es,16,0.5016072020657389,5,0.20828032433638838,0.29332687772935057,FALSE,FALSE,2025,Gestión Educativa y Educación Inclusiva en Latinoamérica: Análisis Sistemático,10.59659/revistatribunal.v5i12.241,OpenAlex,metadata,1.47109862597051
doi:10.46377/dilemas.v9i.2906,doi:10.46377/dilemas.v9i.2906,STM-METADATA-ES,metadata,es,2,0.624350545298242,6,0.14334898582195413,0.48100155947628787,FALSE,FALSE,2021,La gestión educativa en la evaluación docente.,10.46377/dilemas.v9i.2906,OpenAlex,metadata,1.374792567831385
doi:10.69890/hallazgos21.v8i2.618,doi:10.69890/hallazgos21.v8i2.618,STM-METADATA-ES,metadata,es,2,0.7603196256819881,4,0.07761784383502443,0.6827017818469636,FALSE,FALSE,2023,El Colectivismo Docente como Herramienta de la Gestión Educativa en el Proceso de Enseñanza Aprendizaje en la Unidad Educativa Fiscal Fausto Molina,10.69890/hallazgos21.v8i2.618,OpenAlex,metadata,1.0646019667415092
doi:10.15443/tde1003,doi:10.15443/tde1003,STM-METADATA-ES,metadata,es,16,0.3932446044223748,13,0.22878687984401364,0.16445772457836116,FALSE,FALSE,2024,Resignificar el sentido de la gestión educativa: un desafío pendiente,10.15443/tde1003,OpenAlex,metadata,1.6492450074474667
doi:10.70577/reg.v4i2.112,doi:10.70577/reg.v4i2.112,STM-METADATA-ES,metadata,es,8,0.728820658651665,5,0.13854081880790056,0.5902798398437644,FALSE,FALSE,2025,"Transformación de la gestión educativa hacia escuelas del siglo XXI: inclusivas, innovadoras y capaces de afrontar desafíos.",10.70577/reg.v4i2.112,OpenAlex,metadata,1.0175065197745412
doi:10.35381/cm.v8i3.793,doi:10.35381/cm.v8i3.793,STM-METADATA-ES,metadata,es,2,0.3359365323613519,16,0.2804061779451215,0.05553035441623039,FALSE,TRUE,2022,La cultura organizacional en la gestión educativa,10.35381/cm.v8i3.793,OpenAlex,metadata,1.7225673260429402
doi:10.55560/arete.2022.15.8.2,doi:10.55560/arete.2022.15.8.2,STM-METADATA-ES,metadata,es,15,0.41107320798354574,4,0.15436989727508296,0.25670331070846275,FALSE,FALSE,2022,Estado de formación y desarrollo en gestión educativa de los directores escolares. Caso de estudio distrito de educación Manta,10.55560/arete.2022.15.8.2,OpenAlex,metadata,1.7522024349517433
doi:10.61384/r.c.a..v4i3.463,doi:10.61384/r.c.a..v4i3.463,STM-METADATA-ES,metadata,es,8,0.4896781396757011,2,0.17763281746844176,0.31204532220725933,FALSE,FALSE,2021,Estrategias de Innovación en la Gestión Educativa: Caminos hacia la Excelencia Académica,10.61384/r.c.a..v4i3.463,OpenAlex,metadata,1.6075123570028116
doi:10.37811/cl_rcm.v8i5.13719,doi:10.37811/cl_rcm.v8i5.13719,STM-METADATA-ES,metadata,es,4,0.47773263707340186,6,0.1950367957584455,0.28269584131495634,FALSE,FALSE,2024,Gestión educativa y su influencia en el desempeño docente en instituciones de educación general básica,10.37811/cl_rcm.v8i5.13719,OpenAlex,metadata,1.5114319207858375
doi:10.31876/rcs.v30i3.42697,doi:10.31876/rcs.v30i3.42697,STM-METADATA-ES,metadata,es,6,0.3199438121518927,9,0.2495948392102492,0.07034897294164352,FALSE,TRUE,2024,Inteligencia artificial como mecanismo para mejorar la gestión educativa universitaria,10.31876/rcs.v30i3.42697,OpenAlex,metadata,1.5565186410498897
doi:10.19053/20278306.v12.n2.2022.15261,doi:10.19053/20278306.v12.n2.2022.15261,STM-METADATA-ES,metadata,es,6,0.7396788841361648,2,0.09886948515090906,0.6408093989852557,FALSE,FALSE,2022,"Gestión educativa y eficiencia técnica en instituciones oficiales con educación media en Florencia, Caquetá, Colombia",10.19053/20278306.v12.n2.2022.15261,OpenAlex,metadata,1.0343430956931114
doi:10.47865/igob.vol4.2021.145,doi:10.47865/igob.vol4.2021.145,STM-METADATA-ES,metadata,es,2,0.5285350364912832,12,0.36482403424552684,0.16371100224575635,FALSE,FALSE,2021,Proyecto educativo institucional en el marco de la calidad en la gestión educativa en una institución educativa. Ugel 03. Lima 2020. Estudio preliminar,10.47865/igob.vol4.2021.145,OpenAlex,metadata,1.1642738239797434
doi:10.31219/osf.io/z2y7c,doi:10.31219/osf.io/z2y7c,STM-METADATA-ES,metadata,es,9,0.8507910581855087,2,0.12331797070788078,0.727473087477628,FALSE,FALSE,2023,La Inteligencia Artificial al servicio de la gestión y la implementación en la educación,10.31219/osf.io/z2y7c,OpenAlex,metadata,0.5531273903319134
doi:10.14393/er-v27nea2020-1,doi:10.14393/er-v27nea2020-1,STM-METADATA-ES,metadata,es,6,0.6949290277294656,4,0.17291983903055683,0.5220091886989088,FALSE,FALSE,2020,"Percepción, disposición y compromiso docente de las prácticas de gestión educativa en universidades mexicanas",10.14393/er-v27nea2020-1,OpenAlex,metadata,1.056150711741801
doi:10.33386/593dp.2022.1-1.1010,doi:10.33386/593dp.2022.1-1.1010,STM-METADATA-ES,metadata,es,2,0.8125526424232898,16,0.1425541106279824,0.6699985317953074,FALSE,FALSE,2022,gestión educativa que impulsa a los neobachilleres para enfrentar los retos de la sociedad,10.33386/593dp.2022.1-1.1010,OpenAlex,metadata,0.6896440894116229
doi:10.56200/mried.v2iespecial.6470,doi:10.56200/mried.v2iespecial.6470,STM-METADATA-ES,metadata,es,6,0.6847486789012206,2,0.13866530563582682,0.5460833732653938,FALSE,FALSE,2023,"Factores que intervienen en la gestión educativa, del centro María Antonia Gómez Tamayo República Dominicana",10.56200/mried.v2iespecial.6470,OpenAlex,metadata,1.165578378132751
doi:10.18537/ripa.15.02,doi:10.18537/ripa.15.02,STM-METADATA-ES,metadata,es,2,0.5698221515664313,13,0.1474888109378642,0.42233334062856714,FALSE,FALSE,2024,La gestión educativa en el currículo de la asignatura de Educación Cultural y Artística,10.18537/ripa.15.02,OpenAlex,metadata,1.5002268981351754
doi:10.23857/dc.v7i1.1766,doi:10.23857/dc.v7i1.1766,STM-METADATA-ES,metadata,es,6,0.27065432913407567,15,0.2601361046786803,0.010518224455395353,FALSE,TRUE,2021,Nuevo modelo nacional de supervisión a la gestión educativa ecuatoriana,10.23857/dc.v7i1.1766,OpenAlex,metadata,1.9138833878328594
doi:10.36901/em.v9i1.1566,doi:10.36901/em.v9i1.1566,STM-METADATA-ES,metadata,es,8,0.27658231203459394,7,0.16176797001528187,0.11481434201931207,FALSE,FALSE,2023,Dinámicas de participación y comunicación en la gestión educativa en tiempos de crisis: perspectivas desde una comunidad de Mórrope (Perú),10.36901/em.v9i1.1566,OpenAlex,metadata,2.1697018906424352
doi:10.33386/593dp.2021.1.456,doi:10.33386/593dp.2021.1.456,STM-METADATA-ES,metadata,es,2,0.8166827004845046,13,0.037409937781779555,0.779272762702725,FALSE,FALSE,2020,La formación de habilidades investigativas en estudiantes de la Universidad de Especialidades Espíritu Santo (UEES) de la Maestría en Gestión Educativa (MGE),10.33386/593dp.2021.1.456,OpenAlex,metadata,0.9230463809745102
doi:10.21830/9789585241459,doi:10.21830/9789585241459,STM-METADATA-ES,metadata,es,15,0.7111176783741003,13,0.21236264258472287,0.49875503578937747,FALSE,FALSE,2020,"Práctica pedagógica en el Ejército Nacional de Colombia: Reflexiones en torno a la formación, gestión educativa y la investigación",10.21830/9789585241459,OpenAlex,metadata,0.912061641841393
doi:10.31637/epsir-2026-1649,doi:10.31637/epsir-2026-1649,STM-METADATA-ES,metadata,es,9,0.8952640527048904,4,0.036357570871880414,0.85890648183301,FALSE,FALSE,2025,Análisis de plataformas de gestión educativa. Visiones de los agentes educativos,10.31637/epsir-2026-1649,OpenAlex,metadata,0.5548678919504096
doi:10.70577/reg.v4i2.104,doi:10.70577/reg.v4i2.104,STM-METADATA-ES,metadata,es,8,0.6503103490456695,5,0.1341929475914113,0.5161174014542582,FALSE,FALSE,2025,"Transformación de la gestión educativa para construir escuelas innovadoras, inclusivas y resilientes en el siglo XXI",10.70577/reg.v4i2.104,OpenAlex,metadata,1.1814957608211456
doi:10.37811/cl_rcm.v7i1.4568,doi:10.37811/cl_rcm.v7i1.4568,STM-METADATA-ES,metadata,es,12,0.42061126866334325,2,0.31247729143192604,0.10813397723141721,FALSE,FALSE,2023,"Modelo de habilidades gerenciales para mejorar la gestión educativa en educación regular, provincia de Guayas - Ecuador 2023",10.37811/cl_rcm.v7i1.4568,OpenAlex,metadata,1.433067665921827
doi:10.15381/rpiiedu.v3i1.23676,doi:10.15381/rpiiedu.v3i1.23676,STM-METADATA-ES,metadata,es,2,0.42206855060324433,6,0.19583869575329907,0.22622985484994526,FALSE,FALSE,2023,"Gestión Educativa, una forma de alcanzar la calidad en los servicios educativos",10.15381/rpiiedu.v3i1.23676,OpenAlex,metadata,1.789327280691241
doi:10.14483/22486798.22039,doi:10.14483/22486798.22039,STM-METADATA-ES,metadata,es,9,0.49624880011885836,16,0.3179222510808282,0.17832654903803014,FALSE,FALSE,2024,Inteligencia artificial (IA) en las escuelas: una revisión sistemática (2019-2023),10.14483/22486798.22039,OpenAlex,metadata,1.2436405602472553
doi:10.37811/cl_rcm.v8i4.13581,doi:10.37811/cl_rcm.v8i4.13581,STM-METADATA-ES,metadata,es,2,0.6534032593542022,15,0.09658627221756964,0.5568169871366325,FALSE,FALSE,2024,Formación Académica Indispensable para Ejercer Gestión Educativa en la Sección Primaria y Secundaria,10.37811/cl_rcm.v8i4.13581,OpenAlex,metadata,1.350063705886221
doi:10.56712/latam.v6i2.3800,doi:10.56712/latam.v6i2.3800,STM-METADATA-ES,metadata,es,16,0.47835161557697037,8,0.4628665085460053,0.015485107030965062,FALSE,TRUE,2025,Modelos de gestión educativa integral y su efectividad en la promoción de la calidad educativa. Revisión sistemática,10.56712/latam.v6i2.3800,OpenAlex,metadata,0.9883214093001773
doi:10.47606/acven/ph0132,doi:10.47606/acven/ph0132,STM-METADATA-ES,metadata,es,2,0.7512278466198369,4,0.13448278683338377,0.6167450597864531,FALSE,FALSE,2022,DESARROLLO SOSTENIBLE Y GESTIÓN EDUCATIVA ACCIONES INTEGRADAS PARA EL MANEJO MEDIO AMBIENTALES EN LA UNIDAD EDUCATIVA “JOSÉ DOMINGO FERAUD GUZMÁN”,10.47606/acven/ph0132,OpenAlex,metadata,0.976480691109803
doi:10.63526/pt.v3i10.84,doi:10.63526/pt.v3i10.84,STM-METADATA-ES,metadata,es,2,0.4509531341486988,9,0.29489528122037223,0.15605785292832658,FALSE,FALSE,2024,Evaluación del Impacto de un Sistema de Registro Académico en la Gestión Educativa Caso de la Institución Pérez y Aldana,10.63526/pt.v3i10.84,OpenAlex,metadata,1.3832484735739772
doi:10.55867/qual27.09,doi:10.55867/qual27.09,STM-METADATA-ES,metadata,es,2,0.5612675693200619,14,0.17477953186378167,0.38648803745628024,FALSE,FALSE,2024,Direccionamiento estratégico de la gestión educativa en las instituciones del siglo XXI,10.55867/qual27.09,OpenAlex,metadata,1.3382614488904938
record:719182e0ad320fd9c529afbb,record:719182e0ad320fd9c529afbb,STM-METADATA-ES,metadata,es,6,0.3728036926314925,16,0.2564061814120703,0.11639751121942221,FALSE,FALSE,2020,Gestión educativa para una educación de calidad,NA,OpenAlex,metadata,1.6579386527723743
doi:10.61285/r.e.l.-uisil.v7i02.112,doi:10.61285/r.e.l.-uisil.v7i02.112,STM-METADATA-ES,metadata,es,2,0.5158244899406768,14,0.278381033343029,0.23744345659764776,FALSE,FALSE,2023,El liderazgo transformacional en la gestión educativa:,10.61285/r.e.l.-uisil.v7i02.112,OpenAlex,metadata,1.3116828605638413
doi:10.30972/riie.16228044,doi:10.30972/riie.16228044,STM-METADATA-ES,metadata,es,3,0.4057858003687401,13,0.23959697151124204,0.16618882885749808,FALSE,FALSE,2024,"La gestión educativa de la escuela secundaria: aportes desde la perspectiva de directivos de la provincia de Buenos Aires, entre 2010 y 2020",10.30972/riie.16228044,OpenAlex,metadata,1.5837501944592656
doi:10.1590/s0104-403620210002902889,doi:10.1590/s0104-403620210002902889,STM-METADATA-ES,metadata,es,9,0.4026320097223865,15,0.24816063049983397,0.15447137922255252,FALSE,FALSE,2021,Evaluación del proceso de gestión educativa para la integración de modelos didácticos mediados por TIC: un estudio de caso múltiple,10.1590/s0104-403620210002902889,OpenAlex,metadata,1.7987635061539375
doi:10.33386/593dp.2023.4.1919,doi:10.33386/593dp.2023.4.1919,STM-METADATA-ES,metadata,es,2,0.8491608520299253,4,0.040761588745578406,0.8083992632843469,FALSE,FALSE,2023,La Creatividad de la Gestión Educativa ante los Nuevos Desafíos de los Estándares de Calidad en la Unidad Educativa Fiscomisional “Nuevo Ecuador”,10.33386/593dp.2023.4.1919,OpenAlex,metadata,0.7425452609158989
doi:10.55813/gaea/ccri/v5/n2/538,doi:10.55813/gaea/ccri/v5/n2/538,STM-METADATA-ES,metadata,es,9,0.8271857623025861,16,0.1078857176204155,0.7193000446821706,FALSE,FALSE,2024,Aplicación de la gestión educativa con inteligencia artificial en la enseñanza en educación superior y las ciencias sociales,10.55813/gaea/ccri/v5/n2/538,OpenAlex,metadata,0.6949845520156518
doi:10.37177/unicen/eb31-292,doi:10.37177/unicen/eb31-292,STM-METADATA-ES,metadata,es,7,0.4798641154365955,13,0.37120360440354494,0.10866051103305058,FALSE,FALSE,2020,Autonomía y gobierno en la gestión educativa social y cooperativa de la provincia de Chaco desde la Ley Nacional de Educación a la actualidad,10.37177/unicen/eb31-292,OpenAlex,metadata,1.3083168282166542
doi:10.33386/593dp.2022.1-1.997,doi:10.33386/593dp.2022.1-1.997,STM-METADATA-ES,metadata,es,2,0.47787712418325956,9,0.16814813035781925,0.3097289938254403,FALSE,FALSE,2022,Modelo teórico para la estimulación de la inteligencia emocional como eje transversal en la gestión educativa.,10.33386/593dp.2022.1-1.997,OpenAlex,metadata,1.7168416398654285
doi:10.47865/igob.vol6.n24.2023.305,doi:10.47865/igob.vol6.n24.2023.305,STM-METADATA-ES,metadata,es,12,0.6026931282396161,6,0.29364808014563204,0.30904504809398403,FALSE,FALSE,2023,Gestión educativa y calidad de los servicios educativos de cuatro instituciones educativas públicas. Villa maría del triunfo. Lima,10.47865/igob.vol6.n24.2023.305,OpenAlex,metadata,1.0867561334982192
doi:10.5212/praxeduc.v.19.22824.024,doi:10.5212/praxeduc.v.19.22824.024,STM-METADATA-ES,metadata,es,11,0.32283618635829786,7,0.2978441364825916,0.024992049875706246,FALSE,TRUE,2024,Gestión educativa intercultural bilingüe en instituciones rurales peruanas en tiempos de Covid-19,10.5212/praxeduc.v.19.22824.024,OpenAlex,metadata,1.8321121741524835
doi:10.35622/j.rg.2022.02.001,doi:10.35622/j.rg.2022.02.001,STM-METADATA-ES,metadata,es,2,0.3437463341762674,14,0.3020105882758282,0.04173574590043916,FALSE,TRUE,2022,El clima escolar desde la gestión directiva en Latinoamérica: una revisión de la producción académica,10.35622/j.rg.2022.02.001,OpenAlex,metadata,1.7448293198106808
doi:10.4067/s0718-07052024000200319,doi:10.4067/s0718-07052024000200319,STM-METADATA-ES,metadata,es,4,0.2570822602785349,14,0.2187676355662862,0.038314624712248724,FALSE,TRUE,2024,Gestión educativa basada en evidencias para la mejora escolar,10.4067/s0718-07052024000200319,OpenAlex,metadata,2.199992110131682
doi:10.52080/rvgluz.27.7.16,doi:10.52080/rvgluz.27.7.16,STM-METADATA-ES,metadata,es,13,0.3842732422329899,7,0.32710059447888234,0.057172647754107575,FALSE,TRUE,2022,Educación y gestión en tiempos de pospandemia,10.52080/rvgluz.27.7.16,OpenAlex,metadata,1.5887063233840897
doi:10.18050/ucv-scientia.v11i1.2403,doi:10.18050/ucv-scientia.v11i1.2403,STM-METADATA-ES,metadata,es,6,0.4811803260573996,12,0.4486334892977878,0.032546836759611786,FALSE,TRUE,2020,"Gestión educativa que desarrollan los directores de las instituciones públicas de educación básica regular en el distrito de Trujillo, 2016.",10.18050/ucv-scientia.v11i1.2403,OpenAlex,metadata,1.0111477116311436
doi:10.46498/reduipb.v24i2.1330,doi:10.46498/reduipb.v24i2.1330,STM-METADATA-ES,metadata,es,2,0.6486459303811324,13,0.11500625734191203,0.5336396730392203,FALSE,FALSE,2020,Gerencia educativa: Transformación e innovación,10.46498/reduipb.v24i2.1330,OpenAlex,metadata,1.3835578897960643
doi:10.35381/r.k.v8i17.3144,doi:10.35381/r.k.v8i17.3144,STM-METADATA-ES,metadata,es,12,0.8435803062354367,4,0.13119405318551408,0.7123862530499225,FALSE,FALSE,2024,Meritocracia y desempeño laboral en una unidad de gestión educativa local,10.35381/r.k.v8i17.3144,OpenAlex,metadata,0.5509069048011193
doi:10.18800/cige2020.003,doi:10.18800/cige2020.003,STM-METADATA-ES,metadata,es,2,0.3273497072077345,7,0.23315880838029154,0.09419089882744294,FALSE,TRUE,2021,"Gestión Educativa en tiempos de pandemia de la región Puno, 2020",10.18800/cige2020.003,OpenAlex,metadata,1.9620444254531015
doi:10.11144/javeriana.10554.51923,doi:10.11144/javeriana.10554.51923,STM-METADATA-ES,metadata,es,16,0.3808576664100866,15,0.18437805081267214,0.19647961559741448,FALSE,FALSE,2020,Orientaciones para la gestión del Sistema Educativo de la Arquidiócesis de Bogotá (SEAB). Sistema Educativo de la Arquidiócesis de Bogotá (SEAB) : modelos de gestión educativa,10.11144/javeriana.10554.51923,OpenAlex,metadata,1.879388820576429
doi:10.15446/innovar.v30n77.87453,doi:10.15446/innovar.v30n77.87453,STM-METADATA-ES,metadata,es,6,0.2698604424144813,12,0.26468993848629163,0.005170503928189685,FALSE,TRUE,2020,El perfil de gestión del directivo docente de Antioquia y los enfoques de gestión administrativa,10.15446/innovar.v30n77.87453,OpenAlex,metadata,2.0222055059366584
doi:10.48162/rev.36.074,doi:10.48162/rev.36.074,STM-METADATA-ES,metadata,es,5,0.9744580494166587,2,0.0041919169986462355,0.9702661324180125,FALSE,FALSE,2023,Experiencias vividas en la gestión educativa de las políticas de inclusión digital,10.48162/rev.36.074,OpenAlex,metadata,0.18086851720704744
doi:10.18800/cige2020.005,doi:10.18800/cige2020.005,STM-METADATA-ES,metadata,es,11,0.5859976671950172,7,0.1609827417567957,0.4250149254382215,FALSE,FALSE,2021,Implementando una gestión pública en la unidad de gestión educativa local de Castrovirreyna,10.18800/cige2020.005,OpenAlex,metadata,1.4173742427673686
doi:10.70141/mamakuna.24.1046,doi:10.70141/mamakuna.24.1046,STM-METADATA-ES,metadata,es,10,0.26907211481103244,8,0.26838254708280174,6.895677282307e-4,FALSE,TRUE,2025,Gestión educativa: retos y desafíos en la transformación de la educación básica pública,10.70141/mamakuna.24.1046,OpenAlex,metadata,1.9331986950532476
doi:10.62465/rti.v2n2.2023.34,doi:10.62465/rti.v2n2.2023.34,STM-METADATA-ES,metadata,es,9,0.790001720733095,16,0.17680668276524447,0.6131950379678506,FALSE,FALSE,2023,Ventajas y desventajas del uso de las Herramientas de Inteligencia artificial en la educación,10.62465/rti.v2n2.2023.34,OpenAlex,metadata,0.6739805194010619
doi:10.22325/fes/res.2022.122,doi:10.22325/fes/res.2022.122,STM-METADATA-ES,metadata,es,14,0.8228026304926386,13,0.06248891543886691,0.7603137150537717,FALSE,FALSE,2022,La segregación escolar en familias inmigradas: clase social y estatus migratorio,10.22325/fes/res.2022.122,OpenAlex,metadata,0.8180684655425762
doi:10.37811/cl_rcm.v5i2.329,doi:10.37811/cl_rcm.v5i2.329,STM-METADATA-ES,metadata,es,12,0.6074577190893039,4,0.27851576804624006,0.32894195104306384,FALSE,FALSE,2021,La calidad de servicio y la satisfacción de los usuarios de la Unidad de Gestión Educativa Local 01 – San Juan de Miraflores,10.37811/cl_rcm.v5i2.329,OpenAlex,metadata,1.0887295552386875
doi:10.15517/rge.v10i1.57522,doi:10.15517/rge.v10i1.57522,STM-METADATA-ES,metadata,es,14,0.7208905257098035,2,0.23646120808471408,0.48442931762508945,FALSE,FALSE,2023,"Gestión de los centros educativos de secundaria con recursos en la potestad discrecional, el quehacer de la coordinación académica y el liderazgo educativo",10.15517/rge.v10i1.57522,OpenAlex,metadata,0.8132887470541316
doi:10.15381/rpiiedu.v1i1.20670,doi:10.15381/rpiiedu.v1i1.20670,STM-METADATA-ES,metadata,es,6,0.6162772209616448,14,0.16101523443408808,0.4552619865275568,FALSE,FALSE,2021,Estilos de liderazgo del director educativo,10.15381/rpiiedu.v1i1.20670,OpenAlex,metadata,1.2337140040167618
doi:10.24320/redie.2023.25.e08.4215,doi:10.24320/redie.2023.25.e08.4215,STM-METADATA-ES,metadata,es,14,0.4359829578757339,8,0.19799503648995867,0.2379879213857752,FALSE,FALSE,2023,Autopercepción de las prácticas de liderazgo directivo-educativo en territorios de diversidad cultural,10.24320/redie.2023.25.e08.4215,OpenAlex,metadata,1.6349825664235649
doi:10.62574/rmpi.v4i1.95,doi:10.62574/rmpi.v4i1.95,STM-METADATA-ES,metadata,es,2,0.2488310518439059,1,0.19665735263811046,0.052173699205795426,FALSE,TRUE,2024,Habilidades directivas y comunicación organizacional interna en organización educativa en contextos desafiantes [Management skills and internal organizational communication in educational organizations in challenging contexts],10.62574/rmpi.v4i1.95,OpenAlex,metadata,1.9347595161425934
doi:10.37073/puriq.4.325,doi:10.37073/puriq.4.325,STM-METADATA-ES,metadata,es,16,0.5078972562489054,14,0.18657669638643803,0.3213205598624673,FALSE,FALSE,2022,Liderazgo directivo en la educación básica de la región latinoamericana,10.37073/puriq.4.325,OpenAlex,metadata,1.5819875656113356
doi:10.37811/cl_rcm.v8i3.12361,doi:10.37811/cl_rcm.v8i3.12361,STM-METADATA-ES,metadata,es,2,0.6159359579409885,16,0.09558078920961431,0.5203551687313742,FALSE,FALSE,2024,La Gestión Educativa y su Incidencia en el Rendimiento Académico de los Estudiantes de la Unidad Educativa Arturo Borja – Quito,10.37811/cl_rcm.v8i3.12361,OpenAlex,metadata,1.4379177379956716
doi:10.23850/25907441.4392,doi:10.23850/25907441.4392,STM-METADATA-ES,metadata,es,6,0.5396147758347727,5,0.19187790051416867,0.34773687532060404,FALSE,FALSE,2022,Retos para la gestión de las instituciones de educación básica y media,10.23850/25907441.4392,OpenAlex,metadata,1.5111155037193165
doi:10.15517/revedu.v47i1.51724,doi:10.15517/revedu.v47i1.51724,STM-METADATA-ES,metadata,es,5,0.49686135136045395,16,0.26136516914667596,0.235496182213778,FALSE,FALSE,2023,Alimentación escolar y educación alimentaria: tendencias recientes en la investigación en América Latina entre 2005 y 2021,10.15517/revedu.v47i1.51724,OpenAlex | CONICET Digital,metadata,1.3510067134821724
doi:10.26620/uniminuto.perspectivas.7.22.2022.146-156,doi:10.26620/uniminuto.perspectivas.7.22.2022.146-156,STM-METADATA-ES,metadata,es,2,0.9035512118949831,14,0.04115605258764168,0.8623951593073415,FALSE,FALSE,2023,Investigación en la gestión de la educación: sus aportes en la solución de problemas dentro del centro escolar,10.26620/uniminuto.perspectivas.7.22.2022.146-156,OpenAlex,metadata,0.5129167822216026
doi:10.22352/saustral20222806,doi:10.22352/saustral20222806,STM-METADATA-ES,metadata,es,11,0.2355629014814764,15,0.20083512784365207,0.03472777363782434,FALSE,TRUE,2022,"Roles docentes en la retención escolar de estudiantes de enseñanza media de la Región de Valparaíso: Lo pedagógico, lo emocional y lo colaborativo",10.22352/saustral20222806,OpenAlex,metadata,1.9748872714999592
doi:10.31948/rev.unimar/unimar41-2-art11,doi:10.31948/rev.unimar/unimar41-2-art11,STM-METADATA-ES,metadata,es,2,0.6845350787310444,13,0.11216769630600001,0.5723673824250444,FALSE,FALSE,2023,Desafíos actuales de la planificación educativa en Colombia,10.31948/rev.unimar/unimar41-2-art11,OpenAlex,metadata,1.271126713812844
doi:10.4438/1988-592x-re-2021-393-487,doi:10.4438/1988-592x-re-2021-393-487,STM-METADATA-ES,metadata,es,2,0.41328023360726723,15,0.27438636518072385,0.1388938684265434,FALSE,FALSE,2021,Aplicación de un análisis de importancia y realización de competencias para la identificación de prioridades en la formación docente,10.4438/1988-592x-re-2021-393-487,OpenAlex,metadata,1.5627821794672956
doi:10.37956/jbes.v0i0.206,doi:10.37956/jbes.v0i0.206,STM-METADATA-ES,metadata,es,16,0.9345901909551982,2,0.03384594611571616,0.9007442448394821,FALSE,FALSE,2021,Gestión directiva y clima organizacional en las Instituciones Educativas de América Latina,10.37956/jbes.v0i0.206,OpenAlex,metadata,0.35834830973062937
doi:10.61368/r.s.d.h.v5i3.292,doi:10.61368/r.s.d.h.v5i3.292,STM-METADATA-ES,metadata,es,8,0.6009917714246704,9,0.19617280802451187,0.40481896340015855,FALSE,FALSE,2024,Innovación y Gestión en la Educación: Estrategias para el Siglo XXI,10.61368/r.s.d.h.v5i3.292,OpenAlex,metadata,1.227404573924173
doi:10.37811/cl_rcm.v6i4.2613,doi:10.37811/cl_rcm.v6i4.2613,STM-METADATA-ES,metadata,es,12,0.6033525657119959,4,0.1606012753956109,0.44275129031638505,FALSE,FALSE,2022,"Gestión administrativa, habilidades gerenciales y desempeño laboral en Ugel, región Lima provincias",10.37811/cl_rcm.v6i4.2613,OpenAlex,metadata,1.22808461006377
doi:10.11144/javeriana.m16.icge,doi:10.11144/javeriana.m16.icge,STM-METADATA-ES,metadata,es,7,0.48961960543028615,13,0.21575766400120697,0.27386194142907916,FALSE,FALSE,2023,Impacto del COVID-19 en la gestión de escuelas rurales de Chile,10.11144/javeriana.m16.icge,OpenAlex,metadata,1.6247752684193457
doi:10.26490/uncp.horizonteciencia.2021.20.784,doi:10.26490/uncp.horizonteciencia.2021.20.784,STM-METADATA-ES,metadata,es,14,0.5547900562061162,12,0.16830505187177852,0.3864850043343377,FALSE,FALSE,2021,Factores organizacionales en una institución educativa privada del Callao-Perú,10.26490/uncp.horizonteciencia.2021.20.784,OpenAlex,metadata,1.4163980446987672
doi:10.14201/aula2021276179,doi:10.14201/aula2021276179,STM-METADATA-ES,metadata,es,7,0.6251225396220415,14,0.1010164710949823,0.5241060685270591,FALSE,FALSE,2021,La evolución de una revista en papel a digital: de Organización y Gestión Educativa (OGE) a Dirección y Liderazgo Educativo (DYLE) del Fórum Europeo de administradores de la Educación,10.14201/aula2021276179,OpenAlex,metadata,1.4182660752211065
doi:10.33996/revistahorizontes.v8i34.836,doi:10.33996/revistahorizontes.v8i34.836,STM-METADATA-ES,metadata,es,16,0.641646123268433,14,0.27028302118182873,0.3713631020866042,FALSE,FALSE,2024,Liderazgo directivo en instituciones de educación básica y media: Revisión sistemática,10.33996/revistahorizontes.v8i34.836,OpenAlex,metadata,1.0296921620332005
doi:10.11144/javeriana.10554.219,doi:10.11144/javeriana.10554.219,STM-METADATA-ES,metadata,es,10,0.32939045499546177,2,0.3157781958780492,0.013612259117412595,FALSE,TRUE,2020,"Diseño de una estrategia de gestión educativa para mejorar los niveles de convivencia en el Colegio Rafael Uribe Uribe de Ciudad Bolívar, en la jornada de la mañana",10.11144/javeriana.10554.219,OpenAlex,metadata,1.695159663336801
doi:10.1590/es.275574,doi:10.1590/es.275574,STM-METADATA-ES,metadata,es,6,0.41676313051583147,10,0.20460321932135758,0.2121599111944739,FALSE,FALSE,2024,RELACIONES DEMOCRÁTICAS ENTRE ESCUELA Y COMUNIDAD: ANÁLISIS DE UN PROCESO DELIBERATIVO,10.1590/es.275574,OpenAlex,metadata,1.8265729729195546
doi:10.33996/revistahorizontes.v6i25.443,doi:10.33996/revistahorizontes.v6i25.443,STM-METADATA-ES,metadata,es,12,0.39704385907973344,4,0.34091991626137097,0.05612394281836247,FALSE,TRUE,2022,Liderazgo transformacional directivo y trabajo colaborativo docente en una institución educativa pública del Perú,10.33996/revistahorizontes.v6i25.443,OpenAlex,metadata,1.3962931353243193
doi:10.37073/puriq.5.440,doi:10.37073/puriq.5.440,STM-METADATA-ES,metadata,es,14,0.23775747179125523,12,0.20539476928823464,0.03236270250302059,FALSE,TRUE,2023,Desempeño de directivos en redes educativas rurales en el nivel inicial,10.37073/puriq.5.440,OpenAlex,metadata,2.000184265252085
doi:10.37292/riccva.v5i1.168,doi:10.37292/riccva.v5i1.168,STM-METADATA-ES,metadata,es,12,0.9715064934505193,4,0.015050653491738012,0.9564558399587813,FALSE,FALSE,2020,LIDERAZGO DIRECTIVO Y GESTIÓN ADMINISTRATIVA DE LAS INSTITUCIONES EDUCATIVAS PÚBLICAS DEL NIVEL INICIAL UGEL 01 DE LIMA,10.37292/riccva.v5i1.168,OpenAlex,metadata,0.17527268356736148
doi:10.37135/chk.002.19.13,doi:10.37135/chk.002.19.13,STM-METADATA-ES,metadata,es,16,0.5045945065546261,2,0.19016240814977892,0.3144320984048472,FALSE,FALSE,2022,APROXIMACIONES TEÓRICAS Y METODOLÓGICAS PARA LA GESTIÓN DE LA INVESTIGACIÓN FORMATIVA,10.37135/chk.002.19.13,OpenAlex,metadata,1.5305584868197422
doi:10.59282/reincisol.v4(7)1868-1890,doi:10.59282/reincisol.v4(7)1868-1890,STM-METADATA-ES,metadata,es,2,0.6014544816846217,9,0.31800028842349587,0.2834541932611258,FALSE,FALSE,2025,El impacto de la falta de recursos tecnológicos en el aprendizaje dentro de los niveles de educación del Ecuador: Un análisis de sus beneficios y desafíos,10.59282/reincisol.v4(7)1868-1890,OpenAlex,metadata,1.0356584292480215
doi:10.37292/riccva.v4i3.162,doi:10.37292/riccva.v4i3.162,STM-METADATA-ES,metadata,es,6,0.4663515117972319,4,0.2591602084722657,0.20719130332496621,FALSE,FALSE,2020,ESTUDIO DESCRIPTIVO COMPARATIVO DE LA GESTIÓN PÚBLICA EN EDUCACIÓN DESARROLLADA POR LOS DIRECTORES DE DOS INSTITUTOS SUPERIORES PEDAGÓGICOS DE APURÍMAC PERÚ,10.37292/riccva.v4i3.162,OpenAlex,metadata,1.270857019607757
doi:10.56712/latam.v5i5.2754,doi:10.56712/latam.v5i5.2754,STM-METADATA-ES,metadata,es,9,0.6547633124964549,16,0.3086704240163193,0.34609288848013564,FALSE,FALSE,2024,Revisión sistemática: inteligencia artificial en la transformación de la educación primaria,10.56712/latam.v5i5.2754,OpenAlex,metadata,0.8408283203070135
doi:10.55813/gaea/ccri/v5/n2/603,doi:10.55813/gaea/ccri/v5/n2/603,STM-METADATA-ES,metadata,es,9,0.78156282571397,8,0.1397947837407712,0.6417680419731988,FALSE,FALSE,2024,Taller de capacitación docente para el uso de recursos didácticos digitales en la plataforma Magic School,10.55813/gaea/ccri/v5/n2/603,OpenAlex,metadata,0.8466048244823999
doi:10.34096/bol.rav.n56.10876,doi:10.34096/bol.rav.n56.10876,STM-METADATA-ES,metadata,es,7,0.9699154010453344,13,0.006577037133248491,0.9633383639120858,FALSE,FALSE,2022,"Política, género y formación: las críticas al normalismo en su período de expansión (1884-1920)",10.34096/bol.rav.n56.10876,OpenAlex,metadata,0.2072065576261962
doi:10.18634/sophiaj.20v.1i.1363,doi:10.18634/sophiaj.20v.1i.1363,STM-METADATA-ES,metadata,es,5,0.7386343489841185,6,0.08536827105791833,0.6532660779262002,FALSE,FALSE,2024,"Valoración del índice de inclusión en cinco colegios del municipio de Cajicá-Cundinamarca, Colombia",10.18634/sophiaj.20v.1i.1363,OpenAlex,metadata,1.1061039826721852
doi:10.56712/latam.v4i1.421,doi:10.56712/latam.v4i1.421,STM-METADATA-ES,metadata,es,14,0.5399158007557291,2,0.3215528397240062,0.21836296103172287,FALSE,FALSE,2023,Liderazgo divergente en instituciones educativas: una aproximación teórica,10.56712/latam.v4i1.421,OpenAlex,metadata,1.2759598352926147
doi:10.5377/rci.v27i02.10430,doi:10.5377/rci.v27i02.10430,STM-METADATA-ES,metadata,es,13,0.3712571313743584,2,0.21406045665067475,0.15719667472368365,FALSE,FALSE,2020,La educación para la paz en las instituciones escolares. Consideraciones al contexto venezolano,10.5377/rci.v27i02.10430,OpenAlex,metadata,1.787040022361128
doi:10.17268/rev.cyt.2020.03.13,doi:10.17268/rev.cyt.2020.03.13,STM-METADATA-ES,metadata,es,13,0.43506680129610287,2,0.14567095060112886,0.289395850694974,FALSE,FALSE,2020,"Citizen participation and improvement of basic education in the districts of Laredo, Simbal and Poroto. Trujillo Province",10.17268/rev.cyt.2020.03.13,OpenAlex,metadata,1.9455053729932608
doi:10.58594/oojm2305,doi:10.58594/oojm2305,STM-METADATA-ES,metadata,es,8,0.3520402516234182,5,0.18604489187656703,0.16599535974685115,FALSE,FALSE,2025,La educación en contextos rurales ecuatorianos. Algunas experiencias,10.58594/oojm2305,OpenAlex,metadata,1.9415900558904535
doi:10.56712/latam.v6i2.3831,doi:10.56712/latam.v6i2.3831,STM-METADATA-ES,metadata,es,9,0.6618512370397017,4,0.21908810145420074,0.44276313558550096,FALSE,FALSE,2025,El uso de herramientas con Inteligencia Artificial en la optimización de tareas administrativas del docente,10.56712/latam.v6i2.3831,OpenAlex,metadata,1.0452395356781992
doi:10.35622/j.rie.2024.03.006,doi:10.35622/j.rie.2024.03.006,STM-METADATA-ES,metadata,es,4,0.48464188306001466,6,0.2514378121835522,0.23320407087646244,FALSE,FALSE,2024,Teoría del caos y calidad de gestión institucional en un instituto de educación superior peruano,10.35622/j.rie.2024.03.006,OpenAlex,metadata,1.439172393561753
doi:10.19053/uptc.9789586608350,doi:10.19053/uptc.9789586608350,STM-METADATA-ES,metadata,es,13,0.45164380497248796,8,0.24456443539975276,0.2070793695727352,FALSE,FALSE,2024,"Gestión Educativa, Perspectivas, Actores y Contextos",10.19053/uptc.9789586608350,OpenAlex,metadata,1.6369522039281748
doi:10.59659/revistatribunal.v4i8.56,doi:10.59659/revistatribunal.v4i8.56,STM-METADATA-ES,metadata,es,16,0.49860299517105583,4,0.18176123778905665,0.31684175738199916,FALSE,FALSE,2024,Desempeño docente en educación básica regular en Perú: una revisión sistemática,10.59659/revistatribunal.v4i8.56,OpenAlex,metadata,1.5738384201085795
doi:10.15648/cedotic.1.2021.2853,doi:10.15648/cedotic.1.2021.2853,STM-METADATA-ES,metadata,es,6,0.6766491028868568,5,0.24961916259954106,0.42702994028731567,FALSE,FALSE,2021,"Educación Inclusiva en instituciones de básica secundaria del municipio de Malambo- Atlántico, Colombia",10.15648/cedotic.1.2021.2853,OpenAlex,metadata,0.9621135541567988
doi:10.26490/uncp.horizonteciencia.2022.22.1080,doi:10.26490/uncp.horizonteciencia.2022.22.1080,STM-METADATA-ES,metadata,es,14,0.6179458685287053,2,0.19610390369549338,0.4218419648332119,FALSE,FALSE,2021,Percepciones de los miembros de la Comunidad Educativa sobre el liderazgo de un director de Pastoral de una Institución educativa privada de Lima Metropolitana,10.26490/uncp.horizonteciencia.2022.22.1080,OpenAlex,metadata,1.2751058756689413
doi:10.37811/cl_rcm.v8i3.12103,doi:10.37811/cl_rcm.v8i3.12103,STM-METADATA-ES,metadata,es,11,0.45969649046997463,16,0.2777640135592779,0.18193247691069675,FALSE,FALSE,2024,"Ecuador: Escuelas Públicas y Privadas: Gestión, Docentes y Alumnos",10.37811/cl_rcm.v8i3.12103,OpenAlex,metadata,1.4801902221365053
doi:10.47865/igob.vol5.n17.2022.181,doi:10.47865/igob.vol5.n17.2022.181,STM-METADATA-ES,metadata,es,12,0.979869613882089,4,0.010406277582502297,0.9694633362995867,FALSE,FALSE,2022,Liderazgo directivo y gestión administrativa de las instituciones educativas públicas del nivel inicial UGEL 01 de Lima,10.47865/igob.vol5.n17.2022.181,OpenAlex,metadata,0.13168820865881495
doi:10.33386/593dp.2021.4-1.664,doi:10.33386/593dp.2021.4-1.664,STM-METADATA-ES,metadata,es,2,0.46356228222967805,16,0.34941249190127927,0.11414979032839878,FALSE,FALSE,2021,Gestión en la Educación Inclusiva y su influencia en el aprendizaje en los estudiantes de segundo de básica,10.33386/593dp.2021.4-1.664,OpenAlex,metadata,1.3056275722303274
doi:10.59427/rcli/2023/v23cs.2958-2962,doi:10.59427/rcli/2023/v23cs.2958-2962,STM-METADATA-ES,metadata,es,16,0.8985149710523891,14,0.041625403304476345,0.8568895677479127,FALSE,FALSE,2023,Gestión educativa en el Perú: Camino al desarrollo,10.59427/rcli/2023/v23cs.2958-2962,OpenAlex,metadata,0.5277721130366346
doi:10.5027/psicoperspectivas-vol20-issue2-fulltext-2330,doi:10.5027/psicoperspectivas-vol20-issue2-fulltext-2330,STM-METADATA-ES,metadata,es,13,0.628126086971179,14,0.2854144642650006,0.3427116227061784,FALSE,FALSE,2021,Prácticas de liderazgo medio en coordinadores/as de tercera jornada de la educación de personas jóvenes y adultas en Chile,10.5027/psicoperspectivas-vol20-issue2-fulltext-2330,OpenAlex,metadata,1.022315223964871
doi:10.64893/r469sh77,doi:10.64893/r469sh77,STM-METADATA-ES,metadata,es,14,0.5877819029031024,2,0.3013189129828507,0.2864629899202517,FALSE,FALSE,2022,Liderazgo pedagógico en la gestión educativa,10.64893/r469sh77,OpenAlex,metadata,1.1362116826545252
doi:10.35622/inudi.c.02.46,doi:10.35622/inudi.c.02.46,STM-METADATA-ES,metadata,es,4,0.2615635128207939,12,0.23093617562703986,0.030627337193754017,FALSE,TRUE,2024,Liderazgo directivo y gestión educativa en el ámbito educativo,10.35622/inudi.c.02.46,OpenAlex,metadata,1.9150706162794093
doi:10.35622/j.rie.2022.02.001,doi:10.35622/j.rie.2022.02.001,STM-METADATA-ES,metadata,es,11,0.4337618937022038,14,0.1794415624963885,0.2543203312058153,FALSE,FALSE,2021,"Competencia docente en matemática, ciencia y tecnología al resolver un problema de contexto con el complejo arqueológico inca de Raqchi, Cusco – Perú",10.35622/j.rie.2022.02.001,OpenAlex,metadata,1.7354867797018811
doi:10.11144/javerianacali.ppsi19.rcce,doi:10.11144/javerianacali.ppsi19.rcce,STM-METADATA-ES,metadata,es,5,0.8111858446296143,16,0.10710413664954797,0.7040817079800663,FALSE,FALSE,2021,Revisión del concepto de calidad educativa y modelos de bienestar desde una perspectiva psicológica,10.11144/javerianacali.ppsi19.rcce,OpenAlex,metadata,0.7888998103690531
doi:10.6018/red.524401,doi:10.6018/red.524401,STM-METADATA-ES,metadata,es,3,0.6008058325953797,12,0.2879747175223409,0.3128311150730388,FALSE,FALSE,2022,Propiedades psicométricas de una prueba sobre creencias docentes respecto de la integración de las TIC,10.6018/red.524401,OpenAlex,metadata,1.1102769888117752
doi:10.47796/ce.v11i01.765,doi:10.47796/ce.v11i01.765,STM-METADATA-ES,metadata,es,6,0.82988082655469,12,0.1312643335625042,0.6986164929921858,FALSE,FALSE,2023,Los estilos gerenciales determinantes del éxito en la gestión educativa,10.47796/ce.v11i01.765,OpenAlex,metadata,0.6211216524272846
doi:10.21855/ecociencia.95.703,doi:10.21855/ecociencia.95.703,STM-METADATA-ES,metadata,es,10,0.6921944017139458,16,0.17775017323678535,0.5144442284771604,FALSE,FALSE,2022,"Factores de clima organizacional en una institución de educación superior en Cuenca, Ecuador",10.21855/ecociencia.95.703,OpenAlex,metadata,1.069594715104821
doi:10.70262/riesafd.v1i2.2024.32,doi:10.70262/riesafd.v1i2.2024.32,STM-METADATA-ES,metadata,es,2,0.548471469354022,10,0.16818797543170405,0.38028349392231797,FALSE,FALSE,2024,Estrategia de directivos innovadores para minimizar la problemática de acceso de los estudiantes de bachillerato a la Educación Superior en el Ecuador,10.70262/riesafd.v1i2.2024.32,OpenAlex,metadata,1.4428575306341909
doi:10.21501/9786287765061,doi:10.21501/9786287765061,STM-METADATA-ES,metadata,es,8,0.6775270709778511,2,0.2115946287588811,0.46593244221897,FALSE,FALSE,2025,"Triangulaciones entre gestión educativa, pedagógica y comunitaria",10.21501/9786287765061,OpenAlex,metadata,1.0495258074160219
doi:10.35381/cm.v8i3.956,doi:10.35381/cm.v8i3.956,STM-METADATA-ES,metadata,es,2,0.25953832313448844,6,0.24523594015062175,0.014302382983866685,FALSE,TRUE,2022,Retos y desafíos en la gestión educativa postpandemia,10.35381/cm.v8i3.956,OpenAlex,metadata,1.9925153781224634
doi:10.36006/16307-4,doi:10.36006/16307-4,STM-METADATA-ES,metadata,es,13,0.49648923267612494,5,0.44141673988404523,0.05507249279207971,FALSE,TRUE,2023,Escuela y transformación social. Otra mirada de la organización educativa,10.36006/16307-4,OpenAlex,metadata,0.9979586957441173
doi:10.53595/rlo.v5.i12.116,doi:10.53595/rlo.v5.i12.116,STM-METADATA-ES,metadata,es,16,0.667436392093788,8,0.1091132935928518,0.5583230985009362,FALSE,FALSE,2025,Liderazgo Transformacional e Inteligencia Emocional en la Gestión Directiva Educativa,10.53595/rlo.v5.i12.116,OpenAlex,metadata,1.225633277840068
doi:10.51528/rp.vol9.id2314,doi:10.51528/rp.vol9.id2314,STM-METADATA-ES,metadata,es,16,0.36744288763613714,2,0.34726203102443853,0.020180856611698605,FALSE,TRUE,2022,"Gerencia educativa: Dimensión social, transformaciones, retos y desafíos",10.51528/rp.vol9.id2314,OpenAlex,metadata,1.4580106238685646
doi:10.53387/sa.v3i7.59,doi:10.53387/sa.v3i7.59,STM-METADATA-ES,metadata,es,2,0.4030912227843268,14,0.2759166955417497,0.1271745272425771,FALSE,FALSE,2020,Los equipos directivos como líderes de la transformación educativa,10.53387/sa.v3i7.59,OpenAlex,metadata,1.6924039153142472
doi:10.53673/th.v4i4.340,doi:10.53673/th.v4i4.340,STM-METADATA-ES,metadata,es,8,0.37529902145075233,12,0.20367775319806095,0.1716212682526914,FALSE,FALSE,2025,El Poder del Liderazgo en la Gestión Educativa,10.53673/th.v4i4.340,OpenAlex,metadata,1.738342835221938
doi:10.63803/prisma.v1n1.02,doi:10.63803/prisma.v1n1.02,STM-METADATA-ES,metadata,es,8,0.4764534389587476,2,0.22731926044252235,0.24913417851622524,FALSE,FALSE,2025,Gestión Educativa Claves del Éxito desde la Secretaría,10.63803/prisma.v1n1.02,OpenAlex,metadata,1.4568589144131108
doi:10.36097/rsan.v1i39.1135,doi:10.36097/rsan.v1i39.1135,STM-METADATA-ES,metadata,es,2,0.5812562942998387,6,0.2250983716310332,0.3561579226688055,FALSE,FALSE,2020,Plan estratégico de prevención y restauración de valores para la mejora de la calidad educativa,10.36097/rsan.v1i39.1135,OpenAlex,metadata,1.2623642676922868
doi:10.31906/redpensar.v10i2.224,doi:10.31906/redpensar.v10i2.224,STM-METADATA-ES,metadata,es,13,0.54822947492252,2,0.3342982103866887,0.21393126453583133,FALSE,FALSE,2022,Una administración educativa que responde a los retos postpandemia desde la ética lasallista,10.31906/redpensar.v10i2.224,OpenAlex,metadata,1.1924560000129196
doi:10.33996/revistahorizontes.v6i25.450,doi:10.33996/revistahorizontes.v6i25.450,STM-METADATA-ES,metadata,es,16,0.273638611297646,4,0.2136299911401174,0.060008620157528586,FALSE,TRUE,2022,Gestión educativa estratégica de calidad en una I.E. Pública de Ancash,10.33996/revistahorizontes.v6i25.450,OpenAlex,metadata,1.8845648900426586
doi:10.14507/epaa.28.4162,doi:10.14507/epaa.28.4162,STM-METADATA-ES,metadata,es,13,0.7750548665264084,2,0.10413520529022975,0.6709196612361786,FALSE,FALSE,2020,Alianza estado-sociedad C=civil: Debates y desafíos en la co-gestión de políticas de inclusión educativa en Uruguay y Argentina,10.14507/epaa.28.4162,OpenAlex,metadata,0.9098284921638476
doi:10.56124/sapientiae.v9i19.021,doi:10.56124/sapientiae.v9i19.021,STM-METADATA-ES,metadata,es,8,0.4604104550854319,16,0.29983623265283776,0.16057422243259412,FALSE,FALSE,2026,Modelos de liderazgo y gestión educativa en la mejora escolar,10.56124/sapientiae.v9i19.021,OpenAlex,metadata,1.3942754753568478
doi:10.15359/ree.26-1.6,doi:10.15359/ree.26-1.6,STM-METADATA-ES,metadata,es,15,0.38142883772197084,2,0.3098214464242742,0.07160739129769661,FALSE,TRUE,2021,Proceso profesionalizante: Una intervención en enseñanza superior,10.15359/ree.26-1.6,OpenAlex,metadata,1.7126306125821915
doi:10.18779/csye.v9i2.1110,doi:10.18779/csye.v9i2.1110,STM-METADATA-ES,metadata,es,8,0.7967328086454061,6,0.151461377371278,0.6452714312741281,FALSE,FALSE,2025,Gestión educativa transformadora: modelos administrativos para instituciones innovadoras,10.18779/csye.v9i2.1110,OpenAlex,metadata,0.7386333071798693
doi:10.56048/mqr20225.8.4.2024.1758-1785,doi:10.56048/mqr20225.8.4.2024.1758-1785,STM-METADATA-ES,metadata,es,10,0.7957120744080098,2,0.08848079953180525,0.7072312748762046,FALSE,FALSE,2024,¿Cómo incide la gestión educativa en la convivencia armónica?,10.56048/mqr20225.8.4.2024.1758-1785,OpenAlex,metadata,0.8977776358970236
doi:10.56048/mqr20225.9.2.2025.e747,doi:10.56048/mqr20225.9.2.2025.e747,STM-METADATA-ES,metadata,es,11,0.38131553131920143,4,0.23383627461473835,0.14747925670446307,FALSE,FALSE,2025,Gestión educativa en la aplicación de políticas inclusivas,10.56048/mqr20225.9.2.2025.e747,OpenAlex,metadata,1.7182614888249954
doi:10.37843/rted.v16i2.390,doi:10.37843/rted.v16i2.390,STM-METADATA-ES,metadata,es,16,0.4761661451306699,2,0.2775548165741065,0.19861132855656338,FALSE,FALSE,2023,Monitoreo y Seguimiento de la Efectividad en la Gestión Pedagógica Latinoamericana,10.37843/rted.v16i2.390,OpenAlex,metadata,1.546296018536847
doi:10.15517/rge.v11i1.60745,doi:10.15517/rge.v11i1.60745,STM-METADATA-ES,metadata,es,8,0.26809830034685567,5,0.25178930242330033,0.016308997923555335,FALSE,TRUE,2025,La supervisión escolar y la evaluación de la calidad educativa en el marco del objetivo 4 para el desarrollo sostenible de la agenda 2030: desafíos y propuestas.,10.15517/rge.v11i1.60745,OpenAlex,metadata,1.8185149832316299
doi:10.29057/escs.v11i21.10888,doi:10.29057/escs.v11i21.10888,STM-METADATA-ES,metadata,es,2,0.332479968471515,6,0.25945780791126777,0.07302216056024724,FALSE,TRUE,2024,Reseña: Transiciones de la gestión directiva en las organizaciones educativas,10.29057/escs.v11i21.10888,OpenAlex,metadata,1.8723918168611489
doi:10.60100/tsede.v7i1.186,doi:10.60100/tsede.v7i1.186,STM-METADATA-ES,metadata,es,2,0.3965731591115425,6,0.3287731007143092,0.0678000583972333,FALSE,TRUE,2024,ANÁLISIS DE DIMENSIONES PARA LA GESTIÓN EDUCATIVA A DISTANCIA,10.60100/tsede.v7i1.186,OpenAlex,metadata,1.5141775881184276
doi:10.33996/merito.v1i1.4,doi:10.33996/merito.v1i1.4,STM-METADATA-ES,metadata,es,6,0.30939999726061246,15,0.1785595611571311,0.13084043610348137,FALSE,FALSE,2020,La supervisión educativa. Funciones gerenciales para garantizar la eficiencia,10.33996/merito.v1i1.4,OpenAlex,metadata,2.0299373275918247
doi:10.15381/rpiiedu.v1i3.21473,doi:10.15381/rpiiedu.v1i3.21473,STM-METADATA-ES,metadata,es,4,0.48345839668513996,2,0.21365853265816553,0.2697998640269744,FALSE,FALSE,2021,"Gestión educativa y desempeño. Estudio correlacional en la provincia de Recuay, Perú",10.15381/rpiiedu.v1i3.21473,OpenAlex,metadata,1.5966600760775753
doi:10.54943/lree.v4i2.481,doi:10.54943/lree.v4i2.481,STM-METADATA-ES,metadata,es,4,0.5649003454707989,12,0.3891458290171707,0.17575451645362822,FALSE,FALSE,2024,GESTIÓN EDUCATIVA Y DESEMPEÑO DOCENTE EN UNA INSTITUCIÓN EDUCATIVA RURAL DEL DISTRITO DE YAULI – HUANCAVELICA,10.54943/lree.v4i2.481,OpenAlex,metadata,0.92236910532092
doi:10.29394/scientific.issn.2542-2987.2025.10.e3.7.138-152,doi:10.29394/scientific.issn.2542-2987.2025.10.e3.7.138-152,STM-METADATA-ES,metadata,es,10,0.4351120118475287,4,0.39716522386840314,0.03794678797912554,FALSE,TRUE,2025,Estrategias de Gestión Educativa en Instituciones Rurales del Ecuador,10.29394/scientific.issn.2542-2987.2025.10.e3.7.138-152,OpenAlex,metadata,1.2633822513080541
doi:10.22458/ie.v25i39.4662,doi:10.22458/ie.v25i39.4662,STM-METADATA-ES,metadata,es,5,0.7299976459396567,12,0.1979925241909373,0.5320051217487194,FALSE,FALSE,2023,Políticas y prácticas inclusivas en centros educativos: Estudio de su implementación y relación desde la perspectiva de las personas directivas,10.22458/ie.v25i39.4662,OpenAlex,metadata,0.9032294232493744
doi:10.33996/revistahorizontes.v9i39.1085,doi:10.33996/revistahorizontes.v9i39.1085,STM-METADATA-ES,metadata,es,2,0.2978140544127779,4,0.2640239717801935,0.03379008263258443,FALSE,TRUE,2025,La gestión educativa en el desarrollo de la innovación docente en las escuelas de Perú,10.33996/revistahorizontes.v9i39.1085,OpenAlex,metadata,2.0045881759608393
doi:10.37811/cl_rcm.v4i2.114,doi:10.37811/cl_rcm.v4i2.114,STM-METADATA-ES,metadata,es,12,0.34647631631641107,2,0.29258194302802454,0.05389437328838653,FALSE,TRUE,2020,Modelo de gestión presupuestal para mejorar la defensa jurídica en el Gobierno Regional de San Martín,10.37811/cl_rcm.v4i2.114,OpenAlex,metadata,1.403248829810145
doi:10.14507/epaa.29.6261,doi:10.14507/epaa.29.6261,STM-METADATA-ES,metadata,es,13,0.4198195803055745,5,0.40728207078290546,0.012537509522669021,FALSE,TRUE,2021,Migración de estudiantes internacionales a Chile: Desafíos de la nueva educación públic,10.14507/epaa.29.6261,OpenAlex,metadata,1.3339411756180646
doi:10.47606/acven/ph0229,doi:10.47606/acven/ph0229,STM-METADATA-ES,metadata,es,2,0.49444620608948214,15,0.3041767968274832,0.19026940926199892,FALSE,FALSE,2024,Gestión docente y educativa en la educación superior por la calidad de la formación,10.47606/acven/ph0229,OpenAlex,metadata,1.422671408044559
doi:10.70681/cz734769,doi:10.70681/cz734769,STM-METADATA-ES,metadata,es,2,0.6155920252024435,9,0.12385807352065625,0.49173395168178724,FALSE,FALSE,2024,Formación continua y gestión educativa en la Nueva Escuela Mexicana,10.70681/cz734769,OpenAlex,metadata,1.3863801113966028
doi:10.64747/6pcz9q57,doi:10.64747/6pcz9q57,STM-METADATA-ES,metadata,es,10,0.737151275237573,12,0.19577536896708772,0.5413759062704853,FALSE,FALSE,2025,Clima escolar y rendimiento académico: estudio correlacional en instituciones fiscales de la sierra ecuatoriana,10.64747/6pcz9q57,OpenAlex,metadata,0.7886349702565925
record:fd389b81dd5c81b8f2a2a5ae,record:fd389b81dd5c81b8f2a2a5ae,STM-METADATA-ES,metadata,es,1,0.9585261452306693,2,0.01237631086171112,0.9461498343689582,FALSE,FALSE,2021,Gestión educativa y configuraciones de apoyo,NA,OpenAlex,metadata,0.2670390432558338
doi:10.5281/zenodo.18186632,doi:10.5281/zenodo.18186632,STM-METADATA-ES,metadata,es,15,0.33662486717875206,6,0.2263128731440946,0.11031199403465747,FALSE,FALSE,2024,"Preparación de directores para la gestión educativa en el Municipio Libertador, Mérida",10.5281/zenodo.18186632,OpenAlex,metadata,1.8160713474171488
doi:10.60100/tsede.v7i1.187,doi:10.60100/tsede.v7i1.187,STM-METADATA-ES,metadata,es,2,0.33354335395574924,6,0.2114777407044802,0.12206561325126905,FALSE,FALSE,2024,ESTRATEGIAS DE LIDERAZGO TRANSFORMACIONAL PARA GENERAR CAMBIOS EN LA GESTIÓN EDUCATIVA,10.60100/tsede.v7i1.187,OpenAlex,metadata,1.8266610743102223
record:d3c139ec05324e3085b25c50,record:d3c139ec05324e3085b25c50,STM-METADATA-ES,metadata,es,13,0.5236581221241768,2,0.15638782343644578,0.3672702986877311,FALSE,FALSE,2021,La Educación en tiempos de incertidumbre: reflexiones desde el Currículo y la Gestión Educativa,NA,OpenAlex,metadata,1.5842215113359224
doi:10.70577/xgf61t36rcd,doi:10.70577/xgf61t36rcd,STM-METADATA-ES,metadata,es,8,0.5005826677702757,2,0.2749262909388372,0.22565637683143852,FALSE,FALSE,2023,Liderazgo transformacional en la gestión educativa,10.70577/xgf61t36rcd,OpenAlex,metadata,1.367651503690378
doi:10.46363/searching.v5i2.3,doi:10.46363/searching.v5i2.3,STM-METADATA-ES,metadata,es,2,0.5283058023135356,12,0.258716002600152,0.26958979971338365,FALSE,FALSE,2024,"Gestión educativa y liderazgo transformacional en las instituciones educativas de Trujillo, 2024",10.46363/searching.v5i2.3,OpenAlex,metadata,1.4144241500865826
record:566a82db1fdef3ed007d6a6d,record:566a82db1fdef3ed007d6a6d,STM-METADATA-ES,metadata,es,2,0.6552085612935039,15,0.1410377512335279,0.514170810059976,FALSE,FALSE,2020,Las TICs en el cumplimiento de la gestión educativa de las familias y la comunidad,NA,OpenAlex,metadata,1.2382567609317754
doi:10.33262/ap.v7i3.1.641,doi:10.33262/ap.v7i3.1.641,STM-METADATA-ES,metadata,es,2,0.4324810751712024,4,0.22760438146445652,0.20487669370674585,FALSE,FALSE,2025,La gestión educativa para el desarrollo de las habilidades investigativas en los docentes,10.33262/ap.v7i3.1.641,OpenAlex,metadata,1.7625944532904056
doi:10.56712/latam.v6i3.4063,doi:10.56712/latam.v6i3.4063,STM-METADATA-ES,metadata,es,10,0.2383528417649416,12,0.1746292700923533,0.0637235716725883,FALSE,TRUE,2025,Análisis del impacto de las políticas de gestión educativa en el rendimiento escolar,10.56712/latam.v6i3.4063,OpenAlex,metadata,2.0126509154303167
doi:10.33386/593dp.2021.4.576,doi:10.33386/593dp.2021.4.576,STM-METADATA-ES,metadata,es,2,0.8166829246371108,7,0.08021210123511734,0.7364708234019934,FALSE,FALSE,2021,Los retos de la gerencia educativa de la escuela Jaime Nebot Velasco durante la pandemia,10.33386/593dp.2021.4.576,OpenAlex,metadata,0.8078079016975728
doi:10.59427/rcli/2023/v23cs.3687-3692,doi:10.59427/rcli/2023/v23cs.3687-3692,STM-METADATA-ES,metadata,es,16,0.6111917107558178,4,0.2215812821655241,0.3896104285902937,FALSE,FALSE,2023,Modelo de gestión educativa para fortalecer la enseñanza-aprendizaje del nivel secundario en una Institución Educativa,10.59427/rcli/2023/v23cs.3687-3692,OpenAlex,metadata,1.1385278999030681
doi:10.37811/cl_rcm.v4i2.164,doi:10.37811/cl_rcm.v4i2.164,STM-METADATA-ES,metadata,es,2,0.5680937413392014,14,0.16673065648445465,0.4013630848547468,FALSE,FALSE,2020,El Supervisor Educativo como gestor de instituciones de la educación media de la ciudad de Pilar,10.37811/cl_rcm.v4i2.164,OpenAlex,metadata,1.3627795502350608
doi:10.5281/zenodo.8176287,doi:10.5281/zenodo.8176287,STM-METADATA-ES,metadata,es,6,0.887267122582806,16,0.0711665394140549,0.8161005831687511,FALSE,FALSE,2023,Gestión educativa desde la perspectiva epistemológica de la complejidad en la gerencia del siglo XXI.,10.5281/zenodo.8176287,OpenAlex,metadata,0.5201008854161729
doi:10.59427/rcli/2024/v24cs.1599-1604,doi:10.59427/rcli/2024/v24cs.1599-1604,STM-METADATA-ES,metadata,es,16,0.6083192854214854,4,0.23728632967865687,0.3710329557428285,FALSE,FALSE,2024,Modelo de gestión educativa para fortalecer la enseñanza-aprendizaje del nivel secundario en una Institución Educativa,10.59427/rcli/2024/v24cs.1599-1604,OpenAlex,metadata,1.1309194933663014
doi:10.46785/lasjournal.v5i2.86,doi:10.46785/lasjournal.v5i2.86,STM-METADATA-ES,metadata,es,14,0.39115865274303957,2,0.37473435915826264,0.016424293584776928,FALSE,TRUE,2021,Práctica docente y liderazgo pedagógico,10.46785/lasjournal.v5i2.86,OpenAlex,metadata,1.4452392922266637
doi:10.37260/repe.v7n14.5,doi:10.37260/repe.v7n14.5,STM-METADATA-ES,metadata,es,4,0.736328691990102,14,0.13510230529366077,0.6012263866964412,FALSE,FALSE,2025,Liderazgo transformacional y gestión educativa en centros de educación básica alternativa del Distrito de Independencia,10.37260/repe.v7n14.5,OpenAlex,metadata,0.9141436062111503
doi:10.46377/dilemas.v11i1.3697,doi:10.46377/dilemas.v11i1.3697,STM-METADATA-ES,metadata,es,12,0.6487231308741909,2,0.2598724907708478,0.3888506401033431,FALSE,FALSE,2023,La gestión educativa y la calidad del servicio educativo.,10.46377/dilemas.v11i1.3697,OpenAlex,metadata,1.0320623275624041
doi:10.37843/rted.v16i2.424,doi:10.37843/rted.v16i2.424,STM-METADATA-ES,metadata,es,16,0.9565158404406859,2,0.01193695273006415,0.9445788877106218,FALSE,FALSE,2023,Trabajo Colegiado en la Práctica Docente,10.37843/rted.v16i2.424,OpenAlex,metadata,0.2782650131833846
doi:10.56712/latam.v6i1.3436,doi:10.56712/latam.v6i1.3436,STM-METADATA-ES,metadata,es,5,0.343494426380124,2,0.3013851693510367,0.0421092570290873,FALSE,TRUE,2025,Impacto en la gestión educativa para atender la diversidad en tiempos de pandemia,10.56712/latam.v6i1.3436,OpenAlex,metadata,1.800610273139743
doi:10.18050/eduser.v9n2a2,doi:10.18050/eduser.v9n2a2,STM-METADATA-ES,metadata,es,15,0.30114604438439896,4,0.2559525947918783,0.04519344959252064,FALSE,TRUE,2022,Gestión educacional y desempeño de los profesores en una escuela pública por convenio,10.18050/eduser.v9n2a2,OpenAlex,metadata,1.8804384102731115
doi:10.15517/rge.v9i2.55445,doi:10.15517/rge.v9i2.55445,STM-METADATA-ES,metadata,es,15,0.29968243995447846,5,0.2691367548366865,0.030545685117791987,FALSE,TRUE,2023,Propuesta de plan de intervención autoevaluativa: Manual de evaluación interna de los procesos de inclusión en el sistema educativo regular,10.15517/rge.v9i2.55445,OpenAlex,metadata,1.7353400570449091
doi:10.61616/rvdc.v7i1.1202,doi:10.61616/rvdc.v7i1.1202,STM-METADATA-ES,metadata,es,16,0.2955716333370463,10,0.27568827485923053,0.01988335847781575,FALSE,TRUE,2026,Gestión Educativa y Convivencia Escolar en Contextos Latinoamericanos: Una Revisión Sistemática,10.61616/rvdc.v7i1.1202,OpenAlex,metadata,1.6775450536641845
doi:10.56219/dialctica.v2i20.2142,doi:10.56219/dialctica.v2i20.2142,STM-METADATA-ES,metadata,es,6,0.9684778297734469,2,0.008020542994368482,0.9604572867790784,FALSE,FALSE,2023,LA GESTIÓN DIRECTIVA EN LAS INSTITUCIONES EDUCATIVAS DE CARÁCTER OFICIAL FRENTE A CASOS DE ÉXITO ANTE PRUEBAS EXTERNAS ESTANDARIZADAS A NIVEL NA- CIONAL,10.56219/dialctica.v2i20.2142,OpenAlex,metadata,0.2112435025454648
doi:10.47865/igob.vol4.2021.155,doi:10.47865/igob.vol4.2021.155,STM-METADATA-ES,metadata,es,12,0.6774892402203762,4,0.18791948287839272,0.48956975734198344,FALSE,FALSE,2021,"Liderazgo transformacional y la gestión educativa del director en la Institución Educativa 1129 Corazón de Jesús-Ugel 03, Lima",10.47865/igob.vol4.2021.155,OpenAlex,metadata,1.1095639957410213
doi:10.47865/igob.vol3.2020.94,doi:10.47865/igob.vol3.2020.94,STM-METADATA-ES,metadata,es,12,0.5558573927224428,10,0.31217606510341933,0.2436813276190235,FALSE,FALSE,2020,Gestión educativa y satisfacción académica en alumnos de escuela de infantería del ejército peruano. Lima. 2019,10.47865/igob.vol3.2020.94,OpenAlex,metadata,1.150048075590911
doi:10.69890/hallazgos21.v5i3.480,doi:10.69890/hallazgos21.v5i3.480,STM-METADATA-ES,metadata,es,2,0.8472697431824517,6,0.08732052714579132,0.7599492160366604,FALSE,FALSE,2020,La Resilencia como Capacidad Humana en el Fortalecimiento de la Gestión Educativa,10.69890/hallazgos21.v5i3.480,OpenAlex,metadata,0.6686224550890345
doi:10.37843/rted.v17i1.460,doi:10.37843/rted.v17i1.460,STM-METADATA-ES,metadata,es,12,0.5477135331660989,2,0.2851736668192508,0.2625398663468481,FALSE,FALSE,2024,Influencia de la Gestión Educativa en el Compromiso de los Docentes de Secundaria,10.37843/rted.v17i1.460,OpenAlex,metadata,1.1962875104242692
record:7df29e855a44a97f26410fd8,record:7df29e855a44a97f26410fd8,STM-METADATA-ES,metadata,es,10,0.47615770428159643,4,0.15082943982828267,0.32532826445331375,FALSE,FALSE,2021,Padres de familia como agentes de la gestión educativa en la Institución Educativa Camilo Torres de Toca Boyacá,NA,OpenAlex,metadata,1.7766488126887752
doi:10.56048/mqr20225.9.3.2025.e1005,doi:10.56048/mqr20225.9.3.2025.e1005,STM-METADATA-ES,metadata,es,4,0.632835233861309,14,0.10652261774806569,0.5263126161132433,FALSE,FALSE,2025,La gestión educativa y su incidencia en el liderazgo comunicacional del trabajo docente,10.56048/mqr20225.9.3.2025.e1005,OpenAlex,metadata,1.3707612790921242
doi:10.51896/rilcods.v8i76.1144,doi:10.51896/rilcods.v8i76.1144,STM-METADATA-ES,metadata,es,8,0.6633529948154364,9,0.30785970483740593,0.3554932899780305,FALSE,FALSE,2026,El papel de la innovación en la mejora de la calidad de la gestión educativa,10.51896/rilcods.v8i76.1144,OpenAlex,metadata,0.8051280178070875
doi:10.51915/ret.374,doi:10.51915/ret.374,STM-METADATA-ES,metadata,es,10,0.7493733741327705,16,0.0843051951335829,0.6650681789991876,FALSE,FALSE,2025,Auditores Juveniles: La participación estudiantil como eje de la gestión educativa en Perú,10.51915/ret.374,OpenAlex,metadata,1.0397026704249739
doi:10.6018/educatio.524941,doi:10.6018/educatio.524941,STM-METADATA-ES,metadata,es,3,0.6990467998136441,12,0.26455657633854,0.43449022347510413,FALSE,FALSE,2023,Propiedades Psicométricas de un Instrumento para Evaluar las Competencias Socioemocionales en Estudiantes de Secundaria,10.6018/educatio.524941,OpenAlex,metadata,0.8021592757448761
doi:10.35381/cm.v11i1.1533,doi:10.35381/cm.v11i1.1533,STM-METADATA-ES,metadata,es,8,0.3719876250201243,2,0.29737163118100884,0.07461599383911544,FALSE,TRUE,2025,Impacto de gestión educativa fundamentada en la inteligencia competitiva,10.35381/cm.v11i1.1533,OpenAlex,metadata,1.725222999041504
doi:10.61616/rvdc.v6i3.1176,doi:10.61616/rvdc.v6i3.1176,STM-METADATA-ES,metadata,es,12,0.6612559729454095,4,0.3207332433005204,0.3405227296448891,FALSE,FALSE,2026,Relación entre la gestión educativa y los procesos pedagógicos en instituciones de educación secundaria de la ugel puno,10.61616/rvdc.v6i3.1176,OpenAlex,metadata,0.746888849499709
doi:10.14679/4644,doi:10.14679/4644,STM-METADATA-ES,metadata,es,8,0.6821950612067258,13,0.13249453098356145,0.5497005302231643,FALSE,FALSE,2025,"Liderazgo y transformación: Prácticas, políticas y perspectivas para una nueva gestión educativa",10.14679/4644,OpenAlex,metadata,1.1030717926596205
doi:10.70577/reg.v4i3.262,doi:10.70577/reg.v4i3.262,STM-METADATA-ES,metadata,es,4,0.3237816995916464,8,0.24668790637062593,0.07709379322102045,FALSE,TRUE,2025,Liderazgo directivo y eficiencia en la gestión educativa,10.70577/reg.v4i3.262,OpenAlex,metadata,1.8314756488276445
doi:10.23857/dc.v11i3.4510,doi:10.23857/dc.v11i3.4510,STM-METADATA-ES,metadata,es,4,0.6245078607098813,8,0.12926202957291066,0.4952458311369706,FALSE,FALSE,2025,La gestión educativa y la aplicación de TICS en la unidad educativa San Juan,10.23857/dc.v11i3.4510,OpenAlex,metadata,1.2834048918517498
doi:10.56712/latam.v5i3.2109,doi:10.56712/latam.v5i3.2109,STM-METADATA-ES,metadata,es,2,0.4738225962010989,8,0.14239701013931455,0.33142558606178435,FALSE,FALSE,2024,Análisis de funciones y responsabilidades de un gestor educativo en centros de escolaridad inconclusa,10.56712/latam.v5i3.2109,OpenAlex,metadata,1.64261594909304
doi:10.61325/ser.v2i10.88,doi:10.61325/ser.v2i10.88,STM-METADATA-ES,metadata,es,6,0.40829093928090193,12,0.3133254045768263,0.09496553470407565,FALSE,TRUE,2024,Análisis Correlacional entre los Planes de Mejoramiento Institucional y la Gestión Educativa en Instituciones Colombianas,10.61325/ser.v2i10.88,OpenAlex,metadata,1.5259408105458798
doi:10.70577/ert9wn49/asce/1.18,doi:10.70577/ert9wn49/asce/1.18,STM-METADATA-ES,metadata,es,2,0.8115092833683281,5,0.09093094590421828,0.7205783374641098,FALSE,FALSE,2024,Fortalecimiento del personal policial del subsistema investigativo del Ecuador a través de la educación continua.,10.70577/ert9wn49/asce/1.18,OpenAlex,metadata,0.8516255400775957
doi:10.47865/igob.vol3.2020.90,doi:10.47865/igob.vol3.2020.90,STM-METADATA-ES,metadata,es,12,0.9108307174090797,4,0.07286969836043489,0.8379610190486448,FALSE,FALSE,2020,"Gestión de supervisión pedagógica y su relación con el desempeño docente del nivel secundaria de la I.E. N° 3089 “Los Ángeles”, Ugel Ventanilla. Región Callao – 2017",10.47865/igob.vol3.2020.90,OpenAlex,metadata,0.37463367764413635
doi:10.23857/pc.v10i12.10803,doi:10.23857/pc.v10i12.10803,STM-METADATA-ES,metadata,es,8,0.9405451459659956,16,0.026888520986132602,0.913656624979863,FALSE,FALSE,2025,Influencia del liderazgo ético en la toma de decisiones para la gestión educativa,10.23857/pc.v10i12.10803,OpenAlex,metadata,0.33944475280005015
record:842cc54729b94df462f084d1,record:842cc54729b94df462f084d1,STM-METADATA-ES,metadata,es,2,0.4975375210101283,8,0.23907872297163982,0.2584587980384885,FALSE,FALSE,2021,Experiencia de resignificación del PEI en contexto rural: una herramienta para la gestión educativa,NA,OpenAlex,metadata,1.554338558049647
doi:10.70577/reg.v4i3.267,doi:10.70577/reg.v4i3.267,STM-METADATA-ES,metadata,es,11,0.25914046664093554,4,0.2378212305534091,0.02131923608752645,FALSE,TRUE,2025,Gestión educativa para la conservación de la biodiversidad a través de la comunidad escolar,10.70577/reg.v4i3.267,OpenAlex,metadata,1.912107312581239
doi:10.29394/scientific.issn.2542-2987.2025.10.e6.1.23-44,doi:10.29394/scientific.issn.2542-2987.2025.10.e6.1.23-44,STM-METADATA-ES,metadata,es,11,0.7173039130073805,4,0.16416553370174952,0.553138379305631,FALSE,FALSE,2025,El rol de la Gestión Educativa en la Atención a los Estudiantes con Escolaridad Inconclusa,10.29394/scientific.issn.2542-2987.2025.10.e6.1.23-44,OpenAlex,metadata,1.017445226069358
doi:10.56926/unaaaciencia.v4i2.134,doi:10.56926/unaaaciencia.v4i2.134,STM-METADATA-ES,metadata,es,4,0.556172982059223,13,0.2252485925874462,0.3309243894717768,FALSE,FALSE,2025,Política Nacional de la modernización de la gestión pública y su relación con la gestión educativa del COAR Ancash,10.56926/unaaaciencia.v4i2.134,OpenAlex,metadata,1.3867136391357562
doi:10.29394/scientific.issn.2542-2987.2025.10.e2.8.162-181,doi:10.29394/scientific.issn.2542-2987.2025.10.e2.8.162-181,STM-METADATA-ES,metadata,es,10,0.7988955516552383,4,0.1589918118334983,0.63990373982174,FALSE,FALSE,2025,Gestión Educativa para Optimizar el Clima Laboral en la Escuela de Educación Básica Mahatma Gandhi,10.29394/scientific.issn.2542-2987.2025.10.e2.8.162-181,OpenAlex,metadata,0.6870220500607375
doi:10.65050/rfn.v6n1a3,doi:10.65050/rfn.v6n1a3,STM-METADATA-ES,metadata,es,6,0.33918512940757595,12,0.15928477964888899,0.17990034975868696,FALSE,FALSE,2026,Análisis de las tareas administrativas de la gestión educativa de los gestores educativos,10.65050/rfn.v6n1a3,OpenAlex,metadata,1.895108115500281
doi:10.69639/arandu.v12i3.1450,doi:10.69639/arandu.v12i3.1450,STM-METADATA-ES,metadata,es,4,0.4356109225642939,8,0.1527235454468675,0.2828873771174264,FALSE,FALSE,2025,"Gestión Educativa y Calidad de Vida en Estudiantes de una Institución Educativa del Distrito de San Juan de Lurigancho, Lima-2024",10.69639/arandu.v12i3.1450,OpenAlex,metadata,1.7655983204049779
doi:10.51896/rilco.v8i29.1157,doi:10.51896/rilco.v8i29.1157,STM-METADATA-ES,metadata,es,2,0.7144351755201445,8,0.07283626169259703,0.6415989138275474,FALSE,FALSE,2026,Mejora continua en la gestión educativa: estrategias y herramientas,10.51896/rilco.v8i29.1157,OpenAlex,metadata,1.163390999228989
doi:10.1344/reire.47045,doi:10.1344/reire.47045,STM-METADATA-ES,metadata,es,16,0.28762136952283074,10,0.18879614124288216,0.09882522827994858,FALSE,TRUE,2025,Estrategias de gestión educativa basadas en los factores que afectan el rendimiento académico y la calidad de la educación,10.1344/reire.47045,OpenAlex,metadata,1.9106466412565841
doi:10.15381/dds.n9.20324,doi:10.15381/dds.n9.20324,STM-METADATA-ES,metadata,es,5,0.33482486425746644,13,0.31962331504157215,0.015201549215894283,FALSE,TRUE,2022,“Cuando el problema no es la inclusión”: Límites y posibilidades en la implementación del enfoque inclusivo en la educación,10.15381/dds.n9.20324,OpenAlex,metadata,1.3384756027013696
doi:10.58515/019rspt,doi:10.58515/019rspt,STM-METADATA-ES,metadata,es,1,0.5677095787942519,2,0.3378301719522575,0.22987940684199437,FALSE,FALSE,2024,La planificación prospectiva como elemento gerencial organizativo en la gestión educativa,10.58515/019rspt,OpenAlex,metadata,1.117767794630133
doi:10.37594/dialogus.v1i7.525,doi:10.37594/dialogus.v1i7.525,STM-METADATA-ES,metadata,es,2,0.6971080863680349,12,0.17239586790032382,0.5247122184677111,FALSE,FALSE,2022,Gestión administrativa y deserción escolar en la institución educativa San Lorenzo de Suaza Huila periodo 2014-2019,10.37594/dialogus.v1i7.525,OpenAlex,metadata,1.0892922452631457
doi:10.37811/cl_rcm.v7i5.8184,doi:10.37811/cl_rcm.v7i5.8184,STM-METADATA-ES,metadata,es,12,0.47402892159152005,2,0.16301073347263684,0.3110181881188832,FALSE,FALSE,2023,"Gestión Educativa Desde la Percepción de Exdirectores de Educación Básica Regular en el Ámbito de la UGEL La Convención, 2023",10.37811/cl_rcm.v7i5.8184,OpenAlex,metadata,1.611497336470563
doi:10.29394/scientific.issn.2542-2987.2025.10.e4.3.57-78,doi:10.29394/scientific.issn.2542-2987.2025.10.e4.3.57-78,STM-METADATA-ES,metadata,es,11,0.7888312847394972,4,0.16189627227107692,0.6269350124684202,FALSE,FALSE,2025,La Gestión Educativa en el Uso de Nuevas Metodologías de Enseñanza en una Unidad Educativa,10.29394/scientific.issn.2542-2987.2025.10.e4.3.57-78,OpenAlex,metadata,0.7437890424275664
doi:10.61616/rvdc.v6i1.482,doi:10.61616/rvdc.v6i1.482,STM-METADATA-ES,metadata,es,9,0.6168975062524491,16,0.14328380745500846,0.47361369879744064,FALSE,FALSE,2025,La Práctica Docente en la Enseñanza de la Aritmética con el Uso de las TIC,10.61616/rvdc.v6i1.482,OpenAlex,metadata,1.2668284785525687
doi:10.5377/esteli.v13i1.17706,doi:10.5377/esteli.v13i1.17706,STM-METADATA-ES,metadata,es,2,0.4198332551099715,5,0.32187069123862344,0.09796256387134805,FALSE,TRUE,2024,"Experiencias docentes con la catedra semiología clínica, confrontada a los requisitos globales esenciales mínimos de la OMS, en facultades de medicina hispanomericanas",10.5377/esteli.v13i1.17706,OpenAlex,metadata,1.4438794071029084
doi:10.48204/j.holon.n5.a4956,doi:10.48204/j.holon.n5.a4956,STM-METADATA-ES,metadata,es,2,0.45035873380362124,14,0.1571370269325358,0.2932217068710854,FALSE,FALSE,2024,GESTIÓN EDUCATIVA DEL INGENIERO CIVIL DESDE LA ESTRATEGIA CURRICULAR HUMANÍSTICA,10.48204/j.holon.n5.a4956,OpenAlex,metadata,1.8105105867370903
doi:10.56712/latam.v5i1.1712,doi:10.56712/latam.v5i1.1712,STM-METADATA-ES,metadata,es,6,0.6779635759695419,9,0.07951319026577522,0.5984503857037667,FALSE,FALSE,2024,Actitud de estudiantes y docentes del programa de maestría hacia la plataforma moodle,10.56712/latam.v5i1.1712,OpenAlex,metadata,1.2860016902631353
record:39ef7abf4d5f2f8f376b9ba6,record:39ef7abf4d5f2f8f376b9ba6,STM-METADATA-ES,metadata,es,12,0.5983592525029546,11,0.15964198589152548,0.4387172666114292,FALSE,FALSE,2025,"Políticas públicas educativas y desempeño directivo en la unidad de gestión educativa local de Paita-Piura, 2023",NA,OpenAlex,metadata,1.2885806848311212
doi:10.37811/cl_rcm.v9i4.20241,doi:10.37811/cl_rcm.v9i4.20241,STM-METADATA-ES,metadata,es,4,0.5454857455340087,11,0.09227236134538426,0.4532133841886245,FALSE,FALSE,2025,Vinculación entre la Normativa Administrativa y la Efectividad de la Gestión Educativa en Docentes de Institutos Pedagógicos de Apurímac – Perú,10.37811/cl_rcm.v9i4.20241,OpenAlex,metadata,1.6789944360382785
doi:10.47422/ac.v3i3.94,doi:10.47422/ac.v3i3.94,STM-METADATA-ES,metadata,es,13,0.4967115305447753,2,0.22226107561483358,0.2744504549299417,FALSE,FALSE,2022,Impacto del teletrabajo en la gestión educativa de la Facultad de Ciencias Empresariales - Universidad Nacional de Educación Enrique Guzmán y Valle,10.47422/ac.v3i3.94,OpenAlex,metadata,1.5871454498163633
doi:10.37811/cl_rcm.v10i1.22704,doi:10.37811/cl_rcm.v10i1.22704,STM-METADATA-ES,metadata,es,4,0.4549542742673797,12,0.418428638831032,0.036525635436347736,FALSE,TRUE,2026,"Gestión Educativa y Desempeño Docente según la Percepción de Estudiantes Quinto Secundaria, Instituciones Educativas Públicas - Cercado Pachacamac",10.37811/cl_rcm.v10i1.22704,OpenAlex,metadata,1.1322873393382549
doi:10.47865/igob.vol7.n28.2024.385,doi:10.47865/igob.vol7.n28.2024.385,STM-METADATA-ES,metadata,es,6,0.8731300286073898,12,0.058791677039967474,0.8143383515674223,FALSE,FALSE,2024,Diseño y validación de un cuestionario de gestión educativa en una escuela nacional superior de arte en Lima Metropolitana,10.47865/igob.vol7.n28.2024.385,OpenAlex,metadata,0.5911184763027763
doi:10.69639/arandu.v13i1.2015,doi:10.69639/arandu.v13i1.2015,STM-METADATA-ES,metadata,es,10,0.44606641703655914,8,0.42945553368162515,0.016610883354933992,FALSE,TRUE,2026,La comunicación asertiva en la gestión educativa institucional,10.69639/arandu.v13i1.2015,OpenAlex,metadata,1.1668126461395725
doi:10.29394/scientific.issn.2542-2987.2025.10.e2.5.107-128,doi:10.29394/scientific.issn.2542-2987.2025.10.e2.5.107-128,STM-METADATA-ES,metadata,es,10,0.4269026581006046,4,0.3514285113636106,0.07547414673699404,FALSE,TRUE,2025,Gestión Educativa Emocional para el Desempeño Docente del Bachillerato de la Unidad Educativa 12 de Febrero,10.29394/scientific.issn.2542-2987.2025.10.e2.5.107-128,OpenAlex,metadata,1.4274633516632822
doi:10.29228/asrjournal.71516,doi:10.29228/asrjournal.71516,STM-METADATA-ES,metadata,es,1,0.7918836482165674,2,0.027827894993535177,0.7640557532230322,FALSE,FALSE,2023,Investigation of Teachers' Views on Their Participation in School Management,10.29228/asrjournal.71516,OpenAlex,metadata,1.0290380102952503
doi:10.29228/asrjournal.66776,doi:10.29228/asrjournal.66776,STM-METADATA-ES,metadata,es,3,0.3893932913741795,9,0.2725957798941158,0.11679751148006368,FALSE,FALSE,2022,Female Directors' Perspective To School Management In Basic Education,10.29228/asrjournal.66776,OpenAlex,metadata,1.6814653361290521
doi:10.7827/turkishstudies.52134,doi:10.7827/turkishstudies.52134,STM-METADATA-ES,metadata,es,3,0.8964228320000025,7,0.022519043741365655,0.8739037882586368,FALSE,FALSE,2021,Educational Leadership Behavior of School Principals Within the Framework of Ecological Systems Theory,10.7827/turkishstudies.52134,OpenAlex,metadata,0.5685082345593765
doi:10.37260/repe.v8n16.4,doi:10.37260/repe.v8n16.4,STM-METADATA-ES,metadata,es,8,0.3486228449557995,9,0.31524304806588704,0.03337979688991244,FALSE,TRUE,2026,"Inteligencia artificial y Ciencias Sociales en secundaria, y su relevancia en el sistema educativo boliviano",10.37260/repe.v8n16.4,OpenAlex,metadata,1.6107819151946319
record:677555eb93ede022c7c73444,record:677555eb93ede022c7c73444,STM-METADATA-ES,metadata,es,11,0.9584899256524263,4,0.007305573009214478,0.9511843526432118,FALSE,FALSE,2025,"Incorporación de centros de trabajo en NT2, para mejorar el proceso de transición del ciclo inicial a primer nivel básico: un aporte desde la gestión escolar",NA,OpenAlex,metadata,0.2698392109509853
doi:10.37811/cl_rcm.v10i2.23219,doi:10.37811/cl_rcm.v10i2.23219,STM-METADATA-ES,metadata,es,8,0.7659126718148609,16,0.08415184939989558,0.6817608224149653,FALSE,FALSE,2026,Influencia de las Habilidades Blandas en la Toma de Decisiones Participativa de los Gestores Educativos,10.37811/cl_rcm.v10i2.23219,OpenAlex,metadata,0.9803368355315472
doi:10.21573/vol42n12026.139503,doi:10.21573/vol42n12026.139503,STM-METADATA-ES,metadata,es,3,0.5774529237187105,8,0.1687352703035899,0.40871765341512056,FALSE,FALSE,2026,Elogio al liderazgo escolar. Un revisión crítica,10.21573/vol42n12026.139503,OpenAlex,metadata,1.4366862951630066
doi:10.5354/2452-5855.2025.74212,doi:10.5354/2452-5855.2025.74212,STM-METADATA-ES,metadata,es,13,0.9358791255052352,8,0.02928821831894504,0.9065909071862902,FALSE,FALSE,2026,"El derecho de niños, niñas y adolescentes de pueblos indígenas a la educación en su propia cultura desde la regulación de la gestión escolar en Chile.",10.5354/2452-5855.2025.74212,OpenAlex,metadata,0.3621471199067063
doi:10.18004/pdfce/2076-054x/2026.032.62.007,doi:10.18004/pdfce/2076-054x/2026.032.62.007,STM-METADATA-ES,metadata,es,11,0.8428657164696484,4,0.045120446399201306,0.797745270070447,FALSE,FALSE,2026,Brechas de aprendizaje en Paraguay: un análisis aplicado de determinantes y desigualdades con datos del SNEPE 2018,10.18004/pdfce/2076-054x/2026.032.62.007,OpenAlex,metadata,0.7713197699991349
doi:10.62319/simonrodriguez.v.6i11.162,doi:10.62319/simonrodriguez.v.6i11.162,STM-METADATA-ES,metadata,es,11,0.3017641917124096,4,0.2886103577096949,0.013153834002714693,FALSE,TRUE,2026,Gestión pedagógica en el desempeño docente en instituciones de educación superior,10.62319/simonrodriguez.v.6i11.162,OpenAlex,metadata,1.789474759809245
doi:10.47865/igob.vol9.n33.2026.454,doi:10.47865/igob.vol9.n33.2026.454,STM-METADATA-ES,metadata,es,4,0.3277534058851857,12,0.27339885473044745,0.05435455115473825,FALSE,TRUE,2026,Radiografía de la Gestión Educativa Privada: Situación actual en la UGEL 07 de Lima Metropolitana,10.47865/igob.vol9.n33.2026.454,OpenAlex,metadata,1.6243309712008882
doi:10.64492/0pqcn185,doi:10.64492/0pqcn185,STM-METADATA-ES,metadata,es,8,0.4258714403848578,10,0.2211063640865001,0.2047650762983577,FALSE,FALSE,2026,Sentido de comunidad como eje de la gestión escolar: estudio de caso en una Escuela Cooperativa Nikkei en Lima,10.64492/0pqcn185,OpenAlex,metadata,1.618479296587169
doi:10.18004/riics.2025.diciembre.193,doi:10.18004/riics.2025.diciembre.193,STM-METADATA-ES,metadata,es,15,0.7101750152341695,8,0.12852716560662708,0.5816478496275423,FALSE,FALSE,2025,Educação sem filtro: aspectos e perspectivas da legislação educacional no que versa sobre a gestão educacional democrática e participativa no contexto da diversidade na comunidade escolar,10.18004/riics.2025.diciembre.193,OpenAlex,metadata,1.0900620137235726
record:5872671828f8f5664d247da8,record:5872671828f8f5664d247da8,STM-METADATA-ES,metadata,es,15,0.9760031835201366,2,0.00436165327081677,0.9716415302493199,FALSE,FALSE,2024,"Educación y masonería: cruces entre la Escuela Normal Popular ""Rosa Turner de Estrugamou” y la Logia A.G. Adams No185: (Santa Fe – Argentina, primeras décadas s. XX)",NA,CONICET Digital,metadata,0.17067697937066875
record:c4e56bf0e94ede3838429106,record:c4e56bf0e94ede3838429106,STM-METADATA-ES,metadata,es,13,0.3363142223158146,9,0.24184549497477226,0.09446872734104234,FALSE,TRUE,2022,Potencialidades de las Tecnologías de la Información Geográfica a la gestión escolar: un estudio de caso,NA,CONICET Digital,metadata,1.8511993664916644
record:280d0d192f9faa0b0856d9d2,record:280d0d192f9faa0b0856d9d2,STM-METADATA-ES,metadata,es,3,0.9609877255321772,14,0.016044995168758274,0.9449427303634189,FALSE,FALSE,2025,Investigar sobre dirección escolar: una aproximación al estado del arte,NA,CONICET Digital,metadata,0.24624564114625183
record:83485e1163951fc8cabf1b72,record:83485e1163951fc8cabf1b72,STM-METADATA-ES,metadata,es,3,0.9889119699394188,1,0.002855671716820088,0.9860562982225987,FALSE,FALSE,2021,Políticas basadas en ficción: las buenas prácticas en la dirección de escuelas secundarias,NA,CONICET Digital,metadata,0.08438845032761715
record:056f8766fc8008d524f0b9ee,record:056f8766fc8008d524f0b9ee,STM-METADATA-ES,metadata,es,3,0.5409081387751195,7,0.4350104677662456,0.10589767100887387,FALSE,FALSE,2023,"Biopolítica, imperativos de regulación y gestión escolar: Un análisis de las prácticas de directores/as del nivel secundario en el partido de San Martín a partir de la irrupción del covid 19",NA,CONICET Digital,metadata,0.8305915748819804
record:dca86a1d50c8f51fa71ee344,record:dca86a1d50c8f51fa71ee344,STM-METADATA-ES,metadata,es,3,0.35935524769031696,14,0.3282925770178751,0.03106267067244184,FALSE,TRUE,2021,La dirección escolar colonizada: el mundo empresarial en la escuela,NA,CONICET Digital,metadata,1.387414688244607
record:90ee6c28f86d81f38a0917c9,record:90ee6c28f86d81f38a0917c9,STM-METADATA-ES,metadata,es,7,0.3942507102809132,3,0.3591341946504547,0.03511651563045848,FALSE,TRUE,2024,"El trabajo de dirigir: apuntes conceptuales sobre la dirección escolar en Argentina, 2001- 2020",NA,CONICET Digital,metadata,1.376537949774395
record:536fbb63a795b72133faf5d6,record:536fbb63a795b72133faf5d6,STM-METADATA-ES,metadata,es,3,0.7056571579397539,1,0.14885841648834935,0.5567987414514046,FALSE,FALSE,2025,"La gestión educativa de la escuela secundaria: aportes desde la perspectiva de directivos de la Provincia de Buenos Aires, entre 2010 y 2020",NA,CONICET Digital,metadata,1.0076160267839553
record:5923c3c241e6ce53cc870a2b,record:5923c3c241e6ce53cc870a2b,STM-METADATA-ES,metadata,es,5,0.9268487766292988,11,0.035220182610396986,0.8916285940189018,FALSE,FALSE,2023,"Diseño y aplicación de estrategias innovadoras de gestión escolar orientadas a la instalación de modelos flexibles del uso del tiempo, el espacio y los recursos",NA,CONICET Digital,metadata,0.40116924185941194
record:16d9b3efa12617033eb66a17,record:16d9b3efa12617033eb66a17,STM-METADATA-ES,metadata,es,3,0.983711372243534,1,0.003448667739956053,0.980262704503578,FALSE,FALSE,2023,Tendencias nacionales y subnacionales en la reforma del gobierno escolar: Argentina y Brasil 1990-2010,NA,CONICET Digital,metadata,0.12030625674410257
record:69a560483c4bd884619f59f6,record:69a560483c4bd884619f59f6,STM-METADATA-ES,metadata,es,1,0.9787731953884272,3,0.006853106807824998,0.9719200885806022,FALSE,FALSE,2025,Los desafíos de la gestión directiva en pandemia como claves para pensar la configuración desigual del sistema educativo del nivel secundario en CABA,NA,CONICET Digital,metadata,0.14875949730325372
record:2b13f1ca0d0c7660f38685d4,record:2b13f1ca0d0c7660f38685d4,STM-METADATA-ES,metadata,es,3,0.644953858915795,1,0.32099417343610337,0.3239596854796917,FALSE,FALSE,2023,"Políticas de selección y circulación del libro escolar en la Argentina decimonónica: Un estudio de caso (Santa Fe, 1870)",NA,CONICET Digital,metadata,0.8375042130248245
record:0e571cd068a41e34f85ceea0,record:0e571cd068a41e34f85ceea0,STM-METADATA-ES,metadata,es,3,0.9857748326945458,1,0.0033218329437569713,0.9824529997507888,FALSE,FALSE,2024,Pedagogía y discurso empresarial: Análisis socio-político de la formación de directoras y directores de escuelas,NA,CONICET Digital,metadata,0.10769859488347892
record:97e115f27439b2dfe83ef207,record:97e115f27439b2dfe83ef207,STM-METADATA-ES,metadata,es,3,0.46528100405763134,1,0.3677817391887211,0.09749926486891025,FALSE,TRUE,2024,Llovido sobre mojado: pandemia y segmentación educativa en una ciudad intermedia de Argentina,NA,CONICET Digital,metadata,1.3997775167354192
record:63bd116bf07c43fc9821bf28,record:63bd116bf07c43fc9821bf28,STM-METADATA-ES,metadata,es,3,0.5577232272700243,7,0.1725253699588616,0.38519785731116274,FALSE,FALSE,2020,"“Por la educacion publica”: El clero y las comunidades locales en la conformación del sistema escolar bonaerense: Campaña sur de Buenos Aires, 1854-1875",NA,CONICET Digital,metadata,1.3073858858848943
record:874fa1e273d55ae64db73a25,record:874fa1e273d55ae64db73a25,STM-METADATA-ES,metadata,es,1,0.988057483762406,3,0.004121719680786983,0.983935764081619,FALSE,FALSE,2025,"Representaciones docentes sobre las trayectorias estudiantiles en el nivel secundario durante la pandemia: “desenganche”, vínculo pedagógico y modos de evaluación",NA,CONICET Digital,metadata,0.09029126104242248
record:1606c867ead29fb366a9dc47,record:1606c867ead29fb366a9dc47,STM-METADATA-ES,metadata,es,3,0.988152510566976,1,0.0029708488320493508,0.9851816617349266,FALSE,FALSE,2023,"Filantropía empresarial, Estado y formación de directivos de escuelas secundarias en Argentina: Estudio de caso sobre la Fundación Córdoba Mejora",NA,CONICET Digital,metadata,0.0904812985792365
record:80af7d73f0bf81d5a573a7bc,record:80af7d73f0bf81d5a573a7bc,STM-METADATA-ES,metadata,es,3,0.5489952517927057,1,0.21045321439357553,0.33854203739913014,FALSE,FALSE,2022,"Educación y finanzas, el cobro de matrículas en escuelas públicas (Argentina, fines del siglo XIX)",NA,CONICET Digital,metadata,1.2661701468470998
record:b60bb032e86d067fc3829cb2,record:b60bb032e86d067fc3829cb2,STM-METADATA-ES,metadata,es,1,0.9234991538345398,12,0.02676870261209445,0.8967304512224454,FALSE,FALSE,2020,Caracterización del perfeccionismo disfuncional en la niñez tardía,NA,CONICET Digital,metadata,0.4192010823974358
record:c3242479791105c820ca88bd,record:c3242479791105c820ca88bd,STM-METADATA-ES,metadata,es,3,0.504297084410139,1,0.4781034542218596,0.02619363018827936,FALSE,TRUE,2024,"Control social y acciones estatales durante el conflicto docente (Bahía Blanca, Argentina)",NA,CONICET Digital,metadata,0.8112023997712244
record:5a019f5e7bf3b7152ec5b9ad,record:5a019f5e7bf3b7152ec5b9ad,STM-METADATA-ES,metadata,es,3,0.9862170462236473,1,0.003227694712126357,0.9829893515115209,FALSE,FALSE,2023,La dirección escolar en la normativa vigente de la Provincia de Córdoba,NA,CONICET Digital,metadata,0.10334695533668951
record:f648475348a6c642fc4a0860,record:f648475348a6c642fc4a0860,STM-METADATA-ES,metadata,es,3,0.9868801112110906,1,0.0032358145734201205,0.9836442966376705,FALSE,FALSE,2022,Régimen académico y obligatoriedad de la educación secundaria en Córdoba y Santa Cruz (Argentina). Sistemas de acción concretos en escuelas emplazadas en barrios populares.,NA,CONICET Digital,metadata,0.09819935949083432
record:8b1b4a1856db40d51f8a7f21,record:8b1b4a1856db40d51f8a7f21,STM-METADATA-ES,metadata,es,5,0.5023586215718956,3,0.43152451364152444,0.07083410793037115,FALSE,TRUE,2024,Experiencias vividas en la gestión educativa de las políticas de inclusión digital: Un acercamiento a las convicciones y emociones en el Programa Conectar Igualdad (2010-2015),NA,CONICET Digital,metadata,1.0050904709430846
record:8baa513c56c7ac3f24e24690,record:8baa513c56c7ac3f24e24690,STM-METADATA-ES,metadata,es,3,0.9884813369498012,1,0.0027336804662927918,0.9857476564835085,FALSE,FALSE,2023,"La construcción de identidades político-profesionales en la Dirección General de Cultura y Educación de la Provincia de Buenos Aires: Perfiles, trayectorias y discursos de la gestión educativa de la Alianza Cambiemos",NA,CONICET Digital,metadata,0.08831671953043016
record:8206322e125641a928a36dc1,record:8206322e125641a928a36dc1,STM-METADATA-ES,metadata,es,3,0.5387517575823279,1,0.3447303640841245,0.19402139349820335,FALSE,FALSE,2024,Las políticas de formación docente en ejercicio con inclusión digital: la provincia de Mendoza y el plan Escuelas de Innovación (2011-2015),NA,CONICET Digital,metadata,1.131604751918067
record:74370a66e3e8a817adec8189,record:74370a66e3e8a817adec8189,STM-METADATA-ES,metadata,es,13,0.9810929685379208,15,0.003410134754468654,0.9776828337834522,FALSE,FALSE,2024,Otras formas de construir políticas para la educación permanente de jóvenes y adultos: El caso de la provincia de Corrientes,NA,CONICET Digital,metadata,0.13625794622822887
record:b4d3836873088bea00ab92df,record:b4d3836873088bea00ab92df,STM-METADATA-ES,metadata,es,13,0.6160447473193356,2,0.3089600302720241,0.30708471704731144,FALSE,FALSE,2023,Actualización e Innovación Curricular de la Facultad de Filosofía y Letras (2014-2017). Una experiencia institucional transformadora,NA,CONICET Digital,metadata,1.0351508780937153
record:67ae6b95f8ff55493c529f77,record:67ae6b95f8ff55493c529f77,STM-METADATA-ES,metadata,es,15,0.9567766491578654,11,0.010746158782380957,0.9460304903754845,FALSE,FALSE,2025,Posiciones docentes: Interpelaciones sobre la escuela y lo justo,NA,CONICET Digital,metadata,0.2773831080792868
record:b629b0d2e87d5c595402bb43,record:b629b0d2e87d5c595402bb43,STM-METADATA-ES,metadata,es,3,0.9886632635512825,1,0.003491274217228925,0.9851719893340536,FALSE,FALSE,2024,Computables: sujetos y prácticas emergentes en tiempos de pandemia en Mendoza,NA,CONICET Digital,metadata,0.08754676668998058
record:c65f85d22d180d90e202f667,record:c65f85d22d180d90e202f667,STM-METADATA-ES,metadata,es,15,0.9771420067059775,11,0.0051890629627107205,0.9719529437432668,FALSE,FALSE,2025,"Educación y masonería: cruces entre la Escuela Normal Popular ""Rosa Turner de Estrugamou” y la Logia A.G. Adams No185: (Santa Fe – Argentina, primeras décadas s. XX)",NA,CONICET Digital,metadata,0.16136506108845725
record:f91ca8e5e2d96b69d651bb7f,record:f91ca8e5e2d96b69d651bb7f,STM-METADATA-ES,metadata,es,1,0.948579512748207,9,0.020130957324860078,0.9284485554233469,FALSE,FALSE,2024,Estudio codisciplinar de la Matemática en la escuela secundaria: análisis de la gestión de una propuesta de aula para el estudio del crecimiento de plantas,NA,CONICET Digital,metadata,0.3068369310739342
record:4d9866b1c42cf49138d3e78f,record:4d9866b1c42cf49138d3e78f,STM-METADATA-ES,metadata,es,1,0.6710905814784404,3,0.30935813137245205,0.3617324501059883,FALSE,FALSE,2025,El Reglamento General de Instituciones Educativas en la Provincia de Buenos Aires y las transformaciones de la organización escolar,NA,CONICET Digital,metadata,0.754421019181352
record:9d07ead57d44767b9c894d07,record:9d07ead57d44767b9c894d07,STM-METADATA-ES,metadata,es,3,0.8771853919683961,1,0.0522191266093193,0.8249662653590768,FALSE,FALSE,2024,Devenir de la escolarización secundaria: un estudio en tiempos de (post) pandemia en la ciudad de Caleta Olivia,NA,CONICET Digital,metadata,0.5479556467075698
record:efa302b68dbb4ed6162551bc,record:efa302b68dbb4ed6162551bc,STM-METADATA-ES,metadata,es,7,0.5236437713378129,3,0.44261288802699306,0.08103088331081987,FALSE,TRUE,2023,"Política, género y formación: las críticas al normalismo en su período de expansión (1884-1920)",NA,CONICET Digital,metadata,0.8872218147975952
record:aa3cf09687b28f070a592c52,record:aa3cf09687b28f070a592c52,STM-METADATA-ES,metadata,es,9,0.5037417856824321,1,0.4002711228412162,0.10347066284121592,FALSE,FALSE,2024,Effects of a social norms intervention to reduce alcohol drinking behaviors in Argentinean adolescents,NA,CONICET Digital,metadata,1.0645115934117815
doi:10.5281/zenodo.19597322,doi:10.5281/zenodo.19597322,STM-METADATA-ES,metadata,es,15,0.9901621929487288,2,0.002239021335262117,0.9879231716134667,FALSE,FALSE,2021,La formación y la práctica docente en México Dilemas del siglo XXI,10.5281/zenodo.19597322,OpenAlex,metadata,0.07678382770386212
record:4c160eca9b8a3ac3112bde69,record:4c160eca9b8a3ac3112bde69,STM-METADATA-ES,metadata,es,1,0.8901390048736046,9,0.08689613061893474,0.8032428742546699,FALSE,FALSE,2022,Acceso y uso de las Tecnologías de la Información y Comunicación (TIC) en la Escuela Secundaria en diferentes contextos socioeconómicos en Argentina,NA,CONICET Digital,metadata,0.453560135280816
record:da6aa91f299ea15764bced3c,record:da6aa91f299ea15764bced3c,STM-METADATA-ES,metadata,es,1,0.9698623353577923,9,0.010319372316371055,0.9595429630414213,FALSE,FALSE,2024,Estrés en profesores argentinos de educación secundaria durante la pandemia por Covid-19,NA,CONICET Digital,metadata,0.19665894502825107
record:d9eed710c39687ccf4e96b2e,record:d9eed710c39687ccf4e96b2e,STM-METADATA-ES,metadata,es,3,0.5587383459571671,1,0.15175336548476548,0.4069849804724016,FALSE,FALSE,2021,La educación elemental y el mercado de libros en la obra de Marcos Sastre a mediados del siglo XIX,NA,CONICET Digital,metadata,1.3629314309313052
record:fb9250e7d157142633457333,record:fb9250e7d157142633457333,STM-METADATA-ES,metadata,es,1,0.6319370731213922,9,0.3357050102828134,0.29623206283857884,FALSE,FALSE,2026,Psicología desde las escuelas: Los aportes de José Natale a la alfabetización a comienzos del siglo XX en Buenos Aires,NA,CONICET Digital,metadata,0.8347083563097386
record:3ecd1c97e580bc7961f76b9d,record:3ecd1c97e580bc7961f76b9d,STM-METADATA-ES,metadata,es,9,0.4154078652659858,6,0.19191103330585507,0.2234968319601307,FALSE,FALSE,2024,Entrevistas estudiantes de Posgrado de la Universidad Nacional de Rosario: problemáticas en escritura científica,NA,CONICET Digital,metadata,1.7622323433934002
record:dbc093286064c76a71be4eb7,record:dbc093286064c76a71be4eb7,STM-METADATA-ES,metadata,es,1,0.9692857126566087,3,0.018401570526304693,0.950884142130304,FALSE,FALSE,2022,La escuela técnica y la pasantía en empresas: Aspectos generales sobre su puesta en acto y sus efectos en las expectativas laborales de los alumnos,NA,CONICET Digital,metadata,0.186589705802304
record:7d688659d2ea61df16a49440,record:7d688659d2ea61df16a49440,STM-METADATA-ES,metadata,es,1,0.9666285672478917,9,0.009549650482225013,0.9570789167656667,FALSE,FALSE,2024,Transformaciones en las relaciones de enseñanza y aprendizaje en el camino a la integralidad de la educación sexual: Una mirada desde la Ciudad de Buenos Aires,NA,CONICET Digital,metadata,0.216848985602639
record:90ee8434942736f688d89a91,record:90ee8434942736f688d89a91,STM-METADATA-ES,metadata,es,1,0.9691690502402223,3,0.01662039261134363,0.9525486576288786,FALSE,FALSE,2024,"Procesos escolares en pandemia: Un análisis del trabajo docente en contextos de pobreza urbana (Rosario, Argentina)",NA,CONICET Digital,metadata,0.19211716322386707
record:0416d5c4e72853f88e5b4852,record:0416d5c4e72853f88e5b4852,STM-METADATA-ES,metadata,es,10,0.5490563567913083,1,0.11968635816692444,0.42936999862438385,FALSE,FALSE,2025,"Entrevistas a actores educativos de escuela técnica de Añelo, Neuquén",NA,CONICET Digital,metadata,1.7382867331250411
doi:10.5281/zenodo.17518914,doi:10.5281/zenodo.17518914,STM-METADATA-ES,metadata,es,4,0.6179963500968444,11,0.20584274283437579,0.41215360726246864,FALSE,FALSE,2025,Desarrollo profesional y su relación con la gestión educativa por procesos en los docentes de una unidad educativa de la ciudad de Cuenca,10.5281/zenodo.17518914,OpenAlex,metadata,1.2427763723017655
doi:10.5281/zenodo.19560588,doi:10.5281/zenodo.19560588,STM-METADATA-ES,metadata,es,2,0.456432868436956,8,0.2679172461719832,0.18851562226497282,FALSE,FALSE,2026,MOMENTOS DE VERDAD Y BALANCE SCORECARD: PROPUESTA PARA OPTIMIZAR LA GESTIÓN ESTRATÉGICA EDUCATIVA,10.5281/zenodo.19560588,OpenAlex,metadata,1.5556783057163217
doi:10.63816/939px056,doi:10.63816/939px056,STM-METADATA-ES,metadata,es,4,0.5436205840577885,8,0.21687808051576418,0.3267425035420243,FALSE,FALSE,2026,Inteligencia emocional,10.63816/939px056,OpenAlex,metadata,1.3479628096726008
doi:10.37811/cl_rcm.v6i6.4265,doi:10.37811/cl_rcm.v6i6.4265,STM-METADATA-ES,metadata,es,12,0.37417592309746484,4,0.18959390067928075,0.18458202241818408,FALSE,FALSE,2023,Acompañamiento pedagógico de los directores y desempeño docente en instituciones educativas,10.37811/cl_rcm.v6i6.4265,OpenAlex,metadata,1.7217061935926472
doi:10.59659/revistatribunal.v6i15.419,doi:10.59659/revistatribunal.v6i15.419,STM-METADATA-ES,metadata,es,8,0.5140421977884952,16,0.35220643350775166,0.1618357642807436,FALSE,FALSE,2026,Gestión escolar sus implicancias y desafíos: una revisión sistemática,10.59659/revistatribunal.v6i15.419,OpenAlex,metadata,1.1957343669450249
record:439973b2654fdcbdcf209131,record:439973b2654fdcbdcf209131,STM-METADATA-ES,metadata,es,12,0.8804558685868676,10,0.06954808882402178,0.8109077797628459,FALSE,FALSE,2023,"Gestión escolar y convivencia escolar en una institución educativa de Huarmey, 2023",NA,OpenAlex,metadata,0.5078113591642783
record:af76e3bfcaa033aa8420ce00,record:af76e3bfcaa033aa8420ce00,STM-METADATA-ES,metadata,es,12,0.514603494970073,4,0.40080222169656043,0.11380127327351253,FALSE,FALSE,2024,"Gestión escolar en la calidad del servicio educativo en una institución pública de Breña, 2023",NA,OpenAlex,metadata,1.0351403440702758
record:8ada499a93faa96e27a34abf,record:8ada499a93faa96e27a34abf,STM-METADATA-ES,metadata,es,12,0.8149682449017452,4,0.15675233896300786,0.6582159059387374,FALSE,FALSE,2025,"Habilidades blandas y la gestión escolar en docentes de la región Ucayali, 2024",NA,OpenAlex,metadata,0.6100890304225857
record:b17051e1639c4deb83f66f04,record:b17051e1639c4deb83f66f04,STM-METADATA-ES,metadata,es,12,0.9794519191780403,4,0.0120514913692347,0.9674004278088056,FALSE,FALSE,2023,"Trabajo colegiado y gestión escolar en instituciones educativas públicas de Lima Metropolitana, 2023",NA,OpenAlex,metadata,0.13178304048610578
record:3a80d84aff75e4a97529bcb5,record:3a80d84aff75e4a97529bcb5,STM-METADATA-ES,metadata,es,12,0.9752751837583298,4,0.018426254061136686,0.956848929697193,FALSE,FALSE,2024,"Competencias directivas en la gestión escolar de la Red 20, Los Olivos, 2023",NA,OpenAlex,metadata,0.1425790979858535
record:5c733b555897e88cef2d7ceb,record:5c733b555897e88cef2d7ceb,STM-METADATA-ES,metadata,es,12,0.7918236188035671,4,0.17439303645172888,0.6174305823518382,FALSE,FALSE,2024,"Gestión escolar y compromiso organizacional en docentes de instituciones educativas públicas, Ventanilla 2024",NA,OpenAlex,metadata,0.6707301742806264
record:9f2fa00b8c2da669bb0e7ba6,record:9f2fa00b8c2da669bb0e7ba6,STM-METADATA-ES,metadata,es,12,0.8195787171823604,4,0.16485153917014778,0.6547271780122126,FALSE,FALSE,2023,"Gestión escolar y marketing educativo de una institución educativasecundaria, Abancay, Apurímac, 2023",NA,OpenAlex,metadata,0.5563342018349442
record:77169237c2d63aae51627466,record:77169237c2d63aae51627466,STM-METADATA-ES,metadata,es,4,0.5281306026773479,12,0.4517804627007445,0.07635013997660339,FALSE,TRUE,2025,Gestión escolar y liderazgo transformacional en docentes de instituciones educativas de Chimbote 2024,NA,OpenAlex,metadata,0.816435437300615
record:5693f2fbae2c9af9d2c86e5a,record:5693f2fbae2c9af9d2c86e5a,STM-METADATA-ES,metadata,es,12,0.972164467923702,4,0.02033682892932121,0.9518276389943808,FALSE,FALSE,2024,"Acompañamiento directivo en la gestión escolar a directores de Instituciones Educativas - Lima Provincias, 2023",NA,OpenAlex,metadata,0.15871576259694492
record:028422e9addfebaf0eeb24bb,record:028422e9addfebaf0eeb24bb,STM-METADATA-ES,metadata,es,12,0.9291566111841917,4,0.05417756686552567,0.874979044318666,FALSE,FALSE,2025,Liderazgo y gestión escolar en las redes educativas rurales del distrito de Acoria Huancavelica,NA,OpenAlex,metadata,0.3299195581102426
record:54807b814806773c7949a22a,record:54807b814806773c7949a22a,STM-METADATA-ES,metadata,es,12,0.7004181581198512,9,0.18315408255308385,0.5172640755667673,FALSE,FALSE,2024,Gestión escolar en habilidades digitales en los docentes de las instituciones educativas básica especiales Puno,NA,OpenAlex,metadata,1.015555804566872
record:a744a4518fdabb939a40d301,record:a744a4518fdabb939a40d301,STM-METADATA-ES,metadata,es,12,0.5234715321605931,4,0.4116767623669683,0.11179476979362474,FALSE,FALSE,2024,"Gestión escolar para fortalecer la cultura ambiental de una institución educativa de secundaria, Trujillo-2023",NA,OpenAlex,metadata,0.9765336954446271
record:7b165d6c6167ab23637f4c6e,record:7b165d6c6167ab23637f4c6e,STM-METADATA-ES,metadata,es,12,0.3799688477651312,4,0.34441054507263585,0.035558302692495325,FALSE,TRUE,2025,"Gestión escolar percibida y satisfacción estudiantil en una institución educativa pública de Chimbote, 2025",NA,OpenAlex,metadata,1.2032883947600321
record:bee5638ae3582b06187ddc92,record:bee5638ae3582b06187ddc92,STM-METADATA-ES,metadata,es,12,0.5562293106500463,4,0.4248613024958142,0.1313680081542321,FALSE,FALSE,2024,"Gestión escolar y desempeño docente en instituciones educativas de la UGEL 04 - Comas, 2024",NA,OpenAlex,metadata,0.8009442696790786
record:b22d03b59b2cfeb90ad2c27f,record:b22d03b59b2cfeb90ad2c27f,STM-METADATA-ES,metadata,es,12,0.8411804712437135,4,0.09053947038324048,0.750641000860473,FALSE,FALSE,2024,"Gestión escolar y educación en valores en instituciones educativas públicas de Carabayllo, Lima 2023",NA,OpenAlex,metadata,0.6736391924821543
record:3c8c25ab54cbf46a6b2664c4,record:3c8c25ab54cbf46a6b2664c4,STM-METADATA-ES,metadata,es,12,0.32461963526222787,2,0.2064341661333492,0.11818546912887867,FALSE,FALSE,2023,"Liderazgo transformacional, clima organizacional y gestión escolar en una I.E pública de Reque-Lambayeque",NA,OpenAlex,metadata,1.8644015165723555
record:551732f339a71ab76243cd2f,record:551732f339a71ab76243cd2f,STM-METADATA-ES,metadata,es,12,0.9158183437202141,4,0.06674050733424512,0.849077836385969,FALSE,FALSE,2024,"Gestión escolar en el liderazgo directivo en una institución educativa nivel primario de Azángaro, Puno – 2023",NA,OpenAlex,metadata,0.3669785274094001
record:c8030d6b5bda54bd78772b85,record:c8030d6b5bda54bd78772b85,STM-METADATA-ES,metadata,es,4,0.7687295784317115,12,0.1775964706963721,0.5911331077353394,FALSE,FALSE,2024,"Gestión escolar y toma de decisiones en una institución educativa Callao, 2023",NA,OpenAlex,metadata,0.7776595731856879
record:7ec0496e230c68aba5b60e96,record:7ec0496e230c68aba5b60e96,STM-METADATA-ES,metadata,es,12,0.6796000641593946,4,0.2689268104955741,0.41067325366382046,FALSE,FALSE,2025,"Gestión escolar y liderazgo distribuido en docentes de instituciones educativas públicas, Lima 2024",NA,OpenAlex,metadata,0.8613194423277785
record:fc08bff03913dff31f9cf4fd,record:fc08bff03913dff31f9cf4fd,STM-METADATA-ES,metadata,es,4,0.879025891782221,12,0.07096008544714125,0.8080658063350797,FALSE,FALSE,2025,Liderazgo docente y la toma de decisión en la gestión escolar de una institución educativa Huacrachuco 2025,NA,OpenAlex,metadata,0.5357890193538787
record:403034305118a984467bd514,record:403034305118a984467bd514,STM-METADATA-ES,metadata,es,12,0.9019881363912788,4,0.08673668044765019,0.8152514559436287,FALSE,FALSE,2024,"Gestión escolar y compromiso organizacional visto por docentes en una institución educativa privada en Lima, 2024",NA,OpenAlex,metadata,0.3782635243374716
record:472bfcc589b852c9f007e89c,record:472bfcc589b852c9f007e89c,STM-METADATA-ES,metadata,es,12,0.6220210467113075,4,0.3644253148516502,0.25759573185965734,FALSE,FALSE,2023,Influencia del desempeño docente en la gestión escolar en una institución educativa del nivel secundaria en Trujillo,NA,OpenAlex,metadata,0.7487444264042598
record:456e4dc4d1816ecbf86203c4,record:456e4dc4d1816ecbf86203c4,STM-METADATA-ES,metadata,es,12,0.9259925872792732,4,0.06560125391936326,0.86039133335991,FALSE,FALSE,2025,"Gestión escolar y competencias del docente en las IE, Urb. Previ - Callao Norte, 2024",NA,OpenAlex,metadata,0.3070431853930398
record:5d4f1fd45055cea674148617,record:5d4f1fd45055cea674148617,STM-METADATA-ES,metadata,es,4,0.41503371679319156,12,0.32240521838561015,0.09262849840758142,FALSE,TRUE,2024,"Factores organizacionales que influyen en la gestión escolar en Instituciones Educativas de una UGEL- La Libertad, 2024",NA,OpenAlex,metadata,1.4516936203452824
record:ce65702e8c74b6e86566fdc9,record:ce65702e8c74b6e86566fdc9,STM-METADATA-ES,metadata,es,12,0.8420587756806733,4,0.11454477744769809,0.7275139982329752,FALSE,FALSE,2024,"Desempeño directivo y compromisos de gestión escolar en instituciones educativas del Valle de Mishquiyacu, Picota - 2023",NA,OpenAlex,metadata,0.6066413476618436
record:1d935569f4d5b34a4659f75d,record:1d935569f4d5b34a4659f75d,STM-METADATA-ES,metadata,es,12,0.5394896361252813,4,0.37126236212161295,0.16822727400366838,FALSE,FALSE,2025,"Taller de liderazgo transformacional y su influencia en la gestión escolar en las instituciones educativas de Casma, 2024",NA,OpenAlex,metadata,1.0687237939231122
record:dffc97de6b5f6fc44c53bbc6,record:dffc97de6b5f6fc44c53bbc6,STM-METADATA-ES,metadata,es,4,0.47517360218795046,15,0.17633486644175117,0.2988387357461993,FALSE,FALSE,2024,"Modelo de gestión escolar para la práctica pedagógica en docentes del nivel inicial, Mórrope",NA,OpenAlex,metadata,1.591974122337017
record:583f98532f564ed9131c5f5c,record:583f98532f564ed9131c5f5c,STM-METADATA-ES,metadata,es,12,0.5934115612804904,4,0.2654860491280223,0.3279255121524681,FALSE,FALSE,2025,"Liderazgo directivo en la gestión escolar de una institución educativa de Ayacucho, 2024",NA,OpenAlex,metadata,1.1922420414377544
record:008f5ed679416e983e953767,record:008f5ed679416e983e953767,STM-METADATA-ES,metadata,es,12,0.853238937208115,4,0.06690605222046637,0.7863328849876485,FALSE,FALSE,2022,Gestión escolar y clima organizacional en una institución educativa pública de Jaén-Cajamarca,NA,OpenAlex,metadata,0.6232605127532356
record:5243614cf4539df46f8092eb,record:5243614cf4539df46f8092eb,STM-METADATA-ES,metadata,es,12,0.585737747380716,4,0.284576118540546,0.30116162884017006,FALSE,FALSE,2025,"Ética profesional en la gestión escolar en docente de instituciones educativas públicas La Convención, Cusco 2025",NA,OpenAlex,metadata,1.1689682875604235
record:b5bc0ce64f0d2b81e24e9062,record:b5bc0ce64f0d2b81e24e9062,STM-METADATA-ES,metadata,es,12,0.5063015055035894,4,0.4814563458305651,0.02484515967302431,FALSE,TRUE,2025,Calidad educativa en la gestión escolar docente de tres instituciones educativas públicas de Tarma Junín 2024,NA,OpenAlex,metadata,0.7749499355058366
record:d76ae4cdfc891c307c3e159c,record:d76ae4cdfc891c307c3e159c,STM-METADATA-ES,metadata,es,12,0.5457894490296551,4,0.274969525204217,0.27081992382543807,FALSE,FALSE,2023,Compromisos de gestión escolar y desempeño docente en una institución educativa de Bagua Grande,NA,OpenAlex,metadata,1.2441034442787111
record:8552abe772c56db10ed2c7df,record:8552abe772c56db10ed2c7df,STM-METADATA-ES,metadata,es,4,0.6411189303785874,12,0.3417420106642418,0.29937691971434555,FALSE,FALSE,2022,"Gestión escolar y calidad educativa de los docentes en la institución educativa Salaverry, Trujillo 2022",NA,OpenAlex,metadata,0.7559887136941661
record:a4621b0e2a0975ff3bb90653,record:a4621b0e2a0975ff3bb90653,STM-METADATA-ES,metadata,es,4,0.7936028800381911,12,0.1847314673797225,0.6088714126584687,FALSE,FALSE,2025,Prácticas de gestión escolar y su impacto en la calidad educativa en una institución educativa pública Chorrillos Lima 2025,NA,OpenAlex,metadata,0.6223081594191778
record:9c6faff9af23f9bd1156fe89,record:9c6faff9af23f9bd1156fe89,STM-METADATA-ES,metadata,es,12,0.5253018586638097,4,0.41562013211278775,0.10968172655102199,FALSE,FALSE,2023,Gestión escolar y el cumplimiento de las funciones del Consejo Educativo Institucional en instituciones educativas públicas de Junín – 2023,NA,OpenAlex,metadata,0.9691120889653462
record:2bfbd5fb567bd66788111848,record:2bfbd5fb567bd66788111848,STM-METADATA-ES,metadata,es,12,0.9007565462252335,4,0.08498357715690083,0.8157729690683326,FALSE,FALSE,2024,"Cultura del buen trato y gestión escolar en las instituciones educativas del distrito de Pallasca, 2024",NA,OpenAlex,metadata,0.3931610230511216
record:2f65684693cf5532f91e9090,record:2f65684693cf5532f91e9090,STM-METADATA-ES,metadata,es,12,0.7153701810999374,4,0.10788497020781752,0.6074852108921199,FALSE,FALSE,2024,Compromisos de gestión escolar y logros de aprendizaje en una institución educativa privada Callao 2023,NA,OpenAlex,metadata,1.0649590217646019
record:4518339515269f286430724e,record:4518339515269f286430724e,STM-METADATA-ES,metadata,es,4,0.7728658809491128,12,0.20233353560252412,0.5705323453465887,FALSE,FALSE,2025,"Gestión escolar y la práctica pedagógica en docentes de una institución educativa del distrito de Pachacamac, 2025",NA,OpenAlex,metadata,0.6625292218292648
record:b913d0646b0430373bbdde4d,record:b913d0646b0430373bbdde4d,STM-METADATA-ES,metadata,es,4,0.6693149401396092,12,0.31953655634520756,0.3497783837944017,FALSE,FALSE,2025,"Gestión escolar y desempeño docente en una institución educativa pública, San Juan de Miraflores 2024",NA,OpenAlex,metadata,0.7054644689491281
record:db74bb35972c71540adfcad9,record:db74bb35972c71540adfcad9,STM-METADATA-ES,metadata,es,12,0.552454130491931,10,0.29858326342065183,0.2538708670712792,FALSE,FALSE,2023,Participación de los padres de familia y gestión escolar en una institución educativa de Trujillo en 2023,NA,OpenAlex,metadata,1.0907059486916286
record:8b83f11428453adaafac1dce,record:8b83f11428453adaafac1dce,STM-METADATA-ES,metadata,es,4,0.3663147500149387,12,0.28069074764519863,0.08562400236974005,FALSE,TRUE,2024,"Modelo de estrategias formativas de liderazgo, para la calidad en gestión escolar en una institución educativa, Chiclayo",NA,OpenAlex,metadata,1.7005328808309588
record:2373fa6ed32975d830c67fc8,record:2373fa6ed32975d830c67fc8,STM-METADATA-ES,metadata,es,4,0.6685813660061074,10,0.24269804590200197,0.42588332010410546,FALSE,FALSE,2025,"Participación parental y gestión escolar en una institución educativa de Paita, 2025",NA,OpenAlex,metadata,0.9237059958549595
record:25acd7cf881467c02e5c5893,record:25acd7cf881467c02e5c5893,STM-METADATA-ES,metadata,es,12,0.870030508693395,4,0.10486271229749367,0.7651677963959014,FALSE,FALSE,2024,"Liderazgo transformacional y gestión escolar en docentes de instituciones educativas de secundaria con formación técnica, Juliaca, Puno, 2023",NA,OpenAlex,metadata,0.5018267809366356
record:4b024e16d8295b656f7d851d,record:4b024e16d8295b656f7d851d,STM-METADATA-ES,metadata,es,12,0.9257321143969768,4,0.028001269799564146,0.8977308445974126,FALSE,FALSE,2024,Competencia directiva y gestión escolar en la IE 3711 Fe y Alegria 12. Puente Piedra. Lima,NA,OpenAlex,metadata,0.39332774515410124
record:3803c424156f8380fbdecc47,record:3803c424156f8380fbdecc47,STM-METADATA-ES,metadata,es,4,0.505088805176074,10,0.27759305073562207,0.22749575444045195,FALSE,FALSE,2025,"La gestión escolar y la participación de los padres de familia en una institución educativa del distrito de Ate, 2024",NA,OpenAlex,metadata,1.1334489580969362
record:ff6d0ee04fa4ea440c00b550,record:ff6d0ee04fa4ea440c00b550,STM-METADATA-ES,metadata,es,12,0.5520755350267068,4,0.4183405438742122,0.1337349911524946,FALSE,FALSE,2025,Gestión escolar en los procesos pedagógicos de los docentes de cuatro instituciones educativas públicas UGEL Bongará Amazonas 2024,NA,OpenAlex,metadata,0.859503838807679
record:ef16bea3caa3f79c8e0b38f9,record:ef16bea3caa3f79c8e0b38f9,STM-METADATA-ES,metadata,es,12,0.5387593478371536,4,0.3524596421563147,0.18629970568083892,FALSE,FALSE,2025,"Gestión escolar y calidad de servicio educativo en la Red N° 04, Mi Perú – Callao, 2022",NA,OpenAlex,metadata,1.115689242186818
record:b4792da098ed40d1d6ac97b8,record:b4792da098ed40d1d6ac97b8,STM-METADATA-ES,metadata,es,4,0.6479416520064932,10,0.3013700535598833,0.34657159844660995,FALSE,FALSE,2025,Gestión escolar y satisfacción de los estudiantes del nivel secundario de una institución educativa de Cura Mori - 2025,NA,OpenAlex,metadata,0.8721753714531236
record:dc684150f4728692c311a496,record:dc684150f4728692c311a496,STM-METADATA-ES,metadata,es,4,0.6389614681758509,12,0.13310082954813277,0.5058606386277181,FALSE,FALSE,2025,"Gestión escolar y liderazgo pedagógico en el aprendizaje integral de estudiantes en educación básica alternativa, Magdalena del Mar 2024",NA,OpenAlex,metadata,1.23352860031284
record:b988cd5ef69649c0432ee3ca,record:b988cd5ef69649c0432ee3ca,STM-METADATA-ES,metadata,es,12,0.37569037406162115,4,0.27628196068005895,0.0994084133815622,FALSE,TRUE,2023,Gestión escolar y atención a la educación inclusiva en la I.E. Mercedes Cabello de Carbonera. Lima 2023,NA,OpenAlex,metadata,1.5558259139188981
record:3f4a6a57b17424acbca243df,record:3f4a6a57b17424acbca243df,STM-METADATA-ES,metadata,es,12,0.9689245067201457,4,0.02340456885528269,0.9455199378648631,FALSE,FALSE,2025,"Redes educativas rurales y la gestión escolar en instituciones educativas de la ugel Sánchez Carrión, 2024",NA,OpenAlex,metadata,0.17162562000874781
record:c8715fdc1d687fa0720451e4,record:c8715fdc1d687fa0720451e4,STM-METADATA-ES,metadata,es,12,0.7285857215917345,4,0.1173759286572979,0.6112097929344367,FALSE,FALSE,2024,"La autonomía directiva y gestión escolar pública de una institución educativa de Ayacucho, 2023",NA,OpenAlex,metadata,1.077642204063249
record:d228b52cc0e215b639fc4a2d,record:d228b52cc0e215b639fc4a2d,STM-METADATA-ES,metadata,es,12,0.9158810494464683,4,0.06784120004918585,0.8480398493972825,FALSE,FALSE,2024,Liderazgo directivo y las habilidades sociales en la gestión escolar de una institución educativa de Lima – 2024,NA,OpenAlex,metadata,0.36356536386267413
record:31ae656430daaf8c150e0317,record:31ae656430daaf8c150e0317,STM-METADATA-ES,metadata,es,12,0.5782980661563606,4,0.27968323421348984,0.29861483194287075,FALSE,FALSE,2024,"Gestión escolar y desempeño docente en Instituciones Educativas Públicas, Lima - Santa Anita 2024",NA,OpenAlex,metadata,1.0848859446867123
record:48a68b0d4af01995fdcd52bf,record:48a68b0d4af01995fdcd52bf,STM-METADATA-ES,metadata,es,12,0.5968884055946966,10,0.20894808368281148,0.3879403219118851,FALSE,FALSE,2022,"Gestión escolar en la participación de los padres de familia en las instituciones educativas de la UGEL 02, Lima 2022.",NA,OpenAlex,metadata,1.0563405722768398
record:4a3a784e3827d8e4eb364003,record:4a3a784e3827d8e4eb364003,STM-METADATA-ES,metadata,es,12,0.6260050142544972,4,0.1993951006543866,0.4266099136001106,FALSE,FALSE,2024,"Competencias directivas y formación profesional en la gestión escolar según los docentes de instituciones educativas públicas, distrito Cusco-2023",NA,OpenAlex,metadata,1.1521707641400747
record:230fa382d9a1281aa8d08166,record:230fa382d9a1281aa8d08166,STM-METADATA-ES,metadata,es,12,0.47914189172938676,4,0.17267625099140782,0.30646564073797894,FALSE,FALSE,2024,Liderazgo directivo y compromisos de gestión escolar en una institución educativa de Tarma-2024,NA,OpenAlex,metadata,1.6850648488850613
record:1b96c0c440d4cb290d260d18,record:1b96c0c440d4cb290d260d18,STM-METADATA-ES,metadata,es,12,0.902375247583178,4,0.08607704752543244,0.8162982000577456,FALSE,FALSE,2024,Liderazgo sostenible y compromisos de gestión escolar en instituciones educativas de nivel primaria de la provincia de Huancayo,NA,OpenAlex,metadata,0.3787279929356312
record:63564ec815413f42fd35c1f5,record:63564ec815413f42fd35c1f5,STM-METADATA-ES,metadata,es,12,0.42657512881337994,4,0.2518719122563287,0.17470321655705123,FALSE,FALSE,2024,"Gestión escolar y convivencia escolar en un colegio público del distrito de Chosica, 2024",NA,OpenAlex,metadata,1.5060683389693585
record:5b4259cd4ca122dc1637e8b8,record:5b4259cd4ca122dc1637e8b8,STM-METADATA-ES,metadata,es,12,0.7443098562252273,4,0.20052032950949047,0.5437895267157368,FALSE,FALSE,2024,"Desempeño directivo y gestión escolar desde la percepción docente en dos instituciones educativas, Ayacucho, 2023",NA,OpenAlex,metadata,0.7906704608727229
record:aa016509c2facadcb5287372,record:aa016509c2facadcb5287372,STM-METADATA-ES,metadata,es,12,0.6167306047984071,4,0.2542197575888774,0.36251084720952975,FALSE,FALSE,2022,Programa de segunda especialidad en gestión escolar y desarrollo del liderazgo pedagógico en directores de la UGEL Huamanga,NA,OpenAlex,metadata,1.0879178020588491
record:4853cecb2e66c8b89998e4d6,record:4853cecb2e66c8b89998e4d6,STM-METADATA-ES,metadata,es,12,0.9682649547591673,4,0.023162516173879006,0.9451024385852883,FALSE,FALSE,2024,"Gestión escolar y desempeño directivo en los centros de educación básica alternativa de la UGEL 02 - Lima, 2023",NA,OpenAlex,metadata,0.17653072262161085
record:eef1775138e93f4dfc4a9af3,record:eef1775138e93f4dfc4a9af3,STM-METADATA-ES,metadata,es,12,0.941949526885001,4,0.047016103750057804,0.8949334231349432,FALSE,FALSE,2024,Compromisos de gestión escolar y desempeño directivo en una institución de educación secundaria de la provincia de Huancabamba,NA,OpenAlex,metadata,0.2721774423722887
record:a8855e3e6da21998c61a2681,record:a8855e3e6da21998c61a2681,STM-METADATA-ES,metadata,es,10,0.4226636368435075,4,0.39669788874805034,0.025965748095457153,FALSE,TRUE,2024,"Satisfacción de la gestión escolar y participación de padres de familia en una institución educativa pública, Virú 2024",NA,OpenAlex,metadata,1.1683211133804219
record:73f95a50a70e2d757a445f72,record:73f95a50a70e2d757a445f72,STM-METADATA-ES,metadata,es,12,0.6937618540412924,4,0.2876942046473291,0.40606764939396334,FALSE,FALSE,2024,"Liderazgo compartido, compromisos de gestión escolar y niveles de logro en una institución educativa rural de Otuzco, 2023",NA,OpenAlex,metadata,0.7233163947998323
record:b93775db4af0ed0593257503,record:b93775db4af0ed0593257503,STM-METADATA-ES,metadata,es,4,0.4482562012427642,12,0.33061092013531534,0.11764528110744887,FALSE,FALSE,2025,La participación de los padres en la gestión escolar a distancia en la Institución Educativa Inicial No 282 Apurimac 2023,NA,OpenAlex,metadata,1.1596071518171844
record:e424a8740dae2684b1e6cc50,record:e424a8740dae2684b1e6cc50,STM-METADATA-ES,metadata,es,12,0.6060672625936646,4,0.3011727754864372,0.3048944871072274,FALSE,FALSE,2022,"Gestión escolar y calidad educativa en la Institución Educativa N° 1143 Domingo Faustino Sarmiento del distrito de Ate-Vitarte, UGEL 06 en el año 2020",NA,OpenAlex,metadata,0.9956558663895596
record:c3efd33fe434f4a4134532ac,record:c3efd33fe434f4a4134532ac,STM-METADATA-ES,metadata,es,12,0.9309446286340336,4,0.04399603453985074,0.8869485940941828,FALSE,FALSE,2024,"Trabajo colaborativo, práctica pedagógica y la gestión escolar en los docentes de instituciones educativas del nivel primario, Cusco-2023",NA,OpenAlex,metadata,0.3536118575213005
record:68baa4a964936bbf6ff578d2,record:68baa4a964936bbf6ff578d2,STM-METADATA-ES,metadata,es,12,0.7534087842892873,14,0.1856318818097842,0.5677769024795031,FALSE,FALSE,2024,"Desempeño directivo y formación académica en los compromisos de gestión escolar de directores de las instituciones educativas, Cusco - 2023",NA,OpenAlex,metadata,0.802781713868114
record:12c6c72565532cd983025ba4,record:12c6c72565532cd983025ba4,STM-METADATA-ES,metadata,es,12,0.9174132257531871,4,0.06995379583801853,0.8474594299151685,FALSE,FALSE,2024,"Liderazgo educativo intermedio y gestión escolar autónoma en especialistas y directivos de educación básica regular en Lima Metropolitana, 2023",NA,OpenAlex,metadata,0.3459881096796775
record:f849db3dffde6534a4bfe347,record:f849db3dffde6534a4bfe347,STM-METADATA-ES,metadata,es,4,0.8344187402347132,14,0.06109303326699539,0.7733257069677177,FALSE,FALSE,2025,"El trabajo colegiado y la gestión escolar en docentes de una institución educativa de San Juan de Miraflores, 2025",NA,OpenAlex,metadata,0.751320738083001
record:91511b488e7dee35888c5203,record:91511b488e7dee35888c5203,STM-METADATA-ES,metadata,es,12,0.9654837037895012,4,0.023419715128000958,0.9420639886615002,FALSE,FALSE,2024,Competencia directiva y evaluación de la gestión escolar en la IE 5168 Rosa Luz. Puente Piedra. Lima,NA,OpenAlex,metadata,0.1937887298986105
record:20f37c0354b54959322b1f50,record:20f37c0354b54959322b1f50,STM-METADATA-ES,metadata,es,4,0.8520261289558608,10,0.0974617142056714,0.7545644147501894,FALSE,FALSE,2025,"Programa de involucramiento para padres de familia en la gestión escolar en una institución educativa Paita, 2025",NA,OpenAlex,metadata,0.5815057983563395
record:7f45a56b22d124a80cc15aac,record:7f45a56b22d124a80cc15aac,STM-METADATA-ES,metadata,es,10,0.3919307067835212,2,0.2523364353606305,0.13959427142289071,FALSE,FALSE,2025,"Plan de gestión escolar para la participación familiar en el proceso educativo en una institución educativa inicial de Incahuasi, 2025",NA,OpenAlex,metadata,1.5867684555650676
record:046d6e6f2d29f8f907b1b8e1,record:046d6e6f2d29f8f907b1b8e1,STM-METADATA-ES,metadata,es,4,0.7876304231058776,12,0.19335838663103874,0.5942720364748388,FALSE,FALSE,2024,Gestión escolar en la calidad educativa de una institución educativa del distrito de Chincha Baja en la ciudad de Ica,NA,OpenAlex,metadata,0.61903881865022925
record:37a4724ff00500cddf14453e,record:37a4724ff00500cddf14453e,STM-METADATA-ES,metadata,es,12,0.9586841863885186,4,0.016062386255866656,0.942621800132652,FALSE,FALSE,2023,Liderazgo distribuido y gestión escolar en las Instituciones Educativas del Distrito de Anta – Acobamba,NA,OpenAlex,metadata,0.2500289418282757
record:47ae0e47ca58fa691763cd71,record:47ae0e47ca58fa691763cd71,STM-METADATA-ES,metadata,es,12,0.9691102700700319,4,0.024015270871888844,0.9450949991981431,FALSE,FALSE,2025,"Planeamiento estratégico y gestión escolar en las instituciones educativas de educación secundaria de San Vicente – Cañete, 2024",NA,OpenAlex,metadata,0.16836608838649103
record:d27e0e292a5035473a1ded07,record:d27e0e292a5035473a1ded07,STM-METADATA-ES,metadata,es,2,0.35682750497972215,10,0.3359641565937804,0.020863348385941727,FALSE,TRUE,2024,"Estrategia de gestión escolar para mejorar la vinculación escuela-comunidad desde una institución educativa de Paucarpata, Arequipa-2023",NA,OpenAlex,metadata,1.6229965105343367
record:0fefacd7d12b218e05bb0cda,record:0fefacd7d12b218e05bb0cda,STM-METADATA-ES,metadata,es,11,0.8004535564134269,4,0.13902702054900445,0.6614265358644225,FALSE,FALSE,2024,"Gestión escolar en la atención a estudiantes con altas capacidades en una institución educativa de Yurimaguas, 2023",NA,OpenAlex,metadata,0.7451462159048351
record:bd514b46a0eee14c117c29f9,record:bd514b46a0eee14c117c29f9,STM-METADATA-ES,metadata,es,12,0.9689759163129628,4,0.02306951719164535,0.9459063991213175,FALSE,FALSE,2024,Desempeño directivo y gestión escolar en las Instituciones Educativas del Nivel Inicial del Ámbito de UGEL La Convención 2022,NA,OpenAlex,metadata,0.17214719044091994
record:acc0f2a73ba196432d9cb2ab,record:acc0f2a73ba196432d9cb2ab,STM-METADATA-ES,metadata,es,4,0.3443807469157809,12,0.31552269526165977,0.028858051654121142,FALSE,TRUE,2025,"Gestión escolar y gestión por resultados en una institución educativa pública, Ventanilla - Callao 2025",NA,OpenAlex,metadata,1.3639093487318108
record:27534bcf64e5aacaa57676c1,record:27534bcf64e5aacaa57676c1,STM-METADATA-ES,metadata,es,12,0.9780335943334028,4,0.012477587836344908,0.9655560064970579,FALSE,FALSE,2023,Gestión escolar y habilidades digitales post Covid-19 en docentes de secundaria del distrito de El Tambo - 2023,NA,OpenAlex,metadata,0.14030983146131498
record:9842d145b1974e47fe1d052d,record:9842d145b1974e47fe1d052d,STM-METADATA-ES,metadata,es,12,0.959952955762759,4,0.02804855265259704,0.9319044031101619,FALSE,FALSE,2024,"Habilidades directivas en la gestión escolar desde la percepción de docentes de una RED educativa de San Antonio- Huarochirí, 2023",NA,OpenAlex,metadata,0.2169472263849245
record:87e97a8d86979f86b9141b33,record:87e97a8d86979f86b9141b33,STM-METADATA-ES,metadata,es,12,0.8665518113759549,4,0.11509059379905323,0.7514612175769018,FALSE,FALSE,2024,"Gestión escolar y compromiso docente en instituciones educativas de nivel inicial del distrito de Puente Piedra,2024",NA,OpenAlex,metadata,0.4837369724576536
record:965761d639eca23bc3b7f88f,record:965761d639eca23bc3b7f88f,STM-METADATA-ES,metadata,es,4,0.3898286083057358,2,0.23949331539618618,0.1503352929095496,FALSE,FALSE,2025,Gestión escolar: Taller para la mejora continua de docentes de la Institución Educativa No32231 “Hipólito Unanue” de obas,NA,OpenAlex,metadata,1.6709907807254272
record:653ba911f81cdd26c071ca1d,record:653ba911f81cdd26c071ca1d,STM-METADATA-ES,metadata,es,12,0.9337593384940798,4,0.05007061750901374,0.883688720985066,FALSE,FALSE,2025,"Relación entre la autoeficacia en gestión y los compromisos de gestión escolar en Instituciones Educativas Rurales de San Pablo de Occo, Angaraes-Huancavelica 2024.",NA,OpenAlex,metadata,0.3124634397560848
record:0313b153e64dec8d0d6b8e92,record:0313b153e64dec8d0d6b8e92,STM-METADATA-ES,metadata,es,10,0.6143803629338562,4,0.1904711623064781,0.42390920062737814,FALSE,FALSE,2025,"Nivel de satisfacción de los padres de familia con la gestión escolar de la Institución Educativa Inicial 020, distrito Veintiséis de Octubre, Piura-2025",NA,OpenAlex,metadata,1.065241068289257
record:fb1d5e9c02c0c38de9b4577c,record:fb1d5e9c02c0c38de9b4577c,STM-METADATA-ES,metadata,es,9,0.4453052569584526,4,0.3090644689555416,0.13624078800291095,FALSE,FALSE,2025,"Propuesta de un modelo de sistema web para mejorar la gestión escolar en la Institución Educativa 2079, Lima-Perú 2025",NA,OpenAlex,metadata,1.496805451931683
record:49f081ad6b985c0c9491b28a,record:49f081ad6b985c0c9491b28a,STM-METADATA-ES,metadata,es,11,0.4293395048962007,12,0.21705897799822294,0.21228052689797777,FALSE,FALSE,2025,"Información de la ficha de monitoreo simon y la asistencia técnica del cuarto compromiso de gestión escolar, Jauja, 2023",NA,OpenAlex,metadata,1.7105896636495548
doi:10.23857/pc.v11i4.11424,doi:10.23857/pc.v11i4.11424,STM-METADATA-ES,metadata,es,11,0.37099219486298435,12,0.2980211973696916,0.07297099749329272,FALSE,TRUE,2026,Institucionalización del Diseño Universal para el Aprendizaje: modelo de gestión escolar en Ecuador,10.23857/pc.v11i4.11424,OpenAlex,metadata,1.7821409451488646
record:7ef2ed2dab438c782a9b3190,record:7ef2ed2dab438c782a9b3190,STM-METADATA-ES,metadata,es,4,0.41574599955099173,11,0.22633542455824457,0.18941057499274716,FALSE,FALSE,2025,"Propuesta de mejora para fortalecer la gestión escolar mediante un sistema inclusivo e innovador en la Institución Educativa integrada 34237 “San Juan” – Oxapampa, 2025",NA,OpenAlex,metadata,1.6590649554442092
record:15e79a07c767e79179e8cf7b,record:15e79a07c767e79179e8cf7b,STM-METADATA-ES,metadata,es,10,0.7076871892097263,12,0.19809350483372742,0.5095936843759988,FALSE,FALSE,2024,"Satisfacción de los padres de familia del nivel de educación primaria respecto de la gestión escolar del colegio María Reina Marianistas de Lima, 2023",NA,OpenAlex,metadata,0.9502922089306346
record:344b787a280c2ca585cd6f78,record:344b787a280c2ca585cd6f78,STM-METADATA-ES,metadata,es,12,0.7963863628728151,2,0.07977432730286066,0.7166120355699543,FALSE,FALSE,2024,"Las estrategias gerenciales y su relación con la gestión escolar de la Red Educativa “El Parco” del Distrito de San José de Lourdes, San Ignacio, Cajamarca, año 2019",NA,OpenAlex,metadata,0.8589914356835735
record:53363b18ade16a1c4f6018c9,record:53363b18ade16a1c4f6018c9,STM-METADATA-ES,metadata,es,12,0.3611648237714705,6,0.27653244114558834,0.08463238262588219,FALSE,TRUE,2024,Impacto de la IA generativa en la gestión escolar en instituciones educativas públicas de primaria UGEL Cusco 2024,NA,OpenAlex,metadata,1.438099440056707
record:0740d60b21efd64b4d27ab20,record:0740d60b21efd64b4d27ab20,STM-METADATA-ES,metadata,es,12,0.4336790712475154,4,0.25924355651413106,0.17443551473338437,FALSE,FALSE,2025,"Gestión escolar y el plan anual de trabajo en una institución educativa de un distrito de Lima, 2024",NA,OpenAlex,metadata,1.6795449680702852
record:9e98f21f1e94e17a2df21998,record:9e98f21f1e94e17a2df21998,STM-METADATA-ES,metadata,es,10,0.651962562461793,4,0.19549186556135498,0.45647069690043796,FALSE,FALSE,2026,"Satisfacción de los padres de familia del nivel de educación secundaria respecto de la gestión escolar del colegio María Reina Marianistas de Lima, 2025",NA,OpenAlex,metadata,0.997221032623402
record:e5fc2c69bf40e0453e83cef3,record:e5fc2c69bf40e0453e83cef3,STM-METADATA-ES,metadata,es,12,0.7153911076109799,14,0.11632569814577728,0.5990654094652026,FALSE,FALSE,2023,"La gestión pedagógica de la dirección regional de educación del Callao y su impacto en el logro de los compromisos de gestión escolar en las II.EE. públicas secundarias del Callao, 2019",NA,OpenAlex,metadata,1.1608607985754171
record:f79d9e248f6ca66c86dfb756,record:f79d9e248f6ca66c86dfb756,STM-METADATA-ES,metadata,es,4,0.3114467972334472,9,0.25821191492028434,0.05323488231316287,FALSE,TRUE,2025,"Percepción docente sobre el uso de inteligencia artificial en la gestión escolar de una institución educativa pública de Comas, 2025",NA,OpenAlex,metadata,1.8027929816119816
record:4ddb09fa493b7deffa4dd543,record:4ddb09fa493b7deffa4dd543,STM-METADATA-ES,metadata,es,10,0.5099273907208716,8,0.19032764855417444,0.3195997421666971,FALSE,FALSE,2024,"Propuesta de mejora en las herramientas de Gestión escolar, eje de Convivencia de la Unidad Educativa General Antonio Farfán, Cuenca-Azuay, 2023",NA,OpenAlex,metadata,1.4744591652197148
record:bcb2505bdab228e555c0fde1,record:bcb2505bdab228e555c0fde1,STM-METADATA-ES,metadata,es,10,0.7105789474214881,12,0.1813113982841808,0.5292675491373073,FALSE,FALSE,2025,"Satisfacción de los padres de familia de 4.° y 5.° de Secundaria de Educación Básica Regular y del Programa del Diploma del Bachillerato Internacional respecto de la gestión escolar de la IE Capitán FAP José Abelardo Quiñones Gonzales, Lima, 2023",NA,OpenAlex,metadata,0.8854923224732743
record:3052f0cd7c2c7239ff3528d7,record:3052f0cd7c2c7239ff3528d7,STM-METADATA-ES,metadata,es,11,0.8723650604913811,4,0.0272685496808414,0.8450965108105397,FALSE,FALSE,2024,"Gestión escolar y aprendizajes significativos en estudiantes de cinco años de educación inicial del distrito de Callería-Ucayali, 2021",NA,OpenAlex,metadata,0.6838710993311012
record:4e0bf8772db07419148820f0,record:4e0bf8772db07419148820f0,STM-METADATA-ES,metadata,es,4,0.5138194636810458,12,0.2552243854053204,0.2585950782757254,FALSE,FALSE,2025,Relaciones interpersonales y la gestión de la escuela articulada a la comunidad educativa en una UGEL de Amazonas año 2025,NA,OpenAlex,metadata,1.156524668980119
record:d4d2781e5738e57b3d7b9d9d,record:d4d2781e5738e57b3d7b9d9d,STM-METADATA-ES,metadata,es,6,0.5244049358583013,12,0.2539014230106682,0.2705035128476331,FALSE,FALSE,2024,Pensamiento crítico reflexivo en la práctica de gestión en instituciones educativas públicas UGEL Urubamba Cusco 2024,NA,OpenAlex,metadata,1.1393741337558996
record:303f7a684d2721a57bc643f0,record:303f7a684d2721a57bc643f0,STM-METADATA-ES,metadata,es,4,0.5050052150523823,12,0.4138008728050934,0.09120434224728885,FALSE,TRUE,2025,Liderazgo directivo y desempeño docente en instituciones educativas públicas de secundaria de Víctor Larco en 2025,NA,OpenAlex,metadata,1.0384727470153472
record:cdd10fd34d025698299fb706,record:cdd10fd34d025698299fb706,STM-METADATA-ES,metadata,es,10,0.945096519052421,4,0.02706242536880839,0.9180340936836126,FALSE,FALSE,2025,Funcionamiento familiar y bienestar psicológico en la convivencia escolar en estudiantes de secundaria,NA,OpenAlex,metadata,0.30415197635939223
record:c632dc4a8a55ad5c823d0ed7,record:c632dc4a8a55ad5c823d0ed7,STM-METADATA-ES,metadata,es,11,0.9763072255237312,4,0.005632396892741765,0.9706748286309894,FALSE,FALSE,2025,"Factores que favorecen o limitan la aplicación transversal del enfoque ambiental en el marco de la Política Nacional de Educación Ambiental: Estudio de caso: I.E. 88104 María Parado de Bellido en el departamento de Ancash entre los años 2021 y 2023,",NA,OpenAlex,metadata,0.1673670815339139
record:c1fe58df8ccb43cc1b8c1762,record:c1fe58df8ccb43cc1b8c1762,STM-METADATA-ES,metadata,es,4,0.23591902007681256,2,0.23032998767755283,0.00558903239925973,FALSE,TRUE,2024,Liderazgo pedagógico en la comunidad profesional de aprendizaje en una Institución Educativa Pública de gestión directa de la UGEL Arequipa Norte- 2023,NA,OpenAlex,metadata,2.047689540651236
record:c7af1f7e773a8d2e2df0c575,record:c7af1f7e773a8d2e2df0c575,STM-METADATA-ES,metadata,es,11,0.47467839849450905,10,0.37347199792138847,0.10120640057312058,FALSE,FALSE,2025,Buena práctica minka en la Institución Educativa Manuel Gonzales Prada de Asunción 2015-2019 y propuesta para la Mejora de la Gestión Educativa en Instituciones Educativas Rurales de Cajamarca,NA,OpenAlex,metadata,1.2266919925407243
record:335df843587126d97910cdb9,record:335df843587126d97910cdb9,STM-METADATA-ES,metadata,es,4,0.8211753640529252,9,0.07883875945165633,0.7423366046012689,FALSE,FALSE,2025,"Herramientas digitales en el desarrollo de gestión educativa remota en la Institución Educativa Pillko Marka, Huánuco, 2023”.",NA,OpenAlex,metadata,0.7348918292462913
record:8f4c1697ea8f6e34f4f595a7,record:8f4c1697ea8f6e34f4f595a7,STM-METADATA-ES,metadata,es,2,0.3845607887362236,14,0.3448692601249566,0.03969152861126701,FALSE,TRUE,2020,"El liderazgo directivo y su relación con la convivencia en la I.E. N° 56263 ""San Antonio"" del Distrito de Chamaca, provincia de Chumbivilcas, Cusco",NA,OpenAlex,metadata,1.6827384565469086
record:69adae0dca797ce936826e6f,record:69adae0dca797ce936826e6f,STM-METADATA-ES,metadata,es,11,0.6702001234348359,15,0.1807930517850284,0.4894070716498075,FALSE,FALSE,2023,Reinserción y continuidad educativa: Retención de estudiantes de Secundaria en riesgo de interrumpir los estudios,NA,OpenAlex,metadata,1.1744981051821783
record:6afcb01f96b6be8db3d14fc0,record:6afcb01f96b6be8db3d14fc0,STM-METADATA-ES,metadata,es,4,0.7140729222187494,12,0.09712155601609747,0.6169513662026519,FALSE,FALSE,2025,"Gestión directiva en el acompañamiento pedagógico de docentes de una institución educativa pública de Bagua, Amazonas, 2025",NA,OpenAlex,metadata,1.0682096982964648
record:e604ab57cd5310aac7b01281,record:e604ab57cd5310aac7b01281,STM-METADATA-ES,metadata,es,4,0.43126918530151587,10,0.3580406934227686,0.07322849187874725,FALSE,TRUE,2025,Clima institucional y su implicancia en el desempeño laboral en docentes de instituciones educativas públicas de Atalaya Ucayali 2025,NA,OpenAlex,metadata,1.2333437056554828
record:46f8692712e36314fb9e9a6b,record:46f8692712e36314fb9e9a6b,STM-METADATA-ES,metadata,es,4,0.561370457253857,11,0.24677940014982788,0.3145910571040291,FALSE,FALSE,2025,"El Método de las 6 M y la Calidad educativa en estudiantes de una Institución Educativa de Lima Este, 2025",NA,OpenAlex,metadata,1.3823704762502809
record:c45c9471018840e8cc9a1c51,record:c45c9471018840e8cc9a1c51,STM-METADATA-ES,metadata,es,12,0.7392605380029073,4,0.1843264905995755,0.5549340474033317,FALSE,FALSE,2025,"Liderazgo directivo en el clima institucional en instituciones educativas públicas de Conchán, Cajamarca, 2025",NA,OpenAlex,metadata,0.8831252523335155
record:6d2865cf713b4c17f9421418,record:6d2865cf713b4c17f9421418,STM-METADATA-ES,metadata,es,4,0.4677295896282012,10,0.38240451267806724,0.08532507695013397,FALSE,TRUE,2024,Estrategias de integración familia escuela para la participación de padres de familia en una institución educativa de Llama – 2024,NA,OpenAlex,metadata,1.2471510394127463
record:1c2003ea54676d15ffa1072c,record:1c2003ea54676d15ffa1072c,STM-METADATA-ES,metadata,es,12,0.7135289913136152,11,0.1352931180083893,0.578235873305226,FALSE,FALSE,2025,"Marco del buen desempeño directivo y logro del compromiso de gestión en instituciones educativas públicas del Distrito de Hualmay, 2022",NA,OpenAlex,metadata,1.063596664053949
record:a2b7ad6f7cd8662066b5595e,record:a2b7ad6f7cd8662066b5595e,STM-METADATA-ES,metadata,es,4,0.4312715743041549,2,0.20772567453887236,0.22354589976528255,FALSE,FALSE,2025,Modelo de planeamiento estratégico para los compromisos de gestión en las instituciones educativas del sector Veintiséis de Octubre Piura-2024,NA,OpenAlex,metadata,1.7208406353269683
record:5b55d406f671f2815fe272a3,record:5b55d406f671f2815fe272a3,STM-METADATA-ES,metadata,es,12,0.685208474311705,4,0.29970121049784515,0.3855072638138598,FALSE,FALSE,2024,"La gestión educativa y desempeño docente en las Instituciones Educativas de la Red-Jivia Lauricocha, 2023",NA,OpenAlex,metadata,0.7137513817635666
record:53e2e100938846d2f15e097d,record:53e2e100938846d2f15e097d,STM-METADATA-ES,metadata,es,12,0.5154171957899106,4,0.30118016718490326,0.21423702860500737,FALSE,FALSE,2025,Liderazgo directivo y el compromiso organizacional docente en instituciones públicas de Zapallal 2025,NA,OpenAlex,metadata,1.1846926560903934
record:39716cc45d0ae34c94c1fc27,record:39716cc45d0ae34c94c1fc27,STM-METADATA-ES,metadata,es,4,0.7356472525983729,12,0.08250121806619143,0.6531460345321816,FALSE,FALSE,2026,"Modelo de gestión colaborativa escolar para el desempeño docente en instituciones educativas de nivel primario de Cajamarca, 2025",NA,OpenAlex,metadata,1.078649822027463
record:3fcc0ba82c7b672f85ea6682,record:3fcc0ba82c7b672f85ea6682,STM-METADATA-ES,metadata,es,4,0.6991801318717544,11,0.16463241305071324,0.5345477188210412,FALSE,FALSE,2025,Estrategias metodológicas en el desempeño docente del nivel inicial de las instituciones educativas de Pichanaki- 2024,NA,OpenAlex,metadata,0.9484486333014849
record:dd81069ce9eb88d9fa841afb,record:dd81069ce9eb88d9fa841afb,STM-METADATA-ES,metadata,es,4,0.9251274608560586,12,0.03613324835818375,0.8889942124978748,FALSE,FALSE,2023,"Acompañamiento pedagogico para fortalecer el desempeño docente en una institución educativa Tugaduaja, 2023",NA,OpenAlex,metadata,0.3920692043929006
record:d3ae219f638220faf5e30081,record:d3ae219f638220faf5e30081,STM-METADATA-ES,metadata,es,14,0.905807919507239,11,0.0257961259812645,0.8800117935259746,FALSE,FALSE,2025,¿Qué debería hacer el Encargado de Convivencia Escolar? Recomendaciones desde el reconocimiento en el trabajo,NA,OpenAlex,metadata,0.5161498156631767
record:5979b68fdd06699b9a94e966,record:5979b68fdd06699b9a94e966,STM-METADATA-ES,metadata,es,4,0.29699495396336456,14,0.2590421610603549,0.03795279290300968,FALSE,TRUE,2024,"Explorando la autonomía del personal directivo de una institución educativa pública de Los Olivos, 2024",NA,OpenAlex,metadata,1.8155237570375147
record:8c50f30b955969db609f2fe5,record:8c50f30b955969db609f2fe5,STM-METADATA-ES,metadata,es,4,0.8353386901541139,8,0.08617560173882838,0.7491630884152856,FALSE,FALSE,2025,"Programa de gestión educativa estratégica para mejorar el liderazgo transformacional en una institución educativa de Vista Alegre, Chingama-Bellavista, 2024",NA,OpenAlex,metadata,0.7008038615823712
record:bc2c4ba7e57acdc97416369a,record:bc2c4ba7e57acdc97416369a,STM-METADATA-ES,metadata,es,12,0.6638595663011138,4,0.19025093906340362,0.47360862723771013,FALSE,FALSE,2024,Desempeño directivo en la gestión administrativa desde la percepción docente de dos instituciones educativas públicas de Huancané Puno 2024,NA,OpenAlex,metadata,1.1223960592989195
record:f6e6b8053aff2de27decfed9,record:f6e6b8053aff2de27decfed9,STM-METADATA-ES,metadata,es,10,0.6828147040964689,14,0.11326186177478181,0.5695528423216871,FALSE,FALSE,2025,"Percepciones de directores sobre la participación de padres de familia en gestión educativa de zonas rurales de Tingo María, 2025",NA,OpenAlex,metadata,1.2111577609333846
record:f7658f33a5c05f748cdc5ad9,record:f7658f33a5c05f748cdc5ad9,STM-METADATA-ES,metadata,es,12,0.3882867112235308,2,0.20108561396476385,0.18720109725876696,FALSE,FALSE,2023,Nivel de ansiedad y rendimiento académico en estudiantes de cuarto grado de primaria de una institución educativa de Puno 2023,NA,OpenAlex,metadata,1.7953741556570497
record:b8e2f3e95f07b0a8eb212705,record:b8e2f3e95f07b0a8eb212705,STM-METADATA-ES,metadata,es,4,0.9410582263680525,12,0.04124239058632959,0.8998158357817229,FALSE,FALSE,2025,"Autoestima y desempeño docente en una institución educativa pública, El Agustino 2025",NA,OpenAlex,metadata,0.29464812986428185
record:c6dd795f745b8bddb0e858fc,record:c6dd795f745b8bddb0e858fc,STM-METADATA-ES,metadata,es,4,0.8137987738349914,11,0.11908430016211576,0.6947144736728756,FALSE,FALSE,2025,"Acompañamiento pedagógico y desempeño docente en la IE 00123 de Segunda Jerusalén en la provincia Rioja, 2024",NA,OpenAlex,metadata,0.7092272912937411
record:bbeacdc755cf8346affa8d9b,record:bbeacdc755cf8346affa8d9b,STM-METADATA-ES,metadata,es,4,0.508546252071946,9,0.40082393815851003,0.10772231391343601,FALSE,FALSE,2025,"Plataformas tecnológicas en la administración escolar y eficiencia operativa en una institución educativa Surquillo, 2025",NA,OpenAlex,metadata,1.1185920027706735
record:225ed9ec1267392f26accd4e,record:225ed9ec1267392f26accd4e,STM-METADATA-ES,metadata,es,4,0.6798420424647769,2,0.17652328107120968,0.5033187613935672,FALSE,FALSE,2024,"Modelo de gestión por procesos para la calidad en el servicio educativo en una institución educativa de Lambayeque, 2024",NA,OpenAlex,metadata,1.060507263651624
record:a4579e02ab676f98dcf9e867,record:a4579e02ab676f98dcf9e867,STM-METADATA-ES,metadata,es,12,0.8830420343207344,10,0.06870671857425867,0.8143353157464757,FALSE,FALSE,2023,"Gestión directiva y clima organizacional en docentes de las instituciones educativas de la UGEL 04 - Comas, 2022",NA,OpenAlex,metadata,0.5230994865328252
record:765fb95c17dba357d4ae3bd3,record:765fb95c17dba357d4ae3bd3,STM-METADATA-ES,metadata,es,11,0.34300069034056085,4,0.1811189068675433,0.16188178347301754,FALSE,FALSE,2025,Estrategias públicas y liderazgo educativo como enfoque hacia el desarrollo profesional directivo,NA,OpenAlex,metadata,1.9719829464251346
doi:10.35537/10915/193460,doi:10.35537/10915/193460,STM-METADATA-ES,metadata,es,7,0.783702865992184,8,0.0850679970741797,0.6986348689180043,FALSE,FALSE,2026,La dirección escolar,10.35537/10915/193460,OpenAlex,metadata,0.9507660906602324
record:4484384c2f354ac550362d5d,record:4484384c2f354ac550362d5d,STM-METADATA-ES,metadata,es,11,0.6163057262847265,2,0.23261057550258543,0.383695150782141,FALSE,FALSE,2025,"El impacto de la modernización administrativa en la dirección escolar y su relación con el aprendizaje académico en los estudiantes del nivel secundaria de la EBR, Requena, Loreto, 2023",NA,OpenAlex,metadata,1.2645075029654338
record:5f41b54336170ab7d72d356e,record:5f41b54336170ab7d72d356e,STM-METADATA-ES,metadata,es,12,0.7305982856239487,4,0.20801309791628853,0.5225851877076602,FALSE,FALSE,2023,Gestión educativa y calidad de servicio en las instituciones educativas del nivel secundario del distrito de Mazamari,NA,OpenAlex,metadata,0.8231985387301349
record:68adc5dc4dc712d8f244b9a3,record:68adc5dc4dc712d8f244b9a3,STM-METADATA-ES,metadata,es,12,0.4680730648352723,4,0.2504062726040831,0.21766679223118918,FALSE,FALSE,2023,Formación continua de gestión y liderazgo pedagógico de los directivos de instituciones educativas públicas de Piura,NA,OpenAlex,metadata,1.424720161818276
record:69c2b2ae56c56e2b6e1f9fa7,record:69c2b2ae56c56e2b6e1f9fa7,STM-METADATA-ES,metadata,es,4,0.5946979724294675,2,0.1789272902607304,0.41577068216873714,FALSE,FALSE,2024,"Modelo didáctico comunicativo para la calidad educativa en estudiantes de educación primaria en una institución educativa pública, Lima",NA,OpenAlex,metadata,1.325036614649782
record:ae362bc9784a8a1a51a95bf9,record:ae362bc9784a8a1a51a95bf9,STM-METADATA-ES,metadata,es,4,0.5930786754477165,12,0.14175094347862832,0.4513277319690882,FALSE,FALSE,2025,"Acompañamiento pedagógico directivo y liderazgo transformacional en los centros de educación básica alternativa del Callao, 2025",NA,OpenAlex,metadata,1.2908462099872107
record:1c4bd80dedc9da776bda8f9a,record:1c4bd80dedc9da776bda8f9a,STM-METADATA-ES,metadata,es,12,0.6536747015158056,4,0.17547016084093067,0.47820454067487494,FALSE,FALSE,2022,"Habilidades blandas y competencias gerenciales en la calidad de gestión de los procesos pedagógicos en directores de instituciones educativas públicas de Ilo, Moquegua, 2022",NA,OpenAlex,metadata,1.077434285070357
record:be47635ba376c7987a59a1e4,record:be47635ba376c7987a59a1e4,STM-METADATA-ES,metadata,es,14,0.2063716535653947,11,0.14915208914295797,0.057219564422436725,FALSE,TRUE,2023,Hacia un modelo educativo de calidad con equidad para educación básica regular en la región Arequipa,NA,OpenAlex,metadata,2.2134525146800343
record:114ae2d2b40811770ac3db30,record:114ae2d2b40811770ac3db30,STM-METADATA-ES,metadata,es,12,0.9609592464131542,4,0.023929798746903246,0.937029447666251,FALSE,FALSE,2023,"Liderazgo en la Gestión Educativa en Instituciones Educativas de unaUnidad de Gestión Educativa Local, Ayacucho 2023",NA,OpenAlex,metadata,0.2212907941681512
record:3072db7978609b2dc88c57a8,record:3072db7978609b2dc88c57a8,STM-METADATA-ES,metadata,es,4,0.619452303725025,12,0.28044140474806883,0.3390108989769562,FALSE,FALSE,2024,"Liderazgo directivo y gestión educativa en una red rural, San Román",NA,OpenAlex,metadata,1.0140827174624443
record:c9406c807ba93cf6fa0224e7,record:c9406c807ba93cf6fa0224e7,STM-METADATA-ES,metadata,es,4,0.5057158583372374,12,0.4339309264868265,0.0717849318504109,FALSE,TRUE,2025,"Gestión educativa y liderazgo directivo en Instituciones Educativas del Distrito de Tamburco, 2023",NA,OpenAlex,metadata,0.9724577708231179
record:7e4d874375680be6a8879531,record:7e4d874375680be6a8879531,STM-METADATA-ES,metadata,es,4,0.9032866356271475,12,0.08043140303953586,0.8228552325876116,FALSE,FALSE,2024,Gestión educativa y desempeño docente en una institución educativa de Trujillo 2023,NA,OpenAlex,metadata,0.3940939116240516
record:76df6ba47be2536d3d780b91,record:76df6ba47be2536d3d780b91,STM-METADATA-ES,metadata,es,4,0.8716157622985845,12,0.09868899465601565,0.7729267676425688,FALSE,FALSE,2024,Gestión educativa y práctica docente en una institución educativa pública de Cajamarca 2024,NA,OpenAlex,metadata,0.5127008079119634
record:2901b1586813273b16cb40d6,record:2901b1586813273b16cb40d6,STM-METADATA-ES,metadata,es,4,0.5556460611712546,12,0.3110714807834181,0.24457458038783647,FALSE,FALSE,2024,"Gestión educativa, satisfacción laboral y desempeño docente en una institución educativa",NA,OpenAlex,metadata,1.0737277973703143
record:9337e190f28b9d5f39de72d9,record:9337e190f28b9d5f39de72d9,STM-METADATA-ES,metadata,es,4,0.640127001642897,12,0.21302974264485233,0.42709725899804474,FALSE,FALSE,2025,Gestión educativa y desempeño docente de una Institución Educativa El Porvenir 2025,NA,OpenAlex,metadata,1.0293963552793859
record:9e0044b0d84eddd1e9085084,record:9e0044b0d84eddd1e9085084,STM-METADATA-ES,metadata,es,12,0.6466697105956243,4,0.3186302677315892,0.3280394428640351,FALSE,FALSE,2025,Liderazgo directivo y gestión educativa en las Instituciones del Distrito de Jamalca Utcubamba Amazonas,NA,OpenAlex,metadata,0.8368676329547605
record:72394eb7d6214737651df032,record:72394eb7d6214737651df032,STM-METADATA-ES,metadata,es,12,0.6868505021202539,4,0.18594020982330195,0.5009102922969519,FALSE,FALSE,2024,"Inteligencia emocional y gestión educativa en directivos de la UGEL Oxapampa, 2024",NA,OpenAlex,metadata,0.997601530797675
record:fcfc980ca236a790573a7633,record:fcfc980ca236a790573a7633,STM-METADATA-ES,metadata,es,12,0.49699222790891173,10,0.1498121987478947,0.34718002916101703,FALSE,FALSE,2025,"Percepción de la gestión educativa de una escuela, Pindal, Ecuador, 2019",NA,OpenAlex,metadata,1.6207883549941886
record:89aa52a8bebce4c721056e86,record:89aa52a8bebce4c721056e86,STM-METADATA-ES,metadata,es,12,0.5741665765308936,4,0.33603252129426053,0.2381340552366331,FALSE,FALSE,2023,"Gestión educativa y habilidades blandas en docentes de una red Educativa de Pilcuyo Puno, 2023",NA,OpenAlex,metadata,1.0231395954159186
record:d2716a06d680828ac29429b0,record:d2716a06d680828ac29429b0,STM-METADATA-ES,metadata,es,12,0.7822849103856304,4,0.20229025606994738,0.5799946543156831,FALSE,FALSE,2022,Desempeño directivo y gestión educativa en instituciones educativas en el distrito de El Tambo - Huancayo,NA,OpenAlex,metadata,0.6105465305050047
record:49981d8914b6f785e6a42b09,record:49981d8914b6f785e6a42b09,STM-METADATA-ES,metadata,es,4,0.8736796819787452,11,0.0410958009681167,0.8325838810106285,FALSE,FALSE,2024,"Gestión educativa y desempeño docente en una institución educativa particular de Ate, Lima, 2024",NA,OpenAlex,metadata,0.6080452365189627
record:7a3910e5f7ef394d33e52a7a,record:7a3910e5f7ef394d33e52a7a,STM-METADATA-ES,metadata,es,4,0.8755092152838788,12,0.053631120159308106,0.8218780951245707,FALSE,FALSE,2024,"Gestión educativa y comunicación asertiva vista por docentes de escuelas privadas, Ate 2024",NA,OpenAlex,metadata,0.6001558436732264
record:eecf0f9f6c3a110637799a48,record:eecf0f9f6c3a110637799a48,STM-METADATA-ES,metadata,es,4,0.5377539891880012,12,0.4174511557735957,0.12030283341440551,FALSE,FALSE,2023,Gestión educativa y desempeño docente en una institución educativa pública de Villa María del Triunfo,NA,OpenAlex,metadata,0.9254281738687288
record:6835044e3237dc4df6eb7350,record:6835044e3237dc4df6eb7350,STM-METADATA-ES,metadata,es,4,0.6003334352229155,12,0.3686114094115576,0.23172202581135787,FALSE,FALSE,2025,"Comunicación asertiva en la gestión educativa de instituciones educativas del sector público de Ica, 2024",NA,OpenAlex,metadata,0.8282333927654605
record:feef9a601a123d5861a02071,record:feef9a601a123d5861a02071,STM-METADATA-ES,metadata,es,4,0.9333967315399402,12,0.039117922590872344,0.8942788089490679,FALSE,FALSE,2024,Gestión educativa y desempeño docente en centros de educación básica alternativa de Lima Metropolitana - 2024,NA,OpenAlex,metadata,0.34536716478395046
record:79ba61ae88f0d08e280d9435,record:79ba61ae88f0d08e280d9435,STM-METADATA-ES,metadata,es,4,0.6103230757771576,12,0.37005995609581305,0.24026311968134456,FALSE,FALSE,2024,Gestión educativa y desempeño docente en instituciones educativas rural bilingüe del distrito de Salas - 2024,NA,OpenAlex,metadata,0.7861214975056423
record:d22d496ff3ba8a787fdaf8c1,record:d22d496ff3ba8a787fdaf8c1,STM-METADATA-ES,metadata,es,12,0.7181702369091981,4,0.18530075707486424,0.5328694798343339,FALSE,FALSE,2024,Gestión educativa estratégica y competencias digitales docentes en tres instituciones educativas de la UGEL 06,NA,OpenAlex,metadata,0.9608905447408636
record:c09b1817fa2c3c1cd693c5e5,record:c09b1817fa2c3c1cd693c5e5,STM-METADATA-ES,metadata,es,4,0.9527974891020452,12,0.0305298731585389,0.9222676159435063,FALSE,FALSE,2025,"Gestión educativa y desempeño de los docentes en una institución educativa privada, Los Olivos 2025",NA,OpenAlex,metadata,0.25411637001864684
record:271298bee279efacee36533f,record:271298bee279efacee36533f,STM-METADATA-ES,metadata,es,4,0.5188603127130913,12,0.4493329306698295,0.06952738204326181,FALSE,TRUE,2026,"Gestión Educativa y Calidad Educativa con Directivos, Docentes y Administrativos de una Institución Pública De Sullana 2025",NA,OpenAlex,metadata,0.8614421043586195
record:1dec66a1181b807fb4eb8cc5,record:1dec66a1181b807fb4eb8cc5,STM-METADATA-ES,metadata,es,4,0.4050715229350583,12,0.3726657327715033,0.03240579016355505,FALSE,TRUE,2024,"Gestión educativa y participación de los padres de familia en una institución de nivel secundario Andahuaylas, 2023",NA,OpenAlex,metadata,1.16732585835487
record:935c865eff02c3b756d9e431,record:935c865eff02c3b756d9e431,STM-METADATA-ES,metadata,es,4,0.6890948393213041,12,0.23753715016557508,0.451557689155729,FALSE,FALSE,2024,"Gestión educativa y ambiental en el desarrollo sostenible de una UGEL de Lima, 2024",NA,OpenAlex,metadata,0.9403059515674589
record:21d90b6b8d1626e74804dc6b,record:21d90b6b8d1626e74804dc6b,STM-METADATA-ES,metadata,es,4,0.471770804778215,5,0.24647558039067405,0.22529522438754093,FALSE,FALSE,2024,"Gestión educativa y educación inclusiva desde la percepción docente en instituciones educativas públicas, Pichanaki, Junín, 2024",NA,OpenAlex,metadata,1.3536631872688136
record:744e3e4fc55e526d24354df0,record:744e3e4fc55e526d24354df0,STM-METADATA-ES,metadata,es,12,0.5771253118136915,4,0.4086162052685193,0.16850910654517226,FALSE,FALSE,2025,Desempeño directivo en la gestión educativa docente de las instituciones educativas públicas de Santa Rosa de Quives Lima 2025,NA,OpenAlex,metadata,0.7723854003305293
record:cac01dfd027a5eb528aa2394,record:cac01dfd027a5eb528aa2394,STM-METADATA-ES,metadata,es,4,0.9540817646607267,12,0.03091182160331698,0.9231699430574097,FALSE,FALSE,2025,"Gestión educativa y evaluación del desempeño docente en la Institución Educativa San Francisco de Orcotuna - Concepción, 2024",NA,OpenAlex,metadata,0.24421738018518258
record:56a63fe6b37c66c51d925819,record:56a63fe6b37c66c51d925819,STM-METADATA-ES,metadata,es,12,0.6702125333966826,4,0.18231427792397525,0.4878982554727074,FALSE,FALSE,2024,"Gestión educativa en las competencias directivas y liderazgo pedagógico en una red educativa de Lima Metropolitana, 2023",NA,OpenAlex,metadata,1.151056580932923
record:e3c5b4c5b029e33946841bdb,record:e3c5b4c5b029e33946841bdb,STM-METADATA-ES,metadata,es,4,0.43344651397124995,12,0.25890155640784307,0.17454495756340688,FALSE,FALSE,2025,Gestión educativa y convivencia escolar en la Institución Educativa Estatal Francisco Vidal Laos del Distrito de Supe 2024,NA,OpenAlex,metadata,1.3690359767382108
record:a5a81065ad201e577e7e5a7a,record:a5a81065ad201e577e7e5a7a,STM-METADATA-ES,metadata,es,4,0.5656432303364358,10,0.24049540324408153,0.3251478270923543,FALSE,FALSE,2025,"Gestión educativa y convivencia escolar en estudiantes de una institución educativa pública, Lima 2024",NA,OpenAlex,metadata,1.1105292271144112
record:ec1ac1f0af097da49397378d,record:ec1ac1f0af097da49397378d,STM-METADATA-ES,metadata,es,4,0.5034695481854302,10,0.20146572369978638,0.30200382448564383,FALSE,FALSE,2025,"Clima organizacional y gestión educativa en la institución Educativa República Argentina La Noria, Trujillo 2025",NA,OpenAlex,metadata,1.4279872180869237
record:5651972b3bf664fc4c74894a,record:5651972b3bf664fc4c74894a,STM-METADATA-ES,metadata,es,4,0.6753882037889597,12,0.30145789716755966,0.37393030662140003,FALSE,FALSE,2025,Gestión educativa en la práctica docente de cuatro instituciones educativas públicas Abancay Apurímac 2024,NA,OpenAlex,metadata,0.7625099241008568
record:5849746b47d39ced5537454a,record:5849746b47d39ced5537454a,STM-METADATA-ES,metadata,es,4,0.690762919673134,12,0.28098010864424916,0.4097828110288848,FALSE,FALSE,2025,"Liderazgo transformacional y gestión educativa en una institución educativa pública UGEL 04, Comas 2025",NA,OpenAlex,metadata,0.7771297339514398
record:c334c6987aa927d1ec5a4ed3,record:c334c6987aa927d1ec5a4ed3,STM-METADATA-ES,metadata,es,4,0.5543247891564351,13,0.3466696390005257,0.2076551501559094,FALSE,FALSE,2024,"Gestión educativa en acreditación de la facultad de contabilidad en la Universidad Nacional San Luis Gonzaga de Ica ,2019",NA,OpenAlex,metadata,1.1442028931722155
record:9b0a1097618173ff01b5723c,record:9b0a1097618173ff01b5723c,STM-METADATA-ES,metadata,es,4,0.7656042754517545,12,0.1993995810569868,0.5662046943947676,FALSE,FALSE,2024,"Gestión educativa y toma de decisión en la responsabilidad social de las instituciones educativas públicas del Callao, 2023",NA,OpenAlex,metadata,0.7134732650245776
record:491fd59ec7594324a9cf5d34,record:491fd59ec7594324a9cf5d34,STM-METADATA-ES,metadata,es,4,0.7634018084652263,12,0.2091274714892085,0.5542743369760178,FALSE,FALSE,2024,Gestión educativa y planificación estratégica en una institución educativa del nivel de educación secundaria de San Juan de Lurigancho 2024,NA,OpenAlex,metadata,0.6860648398013973
record:acff39dd0d01406e061c2bc0,record:acff39dd0d01406e061c2bc0,STM-METADATA-ES,metadata,es,1,0.8181853197672133,3,0.1546578199760211,0.6635274997911922,FALSE,FALSE,2026,Desafíos y estrategias en las trayectorias escolares del secundario del equipo directivo,NA,CONICET Digital,metadata,0.6121643233182691
record:58709de2d10ce05ef2010e6a,record:58709de2d10ce05ef2010e6a,STM-METADATA-ES,metadata,es,8,0.44381367545193245,14,0.19035517723731932,0.25345849821461314,FALSE,FALSE,2026,El liderazgo pedagógico docente como elemento clave para el mejoramiento institucional del colegio Santa Teresa de Jesús.,NA,OpenAlex,metadata,1.61836887670899
record:8b9ff4a6546d91fdb2380c2c,record:8b9ff4a6546d91fdb2380c2c,STM-METADATA-ES,metadata,es,11,0.6662751770568498,4,0.2792036093382705,0.3870715677185793,FALSE,FALSE,2025,"Análisis del proceso enseñanza-aprendizaje en la calidad educativa de niños del nivel inicial de una institución educativa pública, Callao 2025",NA,OpenAlex,metadata,0.9096216547121281
doi:10.5281/zenodo.19871446,doi:10.5281/zenodo.19871446,STM-METADATA-ES,metadata,es,9,0.7088669768280537,8,0.12838293103226117,0.5804840457957925,FALSE,FALSE,2026,"Inteligencia Artificial para la Gestión del Aula: Automatización de la Asistencia, Reportes Cualitativos y Comunicación Estratégica con Familias",10.5281/zenodo.19871446,OpenAlex,metadata,1.0961664751836093
doi:10.59659/impulso.v.5i9.94,doi:10.59659/impulso.v.5i9.94,STM-METADATA-ES,metadata,es,8,0.26625791786746517,6,0.24042139908724244,0.025836518780222723,FALSE,TRUE,2025,Transformación digital y competencias gerenciales en la educación universitaria,10.59659/impulso.v.5i9.94,OpenAlex,metadata,1.7862738004010823
doi:10.33996/revistahorizontes.v9i38.1039,doi:10.33996/revistahorizontes.v9i38.1039,STM-METADATA-ES,metadata,es,16,0.4121483558423728,8,0.26659886103189034,0.14554949481048246,FALSE,FALSE,2025,Calidad del servicio educativo en escuelas del nivel secundaria en Latinoamérica: una revisión narrativa,10.33996/revistahorizontes.v9i38.1039,OpenAlex,metadata,1.8568523054627253
doi:10.52080/rvgluz.31.e15.22,doi:10.52080/rvgluz.31.e15.22,STM-METADATA-ES,metadata,es,8,0.6456480074541888,7,0.26030584923333555,0.38534215822085327,FALSE,FALSE,2026,Mediaciones culturales en la gestión educativa rural contemporánea,10.52080/rvgluz.31.e15.22,OpenAlex,metadata,1.0323478068176941
doi:10.66707/b0yr1p62,doi:10.66707/b0yr1p62,STM-METADATA-ES,metadata,es,11,0.8846987458594697,1,0.02772155516334826,0.8569771906961214,FALSE,FALSE,2026,El desarrollo de competencias fundamentales en los estudiantes de secundaria en República Dominicana: retos y perspectivas,10.66707/b0yr1p62,OpenAlex,metadata,0.6228975818857672
doi:10.70141/run.14.1230,doi:10.70141/run.14.1230,STM-METADATA-ES,metadata,es,11,0.5905781815073002,15,0.14113745373771516,0.4494407277695851,FALSE,FALSE,2026,"El desarrollo profesional docente en escuelas multigrado en Ecuador: necesidades, intereses y oportunidades de formación continua",10.70141/run.14.1230,OpenAlex,metadata,1.3898739121782762
record:c57a0586b823885ca0a95749,record:c57a0586b823885ca0a95749,STM-METADATA-ES,metadata,es,12,0.72382091419986,4,0.11609627199253916,0.6077246422073209,FALSE,FALSE,2020,Gestión educativa y desempeño docente en instituciones educativas inclusivas de primaria,NA,OpenAlex,metadata,1.0391794302548392
doi:10.59282/reincisol.v5(9)1524,doi:10.59282/reincisol.v5(9)1524,STM-METADATA-ES,metadata,es,13,0.7204899336752365,8,0.24790047240270852,0.472589461272528,FALSE,FALSE,2026,"Educación artística, diversidad cultural e identidades múltiples: desafíos para la gestión educativa",10.59282/reincisol.v5(9)1524,OpenAlex,metadata,0.7607150903112506
record:1a93bf6bf4ff7bb171b19b19,record:1a93bf6bf4ff7bb171b19b19,STM-METADATA-ES,metadata,es,7,0.45995687555272274,13,0.386630040934764,0.07332683461795875,FALSE,TRUE,2026,Conceptualizaciones contemporáneas sobre la dirección escolar,NA,OpenAlex,metadata,1.2019288880262249
record:55b5aebfccd6709b39f9b86e,record:55b5aebfccd6709b39f9b86e,STM-METADATA-ES,metadata,es,13,0.5230057299807418,5,0.15206473523741454,0.37094099474332726,FALSE,FALSE,2026,Las regulaciones de la dirección escolar,NA,OpenAlex,metadata,1.675914193232504
record:72afa77508fc9c700d44850f,record:72afa77508fc9c700d44850f,STM-METADATA-ES,metadata,es,13,0.9780234322320694,8,0.009622416867633751,0.9684010153644357,FALSE,FALSE,2026,La gestión Social Educativa,NA,OpenAlex,metadata,0.148460049222095
doi:10.37260/merito.i8n22.12,doi:10.37260/merito.i8n22.12,STM-METADATA-ES,metadata,es,4,0.8234407627042426,12,0.11221383845139322,0.7112269242528494,FALSE,FALSE,2026,Influencia de la gestión educativa en la motivación docente en instituciones educativas,10.37260/merito.i8n22.12,OpenAlex,metadata,0.6741435320630194
doi:10.15517/revedu.v47i1.49904,doi:10.15517/revedu.v47i1.49904,STM-METADATA-ES,metadata,es,16,0.7138601438051643,2,0.18781833824922675,0.5260418055559375,FALSE,FALSE,2023,Gestión administrativa en unidades de gestión educativa: una revisión literaria,10.15517/revedu.v47i1.49904,OpenAlex,metadata,0.9956230322522718
doi:10.33386/593dp.2024.6.2817,doi:10.33386/593dp.2024.6.2817,STM-METADATA-ES,metadata,es,10,0.5056095114101108,2,0.27801005197887235,0.22759945943123844,FALSE,FALSE,2024,La gestión educativa como indicador de eficiencia en el clima organizacional,10.33386/593dp.2024.6.2817,OpenAlex,metadata,1.3612809276950484
record:6e2092676afc81a8ded7e015,record:6e2092676afc81a8ded7e015,STM-METADATA-ES,metadata,es,4,0.9255038147696218,10,0.03082076349027444,0.8946830512793474,FALSE,FALSE,2024,"Gestión educativa y desarrollo sostenible en la institución educativa 18061 de Molinopampa, Amazonas, 2023",NA,OpenAlex,metadata,0.4018044519074262
doi:10.55873/racs.v4i2.407,doi:10.55873/racs.v4i2.407,STM-METADATA-ES,metadata,es,4,0.9346132455315387,12,0.04491635146100924,0.8896968940705294,FALSE,FALSE,2025,Gestión educativa y el desempeño docente en una institución educativa pública,10.55873/racs.v4i2.407,OpenAlex,metadata,0.3223370971209299
record:ad84382df9bb8be421f38531,record:ad84382df9bb8be421f38531,STM-METADATA-ES,metadata,es,4,0.6444040333555493,12,0.3410429020493436,0.3033611313062057,FALSE,FALSE,2025,Gestión educativa institucional y desempeño docente en instituciones educativas de Juanjui 2025,NA,OpenAlex,metadata,0.7406244292256002
record:5668e578c3e6627926514834,record:5668e578c3e6627926514834,STM-METADATA-ES,metadata,es,2,0.643348690240803,15,0.1556738589177849,0.4876748313230181,FALSE,FALSE,2024,"Propuesta de mejora de la gestión educativa eficiente de la Unidad Educativa “César Viera”, Ecuador, 2024",NA,OpenAlex,metadata,1.2395889540054401
doi:10.63688/ara55s65,doi:10.63688/ara55s65,STM-METADATA-ES,metadata,es,8,0.7108391465537457,11,0.13857142129924233,0.5722677252545034,FALSE,FALSE,2026,Identidad y saberes ancestrales: propuesta de gestión educativa descolonizadora,10.63688/ara55s65,OpenAlex,metadata,1.0854595998052965
doi:10.62319/simonrodriguez.v.6i11.148,doi:10.62319/simonrodriguez.v.6i11.148,STM-METADATA-ES,metadata,es,11,0.511148479429711,16,0.2570054314757381,0.25414304795397286,FALSE,FALSE,2026,Gestión educativa y deserción estudiantil en Educación Básica Alternativa: revisión bibliométrica en Scopus,10.62319/simonrodriguez.v.6i11.148,OpenAlex,metadata,1.4794275694350827
record:592a69e24b646ca7442e701b,record:592a69e24b646ca7442e701b,STM-METADATA-ES,metadata,es,4,0.5376419170447968,12,0.4437575147849366,0.09388440225986022,FALSE,TRUE,2023,La gestión educativa en el desempeño docente de una institución educativa de Pacasmayo,NA,OpenAlex,metadata,0.8061959626734594
doi:10.5281/zenodo.17525622,doi:10.5281/zenodo.17525622,STM-METADATA-ES,metadata,es,11,0.776359704389375,4,0.18489835402281266,0.5914613503665623,FALSE,FALSE,2025,Gestión educativa en estrategias metodológicas para el desarrollo de comprensión lectora,10.5281/zenodo.17525622,OpenAlex,metadata,0.7238431285320693
doi:10.25054/01240307.2433,doi:10.25054/01240307.2433,STM-METADATA-ES,metadata,es,5,0.4741494610372519,2,0.16795988935310377,0.3061895716841482,FALSE,FALSE,2021,Condiciones de la Gestión Escolar en el proceso de Inclusión en institución educativa de Neiva,10.25054/01240307.2433,OpenAlex,metadata,1.7063680039985643
doi:10.53382/issn.2810-7977.46,doi:10.53382/issn.2810-7977.46,STM-METADATA-ES,metadata,es,8,0.6413490696773934,5,0.2326225808049765,0.40872648887241686,FALSE,FALSE,2026,La preparación universitaria en liderazgo inclusivo para directores de escuela: un análisis desde programas de posgrado,10.53382/issn.2810-7977.46,OpenAlex,metadata,1.0648625241943936
doi:10.63549/rg.v6i1.818,doi:10.63549/rg.v6i1.818,STM-METADATA-ES,metadata,es,8,0.6256843911932726,16,0.23096352094171863,0.39472087025155395,FALSE,FALSE,2026,Planificación administrativa para la gestión directiva en instituciones educativas distritales,10.63549/rg.v6i1.818,OpenAlex,metadata,1.223891359955371
doi:10.5281/zenodo.20286918,doi:10.5281/zenodo.20286918,STM-METADATA-ES,metadata,es,8,0.6043580770171176,9,0.3220339614837663,0.28232411553335135,FALSE,FALSE,2026,Impacto y desafíos de la inteligencia artificial en la gestión escolar en Chile,10.5281/zenodo.20286918,OpenAlex,metadata,1.0429968656236874
doi:10.23857/pc.v11i3.11282,doi:10.23857/pc.v11i3.11282,STM-METADATA-ES,metadata,es,11,0.45691849956857494,16,0.23924672134501715,0.2176717782235578,FALSE,FALSE,2026,"El abandono escolar en la jornada nocturna y su incidencia, así como las estrategias de control desde la gestión educativa",10.23857/pc.v11i3.11282,OpenAlex,metadata,1.5454642470751196
doi:10.70625/rlce/346,doi:10.70625/rlce/346,STM-METADATA-ES,metadata,es,9,0.47638721066142947,8,0.44014100139292295,0.036246209268506524,FALSE,TRUE,2025,Uso de modelos de inteligencia artificial para la predicción del abandono escolar en instituciones educativas,10.70625/rlce/346,OpenAlex,metadata,1.1045067215159905
doi:10.37811/cl_rcm.v7i4.7622,doi:10.37811/cl_rcm.v7i4.7622,STM-METADATA-ES,metadata,es,12,0.5924337864168175,6,0.14135774879145221,0.4510760376253653,FALSE,FALSE,2023,"Competencias Funcionales y Calidad de la Gestión Educativa en una Institución Educativa, UGEL 01, SJM",10.37811/cl_rcm.v7i4.7622,OpenAlex,metadata,1.3321678220752406
doi:10.5281/zenodo.20435119,doi:10.5281/zenodo.20435119,STM-METADATA-ES,metadata,es,9,0.42646647095578055,8,0.33766574928186205,0.0888007216739185,FALSE,TRUE,2026,Procesos de gestión escolar en entornos virtuales orientados al uso de espacios digitales,10.5281/zenodo.20435119,OpenAlex,metadata,1.3776160255348455
doi:10.61285/r.e.l.-uisil.v11i01.234,doi:10.61285/r.e.l.-uisil.v11i01.234,STM-METADATA-ES,metadata,es,1,0.8172036994637183,4,0.08405065646294177,0.7331530430007765,FALSE,FALSE,2026,Hacia una evaluación institucional que impacte en las instancias educativas.,10.61285/r.e.l.-uisil.v11i01.234,OpenAlex,metadata,0.7938100402654044
record:db3c1572256bc5d97294e9fc,record:db3c1572256bc5d97294e9fc,STM-METADATA-ES,metadata,es,8,0.38956324631104156,13,0.3597754933898304,0.029787752921211164,FALSE,TRUE,2024,"""Desafios y perpectivas de la implementación de la ley NEP en Chile el papel central de los servicios locales de educación pública desde la mirada de los directores de escuela""",NA,OpenAlex,metadata,1.4118573224509106
record:a4dea66c3d132eefe1ade417,record:a4dea66c3d132eefe1ade417,STM-METADATA-ES,metadata,es,15,0.5295827560455021,11,0.1861087346295772,0.34347402141592487,FALSE,FALSE,2025,"Estrategias implementadas por la persona directora como líder pedagógico, para la supervisión educativa y acompañamiento docente en la Escuela Gil González Dávila, circuito 03, Dirección Regional de Nicoya: estudio de caso",NA,OpenAlex,metadata,1.50002746700773
doi:10.63415/saga.2026.94,doi:10.63415/saga.2026.94,STM-METADATA-ES,metadata,es,8,0.5955473467938768,13,0.33876045269315747,0.2567868941007193,FALSE,FALSE,2026,Educación rural e intercultural en Ecuador: desafíos y oportunidades,10.63415/saga.2026.94,OpenAlex,metadata,0.9934390239760825
doi:10.35622/j.rr.2021.06.006,doi:10.35622/j.rr.2021.06.006,STM-METADATA-ES,metadata,es,15,0.45133312672792497,5,0.16252937351789873,0.28880375321002627,FALSE,FALSE,2021,Re-significaciones sobre trabajo colaborativo de estudiantes de posgrado,10.35622/j.rr.2021.06.006,OpenAlex,metadata,1.6961471152638743
doi:10.5281/zenodo.21280954,doi:10.5281/zenodo.21280954,STM-METADATA-ES,metadata,es,8,0.6607600393680635,11,0.20244974435751154,0.458310295010552,FALSE,FALSE,2026,COMPETENCIAS DE LOS GERENTES EDUCATIVOS PARA LA GESTIÓN ESCOLAR EN INSTITUCIONES PRIVADAS,10.5281/zenodo.21280954,OpenAlex,metadata,1.1971122636304121
doi:10.5281/zenodo.20786273,doi:10.5281/zenodo.20786273,STM-METADATA-ES,metadata,es,8,0.6642689943176602,4,0.18552302582768018,0.47874596848997997,FALSE,FALSE,2026,MODELO DE GESTIÓN ESCOLAR PARA EL FORTALECIMIENTO DE COMPETENCIAS EN GESTIÓN HUMANA,10.5281/zenodo.20786273,OpenAlex,metadata,1.188821987080401
doi:10.5281/zenodo.20802046,doi:10.5281/zenodo.20802046,STM-METADATA-ES,metadata,es,8,0.6325567149045505,16,0.2333769545916179,0.39917976031293256,FALSE,FALSE,2026,"Liderazgo educativo: una revisión sistemática de modelos, enfoques y su contribución a la gestión escolar",10.5281/zenodo.20802046,OpenAlex,metadata,1.1248407886389973
record:20e385a71358f762f1775dc9,record:20e385a71358f762f1775dc9,STM-METADATA-ES,metadata,es,8,0.7091299312778921,13,0.12741131734548686,0.5817186139324053,FALSE,FALSE,2026,Modelos integrales de gestión escolar en el desarrollo de la comunicación oral y escrita,NA,OpenAlex,metadata,1.1603113309422215
doi:10.17533/udea.ikala.362875,doi:10.17533/udea.ikala.362875,STM-METADATA-ES,metadata,es,13,0.620580913129664,8,0.34376499056612186,0.27681592256354215,FALSE,FALSE,2026,Participación en la gestión escolar: configuraciones discursivas en la Nueva Educación Pública en Chile,10.17533/udea.ikala.362875,OpenAlex,metadata,0.8639337549186056
doi:10.52080/rvgluz.31.e15.28,doi:10.52080/rvgluz.31.e15.28,STM-METADATA-ES,metadata,es,8,0.6383234629660592,12,0.13574361133421997,0.5025798516318393,FALSE,FALSE,2026,Cultura de innovación en la gestión escolar: estrategias gerenciales para el aprendizaje y la competitividad,10.52080/rvgluz.31.e15.28,OpenAlex,metadata,1.292796396954255
doi:10.34140/bjbv8n2-107,doi:10.34140/bjbv8n2-107,STM-METADATA-ES,metadata,es,8,0.6752106949789851,9,0.10763075829916458,0.5675799366798205,FALSE,FALSE,2026,Hacia un Liderazgo Situado y Transformacional: mediación crítica de TIC en la gestión escolar rural,10.34140/bjbv8n2-107,OpenAlex,metadata,1.2964203580832683
record:0a069c0db8c558d78b6f4644,record:0a069c0db8c558d78b6f4644,STM-METADATA-ES,metadata,es,15,0.3375196186674548,8,0.2592143665941878,0.078305252073267,FALSE,TRUE,2025,Gestión Escolar y Liderazgo Pedagógico para la Apropiación de las Tecnologías en la Práctica Docente,NA,OpenAlex,metadata,1.7652030001164887
doi:10.64018/neosapiencia.v4i1.144,doi:10.64018/neosapiencia.v4i1.144,STM-METADATA-ES,metadata,es,8,0.6549813762890272,13,0.28286664823169727,0.3721147280573299,FALSE,FALSE,2026,El Deber de Cuidado en la Gestión Escolar: Implicaciones Jurídicas en el Marco Normativo Ecuatoriano,10.64018/neosapiencia.v4i1.144,OpenAlex,metadata,0.9533421257121688
doi:10.47058/joa14.2,doi:10.47058/joa14.2,STM-METADATA-ES,metadata,es,4,0.575744405479273,12,0.36016822076439214,0.21557618471488083,FALSE,FALSE,2026,"Gestión escolar y desempeño docente en una institución educativa pública de nivel secundaria, Apurímac, 2022",10.47058/joa14.2,OpenAlex,metadata,0.9615132736683125
doi:10.17613/gyff3-kt794,doi:10.17613/gyff3-kt794,STM-METADATA-ES,metadata,es,10,0.9206971854702926,5,0.0291820611921449,0.8915151242781476,FALSE,FALSE,2026,EL CICLO ABIERTO DE LA GESTIÓN ESCOLAR INCLUSIVA: DIAGNÓSTICO EN INSTITUCIONES EDUCATIVAS PÚBLICAS URBANAS DE COLOMBIA,10.17613/gyff3-kt794,OpenAlex,metadata,0.43352141470592054
doi:10.17268/sciendo.v29n1.013,doi:10.17268/sciendo.v29n1.013,STM-METADATA-ES,metadata,es,4,0.7145436198292023,11,0.13255123567807953,0.5819923841511228,FALSE,FALSE,2026,Desempeño del personal docente y su relación en la gestión escolar de un centro educativo experimental,10.17268/sciendo.v29n1.013,OpenAlex,metadata,1.0534815791464671
doi:10.56219/lneaimaginaria.v2i24.5574,doi:10.56219/lneaimaginaria.v2i24.5574,STM-METADATA-ES,metadata,es,8,0.6436153655403635,11,0.15569098056975267,0.4879243849706108,FALSE,FALSE,2026,AGENDA MUNDIAL AMBIENTAL Y SOCIAL 2030: UNA VISIÓN HUMANA PARA SALVAR LA VIDA DESDE LA GESTIÓN ESCOLAR,10.56219/lneaimaginaria.v2i24.5574,OpenAlex,metadata,1.1406966609723943
record:c603e897c92aecce6f8954b7,record:c603e897c92aecce6f8954b7,STM-METADATA-ES,metadata,es,13,0.7865819775459871,15,0.13938769461540018,0.647194282930587,FALSE,FALSE,2026,Ernesto Laclau y el Análisis Político del Discurso: Huellas y relecturas para una mirada a la gestión escolar,NA,OpenAlex | CONICET Digital,metadata,0.7887926376926423
doi:10.69639/arandu.v13i2.2254,doi:10.69639/arandu.v13i2.2254,STM-METADATA-ES,metadata,es,10,0.44822899636471786,11,0.35239367854503345,0.0958353178196844,FALSE,TRUE,2026,Estrategias de gestión escolar para la prevención del consumo de sustancias psicoactivas en estudiantes de la Educación Media,10.69639/arandu.v13i2.2254,OpenAlex,metadata,1.3741880630635994
doi:10.55813/gaea/ccri/v7/n1/1510,doi:10.55813/gaea/ccri/v7/n1/1510,STM-METADATA-ES,metadata,es,4,0.33873430370877744,8,0.2114519489710805,0.12728235473769695,FALSE,FALSE,2026,Estrategia de gestión escolar para el fortalecimiento de la inclusión de estudiantes con neurodivergencias en Educación General Básica,10.55813/gaea/ccri/v7/n1/1510,OpenAlex,metadata,1.7458883101161047
record:936c3525beb8c5a2e0afa089,record:936c3525beb8c5a2e0afa089,STM-METADATA-ES,metadata,es,2,0.29836522013161665,10,0.2866267722027399,0.011738447928876738,FALSE,TRUE,2020,Gestión escolar para integrar a padres de familia en los procesos educativos: la experiencia del Liceo Psicopedagógico Jean Piaget,NA,OpenAlex,metadata,1.9395746065761907
doi:10.82992/intellectum/handle.10818.253,doi:10.82992/intellectum/handle.10818.253,STM-METADATA-ES,metadata,es,11,0.3601476809593895,15,0.2328742459629736,0.12727343499641589,FALSE,FALSE,2023,"Reestructuración de funciones a cargo de directivos, según gestión empresarial y Área de Gestión Escolar en el Instituto Pedagógico Campestre",10.82992/intellectum/handle.10818.253,OpenAlex,metadata,1.9359920751336714
doi:10.66707/6q7nq987,doi:10.66707/6q7nq987,STM-METADATA-ES,metadata,es,11,0.4425911095229163,5,0.2557751830935471,0.18681592642936923,FALSE,FALSE,2026,"Competencias digitales actitudinales en directivos docentes y consolidación del cambio en la gestión escolar, estudio fenomenológico en Valledupar, Colombia",10.66707/6q7nq987,OpenAlex,metadata,1.5010890963840515
record:798b25012d182f0fa7f48a00,record:798b25012d182f0fa7f48a00,STM-METADATA-ES,metadata,es,10,0.9291363412316067,5,0.02522432960811886,0.9039120116234879,FALSE,FALSE,2026,THE EPHEMERAL SUCCESS PARADOX: MANAGEMENT VS. PSEUDOMANAGEMENT IN VENEZUELAN ORGANIZATIONS,NA,OpenAlex,metadata,0.3980270270292669
doi:10.22507/rli.v23n1a3529,doi:10.22507/rli.v23n1a3529,STM-METADATA-ES,metadata,es,8,0.5788733962054271,11,0.17208111893556496,0.4067922772698621,FALSE,FALSE,2026,Cultura del cuidado y la inclusión en la escuela rural contemporánea: Una etnografía de la Institución Educativa Ana Gómez de Sierra,10.22507/rli.v23n1a3529,OpenAlex,metadata,1.29634184130958
doi:10.82992/intellectum/handle.10818.4868,doi:10.82992/intellectum/handle.10818.4868,STM-METADATA-ES,metadata,es,13,0.6459604928758689,2,0.1322898981326932,0.5136705947431757,FALSE,FALSE,2022,"Modelo de gestión escolar del proyecto educativo comunitario articulando los principios de la educación propia y los lineamientos curriculares del ministerio de educación nacional para mejorar la calidad educativa en los establecimientos educativos de Jurura, Kasutalain y Mapuain del municipio de Uribia",10.82992/intellectum/handle.10818.4868,OpenAlex,metadata,1.353192012745145
record:71454db755c790c65ad0091b,record:71454db755c790c65ad0091b,STM-METADATA-ES,metadata,es,9,0.3656394802354295,8,0.25795236522009485,0.10768711501533468,FALSE,FALSE,2025,Implementación y uso de herramientas digitales en la gestión directiva de los directores del Área 02-40 Nueva Germania,NA,OpenAlex,metadata,1.9327899309031338
doi:10.1590/es.304076,doi:10.1590/es.304076,STM-METADATA-ES,metadata,es,13,0.5958640995254344,11,0.12271826530041673,0.47314583422501766,FALSE,FALSE,2026,CONVIVENCIA ESCOLAR Y RACIONALIDAD PUNITIVA EN LA LEY AULA SEGURA,10.1590/es.304076,OpenAlex,metadata,1.4805273161025794
record:4e8864e9a3664044432a3a82,record:4e8864e9a3664044432a3a82,STM-METADATA-ES,metadata,es,9,0.811993504695129,10,0.06635696921098302,0.745636535484146,FALSE,FALSE,2026,Assist Control,NA,OpenAlex,metadata,0.8509999639569074
doi:10.1590/s0104-40362026003405015,doi:10.1590/s0104-40362026003405015,STM-METADATA-ES,metadata,es,8,0.5578500019053088,14,0.24564422774684141,0.31220577415846734,FALSE,FALSE,2026,Complejidad y liderazgo distribuido en la dirección escolar española: perfiles directivos y desafíos de gestión en el contexto educativo actual,10.1590/s0104-40362026003405015,OpenAlex,metadata,1.3910983310576523
doi:10.65415/kvbh1962,doi:10.65415/kvbh1962,STM-METADATA-ES,metadata,es,4,0.39305507401499007,10,0.23963699021935791,0.15341808379563215,FALSE,FALSE,2026,Calidad educativa y su incidencia en el rendimiento académico de estudiantes de educación general básica,10.65415/kvbh1962,OpenAlex,metadata,1.4592641456342972
doi:10.67461/885dma96,doi:10.67461/885dma96,STM-METADATA-ES,metadata,es,11,0.5615283937286227,5,0.20941790640497746,0.35211048732364525,FALSE,FALSE,2026,"Aulas inclusivas para garantizar el acceso, la permanencia y el aprendizaje del alumnado en situación de desplazamiento forzado interno en Colombia",10.67461/885dma96,OpenAlex,metadata,1.2752182074137837
doi:10.37811/cl_rcm.v10i3.24038,doi:10.37811/cl_rcm.v10i3.24038,STM-METADATA-ES,metadata,es,8,0.9663199119332972,9,0.005854802206189149,0.9604651097271081,FALSE,FALSE,2026,Liderazgo pedagógico y su impacto en la innovación educativa en Colombia,10.37811/cl_rcm.v10i3.24038,OpenAlex,metadata,0.22625354970448316
record:a5a79b8684c98f856a6fe494,record:a5a79b8684c98f856a6fe494,STM-METADATA-ES,metadata,es,8,0.5298955593152537,13,0.22273676111511628,0.30715879820013736,FALSE,FALSE,2026,El Aprendizaje-Servicio como eje del proyecto educativo y de dirección escolar,NA,OpenAlex,metadata,1.5779279088718996
doi:10.38178/07183089/1724260513,doi:10.38178/07183089/1724260513,STM-METADATA-ES,metadata,es,14,0.7619074197492761,8,0.1847907453583656,0.5771166743909105,FALSE,FALSE,2026,Voces desde la dirección escolar: tensiones entre liderazgo pedagógico y sobrecarga burocrática en México,10.38178/07183089/1724260513,OpenAlex,metadata,0.7981276477736812
doi:10.47865/igob.vol9.n34.2026.464,doi:10.47865/igob.vol9.n34.2026.464,STM-METADATA-ES,metadata,es,12,0.7472356665982173,4,0.1813230522487484,0.5659126143494688,FALSE,FALSE,2026,Gestión Pedagógica Directiva y Dirección Escolar Docente. I.E 3070 María de los Ángeles. Lima,10.47865/igob.vol9.n34.2026.464,OpenAlex,metadata,0.8044794985797826
record:fd2717508a8ac8e20973b271,record:fd2717508a8ac8e20973b271,STM-METADATA-ES,metadata,es,5,0.6993243225154487,14,0.2600558398814543,0.43926848263399443,FALSE,FALSE,2024,"Cartografía, una herramienta para interpretar el liderazgo escolar. Estudio de caso Brasil",NA,OpenAlex,metadata,0.8250707978705079
record:0e803845efbe9a2e2ba8ef83,record:0e803845efbe9a2e2ba8ef83,STM-METADATA-ES,metadata,es,7,0.6445411341229668,3,0.2715323360853656,0.3730087980376012,FALSE,FALSE,2026,Directio narrans: rhetorical figures in times of (alleged) narrative crisis? A study on the practices of school principals in Greater Buenos Aires,NA,OpenAlex,metadata,1.0341984390284167
doi:10.26620/uniminuto.praxis.25.39.2025.109-127,doi:10.26620/uniminuto.praxis.25.39.2025.109-127,STM-METADATA-ES,metadata,es,14,0.8279686975270801,8,0.11715950390781749,0.7108091936192626,FALSE,FALSE,2025,La función directiva en la escuela rural. Una mirada desde el Estado de Chiapas,10.26620/uniminuto.praxis.25.39.2025.109-127,OpenAlex,metadata,0.6963124225588805
record:d8c52c89a8c95bafc7989c63,record:d8c52c89a8c95bafc7989c63,STM-METADATA-ES,metadata,es,7,0.6204486460938015,3,0.18609270472755476,0.43435594136624667,FALSE,FALSE,2025,Become the error in the matrix?: A critical study of leadership discourses for school management in managerial times,NA,OpenAlex,metadata,1.2286130587508435
doi:10.61303/2735668x.v5i1.117,doi:10.61303/2735668x.v5i1.117,STM-METADATA-ES,metadata,es,8,0.4342330812696139,13,0.40133433696371523,0.032898744305898675,FALSE,TRUE,2026,"Liderazgo educativo, mejora escolar y ruralidad en la nueva educación pública chilena",10.61303/2735668x.v5i1.117,OpenAlex,metadata,1.2613872427339714
doi:10.61384/r.c.a..v6i2.1916,doi:10.61384/r.c.a..v6i2.1916,STM-METADATA-ES,metadata,es,8,0.423351122023387,14,0.300892098809267,0.12245902321412,FALSE,FALSE,2026,Liderazgo Femenino en la Educación: Experiencias desde la Educación Media Superior,10.61384/r.c.a..v6i2.1916,OpenAlex,metadata,1.5368076036697207
doi:10.63415/saga.v2i1.41,doi:10.63415/saga.v2i1.41,STM-METADATA-ES,metadata,es,8,0.5815626905148285,16,0.10879956682735714,0.4727631236874713,FALSE,FALSE,2025,Liderazgo Distribuido y su Impacto en la Autogestionabilidad del Aprendizaje en Comunidades Escolares,10.63415/saga.v2i1.41,OpenAlex,metadata,1.4925022251883802
doi:10.65415/dnvea938,doi:10.65415/dnvea938,STM-METADATA-ES,metadata,es,8,0.3552367829290321,11,0.2181650168466972,0.1370717660823349,FALSE,FALSE,2026,Gestión educativa para la inclusión: estrategias directivas para atender la diversidad en instituciones escolares,10.65415/dnvea938,OpenAlex,metadata,1.7241658763728278
doi:10.37811/cl_rcm.v10i3.24669,doi:10.37811/cl_rcm.v10i3.24669,STM-METADATA-ES,metadata,es,11,0.3631266223913511,4,0.20596578995234865,0.15716083243900242,FALSE,FALSE,2026,Evaluación de Competencias Directivas como Herramienta para la Mejora de la Calidad Educativa Institucional,10.37811/cl_rcm.v10i3.24669,OpenAlex,metadata,1.8667623614527538
doi:10.70625/rlce/789,doi:10.70625/rlce/789,STM-METADATA-ES,metadata,es,12,0.3620107036843283,10,0.25006851996721213,0.11194218371711617,FALSE,FALSE,2026,Inteligencia emocional como predictor de la comunicación efectiva en directivos de instituciones educativas públicas: un estudio de regresión en contexto amazónico,10.70625/rlce/789,OpenAlex,metadata,1.6301502759623694
doi:10.56219/dialctica.v3i29.5774,doi:10.56219/dialctica.v3i29.5774,STM-METADATA-ES,metadata,es,8,0.7191755001381479,15,0.2280235009674115,0.4911519991707364,FALSE,FALSE,2026,LIDERAZGO EDUCATIVO EN CONTEXTOS DE FRONTERA: CONSTRUCTOS TEÓRICOS PARA FORTALECER LA FORMACIÓN DOCENTE EN EL PROGRAMA DE FORMACIÓN COMPLEMENTARIA DE LA ESCUELA NORMAL SUPERIOR MARÍA INMACULADA DE ARAUCA,10.56219/dialctica.v3i29.5774,OpenAlex,metadata,0.8444434160315064
doi:10.37811/cl_rcm.v10i3.24771,doi:10.37811/cl_rcm.v10i3.24771,STM-METADATA-ES,metadata,es,8,0.5432138091426563,10,0.23103608129134492,0.31217772785131137,FALSE,FALSE,2026,"Configuraciones del liderazgo educativo contemporáneo: transformación, innovación y calidad institucional",10.37811/cl_rcm.v10i3.24771,OpenAlex,metadata,1.3744770775567636
doi:10.63415/saga.v2i1.45,doi:10.63415/saga.v2i1.45,STM-METADATA-ES,metadata,es,8,0.44668923815387923,9,0.3866435933985323,0.060045644755346905,FALSE,TRUE,2025,Gestión Digital y su Influencia en la Cibergerenciabilidad de Directivos Escolares en Tiempos Disruptivos,10.63415/saga.v2i1.45,OpenAlex,metadata,1.2092750081617623
doi:10.67166/zx66h974,doi:10.67166/zx66h974,STM-METADATA-ES,metadata,es,4,0.43702718251742934,9,0.3076995645218947,0.12932761799553466,FALSE,FALSE,2026,Liderazgo educativo inteligente: aplicación de la inteligencia artificial en la gestión estratégica de instituciones educativas para mejorar la toma de decisiones directivas,10.67166/zx66h974,OpenAlex,metadata,1.4289624850933969
doi:10.65705/rhomu.v3i1.119,doi:10.65705/rhomu.v3i1.119,STM-METADATA-ES,metadata,es,8,0.7722902571409125,11,0.12999192494491624,0.6422983321959963,FALSE,FALSE,2026,"Gestión directiva y competencias integrales en estudiantes de educación media académica en una institución rural en San Carlos, Córdoba",10.65705/rhomu.v3i1.119,OpenAlex,metadata,0.9112056285471378
record:0eacadb533e2f826ee39d351,record:0eacadb533e2f826ee39d351,STM-METADATA-ES,metadata,es,13,0.46464640290855863,8,0.20102961579104697,0.2636167871175117,FALSE,FALSE,2026,Prácticas de liderazgo sistémico y de liderazgo en red en centros escolares pertenecientes a los servicios locales de educación pública en Chile,NA,OpenAlex,metadata,1.5891180555328992
record:2c0c67af2edbfb6b7092c875,record:2c0c67af2edbfb6b7092c875,STM-METADATA-ES,metadata,es,8,0.3235972540843956,11,0.28625981353659236,0.03733744054780325,FALSE,TRUE,2026,Las prácticas del liderazgo pedagógico: Caso de estudio I.E. César Vallejo,NA,OpenAlex,metadata,1.732905620361313
doi:10.13042/bordon.2026.117112,doi:10.13042/bordon.2026.117112,STM-METADATA-ES,metadata,es,8,0.33175187369775677,11,0.29214812565842296,0.03960374803933381,FALSE,TRUE,2026,Liderazgos y desarrollo profesional docente en EMTP en Chile: casos múltiples,10.13042/bordon.2026.117112,OpenAlex,metadata,1.6286994924838911
doi:10.5354/0719-6296.2026.79773,doi:10.5354/0719-6296.2026.79773,STM-METADATA-ES,metadata,es,14,0.5665966626634283,16,0.14821923173793206,0.4183774309254963,FALSE,FALSE,2026,"Carrera directiva: selección de directores escolares en Chile, Honduras y Perú",10.5354/0719-6296.2026.79773,OpenAlex,metadata,1.4798823278763467
record:4d4d6c097106c408601850f2,record:4d4d6c097106c408601850f2,STM-METADATA-ES,metadata,es,8,0.6173048828451004,7,0.11962986370007948,0.49767501914502094,FALSE,FALSE,2026,El Liderazgo Escolar en la Reconstrucción Educativa: Estrategias Para Mitigar El Impacto de Desastres Naturales en Escuelas Secundarias,NA,OpenAlex,metadata,1.4180983809767234
record:134f6fc366ab7398900728dd,record:134f6fc366ab7398900728dd,STM-METADATA-ES,metadata,es,1,0.945749664675188,4,0.02599357045663743,0.9197560942185505,FALSE,FALSE,2024,Trayectorias Escolares : Un Análisis Desde La Gestión Curricular y el rol del equipo directivo de la EPET N°9 en Pospandemia,NA,OpenAlex,metadata,0.3065758535456536
doi:10.59343/yuyay.v2i1.39,doi:10.59343/yuyay.v2i1.39,STM-METADATA-ES,metadata,es,2,0.33894210099983246,7,0.2210328984288246,0.11790920257100787,FALSE,FALSE,2023,"La gestión educativa y la productividad laboral, desde una perspectiva docente en la unidad educativa “17 de abril”",10.59343/yuyay.v2i1.39,OpenAlex,metadata,1.793044503406198
doi:10.70577/zra0zy42,doi:10.70577/zra0zy42,STM-METADATA-ES,metadata,es,8,0.7715704686525754,13,0.04968294111070925,0.7218875275418661,FALSE,FALSE,2026,GESTIÓN ADMINISTRATIVA Y ORGANIZACIONAL EN INSTITUCIONES EDUCATIVAS DEL ECUADOR,10.70577/zra0zy42,OpenAlex,metadata,1.0716541446587076
doi:10.59721/rinve.v3i1.32,doi:10.59721/rinve.v3i1.32,STM-METADATA-ES,metadata,es,9,0.8601234822600489,4,0.036239606345730944,0.8238838759143179,FALSE,FALSE,2025,NUMELA: Un modelo predictivo para prevenir el abandono escolar mediante Inteligencia Artificial y Neuromarketing,10.59721/rinve.v3i1.32,OpenAlex,metadata,0.7070579290392561
doi:10.15517/rge.v9i1.53603,doi:10.15517/rge.v9i1.53603,STM-METADATA-ES,metadata,es,2,0.761664602504776,13,0.05528128000379223,0.7063833225009837,FALSE,FALSE,2023,La gestión administrativa en un centro educativo indígena: Caso de Ujarrás,10.15517/rge.v9i1.53603,OpenAlex,metadata,1.0851334212506905
doi:10.46954/revistages.v5i1.74,doi:10.46954/revistages.v5i1.74,STM-METADATA-ES,metadata,es,5,0.628483198068928,2,0.27120393056446573,0.3572792675044623,FALSE,FALSE,2021,Incidencia de las Políticas Educativas implementadas por Ministerio de Educación de Guatemala,10.46954/revistages.v5i1.74,OpenAlex,metadata,1.067028930667432
doi:10.33326/26176041.2025.1.2389,doi:10.33326/26176041.2025.1.2389,STM-METADATA-ES,metadata,es,4,0.6702674077934132,9,0.24699279872095187,0.42327460907246134,FALSE,FALSE,2025,Impacto del estrés ocupacional en el desempeño docente en tiempos de pospandemia:,10.33326/26176041.2025.1.2389,OpenAlex,metadata,0.9396583606775506
doi:10.34893/gisst.v2i2.77,doi:10.34893/gisst.v2i2.77,STM-METADATA-ES,metadata,es,2,0.4272688423087116,6,0.22991421632347914,0.19735462598523246,FALSE,FALSE,2020,TECNOLOGÍAS DE INFORMACIÓN Y COMUNICACIÓN (TIC) COMO RECURSO ALTERNATIVO EN EDUCACIÓN SECUNDARIA A DISTANCIA,10.34893/gisst.v2i2.77,OpenAlex,metadata,1.7524920159029798
doi:10.37811/cl_rcm.v9i6.22206,doi:10.37811/cl_rcm.v9i6.22206,STM-METADATA-ES,metadata,es,15,0.5545099136867174,8,0.38485274657466,0.16965716711205742,FALSE,FALSE,2026,Modelo Freireano–Territorial de Gestión Directiva y Liderazgo Pedagógico Rural: Evidencia Empírica y Propuesta Gnoseológica desde un Estudio Cualitativo en Colombia,10.37811/cl_rcm.v9i6.22206,OpenAlex,metadata,0.9868344262393285
doi:10.15517/rge.v9i1.52635,doi:10.15517/rge.v9i1.52635,STM-METADATA-ES,metadata,es,6,0.7537261963801233,14,0.12746274048873915,0.6262634558913841,FALSE,FALSE,2023,Liderazgo y Gestión en Educación Media Superior Tecnológica:un estudio desde la percepción docente en el estado de Tlaxcala,10.15517/rge.v9i1.52635,OpenAlex,metadata,0.9719382432208559
doi:10.15517/rge.v10i2.59283,doi:10.15517/rge.v10i2.59283,STM-METADATA-ES,metadata,es,9,0.44237512074662694,11,0.21462638727898195,0.227748733467645,FALSE,FALSE,2024,Gestión directiva frente al uso de las TIC en una institución educativa del cantón Sucre,10.15517/rge.v10i2.59283,OpenAlex,metadata,1.7003266639072865
doi:10.18235/0004632,doi:10.18235/0004632,STM-METADATA-ES,metadata,es,7,0.504853612028158,11,0.30683983805468884,0.1980137739734692,FALSE,FALSE,2022,"Gestión local y mejora educativa: evaluación, apoyo pedagógico y accountability interno en Brasil",10.18235/0004632,OpenAlex,metadata,1.3743131855376802
doi:10.1016/j.edumed.2025.101070,doi:10.1016/j.edumed.2025.101070,STM-METADATA-ES,metadata,es,6,0.5247089064736397,10,0.22101749063320064,0.303691415840439,FALSE,FALSE,2025,Propuesta metodológica para la mejora educativa de una facultad de medicina a partir del análisis comparativo entre la evaluación externa y evaluación interna,10.1016/j.edumed.2025.101070,OpenAlex,metadata,1.4342412314776396
doi:10.47865/igob.vol6.n22.2023.254,doi:10.47865/igob.vol6.n22.2023.254,STM-METADATA-ES,metadata,es,12,0.37608592106702543,14,0.2574960568824734,0.11858986418455203,FALSE,FALSE,2023,Cultura organizacional y gestión de la calidad del servicio educativo. IE n°3711 Fe y Alegría 12. Puente Piedra. Lima,10.47865/igob.vol6.n22.2023.254,OpenAlex,metadata,1.511630282087125
doi:10.36260/rbr.v12i6.1970,doi:10.36260/rbr.v12i6.1970,STM-METADATA-ES,metadata,es,13,0.5166716162172343,2,0.25347215946063695,0.2631994567565974,FALSE,FALSE,2023,"Gestión educativa, convivencia y distribución del conocimiento",10.36260/rbr.v12i6.1970,OpenAlex,metadata,1.5195987526427397
doi:10.46932/sfjdv7n6-040,doi:10.46932/sfjdv7n6-040,STM-METADATA-ES,metadata,es,2,0.3373370906899159,10,0.2665990461077375,0.07073804458217842,FALSE,TRUE,2026,Estudio del clima laboral en la gestión educativa,10.46932/sfjdv7n6-040,OpenAlex,metadata,1.9318935525880976
doi:10.53673/th.v4i3.322,doi:10.53673/th.v4i3.322,STM-METADATA-ES,metadata,es,10,0.47603544071790377,12,0.17879915210762892,0.29723628861027485,FALSE,FALSE,2024,Ecos del Ambiente Institucional,10.53673/th.v4i3.322,OpenAlex,metadata,1.643408084688502
doi:10.32735/s2810-7594/2025-n4-138,doi:10.32735/s2810-7594/2025-n4-138,STM-METADATA-ES,metadata,es,6,0.5253401946310221,11,0.19078799162244767,0.33455220300857447,FALSE,FALSE,2025,Gestión educativa basada en evidencias para la mejora escolar,10.32735/s2810-7594/2025-n4-138,OpenAlex,metadata,1.6369577644717177
doi:10.23857/dc.v12i3.4914,doi:10.23857/dc.v12i3.4914,STM-METADATA-ES,metadata,es,4,0.6424212233737179,11,0.27795809268563165,0.3644631306880862,FALSE,FALSE,2026,Desarrollo profesional del docente para mejorar la gestión educativa,10.23857/dc.v12i3.4914,OpenAlex,metadata,0.966206068029219
doi:10.29105/vtga7.2-61,doi:10.29105/vtga7.2-61,STM-METADATA-ES,metadata,es,13,0.3927528916953048,2,0.3181737862585577,0.07457910543674712,FALSE,TRUE,2022,"La responsabilidad social universitaria, un reto para la gestión educativa",10.29105/vtga7.2-61,OpenAlex,metadata,1.547434540854043
doi:10.22458/ie.v27iespecial.6126,doi:10.22458/ie.v27iespecial.6126,STM-METADATA-ES,metadata,es,8,0.6418232469979955,5,0.21238595960406126,0.4294372873939343,FALSE,FALSE,2025,Liderazgo distribuido y transformador: gestión educativa para el bienestar organizacional,10.22458/ie.v27iespecial.6126,OpenAlex,metadata,1.1753053469036647
doi:10.55813/gaea/ccri/v7/n1/1509,doi:10.55813/gaea/ccri/v7/n1/1509,STM-METADATA-ES,metadata,es,4,0.35283534471133676,8,0.3172339365973036,0.03560140811403317,FALSE,TRUE,2026,Estrategia de gestión educativa para la salvaguarda del patrimonio institucional,10.55813/gaea/ccri/v7/n1/1509,OpenAlex,metadata,1.5161258695095117
doi:10.70577/mxsz0a68,doi:10.70577/mxsz0a68,STM-METADATA-ES,metadata,es,5,0.3242438809654896,10,0.2786684486276508,0.04557543233783884,FALSE,TRUE,2023,Gestión Educativa Inclusiva y Participación Escolar de Estudiantes con Discapacidad,10.70577/mxsz0a68,OpenAlex,metadata,1.6262134006014217
doi:10.5281/zenodo.21401954,doi:10.5281/zenodo.21401954,STM-METADATA-ES,metadata,es,8,0.9806644484413836,9,0.0037434255831927466,0.9769210228581908,FALSE,FALSE,2026,Dimensiones comparativas de la gestión administrativa y la gestión educativa,10.5281/zenodo.21401954,OpenAlex,metadata,0.14007998927520013
doi:10.51896/reea/uwcn9184,doi:10.51896/reea/uwcn9184,STM-METADATA-ES,metadata,es,16,0.8677799246952214,6,0.06657249747806288,0.8012074272171585,FALSE,FALSE,2022,PLANEACIÓN EN LA GESTIÓN EDUCATIVA DE LOS DIRECTIVOS DOCENTES RURALES,10.51896/reea/uwcn9184,OpenAlex,metadata,0.6225264623292357
record:545ccba8ded726a03067fa7f,record:545ccba8ded726a03067fa7f,STM-METADATA-ES,metadata,es,7,0.9099322033478641,5,0.018561289472163102,0.891370913875701,FALSE,FALSE,2026,"La dirección escolar: sobre directores y gestión educativa, sus conceptualizaciones y regulaciones",NA,CONICET Digital,metadata,0.5093229967303973
record:05b04acc6fc524e03e152af1,record:05b04acc6fc524e03e152af1,STM-METADATA-ES,metadata,es,13,0.6970837421649739,14,0.17133742404162958,0.5257463181233444,FALSE,FALSE,2026,El liderazgo educativo como política pública: perspectivas en disputa en el campo de la formación docente,NA,CONICET Digital,metadata,0.9853123997867806
record:d549f21df41384c4c186c308,record:d549f21df41384c4c186c308,STM-METADATA-ES,metadata,es,5,0.4431314938365667,6,0.3039879889104022,0.1391435049261645,FALSE,FALSE,2026,Evaluación y dinámicas de privatización educativa en Argentina: Entre la medición de aprendizajes y la intervención de organizaciones no gubernamentales,NA,CONICET Digital,metadata,1.643119222135686
record:4d562c5f3445bf2aa16d0e90,record:4d562c5f3445bf2aa16d0e90,STM-METADATA-ES,metadata,es,3,0.5417493524024699,7,0.3738919701251439,0.167857382277326,FALSE,FALSE,2026,"¿Volverse el error de la matrix?: Un estudio crítico en torno a los discursos de liderazgo
para la dirección escolar en tiempos gerenciales",NA,CONICET Digital,metadata,1.0405377795678117
record:a1502196a15776540f0277f7,record:a1502196a15776540f0277f7,STM-METADATA-ES,metadata,es,1,0.4318661727541187,3,0.30858559647013445,0.12328057628398426,FALSE,FALSE,2026,No todo está dicho: claves detrás de las escuelas resilientes,NA,CONICET Digital,metadata,1.5193002099085744
record:1d81a2894fdf3f21d05b6f8d,record:1d81a2894fdf3f21d05b6f8d,STM-METADATA-ES,metadata,es,3,0.5014863039165258,1,0.4139166736300631,0.0875696302864627,FALSE,TRUE,2026,"Distribuir la escuela, organizar el territorio. Notas sobre la escolarización en la ciudad de Buenos Aires (Argentina, 1899-1915)",NA,CONICET Digital,metadata,1.0532766001519984
