document_id,publication_document_id,model,corpus,language,topic_id,topic_probability,second_topic_id,second_topic_probability,probability_margin,is_outlier,is_ambiguous,year,title,doi,source,corpus_unit,topic_entropy
doi:10.48169/ecuatesis/0101202005,doi:10.48169/ecuatesis/0101202005,STM-METADATA-EN,metadata,en,2,0.5763511465431415,14,0.29530224941294503,0.28104889713019643,FALSE,FALSE,2020,La gestión escolar y la calidad educativa en las instituciones educativas de nivel básico.,10.48169/ecuatesis/0101202005,OpenAlex,metadata,1.1481787541360788
doi:10.33010/ie_rie_rediech.v14i0.1807,doi:10.33010/ie_rie_rediech.v14i0.1807,STM-METADATA-EN,metadata,en,2,0.3362787630494718,15,0.24646890882825476,0.08980985422121704,FALSE,TRUE,2023,Los documentos normativos de gestión escolar durante el confinamiento (2020-2022) en México,10.33010/ie_rie_rediech.v14i0.1807,OpenAlex,metadata,1.8774851412300142
doi:10.69733/clad.ryd.n83.a274,doi:10.69733/clad.ryd.n83.a274,STM-METADATA-EN,metadata,en,6,0.8146075272976718,15,0.06700372036365976,0.7476038069340121,FALSE,FALSE,2022,"Políticas de &lt;i&gt;accountability&lt;/i&gt;: tensiones y dificultades en la gestión escolar, una revisión bibliográfica",10.69733/clad.ryd.n83.a274,OpenAlex,metadata,0.8374393954653877
record:fab25d58ab6cd63e64c1f6b3,record:fab25d58ab6cd63e64c1f6b3,STM-METADATA-EN,metadata,en,2,0.3952647955073144,1,0.2994057831380986,0.09585901236921579,FALSE,TRUE,2020,AUTONOMÍA DE LA GESTIÓN ESCOLAR EN LA EDUCACIÓN BÁSICA EN MÉXICO: IDENTIFICACIÓN DE FACTORES QUE LA OBSTACULIZAN O PERMITEN SU DESARROLLO,NA,OpenAlex,metadata,1.5629975371551097
doi:10.58995/redlic.rmic.v3.n3.a179,doi:10.58995/redlic.rmic.v3.n3.a179,STM-METADATA-EN,metadata,en,6,0.8440542899558623,1,0.10152952739134159,0.7425247625645207,FALSE,FALSE,2025,El Plan Educativo Institucional como herramienta de la gestión escolar,10.58995/redlic.rmic.v3.n3.a179,OpenAlex,metadata,0.6612024025472087
doi:10.69821/constellations.v5i1.160,doi:10.69821/constellations.v5i1.160,STM-METADATA-EN,metadata,en,15,0.24496169068197118,10,0.16704834614807798,0.0779133445338932,FALSE,TRUE,2026,Liderazgo pedagógico y gestión escolar rural: una revisión documental sistemática,10.69821/constellations.v5i1.160,OpenAlex,metadata,2.09436483583296
doi:10.23857/pc.v6i1.2182,doi:10.23857/pc.v6i1.2182,STM-METADATA-EN,metadata,en,2,0.8170965860326563,11,0.09302545440036784,0.7240711316322885,FALSE,FALSE,2021,La función supervisora como proceso complejo en la gestión escolar,10.23857/pc.v6i1.2182,OpenAlex,metadata,0.8027839206766353
doi:10.53485/rsu.v4i3.186,doi:10.53485/rsu.v4i3.186,STM-METADATA-EN,metadata,en,2,0.242178042676874,1,0.18983892148700449,0.052339121189869525,FALSE,TRUE,2021,Gestión escolar del liderazgo estratégico: Diagnóstico de una escuela primaria mexicana,10.53485/rsu.v4i3.186,OpenAlex,metadata,2.2980073199067648
doi:10.62452/rs29bw18,doi:10.62452/rs29bw18,STM-METADATA-EN,metadata,en,1,0.3882257030468516,15,0.24032385441554735,0.14790184863130426,FALSE,FALSE,2024,La gestión escolar y su impacto en la función directiva. Reflexiones teórico-metodológicas,10.62452/rs29bw18,OpenAlex,metadata,1.837327278010987
record:23684482eed4a94093366631,record:23684482eed4a94093366631,STM-METADATA-EN,metadata,en,2,0.7338870399687795,4,0.09118521641291968,0.6427018235558598,FALSE,FALSE,2021,La gestión escolar y los procesos para fomentar la integración escolar: Comunicación breve,NA,OpenAlex,metadata,1.0963210574994333
doi:10.19136/etie.a5n9.5057,doi:10.19136/etie.a5n9.5057,STM-METADATA-EN,metadata,en,2,0.2761477968775663,14,0.1754790831621774,0.10066871371538891,FALSE,FALSE,2022,Cuando administración y cultura corporativa no son suficientes para la Gestión Escolar: una evidencia empírica.,10.19136/etie.a5n9.5057,OpenAlex,metadata,2.269290826125773
doi:10.15359/rep.17-1.3,doi:10.15359/rep.17-1.3,STM-METADATA-EN,metadata,en,6,0.6444374705856849,2,0.21367166348599048,0.4307658070996944,FALSE,FALSE,2022,"Economía global, gestión escolar y calidad educativa, análisis contextual desde el proyecto educativo institucional",10.15359/rep.17-1.3,OpenAlex,metadata,1.216388851582423
record:ebcc7ddd109a76a8406e40af,record:ebcc7ddd109a76a8406e40af,STM-METADATA-EN,metadata,en,6,0.9485582372892505,10,0.012217778032801791,0.9363404592564487,FALSE,FALSE,2025,La gestión escolar para el mejoramiento de la calidad educativa en la escuela Emilio Carranza,NA,OpenAlex,metadata,0.3244517408935887
doi:10.15381/rpiiedu.v4i1.26747,doi:10.15381/rpiiedu.v4i1.26747,STM-METADATA-EN,metadata,en,10,0.34323309652410133,15,0.2582580146337044,0.08497508189039693,FALSE,TRUE,2024,Estado del Arte sobre Comunidades de Aprendizaje Profesional en las prácticas de gestión escolar: (2020-2023),10.15381/rpiiedu.v4i1.26747,OpenAlex,metadata,1.794548368778021
record:edc1e2a1486f91919ea94635,record:edc1e2a1486f91919ea94635,STM-METADATA-EN,metadata,en,15,0.22623404430107957,9,0.22617108596820396,6.29583328756178e-5,FALSE,TRUE,2025,Las Tecnologías de la Información como Herramienta Eje que Favorece las Dimensiones de la Gestión Escolar,NA,OpenAlex,metadata,2.0521104120757125
record:3a7d056d2a66b8e58dd41a05,record:3a7d056d2a66b8e58dd41a05,STM-METADATA-EN,metadata,en,2,0.45153585692503856,16,0.12448417577587492,0.3270516811491636,FALSE,FALSE,2020,La formación de directores ¿puede mejorar la gestión escolar? evidencia a corto plazo de un experimento en Argentina,NA,OpenAlex,metadata,1.8904996515790946
doi:10.4000/14hpr,doi:10.4000/14hpr,STM-METADATA-EN,metadata,en,2,0.9522674973774385,10,0.017095787337629863,0.9351717100398087,FALSE,FALSE,2025,L’institution scolaire et ses agents à l’épreuve du discours managérial,10.4000/14hpr,OpenAlex,metadata,0.29345287237390344
doi:10.21703/rexe.20201941miras16,doi:10.21703/rexe.20201941miras16,STM-METADATA-EN,metadata,en,2,0.3987741227206559,6,0.291902299358586,0.10687182336206985,FALSE,FALSE,2020,Liderazgo pedagógico y liderazgo ético: perspectivas complementarias de la nueva dirección escolar,10.21703/rexe.20201941miras16,OpenAlex,metadata,1.5505796420568059
doi:10.4067/s0718-07052023000100031,doi:10.4067/s0718-07052023000100031,STM-METADATA-EN,metadata,en,2,0.6275500109892912,3,0.29975120933958993,0.32779880164970127,FALSE,FALSE,2023,Mujeres y la dirección escolar en Chile: el desafío de conciliar trabajo y familia,10.4067/s0718-07052023000100031,OpenAlex,metadata,0.9862713475001854
doi:10.15581/004.44.005,doi:10.15581/004.44.005,STM-METADATA-EN,metadata,en,2,0.46737727821277086,14,0.16738062705006498,0.2999966511627059,FALSE,FALSE,2022,¿Es la dirección escolar un trabajo apasionante? Evaluación de la pasión en directivos de Chile y Cataluña,10.15581/004.44.005,OpenAlex,metadata,1.732878085352545
doi:10.2307/jj.22246954.24,doi:10.2307/jj.22246954.24,STM-METADATA-EN,metadata,en,2,0.7917439225871554,10,0.03378902344733687,0.7579548991398185,FALSE,FALSE,2024,DIRECCIÓN ESCOLAR Y SU FORMACIÓN.,10.2307/jj.22246954.24,OpenAlex,metadata,1.0329834192254692
doi:10.5944/hme.14.2021.28184,doi:10.5944/hme.14.2021.28184,STM-METADATA-EN,metadata,en,2,0.824030972160072,1,0.10565539021432467,0.7183755819457474,FALSE,FALSE,2021,Villar Palasí: Sobre tecnocracia y dirección escolar,10.5944/hme.14.2021.28184,OpenAlex,metadata,0.748593607354557
doi:10.48035/tesis/2454/45810,doi:10.48035/tesis/2454/45810,STM-METADATA-EN,metadata,en,2,0.20855939817343563,15,0.20557550734837593,0.002983890825059704,FALSE,TRUE,2023,s La dirección escolar: hacia la definición de su identidad profesional,10.48035/tesis/2454/45810,OpenAlex,metadata,2.1981870304924866
doi:10.48169/ecuatesis/0102202008,doi:10.48169/ecuatesis/0102202008,STM-METADATA-EN,metadata,en,6,0.68196692818538,1,0.11562820704789434,0.5663387211374856,FALSE,FALSE,2020,Gestión educativa y su relación con el desempeño docente.,10.48169/ecuatesis/0102202008,OpenAlex,metadata,1.3019216365300985
doi:10.48169/ecuatesis/0102202012,doi:10.48169/ecuatesis/0102202012,STM-METADATA-EN,metadata,en,2,0.8022808923953322,14,0.08846932666254886,0.7138115657327833,FALSE,FALSE,2020,Gestión educativa y práctica docente: reflexiones sobre la dimensión investigativa.,10.48169/ecuatesis/0102202012,OpenAlex,metadata,0.8588317104308468
doi:10.48169/ecuatesis/0105202028,doi:10.48169/ecuatesis/0105202028,STM-METADATA-EN,metadata,en,2,0.28762774921556017,14,0.1818443997920789,0.10578334942348128,FALSE,FALSE,2020,La gestión educativa en el liderazgo directivo de los colegios del circuito 07d01 del cantón Pasaje.,10.48169/ecuatesis/0105202028,OpenAlex,metadata,2.143943325567392
doi:10.35622/j.rep.2023.04.002,doi:10.35622/j.rep.2023.04.002,STM-METADATA-EN,metadata,en,6,0.501705041558409,13,0.15606727817232935,0.34563776338607965,FALSE,FALSE,2023,Liderazgo directivo y gestión educativa en el ámbito educativo,10.35622/j.rep.2023.04.002,OpenAlex,metadata,1.6045286298652162
doi:10.15359/ree.27-3.17435,doi:10.15359/ree.27-3.17435,STM-METADATA-EN,metadata,en,2,0.3972671875854341,10,0.19401092878289206,0.20325625880254206,FALSE,FALSE,2023,Gestión educativa para la inclusión: Perfil personal y profesional de las personas directoras de escuelas primarias en Costa Rica,10.15359/ree.27-3.17435,OpenAlex,metadata,1.8734146220473498
record:bfb4d5b229a62417a07d3ff4,record:bfb4d5b229a62417a07d3ff4,STM-METADATA-EN,metadata,en,2,0.6662290005233422,15,0.1330840786627893,0.533144921860553,FALSE,FALSE,2021,Las metáforas docentes sobre la gestión educativa en una escuela pública,NA,OpenAlex,metadata,1.2706357421144459
doi:10.15359/rep.18-1.14,doi:10.15359/rep.18-1.14,STM-METADATA-EN,metadata,en,2,0.5754274935013877,1,0.1757613585106006,0.39966613499078707,FALSE,FALSE,2023,Gestión educativa para la promoción de entornos inclusivos en Costa Rica: análisis desde la política educativa,10.15359/rep.18-1.14,OpenAlex,metadata,1.4662425989881778
doi:10.15359/rep.17-2.11,doi:10.15359/rep.17-2.11,STM-METADATA-EN,metadata,en,2,0.6758223241802181,12,0.12735994208775459,0.5484623820924636,FALSE,FALSE,2022,El paradigma de la complejidad en la gestión educativa de una escuela pública del cantón de Belén de Heredia,10.15359/rep.17-2.11,OpenAlex,metadata,1.2409158594698575
doi:10.24265/iggp.2021.v8n1.04,doi:10.24265/iggp.2021.v8n1.04,STM-METADATA-EN,metadata,en,2,0.47046811066937355,13,0.32150760841425435,0.1489605022551192,FALSE,FALSE,2021,La motivación intrínseca y su relación con la gestión pública de los directores de la Unidad de Gestión Educativa Local N° 06 -Lima,10.24265/iggp.2021.v8n1.04,OpenAlex,metadata,1.4144842020858521
doi:10.3390/su13169141,doi:10.3390/su13169141,STM-METADATA-EN,metadata,en,10,0.6310016870131822,14,0.2900011285146677,0.34100055849851446,FALSE,FALSE,2021,"School Management Culture, Emotional Labor, and Teacher Burnout in Mainland China",10.3390/su13169141,OpenAlex,metadata,1.0435042552972542
doi:10.14421/jpi.2019.82.239-258,doi:10.14421/jpi.2019.82.239-258,STM-METADATA-EN,metadata,en,12,0.8873047703274598,1,0.06855720351450156,0.8187475668129582,FALSE,FALSE,2020,Revitalization of Islamic Boarding School Management to Foster the Spirit of Islamic Moderation in Indonesia,10.14421/jpi.2019.82.239-258,OpenAlex,metadata,0.533239949189098
doi:10.18844/cjes.v16i2.5638,doi:10.18844/cjes.v16i2.5638,STM-METADATA-EN,metadata,en,5,0.3599062023079072,1,0.30310475350703275,0.056801448800874454,FALSE,TRUE,2021,Women and leadership style in school management: Study of gender perspective,10.18844/cjes.v16i2.5638,OpenAlex,metadata,1.5860761227312317
doi:10.33650/al-tanzim.v6i4.3461,doi:10.33650/al-tanzim.v6i4.3461,STM-METADATA-EN,metadata,en,12,0.6281687167945736,14,0.19340050816753124,0.4347682086270424,FALSE,FALSE,2022,The Influence of School Management on The Implementation of The Merdeka Belajar Curriculum,10.33650/al-tanzim.v6i4.3461,OpenAlex,metadata,1.2292189768211543
doi:10.17762/kuey.v27i1.4,doi:10.17762/kuey.v27i1.4,STM-METADATA-EN,metadata,en,8,0.31873590144200437,5,0.2596713029626391,0.05906459847936529,FALSE,TRUE,2021,School Management During the Covid-19 Pandemic: A Qualitative Study,10.17762/kuey.v27i1.4,OpenAlex,metadata,1.7965845214394587
doi:10.11591/ijere.v10i1.20953,doi:10.11591/ijere.v10i1.20953,STM-METADATA-EN,metadata,en,14,0.2557036390944313,4,0.2428594668872576,0.012844172207173682,FALSE,TRUE,2021,The improving of effectiveness school-based enterprise: A structural equation modeling in vocational school management,10.11591/ijere.v10i1.20953,OpenAlex,metadata,1.7547137371457346
doi:10.1080/19345747.2020.1849481,doi:10.1080/19345747.2020.1849481,STM-METADATA-EN,metadata,en,14,0.7472007595030147,5,0.10845246367616666,0.638748295826848,FALSE,FALSE,2021,A Team-Based Perspective for School Improvement: The Mediating Role of School Management Teams,10.1080/19345747.2020.1849481,OpenAlex,metadata,0.9870108365326441
doi:10.33650/al-tanzim.v6i3.3383,doi:10.33650/al-tanzim.v6i3.3383,STM-METADATA-EN,metadata,en,12,0.9530949984833749,4,0.01399961205610188,0.939095386427273,FALSE,FALSE,2022,School Management in Forming Children's Religious Character,10.33650/al-tanzim.v6i3.3383,OpenAlex,metadata,0.28741844599802874
doi:10.1007/s10758-022-09631-9,doi:10.1007/s10758-022-09631-9,STM-METADATA-EN,metadata,en,1,0.3730145753320149,14,0.12253293571972772,0.25048163961228714,FALSE,FALSE,2022,"Same, but Different? Digital Transformation in Swiss Vocational Schools from the Perspectives of School Management and Teachers",10.1007/s10758-022-09631-9,OpenAlex,metadata,2.0298033483080276
doi:10.1016/j.ijedudev.2020.102196,doi:10.1016/j.ijedudev.2020.102196,STM-METADATA-EN,metadata,en,1,0.7917125395659915,11,0.09642847741274253,0.695284062153249,FALSE,FALSE,2020,"Community participation in school management from the viewpoint of relational trust: A case from the Akatsi South District, Ghana",10.1016/j.ijedudev.2020.102196,OpenAlex,metadata,0.9337663732044345
doi:10.5897/err2020.4076,doi:10.5897/err2020.4076,STM-METADATA-EN,metadata,en,5,0.4768375315006739,13,0.21361460989499528,0.2632229216056786,FALSE,FALSE,2021,"Empowerment of the school management team by secondary schools principals in Tshwane West District, South Africa",10.5897/err2020.4076,OpenAlex,metadata,1.5089047466528895
doi:10.3390/educsci11090511,doi:10.3390/educsci11090511,STM-METADATA-EN,metadata,en,2,0.4348805774590199,7,0.42908281803487947,0.005797759424140458,FALSE,TRUE,2021,Inclusive Leadership of School Management from the View of Families: Construction and Validation of LEI-Q,10.3390/educsci11090511,OpenAlex,metadata,1.236904434068029
doi:10.18488/journal.73.2020.83.298.309,doi:10.18488/journal.73.2020.83.298.309,STM-METADATA-EN,metadata,en,13,0.9729901559704824,5,0.008320688311098532,0.9646694676593839,FALSE,FALSE,2020,"School Management Practices, Teachers Effectiveness, and Students’ Academic Performance in Mathematics in Secondary Schools of Cross River State, Nigeria",10.18488/journal.73.2020.83.298.309,OpenAlex,metadata,0.181898611718623
doi:10.7769/gesec.v14i7.2426,doi:10.7769/gesec.v14i7.2426,STM-METADATA-EN,metadata,en,9,0.9007738154134679,10,0.034859142653798914,0.8659146727596689,FALSE,FALSE,2023,The role of school management in technological practices as a tool for futuristic teaching,10.7769/gesec.v14i7.2426,OpenAlex,metadata,0.5255135229842399
doi:10.1016/j.econedurev.2023.102464,doi:10.1016/j.econedurev.2023.102464,STM-METADATA-EN,metadata,en,6,0.39417748270817027,7,0.24311543985287723,0.15106204285529304,FALSE,FALSE,2023,Improving school management in low and middle income countries: A systematic review,10.1016/j.econedurev.2023.102464,OpenAlex,metadata,1.7532256923672949
doi:10.3390/su14137730,doi:10.3390/su14137730,STM-METADATA-EN,metadata,en,2,0.5946425692509697,9,0.22546603144052474,0.36917653781044496,FALSE,FALSE,2022,Analysis of Digital Leadership in School Management and Accessibility of Animation-Designed Game-Based Learning for Sustainability of Education for Children with Special Needs,10.3390/su14137730,OpenAlex,metadata,1.2336743518407292
doi:10.3991/ijet.v15i12.13571,doi:10.3991/ijet.v15i12.13571,STM-METADATA-EN,metadata,en,9,0.40461308658848016,10,0.149092682327048,0.2555204042614322,FALSE,FALSE,2020,The Role of Edmodo Model for Professional Development: The Uses of Blockchain in School Management,10.3991/ijet.v15i12.13571,OpenAlex,metadata,1.9180445738540521
doi:10.15548/jt.v28i2.666,doi:10.15548/jt.v28i2.666,STM-METADATA-EN,metadata,en,12,0.7786213578597224,1,0.10935325441079327,0.6692681034489292,FALSE,FALSE,2021,The Adiwiyata Islamic Boarding School Management (A Study of Participatory Leadership Style),10.15548/jt.v28i2.666,OpenAlex,metadata,0.8589017493530132
doi:10.5539/ies.v14n1p115,doi:10.5539/ies.v14n1p115,STM-METADATA-EN,metadata,en,7,0.4726295199387404,1,0.44265021568007595,0.029979304258664463,FALSE,TRUE,2020,The Association Between Parent Participation in School Management and Student Achievement in Eight Countries and Economies,10.5539/ies.v14n1p115,OpenAlex,metadata,1.108539783999876
doi:10.46303/ressat.2021.35,doi:10.46303/ressat.2021.35,STM-METADATA-EN,metadata,en,8,0.458076823220853,11,0.35266432347499765,0.10541249974585537,FALSE,FALSE,2021,Chronicling school principals’ experiences on school management in the context of COVID-19 stringency,10.46303/ressat.2021.35,OpenAlex,metadata,1.3184341617557094
doi:10.4324/9781003321439-5,doi:10.4324/9781003321439-5,STM-METADATA-EN,metadata,en,5,0.48696172035266716,1,0.2310363198847286,0.25592540046793855,FALSE,FALSE,2023,Effective School Management: Leadership Capacity of the School Principal,10.4324/9781003321439-5,OpenAlex,metadata,1.5109022575783817
doi:10.20525/ijrbs.v12i6.2708,doi:10.20525/ijrbs.v12i6.2708,STM-METADATA-EN,metadata,en,1,0.5274978692772809,11,0.2511590262253036,0.2763388430519773,FALSE,FALSE,2023,Transforming school management system using participative management approach in South Africa,10.20525/ijrbs.v12i6.2708,OpenAlex,metadata,1.4648293784218134
doi:10.22541/au.172254873.34023165/v1,doi:10.22541/au.172254873.34023165/v1,STM-METADATA-EN,metadata,en,4,0.5185873094126817,9,0.3218570432539022,0.19673026615877953,FALSE,FALSE,2024,School management system project report,10.22541/au.172254873.34023165/v1,OpenAlex,metadata,1.3695963282141344
doi:10.37481/jmeb.v1i2.220,doi:10.37481/jmeb.v1i2.220,STM-METADATA-EN,metadata,en,14,0.41203700143604877,4,0.28278968026579454,0.12924732117025423,FALSE,FALSE,2021,THE EFFECT OF LEADERSHIP ON PERFORMANCE: Analysis of School Management Ability and Attitude,10.37481/jmeb.v1i2.220,OpenAlex,metadata,1.622776624842672
doi:10.21009/jpmm.004.1.07,doi:10.21009/jpmm.004.1.07,STM-METADATA-EN,metadata,en,4,0.49278312614163644,12,0.35047793477021505,0.1423051913714214,FALSE,FALSE,2020,The Entrepreneurship-based School Management,10.21009/jpmm.004.1.07,OpenAlex,metadata,1.3626370872931208
doi:10.29333/aje.2020.511a,doi:10.29333/aje.2020.511a,STM-METADATA-EN,metadata,en,13,0.9783629620689437,11,0.004063896462254752,0.9742990656066889,FALSE,FALSE,2020,School Management Mechanisms and Control of Discipline among Pupils in Primary Schools: An Analysis of Discipline in Upper Primary Level,10.29333/aje.2020.511a,OpenAlex,metadata,0.15391682824749997
doi:10.31332/str.v26i2.2360,doi:10.31332/str.v26i2.2360,STM-METADATA-EN,metadata,en,9,0.6401226961015147,4,0.24170500175830248,0.3984176943432123,FALSE,FALSE,2020,Use of Websites in School Management: An Effort to Build School Readiness in the Era of 4.0,10.31332/str.v26i2.2360,OpenAlex,metadata,1.0337814990710814
doi:10.33650/al-tanzim.v5i2.1970,doi:10.33650/al-tanzim.v5i2.1970,STM-METADATA-EN,metadata,en,12,0.9217776030678515,1,0.01947774632864395,0.9022998567392075,FALSE,FALSE,2021,INTEGRATED SCHOOL MANAGEMENT-CHARACTER EDUCATION AFFIRMATION: A CASE STUDY IN MUHAMMADIYAH WIROBRAJAN 3 ELEMENTARY SCHOOL YOGYAKARTA,10.33650/al-tanzim.v5i2.1970,OpenAlex,metadata,0.44255947921048927
doi:10.3390/soc13040084,doi:10.3390/soc13040084,STM-METADATA-EN,metadata,en,2,0.617265549916846,9,0.1811965126814704,0.4360690372353756,FALSE,FALSE,2023,Digital Competence of Special Education Teachers: An Analysis from the Voices of Members of School Management Teams,10.3390/soc13040084,OpenAlex,metadata,1.3973855409343026
doi:10.1080/13603124.2022.2117414,doi:10.1080/13603124.2022.2117414,STM-METADATA-EN,metadata,en,11,0.839079634138916,15,0.062384708112936546,0.7766949260259794,FALSE,FALSE,2022,Establishing and maintaining school-community partnerships: a challenge for school management teams,10.1080/13603124.2022.2117414,OpenAlex,metadata,0.751499257885477
doi:10.5281/zenodo.7800582,doi:10.5281/zenodo.7800582,STM-METADATA-EN,metadata,en,9,0.936788773030865,4,0.01410499861459175,0.9226837744162733,FALSE,FALSE,2023,School Management System,10.5281/zenodo.7800582,OpenAlex,metadata,0.39299566933039476
doi:10.52223/jssa20-010104-04,doi:10.52223/jssa20-010104-04,STM-METADATA-EN,metadata,en,10,0.39026623508864217,13,0.16603016524988,0.22423606983876215,FALSE,FALSE,2020,Analysis of teacher professional development in Tanzania: View point school management practice,10.52223/jssa20-010104-04,OpenAlex,metadata,1.8736341390082945
doi:10.1108/mbe-02-2019-0012,doi:10.1108/mbe-02-2019-0012,STM-METADATA-EN,metadata,en,15,0.4002003339387132,7,0.17864933290521368,0.2215510010334995,FALSE,FALSE,2020,The balanced scorecard for school management: case study of Thai public schools,10.1108/mbe-02-2019-0012,OpenAlex,metadata,1.9136447841321302
doi:10.36941/jesr-2020-0001,doi:10.36941/jesr-2020-0001,STM-METADATA-EN,metadata,en,13,0.5275916501538399,14,0.26172451979370365,0.26586713036013626,FALSE,FALSE,2020,Teachers’ Views on the Priorities of Effective School Management,10.36941/jesr-2020-0001,OpenAlex,metadata,1.3875252660526882
doi:10.1080/00220388.2023.2273800,doi:10.1080/00220388.2023.2273800,STM-METADATA-EN,metadata,en,7,0.8439229014845947,1,0.0787785670048325,0.7651443344797622,FALSE,FALSE,2023,Decentralisation in School Management and Student Achievement: Evidence from India,10.1080/00220388.2023.2273800,OpenAlex,metadata,0.7312642049283091
doi:10.25147/ijcsr.2017.001.1.74,doi:10.25147/ijcsr.2017.001.1.74,STM-METADATA-EN,metadata,en,9,0.7185529422815676,4,0.10931241216289313,0.6092405301186745,FALSE,FALSE,2021,"Designing and Implementing e-School Systems: An Information Systems Approach to School Management of a Community College in Northern Mindanao, Philippines",10.25147/ijcsr.2017.001.1.74,OpenAlex,metadata,1.0261243351399447
doi:10.1080/15700763.2020.1823997,doi:10.1080/15700763.2020.1823997,STM-METADATA-EN,metadata,en,11,0.4297121097426823,13,0.3313121063822779,0.09840000336040439,FALSE,TRUE,2020,State-Funded Secondary Education Policy: Implications for Private School Management in Ghana,10.1080/15700763.2020.1823997,OpenAlex,metadata,1.313748997643553
doi:10.1080/01900692.2022.2069118,doi:10.1080/01900692.2022.2069118,STM-METADATA-EN,metadata,en,14,0.3615122400490424,1,0.27095066175852434,0.09056157829051809,FALSE,TRUE,2022,Organizational Culture and Strategic Management in Brazilian Public Organizations: Systematization of Factors to Improve School Management,10.1080/01900692.2022.2069118,OpenAlex,metadata,1.682802751912642
doi:10.21125/inted.2024.1418,doi:10.21125/inted.2024.1418,STM-METADATA-EN,metadata,en,9,0.8744279326270533,4,0.03324188841673992,0.8411860442103134,FALSE,FALSE,2024,THE IMPACT OF ARTIFICIAL INTELLIGENCE ON THE SCHOOL MANAGEMENT: A STUDY OF OPPORTUNITIES AND CHALLENGES IN JORDAN,10.21125/inted.2024.1418,OpenAlex,metadata,0.6708704768518341
doi:10.3390/su15139987,doi:10.3390/su15139987,STM-METADATA-EN,metadata,en,9,0.3397198239401601,4,0.30295007920096195,0.03676974473919814,FALSE,TRUE,2023,Research on the Evaluation Model of School Management Quality in the Compulsory Education Stage Based on Big Data Technology,10.3390/su15139987,OpenAlex,metadata,1.6480518970223388
doi:10.33422/ejte.2020.01.15,doi:10.33422/ejte.2020.01.15,STM-METADATA-EN,metadata,en,1,0.47114963765811974,9,0.11768519606790771,0.353464441590212,FALSE,FALSE,2020,School Management in the Midst of Educational Technology Advancement,10.33422/ejte.2020.01.15,OpenAlex,metadata,1.8884904655838946
doi:10.46606/eajess2021v02i04.0124,doi:10.46606/eajess2021v02i04.0124,STM-METADATA-EN,metadata,en,13,0.5855522312542156,4,0.16532024981631535,0.4202319814379003,FALSE,FALSE,2021,"Human Skills by Heads of Secondary Schools towards Effective School Management in Makambako Town, Tanzania",10.46606/eajess2021v02i04.0124,OpenAlex,metadata,1.342615470195774
doi:10.1177/1056787920963650,doi:10.1177/1056787920963650,STM-METADATA-EN,metadata,en,11,0.24565142241997054,3,0.20423303613799237,0.041418386281978165,FALSE,TRUE,2020,Exploring Systems Thinking in Schools: Mental Models of School Management Teams,10.1177/1056787920963650,OpenAlex,metadata,2.23431895308703
doi:10.2991/assehr.k.201214.326,doi:10.2991/assehr.k.201214.326,STM-METADATA-EN,metadata,en,15,0.259625687155077,1,0.21528915352599218,0.04433653362908482,FALSE,TRUE,2020,Subject Teacher Deliberation: Role and Functions in School Management,10.2991/assehr.k.201214.326,OpenAlex,metadata,2.1524435548969585
doi:10.18178/ijiet.2020.10.9.1446,doi:10.18178/ijiet.2020.10.9.1446,STM-METADATA-EN,metadata,en,9,0.6265853571517489,4,0.34980701683493653,0.27677834031681237,FALSE,FALSE,2020,Integration of School Management Systems Using a Centralized Database (ISMSCD),10.18178/ijiet.2020.10.9.1446,OpenAlex,metadata,0.8070281491358289
doi:10.2991/assehr.k.210615.042,doi:10.2991/assehr.k.210615.042,STM-METADATA-EN,metadata,en,9,0.664113785292406,4,0.2245565265060394,0.43955725878636653,FALSE,FALSE,2021,Effective School Management in Industrial Revolution Era 4.0,10.2991/assehr.k.210615.042,OpenAlex,metadata,1.065468696127589
doi:10.14689/ejer.2021.96.4,doi:10.14689/ejer.2021.96.4,STM-METADATA-EN,metadata,en,12,0.7639155015037066,1,0.07350831757992494,0.6904071839237816,FALSE,FALSE,2021,Investigating The Role of Religious Leadership at Indonesia’s Islamic Boarding Schools in The Sustainability of School Management,10.14689/ejer.2021.96.4,OpenAlex,metadata,1.0684699822654196
doi:10.1080/13603124.2024.2369987,doi:10.1080/13603124.2024.2369987,STM-METADATA-EN,metadata,en,11,0.5712150964483783,10,0.11684058161728268,0.45437451483109564,FALSE,FALSE,2024,Establishing sustainable school-community partnerships: strategies for school management teams,10.1080/13603124.2024.2369987,OpenAlex,metadata,1.4980648828103462
doi:10.3390/su13084195,doi:10.3390/su13084195,STM-METADATA-EN,metadata,en,10,0.786358293845743,14,0.1491608334320499,0.6371974604136931,FALSE,FALSE,2021,I Want to Teach Sustainable Development in My English Classroom: A Case Study of Incorporating Sustainable Development Goals in English Teaching,10.3390/su13084195,OpenAlex,metadata,0.8069136707758049
record:b081f307c0f94dd3b999ee77,record:b081f307c0f94dd3b999ee77,STM-METADATA-EN,metadata,en,8,0.6328109722605845,4,0.14533611533817442,0.48747485692241005,FALSE,FALSE,2020,Commercialisation and privatisation in/of education in the context of Covid-19,NA,OpenAlex,metadata,1.2877431360825782
doi:10.3390/ijerph182312763,doi:10.3390/ijerph182312763,STM-METADATA-EN,metadata,en,14,0.7579819960714571,7,0.175809704084936,0.5821722919865211,FALSE,FALSE,2021,"Self-Efficacy, Job Satisfaction and Teacher Well-Being in the K-12 Educational System",10.3390/ijerph182312763,OpenAlex,metadata,0.8502449584007311
doi:10.1007/978-981-16-9640-4_9,doi:10.1007/978-981-16-9640-4_9,STM-METADATA-EN,metadata,en,1,0.4895213743713524,3,0.17012280044830363,0.31939857392304877,FALSE,FALSE,2022,Current Trends in School Management: School Leadership in Education 4.0,10.1007/978-981-16-9640-4_9,OpenAlex,metadata,1.6881794566989177
doi:10.57125/fed.2023.06.25.05,doi:10.57125/fed.2023.06.25.05,STM-METADATA-EN,metadata,en,13,0.3201361418723589,14,0.27523937891365435,0.04489676295870454,FALSE,TRUE,2023,The Influence of School Management Information Systems and Teacher's Social Competence on the Parent Satisfaction of Junior High School Students,10.57125/fed.2023.06.25.05,OpenAlex,metadata,1.7126531754260643
doi:10.52431/murobbi.v8i2.2795,doi:10.52431/murobbi.v8i2.2795,STM-METADATA-EN,metadata,en,6,0.5430626870296008,10,0.18640252785159614,0.35666015917800464,FALSE,FALSE,2024,Curriculum Updates and Their Impact on School Management Practices,10.52431/murobbi.v8i2.2795,OpenAlex,metadata,1.5033504603894625
doi:10.1108/jea-08-2020-0171,doi:10.1108/jea-08-2020-0171,STM-METADATA-EN,metadata,en,5,0.4846783193363677,14,0.476342624976148,0.008335694360219692,FALSE,TRUE,2021,"Is it your personality, your boundary leadership or both? An integrative approach for the improvement of school management team effectiveness",10.1108/jea-08-2020-0171,OpenAlex,metadata,0.9224252197323385
doi:10.5937/straman2200009j,doi:10.5937/straman2200009j,STM-METADATA-EN,metadata,en,14,0.897491869961366,4,0.03951631798390945,0.8579755519774566,FALSE,FALSE,2022,The role of teacher and organizational culture in school management,10.5937/straman2200009j,OpenAlex,metadata,0.5348394341513133
doi:10.14421/jpai.v21i1.8632,doi:10.14421/jpai.v21i1.8632,STM-METADATA-EN,metadata,en,10,0.25774301445822817,12,0.2561407137278333,0.0016023007303948567,FALSE,TRUE,2024,Transformation of Boarding School Management Models in Enhancing Student Accessibility and Educational Quality,10.14421/jpai.v21i1.8632,OpenAlex,metadata,2.0466479745826174
doi:10.70023/piqm24124,doi:10.70023/piqm24124,STM-METADATA-EN,metadata,en,9,0.6670120871277709,6,0.1569098411838633,0.5101022459439076,FALSE,FALSE,2024,Optimizing School Management through Genetic Algorithm-Driven Pattern Mining for Educational Process Enhancement,10.70023/piqm24124,OpenAlex,metadata,1.2219657167748557
doi:10.1007/s10780-021-09425-5,doi:10.1007/s10780-021-09425-5,STM-METADATA-EN,metadata,en,5,0.4876694188960314,8,0.15463767475412885,0.3330317441419025,FALSE,FALSE,2021,The Perceptions of School Management Teams and Teachers of the Principal’s Instructional Leadership Role in Managing Curriculum Changes,10.1007/s10780-021-09425-5,OpenAlex,metadata,1.8219137325184103
doi:10.26803/ijlter.22.9.26,doi:10.26803/ijlter.22.9.26,STM-METADATA-EN,metadata,en,10,0.3219835228546549,11,0.2702398991853557,0.051743623669299244,FALSE,TRUE,2023,Determining the Roles of School Management Teams in Fostering Entrepreneurship among Learners,10.26803/ijlter.22.9.26,OpenAlex,metadata,1.7473107303985467
doi:10.37729/scripta.v7i2.830,doi:10.37729/scripta.v7i2.830,STM-METADATA-EN,metadata,en,4,0.49245566468970264,12,0.480363239506765,0.012092425182937627,FALSE,TRUE,2020,Model of School Management Based on Islamic Education,10.37729/scripta.v7i2.830,OpenAlex,metadata,0.8603742308653524
doi:10.23918/ijsses.v9i4p24,doi:10.23918/ijsses.v9i4p24,STM-METADATA-EN,metadata,en,11,0.4260627924631972,13,0.21866271924505834,0.2074000732181389,FALSE,FALSE,2022,Impact of School Management Teams on Educator Job Satisfaction,10.23918/ijsses.v9i4p24,OpenAlex,metadata,1.5833588062537969
doi:10.47836/pjssh.31.1.21,doi:10.47836/pjssh.31.1.21,STM-METADATA-EN,metadata,en,4,0.3475871216167039,6,0.2949948749897945,0.05259224662690942,FALSE,TRUE,2023,School Management for Sustainable Development in Energy and Environmental Excellence,10.47836/pjssh.31.1.21,OpenAlex,metadata,1.5902899509890345
doi:10.22161/ijels.83.18,doi:10.22161/ijels.83.18,STM-METADATA-EN,metadata,en,13,0.43755010680231704,1,0.2986629074869325,0.1388871993153845,FALSE,FALSE,2023,School Management System and Governance of Elementary School Heads as Perceived by the School Community,10.22161/ijels.83.18,OpenAlex,metadata,1.475026240234783
doi:10.46303/repam.2023.16,doi:10.46303/repam.2023.16,STM-METADATA-EN,metadata,en,11,0.3350894532188065,1,0.1449954022816486,0.19009405093715792,FALSE,FALSE,2023,Legal Execution of Curriculum in Primary Schools: School Management Teams’ Perspectives,10.46303/repam.2023.16,OpenAlex,metadata,1.9841364207599834
doi:10.32629/jher.v3i4.913,doi:10.32629/jher.v3i4.913,STM-METADATA-EN,metadata,en,14,0.3548052022780432,4,0.309914974304607,0.04489022797343617,FALSE,TRUE,2022,Research on the Role of Interpersonal Relationship in School Management,10.32629/jher.v3i4.913,OpenAlex,metadata,1.623774720621647
doi:10.11591/ijere.v12i2.24948,doi:10.11591/ijere.v12i2.24948,STM-METADATA-EN,metadata,en,13,0.516472255325363,14,0.15919557862641434,0.3572766766989487,FALSE,FALSE,2023,Teacher solidity in the digital age and its effect on the effectiveness of primary school management,10.11591/ijere.v12i2.24948,OpenAlex,metadata,1.5066203021032778
record:8b515fb6ec553d8bba0fc908,record:8b515fb6ec553d8bba0fc908,STM-METADATA-EN,metadata,en,9,0.614253638794757,13,0.15672477891364678,0.45752885988111025,FALSE,FALSE,2021,School Management And Effective Use Of Smart Classroom In Teaching And Learning Process,NA,OpenAlex,metadata,1.2856341935534317
doi:10.38124/ijisrt/ijisrt24apr2465,doi:10.38124/ijisrt/ijisrt24apr2465,STM-METADATA-EN,metadata,en,9,0.9186098276037729,10,0.035994496705180914,0.8826153308985919,FALSE,FALSE,2024,AI-Driven School Management System: A React-Based Web Application Enhancing Educational Administration and Student Performance Analytics,10.38124/ijisrt/ijisrt24apr2465,OpenAlex,metadata,0.4486888035630016
doi:10.17762/ijnpme.v10i01.93,doi:10.17762/ijnpme.v10i01.93,STM-METADATA-EN,metadata,en,13,0.6615361225166716,8,0.20204215245989254,0.45949397005677906,FALSE,FALSE,2021,The Role of School Management Towards Staff Motivation for Effective Performance in Nepal: During the Covid-19,10.17762/ijnpme.v10i01.93,OpenAlex,metadata,1.0980015175748532
doi:10.46303/repam.2023.33,doi:10.46303/repam.2023.33,STM-METADATA-EN,metadata,en,11,0.7028561553626128,10,0.2232054462699577,0.4796507090926551,FALSE,FALSE,2023,Dilemma of School Management Teams in Balancing Discipline and Multiple Deprivations among Learners through Integrated Management Approach,10.46303/repam.2023.33,OpenAlex,metadata,0.9457503186741181
record:843c93bb5b396dc2a568aaa4,record:843c93bb5b396dc2a568aaa4,STM-METADATA-EN,metadata,en,1,0.912967102437492,15,0.026612446666717044,0.886354655770775,FALSE,FALSE,2021,Community Participation in school Management in Ghana,NA,OpenAlex,metadata,0.5022362471970638
doi:10.1108/jmd-01-2019-0005,doi:10.1108/jmd-01-2019-0005,STM-METADATA-EN,metadata,en,12,0.5876639980957501,13,0.18994775706211786,0.39771624103363223,FALSE,FALSE,2020,<i>Adiwiyata</i>-program-based school management model can create environment-oriented school,10.1108/jmd-01-2019-0005,OpenAlex,metadata,1.275404808177614
doi:10.31958/jt.v24i1.2879,doi:10.31958/jt.v24i1.2879,STM-METADATA-EN,metadata,en,12,0.9453805004185334,5,0.010307593160802979,0.9350729072577304,FALSE,FALSE,2021,IMPACT OF ISLAMIC VALUE TO SCHOOL MANAGEMENT: CASE STUDY OF EARLY CHILDHOOD EDUCATION PROGRAMS,10.31958/jt.v24i1.2879,OpenAlex,metadata,0.34313611380638814
doi:10.55041/ijsrem17618,doi:10.55041/ijsrem17618,STM-METADATA-EN,metadata,en,9,0.6890145567934808,4,0.19249772266932602,0.49651683412415476,FALSE,FALSE,2023,Review on School Management System,10.55041/ijsrem17618,OpenAlex,metadata,1.054927957724536
doi:10.30828/real.1134984,doi:10.30828/real.1134984,STM-METADATA-EN,metadata,en,8,0.6444706542681448,9,0.16707047077886042,0.47740018348928437,FALSE,FALSE,2023,Education in Emergency: Lessons Learned About School Management Practices and Digital Technologies,10.30828/real.1134984,OpenAlex,metadata,1.2701410475542483
doi:10.55606/sokoguru.v1i3.60,doi:10.55606/sokoguru.v1i3.60,STM-METADATA-EN,metadata,en,12,0.6083773375566945,4,0.3564199840615584,0.25195735349513615,FALSE,FALSE,2021,SCHOOL MANAGEMENT STRATEGIES IN IMPROVING THE QUALITY OF EDUCATION WITH LEADING PROGRAMS BASED ON ISLAMIC BOARDING SCHOOLS,10.55606/sokoguru.v1i3.60,OpenAlex,metadata,0.8708746841716519
doi:10.31838/jcr.07.06.46,doi:10.31838/jcr.07.06.46,STM-METADATA-EN,metadata,en,7,0.9732784756893335,13,0.008673078085916584,0.9646053976034169,FALSE,FALSE,2020,REFLECTION ON ENVIRONMENTAL AWARENESS FOR SCHOOL MANAGEMENT,10.31838/jcr.07.06.46,OpenAlex,metadata,0.18502520201154296
doi:10.1080/13632434.2022.2144201,doi:10.1080/13632434.2022.2144201,STM-METADATA-EN,metadata,en,2,0.654994502439452,13,0.1147062775358678,0.5402882249035842,FALSE,FALSE,2022,What do school management teams do to make their schools inclusive?,10.1080/13632434.2022.2144201,OpenAlex,metadata,1.2372587894772489
doi:10.33225/pec/21.79.451,doi:10.33225/pec/21.79.451,STM-METADATA-EN,metadata,en,11,0.7512779304239333,13,0.20685365251595478,0.5444242779079785,FALSE,FALSE,2021,"FACTORS CONTRIBUTING TO POOR LEARNER PERFORMANCE IN MATHEMATICS: A CASE OF SELECTED SCHOOLS IN MPUMALANGA PROVINCE, SOUTH AFRICA",10.33225/pec/21.79.451,OpenAlex,metadata,0.7711114325688422
doi:10.1080/13632434.2023.2176483,doi:10.1080/13632434.2023.2176483,STM-METADATA-EN,metadata,en,15,0.9715845792999197,3,0.00599528294517092,0.9655892963547488,FALSE,FALSE,2023,Systematic literature review on organisational culture and strategic management in the public sector and school management,10.1080/13632434.2023.2176483,OpenAlex,metadata,0.19299278634587125
doi:10.3389/feduc.2023.1228181,doi:10.3389/feduc.2023.1228181,STM-METADATA-EN,metadata,en,13,0.36874530344898643,11,0.20111334587292254,0.1676319575760639,FALSE,FALSE,2023,Creating a high-performing school management team: bringing talent to the table for effective service delivery,10.3389/feduc.2023.1228181,OpenAlex,metadata,1.8602659417056322
doi:10.52690/jswse.v1i1.4,doi:10.52690/jswse.v1i1.4,STM-METADATA-EN,metadata,en,12,0.925384365170625,4,0.054195794737831926,0.8711885704327931,FALSE,FALSE,2020,Adiwiyata-Based School Management in Indonesia,10.52690/jswse.v1i1.4,OpenAlex,metadata,0.3575873440909025
doi:10.1007/s43545-021-00192-9,doi:10.1007/s43545-021-00192-9,STM-METADATA-EN,metadata,en,1,0.520937856074683,13,0.0962423311589949,0.4246955249156881,FALSE,FALSE,2021,Teaching–learning process in low-fee-private schools: perspectives of parents and school management,10.1007/s43545-021-00192-9,OpenAlex,metadata,1.8295630005836203
doi:10.1016/j.jebo.2024.04.010,doi:10.1016/j.jebo.2024.04.010,STM-METADATA-EN,metadata,en,1,0.37728746868633894,6,0.20920182731981146,0.16808564136652748,FALSE,FALSE,2024,Female representation in school management and school quality,10.1016/j.jebo.2024.04.010,OpenAlex,metadata,1.9382218906006135
doi:10.4102/aosis.2020.bk213.09,doi:10.4102/aosis.2020.bk213.09,STM-METADATA-EN,metadata,en,11,0.37572490164084515,3,0.319799877473217,0.05592502416762818,FALSE,TRUE,2021,The need for curriculum leadership training programmes for members of school management teams,10.4102/aosis.2020.bk213.09,OpenAlex,metadata,1.614413308072839
doi:10.17227/rce.num78-8370,doi:10.17227/rce.num78-8370,STM-METADATA-EN,metadata,en,11,0.167733156381179,5,0.1666674488877012,0.0010657074934778132,FALSE,TRUE,2020,School Management from the Voice of Their Protagonists in Spain,10.17227/rce.num78-8370,OpenAlex,metadata,2.256169253413155
doi:10.46606/eajess2020v01i03.0046,doi:10.46606/eajess2020v01i03.0046,STM-METADATA-EN,metadata,en,13,0.8566095560287641,14,0.10823229201143518,0.748377264017329,FALSE,FALSE,2020,"Effect of School Management on Teachers’ Commitment: A Case of Government Secondary Schools in Arusha City, Tanzania",10.46606/eajess2020v01i03.0046,OpenAlex,metadata,0.5699462632989409
doi:10.1186/s12916-020-01539-4,doi:10.1186/s12916-020-01539-4,STM-METADATA-EN,metadata,en,8,0.6346680454577486,7,0.3023129421754355,0.3323551032823131,FALSE,FALSE,2020,A citizen science study of short physical activity breaks at school: improvements in cognition and wellbeing with self-paced activity,10.1186/s12916-020-01539-4,OpenAlex,metadata,0.9794290503987505
doi:10.14689/enad.26.12,doi:10.14689/enad.26.12,STM-METADATA-EN,metadata,en,7,0.3731364208054333,8,0.3265461153134961,0.04659030549193721,FALSE,TRUE,2021,The Reasons of Teachers to Leave the School Management Voluntarily and their Emotions based on these Reasons: A Phenomenological Study,10.14689/enad.26.12,OpenAlex,metadata,1.7115461474931826
doi:10.31812/educdim.v55i0.3952,doi:10.31812/educdim.v55i0.3952,STM-METADATA-EN,metadata,en,15,0.806285555813782,9,0.08251451349598707,0.723771042317795,FALSE,FALSE,2020,Using of Social Media in School Management: Experience of Ukraine and United States of America,10.31812/educdim.v55i0.3952,OpenAlex,metadata,0.8728315291636835
doi:10.3390/su14074293,doi:10.3390/su14074293,STM-METADATA-EN,metadata,en,9,0.7214263955681522,15,0.0801228586619007,0.6413035369062515,FALSE,FALSE,2022,Internet of Things for Sustainable Smart Education: An Overview,10.3390/su14074293,OpenAlex,metadata,1.184331108978051
doi:10.1016/j.ssaho.2024.101141,doi:10.1016/j.ssaho.2024.101141,STM-METADATA-EN,metadata,en,11,0.3298235452120397,10,0.31858286456201557,0.011240680650024149,FALSE,TRUE,2024,Empowering learners for the fourth industrial revolution: The crucial role of teachers and school management,10.1016/j.ssaho.2024.101141,OpenAlex,metadata,1.5032816667680358
doi:10.33423/jhetp.v22i12.5472,doi:10.33423/jhetp.v22i12.5472,STM-METADATA-EN,metadata,en,13,0.6342183405397867,11,0.14662263817291496,0.48759570236687166,FALSE,FALSE,2022,School Management Factors Affecting Student Quality: A Case Study of the Thai Triam Udom Suksa Pattanakarn School Group,10.33423/jhetp.v22i12.5472,OpenAlex,metadata,1.2158692174172145
doi:10.3390/ijerph19010432,doi:10.3390/ijerph19010432,STM-METADATA-EN,metadata,en,11,0.4895841563563189,7,0.21881885549849905,0.27076530085781986,FALSE,FALSE,2021,Perceptions of School Management on the Relationship between School Nutrition and Development of Non-Communicable Diseases in a Rural South African District: A Qualitative Study,10.3390/ijerph19010432,OpenAlex,metadata,1.6208315622936575
doi:10.25212/lfu.qzj.7.2.26,doi:10.25212/lfu.qzj.7.2.26,STM-METADATA-EN,metadata,en,15,0.6871372024694095,1,0.1436670382503307,0.5434701642190788,FALSE,FALSE,2022,Experiences of Applying Electronic School Management in A Number of Countries and the Possibility of Benefiting from Them,10.25212/lfu.qzj.7.2.26,OpenAlex,metadata,1.1199059192267458
doi:10.23887/ijerr.v6i2.66039,doi:10.23887/ijerr.v6i2.66039,STM-METADATA-EN,metadata,en,9,0.521851444961357,10,0.30404843591281605,0.217803009048541,FALSE,FALSE,2023,Strengthening School Management with Digital Education Technology to Improve the Quality of Educational Output,10.23887/ijerr.v6i2.66039,OpenAlex,metadata,1.2690528741021454
doi:10.5281/zenodo.6612505,doi:10.5281/zenodo.6612505,STM-METADATA-EN,metadata,en,15,0.5789205253160787,1,0.22761925013036946,0.3513012751857093,FALSE,FALSE,2022,Visionary Leadership Phenomenon in School Management,10.5281/zenodo.6612505,OpenAlex,metadata,1.3342712498906688
doi:10.17762/pae.v58i1.955,doi:10.17762/pae.v58i1.955,STM-METADATA-EN,metadata,en,4,0.9718841178599914,12,0.0055288228329932985,0.9663552950269981,FALSE,FALSE,2021,The development of a large Schools Management According the King’s Philosophy Model,10.17762/pae.v58i1.955,OpenAlex,metadata,0.1920859691579644
doi:10.47672/ajlg.1036,doi:10.47672/ajlg.1036,STM-METADATA-EN,metadata,en,13,0.5447531326715573,6,0.20904637100430137,0.335706761667256,FALSE,FALSE,2022,The Role of School Management Committees and Head teacher’s Effectiveness in Government-Aided Primary Schools in Luweero District – Uganda,10.47672/ajlg.1036,OpenAlex,metadata,1.1814139298487627
doi:10.1590/1806-9649-2022v29e622,doi:10.1590/1806-9649-2022v29e622,STM-METADATA-EN,metadata,en,8,0.8474095222081979,1,0.1028947980023339,0.744514724205864,FALSE,FALSE,2022,Digital transformation in school management: the legacy that strategic actions in the 2020s leave for future pandemics,10.1590/1806-9649-2022v29e622,OpenAlex,metadata,0.6451723463425866
doi:10.1080/00131857.2020.1793653,doi:10.1080/00131857.2020.1793653,STM-METADATA-EN,metadata,en,6,0.21956277587796946,8,0.21853154995049093,0.0010312259274785351,FALSE,TRUE,2020,China’s education response to COVID-19: A perspective of policy analysis,10.1080/00131857.2020.1793653,OpenAlex,metadata,2.050466877565101
doi:10.1177/19427751221138875,doi:10.1177/19427751221138875,STM-METADATA-EN,metadata,en,2,0.6658569520987934,1,0.1247462259972638,0.5411107261015295,FALSE,FALSE,2022,School Management Teams in the Face of Inclusion: Teachers’ Perspectives,10.1177/19427751221138875,OpenAlex,metadata,1.312926752353221
doi:10.22161/jhed.4.1.11,doi:10.22161/jhed.4.1.11,STM-METADATA-EN,metadata,en,13,0.8988992844424125,11,0.06903384651587642,0.8298654379265361,FALSE,FALSE,2022,The Role of School Management Team in Managing Students’ Academic Performance in Community Secondary Schools in Tabora Municipality- Tanzania,10.22161/jhed.4.1.11,OpenAlex,metadata,0.46522902464909044
doi:10.26858/jiap.v9i2.12333,doi:10.26858/jiap.v9i2.12333,STM-METADATA-EN,metadata,en,4,0.5731663209886927,12,0.16370781166137333,0.40945850932731936,FALSE,FALSE,2020,Analysis of the Principal's Role in Improving the Quality of Primary School Management,10.26858/jiap.v9i2.12333,OpenAlex,metadata,1.3649053311542856
doi:10.17275/per.22.58.9.3,doi:10.17275/per.22.58.9.3,STM-METADATA-EN,metadata,en,4,0.4511908756046651,13,0.2880001403475636,0.16319073525710148,FALSE,FALSE,2022,School Principals' Opinions on Data-based School Management: A Case Study,10.17275/per.22.58.9.3,OpenAlex,metadata,1.5441629039905118
doi:10.18662/rrem/217,doi:10.18662/rrem/217,STM-METADATA-EN,metadata,en,15,0.6305653695933131,7,0.22369088815488428,0.40687448143842886,FALSE,FALSE,2020,"Art Education, Therapy Interventions and School Management in Autism",10.18662/rrem/217,OpenAlex,metadata,1.1677243378746125
doi:10.11648/j.edu.20221101.13,doi:10.11648/j.edu.20221101.13,STM-METADATA-EN,metadata,en,1,0.3729366618018697,11,0.31695949919642236,0.05597716260544733,FALSE,TRUE,2022,Community School Management Related Educational Policy Provisions in Nepal: Perception from Implementers,10.11648/j.edu.20221101.13,OpenAlex,metadata,1.486366224153037
doi:10.24940/theijbm/2021/v9/i5/bm2105-049,doi:10.24940/theijbm/2021/v9/i5/bm2105-049,STM-METADATA-EN,metadata,en,1,0.4035206577957352,11,0.2865836007828332,0.11693705701290202,FALSE,FALSE,2021,Stakeholders' Participation in School Management and Enhancement of Learners' Academic Achievement in Government-Aided Secondary Schools in Uganda,10.24940/theijbm/2021/v9/i5/bm2105-049,OpenAlex,metadata,1.628895657362059
record:ba0a513d15ad8bb73ea8dbf7,record:ba0a513d15ad8bb73ea8dbf7,STM-METADATA-EN,metadata,en,13,0.9553698401008864,5,0.011457797542257743,0.9439120425586287,FALSE,FALSE,2020,"Influence of stakeholders participation in primary school management on academic performance: the case of Uringu division, Meru county, Kenya",NA,OpenAlex,metadata,0.2773690122762499
doi:10.1163/9789004547025_010,doi:10.1163/9789004547025_010,STM-METADATA-EN,metadata,en,11,0.7584464403004277,3,0.08906575846666043,0.6693806818337673,FALSE,FALSE,2023,"Enhancing School Management Teams in Promoting Sustainable, Equitable Resource Allocation in Rural Schools",10.1163/9789004547025_010,OpenAlex,metadata,0.9831103180584726
doi:10.4236/ce.2022.1311227,doi:10.4236/ce.2022.1311227,STM-METADATA-EN,metadata,en,11,0.4166017828956703,2,0.3911217721033185,0.025480010792351793,FALSE,TRUE,2022,Challenges School Management Experience with Inclusion of Learners with Visual Impairments: A Case of a Secondary School in Namibia,10.4236/ce.2022.1311227,OpenAlex,metadata,1.29784043110486
doi:10.31538/cjotl.v3i1.428,doi:10.31538/cjotl.v3i1.428,STM-METADATA-EN,metadata,en,12,0.9866437741500795,4,0.005045348777384857,0.9815984253726947,FALSE,FALSE,2023,Islamic Boarding School Management in Forming The Religious Character of Students,10.31538/cjotl.v3i1.428,OpenAlex,metadata,0.09925545859522368
doi:10.33140/psi.01.02.03,doi:10.33140/psi.01.02.03,STM-METADATA-EN,metadata,en,9,0.4998946510738673,10,0.34967781301448203,0.1502168380593853,FALSE,FALSE,2023,The Digital Edge in Education: Harnessing ICT for Optimal School Management,10.33140/psi.01.02.03,OpenAlex,metadata,1.2550510709661626
doi:10.24023/futurejournal/2175-5825/2020.v12i3.517,doi:10.24023/futurejournal/2175-5825/2020.v12i3.517,STM-METADATA-EN,metadata,en,15,0.60091295502655,1,0.1503742794442053,0.4505386755823446,FALSE,FALSE,2020,Strategic Management in Public Administration: A Balanced Scorecard Applicability Framework in School Management,10.24023/futurejournal/2175-5825/2020.v12i3.517,OpenAlex,metadata,1.3254026996496306
doi:10.20952/revtee.v13i32.13168,doi:10.20952/revtee.v13i32.13168,STM-METADATA-EN,metadata,en,1,0.6326625215551337,2,0.09139696753795162,0.541265554017182,FALSE,FALSE,2020,Student’s participation in upper secondary school management: approaches to the reality of the school system in the state of Amazonas,10.20952/revtee.v13i32.13168,OpenAlex,metadata,1.3843657393075044
doi:10.5926/jjep.68.147,doi:10.5926/jjep.68.147,STM-METADATA-EN,metadata,en,4,0.47352766691170417,1,0.3494701682427487,0.12405749866895549,FALSE,FALSE,2020,Development of the Teamwork Inventory for Community-Based School Management:,10.5926/jjep.68.147,OpenAlex,metadata,1.4713847898336185
doi:10.12928/ijemi.v3i3.6056,doi:10.12928/ijemi.v3i3.6056,STM-METADATA-EN,metadata,en,14,0.8203088196234725,5,0.09399704628208813,0.7263117733413843,FALSE,FALSE,2022,"School Management Effectiveness: The Analysis Of Organizational Culture, Leadership Style, Work Environment, And Satisfaction",10.12928/ijemi.v3i3.6056,OpenAlex,metadata,0.7737176665551239
doi:10.1017/jgc.2021.4,doi:10.1017/jgc.2021.4,STM-METADATA-EN,metadata,en,16,0.5451498585181141,7,0.3235500933430046,0.22159976517510954,FALSE,FALSE,2021,Towards best practice in school management of students with depressive disorders,10.1017/jgc.2021.4,OpenAlex,metadata,1.2561656332759366
doi:10.1080/13603116.2020.1846799,doi:10.1080/13603116.2020.1846799,STM-METADATA-EN,metadata,en,8,0.29383920066285135,2,0.28685912748844267,0.006980073174408685,FALSE,TRUE,2020,Teaching for inclusion – a review of research on the cooperation between regular teachers and special educators in the work with students in need of special support,10.1080/13603116.2020.1846799,OpenAlex,metadata,1.659307191896459
doi:10.1007/s40299-022-00690-1,doi:10.1007/s40299-022-00690-1,STM-METADATA-EN,metadata,en,7,0.5060762302931758,9,0.2087981565720748,0.29727807372110104,FALSE,FALSE,2022,The Cornerstone of Visionary Leadership: Construction and Verification of a Principals’ School Management Imaginative Capability Scale (PSMICS),10.1007/s40299-022-00690-1,OpenAlex,metadata,1.5986490148366663
doi:10.37500/ijessr.2020.3624,doi:10.37500/ijessr.2020.3624,STM-METADATA-EN,metadata,en,13,0.43874633350896924,6,0.3961106970132782,0.04263563649569102,FALSE,TRUE,2020,DELEGATION OF AUTHORITY AS A TOOL FOR EFFECTIVE SECONDARY SCHOOL MANAGEMENT IN THE NORTH WEST REGION OF CAMEROON,10.37500/ijessr.2020.3624,OpenAlex,metadata,1.3103527906714367
doi:10.48165/sajssh.2021.2107,doi:10.48165/sajssh.2021.2107,STM-METADATA-EN,metadata,en,4,0.43584763090087303,1,0.3626880847238213,0.07315954617705173,FALSE,TRUE,2021,Expected Roles and Functions of the School Management Committee: An Investigation for Effective Functioning,10.48165/sajssh.2021.2107,OpenAlex,metadata,1.3173003043846765
doi:10.11648/j.edu.20241303.12,doi:10.11648/j.edu.20241303.12,STM-METADATA-EN,metadata,en,1,0.4054558533906657,6,0.3488313140644937,0.05662453932617201,FALSE,TRUE,2024,A Systematic Review of the Role of School Management Committee for the School Performance in Nepal,10.11648/j.edu.20241303.12,OpenAlex,metadata,1.480763550227958
doi:10.53819/81018102t5053,doi:10.53819/81018102t5053,STM-METADATA-EN,metadata,en,13,0.7664450227483884,4,0.18908776130949081,0.5773572614388977,FALSE,FALSE,2022,School Management Strategies and Students' Academic Performance in Twelve Years Basic Education in Rwanda,10.53819/81018102t5053,OpenAlex,metadata,0.7619088243016283
doi:10.46328/ijres.2921,doi:10.46328/ijres.2921,STM-METADATA-EN,metadata,en,14,0.4439058642917965,13,0.35888118231910343,0.08502468197269308,FALSE,TRUE,2022,School Management and Climate to Enhance Parental Involvement,10.46328/ijres.2921,OpenAlex,metadata,1.3590877006846787
doi:10.13189/ujer.2020.080829,doi:10.13189/ujer.2020.080829,STM-METADATA-EN,metadata,en,10,0.4377734323792284,14,0.3222857994272386,0.11548763295198977,FALSE,FALSE,2020,Teacher Competence and 21&lt;sup&gt;st&lt;/sup&gt; Century Skills in Transformation Schools 2025 (TS25),10.13189/ujer.2020.080829,OpenAlex,metadata,1.5284744268333463
doi:10.70287/epistemic.v1i1.3,doi:10.70287/epistemic.v1i1.3,STM-METADATA-EN,metadata,en,12,0.7907899075951648,15,0.07394342602477519,0.7168464815703895,FALSE,FALSE,2022,Manajemen Peningkatan Mutu Berbasis Sekolah,10.70287/epistemic.v1i1.3,OpenAlex,metadata,0.9378090117287545
doi:10.4102/hsag.v27i0.1781,doi:10.4102/hsag.v27i0.1781,STM-METADATA-EN,metadata,en,11,0.7546546682366913,7,0.16713131847018683,0.5875233497665044,FALSE,FALSE,2022,Perceptions and knowledge of school management teams about non-communicable diseases and strategies to prevent them,10.4102/hsag.v27i0.1781,OpenAlex,metadata,0.8570420118166835
doi:10.35870/jpni.v4i1.123,doi:10.35870/jpni.v4i1.123,STM-METADATA-EN,metadata,en,4,0.847679571234825,9,0.12660274632300308,0.7210768249118219,FALSE,FALSE,2023,School Management System Assistance with Technology Awareness at SMP Negeri 13 Dumai,10.35870/jpni.v4i1.123,OpenAlex,metadata,0.5554354053917144
doi:10.1007/978-3-030-41882-3_4,doi:10.1007/978-3-030-41882-3_4,STM-METADATA-EN,metadata,en,2,0.8623332910022938,3,0.050851332289844724,0.8114819587124491,FALSE,FALSE,2020,Japanese Education Reform Towards Twenty-First Century Education,10.1007/978-3-030-41882-3_4,OpenAlex,metadata,0.6364327926833909
doi:10.21070/icecrs2020390,doi:10.21070/icecrs2020390,STM-METADATA-EN,metadata,en,2,0.8543352324046958,6,0.09494328716758685,0.759391945237109,FALSE,FALSE,2020,Classical Learning Analysis Pondok Modern Darussalam Gontor in Improving Superior School Management,10.21070/icecrs2020390,OpenAlex,metadata,0.6302173263055284
doi:10.4018/978-1-7998-7168-2.ch011,doi:10.4018/978-1-7998-7168-2.ch011,STM-METADATA-EN,metadata,en,15,0.26111878519871007,8,0.2573724883657064,0.0037462968330036484,FALSE,TRUE,2021,Investigating the Roles of School Management Teams in Curriculum Delivery Through ICTs in Education,10.4018/978-1-7998-7168-2.ch011,OpenAlex,metadata,1.843874145329733
doi:10.33262/ap.v5i4.410,doi:10.33262/ap.v5i4.410,STM-METADATA-EN,metadata,en,4,0.36220757825575645,6,0.1254870534082156,0.23672052484754086,FALSE,FALSE,2023,School management in early education centers in Ecuador,10.33262/ap.v5i4.410,OpenAlex,metadata,2.006145308011841
doi:10.37896/pj11.10/017,doi:10.37896/pj11.10/017,STM-METADATA-EN,metadata,en,1,0.6249211433960281,14,0.2375568992239104,0.3873642441721177,FALSE,FALSE,2020,"Corporate Transparency Practices in the School Management and Work Engagement of Employees,in the Ilocos Region, Philippines: Transparency",10.37896/pj11.10/017,OpenAlex,metadata,1.2377088401294176
doi:10.1177/08920206221084050,doi:10.1177/08920206221084050,STM-METADATA-EN,metadata,en,8,0.7763396534871531,5,0.12454709150966005,0.651792561977493,FALSE,FALSE,2022,Crisis leadership: Leading schools in a global pandemic,10.1177/08920206221084050,OpenAlex,metadata,0.8563574008589513
doi:10.4018/979-8-3693-9806-7.ch012,doi:10.4018/979-8-3693-9806-7.ch012,STM-METADATA-EN,metadata,en,9,0.33956770453967583,13,0.24127737568102173,0.0982903288586541,FALSE,TRUE,2024,Digital Transformation in School Management,10.4018/979-8-3693-9806-7.ch012,OpenAlex,metadata,1.7118090457480162
doi:10.1007/978-981-97-9330-3_5,doi:10.1007/978-981-97-9330-3_5,STM-METADATA-EN,metadata,en,1,0.6399804904097002,10,0.06724588525804541,0.5727346051516548,FALSE,FALSE,2025,On School Management and Leadership,10.1007/978-981-97-9330-3_5,OpenAlex,metadata,1.4934631774398703
doi:10.1108/sc-07-2020-0026,doi:10.1108/sc-07-2020-0026,STM-METADATA-EN,metadata,en,7,0.7950758319384804,1,0.13246224859671418,0.6626135833417662,FALSE,FALSE,2021,Awareness towards cybercrime among secondary school students: the role of gender and school management,10.1108/sc-07-2020-0026,OpenAlex,metadata,0.7970193226281491
doi:10.11591/edulearn.v19i3.22012,doi:10.11591/edulearn.v19i3.22012,STM-METADATA-EN,metadata,en,10,0.5429812155726648,15,0.23153784477155684,0.31144337080110795,FALSE,FALSE,2025,Crucial leadership competencies of school heads in effective school management: a comprehensive systematic review,10.11591/edulearn.v19i3.22012,OpenAlex,metadata,1.3830038448893254
doi:10.2139/ssrn.4547287,doi:10.2139/ssrn.4547287,STM-METADATA-EN,metadata,en,7,0.8083293763381098,13,0.04148347068000244,0.7668459056581073,FALSE,FALSE,2023,Effect of School Management Improvements on the Student's Social and Emotional Skills: Experimental Evidence from Brazil,10.2139/ssrn.4547287,OpenAlex,metadata,0.9543623930140949
record:891124ed8faeae50894b6789,record:891124ed8faeae50894b6789,STM-METADATA-EN,metadata,en,11,0.5376280982982077,9,0.32694227348800514,0.21068582481020254,FALSE,FALSE,2020,Perceptions of school management teams on information and communication technology integration in township and rural secondary schools in KwaZulu-Natal,NA,OpenAlex,metadata,1.1960481052265524
doi:10.1177/1741143220915925,doi:10.1177/1741143220915925,STM-METADATA-EN,metadata,en,14,0.9474120211514043,5,0.03046165929022026,0.9169503618611841,FALSE,FALSE,2020,Authentic leadership and teachers’ voice behaviour: The mediating role of psychological empowerment and moderating role of interpersonal trust,10.1177/1741143220915925,OpenAlex,metadata,0.29299965791777977
doi:10.26803/ijlter.20.4.15,doi:10.26803/ijlter.20.4.15,STM-METADATA-EN,metadata,en,8,0.6571726952751676,1,0.10888150665259162,0.548291188622576,FALSE,FALSE,2021,"Revisiting Robert Axelrod: Cooperation, School Management and Teacher Unions",10.26803/ijlter.20.4.15,OpenAlex,metadata,1.363601782727736
doi:10.4324/9781003320579,doi:10.4324/9781003320579,STM-METADATA-EN,metadata,en,1,0.35666844750000365,11,0.25827876768679575,0.0983896798132079,FALSE,TRUE,2022,Community Participation in School Management,10.4324/9781003320579,OpenAlex,metadata,1.6963767993160566
doi:10.24036/jptk.v5i2.27123,doi:10.24036/jptk.v5i2.27123,STM-METADATA-EN,metadata,en,12,0.8524745260556088,4,0.10388674971056466,0.7485877763450441,FALSE,FALSE,2022,School management in the “Sekolah Penggerak” curriculum in vocational high school,10.24036/jptk.v5i2.27123,OpenAlex,metadata,0.6022059342094187
doi:10.20944/preprints202501.1373.v1,doi:10.20944/preprints202501.1373.v1,STM-METADATA-EN,metadata,en,10,0.8162080803928066,14,0.05060552037529482,0.7656025600175117,FALSE,FALSE,2025,Enhancing School Management Through School Heads' Conflict Resolution and Team Building Expertise.,10.20944/preprints202501.1373.v1,OpenAlex,metadata,0.8555551854427774
doi:10.47750/jett.2021.12.01.004,doi:10.47750/jett.2021.12.01.004,STM-METADATA-EN,metadata,en,15,0.5519479629356746,5,0.1145478349497092,0.4374001279859654,FALSE,FALSE,2021,Investigation of articles on leadership and school management in turkey,10.47750/jett.2021.12.01.004,OpenAlex,metadata,1.6437351747819002
doi:10.21831/jpv.v10i2.29981,doi:10.21831/jpv.v10i2.29981,STM-METADATA-EN,metadata,en,4,0.5244635377055051,12,0.38048743771026156,0.14397609999524358,FALSE,FALSE,2020,School management: The optimization of learning facilities to improve the quality of vocational schools,10.21831/jpv.v10i2.29981,OpenAlex,metadata,1.1097242983045128
doi:10.46799/jsss.v2i2.114,doi:10.46799/jsss.v2i2.114,STM-METADATA-EN,metadata,en,4,0.47920916135971264,12,0.46201394948157426,0.017195211878138383,FALSE,TRUE,2021,Affirmation of School Management and Success of Islamic Religious Education Learning,10.46799/jsss.v2i2.114,OpenAlex,metadata,1.0015325316577004
doi:10.2991/978-2-38476-004-6_62,doi:10.2991/978-2-38476-004-6_62,STM-METADATA-EN,metadata,en,1,0.8035432639621081,13,0.0574866678746133,0.74605659608749475,FALSE,FALSE,2023,A Study on the Effect of Japanese Parents’ Participation in School Management System,10.2991/978-2-38476-004-6_62,OpenAlex,metadata,0.914820402427126
doi:10.29303/jppipa.v10i4.7033,doi:10.29303/jppipa.v10i4.7033,STM-METADATA-EN,metadata,en,9,0.572309820733872,13,0.19872542131567372,0.3735843994181983,FALSE,FALSE,2024,The Impact of Educational Management Information Systems (EMIS) on Effective School Management in Tanzania,10.29303/jppipa.v10i4.7033,OpenAlex,metadata,1.4318034014650471
doi:10.4018/978-1-7998-7168-2.ch002,doi:10.4018/978-1-7998-7168-2.ch002,STM-METADATA-EN,metadata,en,8,0.7059183656517448,11,0.12810538025992693,0.5778129853918179,FALSE,FALSE,2021,The Role of School Management Teams in Managing Curriculum Delivery During and After COVID-19,10.4018/978-1-7998-7168-2.ch002,OpenAlex,metadata,1.0628247775416026
doi:10.69651/pijhss030305,doi:10.69651/pijhss030305,STM-METADATA-EN,metadata,en,3,0.27129643807564685,15,0.18552402946418536,0.08577240861146149,FALSE,TRUE,2024,School management and leadership in the contemporary state of education system in the Philippines,10.69651/pijhss030305,OpenAlex,metadata,2.0602365492007464
doi:10.3126/ija.v2i1.62820,doi:10.3126/ija.v2i1.62820,STM-METADATA-EN,metadata,en,1,0.5697533321699515,10,0.20270862486342744,0.36704470730652405,FALSE,FALSE,2024,Assessing the School Management Decision Practices: Insights from the Policy Provisions,10.3126/ija.v2i1.62820,OpenAlex,metadata,1.3183991337770478
doi:10.1080/09243453.2021.1923533,doi:10.1080/09243453.2021.1923533,STM-METADATA-EN,metadata,en,5,0.16323999923420962,11,0.14200373715598857,0.021236262078221047,FALSE,TRUE,2021,Data use processes in rural schools: management structures undermining leadership opportunities and instructional change,10.1080/09243453.2021.1923533,OpenAlex,metadata,2.381205439412872
doi:10.2991/assehr.k.200824.147,doi:10.2991/assehr.k.200824.147,STM-METADATA-EN,metadata,en,12,0.5631062075637314,4,0.3576499317679216,0.20545627579580983,FALSE,FALSE,2020,School Management in the Implementation of Character Values in the Teaching-Learning Process,10.2991/assehr.k.200824.147,OpenAlex,metadata,1.0810724530170939
doi:10.55942/jebl.v5i4.855,doi:10.55942/jebl.v5i4.855,STM-METADATA-EN,metadata,en,14,0.9742784125764115,10,0.007836763993541006,0.9664416485828704,FALSE,FALSE,2025,"Teacher competence, school management, and organizational culture as joint drivers of teacher productivity: Evidence from SMA Negeri 66 Jakarta",10.55942/jebl.v5i4.855,OpenAlex,metadata,0.17605999317480692
doi:10.38140/pie.v42i2.7801,doi:10.38140/pie.v42i2.7801,STM-METADATA-EN,metadata,en,11,0.6959409713343775,10,0.25558837578663945,0.44035259554773803,FALSE,FALSE,2024,The school management team’s role of defining the school vision and mission at a South African rural school,10.38140/pie.v42i2.7801,OpenAlex,metadata,0.8629846001026649
doi:10.18178/ijiet.2020.10.6.1406,doi:10.18178/ijiet.2020.10.6.1406,STM-METADATA-EN,metadata,en,9,0.6319364140880462,4,0.07905969740245046,0.5528767166855958,FALSE,FALSE,2020,Building a Framework for the Integration of School Management Systems (BFISMS),10.18178/ijiet.2020.10.6.1406,OpenAlex,metadata,1.5681209599887849
doi:10.3390/ijerph20105856,doi:10.3390/ijerph20105856,STM-METADATA-EN,metadata,en,16,0.41925237323899284,11,0.3796085217251096,0.03964385151388322,FALSE,TRUE,2023,Perspective on the Prevention of Suicide among School Learners by School Management,10.3390/ijerph20105856,OpenAlex,metadata,1.3697839923981194
doi:10.4018/978-1-7998-7168-2,doi:10.4018/978-1-7998-7168-2,STM-METADATA-EN,metadata,en,8,0.5434273804526564,4,0.25020102657612375,0.2932263538765326,FALSE,FALSE,2021,Investigating the Roles of School Management Teams in Curriculum Delivery,10.4018/978-1-7998-7168-2,OpenAlex,metadata,1.3103942471505279
doi:10.55056/cte.684,doi:10.55056/cte.684,STM-METADATA-EN,metadata,en,15,0.4767456836459887,9,0.2275041973320202,0.24924148631396847,FALSE,FALSE,2024,Comparing social media use in school management: experiences from Ukraine and the United States,10.55056/cte.684,OpenAlex,metadata,1.5859899660853674
doi:10.30996/dia.v21i01.7594,doi:10.30996/dia.v21i01.7594,STM-METADATA-EN,metadata,en,4,0.6746451755598493,14,0.10012228559029926,0.57452288996955,FALSE,FALSE,2023,ANALYSIS OF SCHOOL MANAGEMENT IN REALIZING QUALITY CULTURE IN MADIUN CITY,10.30996/dia.v21i01.7594,OpenAlex,metadata,1.1740745275993627
doi:10.54884/s181570410025092-6,doi:10.54884/s181570410025092-6,STM-METADATA-EN,metadata,en,1,0.3956886058856419,6,0.1634144276242811,0.23227417826136082,FALSE,FALSE,2023,Development potential of the school management team in modern context,10.54884/s181570410025092-6,OpenAlex,metadata,1.9605982356030616
doi:10.17509/dedicated.v1i2.65929,doi:10.17509/dedicated.v1i2.65929,STM-METADATA-EN,metadata,en,4,0.43952193694963554,9,0.2679572731205842,0.17156466382905133,FALSE,FALSE,2023,Digital database training to support school management,10.17509/dedicated.v1i2.65929,OpenAlex,metadata,1.6405439615430872
doi:10.61987/edsojou.v2i2.711,doi:10.61987/edsojou.v2i2.711,STM-METADATA-EN,metadata,en,10,0.6444445342568086,12,0.13391164391432706,0.5105328903424815,FALSE,FALSE,2025,Effective School Management Strategies for Enhancing Early Childhood Development,10.61987/edsojou.v2i2.711,OpenAlex,metadata,1.3549959528143267
doi:10.54298/ijith.v2i2.130,doi:10.54298/ijith.v2i2.130,STM-METADATA-EN,metadata,en,12,0.8197797893245836,4,0.15114345230731727,0.6686363370172663,FALSE,FALSE,2023,Islamic Boarding School Management System In Increasing The Competitiveness Of Islamic Boarding Schools In Jambi Province,10.54298/ijith.v2i2.130,OpenAlex,metadata,0.6173801820600415
doi:10.7176/jep/12-13-04,doi:10.7176/jep/12-13-04,STM-METADATA-EN,metadata,en,5,0.505384233613228,13,0.16522140303668156,0.3401628305765465,FALSE,FALSE,2021,"An Investigation to Political Interference in Public Secondary School Management and Leadership Practice in Addis Ababa, Ethiopia",10.7176/jep/12-13-04,OpenAlex,metadata,1.6268107275776582
doi:10.37134/saecj.vol9.no2.6.2020,doi:10.37134/saecj.vol9.no2.6.2020,STM-METADATA-EN,metadata,en,15,0.3321405950405145,4,0.17082940165889882,0.1613111933816157,FALSE,FALSE,2020,School closure resulting from a bad school management approach: An early childhood teacher narrative,10.37134/saecj.vol9.no2.6.2020,OpenAlex,metadata,2.048799682376534
doi:10.1596/1813-9450-9535,doi:10.1596/1813-9450-9535,STM-METADATA-EN,metadata,en,13,0.37864781385666607,5,0.264210695043527,0.11443711881313906,FALSE,FALSE,2021,"School Management, Grants, and Test Scores: Experimental Evidence from Mexico",10.1596/1813-9450-9535,OpenAlex,metadata,1.5826126429692455
doi:10.5220/0010922400003364,doi:10.5220/0010922400003364,STM-METADATA-EN,metadata,en,15,0.5871789735186218,9,0.1448660092680808,0.442312964250541,FALSE,FALSE,2020,Social Media as a Strategic Tool in School Management: Experience of Ukraine and USA,10.5220/0010922400003364,OpenAlex,metadata,1.4480346143814147
doi:10.1109/ictai53825.2021.9673408,doi:10.1109/ictai53825.2021.9673408,STM-METADATA-EN,metadata,en,9,0.4147366242004397,13,0.26913009137952293,0.1456065328209168,FALSE,FALSE,2021,"The Utilization of Information and Communication Technology in School Management, in Relation to the Characteristics of Principals",10.1109/ictai53825.2021.9673408,OpenAlex,metadata,1.6307488140830617
doi:10.4102/sajce.v10i1.617,doi:10.4102/sajce.v10i1.617,STM-METADATA-EN,metadata,en,11,0.5891458900613744,2,0.31238681886785785,0.27675907119351656,FALSE,FALSE,2020,Overcrowded classrooms – The Achilles heel of South African education?,10.4102/sajce.v10i1.617,OpenAlex,metadata,1.1345480685283638
record:76d4ac12f829f1b7ecf52915,record:76d4ac12f829f1b7ecf52915,STM-METADATA-EN,metadata,en,1,0.45484978522973557,11,0.16960400470831527,0.2852457805214203,FALSE,FALSE,2020,A STUDY OF SCHOOL MANAGEMENT COMMITTEE: CHALLENGES AND SOLUTIONS,NA,OpenAlex,metadata,1.556046811309655
doi:10.51244/ijrsi.2024.11120034,doi:10.51244/ijrsi.2024.11120034,STM-METADATA-EN,metadata,en,9,0.5188764940385874,13,0.315274087604196,0.20360240643439137,FALSE,FALSE,2025,"Influence of Teacher Training on ICT Usage in School Management Information Systems: A Case of Rorya District, Tanzania",10.51244/ijrsi.2024.11120034,OpenAlex,metadata,1.2052033354444178
doi:10.35723/ajie.v8i2.399,doi:10.35723/ajie.v8i2.399,STM-METADATA-EN,metadata,en,15,0.9670472892203844,3,0.0062335123100384976,0.9608137769103459,FALSE,FALSE,2024,Two Decades of Muhammadiyah School Management Research: Bibliometric Analysis,10.35723/ajie.v8i2.399,OpenAlex,metadata,0.2209202364127723
doi:10.31851/jmksp.v6i1.4036,doi:10.31851/jmksp.v6i1.4036,STM-METADATA-EN,metadata,en,14,0.3516486441730986,13,0.33290593054145035,0.018742713631648256,FALSE,TRUE,2020,PENGARUH MANAJEMEN KEPALA SEKOLAH DAN PROFESIONALISME GURU TERHADAP KINERJA GURU,10.31851/jmksp.v6i1.4036,OpenAlex,metadata,1.3535189374884524
doi:10.1080/02522667.2021.1909220,doi:10.1080/02522667.2021.1909220,STM-METADATA-EN,metadata,en,9,0.34357773558691856,11,0.330555997788556,0.013021737798362576,FALSE,TRUE,2021,Investigating the school characteristics/attributes via the relationships between school management efficiency and representative factors of mobile e-learning: DEA and data mining methodology,10.1080/02522667.2021.1909220,OpenAlex,metadata,1.6632732340308607
doi:10.38140/pie.v41i4.7102,doi:10.38140/pie.v41i4.7102,STM-METADATA-EN,metadata,en,13,0.5022703038206735,11,0.3191346765621825,0.18313562725849103,FALSE,FALSE,2023,Exploring collaborative strategies used by school management teams to sustain parental involvement in Xhariep District schools,10.38140/pie.v41i4.7102,OpenAlex,metadata,1.3429291780834454
doi:10.1177/1741143220985196,doi:10.1177/1741143220985196,STM-METADATA-EN,metadata,en,10,0.4553201865409053,7,0.14558729491086433,0.3097328916300409,FALSE,FALSE,2021,School effectiveness for education for sustainable development (ESD): What characterizes an ESD-effective school organization?,10.1177/1741143220985196,OpenAlex,metadata,1.7812479904129113
doi:10.23960/jpp.v14.i2.202487,doi:10.23960/jpp.v14.i2.202487,STM-METADATA-EN,metadata,en,6,0.40044269892172357,1,0.18163685057807116,0.2188058483436524,FALSE,FALSE,2024,School Management Model Based on Community Participation HARMONY Approach to Improving School Quality,10.23960/jpp.v14.i2.202487,OpenAlex,metadata,1.7410950003950008
doi:10.11594/jk6em.04.02.06,doi:10.11594/jk6em.04.02.06,STM-METADATA-EN,metadata,en,4,0.9268034252745151,12,0.0557465986654527,0.8710568266090624,FALSE,FALSE,2021,Implementation of Total Quality Management in School Management: Cross Site Study at SMK Negeri 2 Banjarmasin and SMK Negeri 4 Banjarmasin,10.11594/jk6em.04.02.06,OpenAlex,metadata,0.3423717793061771
doi:10.24036/ijeds.v6i2.472,doi:10.24036/ijeds.v6i2.472,STM-METADATA-EN,metadata,en,10,0.7592751696794426,5,0.08014454341468644,0.6791306262647562,FALSE,FALSE,2024,Communication Strategies of School Principals for Effective School Management: A Literature Review,10.24036/ijeds.v6i2.472,OpenAlex,metadata,1.0387934187826118
doi:10.1145/3516875.3516964,doi:10.1145/3516875.3516964,STM-METADATA-EN,metadata,en,9,0.7192535570078489,12,0.24269916242049777,0.4765543945873511,FALSE,FALSE,2021,Implementation of Online Learning Based on Google Classroom Applications In Elementary School Management,10.1145/3516875.3516964,OpenAlex,metadata,0.7864874024824464
doi:10.30954/2230-7311.2.2024.8,doi:10.30954/2230-7311.2.2024.8,STM-METADATA-EN,metadata,en,1,0.3723885563129384,6,0.3017010332569322,0.07068752305600617,FALSE,TRUE,2024,Functioning of School Management Committee (SMCs) in Tribal Areas School of Odisha,10.30954/2230-7311.2.2024.8,OpenAlex,metadata,1.6244167027174983
doi:10.1504/ijiie.2021.10037786,doi:10.1504/ijiie.2021.10037786,STM-METADATA-EN,metadata,en,9,0.36702111953574384,11,0.2315651276724873,0.13545599186325655,FALSE,FALSE,2021,Factors influencing school management teams in implementing ICT policy in Botswana schools,10.1504/ijiie.2021.10037786,OpenAlex,metadata,1.8265443620791741
doi:10.21009/jisae.071.04,doi:10.21009/jisae.071.04,STM-METADATA-EN,metadata,en,12,0.8386395697389138,2,0.08165017814758752,0.7569893915913264,FALSE,FALSE,2021,REALIZING THE PURPOSE OF ISLAMIC EDUCATION THROUGH BOARDING SCHOOL MANAGEMENT,10.21009/jisae.071.04,OpenAlex,metadata,0.7475220131970075
record:076292cdb134c49670fbec5b,record:076292cdb134c49670fbec5b,STM-METADATA-EN,metadata,en,2,0.26433055827212726,1,0.1822693300821539,0.08206122818997336,FALSE,TRUE,2020,Modern Trends of Involving Kazakhstan’ Schoolchildren and Teachers in School Management,NA,OpenAlex,metadata,2.3061900217480864
record:2fd75c6eefe82a0e46ac85a0,record:2fd75c6eefe82a0e46ac85a0,STM-METADATA-EN,metadata,en,10,0.37770933543756713,4,0.2558226979837073,0.1218866374538598,FALSE,FALSE,2023,Application of Analytic Hierarchy Process (AHP) in Evaluating Educational Leadership Theories for Effective School Management,NA,OpenAlex,metadata,1.7385455367762024
doi:10.54784/1990-6587.1497,doi:10.54784/1990-6587.1497,STM-METADATA-EN,metadata,en,6,0.9770488811860926,1,0.004463290442386801,0.9725855907437058,FALSE,FALSE,2023,Pre and post assessment of school management committee: A case study of Sindh,10.54784/1990-6587.1497,OpenAlex,metadata,0.1632683606304021
doi:10.18844/ijlt.v13i3.5971,doi:10.18844/ijlt.v13i3.5971,STM-METADATA-EN,metadata,en,13,0.42302684687897363,10,0.16718900586089402,0.2558378410180796,FALSE,FALSE,2021,The views of English teachers’ towards school management and school managers*,10.18844/ijlt.v13i3.5971,OpenAlex,metadata,1.8199769032269144
doi:10.51574/ijrer.v3i1.1340,doi:10.51574/ijrer.v3i1.1340,STM-METADATA-EN,metadata,en,12,0.7300933251847326,6,0.12130623557813287,0.6087870896065997,FALSE,FALSE,2023,The Embodiment of Islamic Boarding School-Based School Management in Improving The Quality of Graduates,10.51574/ijrer.v3i1.1340,OpenAlex,metadata,0.9891058922303423
doi:10.1007/978-3-031-32890-9_5,doi:10.1007/978-3-031-32890-9_5,STM-METADATA-EN,metadata,en,1,0.48480942838934143,6,0.14343304464938283,0.3413763837399586,FALSE,FALSE,2023,The Trouble with Outsourcing School Management,10.1007/978-3-031-32890-9_5,OpenAlex,metadata,1.8288719561777442
doi:10.5539/ies.v16n3p80,doi:10.5539/ies.v16n3p80,STM-METADATA-EN,metadata,en,9,0.5978456024897768,13,0.16831386359192949,0.42953173889784735,FALSE,FALSE,2023,Scenarios of Secondary School Management During the Digital Era in the Next Decade (2022-2031),10.5539/ies.v16n3p80,OpenAlex,metadata,1.271983214595825
doi:10.56457/jimk.v12i1.522,doi:10.56457/jimk.v12i1.522,STM-METADATA-EN,metadata,en,10,0.25272465499597324,12,0.23818455798513205,0.014540097010841191,FALSE,TRUE,2024,Designing A Leadership Training Program For School Principals To Improve The Quality Of School Management,10.56457/jimk.v12i1.522,OpenAlex,metadata,1.796871013979029
doi:10.3390/educsci14070724,doi:10.3390/educsci14070724,STM-METADATA-EN,metadata,en,5,0.4433842851814619,1,0.24415685799001186,0.19922742719145003,FALSE,FALSE,2024,Dissecting the School Management Rubric in a Japanese Reform-Oriented Municipality,10.3390/educsci14070724,OpenAlex,metadata,1.466924626277331
doi:10.54922/ijehss.2022.0444,doi:10.54922/ijehss.2022.0444,STM-METADATA-EN,metadata,en,4,0.9100405502173662,9,0.06202215661313866,0.8480183936042275,FALSE,FALSE,2022,IMPLEMENTATION OF SCHOOL MANAGEMENT INFORMATION SYSTEM IN IMPROVING THE QUALITY OF EDUCATION SERVICES AT KLATEN REGENCY,10.54922/ijehss.2022.0444,OpenAlex,metadata,0.42200105261213894
doi:10.24234/miopap.v10i1.460,doi:10.24234/miopap.v10i1.460,STM-METADATA-EN,metadata,en,9,0.8274029259201707,4,0.13618309184983274,0.6912198340703379,FALSE,FALSE,2023,MAIN COMPONENTS OF SCHOOL MANAGEMENT MODEL USING INFORMATION AND COMMUNICATIONS TECHNOLOGIES,10.24234/miopap.v10i1.460,OpenAlex,metadata,0.6381159882590958
doi:10.21154/cendekia.v21i1.5943,doi:10.21154/cendekia.v21i1.5943,STM-METADATA-EN,metadata,en,12,0.7873550121415961,15,0.098067478654775,0.6892875334868211,FALSE,FALSE,2023,International Islamic Boarding School Strategy for Realizing Superior Islamic Boarding School Management,10.21154/cendekia.v21i1.5943,OpenAlex,metadata,0.8969253317272703
doi:10.5281/zenodo.7552441,doi:10.5281/zenodo.7552441,STM-METADATA-EN,metadata,en,10,0.30301235527622183,5,0.2959340415995138,0.007078313676708026,FALSE,TRUE,2023,Effective educational leadership and school management: The importance of strong leadership and managerial skills,10.5281/zenodo.7552441,OpenAlex,metadata,1.6678431881521525
doi:10.18510/hssr.2020.8251,doi:10.18510/hssr.2020.8251,STM-METADATA-EN,metadata,en,14,0.3229484032262926,7,0.16476732020129872,0.15818108302499387,FALSE,FALSE,2020,HEADMASTER LEADERSHIP EFFECT ON TASK LOAD OF SPECIAL EDUCATION INTEGRATION PROGRAM TEACHER,10.18510/hssr.2020.8251,OpenAlex,metadata,1.9038779148717349
doi:10.17576/ebangi.2023.2002.18,doi:10.17576/ebangi.2023.2002.18,STM-METADATA-EN,metadata,en,13,0.41024485701228625,11,0.33650560848789435,0.0737392485243919,FALSE,TRUE,2023,EFFECTS OF THE ATTRIBUTES OF SCHOOL MANAGEMENT TEAMS ON THE MANAGEMENT OF QUALITY EDUCATION: TOWARDS SCHOOL EFFECTIVENESS,10.17576/ebangi.2023.2002.18,OpenAlex,metadata,1.4459314418516904
doi:10.37641/jimkes.v13i5.3723,doi:10.37641/jimkes.v13i5.3723,STM-METADATA-EN,metadata,en,5,0.318538073771923,13,0.1561404336860243,0.16239764008589871,FALSE,FALSE,2025,"Sailor Character Traits, Personality, and School Management Perceptions: Mental Readiness of Vocational Maritime Students",10.37641/jimkes.v13i5.3723,OpenAlex,metadata,2.004096495035476
doi:10.1177/0013161x20912299,doi:10.1177/0013161x20912299,STM-METADATA-EN,metadata,en,6,0.4101258967395962,1,0.30308130797206573,0.10704458876753048,FALSE,FALSE,2020,"The Seduction of <i>Hyper-Surveillance</i>: Standards, Testing, and Accountability",10.1177/0013161x20912299,OpenAlex,metadata,1.4839206652603365
doi:10.24018/ejedu.2023.4.2.536,doi:10.24018/ejedu.2023.4.2.536,STM-METADATA-EN,metadata,en,13,0.8230253432090169,1,0.07521592988064389,0.747809413328373,FALSE,FALSE,2023,Parental Roles in Attending Schools’ management Meetings and Pupils’ Academic Performance in Uganda,10.24018/ejedu.2023.4.2.536,OpenAlex,metadata,0.8037180574749392
doi:10.56238/uniknowindevolp-127,doi:10.56238/uniknowindevolp-127,STM-METADATA-EN,metadata,en,6,0.3284494986204579,9,0.2909505401095111,0.03749895851094681,FALSE,TRUE,2023,The use of the PDCA cycle and the 5W2H tool as quality control tools by school management,10.56238/uniknowindevolp-127,OpenAlex,metadata,1.6323846700415008
record:5dafdc5e92642737774921aa,record:5dafdc5e92642737774921aa,STM-METADATA-EN,metadata,en,15,0.8665368353276391,5,0.07042326822456595,0.7961135671030732,FALSE,FALSE,2020,Explaining the school management based on scientific metaphor or personal experience? A case study on the management approach of successful school principals,NA,OpenAlex,metadata,0.6027370988604557
doi:10.1108/tqm-04-2020-0071,doi:10.1108/tqm-04-2020-0071,STM-METADATA-EN,metadata,en,7,0.4043948685166016,6,0.18985064715628075,0.21454422136032086,FALSE,FALSE,2021,ISO 9001 standard and their impact on school management and planning and support systems–Comparative study on perception between heads–teachers,10.1108/tqm-04-2020-0071,OpenAlex,metadata,1.617399133036863
doi:10.11594/ijmaber.04.03.27,doi:10.11594/ijmaber.04.03.27,STM-METADATA-EN,metadata,en,13,0.6965249028069331,8,0.23559932562795735,0.46092557717897575,FALSE,FALSE,2023,"School Management Practices, Pupils’ Academic Achievement, and Teach-ers’ Work Performance During COVID-19 Pandemic",10.11594/ijmaber.04.03.27,OpenAlex,metadata,0.9258270263465248
doi:10.52337/pjer.v3i2.469,doi:10.52337/pjer.v3i2.469,STM-METADATA-EN,metadata,en,6,0.9740790443670916,1,0.006928625960227447,0.9671504184068641,FALSE,FALSE,2020,EVALUATION OF SCHOOL MANAGEMENT COMMITTEE (SMC) ON QUALITY OF EDUCATION: A CASE OF SINDH,10.52337/pjer.v3i2.469,OpenAlex,metadata,0.1789664834062875
doi:10.3390/educsci15091099,doi:10.3390/educsci15091099,STM-METADATA-EN,metadata,en,10,0.3027960874689655,1,0.259912974336989,0.042883113131976514,FALSE,TRUE,2025,Digital Transformation of Vocational Schools in Switzerland: The Importance of Innovative School Management Behavior,10.3390/educsci15091099,OpenAlex,metadata,1.8816999693953234
doi:10.62225/2583049x.2025.5.4.4744,doi:10.62225/2583049x.2025.5.4.4744,STM-METADATA-EN,metadata,en,13,0.3689396653425428,11,0.274078978255106,0.09486068708743678,FALSE,TRUE,2025,Factors Influencing Effective School Management in Selected Public Secondary Schools in Lusaka District,10.62225/2583049x.2025.5.4.4744,OpenAlex,metadata,1.6778090418665756
doi:10.1177/17411432211051909,doi:10.1177/17411432211051909,STM-METADATA-EN,metadata,en,7,0.326884826100283,5,0.2789690638984003,0.047915762201882706,FALSE,TRUE,2021,Finding the missing link: Do principal qualifications make a difference in student achievement?,10.1177/17411432211051909,OpenAlex,metadata,1.7896760965622478
doi:10.21831/pep.v28i2.78274,doi:10.21831/pep.v28i2.78274,STM-METADATA-EN,metadata,en,10,0.513166480063017,11,0.14457771772220712,0.3685887623408099,FALSE,FALSE,2024,School management autonomy in Cambodia: A case study at new generation schools (NGS),10.21831/pep.v28i2.78274,OpenAlex,metadata,1.625101346162875
doi:10.23919/ist-africa56635.2022.9845593,doi:10.23919/ist-africa56635.2022.9845593,STM-METADATA-EN,metadata,en,9,0.9722567235983683,4,0.00758886301234058,0.9646678605860277,FALSE,FALSE,2022,School Management Information System (SMIS) for the Elite College,10.23919/ist-africa56635.2022.9845593,OpenAlex,metadata,0.1938088410387525
doi:10.2991/assehr.k.200513.015,doi:10.2991/assehr.k.200513.015,STM-METADATA-EN,metadata,en,14,0.6760508767496987,4,0.20456020027306313,0.47149067647663556,FALSE,FALSE,2020,Contribution of School Management Based on Local Values of Tri Hita Karana and Leadership Service,10.2991/assehr.k.200513.015,OpenAlex,metadata,1.038918962432027
doi:10.15405/ejsbs.292,doi:10.15405/ejsbs.292,STM-METADATA-EN,metadata,en,14,0.20589560446636984,3,0.17645329943590213,0.029442305030467714,FALSE,TRUE,2021,Analysis of Personal-Professional Status of Women Managers for Sustainable School Management in Turkey,10.15405/ejsbs.292,OpenAlex,metadata,2.1709931798650275
doi:10.59765/qaia532f,doi:10.59765/qaia532f,STM-METADATA-EN,metadata,en,13,0.6696084349417233,1,0.11566537852441083,0.5539430564173125,FALSE,FALSE,2023,"Electronic Governance System Implementation and Its Influence on Public Secondary School Management: A Case Study of Meru District, Tanzania",10.59765/qaia532f,OpenAlex,metadata,1.1477524199121427
doi:10.47191/ijsshr/v5-i12-06,doi:10.47191/ijsshr/v5-i12-06,STM-METADATA-EN,metadata,en,12,0.7080727564157334,13,0.1701559635167744,0.537916792898959,FALSE,FALSE,2022,Adiwiyata-Program-Based School Management,10.47191/ijsshr/v5-i12-06,OpenAlex,metadata,1.0553886488343405
doi:10.1177/08920206211037738,doi:10.1177/08920206211037738,STM-METADATA-EN,metadata,en,8,0.7089905023437056,5,0.13323994887462118,0.5757505534690844,FALSE,FALSE,2021,Leading schools through the COVID-19 crisis in a South-East Asian country,10.1177/08920206211037738,OpenAlex,metadata,1.0932613727585347
doi:10.1007/978-3-031-42924-8_9,doi:10.1007/978-3-031-42924-8_9,STM-METADATA-EN,metadata,en,9,0.7080344258207084,4,0.17253800407480016,0.5354964217459083,FALSE,FALSE,2023,Implementation and Evaluation of a Mobile Smart School Management System—NEUKinderApp,10.1007/978-3-031-42924-8_9,OpenAlex,metadata,1.090008373913998
doi:10.29086/2519-5476/2021/v28n1a13,doi:10.29086/2519-5476/2021/v28n1a13,STM-METADATA-EN,metadata,en,8,0.6174781684816854,11,0.1605325116516809,0.45694565683000443,FALSE,FALSE,2021,The Perceptions and Experiences of School Management Teams and Teachers regarding Continuing Professional Development of Teachers in Digital Literacy amidst the COVID-19 Pandemic,10.29086/2519-5476/2021/v28n1a13,OpenAlex,metadata,1.2764371931058536
doi:10.22178/pos.88-9,doi:10.22178/pos.88-9,STM-METADATA-EN,metadata,en,12,0.6072960528206871,4,0.18704406404621404,0.42025198877447306,FALSE,FALSE,2022,Exploration of School Management Model in Applying Quality Education,10.22178/pos.88-9,OpenAlex,metadata,1.1342810723852357
doi:10.61408/jaet2022v24i01.12,doi:10.61408/jaet2022v24i01.12,STM-METADATA-EN,metadata,en,13,0.7715233502064185,11,0.1573583090656814,0.6141650411407371,FALSE,FALSE,2022,Determinants of School Management Teams Effectiveness in Managing Capitation Grants in Tanzania Community Secondary Schools,10.61408/jaet2022v24i01.12,OpenAlex,metadata,0.8316626769151643
doi:10.4324/9781003320579-3,doi:10.4324/9781003320579-3,STM-METADATA-EN,metadata,en,1,0.5795229742477631,3,0.1310032586029617,0.4485197156448014,FALSE,FALSE,2022,Community participation in school management in Ghana,10.4324/9781003320579-3,OpenAlex,metadata,1.4830627008106194
doi:10.35877/454ri.eduline1285,doi:10.35877/454ri.eduline1285,STM-METADATA-EN,metadata,en,4,0.7602795138443178,16,0.07653036485429594,0.6837491489900218,FALSE,FALSE,2022,Effectiveness of School Management through Strengthening the Managerial Ability of School Principals in the Field of Education Financing,10.35877/454ri.eduline1285,OpenAlex,metadata,1.0255837661407448
doi:10.51276/edu.v3i1.216,doi:10.51276/edu.v3i1.216,STM-METADATA-EN,metadata,en,12,0.9736203378085402,4,0.01166292119691026,0.9619574166116299,FALSE,FALSE,2022,Full Day School Management at SMA As Safi'iyah Medan,10.51276/edu.v3i1.216,OpenAlex,metadata,0.17545694842699275
doi:10.52380/ijpes.2022.9.3.725,doi:10.52380/ijpes.2022.9.3.725,STM-METADATA-EN,metadata,en,14,0.8965498986478996,13,0.07210318784604579,0.8244467108018538,FALSE,FALSE,2022,The Relationship Between Teachers' Perceived Power Distance and Organizational Silence in School Management,10.52380/ijpes.2022.9.3.725,OpenAlex,metadata,0.46196689275422914
doi:10.34149/jmbr.v18i3.228,doi:10.34149/jmbr.v18i3.228,STM-METADATA-EN,metadata,en,14,0.7310266218301513,12,0.12559245596130267,0.6054341658688487,FALSE,FALSE,2021,"Pengaruh Kompetensi, Kompensasi, Disiplin Kerja terhadap Kinerja Guru pada Lazuardi Global Islamic School",10.34149/jmbr.v18i3.228,OpenAlex,metadata,0.957209174518471
doi:10.63544/ijss.v4i2.132,doi:10.63544/ijss.v4i2.132,STM-METADATA-EN,metadata,en,5,0.3119757824622476,10,0.171928411267297,0.14004737119495062,FALSE,FALSE,2025,Comparative Analysis of Authoritative and Democratic Leadership Styles and Their Impact on School Management Effectiveness,10.63544/ijss.v4i2.132,OpenAlex,metadata,2.061584819630413
doi:10.56916/jirpe.v4i4.1770,doi:10.56916/jirpe.v4i4.1770,STM-METADATA-EN,metadata,en,11,0.39607834523478797,10,0.22083449662446145,0.17524384861032652,FALSE,FALSE,2025,School Management in Preventing Bullying in Primary Schools,10.56916/jirpe.v4i4.1770,OpenAlex,metadata,1.8242149585812573
doi:10.14295/aimj.v5i9.120,doi:10.14295/aimj.v5i9.120,STM-METADATA-EN,metadata,en,1,0.9290667763956066,4,0.03673174362826248,0.8923350327673442,FALSE,FALSE,2020,SCHOOL MANAGEMENT MODELS: A COMPARATIVE STUDY BETWEEN TWO SCHOOLS IN JUAZEIRO DO NORTE,10.14295/aimj.v5i9.120,OpenAlex,metadata,0.3905309760257123
doi:10.31538/ndh.v6i1.1138,doi:10.31538/ndh.v6i1.1138,STM-METADATA-EN,metadata,en,4,0.65699874434562755,12,0.30892245878864405,0.3480762855569835,FALSE,FALSE,2021,Strategic Planning in Increasing Quality of Education,10.31538/ndh.v6i1.1138,OpenAlex,metadata,0.8232261992712323
doi:10.30998/fjik.v8i3.8607,doi:10.30998/fjik.v8i3.8607,STM-METADATA-EN,metadata,en,12,0.7500699328567612,16,0.07569088037316185,0.6743790524835993,FALSE,FALSE,2021,Best Practices Forest School Management in Early Childhood Education,10.30998/fjik.v8i3.8607,OpenAlex,metadata,1.0565121403428734
doi:10.24036/spektrumpls.v9i4.114283,doi:10.24036/spektrumpls.v9i4.114283,STM-METADATA-EN,metadata,en,12,0.9737047675666849,4,0.009016421041299807,0.964688346525385,FALSE,FALSE,2021,Natural School Management: A New Paradigm for Education,10.24036/spektrumpls.v9i4.114283,OpenAlex,metadata,0.18091614371148423
doi:10.4018/978-1-7998-7168-2.ch010,doi:10.4018/978-1-7998-7168-2.ch010,STM-METADATA-EN,metadata,en,8,0.46287374008412263,11,0.256398856182252,0.20647488390187063,FALSE,FALSE,2021,School Management Teams' Strategies to Enhance Curriculum Delivery in the Era of the COVID-19 Pandemic,10.4018/978-1-7998-7168-2.ch010,OpenAlex,metadata,1.5092771890593366
doi:10.61186/ijes.5.4.170,doi:10.61186/ijes.5.4.170,STM-METADATA-EN,metadata,en,7,0.31904607137843877,4,0.26369301559586295,0.05535305578257582,FALSE,TRUE,2022,Validating of Applied Model for the Implementation of the School Management Excellence Program,10.61186/ijes.5.4.170,OpenAlex,metadata,1.72280451362309
doi:10.37383/sbj170102,doi:10.37383/sbj170102,STM-METADATA-EN,metadata,en,8,0.4926973128382017,13,0.41652863877244634,0.07616867406575534,FALSE,TRUE,2021,An assessment of private schools’ management strategies amidst COVID-19 lockdown in Nigeria,10.37383/sbj170102,OpenAlex,metadata,1.073833084564065
doi:10.3389/fpsyg.2021.641806,doi:10.3389/fpsyg.2021.641806,STM-METADATA-EN,metadata,en,7,0.7199387903744956,8,0.20702780468353088,0.5129109856909647,FALSE,FALSE,2021,Psychological Impact of COVID-19 on College Students After School Reopening: A Cross-Sectional Study Based on Machine Learning,10.3389/fpsyg.2021.641806,OpenAlex,metadata,0.8894322924978991
doi:10.4314/jae.v26i1.9s,doi:10.4314/jae.v26i1.9s,STM-METADATA-EN,metadata,en,7,0.6879697193580702,13,0.217503929298952,0.47046579005911815,FALSE,FALSE,2022,"Food Vendors and School Management Compliance to Home Grown School Feeding Programme Implementation Module in Osun State, Nigeria",10.4314/jae.v26i1.9s,OpenAlex,metadata,1.0049295681124972
doi:10.4018/978-1-6684-7818-9.ch020,doi:10.4018/978-1-6684-7818-9.ch020,STM-METADATA-EN,metadata,en,3,0.6413550200468152,10,0.2927130824129241,0.3486419376338911,FALSE,FALSE,2023,Breaking Barriers and Empowering Women Leaders to Drive School Improvement,10.4018/978-1-6684-7818-9.ch020,OpenAlex,metadata,0.9738248193644985
doi:10.1080/2331186x.2024.2364544,doi:10.1080/2331186x.2024.2364544,STM-METADATA-EN,metadata,en,9,0.7976762442807114,11,0.06340694939942314,0.7342692948812882,FALSE,FALSE,2024,Analyzing the challenges basic school teachers face in integrating Information and Communication Technology into teaching and learning activities in a developing country,10.1080/2331186x.2024.2364544,OpenAlex,metadata,0.8755165148853774
doi:10.4018/978-1-7998-7168-2.ch003,doi:10.4018/978-1-7998-7168-2.ch003,STM-METADATA-EN,metadata,en,13,0.5208868269681337,11,0.4089452526848819,0.1119415742832518,FALSE,FALSE,2021,Roles of School Management Teams in Curriculum Delivery and Assessment in Primary Schools,10.4018/978-1-7998-7168-2.ch003,OpenAlex,metadata,1.0420628287822171
doi:10.47191/jefms/v6-i3-19,doi:10.47191/jefms/v6-i3-19,STM-METADATA-EN,metadata,en,4,0.8325885338956077,8,0.05030788655228178,0.7822806473433259,FALSE,FALSE,2023,School Management in Creating Effective Schools in the Covid Era at Adyatma Sukodono Lumajang Pharmaceutical Vocational School,10.47191/jefms/v6-i3-19,OpenAlex,metadata,0.7873454386762251
doi:10.35445/alishlah.v15i3.3068,doi:10.35445/alishlah.v15i3.3068,STM-METADATA-EN,metadata,en,4,0.8861939743071533,12,0.07586715308847912,0.8103268212186742,FALSE,FALSE,2023,The System Approach for Entrepreneurship-Based School Management in Vocational High Schools,10.35445/alishlah.v15i3.3068,OpenAlex,metadata,0.5120568964360926
doi:10.33258/birci.v4i4.2807,doi:10.33258/birci.v4i4.2807,STM-METADATA-EN,metadata,en,4,0.968787384670927,12,0.009482696603246158,0.9593046880676808,FALSE,FALSE,2021,Implementation of School Management Functions in Effort to Improve the Quality of Education,10.33258/birci.v4i4.2807,OpenAlex,metadata,0.2062225877258025
doi:10.4102/jamba.v13i1.1159,doi:10.4102/jamba.v13i1.1159,STM-METADATA-EN,metadata,en,16,0.5155826242512561,12,0.18038685289016795,0.33519577136108814,FALSE,FALSE,2021,Key elements of disaster mitigation education in inclusive school setting in the Indonesian context,10.4102/jamba.v13i1.1159,OpenAlex,metadata,1.5426205744467207
doi:10.33751/jhss.v5i1.3387,doi:10.33751/jhss.v5i1.3387,STM-METADATA-EN,metadata,en,12,0.8471996547534646,2,0.05039724989837354,0.796802404855091,FALSE,FALSE,2021,KREATIVA PRIMARY SCHOOL MANAGEMENT (QUALITATIVE DESCRIPTIVE ANALYSIS STUDIES),10.33751/jhss.v5i1.3387,OpenAlex,metadata,0.7532738635043457
doi:10.1177/02704676231224705,doi:10.1177/02704676231224705,STM-METADATA-EN,metadata,en,9,0.40592564110259655,15,0.28362679452501943,0.12229884657757711,FALSE,FALSE,2023,Potential Risks of Artificial Intelligence Integration into School Education: A Systematic Review,10.1177/02704676231224705,OpenAlex,metadata,1.7252188358721854
doi:10.48047/rigeo.11.05.302,doi:10.48047/rigeo.11.05.302,STM-METADATA-EN,metadata,en,8,0.5352821882521254,13,0.19266721287977595,0.3426149753723494,FALSE,FALSE,2021,Inclusive School Management: Transforming Learning during the COVID-19 Pandemic,10.48047/rigeo.11.05.302,OpenAlex,metadata,1.6279274809081001
doi:10.54069/attadrib.v5i2.247,doi:10.54069/attadrib.v5i2.247,STM-METADATA-EN,metadata,en,12,0.9517935230131215,1,0.01554418938415574,0.9362493336289658,FALSE,FALSE,2022,"Aspek Perkembangan Manajemen Pembelajaran Active Learning, Paikem Pada Kelas Unggulan",10.54069/attadrib.v5i2.247,OpenAlex,metadata,0.2878842989408754
doi:10.15700/saje.v41n2a1862,doi:10.15700/saje.v41n2a1862,STM-METADATA-EN,metadata,en,11,0.44372245533041244,13,0.23098444518089417,0.21273801014951826,FALSE,FALSE,2021,Learner discipline in the post-corporal punishment era: What an experience!,10.15700/saje.v41n2a1862,OpenAlex,metadata,1.6353589472540255
doi:10.2139/ssrn.4808835,doi:10.2139/ssrn.4808835,STM-METADATA-EN,metadata,en,10,0.2912448144131268,16,0.15371739054009637,0.1375274238730304,FALSE,FALSE,2024,Evaluating the Impact of a Professional Development Program for Principals on School Management Practices: Evidence from Brazil,10.2139/ssrn.4808835,OpenAlex,metadata,2.250856964971137
doi:10.54732/jeecs.v6i1.190,doi:10.54732/jeecs.v6i1.190,STM-METADATA-EN,metadata,en,9,0.7036596130585369,4,0.19563084631702393,0.5080287667415129,FALSE,FALSE,2021,Smart School Management System of Presence Monitoring Teacher as A Realtime with Rad (Rapid Application Development) Method at Khadijah High School Surabaya,10.54732/jeecs.v6i1.190,OpenAlex,metadata,0.9908600909615176
doi:10.31538/tijie.v4i3.598,doi:10.31538/tijie.v4i3.598,STM-METADATA-EN,metadata,en,12,0.8999100792958251,5,0.035675555144005326,0.8642345241518198,FALSE,FALSE,2023,Salafi-Based Integrated Islamic Elementary School Management,10.31538/tijie.v4i3.598,OpenAlex,metadata,0.535588055002688
doi:10.1080/01490400.2020.1829519,doi:10.1080/01490400.2020.1829519,STM-METADATA-EN,metadata,en,14,0.6314099422385522,7,0.16660273675114853,0.4648072054874036,FALSE,FALSE,2020,Work-Leisure Conflict and Well-Being: The Role of Leisure Nostalgia,10.1080/01490400.2020.1829519,OpenAlex,metadata,1.2639207963780497
doi:10.29007/3542,doi:10.29007/3542,STM-METADATA-EN,metadata,en,11,0.6147298906395177,9,0.15301551987160683,0.46171437076791083,FALSE,FALSE,2024,Perceptions of school management on cyber threats: The case of resource-constrained schools in South Africa,10.29007/3542,OpenAlex,metadata,1.3869676881505735
doi:10.4314/gjedr.v19i1.13,doi:10.4314/gjedr.v19i1.13,STM-METADATA-EN,metadata,en,13,0.9818856942464501,11,0.003740274516925043,0.9781454197295251,FALSE,FALSE,2020,"Relationship between headteachers’ communication competencies and effective school management in public primary schools in Narok county, kenya",10.4314/gjedr.v19i1.13,OpenAlex,metadata,0.1315370962487763
doi:10.29240/estetik.v3i1.1479,doi:10.29240/estetik.v3i1.1479,STM-METADATA-EN,metadata,en,12,0.8432224551079084,4,0.06284784704546316,0.7803746080624452,FALSE,FALSE,2020,Manajemen Sekolah dalam Pengelolaan Kegiatan Guru Bahasa Indonesa di Sekolah Dasar,10.29240/estetik.v3i1.1479,OpenAlex,metadata,0.7260619603658098
doi:10.3390/educsci12040254,doi:10.3390/educsci12040254,STM-METADATA-EN,metadata,en,14,0.28549308992837313,3,0.2530773745618237,0.032415715366549414,FALSE,TRUE,2022,School Organizational Culture and Leadership: Theoretical Trends and New Analytical Proposals,10.3390/educsci12040254,OpenAlex,metadata,1.6523106933257359
doi:10.61707/4wesnw44,doi:10.61707/4wesnw44,STM-METADATA-EN,metadata,en,10,0.3738497044254973,6,0.3695443820794798,0.004305322346017493,FALSE,TRUE,2024,"Integrative Approaches to Internal Quality Assurance in Junior High Schools: Exploring Impacts on Student Learning, Teacher Effectiveness, and School Management",10.61707/4wesnw44,OpenAlex,metadata,1.5412797081922802
doi:10.58557/(ijeh).v5i1.286,doi:10.58557/(ijeh).v5i1.286,STM-METADATA-EN,metadata,en,10,0.6035364474612609,6,0.2084122084947224,0.3951242389665385,FALSE,FALSE,2025,Challenges in School Management and Supervision: Insights from Educators in Chinese Colleges,10.58557/(ijeh).v5i1.286,OpenAlex,metadata,1.3367704229602069
doi:10.1080/13603124.2020.1804624,doi:10.1080/13603124.2020.1804624,STM-METADATA-EN,metadata,en,3,0.2848763495063941,15,0.24214903751902586,0.04272731198736826,FALSE,TRUE,2020,Entrepreneurial leadership in schools: linking creativity with accountability,10.1080/13603124.2020.1804624,OpenAlex,metadata,1.933800927331139
doi:10.33423/jmpp.v24i3.6504,doi:10.33423/jmpp.v24i3.6504,STM-METADATA-EN,metadata,en,9,0.6895602147966692,5,0.15556275749670978,0.5339974572999594,FALSE,FALSE,2023,"Principals’ Leadership and Technology Integration on Secondary Schools’ Management in Khomas Region, Namibia",10.33423/jmpp.v24i3.6504,OpenAlex,metadata,1.2026619040239297
doi:10.35445/alishlah.v17i2.6969,doi:10.35445/alishlah.v17i2.6969,STM-METADATA-EN,metadata,en,10,0.3781304377930079,12,0.25236430697492024,0.12576613081808768,FALSE,FALSE,2025,School Management to Magnify the Quality of Inclusive Early Childhood Education Through Sekolah Penggerak,10.35445/alishlah.v17i2.6969,OpenAlex,metadata,1.5951968028638066
doi:10.4102/hsag.v27i0.1945,doi:10.4102/hsag.v27i0.1945,STM-METADATA-EN,metadata,en,11,0.9006365176530431,13,0.025515271760989233,0.8751212458920539,FALSE,FALSE,2022,Perceptions of secondary school management teams in managing pregnant learners in an urban context,10.4102/hsag.v27i0.1945,OpenAlex,metadata,0.5557431124435822
doi:10.17275/per.23.76.10.5,doi:10.17275/per.23.76.10.5,STM-METADATA-EN,metadata,en,1,0.3105233108648484,13,0.15725643965680525,0.15326687120804316,FALSE,FALSE,2023,Looking through the Parental Glasses: Delving into the Management Skills of School Management from the Perspective of Educator Parents,10.17275/per.23.76.10.5,OpenAlex,metadata,2.135844942624324
doi:10.17853/1994-5639-2025-4-175-194,doi:10.17853/1994-5639-2025-4-175-194,STM-METADATA-EN,metadata,en,10,0.8551093718354482,4,0.08484555434012857,0.7702638174953197,FALSE,FALSE,2025,School management in the professional development of teachers: interactions with a pedagogical university,10.17853/1994-5639-2025-4-175-194,OpenAlex,metadata,0.6574532665146099
doi:10.25446/oxford.21107554,doi:10.25446/oxford.21107554,STM-METADATA-EN,metadata,en,6,0.9277435791583154,1,0.019761640518501253,0.9079819386398141,FALSE,FALSE,2021,Personnel Management and School Productivity: Evidence from India,10.25446/oxford.21107554,OpenAlex,metadata,0.422604678219588
record:124fb0e5a4752dec773fe485,record:124fb0e5a4752dec773fe485,STM-METADATA-EN,metadata,en,13,0.9820359030775747,11,0.004774886213451782,0.9772610168641229,FALSE,FALSE,2020,"Effectiveness of Heads of Schools Management of Capitation Grants for Service Delivery in Public Secondary Schools in Hai District, Tanzania",NA,OpenAlex,metadata,0.12997570909663192
doi:10.1201/9781003107279-32,doi:10.1201/9781003107279-32,STM-METADATA-EN,metadata,en,4,0.5969180843475006,10,0.29244439829756624,0.30447368604993436,FALSE,FALSE,2020,Teacher competency enhancement for 21st century educators and effective school management in the context of continuing professional development,10.1201/9781003107279-32,OpenAlex,metadata,1.1528340392018792
doi:10.1016/j.ssaho.2023.100495,doi:10.1016/j.ssaho.2023.100495,STM-METADATA-EN,metadata,en,14,0.3789252947707196,9,0.29133838940614487,0.08758690536457475,FALSE,TRUE,2023,Does Mobile Instant Messaging (MIM) affect power redistribution? Evidence from a Malaysian school management organization,10.1016/j.ssaho.2023.100495,OpenAlex,metadata,1.6336372891924806
doi:10.31538/munaddhomah.v3i1.159,doi:10.31538/munaddhomah.v3i1.159,STM-METADATA-EN,metadata,en,5,0.3104540896589329,12,0.2921881645387077,0.01826592512022518,FALSE,TRUE,2022,Pesantren Efektif: Studi Gaya Kepemimpinan Partisipatif,10.31538/munaddhomah.v3i1.159,OpenAlex,metadata,1.6918930947083255
doi:10.1111/ejed.12486,doi:10.1111/ejed.12486,STM-METADATA-EN,metadata,en,10,0.5120092877554829,16,0.1228189382444812,0.38919034951100173,FALSE,FALSE,2022,A pedagogical model for effective online teacher professional development—findings from the Teacher Academy initiative of the European Commission,10.1111/ejed.12486,OpenAlex,metadata,1.7268740382470629
doi:10.55681/nusra.v5i1.2148,doi:10.55681/nusra.v5i1.2148,STM-METADATA-EN,metadata,en,12,0.9821941496434988,4,0.006308430031321412,0.9758857196121774,FALSE,FALSE,2024,ISLAMIC BOARDING SCHOOL-BASED SCHOOL MANAGEMENT (EXPLORATORY STUDY OF ACADEMIC AND NON-ACADEMIC ACHIEVEMENT DEVELOPMENT AT SMPIT NURUL ISLAM TENGARAN),10.55681/nusra.v5i1.2148,OpenAlex,metadata,0.12690448680347863
doi:10.47772/ijriss.2023.7524,doi:10.47772/ijriss.2023.7524,STM-METADATA-EN,metadata,en,13,0.606374592716439,1,0.1372473920958235,0.4691272006206155,FALSE,FALSE,2023,"The Perceived Role of Parental Involvement in Secondary School Management: Implications for Student Counselling and Managerial Decision Making in Kericho County, Kenya",10.47772/ijriss.2023.7524,OpenAlex,metadata,1.4334898450442477
doi:10.22460/empowerment.v9i2p190-195.1673,doi:10.22460/empowerment.v9i2p190-195.1673,STM-METADATA-EN,metadata,en,12,0.6245394531487102,6,0.11766353039315287,0.5068759227555573,FALSE,FALSE,2020,ISLAMIC BOARDING SCHOOL MANAGEMENT IN IMPROVING STUDENT QUALITY (Case Study in the Boarding School of Tahfidzul Qur'an Mifahul Huda Karawang ),10.22460/empowerment.v9i2p190-195.1673,OpenAlex,metadata,1.3277234978020336
doi:10.29103/ijevs.v2i10.3309,doi:10.29103/ijevs.v2i10.3309,STM-METADATA-EN,metadata,en,12,0.5337938775255131,4,0.3256647203392027,0.20812915718631042,FALSE,FALSE,2020,The School Management in The Islamic-Based Excellent Vocational High School,10.29103/ijevs.v2i10.3309,OpenAlex,metadata,1.139516183616246
doi:10.5281/zenodo.8240850,doi:10.5281/zenodo.8240850,STM-METADATA-EN,metadata,en,6,0.3946803790459269,4,0.29284056677564063,0.10183981227028627,FALSE,FALSE,2023,The Contribution School Management Based on Educational Quality Report to Increase the Quality of Basic Education Banten Province,10.5281/zenodo.8240850,OpenAlex,metadata,1.492201550720184
doi:10.1109/iccta64612.2024.10974894,doi:10.1109/iccta64612.2024.10974894,STM-METADATA-EN,metadata,en,9,0.9687033965134444,10,0.0071011997364434165,0.961602196777001,FALSE,FALSE,2024,Web-Based Integrated School Management System for Enhanced Student-Teacher and Resource Accessibility,10.1109/iccta64612.2024.10974894,OpenAlex,metadata,0.2128910606065659
doi:10.33650/al-tanzim.v8i3.8817,doi:10.33650/al-tanzim.v8i3.8817,STM-METADATA-EN,metadata,en,10,0.4207590424708919,12,0.39660962530547317,0.02414941716541874,FALSE,TRUE,2024,Enhancing Student Well-being: Child-Friendly School Management in Conflict-Affected Areas,10.33650/al-tanzim.v8i3.8817,OpenAlex,metadata,1.4489054549449074
doi:10.46606/eajess2020v01i02.0028,doi:10.46606/eajess2020v01i02.0028,STM-METADATA-EN,metadata,en,13,0.35160252267546876,1,0.2974710839494429,0.05413143872602588,FALSE,TRUE,2020,Perception of School Management Committees on Community Participation in Education among Primary Schools in Tanzania,10.46606/eajess2020v01i02.0028,OpenAlex,metadata,1.418633050391206
doi:10.23887/jppp.v7i3.57587,doi:10.23887/jppp.v7i3.57587,STM-METADATA-EN,metadata,en,4,0.3011950312684693,12,0.2490828155186982,0.052112215749771096,FALSE,TRUE,2023,School Effectiveness: Institutional Benchmarking for Vocational High School Management,10.23887/jppp.v7i3.57587,OpenAlex,metadata,1.8563483191506602
doi:10.31538/ndhq.v10i2.140,doi:10.31538/ndhq.v10i2.140,STM-METADATA-EN,metadata,en,10,0.5429209492656387,12,0.4131871625358268,0.1297337867298119,FALSE,FALSE,2025,Implementing Religious Moderation as a Strategy for Anti-Discrimination Education in Islamic School Management,10.31538/ndhq.v10i2.140,OpenAlex,metadata,0.9423163842358242
doi:10.59373/drs.v2i2.28,doi:10.59373/drs.v2i2.28,STM-METADATA-EN,metadata,en,12,0.8141843435181735,4,0.11979795996530147,0.694386383552872,FALSE,FALSE,2024,Child-Friendly School Management: A Study of Ukhuwah Wathoniyah at Ma'arif Nahdlatul Ulama,10.59373/drs.v2i2.28,OpenAlex,metadata,0.744487648561751
doi:10.52038/9783643511324_18,doi:10.52038/9783643511324_18,STM-METADATA-EN,metadata,en,1,0.4484828586451776,15,0.19494557687641417,0.25353728176876345,FALSE,FALSE,2023,Democratic Participation in School Management,10.52038/9783643511324_18,OpenAlex,metadata,1.6002879052274692
doi:10.1108/ijem-11-2023-0585,doi:10.1108/ijem-11-2023-0585,STM-METADATA-EN,metadata,en,14,0.9799909636367601,10,0.004461122939923099,0.975529840696837,FALSE,FALSE,2024,How does school management team empowerment relate to teachers' organizational citizenship behavior? A moderated mediation model,10.1108/ijem-11-2023-0585,OpenAlex,metadata,0.14369008462577523
doi:10.56648/aide-irj.v11i1.179,doi:10.56648/aide-irj.v11i1.179,STM-METADATA-EN,metadata,en,10,0.4150378481050174,11,0.4140502571139514,9.875909910660452e-4,FALSE,TRUE,2025,"Financial Management, Challenges, and Coping Strategies of Private Schools in Sanchez Mira: Its Effect on School Management",10.56648/aide-irj.v11i1.179,OpenAlex,metadata,1.3678245999642429
doi:10.37284/eajes.3.1.304,doi:10.37284/eajes.3.1.304,STM-METADATA-EN,metadata,en,13,0.4900000517492155,4,0.25281418786757826,0.23718586388163726,FALSE,FALSE,2021,"School Management Attitudes as Determinants of Implementation of Guidance and Counselling Services in Secondary Schools in Baringo Central Sub-County, Kenya",10.37284/eajes.3.1.304,OpenAlex,metadata,1.4485030672634827
doi:10.1590/1984-92302021v28n9606pt,doi:10.1590/1984-92302021v28n9606pt,STM-METADATA-EN,metadata,en,2,0.3882930901886614,1,0.27406324531303905,0.11422984487562238,FALSE,FALSE,2021,Compreendendo a Prática da Gestão Escolar pela Perspectiva da Sociomaterialidade,10.1590/1984-92302021v28n9606pt,OpenAlex,metadata,1.6109695196317897
doi:10.1108/gm-07-2024-0395,doi:10.1108/gm-07-2024-0395,STM-METADATA-EN,metadata,en,5,0.5185831541017031,3,0.2247281275517941,0.29385502654990897,FALSE,FALSE,2025,Gender stereotypes of feminine and masculine school management and leadership: examination of traits and behaviours,10.1108/gm-07-2024-0395,OpenAlex,metadata,1.4610238675391172
doi:10.12753/2066-026x-20-173,doi:10.12753/2066-026x-20-173,STM-METADATA-EN,metadata,en,9,0.9566058142152989,4,0.02250242694769875,0.9341033872676001,FALSE,FALSE,2020,IMPROVED M-SCHOOL MANAGEMENT SYSTEM BASED ON IMT-ADVANCED- SATELLITE TECHNOLOGY AND FINGERPRINT RECOGNITION STUDENT ATTENDANCE SYSTEM,10.12753/2066-026x-20-173,OpenAlex,metadata,0.2611281813081682
doi:10.9734/ajess/2025/v51i82321,doi:10.9734/ajess/2025/v51i82321,STM-METADATA-EN,metadata,en,13,0.37344442862767757,7,0.2744299431452968,0.09901448548238079,FALSE,TRUE,2025,"Perceived Usefulness and Teachers’ Willingness to Integrate Technology in School Management: Evidence from the Nyohini Educational Circuit, Tamale Metropolis, Ghana",10.9734/ajess/2025/v51i82321,OpenAlex,metadata,1.5027778027442615
doi:10.4314/gjedr.v19i1.6,doi:10.4314/gjedr.v19i1.6,STM-METADATA-EN,metadata,en,13,0.9009584223598333,5,0.05189857683608798,0.8490598455237452,FALSE,FALSE,2020,"Relationship between head teachers’ leadership competencies and effective school management in public primary schools in Narok county, Kenya",10.4314/gjedr.v19i1.6,OpenAlex,metadata,0.4892653987199342
doi:10.37467/revedu.v10.3417,doi:10.37467/revedu.v10.3417,STM-METADATA-EN,metadata,en,7,0.5980776707929729,1,0.14713282199332367,0.45094484879964924,FALSE,FALSE,2022,School Management in Public Centers from the Appreciation of Distributed Leadership,10.37467/revedu.v10.3417,OpenAlex,metadata,1.4578563203616226
doi:10.1007/978-981-16-9640-4,doi:10.1007/978-981-16-9640-4,STM-METADATA-EN,metadata,en,15,0.3142767179892055,3,0.30129704018992093,0.01297967779928455,FALSE,TRUE,2022,Educational Theory in the 21st Century,10.1007/978-981-16-9640-4,OpenAlex,metadata,1.8056542647969065
doi:10.30900/kafkasegt.1192563,doi:10.30900/kafkasegt.1192563,STM-METADATA-EN,metadata,en,11,0.4273143716497896,5,0.21669011360318238,0.2106242580466072,FALSE,FALSE,2024,Attributes and Actions of Principals as Instructional Leaders in Empowering School Management Teams (SMTs) in Schools,10.30900/kafkasegt.1192563,OpenAlex,metadata,1.8225778526233036
doi:10.5861/ijrse.2025.25257,doi:10.5861/ijrse.2025.25257,STM-METADATA-EN,metadata,en,11,0.4252851742716853,1,0.26008415755621617,0.1652010167154691,FALSE,FALSE,2025,"A statistical survey and analysis of community participation in school management in tribal-dominated areas of Meghalaya, with special reference to the Bhorimbong Block in the Aspirational District of Ribhoi",10.5861/ijrse.2025.25257,OpenAlex,metadata,1.5574002686983255
record:2a6ff4afd7681eecab12bd52,record:2a6ff4afd7681eecab12bd52,STM-METADATA-EN,metadata,en,15,0.43720379294375383,8,0.21498135420984485,0.22222243873390898,FALSE,FALSE,2021,SCHOOL PRINCIPALS' VIEWS REGARDING THE USE OF SOCIAL MEDIA IN SCHOOL MANAGEMENT: A PHENOMENOLOGICAL RESEARCH,NA,OpenAlex,metadata,1.7827849498033033
doi:10.7176/rhss/10-16-03,doi:10.7176/rhss/10-16-03,STM-METADATA-EN,metadata,en,13,0.5983006629598961,6,0.25867015068882065,0.3396305122710755,FALSE,FALSE,2020,Assessment of the Performance of School Management Committees (SMCs) Towards the Attainment of Quality Basic Education in the Tarkwa-Nsuaem Municipality of Ghana,10.7176/rhss/10-16-03,OpenAlex,metadata,1.076498264374966
doi:10.12775/jehs.2022.12.01.028,doi:10.12775/jehs.2022.12.01.028,STM-METADATA-EN,metadata,en,1,0.6051330022904988,4,0.17752967596232094,0.4276033263281779,FALSE,FALSE,2022,Peculiarities of state-public school management,10.12775/jehs.2022.12.01.028,OpenAlex,metadata,1.323754907092482
doi:10.26740/jdmp.v5n1.p10-21,doi:10.26740/jdmp.v5n1.p10-21,STM-METADATA-EN,metadata,en,12,0.6969487988101436,4,0.21566357056580937,0.48128522824433423,FALSE,FALSE,2020,Implementasi Manajemen Mutu di SDN Prambon,10.26740/jdmp.v5n1.p10-21,OpenAlex,metadata,0.9458253059001572
doi:10.3390/su132312935,doi:10.3390/su132312935,STM-METADATA-EN,metadata,en,8,0.47549629106817254,9,0.26347424353242355,0.212022047535749,FALSE,FALSE,2021,Factors Affecting the Efficiency of Teaching Process in Higher Education in the Republic of Serbia during COVID-19,10.3390/su132312935,OpenAlex,metadata,1.4765799785965965
doi:10.31538/munaddhomah.v6i2.1738,doi:10.31538/munaddhomah.v6i2.1738,STM-METADATA-EN,metadata,en,9,0.3869971414127623,10,0.26398206045301975,0.12301508095974256,FALSE,FALSE,2025,Optimizing Islamic Boarding School Management in the Digital Era: Analysis of Technology Effectiveness in Administration and Operations,10.31538/munaddhomah.v6i2.1738,OpenAlex,metadata,1.7325006805223713
doi:10.1186/s12889-023-16748-8,doi:10.1186/s12889-023-16748-8,STM-METADATA-EN,metadata,en,7,0.5033681441112242,10,0.1839253954968388,0.3194427486143854,FALSE,FALSE,2023,The impact of boarding schools on the development of cognitive and non-cognitive abilities in adolescents,10.1186/s12889-023-16748-8,OpenAlex,metadata,1.6889389031021955
doi:10.58577/dimar.v7i1.478,doi:10.58577/dimar.v7i1.478,STM-METADATA-EN,metadata,en,6,0.34584962046918577,12,0.27944743920114373,0.06640218126804204,FALSE,TRUE,2025,Transformation of Islamic Boarding School Management,10.58577/dimar.v7i1.478,OpenAlex,metadata,1.6909199522047884
doi:10.3389/fpsyg.2022.1024017,doi:10.3389/fpsyg.2022.1024017,STM-METADATA-EN,metadata,en,7,0.49341720835298314,14,0.18068849759622657,0.31272871075675657,FALSE,FALSE,2022,"Innate ability, health, motivation, and social capital as predictors of students’ cognitive, affective and psychomotor learning outcomes in secondary schools",10.3389/fpsyg.2022.1024017,OpenAlex,metadata,1.6627793495650716
doi:10.3390/su13084106,doi:10.3390/su13084106,STM-METADATA-EN,metadata,en,9,0.37209139495327453,2,0.26297406422019287,0.10911733073308166,FALSE,FALSE,2021,The Current Challenges of Further Education in ICT with the Example of the Czech Republic,10.3390/su13084106,OpenAlex,metadata,1.8336532745660696
doi:10.1590/0102.3772e38315.en,doi:10.1590/0102.3772e38315.en,STM-METADATA-EN,metadata,en,7,0.9481415757898437,13,0.009658701308152419,0.9384828744816913,FALSE,FALSE,2022,Elos Program's Efficacy Evaluation in School Management of Child Behavior: A Non-Randomized Controlled Trial,10.1590/0102.3772e38315.en,OpenAlex,metadata,0.334353989670994
doi:10.1080/13603124.2023.2298209,doi:10.1080/13603124.2023.2298209,STM-METADATA-EN,metadata,en,2,0.5692236190367944,13,0.20087003572917184,0.3683535833076226,FALSE,FALSE,2023,School management team and inclusion: the perspective of families and teachers in the Spanish context,10.1080/13603124.2023.2298209,OpenAlex,metadata,1.4781109104554848
doi:10.21723/riaee.v15i1.12116,doi:10.21723/riaee.v15i1.12116,STM-METADATA-EN,metadata,en,1,0.3587042109746782,2,0.3566586383545693,0.002045572620108904,FALSE,TRUE,2020,Educação em tempo integral: alguns desafios para a gestão escolar,10.21723/riaee.v15i1.12116,OpenAlex,metadata,1.7204287912581988
doi:10.47191/ijsshr/v6-i6-36,doi:10.47191/ijsshr/v6-i6-36,STM-METADATA-EN,metadata,en,12,0.9041656153066852,4,0.06041473443897353,0.8437508808677117,FALSE,FALSE,2023,Implementation of Fun School Management at SMKN 3 and SMKN 2 Kuala Kapuas,10.47191/ijsshr/v6-i6-36,OpenAlex,metadata,0.45757399755161093
doi:10.29228/joh.61935,doi:10.29228/joh.61935,STM-METADATA-EN,metadata,en,1,0.22072391297927968,15,0.21335194566465396,0.007371967314625721,FALSE,TRUE,2022,THE RESTRUCTURING OF SCHOOL MANAGEMENT IN THE EFFECT OF CHANGE AND GLOBALIZATION,10.29228/joh.61935,OpenAlex,metadata,2.156584627301776
doi:10.3390/educsci10030069,doi:10.3390/educsci10030069,STM-METADATA-EN,metadata,en,13,0.8984040790677738,5,0.053778494610458014,0.8446255844573157,FALSE,FALSE,2020,"Parents’, Teachers’ and Principals’ Views on Parental Involvement in Secondary Education Schools in Greece",10.3390/educsci10030069,OpenAlex,metadata,0.5097926482482932
doi:10.1097/md.0000000000032463,doi:10.1097/md.0000000000032463,STM-METADATA-EN,metadata,en,7,0.818380316753594,14,0.11623532487079256,0.7021449918828014,FALSE,FALSE,2023,Occupational health coaching for job stress management among technical college teachers: Implications for educational administrators,10.1097/md.0000000000032463,OpenAlex,metadata,0.7488509667924638
doi:10.1123/jtpe.2019-0158,doi:10.1123/jtpe.2019-0158,STM-METADATA-EN,metadata,en,8,0.6171434133238655,4,0.10815917457998918,0.5089842387438763,FALSE,FALSE,2020,Barriers to Implementation of Physical Activity in Danish Public Schools,10.1123/jtpe.2019-0158,OpenAlex,metadata,1.4869745668626724
doi:10.1596/33775,doi:10.1596/33775,STM-METADATA-EN,metadata,en,8,0.7811084041624656,10,0.10067295785482065,0.680435446307645,FALSE,FALSE,2020,Three Principles to Support Teacher Effectiveness During COVID-19,10.1596/33775,OpenAlex,metadata,0.8834334880662478
doi:10.22437/irje.v4i2.9264,doi:10.22437/irje.v4i2.9264,STM-METADATA-EN,metadata,en,5,0.31616928788978405,13,0.246495887210668,0.06967340067911604,FALSE,TRUE,2020,"Educational Leader’s Adversity Quotient, Management Style, and Job Performance: Implications to School Leadership",10.22437/irje.v4i2.9264,OpenAlex,metadata,1.8638538045024562
doi:10.1080/13603116.2020.1806366,doi:10.1080/13603116.2020.1806366,STM-METADATA-EN,metadata,en,2,0.4781844358305624,11,0.339341795610497,0.13884264022006543,FALSE,FALSE,2020,Strengthening teacher education to support deaf learners,10.1080/13603116.2020.1806366,OpenAlex,metadata,1.3557674937312434
doi:10.14421/hjie.2023.32-07,doi:10.14421/hjie.2023.32-07,STM-METADATA-EN,metadata,en,12,0.7445763467216007,10,0.21805196430341864,0.526524382418182,FALSE,FALSE,2023,Islamic Boarding School Management: A Comprehensive Analysis of a Special Program for Fostering Students' Disciplinary Character in Madrasah Ibtidaiyah,10.14421/hjie.2023.32-07,OpenAlex,metadata,0.7642483292195225
doi:10.4018/979-8-3693-6880-0.ch018,doi:10.4018/979-8-3693-6880-0.ch018,STM-METADATA-EN,metadata,en,9,0.8861117396702272,15,0.06893265949966039,0.8171790801705667,FALSE,FALSE,2024,Talent Management Ensuring the Safety and Cybersecurity in Schools,10.4018/979-8-3693-6880-0.ch018,OpenAlex,metadata,0.5342463330315165
doi:10.24256/kelola.v5i2.1556,doi:10.24256/kelola.v5i2.1556,STM-METADATA-EN,metadata,en,4,0.5507527951476012,12,0.40960544151539774,0.1411473536322035,FALSE,FALSE,2020,PENINGKATAN MUTU PENDIDIKAN BERBASIS MANAJEMEN SEKOLAH MODEL,10.24256/kelola.v5i2.1556,OpenAlex,metadata,0.9107653663174274
doi:10.37758/jat.88i3.85,doi:10.37758/jat.88i3.85,STM-METADATA-EN,metadata,en,6,0.30526294011702026,12,0.25413779612397225,0.05112514399304802,FALSE,TRUE,2025,Strengthening School Management to Improve Education Quality through the Islamic Model Class at YPK Elementary School in Bontang,10.37758/jat.88i3.85,OpenAlex,metadata,1.747887994510102
doi:10.25073/2588-1159/vnuer.4835,doi:10.25073/2588-1159/vnuer.4835,STM-METADATA-EN,metadata,en,10,0.2908059740457287,1,0.2529408846502744,0.0378650893954543,FALSE,TRUE,2023,Primary School Management and Culture in Digital Transformation,10.25073/2588-1159/vnuer.4835,OpenAlex,metadata,1.8854794551239153
doi:10.53555/kuey.v30i10.8124,doi:10.53555/kuey.v30i10.8124,STM-METADATA-EN,metadata,en,5,0.6533081934311924,13,0.2163741848073707,0.4369340086238217,FALSE,FALSE,2024,Survey of Nigerian Secondary School Principals’ Educational Innovation and Leadership Behaviour: Implications for Effective School Management,10.53555/kuey.v30i10.8124,OpenAlex,metadata,1.185959155582748
doi:10.15388/actpaed.45.7,doi:10.15388/actpaed.45.7,STM-METADATA-EN,metadata,en,3,0.4310379369653606,15,0.29414529992752736,0.13689263703783322,FALSE,FALSE,2020,Women in Lithuanian School Management: An Ethnographic Perspective,10.15388/actpaed.45.7,OpenAlex,metadata,1.5182018995160282
doi:10.1080/02680939.2021.1972166,doi:10.1080/02680939.2021.1972166,STM-METADATA-EN,metadata,en,9,0.3003720923705432,3,0.2492744713433776,0.051097621027165585,FALSE,TRUE,2021,Data infrastructures as sites of preclusion and omission: the representation of students and schooling,10.1080/02680939.2021.1972166,OpenAlex,metadata,1.8886102539001768
doi:10.24297/jssr.v17i.8796,doi:10.24297/jssr.v17i.8796,STM-METADATA-EN,metadata,en,13,0.5539875868969745,8,0.2141268340900889,0.33986075280688555,FALSE,FALSE,2021,School Management Strategies to Improve Parental Involvement: Insights from School Principals in Southern Tshwane Primary Schools,10.24297/jssr.v17i.8796,OpenAlex,metadata,1.455759542389796
doi:10.33751/jhss.v4i1.2044,doi:10.33751/jhss.v4i1.2044,STM-METADATA-EN,metadata,en,12,0.5000834393358969,4,0.3619329322360789,0.13815050709981802,FALSE,FALSE,2020,IMPLEMENTATION OF SCHOOL BASED MANAGEMENT IN TAMBILUNG ELEMENTARY SCHOOL,10.33751/jhss.v4i1.2044,OpenAlex,metadata,1.16529941423757
doi:10.5220/0012744200003693,doi:10.5220/0012744200003693,STM-METADATA-EN,metadata,en,15,0.40179440980956865,9,0.33867446603604673,0.06311994377352192,FALSE,TRUE,2024,Views of Administrators on the Use of Social Media Networks and Tools in School Management Processes,10.5220/0012744200003693,OpenAlex,metadata,1.5568887151732265
record:7ff6fa5f0b0a414f006ec92a,record:7ff6fa5f0b0a414f006ec92a,STM-METADATA-EN,metadata,en,10,0.24472666636411639,13,0.17502507560109495,0.06970159076302143,FALSE,TRUE,2020,How Do Public and Private Schools Differ in School Management and Quality Education? A Phenomenological Study of Teachers' Experiences,NA,OpenAlex,metadata,2.203533238201854
doi:10.46827/ejes.v8i5.3742,doi:10.46827/ejes.v8i5.3742,STM-METADATA-EN,metadata,en,13,0.8771008344000527,9,0.09996587525134325,0.7771349591487094,FALSE,FALSE,2021,"EXTENDING E-ADMINISTRATION CAPABILITIES FOR SAFE SCHOOL MANAGEMENT USING ICT PERIPHERAL DEVICES IN SECONDARY SCHOOLS IN EBONYI STATE, NIGERIA",10.46827/ejes.v8i5.3742,OpenAlex,metadata,0.48419613473729917
doi:10.51594/ijmer.v2i3.148,doi:10.51594/ijmer.v2i3.148,STM-METADATA-EN,metadata,en,11,0.9025661373386703,1,0.0670760470776987,0.8354900902609717,FALSE,FALSE,2020,EXAMINATION OF THE CURRENT STATE OF GOVERNMENT BUILDINGS IN SENIOR HIGH SCHOOLS IN WA MUNICIPAL,10.51594/ijmer.v2i3.148,OpenAlex,metadata,0.44465912774367833
doi:10.58622/vjes.v3i4.105,doi:10.58622/vjes.v3i4.105,STM-METADATA-EN,metadata,en,13,0.6316192068100155,7,0.12763413684424488,0.5039850699657706,FALSE,FALSE,2023,"Effectiveness of Parent Teacher School Management Committee on Quality of Education in Public Secondary School of Tehsil Hub, District Lasbela",10.58622/vjes.v3i4.105,OpenAlex,metadata,1.3495462716933921
doi:10.1080/03054985.2020.1842184,doi:10.1080/03054985.2020.1842184,STM-METADATA-EN,metadata,en,10,0.3236247782273155,2,0.25581293435767033,0.06781184386964517,FALSE,TRUE,2021,Research capacity-building in teacher education,10.1080/03054985.2020.1842184,OpenAlex,metadata,1.8369178454401571
doi:10.11591/ijere.v11i1.21709,doi:10.11591/ijere.v11i1.21709,STM-METADATA-EN,metadata,en,4,0.8893271495686237,13,0.057778493018134126,0.8315486565504896,FALSE,FALSE,2022,"Development of teaching factory competency-based for vocational secondary education in Central Java, Indonesia",10.11591/ijere.v11i1.21709,OpenAlex,metadata,0.5383043888294246
doi:10.3390/electronics11213437,doi:10.3390/electronics11213437,STM-METADATA-EN,metadata,en,9,0.9190812507397498,8,0.05745267505454242,0.8616285756852073,FALSE,FALSE,2022,Intelligent Campus System Design Based on Digital Twin,10.3390/electronics11213437,OpenAlex,metadata,0.3850139892046395
doi:10.36941/ajis-2021-0004,doi:10.36941/ajis-2021-0004,STM-METADATA-EN,metadata,en,4,0.38417452378148237,12,0.26164809427742386,0.12252642950405851,FALSE,FALSE,2021,Study of the Influence of Education and Literation of Entrepreneurship in Vocational High Schools: Indonesian Case,10.36941/ajis-2021-0004,OpenAlex,metadata,1.730666675130246
doi:10.34190/ejel.20.18.4.003,doi:10.34190/ejel.20.18.4.003,STM-METADATA-EN,metadata,en,11,0.4136077509414491,13,0.2526331426662822,0.1609746082751669,FALSE,FALSE,2020,Implementation of an e‐Learning Project in Tshwane South District: Towards a Paperless Classroom in South African Secondary Schools,10.34190/ejel.20.18.4.003,OpenAlex,metadata,1.6918633459711496
doi:10.52627/managere.v5i2.334,doi:10.52627/managere.v5i2.334,STM-METADATA-EN,metadata,en,12,0.8799875143562403,10,0.08550009590932865,0.7944874184469117,FALSE,FALSE,2023,ENHANCING MORAL INTEGRITY: ISLAMIC EDUCATION'S ROLE IN FOSTERING SUPERIOR CHARACTER WITHIN ISLAMIC BOARDING SCHOOL MANAGEMENT,10.52627/managere.v5i2.334,OpenAlex,metadata,0.519612612672287
doi:10.25217/ji.v7i1.1636,doi:10.25217/ji.v7i1.1636,STM-METADATA-EN,metadata,en,12,0.5706068704897937,4,0.1859547981627107,0.38465207232708304,FALSE,FALSE,2022,Dimensional Analysis of School Based Pesantren Design Development,10.25217/ji.v7i1.1636,OpenAlex,metadata,1.3499610836210867
doi:10.51594/ijmer.v2i3.147,doi:10.51594/ijmer.v2i3.147,STM-METADATA-EN,metadata,en,11,0.9841045639239777,13,0.004235242815516863,0.9798693211084608,FALSE,FALSE,2020,CONSTRAINTS FACTORS TO MAINTENANCE OF GOVERNMENT SENIOR HIGH SCHOOL BUILDINGS IN WA MUNICIPAL,10.51594/ijmer.v2i3.147,OpenAlex,metadata,0.11720119921822324
doi:10.1186/s40561-020-00139-2,doi:10.1186/s40561-020-00139-2,STM-METADATA-EN,metadata,en,13,0.20840019996389117,3,0.18275524399619839,0.025644955967692784,FALSE,TRUE,2020,School learning climate in the lens of parental involvement and school leadership: lessons for inclusiveness among public schools,10.1186/s40561-020-00139-2,OpenAlex,metadata,2.2373185153467943
doi:10.1109/telfor56187.2022.9983672,doi:10.1109/telfor56187.2022.9983672,STM-METADATA-EN,metadata,en,9,0.7852826304660661,8,0.1529765620140759,0.6323060684519901,FALSE,FALSE,2022,Development of a Blockchain-Based Application for Digital Certificates in Education,10.1109/telfor56187.2022.9983672,OpenAlex,metadata,0.7960472043870481
doi:10.5281/zenodo.8368735,doi:10.5281/zenodo.8368735,STM-METADATA-EN,metadata,en,8,0.7083116896000907,13,0.1953451835989778,0.5129665060011129,FALSE,FALSE,2023,Lived Experiences of Teachers in the Hinterland School: Management Plan,10.5281/zenodo.8368735,OpenAlex,metadata,0.9883390826328227
doi:10.62225/2583049x.2024.4.6.3506,doi:10.62225/2583049x.2024.4.6.3506,STM-METADATA-EN,metadata,en,4,0.575990778804583,14,0.264335900383105,0.31165487842147804,FALSE,FALSE,2024,"Improving the Quality of School Services Through School Management Effectiveness, Work Motivation, Professional Commitment, and Completeness of Learning Facilities: Empirical Study Using Path Analysis Techniques and SITOREM Analysis on Private High School Teachers in Wamena City, Papua",10.62225/2583049x.2024.4.6.3506,OpenAlex,metadata,1.2089124197252352
doi:10.5539/ies.v14n1p65,doi:10.5539/ies.v14n1p65,STM-METADATA-EN,metadata,en,5,0.30803257657799454,10,0.23159063863804544,0.0764419379399491,FALSE,TRUE,2020,The Competences of Teaching Staff and Principals in the Context of Educational Innovation and School Development,10.5539/ies.v14n1p65,OpenAlex,metadata,1.9914236765180329
doi:10.1007/978-3-030-93951-9_3,doi:10.1007/978-3-030-93951-9_3,STM-METADATA-EN,metadata,en,2,0.44813845495257754,1,0.14280097182084633,0.3053374831317312,FALSE,FALSE,2022,Education 2.0: A Vision for Educational Transformation in Egypt,10.1007/978-3-030-93951-9_3,OpenAlex,metadata,1.8465903308057527
doi:10.24297/jssr.v15i.8604,doi:10.24297/jssr.v15i.8604,STM-METADATA-EN,metadata,en,14,0.5881428395073608,11,0.27036587704105974,0.31777696246630105,FALSE,FALSE,2020,THE SUPPORTIVE ROLE OF SCHOOL MANAGEMENT ON THE WORK SATISFACTION OF MALE TEACHERS IN A SOUTH AFRICAN SCHOOL DISTRICT,10.24297/jssr.v15i.8604,OpenAlex,metadata,1.2287537018814443
doi:10.31149/ijie.v4i2.1225,doi:10.31149/ijie.v4i2.1225,STM-METADATA-EN,metadata,en,8,0.40564390408660395,13,0.34412961533714836,0.06151428874945558,FALSE,TRUE,2021,School management crisis plan: a preemtive mission in schools,10.31149/ijie.v4i2.1225,OpenAlex,metadata,1.4477620976731689
doi:10.56314/ijoleh.v1i2.77,doi:10.56314/ijoleh.v1i2.77,STM-METADATA-EN,metadata,en,12,0.6826877762521474,8,0.12978246636261792,0.5529053098895295,FALSE,FALSE,2022,Cultural Management Of Character Strengthening In The Post-Pandemic Elementary School Environment,10.56314/ijoleh.v1i2.77,OpenAlex,metadata,1.151973437607947
doi:10.29240/jsmp.v9i1.13063,doi:10.29240/jsmp.v9i1.13063,STM-METADATA-EN,metadata,en,12,0.7011297463484695,10,0.1385282093476975,0.562601537000772,FALSE,FALSE,2025,"Implementation of Health Promoting School Management at SD Negeri 01 Pesantren, Pemalang Central Java : Toward a Whole-School Approach",10.29240/jsmp.v9i1.13063,OpenAlex,metadata,1.091025861537006
doi:10.1108/ijem-10-2019-0378,doi:10.1108/ijem-10-2019-0378,STM-METADATA-EN,metadata,en,11,0.40197981613775163,5,0.12520556211225228,0.2767742540254994,FALSE,FALSE,2020,Leadership and motivation for improved academic performance in schools in low socio-economic contexts,10.1108/ijem-10-2019-0378,OpenAlex,metadata,1.9582589098999115
doi:10.3846/jbem.2020.13675,doi:10.3846/jbem.2020.13675,STM-METADATA-EN,metadata,en,14,0.2443955309970448,7,0.218209709563118,0.02618582143392681,FALSE,TRUE,2020,MULTI-CRITERIA RANKING OF ORGANIZATIONAL FACTORS AFFECTING THE LEARNING QUALITY OUTCOMES IN ELEMENTARY EDUCATION IN SERBIA,10.3846/jbem.2020.13675,OpenAlex,metadata,1.958507691374823
doi:10.37899/journallaedusci.v6i3.2335,doi:10.37899/journallaedusci.v6i3.2335,STM-METADATA-EN,metadata,en,15,0.4236465304952808,2,0.19874058282668186,0.22490594766859892,FALSE,FALSE,2025,Anak Rimba School Management Strategy for the Preservation of Local Wisdom in Sarolangun Regency: A Literature Review of the Development of Environment-Based Teaching Materials,10.37899/journallaedusci.v6i3.2335,OpenAlex,metadata,1.786612894496267
doi:10.1080/02619768.2023.2265547,doi:10.1080/02619768.2023.2265547,STM-METADATA-EN,metadata,en,2,0.8909598567577919,15,0.08574998923240058,0.8052098675253913,FALSE,FALSE,2023,Who is attending training to comply with the expectations of the school management? A study among Romanian in-service teachers,10.1080/02619768.2023.2265547,OpenAlex,metadata,0.45594246046759684
doi:10.4108/eai.29-6-2019.2290281,doi:10.4108/eai.29-6-2019.2290281,STM-METADATA-EN,metadata,en,14,0.33800338627676974,13,0.3341515833171885,0.0038518029595812076,FALSE,TRUE,2020,School Management of Social Capital Based To Improve Teacher’s Performance,10.4108/eai.29-6-2019.2290281,OpenAlex,metadata,1.7012026571218106
doi:10.3390/sym12091502,doi:10.3390/sym12091502,STM-METADATA-EN,metadata,en,8,0.5299709063737538,9,0.2538415183695831,0.2761293880041707,FALSE,FALSE,2020,Tele-Education under the COVID-19 Crisis: Asymmetries in Romanian Education,10.3390/sym12091502,OpenAlex,metadata,1.486525937376367
doi:10.3389/feduc.2023.1171513,doi:10.3389/feduc.2023.1171513,STM-METADATA-EN,metadata,en,14,0.5487507203287775,5,0.2312680970366167,0.3174826232921608,FALSE,FALSE,2023,Transformational educational leaders inspire school educators’ commitment,10.3389/feduc.2023.1171513,OpenAlex,metadata,1.3137613111605617
doi:10.3390/ijerph19148868,doi:10.3390/ijerph19148868,STM-METADATA-EN,metadata,en,7,0.6758586953550452,8,0.2718086194498684,0.4040500759051768,FALSE,FALSE,2022,"Is the Prevalence of Low Physical Activity among Teachers Associated with Depression, Anxiety, and Stress?",10.3390/ijerph19148868,OpenAlex,metadata,0.89660944988363
doi:10.13189/ujer.2020.080858,doi:10.13189/ujer.2020.080858,STM-METADATA-EN,metadata,en,6,0.5076439029526904,11,0.3858482745313614,0.12179562842132896,FALSE,FALSE,2020,Availability of Educational Resources and Student Academic Performances in South Africa,10.13189/ujer.2020.080858,OpenAlex,metadata,1.1748557483312674
doi:10.22521/edupij.2024.131.1,doi:10.22521/edupij.2024.131.1,STM-METADATA-EN,metadata,en,9,0.6979068031202543,3,0.09689710801882656,0.6010096951014278,FALSE,FALSE,2024,School Leadership and Management in the Age of Artificial Intelligence (AI): Recent Developments and Future Prospects,10.22521/edupij.2024.131.1,OpenAlex,metadata,1.2080079402269124
doi:10.4103/jehp.jehp_389_19,doi:10.4103/jehp.jehp_389_19,STM-METADATA-EN,metadata,en,7,0.9403547344902414,13,0.016164240445008256,0.9241904940452331,FALSE,FALSE,2020,Assessment of school resilience in disasters: A cross-sectional study,10.4103/jehp.jehp_389_19,OpenAlex,metadata,0.3716238533935855
doi:10.46303/ressat.2024.28,doi:10.46303/ressat.2024.28,STM-METADATA-EN,metadata,en,11,0.7684490705299034,13,0.06790346231478737,0.700545608215116,FALSE,FALSE,2024,Investigation into the Challenges Experienced by School Management Teams (SMTs) Post-Pandemic in Rural High Schools in the Mopani-West Education District,10.46303/ressat.2024.28,OpenAlex,metadata,1.0007927712809503
doi:10.51594/ijmer.v2i4.157,doi:10.51594/ijmer.v2i4.157,STM-METADATA-EN,metadata,en,11,0.9876699929907792,13,0.003903496434082452,0.9837664965566967,FALSE,FALSE,2020,WASTE DISPOSAL MANAGEMENT PRACTICES IN SELECTED SENIOR HIGH SCHOOLS WITHIN THE WA MUNICIPALITY OF GHANA,10.51594/ijmer.v2i4.157,OpenAlex,metadata,0.0934539341683216
doi:10.30762/realita.v16i1.674,doi:10.30762/realita.v16i1.674,STM-METADATA-EN,metadata,en,1,0.532334946805122,12,0.27620764098493145,0.2561273058201905,FALSE,FALSE,2022,Urgensi Manajemen Peningkatan Mutu Berbasis Sekolah Di Lembaga Pendidikan Islam,10.30762/realita.v16i1.674,OpenAlex,metadata,1.3299174527286357
doi:10.1080/13611267.2022.2070995,doi:10.1080/13611267.2022.2070995,STM-METADATA-EN,metadata,en,15,0.4816576520350576,10,0.28056657175852295,0.20109108027653466,FALSE,FALSE,2022,A comparative study of barriers to mentoring student and new teachers,10.1080/13611267.2022.2070995,OpenAlex,metadata,1.4958749281460513
doi:10.1186/s12909-022-03262-5,doi:10.1186/s12909-022-03262-5,STM-METADATA-EN,metadata,en,3,0.4615591864972053,2,0.2610467048160923,0.20051248168111296,FALSE,FALSE,2022,“I have to do twice as well” – managing everyday racism in a Swedish medical school,10.1186/s12909-022-03262-5,OpenAlex,metadata,1.6082465470502643
doi:10.3390/su142013322,doi:10.3390/su142013322,STM-METADATA-EN,metadata,en,14,0.9782220540218544,5,0.004123626871241752,0.9740984271506126,FALSE,FALSE,2022,The Effects of Organizational Justice on Employee Performance Using Dimension of Organizational Citizenship Behavior as Mediation,10.3390/su142013322,OpenAlex,metadata,0.15580554850695436
doi:10.1177/21582440221095003,doi:10.1177/21582440221095003,STM-METADATA-EN,metadata,en,14,0.972667657475536,5,0.010359698567008198,0.9623079589085277,FALSE,FALSE,2022,Perceived Principal’s Authentic Leadership Impact on the Organizational Citizenship Behavior and Well-Being of Teachers,10.1177/21582440221095003,OpenAlex,metadata,0.18373488971349147
doi:10.1016/j.heliyon.2024.e34892,doi:10.1016/j.heliyon.2024.e34892,STM-METADATA-EN,metadata,en,6,0.22183044043836675,14,0.19798360833211467,0.023846832106252075,FALSE,TRUE,2024,The contribution of quality management practices to student performance: Mediated by school culture,10.1016/j.heliyon.2024.e34892,OpenAlex,metadata,2.144407440466448
doi:10.18860/rosikhun.v3i2.19070,doi:10.18860/rosikhun.v3i2.19070,STM-METADATA-EN,metadata,en,4,0.6716048464595579,12,0.22028512856759913,0.45131971789195874,FALSE,FALSE,2024,Optimizing the Quality of Islamic Education through School Management and Learning Process,10.18860/rosikhun.v3i2.19070,OpenAlex,metadata,1.0347628132410056
doi:10.1007/s10758-022-09638-2,doi:10.1007/s10758-022-09638-2,STM-METADATA-EN,metadata,en,1,0.4049744746017343,4,0.3298328706414385,0.07514160396029579,FALSE,TRUE,2023,"Correction: Same, but Different? Digital Transformation in Swiss Vocational Schools from the Perspectives of School Management and Teachers",10.1007/s10758-022-09638-2,OpenAlex,metadata,1.6919410606105174
doi:10.3126/ed.v30i1.49524,doi:10.3126/ed.v30i1.49524,STM-METADATA-EN,metadata,en,10,0.20457853129776218,13,0.15512797630993772,0.04945055498782447,FALSE,TRUE,2020,Role of Head Teacher in School Management: A Case of High School in China,10.3126/ed.v30i1.49524,OpenAlex,metadata,2.2992032779365426
doi:10.12928/spekta.v6i1.11872,doi:10.12928/spekta.v6i1.11872,STM-METADATA-EN,metadata,en,10,0.2247926104540592,16,0.21651604970349872,0.008276560750560491,FALSE,TRUE,2025,Training on School Management Health Diagnostics Using the SIDIKMAS-BRO Application,10.12928/spekta.v6i1.11872,OpenAlex,metadata,2.050134207360198
doi:10.1080/02619768.2020.1795122,doi:10.1080/02619768.2020.1795122,STM-METADATA-EN,metadata,en,2,0.6699288945143753,5,0.15769086193443566,0.5122380325799396,FALSE,FALSE,2020,Experienced teachers’ identity based on their I-positions: an analysis in the catalan context,10.1080/02619768.2020.1795122,OpenAlex,metadata,1.2567339076802007
doi:10.4108/eai.27-8-2020.2303223,doi:10.4108/eai.27-8-2020.2303223,STM-METADATA-EN,metadata,en,12,0.9508992308302072,4,0.01870317197277651,0.9321960588574307,FALSE,FALSE,2020,The Implementation of Tahfidz Islamic Boarding School Management Based on Ziswaf Fundings,10.4108/eai.27-8-2020.2303223,OpenAlex,metadata,0.3013312413979441
doi:10.1371/journal.pone.0308239,doi:10.1371/journal.pone.0308239,STM-METADATA-EN,metadata,en,7,0.8871271152909822,11,0.036786587280355894,0.8503405280106263,FALSE,FALSE,2024,"Sources of stress, coping strategies and associated factors among Vietnamese first-year medical students",10.1371/journal.pone.0308239,OpenAlex,metadata,0.5882695620535456
doi:10.12973/eu-jer.10.2.567,doi:10.12973/eu-jer.10.2.567,STM-METADATA-EN,metadata,en,12,0.8802726428792421,4,0.047783284191749396,0.8324893586874927,FALSE,FALSE,2021,Model of Holistic Education-Based Boarding School: A Case Study at Senior High School,10.12973/eu-jer.10.2.567,OpenAlex,metadata,0.5629329942044821
doi:10.1016/j.evalprogplan.2022.102119,doi:10.1016/j.evalprogplan.2022.102119,STM-METADATA-EN,metadata,en,7,0.7041515010089143,14,0.19208394168096615,0.5120675593279482,FALSE,FALSE,2022,Improvements in climate and satisfaction after implementing a quality management system in education,10.1016/j.evalprogplan.2022.102119,OpenAlex,metadata,1.0104148974665323
doi:10.22553/keas.2020.38.1.79,doi:10.22553/keas.2020.38.1.79,STM-METADATA-EN,metadata,en,1,0.8230811308137347,4,0.019463911827804884,0.8036172189859297,FALSE,FALSE,2020,Does Democratic School Management Bring Innovations into Hyukshin School in Seoul?,10.22553/keas.2020.38.1.79,OpenAlex,metadata,0.9267725158080545
doi:10.61987/jemr.v4i5.1191,doi:10.61987/jemr.v4i5.1191,STM-METADATA-EN,metadata,en,10,0.39560860796968966,12,0.2096123536179977,0.18599625435169195,FALSE,FALSE,2025,School Management Strategies for Improving Teacher Performance Through Clinical Supervision,10.61987/jemr.v4i5.1191,OpenAlex,metadata,1.7908965867342679
doi:10.60027/jelr.2025.1759,doi:10.60027/jelr.2025.1759,STM-METADATA-EN,metadata,en,6,0.4267342887743301,10,0.2641375494750179,0.16259673929931223,FALSE,FALSE,2025,"Building Collaboration Between Educational Institutions and Communities Impacting School Management: A Case Study of Guangzhou Vocational College of Technology, Guangzhou Open University, China",10.60027/jelr.2025.1759,OpenAlex,metadata,1.5749946690165653
doi:10.37329/cetta.v6i1.2142,doi:10.37329/cetta.v6i1.2142,STM-METADATA-EN,metadata,en,6,0.3586070054923191,5,0.1834532567923669,0.1751537486999522,FALSE,FALSE,2023,Peran Kepemimpinan Kepala Sekolah Terhadap Mutu Pendidikan,10.37329/cetta.v6i1.2142,OpenAlex,metadata,1.7610447799955353
doi:10.54396/alfahim.v5i2.746,doi:10.54396/alfahim.v5i2.746,STM-METADATA-EN,metadata,en,9,0.2671546950802196,4,0.20536296931102194,0.06179172576919767,FALSE,TRUE,2023,Manajemen Sekolah di Era Society 5.0 dalam Meningkatkan Kualitas dan Produktivitas Sumber Daya Manusia,10.54396/alfahim.v5i2.746,OpenAlex,metadata,1.8698254898945617
doi:10.29103/ijevs.v2i8.2759,doi:10.29103/ijevs.v2i8.2759,STM-METADATA-EN,metadata,en,12,0.8220613024611398,4,0.09639887414699944,0.7256624283141404,FALSE,FALSE,2020,Indonesian School Management Overseas (Case Study in Indonesia Kuala Lumpur School),10.29103/ijevs.v2i8.2759,OpenAlex,metadata,0.7714688591342144
doi:10.1007/978-981-15-7497-9_4,doi:10.1007/978-981-15-7497-9_4,STM-METADATA-EN,metadata,en,9,0.39577739952606733,2,0.358724000131399,0.03705339939466834,FALSE,TRUE,2020,Creating a Space for Innovative Learning: The Importance of Engaging the Users in the Design Process,10.1007/978-981-15-7497-9_4,OpenAlex,metadata,1.5353419101645684
doi:10.22515/jemin.v4i1.9102,doi:10.22515/jemin.v4i1.9102,STM-METADATA-EN,metadata,en,14,0.5917433060787095,1,0.161886944174898,0.4298563619038115,FALSE,FALSE,2024,School management and organizational culture towards teachers` performance: The perspective of educational transformation,10.22515/jemin.v4i1.9102,OpenAlex,metadata,1.4300775183923384
doi:10.29322/ijsrp.12.01.2022.p12164,doi:10.29322/ijsrp.12.01.2022.p12164,STM-METADATA-EN,metadata,en,9,0.7772199503329289,4,0.14352914308293582,0.633690807249993,FALSE,FALSE,2022,A Proposed Evaluation Framework for School Management Information Systems (SMIS) in secondary schools,10.29322/ijsrp.12.01.2022.p12164,OpenAlex,metadata,0.8706595813309984
doi:10.22158/fet.v7n2p1,doi:10.22158/fet.v7n2p1,STM-METADATA-EN,metadata,en,13,0.862479288002092,7,0.09284558221368716,0.7696337057884048,FALSE,FALSE,2024,"Managing Staff Diversity for Effective Secondary School Management in Delta State, Nigeria",10.22158/fet.v7n2p1,OpenAlex,metadata,0.5849300799795182
doi:10.3390/su14138211,doi:10.3390/su14138211,STM-METADATA-EN,metadata,en,16,0.6910434843221996,7,0.12706589141812313,0.5639775929040765,FALSE,FALSE,2022,Relationship between Teachers’ Awareness of Disaster Prevention and Concerns about Disaster Preparedness,10.3390/su14138211,OpenAlex,metadata,1.0666473901348883
doi:10.2991/assehr.k.210716.269,doi:10.2991/assehr.k.210716.269,STM-METADATA-EN,metadata,en,14,0.8052244222053607,13,0.12275352220745908,0.6824708999979017,FALSE,FALSE,2021,The Effect of School Leadership and Management on Teacher Performance in Cluster IV of East Baturaja,10.2991/assehr.k.210716.269,OpenAlex,metadata,0.7615891186561335
doi:10.1111/josh.13094,doi:10.1111/josh.13094,STM-METADATA-EN,metadata,en,7,0.6191044852391973,1,0.1752544212579257,0.4438500639812716,FALSE,FALSE,2021,Diffusing Innovation and Motivating Change: Adopting a <scp>Student‐Led</scp> and <scp>Whole‐School</scp> Approach to Mental Health Promotion,10.1111/josh.13094,OpenAlex,metadata,1.2886133721248723
doi:10.35931/aq.v19i1.4306,doi:10.35931/aq.v19i1.4306,STM-METADATA-EN,metadata,en,4,0.8402791229676903,11,0.05714038583872721,0.7831387371289631,FALSE,FALSE,2025,Entrepreneurship-Based School Management Model to Increase Entrepreneurial Interest of Vocational Education Students at SMK Negeri 5 Padang,10.35931/aq.v19i1.4306,OpenAlex,metadata,0.7579159990003169
doi:10.30828/real.1485901,doi:10.30828/real.1485901,STM-METADATA-EN,metadata,en,5,0.5153465303955679,9,0.38447048796294725,0.13087604243262063,FALSE,FALSE,2024,School Management Activities in a Digital Age: An International Comparison Based on ICILS 2018,10.30828/real.1485901,OpenAlex,metadata,1.177113002938787
doi:10.2991/assehr.k.200303.026,doi:10.2991/assehr.k.200303.026,STM-METADATA-EN,metadata,en,4,0.4805114562959387,15,0.25721504265476286,0.22329641364117586,FALSE,FALSE,2020,Study of Higher School Management for International Level Acceleration in Muhammadiyah University of Malang,10.2991/assehr.k.200303.026,OpenAlex,metadata,1.4777300292645141
doi:10.5296/jpag.v12i2.20146,doi:10.5296/jpag.v12i2.20146,STM-METADATA-EN,metadata,en,11,0.9425297921426072,5,0.013710339072992185,0.928819453069615,FALSE,FALSE,2022,Transparency and Accountability of Managing School Financial Resources,10.5296/jpag.v12i2.20146,OpenAlex,metadata,0.3487488024531875
doi:10.51986/ijer-2021.vol3.02.01,doi:10.51986/ijer-2021.vol3.02.01,STM-METADATA-EN,metadata,en,11,0.6355624542752176,3,0.1975311952915647,0.4380312589836529,FALSE,FALSE,2021,"The causes of ethical turpitude in schools: Evidence from four schools in Gauteng, South Africa",10.51986/ijer-2021.vol3.02.01,OpenAlex,metadata,1.1990140432976149
doi:10.1080/2005615x.2021.1890309,doi:10.1080/2005615x.2021.1890309,STM-METADATA-EN,metadata,en,7,0.3022809490279209,2,0.20890335391077428,0.09337759511714663,FALSE,TRUE,2021,<i>Introductory classes</i>for newcomer primary school students in Sweden: Pedagogical principles and emotional understanding,10.1080/2005615x.2021.1890309,OpenAlex,metadata,1.7720730287074626
doi:10.47766/idarah.v6i1.177,doi:10.47766/idarah.v6i1.177,STM-METADATA-EN,metadata,en,4,0.741381647685744,9,0.20226908707049157,0.5391125606152525,FALSE,FALSE,2022,Implementation of Management Information Systems to Enhance Educational Quality,10.47766/idarah.v6i1.177,OpenAlex,metadata,0.8184191380382746
doi:10.30828/real/2020.2.4,doi:10.30828/real/2020.2.4,STM-METADATA-EN,metadata,en,5,0.5895850942860335,15,0.11684628117072436,0.4727388131153091,FALSE,FALSE,2020,Principal Turnover: When is it a Problem and for Whom? Mapping Out Variations Within the Swedish Case,10.30828/real/2020.2.4,OpenAlex,metadata,1.5876110247838906
doi:10.35445/alishlah.v17i2.6688,doi:10.35445/alishlah.v17i2.6688,STM-METADATA-EN,metadata,en,4,0.4226153790209687,10,0.2417980819487542,0.18081729707221447,FALSE,FALSE,2025,Enhancing Elementary School Management: An Evaluation of Facilities and Infrastructure Management with CIPP Model,10.35445/alishlah.v17i2.6688,OpenAlex,metadata,1.6639653189188426
doi:10.30534/ijeter/2020/124872020,doi:10.30534/ijeter/2020/124872020,STM-METADATA-EN,metadata,en,9,0.8894611417800848,4,0.05119275935304889,0.8382683824270359,FALSE,FALSE,2020,Designing and Evaluating Representational State Transfer Architecture for School Management Information System,10.30534/ijeter/2020/124872020,OpenAlex,metadata,0.5729161806416703
doi:10.22633/rpge.v24iesp2.14331,doi:10.22633/rpge.v24iesp2.14331,STM-METADATA-EN,metadata,en,1,0.7546691114284858,12,0.11317531486149332,0.6414937965669925,FALSE,FALSE,2020,Desafios da gestão nas escolas das águas,10.22633/rpge.v24iesp2.14331,OpenAlex,metadata,0.9955339436586169
doi:10.55248/gengpi.4.823.50276,doi:10.55248/gengpi.4.823.50276,STM-METADATA-EN,metadata,en,14,0.4614383393784168,7,0.25874603460409207,0.2026923047743247,FALSE,FALSE,2023,Job Stress of Secondary School Teachers Teaching in Different Types of School Management,10.55248/gengpi.4.823.50276,OpenAlex,metadata,1.287161044711628
doi:10.51594/ijarss.v2i3.156,doi:10.51594/ijarss.v2i3.156,STM-METADATA-EN,metadata,en,11,0.9593993848528983,4,0.012679977248268363,0.9467194076046299,FALSE,FALSE,2020,IMPLICATIONS OF POOR WASTE DISPOSAL MANAGEMENT PRACTICES ON SENIOR HIGH SCHOOLS WITHIN THE WA MUNICIPALITY OF GHANA,10.51594/ijarss.v2i3.156,OpenAlex,metadata,0.25383497750814854
doi:10.1920/re.ifs.2024.0945,doi:10.1920/re.ifs.2024.0945,STM-METADATA-EN,metadata,en,7,0.349645385997993,10,0.17393500346958177,0.17571038252841123,FALSE,FALSE,2024,Empowering parents to improve education: evidence from rural Mexico,10.1920/re.ifs.2024.0945,OpenAlex,metadata,2.032781247964395
doi:10.47119/ijrp1001681320257643,doi:10.47119/ijrp1001681320257643,STM-METADATA-EN,metadata,en,4,0.5772195013305593,10,0.18240856914852657,0.3948109321820328,FALSE,FALSE,2025,School Management Practices in Addressing Issues and Challenges of Teachers-In-Charge: A Management Primer,10.47119/ijrp1001681320257643,OpenAlex,metadata,1.5358348953854382
doi:10.31703/gssr.2020(v-i).37,doi:10.31703/gssr.2020(v-i).37,STM-METADATA-EN,metadata,en,13,0.5769806919031898,1,0.22391702794116855,0.35306366396202127,FALSE,FALSE,2020,Need Analysis of School Management Information System for Public Schools in Punjab (Pakistan),10.31703/gssr.2020(v-i).37,OpenAlex,metadata,1.3832392141862018
doi:10.1111/bjet.13098,doi:10.1111/bjet.13098,STM-METADATA-EN,metadata,en,8,0.7029197090519955,10,0.11389241509092628,0.5890272939610692,FALSE,FALSE,2021,Adapting educational practices in emergency remote education: Continuity and change from a student perspective,10.1111/bjet.13098,OpenAlex,metadata,1.1648234981401338
doi:10.31538/ndh.v8i1.3067,doi:10.31538/ndh.v8i1.3067,STM-METADATA-EN,metadata,en,4,0.9291205614767659,5,0.027624989074393733,0.9014955724023722,FALSE,FALSE,2023,Implementation of Total Quality Management in the Ministry of Religion-Based Education,10.31538/ndh.v8i1.3067,OpenAlex,metadata,0.40143002185740256
doi:10.1155/2020/6613896,doi:10.1155/2020/6613896,STM-METADATA-EN,metadata,en,9,0.9617410364271053,4,0.007570648178595305,0.95417038824851,FALSE,FALSE,2020,Dynamic Knowledge Inference Based on Bayesian Network Learning,10.1155/2020/6613896,OpenAlex,metadata,0.25796881366981494
doi:10.2991/assehr.k.210226.001,doi:10.2991/assehr.k.210226.001,STM-METADATA-EN,metadata,en,9,0.5420819078811195,8,0.4031570807463791,0.13892482713474041,FALSE,FALSE,2021,CALL in Asia During Covid-19 and Models of E-Learning,10.2991/assehr.k.210226.001,OpenAlex,metadata,0.9907063317405739
doi:10.3390/su12177146,doi:10.3390/su12177146,STM-METADATA-EN,metadata,en,10,0.7226085138126217,1,0.163168207678157,0.5594403061344647,FALSE,FALSE,2020,Teacher Induction in Schools as Learning Communities: Successful Pathways to Teachers’ Professional Development in a Diverse School Serving Students Living in Poverty,10.3390/su12177146,OpenAlex,metadata,1.0535046706989564
doi:10.52223/jess.2024.5236,doi:10.52223/jess.2024.5236,STM-METADATA-EN,metadata,en,10,0.46752579501672414,11,0.18530014303770986,0.2822256519790143,FALSE,FALSE,2024,Eco-Friendly Practices in School Management: A Case Study of Sustainability in Pakistani Elementary Schools,10.52223/jess.2024.5236,OpenAlex,metadata,1.6567633953577643
doi:10.58578/masaliq.v1i3.43,doi:10.58578/masaliq.v1i3.43,STM-METADATA-EN,metadata,en,4,0.6581511881100036,8,0.1259819446951246,0.532169243414879,FALSE,FALSE,2021,Peran Pendidik dalam Meningkatkan Manajemen Sekolah pada Masa Pandemi,10.58578/masaliq.v1i3.43,OpenAlex,metadata,1.253777132401455
record:a5735671691218acc38b7d69,record:a5735671691218acc38b7d69,STM-METADATA-EN,metadata,en,2,0.2958988863759724,3,0.1719148259694814,0.12398406040649099,FALSE,FALSE,2020,Leadership for inclusive education: a case study of a school management team in an urban primary school.,NA,OpenAlex,metadata,2.1493925375035143
doi:10.1080/02680939.2023.2189753,doi:10.1080/02680939.2023.2189753,STM-METADATA-EN,metadata,en,14,0.3528585583527169,7,0.26736624658604136,0.08549231176667554,FALSE,TRUE,2023,Inequitable teacher turnover and performance-based appraisal: a global trend?,10.1080/02680939.2023.2189753,OpenAlex,metadata,1.811641402677887
doi:10.22633/rpge.v24i2.13609,doi:10.22633/rpge.v24i2.13609,STM-METADATA-EN,metadata,en,1,0.9240250923301796,5,0.040951838909651164,0.8830732534205284,FALSE,FALSE,2020,A eleição direta de diretor escolar: desafios na gestão democrática no município de Medicilândia – Pará,10.22633/rpge.v24i2.13609,OpenAlex,metadata,0.4083288428658469
doi:10.3390/bs13010001,doi:10.3390/bs13010001,STM-METADATA-EN,metadata,en,14,0.9699057586231511,5,0.006426000460793669,0.9634797581623574,FALSE,FALSE,2022,The Influence of School Atmosphere on Chinese Teachers’ Job Satisfaction: The Chain Mediating Effect of Psychological Capital and Professional Identity,10.3390/bs13010001,OpenAlex,metadata,0.2039663620443471
doi:10.47200/aoej.v14i2.2130,doi:10.47200/aoej.v14i2.2130,STM-METADATA-EN,metadata,en,12,0.6107107844455583,10,0.17039945526414402,0.44031132918141425,FALSE,FALSE,2023,IMPLEMENTASI LANDASAN PENDIDIKAN DALAM MENGOPTIMALKAN PERAN GURU DAN MANAJEMEN SEKOLAH DALAM MENCEGAH PERILAKU BULLYING,10.47200/aoej.v14i2.2130,OpenAlex,metadata,1.287578281299851
doi:10.1080/17400201.2021.2015573,doi:10.1080/17400201.2021.2015573,STM-METADATA-EN,metadata,en,10,0.9136658470807439,3,0.015380298617629504,0.8982855484631145,FALSE,FALSE,2021,"The role of school culture in teacher professional development for peace education: the case of Sukma Bangsa School Pidie in post-conflict Aceh, Indonesia",10.1080/17400201.2021.2015573,OpenAlex,metadata,0.5045397057400928
doi:10.2991/assehr.k.200323.013,doi:10.2991/assehr.k.200323.013,STM-METADATA-EN,metadata,en,4,0.4666385344894183,9,0.1920116353210183,0.2746268991684,FALSE,FALSE,2020,The Positive Effects of Infrastructure Management in Fine Art Learning (A Literature Study on School Management),10.2991/assehr.k.200323.013,OpenAlex,metadata,1.781256970796647
doi:10.26803/ijlter.21.7.12,doi:10.26803/ijlter.21.7.12,STM-METADATA-EN,metadata,en,5,0.27541436366033933,15,0.21091298381215165,0.06450137984818768,FALSE,TRUE,2022,A Call to Strengthen Instructional Leadership to Support Learner Achievement During and Post COVID-19: A Systematic Literature Review Approach,10.26803/ijlter.21.7.12,OpenAlex,metadata,2.0538424635857204
doi:10.25046/aj050366,doi:10.25046/aj050366,STM-METADATA-EN,metadata,en,4,0.9205681603657946,9,0.015737453055014287,0.9048307073107803,FALSE,FALSE,2020,Business Process Design for Widuri Indah School Management System with the Support of Cloud Computing,10.25046/aj050366,OpenAlex,metadata,0.46338688153800106
doi:10.35723/ajie.v6i1.222,doi:10.35723/ajie.v6i1.222,STM-METADATA-EN,metadata,en,12,0.5530908960283875,4,0.1903380932890754,0.3627528027393121,FALSE,FALSE,2022,Strategy Management Semi-Islamic Boarding Schools,10.35723/ajie.v6i1.222,OpenAlex,metadata,1.5553140928467868
doi:10.4324/9781003291008,doi:10.4324/9781003291008,STM-METADATA-EN,metadata,en,1,0.3107988685982694,3,0.15392224536663374,0.15687662323163565,FALSE,FALSE,2022,Specialisation and Choice in Urban Education,10.4324/9781003291008,OpenAlex,metadata,2.0975482085194894
doi:10.3233/wor-210652,doi:10.3233/wor-210652,STM-METADATA-EN,metadata,en,7,0.49076100777414056,8,0.3031617738055288,0.18759923396861178,FALSE,FALSE,2021,Post-COVID-19 ergonomic school furniture design under fuzzy logic,10.3233/wor-210652,OpenAlex,metadata,1.340206211340219
doi:10.51594/ijmer.v2i3.146,doi:10.51594/ijmer.v2i3.146,STM-METADATA-EN,metadata,en,11,0.9767518755947477,1,0.005761752416547043,0.9709901231782007,FALSE,FALSE,2020,STAKEHOLDERS RESPONSIBILITIES IN PUBLIC SHS BUILDINGS MAINTENANCE PRACTICES IN THE WA MUNICIPALITY,10.51594/ijmer.v2i3.146,OpenAlex,metadata,0.16175423192037494
doi:10.21744/irjmis.v8n2.1350,doi:10.21744/irjmis.v8n2.1350,STM-METADATA-EN,metadata,en,12,0.93308262912965,4,0.04765259567694136,0.8854300334527087,FALSE,FALSE,2021,Character education strategies in improving students' spiritual intelligence,10.21744/irjmis.v8n2.1350,OpenAlex,metadata,0.3321429577592354
doi:10.1080/17439884.2025.2565244,doi:10.1080/17439884.2025.2565244,STM-METADATA-EN,metadata,en,9,0.43328066741049287,1,0.18929974524894924,0.24398092216154363,FALSE,FALSE,2025,Making education manageable: school management systems and the discursive construction of data-driven classrooms,10.1080/17439884.2025.2565244,OpenAlex,metadata,1.728300969503568
doi:10.26634/jpsy.15.4.18772,doi:10.26634/jpsy.15.4.18772,STM-METADATA-EN,metadata,en,5,0.8062206042259842,14,0.14032892623618667,0.6658916779897975,FALSE,FALSE,2022,A case study on the relationship between narcissistic personality tendency and mobbing behaviors in school management,10.26634/jpsy.15.4.18772,OpenAlex,metadata,0.7301061864039201
doi:10.31876/rcs.v26i0.34134,doi:10.31876/rcs.v26i0.34134,STM-METADATA-EN,metadata,en,2,0.31756667545691797,1,0.11557432377778586,0.2019923516791321,FALSE,FALSE,2020,Liderazgo pedagógico en Arequipa-Perú: Competencias directivas,10.31876/rcs.v26i0.34134,OpenAlex,metadata,2.2292261660660224
doi:10.21744/lingcure.v5ns3.1905,doi:10.21744/lingcure.v5ns3.1905,STM-METADATA-EN,metadata,en,12,0.971423958486072,4,0.010628360866272338,0.9607955976197996,FALSE,FALSE,2021,Implementation of Java cultural education in elementary school in Yogyakarta,10.21744/lingcure.v5ns3.1905,OpenAlex,metadata,0.19189975837661002
doi:10.15640/jehd.v10n4a3,doi:10.15640/jehd.v10n4a3,STM-METADATA-EN,metadata,en,13,0.2857665843766521,6,0.1893139586883582,0.09645262568829388,FALSE,TRUE,2021,Improving the Quality of Secondary School Management for Sustainable Security of Staff and Students in Akwa Ibom State,10.15640/jehd.v10n4a3,OpenAlex,metadata,2.0915496255822386
doi:10.5281/zenodo.4458640,doi:10.5281/zenodo.4458640,STM-METADATA-EN,metadata,en,13,0.366731959582772,7,0.31892610269540483,0.04780585688736716,FALSE,TRUE,2021,Quality assurance practices and students' performance evaluation in universities of South-South Nigeria: A structural equation modelling approach,10.5281/zenodo.4458640,OpenAlex,metadata,1.3003647164096745
doi:10.30828/real.1275282,doi:10.30828/real.1275282,STM-METADATA-EN,metadata,en,11,0.4726269185927522,15,0.13743810934654838,0.3351888092462038,FALSE,FALSE,2023,"Practices, Challenges, and prospects of Implementing School-Based Management (SBM) System in Ethiopian Schools: Implications for Policy Makers",10.30828/real.1275282,OpenAlex,metadata,1.7928356399203489
doi:10.5212/praxeduc.v.15.15335.069,doi:10.5212/praxeduc.v.15.15335.069,STM-METADATA-EN,metadata,en,6,0.34581390399581236,1,0.3454075095861916,4.0639440962075835e-4,FALSE,TRUE,2020,Políticas conservadoras no contexto escolar e autonomia docente,10.5212/praxeduc.v.15.15335.069,OpenAlex,metadata,1.603492964925737
doi:10.54254/2754-1169/2025.20363,doi:10.54254/2754-1169/2025.20363,STM-METADATA-EN,metadata,en,9,0.38673978809823484,7,0.36189664714606373,0.024843140952171106,FALSE,TRUE,2025,Data-driven School Management: An Analysis of Pathways to Enhancing Student Academic Performance and Mental Health,10.54254/2754-1169/2025.20363,OpenAlex,metadata,1.4566489711928947
doi:10.46328/ijonses.217,doi:10.46328/ijonses.217,STM-METADATA-EN,metadata,en,1,0.5217971614259116,15,0.2900416100388834,0.2317555513870282,FALSE,FALSE,2021,Striking a Balance between Centralized and Decentralized Decision Making: A School-Based Management Practice for Optimum Performance,10.46328/ijonses.217,OpenAlex,metadata,1.401819829559912
doi:10.1108/ebhrm-12-2019-0118,doi:10.1108/ebhrm-12-2019-0118,STM-METADATA-EN,metadata,en,8,0.6779191027233158,14,0.29160047915940757,0.3863186235639082,FALSE,FALSE,2020,Supportive supervisor to curtail turnover intentions: do employee engagement and work–life balance play any role?,10.1108/ebhrm-12-2019-0118,OpenAlex,metadata,0.7977067082208927
doi:10.1177/00195561221103613,doi:10.1177/00195561221103613,STM-METADATA-EN,metadata,en,7,0.4466545121336493,1,0.21816399069581294,0.22849052143783638,FALSE,FALSE,2022,Efficacy of Mid-Day Meal Scheme in India: Challenges and Policy Concerns,10.1177/00195561221103613,OpenAlex,metadata,1.7051428205369155
doi:10.5281/zenodo.6966871,doi:10.5281/zenodo.6966871,STM-METADATA-EN,metadata,en,12,0.7765261714934263,4,0.1476823055395014,0.6288438659539248,FALSE,FALSE,2022,Implementation of School-Based Management in Improving the Quality of State Islamic Junior High School,10.5281/zenodo.6966871,OpenAlex,metadata,0.8029233546908013
doi:10.1080/09243453.2019.1702562,doi:10.1080/09243453.2019.1702562,STM-METADATA-EN,metadata,en,6,0.3843377094789664,14,0.17137987789390025,0.21295783158506615,FALSE,FALSE,2020,Educational process factors for effective education in resource-constrained countries: a multilevel analysis,10.1080/09243453.2019.1702562,OpenAlex,metadata,1.8775954060905176
doi:10.31958/jaf.v9i1.3235,doi:10.31958/jaf.v9i1.3235,STM-METADATA-EN,metadata,en,12,0.6802985215388114,13,0.19833086093185706,0.4819676606069544,FALSE,FALSE,2021,Tantangan Guru Sekolah Dasar Dalam Memahami Capaian Komponen Manajemen Sekolah,10.31958/jaf.v9i1.3235,OpenAlex,metadata,1.0148310437498587
doi:10.1080/13603116.2022.2053215,doi:10.1080/13603116.2022.2053215,STM-METADATA-EN,metadata,en,2,0.5224812531773738,7,0.41935158133389955,0.10312967184347427,FALSE,FALSE,2022,Construction and validation of Leading Inclusive Education in Compulsory Education Questionnaire (LIE-Q-Teaching Team),10.1080/13603116.2022.2053215,OpenAlex,metadata,1.002110854101972
doi:10.25656/01:21953,doi:10.25656/01:21953,STM-METADATA-EN,metadata,en,11,0.4389669371604313,16,0.22551130607730863,0.21345563108312265,FALSE,FALSE,2020,Der Seiteneinstieg in den Lehrerberuf in Nordrhein-Westfalen. Perspektiven von Schulleitungen und Ausbildungsbeauftragten,10.25656/01:21953,OpenAlex,metadata,1.7884328639709617
doi:10.3390/app11198870,doi:10.3390/app11198870,STM-METADATA-EN,metadata,en,6,0.6692362042347376,9,0.1177202975932278,0.5515159066415098,FALSE,FALSE,2021,Air Quality Assessment of a School in an Industrialized Area of Southern Italy,10.3390/app11198870,OpenAlex,metadata,1.2602209778760418
record:d250d2ec9af97e9b8a99aeea,record:d250d2ec9af97e9b8a99aeea,STM-METADATA-EN,metadata,en,15,0.30671318088796684,11,0.30620574412335216,5.074367646146771e-4,FALSE,TRUE,2020,Employing African Indigenous Knowledge Systems in managing learner discipline: perspectives of school management teams.,NA,OpenAlex,metadata,1.95716745759882
doi:10.1155/2021/2466441,doi:10.1155/2021/2466441,STM-METADATA-EN,metadata,en,2,0.5197031590440507,4,0.36306839690200154,0.1566347621420492,FALSE,FALSE,2021,Reform of the Practice Teaching System of Entrepreneurship Education Based on 5G Fog Computing in Colleges and Universities,10.1155/2021/2466441,OpenAlex,metadata,1.1511944948192814
doi:10.1177/13621688211007472,doi:10.1177/13621688211007472,STM-METADATA-EN,metadata,en,10,0.37218852036303696,13,0.23589601011979286,0.1362925102432441,FALSE,FALSE,2021,‘How much freedom do we have?’ The perceived autonomy of secondary school EFL teachers in Indonesia,10.1177/13621688211007472,OpenAlex,metadata,1.8756900492326316
doi:10.5281/zenodo.7595719,doi:10.5281/zenodo.7595719,STM-METADATA-EN,metadata,en,8,0.9463552612146321,5,0.006936770413770832,0.9394184908008613,FALSE,FALSE,2023,Problems Encountered by School Administrators in School Management in the COVID-19 Pandemic and Strategies for Coping with These Problems,10.5281/zenodo.7595719,OpenAlex,metadata,0.3437430418355671
doi:10.22633/rpge.v25iesp.2.15266,doi:10.22633/rpge.v25iesp.2.15266,STM-METADATA-EN,metadata,en,2,0.243018101847924,11,0.23889741463641637,0.004120687211507629,FALSE,TRUE,2021,District school officials of the Kazan Province in the school management system in the first half of the 19th century,10.22633/rpge.v25iesp.2.15266,OpenAlex,metadata,2.072266744207298
doi:10.29333/iji.2020.13428a,doi:10.29333/iji.2020.13428a,STM-METADATA-EN,metadata,en,13,0.44372440694829945,10,0.30021505257344877,0.14350935437485068,FALSE,FALSE,2020,Teachers' Professional Development Level across Cohort of Generations in Malaysia,10.29333/iji.2020.13428a,OpenAlex,metadata,1.5127346002561657
doi:10.4324/9780429344442,doi:10.4324/9780429344442,STM-METADATA-EN,metadata,en,3,0.46427654711862937,14,0.1300599512424715,0.3342165958761579,FALSE,FALSE,2020,A Model of Emotional Leadership in Schools,10.4324/9780429344442,OpenAlex,metadata,1.8113547183823908
doi:10.26689/jcer.v8i7.7800,doi:10.26689/jcer.v8i7.7800,STM-METADATA-EN,metadata,en,4,0.8473962574713558,9,0.07037244829096649,0.7770238091803894,FALSE,FALSE,2024,Study on the Coordination Mechanism Between Higher Vocational Students’ Career Development Planning and School Management,10.26689/jcer.v8i7.7800,OpenAlex,metadata,0.7134980856779138
doi:10.26803/ijlter.23.8.18,doi:10.26803/ijlter.23.8.18,STM-METADATA-EN,metadata,en,13,0.49568561702484254,12,0.4335546794882135,0.062130937536629016,FALSE,TRUE,2024,Factors to Improve School Management and Social Science Student Learning Outcomes Through Cooperation with Parents,10.26803/ijlter.23.8.18,OpenAlex,metadata,1.051570441481655
doi:10.18820/2519593x/pie.v38.i2.08,doi:10.18820/2519593x/pie.v38.i2.08,STM-METADATA-EN,metadata,en,2,0.5056400941355503,10,0.3588254225413128,0.14681467159423756,FALSE,FALSE,2020,Teachers’ perceptions in creating an invitational learning environment in culturally diverse Foundation Phase classrooms,10.18820/2519593x/pie.v38.i2.08,OpenAlex,metadata,1.3070511381487073
doi:10.1080/2331186x.2023.2300182,doi:10.1080/2331186x.2023.2300182,STM-METADATA-EN,metadata,en,8,0.31036228320832765,10,0.3010696333801685,0.009292649828159139,FALSE,TRUE,2024,Schools’ support in the implementation of the Emancipated Curriculum in secondary schools in Indonesia,10.1080/2331186x.2023.2300182,OpenAlex,metadata,1.6909793410428238
doi:10.22515/jemin.v2i2.4399,doi:10.22515/jemin.v2i2.4399,STM-METADATA-EN,metadata,en,12,0.5690508077837453,14,0.3482995425301036,0.2207512652536417,FALSE,FALSE,2022,Construction of organizational culture for ideal performance of Islamic-based junior high schools in Indonesia,10.22515/jemin.v2i2.4399,OpenAlex,metadata,1.078824430287458
doi:10.58837/chula.educu.48.3.20,doi:10.58837/chula.educu.48.3.20,STM-METADATA-EN,metadata,en,4,0.4550878496455989,6,0.279635896721587,0.1754519529240119,FALSE,FALSE,2020,Proposed School Management Strategies to Strengthen the Consciousness and Practices of Students to Reduce Global Warming(การนําเสนอกลยทธการบรหารโรงเรยนเพอเสรมสรางจตสํานกและการปฏบตของนกเรยนในการลดภาวะโลกรอน),10.58837/chula.educu.48.3.20,OpenAlex,metadata,1.485016129031532
doi:10.5604/01.3001.0016.1071,doi:10.5604/01.3001.0016.1071,STM-METADATA-EN,metadata,en,8,0.961636738243156,5,0.005380182459850285,0.9562565557833057,FALSE,FALSE,2022,SCHOOL MANAGEMENT DURING THE COVID-19 PANDEMIC – BETWEEN THE IDEA OF WORK-LIFE BALANCE AND REALITY,10.5604/01.3001.0016.1071,OpenAlex,metadata,0.2601796621764383
doi:10.33751/jmp.v8i1.1949,doi:10.33751/jmp.v8i1.1949,STM-METADATA-EN,metadata,en,12,0.9788310768594144,4,0.008735600867107448,0.9700954759923069,FALSE,FALSE,2020,MANAJEMEN SEKOLAH DALAM MEWUJUDKAN SEKOLAH SEHAT DI SMP ISLAM CENDEKIA CIANJUR (SICC) BOARDING SCHOOL,10.33751/jmp.v8i1.1949,OpenAlex,metadata,0.14654991867252562
doi:10.1163/25902539-04010001,doi:10.1163/25902539-04010001,STM-METADATA-EN,metadata,en,6,0.5212115830205983,2,0.21270326231847184,0.3085083207021265,FALSE,FALSE,2022,The Managed Body and Heart: An Empirical Study on School Management and Teachers’ Emotional Labor in Chinese Counties,10.1163/25902539-04010001,OpenAlex,metadata,1.6260802262627705
doi:10.15388/infedu.2020.20,doi:10.15388/infedu.2020.20,STM-METADATA-EN,metadata,en,15,0.4852457706492957,9,0.18584449963394406,0.29940127101535163,FALSE,FALSE,2020,Visual Analysis of Contact Patterns in School Environments,10.15388/infedu.2020.20,OpenAlex,metadata,1.7567395631299112
doi:10.1080/13632434.2021.1974826,doi:10.1080/13632434.2021.1974826,STM-METADATA-EN,metadata,en,8,0.7182438821216698,3,0.11264045632582825,0.6056034257958416,FALSE,FALSE,2021,Fighting windmills: a female principal's story during COVID-19,10.1080/13632434.2021.1974826,OpenAlex,metadata,1.0455620518560353
doi:10.22460/parole,doi:10.22460/parole,STM-METADATA-EN,metadata,en,2,0.37883602617044526,12,0.2192973568249084,0.15953866934553687,FALSE,FALSE,2024,Parole : Jurnal Pendidikan Bahasa dan Sastra Indonesia,10.22460/parole,OpenAlex,metadata,1.7419921060680155
doi:10.31992/0869-3617-2024-33-4-33-48,doi:10.31992/0869-3617-2024-33-4-33-48,STM-METADATA-EN,metadata,en,9,0.4784112530555797,15,0.45245761156159564,0.025953641493984048,FALSE,TRUE,2024,PhD Thesis on AI: a New Challenge of the Digital Era,10.31992/0869-3617-2024-33-4-33-48,OpenAlex,metadata,1.0543404736468582
doi:10.1080/03055698.2020.1763784,doi:10.1080/03055698.2020.1763784,STM-METADATA-EN,metadata,en,10,0.7413257689483136,11,0.18596995391348167,0.5553558150348319,FALSE,FALSE,2020,Understanding the teachers’ perspectives on the role of teacher autonomy in English classrooms in Chinese secondary schools,10.1080/03055698.2020.1763784,OpenAlex,metadata,0.8963287351073592
doi:10.54476/iimrj310,doi:10.54476/iimrj310,STM-METADATA-EN,metadata,en,6,0.8241331431846193,13,0.1271160023344387,0.6970171408501806,FALSE,FALSE,2020,"Issues, Perceptions, and Challenges of Amalgamation in Higher Education Institutions in Calabarzon: Quality School Management Strategic Plan",10.54476/iimrj310,OpenAlex,metadata,0.671699931435307
doi:10.3389/feduc.2025.1499064,doi:10.3389/feduc.2025.1499064,STM-METADATA-EN,metadata,en,14,0.49135237605994025,10,0.3647811164502155,0.12657125960972476,FALSE,FALSE,2025,"Fostering a productive educational environment: the roles of leadership, management practices, and teacher motivation",10.3389/feduc.2025.1499064,OpenAlex,metadata,1.1996772376337979
doi:10.24256/kelola.v8i1.3556,doi:10.24256/kelola.v8i1.3556,STM-METADATA-EN,metadata,en,12,0.9723259308515756,4,0.01052677663208764,0.9617991542194879,FALSE,FALSE,2023,KOLABORASI SEKOLAH DENGAN ORANG TUA DALAM MENINGKATKAN PROSES BELAJAR PESERTA DIDIK,10.24256/kelola.v8i1.3556,OpenAlex,metadata,0.18373541891319942
doi:10.3390/su13052941,doi:10.3390/su13052941,STM-METADATA-EN,metadata,en,4,0.513982908865169,1,0.3237010039629861,0.19028190490218283,FALSE,FALSE,2021,Knowledge Management and the Political–Pedagogical Project in Brazilian Schools,10.3390/su13052941,OpenAlex,metadata,1.3363096139449517
doi:10.15700/saje.v40n3a1836,doi:10.15700/saje.v40n3a1836,STM-METADATA-EN,metadata,en,5,0.4681109120051504,13,0.17744194668049945,0.290668965324651,FALSE,FALSE,2020,Critical skills for deputy principals in South African secondary schools,10.15700/saje.v40n3a1836,OpenAlex,metadata,1.6183287550307994
doi:10.1016/j.ijedudev.2023.102899,doi:10.1016/j.ijedudev.2023.102899,STM-METADATA-EN,metadata,en,1,0.44399652246041876,6,0.39070398841811993,0.053292534042298834,FALSE,TRUE,2023,Empowering parents and promoting school and teacher accountability and responsiveness: Case of Kyrgyzstan,10.1016/j.ijedudev.2023.102899,OpenAlex,metadata,1.389724756853704
doi:10.15354/bece.20.ar072,doi:10.15354/bece.20.ar072,STM-METADATA-EN,metadata,en,6,0.6164396553480815,1,0.2535200568219969,0.36291959852608463,FALSE,FALSE,2020,School Governance Structure and Its Impact on Student Performance: A Comparative Study between Four Provinces of China and the PISA2015 High-Scored Countries/Economies,10.15354/bece.20.ar072,OpenAlex,metadata,1.1941044674465016
doi:10.55737/qjss.349319430,doi:10.55737/qjss.349319430,STM-METADATA-EN,metadata,en,9,0.4537553791978722,10,0.25516991868420524,0.19858546051366693,FALSE,FALSE,2024,"The Role of Artificial Intelligence (AI) In Transforming Educational Practices: Opportunities, Challenges, and Implications",10.55737/qjss.349319430,OpenAlex,metadata,1.5649652275212727
doi:10.24036/nara.v1i3.69,doi:10.24036/nara.v1i3.69,STM-METADATA-EN,metadata,en,4,0.9416935368649146,12,0.01489942560462622,0.9267941112602884,FALSE,FALSE,2022,Problematika Layanan Bimbingan dan Konseling di Sekolah,10.24036/nara.v1i3.69,OpenAlex,metadata,0.35772995447510997
doi:10.1093/acrefore/9780190264093.013.662,doi:10.1093/acrefore/9780190264093.013.662,STM-METADATA-EN,metadata,en,14,0.3043102635419994,7,0.20339306415343603,0.10091719938856339,FALSE,FALSE,2020,School Climate and Academic Performance,10.1093/acrefore/9780190264093.013.662,OpenAlex,metadata,2.021673244127155
doi:10.3389/fpsyg.2025.1548185,doi:10.3389/fpsyg.2025.1548185,STM-METADATA-EN,metadata,en,10,0.46948328270630046,7,0.21716243230690266,0.2523208503993978,FALSE,FALSE,2025,The relationship between the principals’ emotional intelligence and conflict management: based on latent profile analysis,10.3389/fpsyg.2025.1548185,OpenAlex,metadata,1.6942437906725476
doi:10.9734/acri/2022/v22i330276,doi:10.9734/acri/2022/v22i330276,STM-METADATA-EN,metadata,en,8,0.97923152020232,5,0.002842641687428118,0.9763888785148919,FALSE,FALSE,2022,"Challenges to Research Activities among Academic Clinicians at the International Medical School, Management and Science University, Malaysia",10.9734/acri/2022/v22i330276,OpenAlex,metadata,0.1536694238945639
doi:10.3390/educsci14121275,doi:10.3390/educsci14121275,STM-METADATA-EN,metadata,en,1,0.3969696917526075,15,0.19662681210494817,0.20034287964765932,FALSE,FALSE,2024,School Self-Evaluation in Decision Making: Perspectives from Portuguese School Leaders,10.3390/educsci14121275,OpenAlex,metadata,1.7070623284792557
doi:10.24815/jr.v8i3.48020,doi:10.24815/jr.v8i3.48020,STM-METADATA-EN,metadata,en,15,0.5529469196128539,14,0.1077215223370948,0.4452253972757591,FALSE,FALSE,2025,Designing Change in Organizations: A Systematic Literature Review of Intuition-Based Transformational Leadership in Islamic School Management,10.24815/jr.v8i3.48020,OpenAlex,metadata,1.5291306964785956
doi:10.18844/cjes.v16i5.6331,doi:10.18844/cjes.v16i5.6331,STM-METADATA-EN,metadata,en,12,0.617834675840556,1,0.3272670947878062,0.29056758105274977,FALSE,FALSE,2021,"Implementation of community-based education management: A case study of Islamic boarding schools in Bengkulu City, Indonesia",10.18844/cjes.v16i5.6331,OpenAlex,metadata,0.9474822513019469
doi:10.33650/pjp.v10i2.7170,doi:10.33650/pjp.v10i2.7170,STM-METADATA-EN,metadata,en,12,0.6947397847483854,6,0.2427137199232205,0.4520260648251649,FALSE,FALSE,2024,INVESTIGATING THE HOLISTIC MANAGEMENT IN INCREASING GRADUATES' COMPETENCE IN MADRASA BASED ON PESANTREN,10.33650/pjp.v10i2.7170,OpenAlex,metadata,0.9022277987606528
doi:10.30596/maneggio.v3i1.4741,doi:10.30596/maneggio.v3i1.4741,STM-METADATA-EN,metadata,en,14,0.6533672797769756,12,0.2887643728889148,0.3646029068880608,FALSE,FALSE,2020,"Pengaruh Pengawasan, Motivasi dan Disiplin Terhadap Kinerja Guru pada Yayasan Pendidikan Islam Terpadu Kuntum Bumi Rantauprapat",10.30596/maneggio.v3i1.4741,OpenAlex,metadata,0.9300334319129184
doi:10.1080/23311983.2021.1945720,doi:10.1080/23311983.2021.1945720,STM-METADATA-EN,metadata,en,7,0.6772311304191978,13,0.2993267593396175,0.3779043710795803,FALSE,FALSE,2021,Environmental factors and <i>STEM</i> career path choice intentions of junior secondary school girls in North-Central Nigeria,10.1080/23311983.2021.1945720,OpenAlex,metadata,0.7684922551701092
record:12ef14b91e0130cdcb8e6ff9,record:12ef14b91e0130cdcb8e6ff9,STM-METADATA-EN,metadata,en,13,0.45111972951097656,7,0.25541373088526304,0.19570599862571353,FALSE,FALSE,2020,The causes of stress and its management by school management teams in private primary schools in the Tshwane South District,NA,OpenAlex,metadata,1.4952166440098498
doi:10.1017/jgc.2020.22,doi:10.1017/jgc.2020.22,STM-METADATA-EN,metadata,en,7,0.5035598821500311,11,0.2596730676309468,0.24388681451908434,FALSE,FALSE,2020,Student absenteeism in high schools: factors to consider,10.1017/jgc.2020.22,OpenAlex,metadata,1.2618081225454314
doi:10.3390/educsci11070313,doi:10.3390/educsci11070313,STM-METADATA-EN,metadata,en,14,0.39730922567605836,7,0.29893144598902016,0.0983777796870382,FALSE,TRUE,2021,Teaching Performance of Slovak Primary School Teachers: Top Motivation Factors,10.3390/educsci11070313,OpenAlex,metadata,1.5475845805949282
doi:10.17159/2520-9868/i86a05,doi:10.17159/2520-9868/i86a05,STM-METADATA-EN,metadata,en,10,0.30354120792147776,11,0.2777456218090388,0.025795586112438984,FALSE,TRUE,2022,Conceptualising a framework for school leaders as they foster an inclusive education culture in schools,10.17159/2520-9868/i86a05,OpenAlex,metadata,1.7905824670035475
doi:10.29303/prospek.v1i3.20,doi:10.29303/prospek.v1i3.20,STM-METADATA-EN,metadata,en,4,0.8119607399186219,2,0.07328407663269917,0.7386766632859227,FALSE,FALSE,2020,PERAN BIMBINGAN DAN KONSELING DALAM PENYELENGGARAAN PENDIDIKAN INKLUSIF,10.29303/prospek.v1i3.20,OpenAlex,metadata,0.8607783272542254
doi:10.24198/sosiohumaniora.v22i3.28377,doi:10.24198/sosiohumaniora.v22i3.28377,STM-METADATA-EN,metadata,en,4,0.521224499463612,9,0.3906818767068038,0.13054262275680822,FALSE,FALSE,2020,INFORMATION TECHNOLOGY-BASED MANAGEMENT EDUCATION IN VOCATIONAL HIGH SCHOOLS,10.24198/sosiohumaniora.v22i3.28377,OpenAlex,metadata,1.1073354262868818
doi:10.17509/jap.v28i2.40159,doi:10.17509/jap.v28i2.40159,STM-METADATA-EN,metadata,en,12,0.40690079795010653,4,0.3641011469506357,0.042799650999470806,FALSE,TRUE,2022,PEMANFAATAN SISTEM DATA POKOK PENDIDIKAN (DAPODIK) DALAM PENGELOLAAN SEKOLAH DASAR,10.17509/jap.v28i2.40159,OpenAlex,metadata,1.2447504842340507
record:3cb6a98594ea3becc1ff5c1c,record:3cb6a98594ea3becc1ff5c1c,STM-METADATA-EN,metadata,en,12,0.9545831320024489,4,0.016620986355719472,0.9379621456467294,FALSE,FALSE,2020,Education and Training for Strengthening Principal To Effective Schools,NA,OpenAlex,metadata,0.2841354332757013
doi:10.31244/dds.2020.03.05,doi:10.31244/dds.2020.03.05,STM-METADATA-EN,metadata,en,1,0.4534573728080983,5,0.19556152318843706,0.2578958496196612,FALSE,FALSE,2020,Aus- und Weiterbildung von Schulleitenden in der deutschsprachigen Schweiz,10.31244/dds.2020.03.05,OpenAlex,metadata,1.774697237474763
doi:10.1177/1741143220938364,doi:10.1177/1741143220938364,STM-METADATA-EN,metadata,en,5,0.34393109137445915,1,0.1873070027329394,0.15662408864151975,FALSE,FALSE,2020,"Factors influencing instructional leadership capacity in Baku, Azerbaijan",10.1177/1741143220938364,OpenAlex,metadata,2.0475214946028832
doi:10.17509/jap.v27i1.24399,doi:10.17509/jap.v27i1.24399,STM-METADATA-EN,metadata,en,12,0.7063825402990505,5,0.14891419972407335,0.5574683405749771,FALSE,FALSE,2020,KEPEMIMPINAN KEPALA SEKOLAH PEREMPUAN DALAM MENINGKATKAN BUDAYA SEKOLAH,10.17509/jap.v27i1.24399,OpenAlex,metadata,1.0666235011179128
doi:10.5590/jerap.2024.14.1.04,doi:10.5590/jerap.2024.14.1.04,STM-METADATA-EN,metadata,en,13,0.43120374435013226,9,0.3084270563922196,0.12277668795791263,FALSE,FALSE,2024,The Use of Assistive Technology for Students With Disabilities in Technical Colleges in Ondo State,10.5590/jerap.2024.14.1.04,OpenAlex,metadata,1.5077638839641683
doi:10.2991/978-2-38476-114-2_11,doi:10.2991/978-2-38476-114-2_11,STM-METADATA-EN,metadata,en,12,0.3616702205912882,4,0.31004131899478304,0.05162890159650518,FALSE,TRUE,2023,The Implementation of Malcolm Baldrige Education Criteria for Performance Excellence in Private Primary School Management (A Case Study Qualitative),10.2991/978-2-38476-114-2_11,OpenAlex,metadata,1.5427439249157462
doi:10.14527/kuey.2020.004,doi:10.14527/kuey.2020.004,STM-METADATA-EN,metadata,en,5,0.6495459837195274,13,0.2547334333552508,0.39481255036427665,FALSE,FALSE,2020,Being a Woman School Principal in Turkey,10.14527/kuey.2020.004,OpenAlex,metadata,1.0720348421673855
doi:10.54254/2755-2721/2025.18759,doi:10.54254/2755-2721/2025.18759,STM-METADATA-EN,metadata,en,9,0.957252133519312,4,0.01770895320374922,0.9395431803155628,FALSE,FALSE,2024,Design and Implementation of a Multimodal Data Collection and Distribution System Based on Python-Taking School Management System as an Example,10.54254/2755-2721/2025.18759,OpenAlex,metadata,0.2652187319209105
doi:10.11591/ijai.v13.i4.pp3942-3950,doi:10.11591/ijai.v13.i4.pp3942-3950,STM-METADATA-EN,metadata,en,9,0.4416953520488682,11,0.25949510478698645,0.18220024726188172,FALSE,FALSE,2024,Navigating the tech-savvy generation; key considerations in developing of an artificial intelligence curriculum,10.11591/ijai.v13.i4.pp3942-3950,OpenAlex,metadata,1.7125759025363314
doi:10.1155/2022/7774185,doi:10.1155/2022/7774185,STM-METADATA-EN,metadata,en,9,0.7518030338544818,6,0.1653022194114972,0.5865008144429846,FALSE,FALSE,2022,[Retracted] The Development and Management Work Innovation of University Students by Artificial Intelligence and Deep Learning in the Wireless Network Era,10.1155/2022/7774185,OpenAlex,metadata,0.8439145154579843
doi:10.1177/1365480220940858,doi:10.1177/1365480220940858,STM-METADATA-EN,metadata,en,7,0.5938198349974859,10,0.16421090764061663,0.4296089273568693,FALSE,FALSE,2020,Exploring young people’s perceptions about secondary school: Critical issues and improvements to prevent dropout risk in disadvantaged contexts,10.1177/1365480220940858,OpenAlex,metadata,1.479415529200475
doi:10.1016/j.jcmr.2024.100019,doi:10.1016/j.jcmr.2024.100019,STM-METADATA-EN,metadata,en,7,0.9249564501220764,9,0.022920498059997296,0.9020359520620791,FALSE,FALSE,2024,"Children’s safe routes to school: Real and perceived risks, and evidence of an incapacity-incapability space",10.1016/j.jcmr.2024.100019,OpenAlex,metadata,0.43943135127278693
doi:10.31538/ndh.v7i1.2237,doi:10.31538/ndh.v7i1.2237,STM-METADATA-EN,metadata,en,12,0.7672923530283774,8,0.11764995806133952,0.6496423949670379,FALSE,FALSE,2022,Strategic Management of Islamic Boarding School In Building Student Character,10.31538/ndh.v7i1.2237,OpenAlex,metadata,0.9039283337279823
doi:10.3389/fpsyt.2024.1414887,doi:10.3389/fpsyt.2024.1414887,STM-METADATA-EN,metadata,en,7,0.9435616613669379,10,0.011981962920955727,0.9315796984459821,FALSE,FALSE,2025,Association of parental rearing styles with suicidal ideation in Chinese adolescent patients with depression: a large-scale cross-sectional study,10.3389/fpsyt.2024.1414887,OpenAlex,metadata,0.35135008175844057
doi:10.1136/bmjopen-2022-061978,doi:10.1136/bmjopen-2022-061978,STM-METADATA-EN,metadata,en,15,0.332875523861741,16,0.2054825428261332,0.1273929810356078,FALSE,FALSE,2022,Built Environments And Child Health in WalEs and AuStralia (BEACHES): a study protocol,10.1136/bmjopen-2022-061978,OpenAlex,metadata,1.8674965994782156
doi:10.1088/1742-6596/1881/4/042073,doi:10.1088/1742-6596/1881/4/042073,STM-METADATA-EN,metadata,en,9,0.9692002989864772,4,0.010172382746991856,0.9590279162394854,FALSE,FALSE,2021,Research on Information Construction and Management of Education Management Based on Data Mining,10.1088/1742-6596/1881/4/042073,OpenAlex,metadata,0.2087237811830685
doi:10.1177/17411432211009902,doi:10.1177/17411432211009902,STM-METADATA-EN,metadata,en,10,0.7678001435515686,3,0.1561438654231352,0.6116562781284334,FALSE,FALSE,2021,Teacher leaders’ brokerage practice in China: Impact on teacher learning in a school–university partnership,10.1177/17411432211009902,OpenAlex,metadata,0.871374542211589
doi:10.2991/assehr.k.211110.092,doi:10.2991/assehr.k.211110.092,STM-METADATA-EN,metadata,en,8,0.6401928879665484,4,0.19099628941471702,0.44919659855183136,FALSE,FALSE,2021,Online Learning Implementation During the COVID-19 Pandemic,10.2991/assehr.k.211110.092,OpenAlex,metadata,1.1252891354521024
doi:10.1177/21582440211000053,doi:10.1177/21582440211000053,STM-METADATA-EN,metadata,en,8,0.23145272124786342,10,0.19188715528446185,0.03956556596340158,FALSE,TRUE,2021,"A Qualitative Exploration of Implementation, Adaptation, and Sustainability of a School-Based Physical Activity Intervention: Move for Well-Being in School",10.1177/21582440211000053,OpenAlex,metadata,2.028673618575516
doi:10.36941/jesr-2020-0034,doi:10.36941/jesr-2020-0034,STM-METADATA-EN,metadata,en,7,0.3974896489734187,14,0.17800608512660435,0.21948356384681436,FALSE,FALSE,2020,Factors Influencing the Principal's Leadership and Its Impact on Learning Quality and Learning Outcome,10.36941/jesr-2020-0034,OpenAlex,metadata,1.8753981480011543
doi:10.9756/int-jecse/v13i1.211002,doi:10.9756/int-jecse/v13i1.211002,STM-METADATA-EN,metadata,en,12,0.6908709858471435,2,0.20531766388758455,0.4855533219595589,FALSE,FALSE,2020,"Inclusion Schools in the Daerah Istimewa Yogyakarta Province, Indonesia: Regulations, Facilities and Aspirations of Teachers",10.9756/int-jecse/v13i1.211002,OpenAlex,metadata,1.046051508756481
doi:10.5539/ies.v13n4p106,doi:10.5539/ies.v13n4p106,STM-METADATA-EN,metadata,en,9,0.6908549844750732,10,0.2486018089411778,0.4422531755338954,FALSE,FALSE,2020,Enhancement of College English Teachers’ Information Literacy in Information Environment,10.5539/ies.v13n4p106,OpenAlex,metadata,0.9261352726879293
doi:10.1111/rode.12904,doi:10.1111/rode.12904,STM-METADATA-EN,metadata,en,1,0.5543368992816091,7,0.17483924006739288,0.37949765921421624,FALSE,FALSE,2022,The effects of school‐based management on Indian government schools,10.1111/rode.12904,OpenAlex,metadata,1.518852313321187
doi:10.1108/ijem-06-2022-0236,doi:10.1108/ijem-06-2022-0236,STM-METADATA-EN,metadata,en,15,0.42713922763229545,14,0.33326326574281556,0.09387596188947989,FALSE,TRUE,2023,Cultural dimensions as key aspects to change and improve school performance: a qualitative study in the Brazilian public schools,10.1108/ijem-06-2022-0236,OpenAlex,metadata,1.3683329311725225
doi:10.22230/ijepl.2021v17n10a1139,doi:10.22230/ijepl.2021v17n10a1139,STM-METADATA-EN,metadata,en,8,0.4311008112321898,5,0.4093576111775552,0.021743200054634593,FALSE,TRUE,2021,The Need of the Virtual Principal Amid the Pandemic,10.22230/ijepl.2021v17n10a1139,OpenAlex,metadata,1.3917683757176116
doi:10.37934/frle.25.1.19,doi:10.37934/frle.25.1.19,STM-METADATA-EN,metadata,en,4,0.35749849385553156,10,0.32238922552210375,0.03510926833342781,FALSE,TRUE,2021,Recruitment Criteria for Teachers’ Retention in Malaysian International Schools: A Concept Paper,10.37934/frle.25.1.19,OpenAlex,metadata,1.7707730499487544
doi:10.1093/oxrep/grab004,doi:10.1093/oxrep/grab004,STM-METADATA-EN,metadata,en,1,0.3643512233913533,9,0.1899117551394782,0.1744394682518751,FALSE,FALSE,2021,Management in education systems,10.1093/oxrep/grab004,OpenAlex,metadata,2.007982159710135
doi:10.33474/elementeris.v3i1.8796,doi:10.33474/elementeris.v3i1.8796,STM-METADATA-EN,metadata,en,12,0.7475827763946407,9,0.1684677019844975,0.5791150744101432,FALSE,FALSE,2021,VISI KEPEMIMPINAN DIGITAL KEPALA SEKOLAH DASAR DI ERA TEKNOLOGI DIGITAL,10.33474/elementeris.v3i1.8796,OpenAlex,metadata,0.8981233859335435
doi:10.32517/0234-0453-2022-37-2-5-13,doi:10.32517/0234-0453-2022-37-2-5-13,STM-METADATA-EN,metadata,en,1,0.27429466211459097,9,0.2642338726013564,0.01006078951323458,FALSE,TRUE,2022,Schools’ digital renewal: Steps to the “ideal school”,10.32517/0234-0453-2022-37-2-5-13,OpenAlex,metadata,1.8673483845456655
doi:10.15700/saje.v42n2a2071,doi:10.15700/saje.v42n2a2071,STM-METADATA-EN,metadata,en,5,0.33049016957232197,11,0.21876050299556565,0.11172966657675631,FALSE,FALSE,2022,The perspective of school leadership and management: The role of the school principal in academic learner performance,10.15700/saje.v42n2a2071,OpenAlex,metadata,1.9742185152532197
doi:10.51276/edu.v4i2.380,doi:10.51276/edu.v4i2.380,STM-METADATA-EN,metadata,en,14,0.799561613112768,13,0.11874151099585323,0.6808201021169147,FALSE,FALSE,2023,The Effect of Direct Compensation and Work Motivation on Teacher Productivity at Private Senior High School in Jakarta,10.51276/edu.v4i2.380,OpenAlex,metadata,0.8022179298978367
doi:10.54097/fbem.v3i3.298,doi:10.54097/fbem.v3i3.298,STM-METADATA-EN,metadata,en,14,0.4035164706137488,8,0.27972819133998605,0.12378827927376274,FALSE,FALSE,2022,Influencing Factors and Intervention Strategies of Teachers' Work Engagement in Primary and Secondary Schools,10.54097/fbem.v3i3.298,OpenAlex,metadata,1.6862102775341625
doi:10.18488/journal.61.2020.83.379.393,doi:10.18488/journal.61.2020.83.379.393,STM-METADATA-EN,metadata,en,12,0.32534219032373335,14,0.235264991522429,0.09007719880130435,FALSE,TRUE,2020,The Influence of the Maritime Learning Activities on the Development of Student Competencies: Case Study,10.18488/journal.61.2020.83.379.393,OpenAlex,metadata,1.7274607067323742
doi:10.58578/arzusin.v1i1.104,doi:10.58578/arzusin.v1i1.104,STM-METADATA-EN,metadata,en,12,0.45152192630142823,4,0.33228009379954415,0.11924183250188408,FALSE,FALSE,2021,Pengaruh Manajemen Peserta Didik Sekolah Menengah Pertama terhadap Prestasi Belajar,10.58578/arzusin.v1i1.104,OpenAlex,metadata,1.4663660746988127
doi:10.29333/ajqr/14397,doi:10.29333/ajqr/14397,STM-METADATA-EN,metadata,en,1,0.3947501496319327,10,0.3341227589295515,0.06062739070238121,FALSE,TRUE,2024,Teachers' Perceptions Towards Decision-Making Processes: A Case Study of Secondary Schools in Rwanda,10.29333/ajqr/14397,OpenAlex,metadata,1.5530858174824511
doi:10.17648/acta.scientiae.7474,doi:10.17648/acta.scientiae.7474,STM-METADATA-EN,metadata,en,10,0.3385590630830124,2,0.18584238131590483,0.1527166817671076,FALSE,FALSE,2023,ChatGPT as Co-Advisor in Scientific Initiation: Action Research with Project-Based Learning in Elementary Education,10.17648/acta.scientiae.7474,OpenAlex,metadata,2.0819499633207
doi:10.26877/mpp.v16i1.12148,doi:10.26877/mpp.v16i1.12148,STM-METADATA-EN,metadata,en,9,0.5486226248481331,1,0.15993106798136542,0.38869155686676765,FALSE,FALSE,2022,Transformasi Digital Manajemen Pendidikan,10.26877/mpp.v16i1.12148,OpenAlex,metadata,1.603909144840255
doi:10.46303/ressat.2022.3,doi:10.46303/ressat.2022.3,STM-METADATA-EN,metadata,en,11,0.9918275897035302,13,0.0026305653251863003,0.9891970243783439,FALSE,FALSE,2022,Exploring Perceived Human Resources Factors Influencing the Performance of Grade 12 Accounting Learners in North West Secondary Schools in South Africa,10.46303/ressat.2022.3,OpenAlex,metadata,0.06523768579234827
doi:10.22460/collase,doi:10.22460/collase,STM-METADATA-EN,metadata,en,2,0.364226447331112,12,0.2029767281387823,0.1612497191923297,FALSE,FALSE,2022,COLLASE (Creative of Learning Students Elementary Education),10.22460/collase,OpenAlex,metadata,1.8466760125327766
doi:10.1109/honet53078.2021.9615391,doi:10.1109/honet53078.2021.9615391,STM-METADATA-EN,metadata,en,9,0.8119961598308536,15,0.06321997593395211,0.7487761838969015,FALSE,FALSE,2021,Internet of things Enabling Smart School: An Overview,10.1109/honet53078.2021.9615391,OpenAlex,metadata,0.8610624496680177
doi:10.6007/ijarbss/v12-i9/14803,doi:10.6007/ijarbss/v12-i9/14803,STM-METADATA-EN,metadata,en,11,0.5725430001273708,5,0.13760227685251672,0.4349407232748541,FALSE,FALSE,2022,Practices of Accountability and Transparency in Financial Management among Secondary School Principals,10.6007/ijarbss/v12-i9/14803,OpenAlex,metadata,1.5570050678303646
doi:10.30957/cendekia.v14i2.642,doi:10.30957/cendekia.v14i2.642,STM-METADATA-EN,metadata,en,14,0.4749713840408894,5,0.20102739565014743,0.27394398839074197,FALSE,FALSE,2020,"Pengaruh Gaya Kepemimpinan Virtual terhadap Penguasaan Manajemen dan Kinerja Kepala SD di Tanah Grogot, Kalimantan Timur",10.30957/cendekia.v14i2.642,OpenAlex,metadata,1.609485058853011
doi:10.35497/408734,doi:10.35497/408734,STM-METADATA-EN,metadata,en,8,0.774321259646479,1,0.18498407027818936,0.5893371893682897,FALSE,FALSE,2022,Parent’s Perception on Face-to-Face Learning,10.35497/408734,OpenAlex,metadata,0.7425315454725513
doi:10.46692/9781447338567,doi:10.46692/9781447338567,STM-METADATA-EN,metadata,en,1,0.7521219679434926,6,0.10366667943104929,0.6484552885124433,FALSE,FALSE,2020,School Scandals: Blowing the Whistle on the Corruption of Our Education System,10.46692/9781447338567,OpenAlex,metadata,1.0543995149543726
doi:10.17645/si.v10i2.4936,doi:10.17645/si.v10i2.4936,STM-METADATA-EN,metadata,en,1,0.4246810926796615,2,0.31959265130387365,0.10508844137578782,FALSE,FALSE,2022,"Children’s Participation, Progressive Autonomy, and Agency for Inclusive Education in Schools",10.17645/si.v10i2.4936,OpenAlex,metadata,1.588593297437463
doi:10.17478/jegys.1012179,doi:10.17478/jegys.1012179,STM-METADATA-EN,metadata,en,10,0.4251378222410914,2,0.29005869743145524,0.1350791248096362,FALSE,FALSE,2021,Creating and leading a learning environment in diverse Foundation Phase classrooms in a South African school,10.17478/jegys.1012179,OpenAlex,metadata,1.6510996181111854
doi:10.1080/14767724.2021.1993796,doi:10.1080/14767724.2021.1993796,STM-METADATA-EN,metadata,en,6,0.2698066955919262,11,0.18354745562547278,0.08625923996645343,FALSE,TRUE,2021,NGOs schools are promoting education for sustainable development in rural areas,10.1080/14767724.2021.1993796,OpenAlex,metadata,2.0789950363392014
doi:10.1109/icic50835.2020.9288617,doi:10.1109/icic50835.2020.9288617,STM-METADATA-EN,metadata,en,9,0.5954415499710735,7,0.34824144177450894,0.24720010819656452,FALSE,FALSE,2020,Decision Support System For Student Scholarship Recipients Using Simple Additive Weighting Method with Sensitivity Analysis,10.1109/icic50835.2020.9288617,OpenAlex,metadata,0.9700383607513515
doi:10.21070/ijemd.v14i.589,doi:10.21070/ijemd.v14i.589,STM-METADATA-EN,metadata,en,12,0.7699882310824169,5,0.08854747960395593,0.681440751478461,FALSE,FALSE,2021,Literature Study on Implementation of Elementary School Student Character Education,10.21070/ijemd.v14i.589,OpenAlex,metadata,0.9491009309497137
doi:10.1590/scielopreprints.3464,doi:10.1590/scielopreprints.3464,STM-METADATA-EN,metadata,en,1,0.49252510651417236,5,0.21147592200031623,0.28104918451385613,FALSE,FALSE,2022,"SCHOOL DIRECTOR ROLE IN MANAGEMENT OF CHILDREN'S EDUCATION IN SÃO JOSÉ DE MIPIBU, RN - BRAZIL",10.1590/scielopreprints.3464,OpenAlex,metadata,1.613021118993537
doi:10.1177/21582440221085001,doi:10.1177/21582440221085001,STM-METADATA-EN,metadata,en,14,0.7168915562068227,9,0.2062268795361192,0.5106646766707035,FALSE,FALSE,2022,Empowering Personal Knowledge Management Among Teachers in Indonesia: A Multi-Faceted Approach using SEM,10.1177/21582440221085001,OpenAlex,metadata,0.9223814571055249
doi:10.47577/tssj.v50i1.9932,doi:10.47577/tssj.v50i1.9932,STM-METADATA-EN,metadata,en,12,0.4791692081644172,4,0.2599977068701712,0.219171501294246,FALSE,FALSE,2023,School-Based Management From the Viewpoint of the Principal's Leadership (Study at State Vocational School 1 Bone),10.47577/tssj.v50i1.9932,OpenAlex,metadata,1.3520659946275224
doi:10.25446/oxford.21107608.v1,doi:10.25446/oxford.21107608.v1,STM-METADATA-EN,metadata,en,15,0.270385945300013,9,0.24577499916819293,0.02461094613182005,FALSE,TRUE,2022,System Coherence for Learning: Applications of the RISE Education Systems Framework,10.25446/oxford.21107608.v1,OpenAlex,metadata,1.9752680390815756
doi:10.36941/ajis-2021-0053,doi:10.36941/ajis-2021-0053,STM-METADATA-EN,metadata,en,8,0.4532798110434581,7,0.2133298801755846,0.2399499308678735,FALSE,FALSE,2021,Impact of Student Learning at Home Prevent Pandemic Covid-19 in Indonesia,10.36941/ajis-2021-0053,OpenAlex,metadata,1.663379203634274
doi:10.1371/journal.pone.0227519,doi:10.1371/journal.pone.0227519,STM-METADATA-EN,metadata,en,11,0.5543926708956606,7,0.39721992400871137,0.1571727468869492,FALSE,FALSE,2020,Educators’ perceptions of organisational readiness for implementation of a pre-adolescent transdisciplinary school health intervention for inter-generational outcomes,10.1371/journal.pone.0227519,OpenAlex,metadata,0.9468019444059366
doi:10.3126/jmds.v31i01.52848,doi:10.3126/jmds.v31i01.52848,STM-METADATA-EN,metadata,en,1,0.958657397244972,15,0.01587551902079056,0.9427818782241815,FALSE,FALSE,2022,School governance in Nepal: A perspective of new public management theory,10.3126/jmds.v31i01.52848,OpenAlex,metadata,0.26336731128618623
doi:10.54195/ijpe.18201,doi:10.54195/ijpe.18201,STM-METADATA-EN,metadata,en,7,0.6857162688459021,13,0.22294241203900442,0.46277385680689764,FALSE,FALSE,2023,"Parental Involvement in High and Low Performing Schools in Gasabo District, Rwanda",10.54195/ijpe.18201,OpenAlex,metadata,0.9635662622044737
doi:10.3390/su141912279,doi:10.3390/su141912279,STM-METADATA-EN,metadata,en,15,0.38692534520700744,6,0.3380212678039727,0.04890407740303476,FALSE,TRUE,2022,"The Relationship between Figureheads and Managerial Leaders in the Private University Sector: A Decentralised, Competency-Based Leadership Model for Sustainable Higher Education",10.3390/su141912279,OpenAlex,metadata,1.5410971772390871
doi:10.22633/rpge.v24i2.13255,doi:10.22633/rpge.v24i2.13255,STM-METADATA-EN,metadata,en,1,0.5546867896366358,6,0.28402958271147605,0.2706572069251597,FALSE,FALSE,2020,"Nova gestão pública, educação e gestão escolar",10.22633/rpge.v24i2.13255,OpenAlex,metadata,1.223098046869034
doi:10.37478/jpm.v4i1.2476,doi:10.37478/jpm.v4i1.2476,STM-METADATA-EN,metadata,en,12,0.5534677021588045,4,0.2010488730034483,0.35241882915535616,FALSE,FALSE,2023,WOMEN'S LEADERSHIP STRATEGY IN INCREASING COMPETITIVENESS IN EDUCATIONAL INSTITUTIONS SMK AL-KALAM BANI MARWAN LEBAK REGENCY,10.37478/jpm.v4i1.2476,OpenAlex,metadata,1.4567846084622147
doi:10.1177/08920206231177375,doi:10.1177/08920206231177375,STM-METADATA-EN,metadata,en,8,0.7874653923417937,5,0.16015286789878747,0.6273125244430062,FALSE,FALSE,2023,Leading schools during a pandemic and beyond: Insights from principals in the Philippines,10.1177/08920206231177375,OpenAlex,metadata,0.7620554268509088
doi:10.4018/978-1-7998-7760-8.ch009,doi:10.4018/978-1-7998-7760-8.ch009,STM-METADATA-EN,metadata,en,3,0.31839068047922164,5,0.2716355309450323,0.046755149534189355,FALSE,TRUE,2021,Educational Leadership,10.4018/978-1-7998-7760-8.ch009,OpenAlex,metadata,1.7511002693672515
doi:10.4135/9781071840801.n92,doi:10.4135/9781071840801.n92,STM-METADATA-EN,metadata,en,3,0.7557683941479814,15,0.08422183578942956,0.6715465583585518,FALSE,FALSE,2023,Educational Leadership,10.4135/9781071840801.n92,OpenAlex,metadata,1.0383847510875686
doi:10.4324/9780429487224,doi:10.4324/9780429487224,STM-METADATA-EN,metadata,en,3,0.9061500805505048,10,0.03121577358129897,0.8749343069692058,FALSE,FALSE,2020,Anti-Racist Educational Leadership and Policy,10.4324/9780429487224,OpenAlex,metadata,0.48355099926658357
doi:10.1108/jea-03-2021-0057,doi:10.1108/jea-03-2021-0057,STM-METADATA-EN,metadata,en,15,0.4189801149256051,3,0.3473448471885639,0.07163526773704121,FALSE,TRUE,2021,Understanding educational leadership during times of crises: a scoping review,10.1108/jea-03-2021-0057,OpenAlex,metadata,1.3132426233914871
doi:10.1080/19415257.2020.1747105,doi:10.1080/19415257.2020.1747105,STM-METADATA-EN,metadata,en,5,0.3603788169463416,3,0.3138707441611096,0.046508072785232,FALSE,TRUE,2020,Bringing context and educational leadership together: fostering the professional development of school principals,10.1080/19415257.2020.1747105,OpenAlex,metadata,1.6898099341094024
doi:10.24234/miopap.v3i3.255,doi:10.24234/miopap.v3i3.255,STM-METADATA-EN,metadata,en,3,0.3425581117926481,5,0.238296997455213,0.10426111433743512,FALSE,FALSE,2020,"EDUCATIONAL LEADERSHIP AND MANAGEMENT: THEORY, POLICY, AND PRACTICE",10.24234/miopap.v3i3.255,OpenAlex,metadata,1.7254026444698127
doi:10.4324/9781003360070-12,doi:10.4324/9781003360070-12,STM-METADATA-EN,metadata,en,3,0.6316370155931788,15,0.1683273834237289,0.46330963216944987,FALSE,FALSE,2023,Islamic educational leadership,10.4324/9781003360070-12,OpenAlex,metadata,1.1835000418008448
doi:10.4018/978-1-6684-8332-9.ch008,doi:10.4018/978-1-6684-8332-9.ch008,STM-METADATA-EN,metadata,en,3,0.3336885772525329,10,0.3254214004658523,0.008267176786680652,FALSE,TRUE,2023,The Impact of Educational Leadership in Improving the Learning Experience,10.4018/978-1-6684-8332-9.ch008,OpenAlex,metadata,1.5659091632566926
doi:10.1080/13603124.2022.2042856,doi:10.1080/13603124.2022.2042856,STM-METADATA-EN,metadata,en,8,0.4714353565943651,10,0.23091326820938116,0.24052208838498393,FALSE,FALSE,2022,The emotional intensity of educational leadership: a scoping review,10.1080/13603124.2022.2042856,OpenAlex,metadata,1.5852538677793886
doi:10.1177/14752409211032531,doi:10.1177/14752409211032531,STM-METADATA-EN,metadata,en,3,0.3841935152110753,10,0.2666393390572906,0.11755417615378472,FALSE,FALSE,2021,Educational Leadership and the Impact of Societal Culture on Effective Practices,10.1177/14752409211032531,OpenAlex,metadata,1.64722592626212
doi:10.1177/17411432211034174,doi:10.1177/17411432211034174,STM-METADATA-EN,metadata,en,5,0.4357532502758544,3,0.2404425269585409,0.19531072331731347,FALSE,FALSE,2021,Principals’ perceptions of school autonomy and educational leadership,10.1177/17411432211034174,OpenAlex,metadata,1.5330244424372652
doi:10.1080/00131911.2022.2066632,doi:10.1080/00131911.2022.2066632,STM-METADATA-EN,metadata,en,15,0.7398880138997277,3,0.17488356037476271,0.565004453524965,FALSE,FALSE,2022,Educational leadership and policy studies in refugee education: a systematic review of existing research,10.1080/00131911.2022.2066632,OpenAlex,metadata,0.8742606441335359
doi:10.1080/13632434.2020.1789856,doi:10.1080/13632434.2020.1789856,STM-METADATA-EN,metadata,en,3,0.6942053121934064,15,0.2343853987093497,0.4598199134840567,FALSE,FALSE,2020,"Exploring the leadership knowledge base: evidence, implications, and challenges for educational leadership in Wales",10.1080/13632434.2020.1789856,OpenAlex,metadata,0.9217426335715515
doi:10.1080/02680939.2020.1847412,doi:10.1080/02680939.2020.1847412,STM-METADATA-EN,metadata,en,3,0.9079253467313879,10,0.027213694608451414,0.8807116521229365,FALSE,FALSE,2020,Anti-Racist Educational Leadership and Policy: Addressing Racism in Public Education,10.1080/02680939.2020.1847412,OpenAlex,metadata,0.48266159013835436
doi:10.1177/1052684621993047,doi:10.1177/1052684621993047,STM-METADATA-EN,metadata,en,3,0.5477871666413449,16,0.13585546186446873,0.41193170477687613,FALSE,FALSE,2021,Disrupting Dysconsciousness: Confronting Anti-Blackness in Educational Leadership Preparation Programs,10.1177/1052684621993047,OpenAlex,metadata,1.6396280172972564
doi:10.1080/13603124.2021.1972162,doi:10.1080/13603124.2021.1972162,STM-METADATA-EN,metadata,en,3,0.4275440387783125,5,0.3095827320185785,0.11796130675973399,FALSE,FALSE,2021,Leadership for learning as an organization-wide practice: evidence on its multilevel structure and implications for educational leadership practice and research,10.1080/13603124.2021.1972162,OpenAlex,metadata,1.4684919437784154
doi:10.1177/17411432221142150,doi:10.1177/17411432221142150,STM-METADATA-EN,metadata,en,3,0.6077313772468372,15,0.3664114262726162,0.24131995097422104,FALSE,FALSE,2022,"Systematic review of research on women and educational leadership in Mainland China, Hong Kong and Taiwan",10.1177/17411432221142150,OpenAlex,metadata,0.818912994876737
doi:10.1177/1052684621993046,doi:10.1177/1052684621993046,STM-METADATA-EN,metadata,en,3,0.8977642232802098,16,0.030441278071367747,0.867322945208842,FALSE,FALSE,2021,All We Need Is One Mic: A Call for Anti-racist Solidarity to Deconstruct Anti-Black Racism in Educational Leadership,10.1177/1052684621993046,OpenAlex,metadata,0.5358913204623479
doi:10.47191/ijsshr/v5-i5-26,doi:10.47191/ijsshr/v5-i5-26,STM-METADATA-EN,metadata,en,3,0.39167985718513265,12,0.21220552041613266,0.179474336769,FALSE,FALSE,2022,"Educational Leadership: Islamic Religious, Philosophy, Psychology, and Sociology Perspectives",10.47191/ijsshr/v5-i5-26,OpenAlex,metadata,1.758606495338866
doi:10.1093/acrefore/9780190264093.013.613,doi:10.1093/acrefore/9780190264093.013.613,STM-METADATA-EN,metadata,en,3,0.7377994605582988,15,0.1412620205115769,0.5965374400467219,FALSE,FALSE,2020,Educational Leadership as Practice,10.1093/acrefore/9780190264093.013.613,OpenAlex,metadata,0.9473482871845806
doi:10.1177/1741143220918252,doi:10.1177/1741143220918252,STM-METADATA-EN,metadata,en,16,0.4133391329561184,5,0.2463797875492872,0.16695934540683122,FALSE,FALSE,2020,Curriculum analysis of educational leadership master’s programs in the university system of Maryland,10.1177/1741143220918252,OpenAlex,metadata,1.64770945192346
doi:10.1080/13603124.2020.1717000,doi:10.1080/13603124.2020.1717000,STM-METADATA-EN,metadata,en,3,0.7156000800954182,15,0.2534918222689472,0.462108257826471,FALSE,FALSE,2020,The radical critique of culture and social justice educational leadership,10.1080/13603124.2020.1717000,OpenAlex,metadata,0.7577499460301956
doi:10.5038/2577-509x.4.2.1040,doi:10.5038/2577-509x.4.2.1040,STM-METADATA-EN,metadata,en,14,0.5324324639209447,3,0.33558392079286564,0.19684854312807903,FALSE,FALSE,2020,"Educational leadership, leader-member exchange and teacher self-efficacy",10.5038/2577-509x.4.2.1040,OpenAlex,metadata,1.1902244498322625
doi:10.1177/17411432211030747,doi:10.1177/17411432211030747,STM-METADATA-EN,metadata,en,15,0.61471828670009,3,0.2915988306912324,0.3231194560088576,FALSE,FALSE,2021,Exploring visual method in the field of educational leadership: Co-creating understandings of educational leadership and authority in school organisations,10.1177/17411432211030747,OpenAlex,metadata,1.009947665486236
doi:10.24818/rmci.2021.1.74,doi:10.24818/rmci.2021.1.74,STM-METADATA-EN,metadata,en,3,0.2428635614635723,15,0.20307553843383494,0.03978802302973736,FALSE,TRUE,2021,Educational Leadership and ICT Implementation in Israeli Arab Sector – towards a Model of Hybrid Leadership,10.24818/rmci.2021.1.74,OpenAlex,metadata,1.9996744332847103
doi:10.1365/s42681-020-00016-z,doi:10.1365/s42681-020-00016-z,STM-METADATA-EN,metadata,en,15,0.6671932914255799,3,0.2171754076493106,0.45001788377626933,FALSE,FALSE,2020,"Educational leadership research, Twitter and the curation of followership",10.1365/s42681-020-00016-z,OpenAlex,metadata,1.08071002207694
doi:10.1080/00220620.2023.2292573,doi:10.1080/00220620.2023.2292573,STM-METADATA-EN,metadata,en,3,0.6117038963063531,12,0.18450918079999132,0.4271947155063618,FALSE,FALSE,2023,An Islamic-oriented educational leadership model: towards a new theory of school leadership in Muslim societies,10.1080/00220620.2023.2292573,OpenAlex,metadata,1.2356876382016757
record:a697c343f95db71761935e22,record:a697c343f95db71761935e22,STM-METADATA-EN,metadata,en,1,0.4625672536135477,15,0.41213926432098946,0.05042798929255826,FALSE,TRUE,2021,Governance and educational leadership,NA,OpenAlex,metadata,1.1978257105938772
doi:10.1177/1478210320940136,doi:10.1177/1478210320940136,STM-METADATA-EN,metadata,en,3,0.9347496717856881,1,0.02227666574772908,0.912473006037959,FALSE,FALSE,2020,Leading with/in emotion states: The criticality of political subjects and policy debates in educational leadership on emotions,10.1177/1478210320940136,OpenAlex,metadata,0.35922176453702903
doi:10.22329/jtl.v16i1.6830,doi:10.22329/jtl.v16i1.6830,STM-METADATA-EN,metadata,en,3,0.9773032133783575,10,0.0059196205163548786,0.9713835928620026,FALSE,FALSE,2022,Decolonizing Educational Leadership: Exploring Alternative Approaches to Leading Schools,10.22329/jtl.v16i1.6830,OpenAlex,metadata,0.1542336043200644
doi:10.1002/rev3.70077,doi:10.1002/rev3.70077,STM-METADATA-EN,metadata,en,3,0.6167110377948445,15,0.2435935228050182,0.37311751498982626,FALSE,FALSE,2025,Educational leadership for social justice: A systematic review of empirical evidence,10.1002/rev3.70077,OpenAlex,metadata,1.107893911858995
doi:10.1007/s41463-024-00181-z,doi:10.1007/s41463-024-00181-z,STM-METADATA-EN,metadata,en,10,0.4164385128210871,3,0.24358574502675392,0.1728527677943332,FALSE,FALSE,2024,The Development of a New Model of Educational Leadership: Leadership for Teacher Flourishing,10.1007/s41463-024-00181-z,OpenAlex,metadata,1.6086315678283825
doi:10.1177/0013161x20981148,doi:10.1177/0013161x20981148,STM-METADATA-EN,metadata,en,3,0.5277247019633948,1,0.28653388616777764,0.24119081579561719,FALSE,FALSE,2021,Images of Educational Leadership: How Principals Make Sense of Democracy and Social Justice in Two Distinct Policy Contexts,10.1177/0013161x20981148,OpenAlex,metadata,1.3262643902070934
doi:10.1177/1741143220973670,doi:10.1177/1741143220973670,STM-METADATA-EN,metadata,en,3,0.8233906819908383,11,0.07409420295070265,0.7492964790401356,FALSE,FALSE,2020,Colour-blind educational leadership policy: A critical race theory analysis of school principalship standards in South Africa,10.1177/1741143220973670,OpenAlex,metadata,0.7390376663827343
doi:10.4324/9781003130277,doi:10.4324/9781003130277,STM-METADATA-EN,metadata,en,3,0.7191021970887511,2,0.13352741922029374,0.5855747778684574,FALSE,FALSE,2021,The Power of Responsive Educational Leadership,10.4324/9781003130277,OpenAlex,metadata,1.097871052971432
doi:10.61796/ejlhss.v1i1.12,doi:10.61796/ejlhss.v1i1.12,STM-METADATA-EN,metadata,en,10,0.8654621278075924,3,0.09472354991860918,0.7707385778889831,FALSE,FALSE,2023,Importance of Upskilling and Reskilling in Educational Leadership and Management,10.61796/ejlhss.v1i1.12,OpenAlex,metadata,0.5708434765108321
doi:10.3390/educsci14040429,doi:10.3390/educsci14040429,STM-METADATA-EN,metadata,en,15,0.7446999419832276,5,0.16402275457652263,0.580677187406705,FALSE,FALSE,2024,The Intellectual Evolution of Educational Leadership Research: A Combined Bibliometric and Thematic Analysis Using SciMAT,10.3390/educsci14040429,OpenAlex,metadata,0.9311083248750676
doi:10.1177/00131245221092743,doi:10.1177/00131245221092743,STM-METADATA-EN,metadata,en,3,0.6761151932202991,5,0.1550538248987497,0.5210613683215495,FALSE,FALSE,2022,Community-Based Educational Leadership in Principal Preparation: A Comparative Case Study of Aspiring Latina Leaders,10.1177/00131245221092743,OpenAlex,metadata,1.199280263575853
doi:10.1093/acrefore/9780190264093.013.722,doi:10.1093/acrefore/9780190264093.013.722,STM-METADATA-EN,metadata,en,3,0.6412846929381377,16,0.22791381212074402,0.4133708808173937,FALSE,FALSE,2020,Professional Standards for Educational Leadership,10.1093/acrefore/9780190264093.013.722,OpenAlex,metadata,1.1695249615483343
doi:10.1086/715478,doi:10.1086/715478,STM-METADATA-EN,metadata,en,15,0.31461212844895015,3,0.26664376570008724,0.0479683627488629,FALSE,TRUE,2021,The Social Continuum of Educational Leadership,10.1086/715478,OpenAlex,metadata,1.8679142007184049
doi:10.4018/979-8-3693-3443-0.ch016,doi:10.4018/979-8-3693-3443-0.ch016,STM-METADATA-EN,metadata,en,10,0.847529298365391,3,0.07609074270323604,0.771438555662155,FALSE,FALSE,2024,The Role of Emotional Intelligence in Educational Leadership,10.4018/979-8-3693-3443-0.ch016,OpenAlex,metadata,0.690375678658814
doi:10.4324/9781003279334,doi:10.4324/9781003279334,STM-METADATA-EN,metadata,en,3,0.8176237360308194,1,0.09769737025856318,0.7199263657722562,FALSE,FALSE,2024,"Resistance in Educational Leadership, Management, and Administration",10.4324/9781003279334,OpenAlex,metadata,0.7700288556806344
doi:10.4324/9781003029960,doi:10.4324/9781003029960,STM-METADATA-EN,metadata,en,3,0.9351598856354858,10,0.025398136745361104,0.9097617488901247,FALSE,FALSE,2020,Black Educational Leadership,10.4324/9781003029960,OpenAlex,metadata,0.36707577973984606
doi:10.1080/13603124.2020.1787525,doi:10.1080/13603124.2020.1787525,STM-METADATA-EN,metadata,en,16,0.4162206481875437,10,0.3597637482493951,0.056456899938148564,FALSE,TRUE,2020,Increasing partnerships in educational leadership and school counseling: a framework for collaborative school principal and school counselor preparation and support,10.1080/13603124.2020.1787525,OpenAlex,metadata,1.5100722571992975
doi:10.1177/0013161x231166335,doi:10.1177/0013161x231166335,STM-METADATA-EN,metadata,en,3,0.6701139807051824,15,0.2902683598609544,0.37984562084422796,FALSE,FALSE,2023,A Systematic Literature Review of Educational Leadership and U.S. School Shootings: Establishing a Research Agenda,10.1177/0013161x231166335,OpenAlex,metadata,0.8339036913721056
doi:10.17583/ijelm.0.7666,doi:10.17583/ijelm.0.7666,STM-METADATA-EN,metadata,en,8,0.557368089723956,5,0.1931227576952063,0.36424533202874976,FALSE,FALSE,2021,The Phenomenon of Leading without Guidebook: Educational Leadership Practices of Philippine School Principals in Virulent COVID-19 Times,10.17583/ijelm.0.7666,OpenAlex,metadata,1.2477008654424442
doi:10.17583/ijelm.2020.4298,doi:10.17583/ijelm.2020.4298,STM-METADATA-EN,metadata,en,10,0.20571376091157176,4,0.18024113709750816,0.025472623814063594,FALSE,TRUE,2020,Contemporary educational leadership and its role in converting traditional schools into professional learning communities,10.17583/ijelm.2020.4298,OpenAlex,metadata,2.3382923708758354
doi:10.1093/acrefore/9780190264093.013.987,doi:10.1093/acrefore/9780190264093.013.987,STM-METADATA-EN,metadata,en,3,0.4605403113643606,2,0.33193336671420853,0.12860694465015204,FALSE,FALSE,2020,An Emerging Framework for Inclusive Educational Leadership,10.1093/acrefore/9780190264093.013.987,OpenAlex,metadata,1.3686719297188665
doi:10.21307/jelpp-2020-005,doi:10.21307/jelpp-2020-005,STM-METADATA-EN,metadata,en,5,0.4374042992650328,3,0.3521050871992577,0.08529921206577512,FALSE,TRUE,2020,An evolution in distributed educational leadership: From sole leader to co-principalship,10.21307/jelpp-2020-005,OpenAlex,metadata,1.4488147713763024
doi:10.1177/21582440241285763,doi:10.1177/21582440241285763,STM-METADATA-EN,metadata,en,15,0.5584304353012753,3,0.3307148688648944,0.22771556643638097,FALSE,FALSE,2024,Evolution and Current Research Status of Educational Leadership Theory: A Content Analysis-Based Study,10.1177/21582440241285763,OpenAlex,metadata,1.0976438505575532
doi:10.2478/atd-2020-0022,doi:10.2478/atd-2020-0022,STM-METADATA-EN,metadata,en,5,0.6256483251091348,4,0.21639521445094861,0.4092531106581862,FALSE,FALSE,2020,"Differences and Similarities between Coaching, Instructional and Educational Leadership Styles",10.2478/atd-2020-0022,OpenAlex,metadata,1.2340240354844219
doi:10.52223/jess.2024.5225,doi:10.52223/jess.2024.5225,STM-METADATA-EN,metadata,en,10,0.5887639885401666,14,0.2197519897399116,0.36901199880025504,FALSE,FALSE,2024,The Influence of Emotional Intelligence in Educational Leadership and School Climate,10.52223/jess.2024.5225,OpenAlex,metadata,1.2227670274117899
doi:10.1080/13603124.2021.2021294,doi:10.1080/13603124.2021.2021294,STM-METADATA-EN,metadata,en,7,0.35639134292683783,5,0.23229801203565792,0.12409333089117991,FALSE,FALSE,2022,Does educational leadership enhance instructional quality and student achievement? The case of Austrian primary school leaders,10.1080/13603124.2021.2021294,OpenAlex,metadata,1.7782532002828144
doi:10.1080/13603124.2020.1853246,doi:10.1080/13603124.2020.1853246,STM-METADATA-EN,metadata,en,3,0.47344058870777683,14,0.2376160997589546,0.23582448894882224,FALSE,FALSE,2020,(Don’t) lean on me: the micropolitics of caring educational leadership,10.1080/13603124.2020.1853246,OpenAlex,metadata,1.4661115225002885
doi:10.1177/01614681221129401,doi:10.1177/01614681221129401,STM-METADATA-EN,metadata,en,3,0.8811233598360597,1,0.0423116683609695,0.8388116914750903,FALSE,FALSE,2022,Educational Leadership as Accompaniment: From Managing to Cultivating Youth Activism,10.1177/01614681221129401,OpenAlex,metadata,0.5872423098281726
doi:10.54097/jeer.v2i1.5416,doi:10.54097/jeer.v2i1.5416,STM-METADATA-EN,metadata,en,9,0.32943351046780783,3,0.3186015758416668,0.010831934626141015,FALSE,TRUE,2023,The development direction of educational leadership in the context of globalization,10.54097/jeer.v2i1.5416,OpenAlex,metadata,1.7245477785205514
doi:10.4324/9781003334835-11,doi:10.4324/9781003334835-11,STM-METADATA-EN,metadata,en,3,0.3669670455802081,10,0.31332820188517846,0.05363884369502964,FALSE,TRUE,2023,K-12 Educational Leadership and Administration in Qatar,10.4324/9781003334835-11,OpenAlex,metadata,1.593910857207597
doi:10.1177/17411432221076251,doi:10.1177/17411432221076251,STM-METADATA-EN,metadata,en,5,0.9478354558342471,3,0.007476173491156557,0.9403592823430905,FALSE,FALSE,2022,Educational leadership regarding municipal school support services in Iceland,10.1177/17411432221076251,OpenAlex,metadata,0.3353518491076888
doi:10.4337/9781800880429.00036,doi:10.4337/9781800880429.00036,STM-METADATA-EN,metadata,en,3,0.5994324248467902,15,0.2642567953085322,0.33517562953825797,FALSE,FALSE,2023,Educational leadership research methods: a social reconstruction,10.4337/9781800880429.00036,OpenAlex,metadata,1.1603739090045193
doi:10.35723/ajie.v7i2.402,doi:10.35723/ajie.v7i2.402,STM-METADATA-EN,metadata,en,5,0.3565711670644622,4,0.24604332794361888,0.1105278391208433,FALSE,FALSE,2023,Optimizing Educational Leadership: Building Sustainable Education in the 5.0 Era,10.35723/ajie.v7i2.402,OpenAlex,metadata,1.7585452360362137
doi:10.1177/19427751241245971,doi:10.1177/19427751241245971,STM-METADATA-EN,metadata,en,3,0.5533272112079296,5,0.3473965373356783,0.20593067387225128,FALSE,FALSE,2024,Developing a Personalized Educational Leadership Theory: A Promising Approach to School Leadership Development?,10.1177/19427751241245971,OpenAlex,metadata,1.1028417020815138
doi:10.1177/17577438211058965,doi:10.1177/17577438211058965,STM-METADATA-EN,metadata,en,3,0.8075404037780558,7,0.13512728994251041,0.6724131138355454,FALSE,FALSE,2022,Gender equality and educational leadership in Chinese schools,10.1177/17577438211058965,OpenAlex,metadata,0.7379871220413121
doi:10.1108/jea-10-2022-0180,doi:10.1108/jea-10-2022-0180,STM-METADATA-EN,metadata,en,3,0.5105738504617493,15,0.12078296647394651,0.3897908839878028,FALSE,FALSE,2023,Educational leadership for migrant and refugee education: challenges and dilemmas in the Israeli context,10.1108/jea-10-2022-0180,OpenAlex,metadata,1.6545298783096702
doi:10.3390/rel15121565,doi:10.3390/rel15121565,STM-METADATA-EN,metadata,en,3,0.8631403866870262,12,0.06636720093148632,0.7967731857555399,FALSE,FALSE,2024,Redefining Leadership: The Role of Spirituality and Motherhood in Muslim Women’s Educational Leadership,10.3390/rel15121565,OpenAlex,metadata,0.6089544433608692
doi:10.1080/15700763.2020.1833939,doi:10.1080/15700763.2020.1833939,STM-METADATA-EN,metadata,en,3,0.7941197626097096,2,0.08190010948120276,0.7122196531285069,FALSE,FALSE,2021,"Educational Leadership for Social Justice in Multicultural Contexts: The Case of Melilla, Spain",10.1080/15700763.2020.1833939,OpenAlex,metadata,0.8889347232888183
doi:10.1177/17411432211019407,doi:10.1177/17411432211019407,STM-METADATA-EN,metadata,en,5,0.8491501370550969,14,0.10165514948994392,0.747494987565153,FALSE,FALSE,2021,A female advantage? Gender and educational leadership practices in urban primary schools in Chile,10.1177/17411432211019407,OpenAlex,metadata,0.6332414760554953
doi:10.1177/17411432241242629,doi:10.1177/17411432241242629,STM-METADATA-EN,metadata,en,10,0.29184459378234046,15,0.27805419270278914,0.013790401079551318,FALSE,TRUE,2024,Demystifying the impact of educational leadership on teachers’ subjective well-being: A bibliometric analysis and literature review,10.1177/17411432241242629,OpenAlex,metadata,1.862663415377079
record:ad5e4835f9c28af8447d7c40,record:ad5e4835f9c28af8447d7c40,STM-METADATA-EN,metadata,en,5,0.9250865448407063,4,0.02072188124974023,0.904364663590966,FALSE,FALSE,2021,EDUCATIONAL LEADERSHIP PRACTICES IN SECONDARY SCHOOLS: THE ROLE OF PRINCIPALS IN GOAL ACHIEVEMENT,NA,OpenAlex,metadata,0.4248279018750053
doi:10.57709/18723065,doi:10.57709/18723065,STM-METADATA-EN,metadata,en,9,0.3360162422442616,5,0.19744567494400211,0.13857056730025946,FALSE,FALSE,2022,Educational Leadership in the Age of Artificial Intelligence,10.57709/18723065,OpenAlex,metadata,1.875007003270429
doi:10.4018/978-1-7998-7947-3.ch016,doi:10.4018/978-1-7998-7947-3.ch016,STM-METADATA-EN,metadata,en,3,0.7876757658872572,1,0.10084928982700082,0.6868264760602564,FALSE,FALSE,2021,Ubuntu and Educational Leadership,10.4018/978-1-7998-7947-3.ch016,OpenAlex,metadata,0.9102404859847695
doi:10.1177/00220574211032588,doi:10.1177/00220574211032588,STM-METADATA-EN,metadata,en,8,0.5614795131639947,5,0.3135013124023235,0.2479782007616712,FALSE,FALSE,2021,The Impact of COVID-19 on the Educational Process: The Role of the School Principal,10.1177/00220574211032588,OpenAlex,metadata,1.230996213340654
doi:10.47750/cibg.2021.27.03.081,doi:10.47750/cibg.2021.27.03.081,STM-METADATA-EN,metadata,en,5,0.40034487919062595,1,0.2538945546322924,0.14645032455833357,FALSE,FALSE,2021,Educational Leadership and Management,10.47750/cibg.2021.27.03.081,OpenAlex,metadata,1.67004486783678
doi:10.1080/00220620.2020.1862767,doi:10.1080/00220620.2020.1862767,STM-METADATA-EN,metadata,en,15,0.6415041882719998,3,0.3168601962640219,0.32464399200797794,FALSE,FALSE,2020,"Review of international research on school leadership for social justice, equity and diversity",10.1080/00220620.2020.1862767,OpenAlex,metadata,0.8618579917471091
doi:10.33043/josep.2.3.20-30,doi:10.33043/josep.2.3.20-30,STM-METADATA-EN,metadata,en,3,0.6850757101313218,16,0.1281365957210871,0.5569391144102347,FALSE,FALSE,2022,Racial and Dis/Ability Equity-Oriented Educational Leadership Preparation,10.33043/josep.2.3.20-30,OpenAlex,metadata,1.1432723538153602
record:10b2ffeefccb48b4fb1bc9cb,record:10b2ffeefccb48b4fb1bc9cb,STM-METADATA-EN,metadata,en,13,0.3529741708147483,6,0.23898905392926562,0.11398511688548268,FALSE,FALSE,2021,"Educational Leadership And Management Styles Of Public Elementary School Heads And Level Of School-based Management Of Selected Schools In Palawan, Philippines",NA,OpenAlex,metadata,1.715314859609855
doi:10.1080/00313831.2022.2043430,doi:10.1080/00313831.2022.2043430,STM-METADATA-EN,metadata,en,8,0.7703460987669315,5,0.10290092590753727,0.6674451728593942,FALSE,FALSE,2022,School Principals’ Experiences and Learning from the Covid-19 Pandemic in Norway,10.1080/00313831.2022.2043430,OpenAlex,metadata,0.9808405440376766
doi:10.1108/ijem-01-2021-0019,doi:10.1108/ijem-01-2021-0019,STM-METADATA-EN,metadata,en,10,0.3977791491466613,5,0.2799672488296858,0.11781190031697547,FALSE,FALSE,2021,Educational leadership and innovative teaching practices: a polynomial regression and response surface analysis,10.1108/ijem-01-2021-0019,OpenAlex,metadata,1.4751459728946175
doi:10.1007/978-3-031-65215-8_19,doi:10.1007/978-3-031-65215-8_19,STM-METADATA-EN,metadata,en,6,0.6542757992741092,5,0.06493411158782547,0.5893416876862837,FALSE,FALSE,2024,Educational Leadership and Quality Assurance in Schools,10.1007/978-3-031-65215-8_19,OpenAlex,metadata,1.4668783423600495
doi:10.21580/nw.2020.14.2.6203,doi:10.21580/nw.2020.14.2.6203,STM-METADATA-EN,metadata,en,3,0.5957319544522446,12,0.21329438077872045,0.38243757367352416,FALSE,FALSE,2021,Qur’anic-Based Educational Leadership: An Inquiry Into Surah Al-Fatihah,10.21580/nw.2020.14.2.6203,OpenAlex,metadata,1.3289715582463966
doi:10.9734/ajess/2024/v50i81542,doi:10.9734/ajess/2024/v50i81542,STM-METADATA-EN,metadata,en,10,0.31680274355015897,11,0.3094586220800686,0.007344121470090392,FALSE,TRUE,2024,The Impact of Educational Leadership on Student Achievement: A Comparative Analysis of Urban and Rural Schools,10.9734/ajess/2024/v50i81542,OpenAlex,metadata,1.5899126026542587
doi:10.3390/educsci14040410,doi:10.3390/educsci14040410,STM-METADATA-EN,metadata,en,8,0.3584565169649385,3,0.30025634560578096,0.05820017135915756,FALSE,TRUE,2024,Responding to the Current Capricious State of Australian Educational Leadership: We Should Have Seen It Coming!,10.3390/educsci14040410,OpenAlex,metadata,1.6822781205813884
doi:10.1007/978-3-031-37604-7_10,doi:10.1007/978-3-031-37604-7_10,STM-METADATA-EN,metadata,en,3,0.7325480800474429,15,0.07096228371533161,0.6615857963321112,FALSE,FALSE,2023,Moral Professionalism in the Context of Educational Leadership,10.1007/978-3-031-37604-7_10,OpenAlex,metadata,1.158277501977633
doi:10.61093/bel.8(3).184-198.2024,doi:10.61093/bel.8(3).184-198.2024,STM-METADATA-EN,metadata,en,9,0.321906161256481,14,0.2148367316086587,0.10706942964782232,FALSE,FALSE,2024,Professional Standards and Educational Leadership: Higher Secondary Teachers’ Behavioral Intention Towards Adopting New Teaching Technologies,10.61093/bel.8(3).184-198.2024,OpenAlex,metadata,1.8153520280314879
doi:10.3389/feduc.2022.983807,doi:10.3389/feduc.2022.983807,STM-METADATA-EN,metadata,en,10,0.7322422877018026,5,0.07084873067578609,0.6613935570260164,FALSE,FALSE,2022,Continuous professional development programmes for school principals in the 21st century: Lessons learned from educational leadership practices,10.3389/feduc.2022.983807,OpenAlex,metadata,1.1828442497858436
doi:10.4324/9781003241577,doi:10.4324/9781003241577,STM-METADATA-EN,metadata,en,3,0.9227297564194646,15,0.05221119634701282,0.8705185600724519,FALSE,FALSE,2021,Why Context Matters in Educational Leadership,10.4324/9781003241577,OpenAlex,metadata,0.37151962777195485
doi:10.1016/j.dib.2021.107654,doi:10.1016/j.dib.2021.107654,STM-METADATA-EN,metadata,en,7,0.47088634483973707,15,0.2903653093210527,0.18052103551868437,FALSE,FALSE,2021,Dataset on factors affecting social media use among school principals for educational leaderships,10.1016/j.dib.2021.107654,OpenAlex,metadata,1.521727758873717
doi:10.3126/njmr.v8i2.78025,doi:10.3126/njmr.v8i2.78025,STM-METADATA-EN,metadata,en,3,0.6365681198924567,10,0.3459382314006523,0.2906298884918044,FALSE,FALSE,2025,Women in Educational Leadership: Realities and Challenges,10.3126/njmr.v8i2.78025,OpenAlex,metadata,0.7632015786206535
doi:10.5430/wje.v13n4p16,doi:10.5430/wje.v13n4p16,STM-METADATA-EN,metadata,en,15,0.3357561531578147,3,0.2597698090706271,0.07598634408718763,FALSE,TRUE,2023,Critique of Research Methodologies and Methods in Educational Leadership,10.5430/wje.v13n4p16,OpenAlex,metadata,1.802257459983442
doi:10.29173/iasl8023,doi:10.29173/iasl8023,STM-METADATA-EN,metadata,en,10,0.46566708148073077,3,0.11960105656733622,0.34606602491339455,FALSE,FALSE,2021,School Librarians and Educational Leadership: Productive Pedagogy for the Information Age School,10.29173/iasl8023,OpenAlex,metadata,1.9088254812608882
doi:10.1177/1942775120964821,doi:10.1177/1942775120964821,STM-METADATA-EN,metadata,en,5,0.5209764653624903,4,0.1789835597144853,0.341992905648005,FALSE,FALSE,2020,Implementing School Improvement Plans: Perceptions and Implications of Aspiring Principals for Educational Leadership Programs,10.1177/1942775120964821,OpenAlex,metadata,1.602800275694421
doi:10.3390/su15054620,doi:10.3390/su15054620,STM-METADATA-EN,metadata,en,14,0.5354497434395569,10,0.23509241041912668,0.3003573330204302,FALSE,FALSE,2023,Impact of Teachers’ Commitment to the Relationship between Transformational Leadership and Sustainable Teaching Performance,10.3390/su15054620,OpenAlex,metadata,1.4066351533867065
doi:10.1002/rev3.70101,doi:10.1002/rev3.70101,STM-METADATA-EN,metadata,en,3,0.35154289278936873,9,0.25622406780211066,0.09531882498725808,FALSE,TRUE,2025,Navigating the challenges and opportunities of artificial intelligence in educational leadership: A scoping review,10.1002/rev3.70101,OpenAlex,metadata,1.5185952126714557
doi:10.53555/kuey.v30i4.1007,doi:10.53555/kuey.v30i4.1007,STM-METADATA-EN,metadata,en,16,0.5400877561065013,4,0.1379658922696162,0.4021218638368851,FALSE,FALSE,2024,Education Is A Key Tool In The Development Of Society And Educational Leadership And Is A Key Element For Effective School And Education,10.53555/kuey.v30i4.1007,OpenAlex,metadata,1.4984354689711723
doi:10.6007/ijarbss/v11-i2/9188,doi:10.6007/ijarbss/v11-i2/9188,STM-METADATA-EN,metadata,en,14,0.3329234243000022,5,0.28066840942695703,0.05225501487304518,FALSE,TRUE,2021,“Followership” - The Missing Puzzle in Educational Leadership Research,10.6007/ijarbss/v11-i2/9188,OpenAlex,metadata,1.5752635685323793
doi:10.1177/27526461241235937,doi:10.1177/27526461241235937,STM-METADATA-EN,metadata,en,3,0.5494659655948536,16,0.2982523144632019,0.2512136511316517,FALSE,FALSE,2024,Preparing school leaders for social justice: An analysis of educational leadership preparation programs in Jamaica,10.1177/27526461241235937,OpenAlex,metadata,1.2043090323168104
doi:10.35723/ajie.v8i1.339,doi:10.35723/ajie.v8i1.339,STM-METADATA-EN,metadata,en,12,0.6365129402299317,5,0.20248173368668115,0.4340312065432505,FALSE,FALSE,2023,Model of Educational Leadership Management in Boarding Schools,10.35723/ajie.v8i1.339,OpenAlex,metadata,1.1601098617534384
doi:10.4018/978-1-7998-7235-1.ch004,doi:10.4018/978-1-7998-7235-1.ch004,STM-METADATA-EN,metadata,en,3,0.9785002612306848,15,0.005610595145635962,0.9728896660850488,FALSE,FALSE,2021,Challenges Experienced by Women of Color in Educational Leadership,10.4018/978-1-7998-7235-1.ch004,OpenAlex,metadata,0.14720604198184795
doi:10.28945/4642,doi:10.28945/4642,STM-METADATA-EN,metadata,en,5,0.7988806568603117,16,0.16416851414951963,0.6347121427107921,FALSE,FALSE,2020,A Case Study of Educational Leadership Doctoral Students: Developing Culturally Competent School Leadership Through Study Abroad,10.28945/4642,OpenAlex,metadata,0.6713434974294138
doi:10.4324/9780429021770,doi:10.4324/9780429021770,STM-METADATA-EN,metadata,en,3,0.708279678493122,15,0.17740690735027953,0.5308727711428425,FALSE,FALSE,2020,School Leadership for Refugees' Education,10.4324/9780429021770,OpenAlex,metadata,1.0218400362578486
doi:10.47191/ijmra/v6-i4-46,doi:10.47191/ijmra/v6-i4-46,STM-METADATA-EN,metadata,en,10,0.35190475541284827,4,0.17353445066069328,0.17837030475215498,FALSE,FALSE,2023,The Role of Educational Leadership and Practices to School System and Discipline,10.47191/ijmra/v6-i4-46,OpenAlex,metadata,1.8496070231437929
doi:10.1007/978-3-031-38890-3,doi:10.1007/978-3-031-38890-3,STM-METADATA-EN,metadata,en,3,0.3338031879710546,8,0.24373630887155706,0.09006687909949757,FALSE,TRUE,2023,Educational Leadership in Times of Crisis,10.1007/978-3-031-38890-3,OpenAlex,metadata,1.8958913072885077
record:8b7f2bfe98ddb34860db1b52,record:8b7f2bfe98ddb34860db1b52,STM-METADATA-EN,metadata,en,3,0.9523457032248245,10,0.017151569493069525,0.935194133731755,FALSE,FALSE,2020,Black Educational Leadership : From Silencing to Authenticity,NA,OpenAlex,metadata,0.28603771767122593
doi:10.37231/jmtp.2021.2.2.105,doi:10.37231/jmtp.2021.2.2.105,STM-METADATA-EN,metadata,en,3,0.4617355249421842,14,0.19760562360893832,0.2641299013332459,FALSE,FALSE,2021,A Conceptual Paper for Educational Leadership Models in Malaysia,10.37231/jmtp.2021.2.2.105,OpenAlex,metadata,1.566569502449231
doi:10.4018/978-1-6684-4144-2.ch006,doi:10.4018/978-1-6684-4144-2.ch006,STM-METADATA-EN,metadata,en,3,0.8646061629294858,15,0.05425834519327419,0.8103478177362116,FALSE,FALSE,2022,Educational Leadership Standards,10.4018/978-1-6684-4144-2.ch006,OpenAlex,metadata,0.6062255810098021
doi:10.1108/jea-06-2021-263,doi:10.1108/jea-06-2021-263,STM-METADATA-EN,metadata,en,3,0.5205991220560159,9,0.27105065010786505,0.24954847194815083,FALSE,FALSE,2021,Commentary – Why aren't more educational leadership scholars researching technology?,10.1108/jea-06-2021-263,OpenAlex,metadata,1.4666510910770278
doi:10.35335/jiph.v11i3.24,doi:10.35335/jiph.v11i3.24,STM-METADATA-EN,metadata,en,10,0.34362407056928307,14,0.25210913626211273,0.09151493430717034,FALSE,TRUE,2022,Educational Leadership and Learning Quality: The Influence of the Princi-pal's Leadership Style on Teacher Performance,10.35335/jiph.v11i3.24,OpenAlex,metadata,1.627268226334879
doi:10.1177/1741143219896053,doi:10.1177/1741143219896053,STM-METADATA-EN,metadata,en,5,0.4694756588250827,15,0.3147192607847538,0.15475639804032887,FALSE,FALSE,2020,A systematic review of principals’ leadership identity from 1993 to 2019,10.1177/1741143219896053,OpenAlex,metadata,1.4840438467925003
doi:10.1177/17411432221136404,doi:10.1177/17411432221136404,STM-METADATA-EN,metadata,en,15,0.4292309101372711,3,0.34102048776134586,0.08821042237592525,FALSE,TRUE,2022,Post-migration ecology in educational leadership and policy for social justice: Welcoming refugee students in two distinct national contexts,10.1177/17411432221136404,OpenAlex,metadata,1.4647232572635478
doi:10.30828/real/2020.1.1,doi:10.30828/real/2020.1.1,STM-METADATA-EN,metadata,en,5,0.5748835392987975,9,0.258155642489288,0.3167278968095095,FALSE,FALSE,2020,Simulations for the Learning of Decision Making in Educational Leadership in the Context of the Chilean School System,10.30828/real/2020.1.1,OpenAlex,metadata,1.3561641684718575
doi:10.3390/rel15020215,doi:10.3390/rel15020215,STM-METADATA-EN,metadata,en,3,0.8349290954893878,10,0.07523671158110636,0.7596923839082814,FALSE,FALSE,2024,Exploring Female Muslim Educational Leadership in a Multicultural Canadian Context,10.3390/rel15020215,OpenAlex,metadata,0.683995957882438
doi:10.3390/educsci13020118,doi:10.3390/educsci13020118,STM-METADATA-EN,metadata,en,8,0.5146053481639462,15,0.2449188572999774,0.2696864908639688,FALSE,FALSE,2023,"Crisis Management, School Leadership in Disruptive Times and the Recovery of Schools in the Post COVID-19 Era: A Systematic Literature Review",10.3390/educsci13020118,OpenAlex,metadata,1.3216971829740403
doi:10.69566/ajehd.v4i1.75,doi:10.69566/ajehd.v4i1.75,STM-METADATA-EN,metadata,en,3,0.3279252592133833,10,0.3105390899009975,0.01738616931238579,FALSE,TRUE,2023,Navigating Educational Leadership Challenges: Transformations and Policy Implications for Filipino Principals,10.69566/ajehd.v4i1.75,OpenAlex,metadata,1.7459619376084259
doi:10.1155/2022/5690230,doi:10.1155/2022/5690230,STM-METADATA-EN,metadata,en,9,0.7567739237835419,5,0.0799343708743459,0.676839552909196,FALSE,FALSE,2022,[Retracted] Influence Mechanism of Educational Leadership on Environmental Accounting Based on Big Data Algorithm,10.1155/2022/5690230,OpenAlex,metadata,1.0607354452005433
record:b1975057146239bf79748463,record:b1975057146239bf79748463,STM-METADATA-EN,metadata,en,1,0.49022864173753694,15,0.3810271228133645,0.10920151892417246,FALSE,FALSE,2021,Governance and educational leadership: Studies in education policy and politics,NA,OpenAlex,metadata,1.194640440613294
doi:10.59298/rijciam/2025/421215,doi:10.59298/rijciam/2025/421215,STM-METADATA-EN,metadata,en,10,0.8393246230288067,3,0.1034761824509351,0.7358484405778716,FALSE,FALSE,2025,Exploring the Role of Emotional Intelligence in Educational Leadership,10.59298/rijciam/2025/421215,OpenAlex,metadata,0.6475588028149998
doi:10.60027/jelr.2024.793,doi:10.60027/jelr.2024.793,STM-METADATA-EN,metadata,en,10,0.7192246407038092,3,0.09082098614460396,0.6284036545592052,FALSE,FALSE,2024,Components and Indicators of Educational Leadership,10.60027/jelr.2024.793,OpenAlex,metadata,1.1411455116725815
doi:10.24857/rgsa.v18n8-037,doi:10.24857/rgsa.v18n8-037,STM-METADATA-EN,metadata,en,14,0.3824515083583728,3,0.3226432426553092,0.059808265703063634,FALSE,TRUE,2024,"The Influence of Transformative Learning, Affective Commitment, Digital Transformation, Capability Dynamic, Ambidexterity, and Education Policy Toward Educational Leadership: A Case from Indonesia",10.24857/rgsa.v18n8-037,OpenAlex,metadata,1.6198910369926136
record:6e67ec1a91ab817a610813c5,record:6e67ec1a91ab817a610813c5,STM-METADATA-EN,metadata,en,8,0.644191513972348,3,0.17008973021553173,0.4741017837568162,FALSE,FALSE,2020,School Leadership as (Un)usual : Insights from Principals in Sweden during a Pandemic,NA,OpenAlex,metadata,1.255904440908059
doi:10.1093/acrefore/9780190264093.013.703,doi:10.1093/acrefore/9780190264093.013.703,STM-METADATA-EN,metadata,en,14,0.5679317858997677,3,0.2737033104820089,0.29422847541775876,FALSE,FALSE,2020,Educational Leadership and Job Satisfaction,10.1093/acrefore/9780190264093.013.703,OpenAlex,metadata,1.1765337831307405
doi:10.33122/ejeset.v4i1.100,doi:10.33122/ejeset.v4i1.100,STM-METADATA-EN,metadata,en,13,0.7560322797034719,5,0.20268169842760875,0.5533505812758631,FALSE,FALSE,2023,The influence of educational leadership on students’ academic performance in secondary schools: A case of Itilima district,10.33122/ejeset.v4i1.100,OpenAlex,metadata,0.7592989993146475
doi:10.70063/eduspectrum.v1i1.29,doi:10.70063/eduspectrum.v1i1.29,STM-METADATA-EN,metadata,en,3,0.5507333102368387,10,0.1808899915725185,0.3698433186643202,FALSE,FALSE,2024,Ethical Decision-Making in Educational Leadership: Insights from Islamic Scholars,10.70063/eduspectrum.v1i1.29,OpenAlex,metadata,1.3967877120237842
doi:10.52296/vje.2021.54,doi:10.52296/vje.2021.54,STM-METADATA-EN,metadata,en,5,0.393362799781367,15,0.2130910650849253,0.1802717346964417,FALSE,FALSE,2021,Educational Leadership in the U.S. and Vietnam: A Cross-Culture Comparative Study,10.52296/vje.2021.54,OpenAlex,metadata,1.8635276397162035
doi:10.55927/ijsmr.v1i8.3571,doi:10.55927/ijsmr.v1i8.3571,STM-METADATA-EN,metadata,en,10,0.608094528412551,5,0.2363560839583556,0.37173844445419535,FALSE,FALSE,2023,Building Leadership Skills in Educational Leadership: A Case Study of Successful School Principals,10.55927/ijsmr.v1i8.3571,OpenAlex,metadata,1.2749236640814237
doi:10.24331/ijere.676915,doi:10.24331/ijere.676915,STM-METADATA-EN,metadata,en,7,0.8643472212558683,5,0.07985435175209019,0.7844928695037781,FALSE,FALSE,2020,Social-Emotional Educational Leadership: A Study of Scale Adaptation,10.24331/ijere.676915,OpenAlex,metadata,0.6212195867241934
record:47ef3d9c2aa7ea11cfd627ab,record:47ef3d9c2aa7ea11cfd627ab,STM-METADATA-EN,metadata,en,3,0.720778093187472,2,0.0596384725583654,0.6611396206291066,FALSE,FALSE,2021,Decolonizing Educational Leadership: Exploring Alternative Approaches to Leading Schools,NA,OpenAlex,metadata,1.2196268288008072
doi:10.31014/aior.1993.04.01.189,doi:10.31014/aior.1993.04.01.189,STM-METADATA-EN,metadata,en,7,0.8755722741489773,5,0.07403015791363896,0.8015421162353383,FALSE,FALSE,2021,The Structural Model of Indicators of Educational Leadership for Primary School Principals,10.31014/aior.1993.04.01.189,OpenAlex,metadata,0.581848265238818
doi:10.3389/feduc.2020.00052,doi:10.3389/feduc.2020.00052,STM-METADATA-EN,metadata,en,3,0.6090155778243869,8,0.19744248063297332,0.41157309719141355,FALSE,FALSE,2020,"“Unbroken, but Bent”: Gendered Racism in School Leadership",10.3389/feduc.2020.00052,OpenAlex,metadata,1.1269029325337483
doi:10.1080/09518398.2022.2025499,doi:10.1080/09518398.2022.2025499,STM-METADATA-EN,metadata,en,2,0.5279481204371121,3,0.3679203310695048,0.16002778936760736,FALSE,FALSE,2022,Introduction: critical spirituality and religion in educational leadership,10.1080/09518398.2022.2025499,OpenAlex,metadata,1.100939428439104
doi:10.1080/13603124.2024.2328197,doi:10.1080/13603124.2024.2328197,STM-METADATA-EN,metadata,en,3,0.9701480373975527,10,0.008321032317788106,0.9618270050797646,FALSE,FALSE,2024,Dark educational leadership trajectories: unpacking the invisible and weightless knapsack of manufactured ‘white privilege’,10.1080/13603124.2024.2328197,OpenAlex,metadata,0.19246357652967033
doi:10.70625/rlce/111,doi:10.70625/rlce/111,STM-METADATA-EN,metadata,en,10,0.5001101867139874,5,0.1656115395430718,0.3344986471709156,FALSE,FALSE,2025,The Role of Educational Leadership in Promoting Innovative Teaching Practices,10.70625/rlce/111,OpenAlex,metadata,1.6232399259770975
doi:10.1177/10526846221133999,doi:10.1177/10526846221133999,STM-METADATA-EN,metadata,en,3,0.6305476608298166,5,0.30731816844776627,0.32322949238205034,FALSE,FALSE,2022,Toward A <i>Black PlayCrit</i> in Educational Leadership: What School Leaders Need to Know About Black Boyhood Play,10.1177/10526846221133999,OpenAlex,metadata,0.9628608903334452
doi:10.4324/9781003571575-5,doi:10.4324/9781003571575-5,STM-METADATA-EN,metadata,en,3,0.2997348603819613,5,0.20012997151481207,0.09960488886714922,FALSE,TRUE,2024,Educational Leadership During Crisis,10.4324/9781003571575-5,OpenAlex,metadata,1.9018695704157362
record:04d342f6dff2139304c952c6,record:04d342f6dff2139304c952c6,STM-METADATA-EN,metadata,en,15,0.3693884029987184,16,0.25531846751670956,0.11406993548200883,FALSE,FALSE,2020,'Leading beautifully': A phoenix arises in new research in educational leadership,NA,OpenAlex,metadata,1.6310907223652293
doi:10.15405/epes.23056.52,doi:10.15405/epes.23056.52,STM-METADATA-EN,metadata,en,5,0.20214012305131585,3,0.19700252239188595,0.005137600659429892,FALSE,TRUE,2023,Educational Leadership - A Perspective Beyond Managerial Processes,10.15405/epes.23056.52,OpenAlex,metadata,2.2066354661400878
record:f02e47a2d8edffa9f995309f,record:f02e47a2d8edffa9f995309f,STM-METADATA-EN,metadata,en,3,0.6053186402715448,5,0.15624940575291488,0.4490692345186299,FALSE,FALSE,2020,What might educational leadership mean in 21st century,NA,OpenAlex,metadata,1.3026570166863056
doi:10.32996/ijllt.2020.3.5.17,doi:10.32996/ijllt.2020.3.5.17,STM-METADATA-EN,metadata,en,3,0.4155855434276142,11,0.39031004653854967,0.025275496889064553,FALSE,TRUE,2020,The Role of Rural Educational Leadership in Influencing Societal Behaviour: A Case Study of Goromonzi District: Educational Leaders’ Perceptive,10.32996/ijllt.2020.3.5.17,OpenAlex,metadata,1.3500974588001482
doi:10.26803/ijlter.23.8.32,doi:10.26803/ijlter.23.8.32,STM-METADATA-EN,metadata,en,12,0.5150090007456849,5,0.13909823143655797,0.3759107693091269,FALSE,FALSE,2024,“Panca Sthiti Dharmaning Prabu” – the Concept of Educational Leadership – and Its Relationship to Character Strengthening: A Phenomenological Study in Hindu-Based Schools,10.26803/ijlter.23.8.32,OpenAlex,metadata,1.6325663623395925
doi:10.4324/9781003360070-3,doi:10.4324/9781003360070-3,STM-METADATA-EN,metadata,en,15,0.7970363237300753,3,0.13152023278431582,0.6655160909457595,FALSE,FALSE,2023,A call to re-explore Islamic-based educational leadership through new lenses,10.4324/9781003360070-3,OpenAlex,metadata,0.7478252075212358
doi:10.14217/comsec.963,doi:10.14217/comsec.963,STM-METADATA-EN,metadata,en,10,0.34276205662087494,6,0.15063290755090392,0.19212914906997103,FALSE,FALSE,2022,Commonwealth Educational Leadership Handbook,10.14217/comsec.963,OpenAlex,metadata,1.9321986308187693
doi:10.1007/978-3-030-69345-9_7,doi:10.1007/978-3-030-69345-9_7,STM-METADATA-EN,metadata,en,15,0.43780498939378054,3,0.20445145648151788,0.23335353291226266,FALSE,FALSE,2021,Reframing Educational Leadership Research in the Twenty-First Century,10.1007/978-3-030-69345-9_7,OpenAlex,metadata,1.5990611753195594
doi:10.4324/9781003283461,doi:10.4324/9781003283461,STM-METADATA-EN,metadata,en,3,0.8000270181109118,10,0.05619520617675405,0.7438318119341578,FALSE,FALSE,2023,Mindful Educational Leadership,10.4324/9781003283461,OpenAlex,metadata,0.9043668568321855
doi:10.1504/ijmie.2022.122628,doi:10.1504/ijmie.2022.122628,STM-METADATA-EN,metadata,en,12,0.2559644642956885,8,0.2409259081660847,0.01503855612960378,FALSE,TRUE,2022,Educational leadership for the national curriculum implementation: the case of Kosovo,10.1504/ijmie.2022.122628,OpenAlex,metadata,2.0073352996112144
record:3985ed56817d1bbc6449708e,record:3985ed56817d1bbc6449708e,STM-METADATA-EN,metadata,en,10,0.6775808269753999,3,0.20561193420469923,0.47196889277070064,FALSE,FALSE,2020,Educational leadership for intergenerational learning among teachers,NA,OpenAlex,metadata,1.1156286015525871
doi:10.22158/wjeh.v4n3p60,doi:10.22158/wjeh.v4n3p60,STM-METADATA-EN,metadata,en,3,0.18744131101368341,11,0.1650625030505756,0.022378807963107816,FALSE,TRUE,2022,Professionalization of Educational Leadership for the Members of the Association of African Universities,10.22158/wjeh.v4n3p60,OpenAlex,metadata,2.377457806900911
doi:10.1080/13603124.2021.2009037,doi:10.1080/13603124.2021.2009037,STM-METADATA-EN,metadata,en,3,0.6005843188774223,15,0.25444567253324546,0.3461386463441768,FALSE,FALSE,2021,Islamic school leadership and social justice: an international review of the literature,10.1080/13603124.2021.2009037,OpenAlex,metadata,1.1205616453589498
doi:10.3389/feduc.2024.1441183,doi:10.3389/feduc.2024.1441183,STM-METADATA-EN,metadata,en,3,0.5917359831806013,10,0.30235258233843637,0.2893834008421649,FALSE,FALSE,2024,Editorial: Women in educational leadership,10.3389/feduc.2024.1441183,OpenAlex,metadata,1.1155039203235362
doi:10.1080/10665684.2023.2200207,doi:10.1080/10665684.2023.2200207,STM-METADATA-EN,metadata,en,3,0.7359706976376258,15,0.09609321379991441,0.6398774838377114,FALSE,FALSE,2023,"On Being Ed Emcees: Toward Hip-Hop Educational Leadership Theory, Research, and Praxis",10.1080/10665684.2023.2200207,OpenAlex,metadata,1.05147156678842
doi:10.1016/j.ssaho.2024.100835,doi:10.1016/j.ssaho.2024.100835,STM-METADATA-EN,metadata,en,3,0.5207774278666931,10,0.40827804891984026,0.11249937894685286,FALSE,FALSE,2024,Distributed leadership in educational contexts: A catalyst for school improvement,10.1016/j.ssaho.2024.100835,OpenAlex,metadata,1.0403775502373864
doi:10.3102/2018999,doi:10.3102/2018999,STM-METADATA-EN,metadata,en,3,0.9543105647843505,10,0.01757467838135959,0.9367358864029909,FALSE,FALSE,2023,Kapwa (Shared Identity): Filipino American Perspectives and Responses to Educational Leadership,10.3102/2018999,OpenAlex,metadata,0.26873791660018465
doi:10.1108/jpcc-06-2024-0098,doi:10.1108/jpcc-06-2024-0098,STM-METADATA-EN,metadata,en,15,0.4931132259612065,3,0.36992311059625227,0.12319011536495422,FALSE,FALSE,2024,Educational leadership during a time of war in Ukraine,10.1108/jpcc-06-2024-0098,OpenAlex,metadata,1.2042751351815066
doi:10.3390/educsci14080890,doi:10.3390/educsci14080890,STM-METADATA-EN,metadata,en,3,0.5380066432039867,5,0.1438338621057381,0.3941727810982486,FALSE,FALSE,2024,Transforming Educational Leadership: A Historical Context,10.3390/educsci14080890,OpenAlex,metadata,1.592706202670205
doi:10.25236/fer.2020.031424,doi:10.25236/fer.2020.031424,STM-METADATA-EN,metadata,en,3,0.2874078477860775,2,0.24769144538137788,0.03971640240469959,FALSE,TRUE,2020,Higher Educational Leadership Reform in China -- from Centralisation to Decentralisation: a Case Study of a Democratic Leader,10.25236/fer.2020.031424,OpenAlex,metadata,1.8435604409999335
doi:10.1108/978-1-64802-221-020251015,doi:10.1108/978-1-64802-221-020251015,STM-METADATA-EN,metadata,en,3,0.5873083386876611,10,0.21273763277104704,0.374570705916614,FALSE,FALSE,2020,Educational Leadership and the Challenge of Engaging Young People in Meaningful Learning,10.1108/978-1-64802-221-020251015,OpenAlex,metadata,1.3368858730714575
doi:10.1080/00220620.2022.2158181,doi:10.1080/00220620.2022.2158181,STM-METADATA-EN,metadata,en,15,0.6164613457597984,3,0.3151008455840317,0.3013605001757667,FALSE,FALSE,2023,"A systematic review of school distributed leadership: exploring research purposes, concepts and approaches in the field between 2010 and 2022",10.1080/00220620.2022.2158181,OpenAlex,metadata,0.9858473168147475
record:8e3d99e3fb3f966b68512bd9,record:8e3d99e3fb3f966b68512bd9,STM-METADATA-EN,metadata,en,13,0.6688422866194623,5,0.24647100566910862,0.4223712809503537,FALSE,FALSE,2021,"Distributed Educational Leadership in The Private Schools of Addis Ababa, Ethiopia: Perceptions, Practices, Challenges and Opportunities",NA,OpenAlex,metadata,1.0166555600685956
doi:10.4324/9781003334835-2,doi:10.4324/9781003334835-2,STM-METADATA-EN,metadata,en,3,0.4106047679370702,15,0.18276981160095154,0.22783495633611864,FALSE,FALSE,2023,Educational Leadership and Management in Türkiye,10.4324/9781003334835-2,OpenAlex,metadata,1.855882927581938
doi:10.1108/ijem-08-2021-0347,doi:10.1108/ijem-08-2021-0347,STM-METADATA-EN,metadata,en,3,0.3230689991750258,5,0.20390715463044043,0.11916184454458537,FALSE,FALSE,2022,The contribution of case-based learning to adopting a multidimensional view in educational leadership students,10.1108/ijem-08-2021-0347,OpenAlex,metadata,1.8160306260330668
doi:10.3390/socsci9040052,doi:10.3390/socsci9040052,STM-METADATA-EN,metadata,en,14,0.6240893863931257,1,0.09787851406357738,0.5262108723295483,FALSE,FALSE,2020,Building a Common Project by Promoting Pedagogical Coordination and Educational Leadership for School Improvement: A Structural Equation Model,10.3390/socsci9040052,OpenAlex,metadata,1.435504775612301
doi:10.5040/9781350159662,doi:10.5040/9781350159662,STM-METADATA-EN,metadata,en,15,0.6131333009499196,3,0.24600426961622016,0.36712903133369945,FALSE,FALSE,2021,"A New Theory of Organizational Ecology, and Its Implications for Educational Leadership",10.5040/9781350159662,OpenAlex,metadata,1.2025206476054622
doi:10.30828/real.1330936,doi:10.30828/real.1330936,STM-METADATA-EN,metadata,en,15,0.7970428849790816,5,0.10917799501202304,0.6878648899670585,FALSE,FALSE,2023,Studying Negative Aspects in Educational Leadership: The Benefits of Qualitative Methodologies,10.30828/real.1330936,OpenAlex,metadata,0.8095914060424403
doi:10.1163/9789004461871,doi:10.1163/9789004461871,STM-METADATA-EN,metadata,en,3,0.8368799090826522,2,0.08403131354243167,0.7528485955402205,FALSE,FALSE,2021,Enacting and Conceptualizing Educational Leadership within the Mediterranean Region,10.1163/9789004461871,OpenAlex,metadata,0.7289276691491807
doi:10.1007/978-3-030-39666-4_110-1,doi:10.1007/978-3-030-39666-4_110-1,STM-METADATA-EN,metadata,en,3,0.8865155349184732,14,0.02348958671058967,0.8630259482078836,FALSE,FALSE,2021,Racial Inequality in K-12 Schools and Implications for Educational Leadership,10.1007/978-3-030-39666-4_110-1,OpenAlex,metadata,0.5981482043107232
doi:10.4324/9781003321439-1,doi:10.4324/9781003321439-1,STM-METADATA-EN,metadata,en,3,0.3596842568858134,1,0.20150819036305426,0.15817606652275915,FALSE,FALSE,2023,Introducing Educational Leadership and Management,10.4324/9781003321439-1,OpenAlex,metadata,1.9897781817521878
doi:10.1108/ijem-07-2019-0253,doi:10.1108/ijem-07-2019-0253,STM-METADATA-EN,metadata,en,3,0.29094880321146827,10,0.25931286564166894,0.03163593756979932,FALSE,TRUE,2020,Exploring role of gratitude in developing teacher leadership in Indian universities,10.1108/ijem-07-2019-0253,OpenAlex,metadata,1.978819133055576
doi:10.46303/repam.2022.5,doi:10.46303/repam.2022.5,STM-METADATA-EN,metadata,en,3,0.8016999319308079,14,0.11073764830949281,0.6909622836213151,FALSE,FALSE,2022,Revisioning Educational Leadership Through Love and the Ancillary: A Critical Self-Study,10.46303/repam.2022.5,OpenAlex,metadata,0.8080300171218279
doi:10.51244/ijrsi.2021.81004,doi:10.51244/ijrsi.2021.81004,STM-METADATA-EN,metadata,en,7,0.3254619087980143,15,0.22780968334450924,0.09765222545350505,FALSE,TRUE,2021,Case Study and Randomized Control Trial (RCT) Research Designs for Educational Leadership and Management Studies,10.51244/ijrsi.2021.81004,OpenAlex,metadata,1.9057142472057258
doi:10.1007/978-981-99-8494-7_1,doi:10.1007/978-981-99-8494-7_1,STM-METADATA-EN,metadata,en,5,0.5262571687061842,3,0.15754722944537392,0.3687099392608103,FALSE,FALSE,2023,Educational Leadership in the Twenty-First Century,10.1007/978-981-99-8494-7_1,OpenAlex,metadata,1.6883585018371705
doi:10.47191/ijmra/v6-i2-29,doi:10.47191/ijmra/v6-i2-29,STM-METADATA-EN,metadata,en,4,0.5383765902990566,5,0.24932241670342353,0.28905417359563307,FALSE,FALSE,2023,Educational Leadership Management and its Contribution to School Organization and Success,10.47191/ijmra/v6-i2-29,OpenAlex,metadata,1.4186800731658888
doi:10.1177/0892020621999680,doi:10.1177/0892020621999680,STM-METADATA-EN,metadata,en,10,0.584719354445106,3,0.14172609226863533,0.4429932621764707,FALSE,FALSE,2021,A grounded theory of educational leadership development using generative dialogue,10.1177/0892020621999680,OpenAlex,metadata,1.4534473507607293
doi:10.47191/ijmra/v6-i3-46,doi:10.47191/ijmra/v6-i3-46,STM-METADATA-EN,metadata,en,4,0.3605612033292544,5,0.2269132652477848,0.1336479380814696,FALSE,FALSE,2023,Educational Leadership Management Practices: A Perspective to Educational Transformation,10.47191/ijmra/v6-i3-46,OpenAlex,metadata,1.859510027457173
doi:10.14324/lre.23.1.13,doi:10.14324/lre.23.1.13,STM-METADATA-EN,metadata,en,3,0.5972715906186384,10,0.2900769720059826,0.30719461861265585,FALSE,FALSE,2025,"Examining educational leadership preparation and development programmes in the Gulf region: a comparative study of Bahrain, Kuwait and Qatar",10.14324/lre.23.1.13,OpenAlex,metadata,1.0459233771737841
doi:10.34104/bjah.024086099,doi:10.34104/bjah.024086099,STM-METADATA-EN,metadata,en,2,0.456121826917291,10,0.17522486627510864,0.28089696064218234,FALSE,FALSE,2024,Educational Leadership Practice Theory in the School System,10.34104/bjah.024086099,OpenAlex,metadata,1.7328758562913136
doi:10.58548/2024.jmpie11.5670,doi:10.58548/2024.jmpie11.5670,STM-METADATA-EN,metadata,en,3,0.385160075707532,11,0.33622415445315057,0.048935921254381454,FALSE,TRUE,2024,Advancing gender parity in educational leadership: Insights from selected secondary schools in Shinyanga Municipality,10.58548/2024.jmpie11.5670,OpenAlex,metadata,1.4636018279914267
doi:10.31436/ijes.v10i2.430,doi:10.31436/ijes.v10i2.430,STM-METADATA-EN,metadata,en,7,0.36289632365036256,6,0.24536472216136135,0.11753160148900121,FALSE,FALSE,2022,Leadership Practices among Islamic Private Secondary School Principals in Southern Thailand: Validating a Model of Strategic Educational Leadership,10.31436/ijes.v10i2.430,OpenAlex,metadata,1.7381814851594322
doi:10.55016/ojs/ajer.v67i3.69961,doi:10.55016/ojs/ajer.v67i3.69961,STM-METADATA-EN,metadata,en,3,0.5732932673351643,10,0.2790703892483458,0.29422287808681846,FALSE,FALSE,2021,Roots of Collaborative Inquiry and Generative Dialogue for Educational Leadership,10.55016/ojs/ajer.v67i3.69961,OpenAlex,metadata,1.2729073017575172
doi:10.56726/irjmets44523,doi:10.56726/irjmets44523,STM-METADATA-EN,metadata,en,16,0.3531658435692126,13,0.23852621479683328,0.11463962877237932,FALSE,FALSE,2023,Evaluating the Role of Women in Educational Leadership,10.56726/irjmets44523,OpenAlex,metadata,1.7266629747822446
doi:10.20428/ajqahe.v17i60.2217,doi:10.20428/ajqahe.v17i60.2217,STM-METADATA-EN,metadata,en,5,0.7880181200140166,13,0.12123814949965121,0.6667799705143654,FALSE,FALSE,2024,The reality of school principals’ practice of educational leadership styles in Aqaba Governorate and their relationship to solving school problems from the teachers’ point of view,10.20428/ajqahe.v17i60.2217,OpenAlex,metadata,0.8509545819466596
doi:10.70838/pemj.390508,doi:10.70838/pemj.390508,STM-METADATA-EN,metadata,en,7,0.5108718753792815,13,0.141354763455609,0.3695171119236725,FALSE,FALSE,2025,Development of Emergency Educational Leadership Scale for School Heads,10.70838/pemj.390508,OpenAlex,metadata,1.6758766868411032
doi:10.1177/17577438241297239,doi:10.1177/17577438241297239,STM-METADATA-EN,metadata,en,2,0.5812701799968385,11,0.15288334660159203,0.42838683339524647,FALSE,FALSE,2024,Educational leadership for social transformation: An inclusive approach for schools as places of belonging,10.1177/17577438241297239,OpenAlex,metadata,1.45488940947364
doi:10.3126/pragyaratna.v6i2.70548,doi:10.3126/pragyaratna.v6i2.70548,STM-METADATA-EN,metadata,en,10,0.49917001031497266,5,0.21969122662356003,0.27947878369141266,FALSE,FALSE,2024,Perceptions and Practices of Educational Leadership in Community Schools of Kathmandu Metropolitan City,10.3126/pragyaratna.v6i2.70548,OpenAlex,metadata,1.4674541945271333
doi:10.59941/2960-0642-2024-4-47-55,doi:10.59941/2960-0642-2024-4-47-55,STM-METADATA-EN,metadata,en,15,0.369731967789626,3,0.2855625513515936,0.08416941643803244,FALSE,TRUE,2024,Exploring Educational Leadership Models in Kazakhstan,10.59941/2960-0642-2024-4-47-55,OpenAlex,metadata,1.552615215120684
doi:10.14324/lre.23.1.22,doi:10.14324/lre.23.1.22,STM-METADATA-EN,metadata,en,3,0.6141954404487487,10,0.33076642185043753,0.2834290185983112,FALSE,FALSE,2025,Signature pedagogies in educational leadership preparation: university academics’ practices and reflections from Türkiye,10.14324/lre.23.1.22,OpenAlex,metadata,0.9406194715802836
doi:10.1080/00131946.2021.1919673,doi:10.1080/00131946.2021.1919673,STM-METADATA-EN,metadata,en,3,0.7751077372449426,15,0.07859425756315258,0.69651347968179,FALSE,FALSE,2021,"The Historical Blind Spot: Guidelines for Creating Educational Leadership Culture as Old Wine in Recycled, Upscale, and Expanded Bottles",10.1080/00131946.2021.1919673,OpenAlex,metadata,0.9522895463039651
doi:10.4018/978-1-7998-2787-0.ch019,doi:10.4018/978-1-7998-2787-0.ch019,STM-METADATA-EN,metadata,en,3,0.44098569147533645,11,0.1767586061797692,0.26422708529556727,FALSE,FALSE,2020,"The Power of Educational Leadership in Rural, Impoverished Areas",10.4018/978-1-7998-2787-0.ch019,OpenAlex,metadata,1.7817627572222046
doi:10.30828/real/2021.3.4,doi:10.30828/real/2021.3.4,STM-METADATA-EN,metadata,en,3,0.6657502138398109,11,0.08716631275029099,0.57858390108952,FALSE,FALSE,2021,A Multilateral Model for Decolonising African Educational Leadership: Addressing Conceptual Problems and Integrating the Past-Present Continuum across the Local-Global Axis,10.30828/real/2021.3.4,OpenAlex,metadata,1.3435062829329187
doi:10.21272/bel.4(4).28-55.2020,doi:10.21272/bel.4(4).28-55.2020,STM-METADATA-EN,metadata,en,2,0.5019922756031769,15,0.18817342288852318,0.31381885271465376,FALSE,FALSE,2020,A Hidden Danger to Our Children’s Classrooms within Educational Leadership &amp; Peering Practices,10.21272/bel.4(4).28-55.2020,OpenAlex,metadata,1.4909513201492384
doi:10.3390/jintelligence8010002,doi:10.3390/jintelligence8010002,STM-METADATA-EN,metadata,en,2,0.5144664737101209,3,0.40764419859438633,0.10682227511573456,FALSE,FALSE,2020,"Why Intelligence Is Missing from American Education Policy and Practice, and What Can Be Done About It",10.3390/jintelligence8010002,OpenAlex,metadata,1.0512409998085204
doi:10.4337/9781800880429.00009,doi:10.4337/9781800880429.00009,STM-METADATA-EN,metadata,en,2,0.53826961725434,3,0.284511363724425,0.253758253529915,FALSE,FALSE,2023,Re-conceptualising the “education” in educational leadership and management,10.4337/9781800880429.00009,OpenAlex,metadata,1.2795086771078172
doi:10.22452/iojel.vol3no1.2,doi:10.22452/iojel.vol3no1.2,STM-METADATA-EN,metadata,en,11,0.686040153396791,5,0.15642161679121333,0.5296185366055777,FALSE,FALSE,2020,Challenges and Strategies of Educational Leadership to Sustain the International Baccalaureate Diploma Programme (IBDP) in a Malaysian Premier Public School,10.22452/iojel.vol3no1.2,OpenAlex,metadata,1.123822622762294
doi:10.1080/00940771.2021.2022444,doi:10.1080/00940771.2021.2022444,STM-METADATA-EN,metadata,en,3,0.6060444686048416,1,0.08294459304399358,0.523099875560848,FALSE,FALSE,2022,A case study: Enacting courage and collaboration in equity and justice-oriented educational leadership,10.1080/00940771.2021.2022444,OpenAlex,metadata,1.4989589819915088
doi:10.47604/ajep.3176,doi:10.47604/ajep.3176,STM-METADATA-EN,metadata,en,10,0.5463798891160698,3,0.16931651719684276,0.37706337191922706,FALSE,FALSE,2025,"The Making of a Champion Leader: Insights from the Diploma in Educational Leadership and Management Program in Uganda, West Nile Region",10.47604/ajep.3176,OpenAlex,metadata,1.5446593616233262
doi:10.1080/14675986.2021.1889471,doi:10.1080/14675986.2021.1889471,STM-METADATA-EN,metadata,en,3,0.8016461937232966,5,0.1094578759139514,0.6921883178093452,FALSE,FALSE,2021,Examining alternative school leadership practices and approaches: a decolonising school leadership approach,10.1080/14675986.2021.1889471,OpenAlex,metadata,0.8033951486278914
doi:10.1108/jea-01-2025-0031,doi:10.1108/jea-01-2025-0031,STM-METADATA-EN,metadata,en,3,0.7169090332038804,10,0.1258354256821162,0.5910736075217642,FALSE,FALSE,2026,Amplifying women's voices in educational leadership: a third space approach,10.1108/jea-01-2025-0031,OpenAlex,metadata,1.0395896143526107
doi:10.1177/17411432211010811,doi:10.1177/17411432211010811,STM-METADATA-EN,metadata,en,15,0.45498260259237827,5,0.2056872959047099,0.24929530668766836,FALSE,FALSE,2021,School leadership in Indonesia: A systematic literature review,10.1177/17411432211010811,OpenAlex,metadata,1.6617719005556688
doi:10.1080/15700763.2024.2324457,doi:10.1080/15700763.2024.2324457,STM-METADATA-EN,metadata,en,3,0.675797696750793,1,0.23301715071806575,0.4427805460327273,FALSE,FALSE,2024,Realizing the Solidarity Dividend: A New Story for Educational Leadership,10.1080/15700763.2024.2324457,OpenAlex,metadata,1.0038164244645507
record:42fb78fd4544464697dc80b2,record:42fb78fd4544464697dc80b2,STM-METADATA-EN,metadata,en,5,0.3002627817208086,2,0.21135413533891564,0.08890864638189297,FALSE,TRUE,2021,A Review Of The Educational Leaderships Theory For Special Education Perspective,NA,OpenAlex,metadata,1.9589307857677667
doi:10.1177/19427751231174249,doi:10.1177/19427751231174249,STM-METADATA-EN,metadata,en,2,0.376416144581041,1,0.32630302660124755,0.05011311797979345,FALSE,TRUE,2023,Towards an Educational Leadership: Functions and Failures Perceived by Teachers and Management Teams,10.1177/19427751231174249,OpenAlex,metadata,1.6810214396953387
doi:10.1080/14675986.2023.2180619,doi:10.1080/14675986.2023.2180619,STM-METADATA-EN,metadata,en,7,0.29355503138031935,2,0.16363956676335908,0.12991546461696027,FALSE,FALSE,2023,"Transforming, translanguaging, and transcending identities: developing culturally responsive educational leadership",10.1080/14675986.2023.2180619,OpenAlex,metadata,2.0673308917954842
doi:10.52547/jspnay.3.3.348,doi:10.52547/jspnay.3.3.348,STM-METADATA-EN,metadata,en,5,0.4173789279832006,12,0.17773363598085964,0.23964529200234094,FALSE,FALSE,2022,Designing a model to evaluate the effectiveness of educational and educational leadership models among principals,10.52547/jspnay.3.3.348,OpenAlex,metadata,1.90263498067699
doi:10.4471/ijelm.16344,doi:10.4471/ijelm.16344,STM-METADATA-EN,metadata,en,11,0.5179781992139844,3,0.24367287489960848,0.2743053243143759,FALSE,FALSE,2025,Challenges and Opportunities for Females in Educational Leadership: Perspectives from Departmental Heads in South African Schools,10.4471/ijelm.16344,OpenAlex,metadata,1.225381740435343
doi:10.4018/978-1-7998-2787-0.ch020,doi:10.4018/978-1-7998-2787-0.ch020,STM-METADATA-EN,metadata,en,3,0.43939324470480146,11,0.41315775198019156,0.0262354927246099,FALSE,TRUE,2020,Specialized Educational Leadership for Rural Students Living in Poverty,10.4018/978-1-7998-2787-0.ch020,OpenAlex,metadata,1.308814250279561
doi:10.3389/feduc.2024.1413607,doi:10.3389/feduc.2024.1413607,STM-METADATA-EN,metadata,en,14,0.6510677761844945,5,0.09260306967339856,0.5584647065110959,FALSE,FALSE,2024,The role of transformational leadership in enhancing school culture and teaching performance in Yemeni public schools,10.3389/feduc.2024.1413607,OpenAlex,metadata,1.358038716998945
doi:10.5281/zenodo.7645146,doi:10.5281/zenodo.7645146,STM-METADATA-EN,metadata,en,5,0.6434434256459254,13,0.29609641677756354,0.34734700886836184,FALSE,FALSE,2023,An Analysis of the Influence of Cultural Beliefs on Educational Leadership Practices in Pakistan: A Comparative Study of Public and Private Schools,10.5281/zenodo.7645146,OpenAlex,metadata,0.9640428549729619
doi:10.25115/eea.v39i12.6463,doi:10.25115/eea.v39i12.6463,STM-METADATA-EN,metadata,en,5,0.5899724316285456,8,0.12103867652950406,0.46893375509904156,FALSE,FALSE,2021,"Interplay of Shared Leadership Practices of Principals, Teachers’ Soft Skills and Learners’ Competitiveness in COVID 19 Era: Implications to Economics of Educational Leadership",10.25115/eea.v39i12.6463,OpenAlex,metadata,1.4043371273714167
doi:10.4324/9781003360070-10,doi:10.4324/9781003360070-10,STM-METADATA-EN,metadata,en,3,0.3316736665596485,15,0.31063108218770463,0.02104258437194384,FALSE,TRUE,2023,Educational leadership in a Muslim and secular country,10.4324/9781003360070-10,OpenAlex,metadata,1.510991370721952
doi:10.22055/edus.2019.29345.2802,doi:10.22055/edus.2019.29345.2802,STM-METADATA-EN,metadata,en,15,0.745017822364048,3,0.1949186931569445,0.5500991292071036,FALSE,FALSE,2022,"REPRESENTATION OF THE CONCEPT OF ""EDUCATIONAL LEADERSHIP"" IN THE PUBLISHED ARTICLES OF JOURNALS IN THE FIELD OF EDUCATION",10.22055/edus.2019.29345.2802,OpenAlex,metadata,0.821148675360333
doi:10.1108/jea-10-2019-0177,doi:10.1108/jea-10-2019-0177,STM-METADATA-EN,metadata,en,3,0.28793086857261163,15,0.23792237499473723,0.0500084935778744,FALSE,TRUE,2020,Principal leadership for students with disabilities in effective inclusive schools,10.1108/jea-10-2019-0177,OpenAlex,metadata,1.5910976948717717
doi:10.1177/10526846251343561,doi:10.1177/10526846251343561,STM-METADATA-EN,metadata,en,16,0.4411187789574834,3,0.40057423267578096,0.040544546281702454,FALSE,TRUE,2025,Assessing Equity and Social Justice Competency Development in Educational Leadership Preparation Programs,10.1177/10526846251343561,OpenAlex,metadata,1.3113854511320515
doi:10.20849/jed.v6i3.1230,doi:10.20849/jed.v6i3.1230,STM-METADATA-EN,metadata,en,1,0.3454971777583199,3,0.19945280899341197,0.14604436876490792,FALSE,FALSE,2022,An Investigation About the Challenges of Adopting Performance Management in Educational Leadership in England,10.20849/jed.v6i3.1230,OpenAlex,metadata,1.9752161634610785
doi:10.7146/ejie.v3i1.142505,doi:10.7146/ejie.v3i1.142505,STM-METADATA-EN,metadata,en,5,0.3596519259771008,2,0.2459076054670312,0.11374432051006958,FALSE,FALSE,2024,"Inclusive Educational Leadership and Research Instrument Validation: school principals’ values, knowledge, beliefs, attitudes and practices regarding inclusive education of disabled students.",10.7146/ejie.v3i1.142505,OpenAlex,metadata,1.7713141660876244
doi:10.1177/0013161x20925892,doi:10.1177/0013161x20925892,STM-METADATA-EN,metadata,en,3,0.7330785488773545,12,0.10787296117373257,0.6252055877036219,FALSE,FALSE,2020,“We Don’t Got Time for Grumbling”: Toward an Ethic of Radical Care in Urban School Leadership,10.1177/0013161x20925892,OpenAlex,metadata,1.0311700150833616
doi:10.61093/bel.8(1).107-115.2024,doi:10.61093/bel.8(1).107-115.2024,STM-METADATA-EN,metadata,en,3,0.3230136406936746,15,0.22226095828456285,0.10075268240911175,FALSE,FALSE,2024,The Nexus Between Transformational Leadership and Greece’s Public Sector Performance: Educational Leadership Extension,10.61093/bel.8(1).107-115.2024,OpenAlex,metadata,1.908521387122907
doi:10.1002/jhm.13433,doi:10.1002/jhm.13433,STM-METADATA-EN,metadata,en,16,0.9934507508324419,1,0.0027821196132242856,0.9906686312192177,FALSE,FALSE,2024,Codifying educational leadership in modern hospital medicine: The Director of Education,10.1002/jhm.13433,OpenAlex,metadata,0.05294496059782624
doi:10.1016/j.ijedudev.2021.102531,doi:10.1016/j.ijedudev.2021.102531,STM-METADATA-EN,metadata,en,3,0.7472982391185529,10,0.10290608962625812,0.6443921494922947,FALSE,FALSE,2021,Dual leadership in Chinese schools challenges executive principalships as best fit for 21st century educational development,10.1016/j.ijedudev.2021.102531,OpenAlex,metadata,1.035051462857404
doi:10.7275/11192304,doi:10.7275/11192304,STM-METADATA-EN,metadata,en,5,0.9703575249494216,14,0.0063126742450626445,0.964044850704359,FALSE,FALSE,2023,Educational leadership : a field test of Hersey and Blanchard's situational leadership theory.,10.7275/11192304,OpenAlex,metadata,0.2026082488172491
doi:10.1177/1741143220945705,doi:10.1177/1741143220945705,STM-METADATA-EN,metadata,en,5,0.6091791094508594,4,0.10265153573723404,0.5065275737136253,FALSE,FALSE,2020,Principals between exploitation and exploration: Results of a nationwide study on ambidexterity of school leaders,10.1177/1741143220945705,OpenAlex,metadata,1.4755765845964477
doi:10.1177/1052684621992759,doi:10.1177/1052684621992759,STM-METADATA-EN,metadata,en,3,0.9818421675861176,15,0.005504208422185627,0.9763379591639321,FALSE,FALSE,2021,I’m Every Woman: Advancing the Intersectional Leadership of Black Women School Leaders as Anti-Racist Praxis,10.1177/1052684621992759,OpenAlex,metadata,0.1261389026354246
doi:10.1108/jea-01-2025-0004,doi:10.1108/jea-01-2025-0004,STM-METADATA-EN,metadata,en,3,0.6764065876886148,11,0.16093170520577801,0.5154748824828368,FALSE,FALSE,2025,"Navigating the glass ceiling, gender equity and overcoming barriers in rural PK-12 educational leadership",10.1108/jea-01-2025-0004,OpenAlex,metadata,1.0521714541898306
doi:10.62711/ijite.v2i4.161,doi:10.62711/ijite.v2i4.161,STM-METADATA-EN,metadata,en,9,0.5911722107354546,4,0.37672485334124656,0.214447357394208,FALSE,FALSE,2023,Implementation of School Management Information Systems at Vocational School State I Tomohon,10.62711/ijite.v2i4.161,OpenAlex,metadata,0.8644745956336168
doi:10.53358/ecosacademia.v11i22.1280,doi:10.53358/ecosacademia.v11i22.1280,STM-METADATA-EN,metadata,en,6,0.4252131207714123,15,0.2789618157622761,0.14625130500913625,FALSE,FALSE,2025,Gestión escolar y su impacto en la implementación de políticas de inclusión educativa en Ecuador,10.53358/ecosacademia.v11i22.1280,OpenAlex,metadata,1.6366469115810272
doi:10.71016/hnjss/8xsfz709,doi:10.71016/hnjss/8xsfz709,STM-METADATA-EN,metadata,en,6,0.6351535123107611,13,0.3227157857303594,0.3124377265804017,FALSE,FALSE,2024,Enhancing Quality Education: The Role of Parents Teachers School Management Committee in Higher Secondary Schools of Quetta,10.71016/hnjss/8xsfz709,OpenAlex,metadata,0.8785538966511333
doi:10.47766/development.v2i2.1118,doi:10.47766/development.v2i2.1118,STM-METADATA-EN,metadata,en,10,0.4668074090598416,6,0.3406316116084522,0.1261757974513894,FALSE,FALSE,2024,Adiwiyata School Management In Improving Brand Image In Madrasah,10.47766/development.v2i2.1118,OpenAlex,metadata,1.2910504317239597
doi:10.36948/ijfmr.2024.v06i03.23615,doi:10.36948/ijfmr.2024.v06i03.23615,STM-METADATA-EN,metadata,en,9,0.37969126065954883,13,0.2392597354833512,0.14043152517619764,FALSE,FALSE,2024,Digital Leadership and School Management Capabilities of School Administrators and Teachers Digital Teaching Performance: Basis for Professional Development Program,10.36948/ijfmr.2024.v06i03.23615,OpenAlex,metadata,1.7314745631125883
doi:10.31435/ijitss.4(44).2024.2982,doi:10.31435/ijitss.4(44).2024.2982,STM-METADATA-EN,metadata,en,11,0.524985394213491,10,0.288400348687657,0.23658504552583398,FALSE,FALSE,2024,POLICY DEVELOPMENT FOR EFFECTIVE SCHOOL MANAGEMENT AMIDST DETERIORATING DISCIPLINE IN SECONDARY SCHOOLS IN KWAZULU-NATAL: CHALLENGES AND STRATEGIES,10.31435/ijitss.4(44).2024.2982,OpenAlex,metadata,1.353513698377344
record:8e5409adc8f98b91890882db,record:8e5409adc8f98b91890882db,STM-METADATA-EN,metadata,en,7,0.4179950263562307,2,0.3693826303145065,0.04861239604172418,FALSE,TRUE,2021,El fracaso escolar en el nivel medio argentino: ¿Es menos frecuente en las escuelas de gestión privada debido a su administración?,NA,CONICET Digital,metadata,1.4725800990564448
record:7564ef46e079b89a3977f12b,record:7564ef46e079b89a3977f12b,STM-METADATA-EN,metadata,en,7,0.5813881872205713,8,0.3556600748530009,0.2257281123675704,FALSE,FALSE,2025,"Nutritional status of schoolchildren before and after confinement by COVID-19 (2019–2021) in Jujuy, Argentina",NA,CONICET Digital,metadata,0.9894761324282971
doi:10.63371/ic.v4.n4.a451,doi:10.63371/ic.v4.n4.a451,STM-METADATA-EN,metadata,en,2,0.29499349554106347,10,0.17633694083661133,0.11865655470445213,FALSE,FALSE,2025,Innovar desde el Acompañamiento Psicopedagógico: Hacia una Gestión Educativa Transformadora e Inclusiva,10.63371/ic.v4.n4.a451,OpenAlex,metadata,1.9453378219672317
doi:10.31538/adrg.v5i1.1824,doi:10.31538/adrg.v5i1.1824,STM-METADATA-EN,metadata,en,14,0.6972142395914119,13,0.26250303017806415,0.4347112094133478,FALSE,FALSE,2025,"Optimizing School Management: The Role of Managerial Skills, Organizational Climate, and Work Motivation",10.31538/adrg.v5i1.1824,OpenAlex,metadata,0.8140958345789919
doi:10.69481/styl09032024,doi:10.69481/styl09032024,STM-METADATA-EN,metadata,en,10,0.3208591068401807,5,0.2940819709989074,0.02677713584127328,FALSE,TRUE,2024,School Heads’ Decision – Making Styles And Educational Leadership: Their Influence On School Culture,10.69481/styl09032024,OpenAlex,metadata,1.582466250184844
record:78fd5bbf1638fa9d22237483,record:78fd5bbf1638fa9d22237483,STM-METADATA-EN,metadata,en,6,0.6495671232458788,13,0.2111900823758059,0.43837704087007295,FALSE,FALSE,2025,La calidad del desempeño de los comités de gestión escolar y su influencia en el cumplimiento de los compromisos de gestión escolar de las instituciones educativas públicas urbanas secundarias de la Ugel Maynas 2023,NA,OpenAlex,metadata,1.060420992588452
record:0273dc57040b7822331b246b,record:0273dc57040b7822331b246b,STM-METADATA-EN,metadata,en,7,0.6065039974480781,2,0.29211301058868155,0.3143909868593966,FALSE,FALSE,2025,Gestión escolar directiva como predictor del trabajo en equipo en docentes de centros de educación técnico productivas públicas Iquitos 2023,NA,OpenAlex,metadata,1.103359836963622
record:5e44b693eddc5fffea599341,record:5e44b693eddc5fffea599341,STM-METADATA-EN,metadata,en,13,0.3448373445594288,4,0.2579786722036783,0.08685867235575051,FALSE,TRUE,2025,Programa de gestión escolar cooperativa para desarrollar competencias de planificación en dos instituciones educativas secundarias urbanas del distrito de Iquitos 2023,NA,OpenAlex,metadata,1.7586760406890964
record:c03df5f7ea09a3c0e4bf1050,record:c03df5f7ea09a3c0e4bf1050,STM-METADATA-EN,metadata,en,2,0.5106015085116495,7,0.2610748154958746,0.24952669301577496,FALSE,FALSE,2025,Programa trabajo en equipo para lograr compromisos de la gestión escolar en los docentes de la institución educativa Teniente Manuel Clavero Muga Punchana 2024,NA,OpenAlex,metadata,1.4630635173711544
doi:10.21831/cp.v43i3.74834,doi:10.21831/cp.v43i3.74834,STM-METADATA-EN,metadata,en,4,0.843105511400898,13,0.10866930037988613,0.7344362110210119,FALSE,FALSE,2024,Center of excellence assistance model: Is it effective to improve vocational school management in Central Java?,10.21831/cp.v43i3.74834,OpenAlex,metadata,0.6372724334483609
doi:10.29121/granthaalayah.v9.i5.2021.3943,doi:10.29121/granthaalayah.v9.i5.2021.3943,STM-METADATA-EN,metadata,en,8,0.5381996471387142,1,0.24047994547120635,0.29771970166750783,FALSE,FALSE,2021,HOW SHOULD THE CLASSROOM BE MANAGED DURING THE COVID-19 PANDEMIC?,10.29121/granthaalayah.v9.i5.2021.3943,OpenAlex,metadata,1.365578841278259
doi:10.4324/9781003145288-4,doi:10.4324/9781003145288-4,STM-METADATA-EN,metadata,en,3,0.490805009221743,15,0.16045699144396816,0.3303480177777749,FALSE,FALSE,2022,"The Sublime, Affect Phrasing, and Les Petits Narratives in Educational Leadership",10.4324/9781003145288-4,OpenAlex,metadata,1.59140285163559
doi:10.4324/9781003611189-5,doi:10.4324/9781003611189-5,STM-METADATA-EN,metadata,en,3,0.3621787417110827,9,0.31470502466670564,0.047473717044377084,FALSE,TRUE,2025,Educational Leadership in the Era of Artificial Intelligence,10.4324/9781003611189-5,OpenAlex,metadata,1.3487806282970727
doi:10.3390/ijerph17061855,doi:10.3390/ijerph17061855,STM-METADATA-EN,metadata,en,7,0.8575966951395527,3,0.06374153785812452,0.7938551572814282,FALSE,FALSE,2020,The Role of School Leaders’ Health Literacy for the Implementation of Health Promoting Schools,10.3390/ijerph17061855,OpenAlex,metadata,0.6803450359386444
doi:10.1186/s12889-021-12152-2,doi:10.1186/s12889-021-12152-2,STM-METADATA-EN,metadata,en,8,0.5204361297073338,11,0.23076748561362725,0.2896686440937065,FALSE,FALSE,2021,Exploring implementation of a nationwide requirement to increase physical activity in the curriculum in Danish public schools: a mixed methods study,10.1186/s12889-021-12152-2,OpenAlex,metadata,1.4541655460806968
doi:10.1186/s12889-021-10253-6,doi:10.1186/s12889-021-10253-6,STM-METADATA-EN,metadata,en,7,0.7290821411541982,4,0.0822020798887125,0.6468800612654857,FALSE,FALSE,2021,Comprehensive sexuality education in Hong Kong: study protocol for process and outcome evaluation,10.1186/s12889-021-10253-6,OpenAlex,metadata,1.1580845469612742
doi:10.1371/journal.pone.0287505,doi:10.1371/journal.pone.0287505,STM-METADATA-EN,metadata,en,8,0.9360720182854162,7,0.037200768214901585,0.8988712500705146,FALSE,FALSE,2023,"School-based physical education, physical activity and sports provision: A concept mapping framework for evaluation",10.1371/journal.pone.0287505,OpenAlex,metadata,0.34696370652136066
doi:10.3389/fpsyg.2021.740775,doi:10.3389/fpsyg.2021.740775,STM-METADATA-EN,metadata,en,8,0.6031863036486911,7,0.2883190648850405,0.3148672387636506,FALSE,FALSE,2021,"Hard Work and Hopefulness: A Mixed Methods Study of Music Students’ Status and Beliefs in Relation to Health, Wellbeing, and Success as They Enter Specialized Higher Education",10.3389/fpsyg.2021.740775,OpenAlex,metadata,1.1466985795435656
doi:10.1177/0886260520969243,doi:10.1177/0886260520969243,STM-METADATA-EN,metadata,en,7,0.9655311073679627,13,0.005656093506438123,0.9598750138615245,FALSE,FALSE,2020,Why Do School Staff Sometimes Fail to Report Potential Victimization Cases? A Mixed-methods Study,10.1177/0886260520969243,OpenAlex,metadata,0.23802644988425684
doi:10.3390/ijerph20010805,doi:10.3390/ijerph20010805,STM-METADATA-EN,metadata,en,7,0.5310707364060135,8,0.3302351554399202,0.20083558096609333,FALSE,FALSE,2023,Work-Related Stress of Polish School Principals during the COVID-19 Pandemic as a Risk Factor for Burnout,10.3390/ijerph20010805,OpenAlex,metadata,1.1311459203161707
doi:10.4102/sajpsychiatry.v26i0.1428,doi:10.4102/sajpsychiatry.v26i0.1428,STM-METADATA-EN,metadata,en,7,0.7731178900815515,13,0.1708118037325241,0.6023060863490274,FALSE,FALSE,2020,"Prevalence and perception of drug use amongst secondary school students in two local government areas of Lagos State, Nigeria",10.4102/sajpsychiatry.v26i0.1428,OpenAlex,metadata,0.7720149570781325
doi:10.1093/ej/uead112,doi:10.1093/ej/uead112,STM-METADATA-EN,metadata,en,6,0.9576758047658699,1,0.01013692914349461,0.9475388756223753,FALSE,FALSE,2024,Personnel Management and School Productivity: Evidence from India,10.1093/ej/uead112,OpenAlex,metadata,0.27345032067728237
doi:10.1177/00111287231193992,doi:10.1177/00111287231193992,STM-METADATA-EN,metadata,en,7,0.9644684417946415,13,0.007609450591262266,0.95685899120337925,FALSE,FALSE,2023,Cyberbullying Victimization and Perpetration in South Korean Youth: Structural Equation Modeling and Latent Means Analysis,10.1177/00111287231193992,OpenAlex,metadata,0.24246227272765403
doi:10.1177/14782103211040909,doi:10.1177/14782103211040909,STM-METADATA-EN,metadata,en,3,0.6144699237996112,5,0.14369335692850663,0.4707765668711046,FALSE,FALSE,2021,Challenges and opportunities for culturally responsive leadership in schools: Evidence from Four European countries,10.1177/14782103211040909,OpenAlex,metadata,1.4208558265282925
doi:10.56773/ejer.v1i2.7,doi:10.56773/ejer.v1i2.7,STM-METADATA-EN,metadata,en,13,0.7490483030426627,12,0.09701664902485199,0.6520316540178107,FALSE,FALSE,2023,Secondary school teachers’ perceptions of Catholic school management in selected schools of Lusaka District,10.56773/ejer.v1i2.7,OpenAlex,metadata,1.0739999623566059
doi:10.54536/ajahs.v3i4.3866,doi:10.54536/ajahs.v3i4.3866,STM-METADATA-EN,metadata,en,10,0.48420849275515226,8,0.1485256980850879,0.33568279467006434,FALSE,FALSE,2024,Challenges and Performance of Novice Teachers: Basis for School Management Plan,10.54536/ajahs.v3i4.3866,OpenAlex,metadata,1.631444221071991
doi:10.62997/rl.2025.42055,doi:10.62997/rl.2025.42055,STM-METADATA-EN,metadata,en,1,0.30035591322275834,13,0.2942632266008799,0.0060926866218784514,FALSE,TRUE,2025,Strengthening School Governance: Assessing the Impact of School Management Committees on School Administration in Public Schools of Pakistan,10.62997/rl.2025.42055,OpenAlex,metadata,1.6594363906251304
doi:10.3389/feduc.2025.1683084,doi:10.3389/feduc.2025.1683084,STM-METADATA-EN,metadata,en,10,0.3038677860704059,6,0.2607801266159308,0.04308765945447507,FALSE,TRUE,2025,The dual principal leadership structure in international schools’ management: a study based on two schools in Mainland China,10.3389/feduc.2025.1683084,OpenAlex,metadata,1.8445255941441288
doi:10.55813/gaea/rcym/v3/n1/55,doi:10.55813/gaea/rcym/v3/n1/55,STM-METADATA-EN,metadata,en,2,0.3101025147596879,15,0.20532658566388884,0.10477592909579908,FALSE,FALSE,2025,Desigualdades educativas y estrategias de inclusión en bachillerato en entornos socioeconómicos diversos,10.55813/gaea/rcym/v3/n1/55,OpenAlex,metadata,1.8656381737174694
doi:10.3389/fpsyg.2023.1280038,doi:10.3389/fpsyg.2023.1280038,STM-METADATA-EN,metadata,en,7,0.8086639649530212,3,0.13404566171039603,0.6746183032426252,FALSE,FALSE,2023,Measuring educational leadership in Singapore: re-examining the psychometric properties of the Multifactor Leadership Questionnaire,10.3389/fpsyg.2023.1280038,OpenAlex,metadata,0.7407140038720487
doi:10.3389/feduc.2022.958908,doi:10.3389/feduc.2022.958908,STM-METADATA-EN,metadata,en,8,0.7281298030838971,16,0.09997717751824667,0.6281526255656504,FALSE,FALSE,2022,Supporting a statewide policy consideration: Virtual advancing educational leadership training during COVID-19,10.3389/feduc.2022.958908,OpenAlex,metadata,1.0867173980789486
doi:10.23917/ijolae.v6i3.23839,doi:10.23917/ijolae.v6i3.23839,STM-METADATA-EN,metadata,en,9,0.3283884337487571,5,0.24321361209177408,0.08517482165698301,FALSE,TRUE,2024,Transforming Educational Leadership: Digital Applications of Ki Hajar Dewantara’s Leadership Principles,10.23917/ijolae.v6i3.23839,OpenAlex,metadata,1.7730054816592449
doi:10.1177/1741143220973658,doi:10.1177/1741143220973658,STM-METADATA-EN,metadata,en,15,0.7643972843121882,3,0.13745485272509828,0.62694243158709,FALSE,FALSE,2020,Systematic review of research on educational leadership and management in Muslim societies,10.1177/1741143220973658,OpenAlex,metadata,0.8791301703012775
doi:10.21423/awlj-v30.a303,doi:10.21423/awlj-v30.a303,STM-METADATA-EN,metadata,en,3,0.4667079105583902,15,0.25981390556729894,0.20689400499109128,FALSE,FALSE,2023,Gender Issues in K-12 Educational Leadership,10.21423/awlj-v30.a303,OpenAlex,metadata,1.279293530711809
doi:10.1080/2005615x.2020.1842655,doi:10.1080/2005615x.2020.1842655,STM-METADATA-EN,metadata,en,15,0.46260740955242463,3,0.44279542281040746,0.019811986742017174,FALSE,TRUE,2020,A systematic review on multiculturalism and educational leadership: similarities and contrasts in knowledge production across societies,10.1080/2005615x.2020.1842655,OpenAlex,metadata,1.0986825889837222
doi:10.1108/jpcc-06-2024-0097,doi:10.1108/jpcc-06-2024-0097,STM-METADATA-EN,metadata,en,15,0.7866652472942222,3,0.11045421217666121,0.676211035117561,FALSE,FALSE,2025,Multicultural educational leadership with indigenous communities: a literature review,10.1108/jpcc-06-2024-0097,OpenAlex,metadata,0.8477481366058867
doi:10.20428/jst.v30i11.3194,doi:10.20428/jst.v30i11.3194,STM-METADATA-EN,metadata,en,9,0.9183945797256035,15,0.028938212526739133,0.8894563671988643,FALSE,FALSE,2025,A Secure Web-Based School Management System Using Role-Based Access: Case Study from Nigeria,10.20428/jst.v30i11.3194,OpenAlex,metadata,0.45944284504365107
doi:10.1108/sup-09-2024-0021,doi:10.1108/sup-09-2024-0021,STM-METADATA-EN,metadata,en,3,0.6372597523705704,10,0.33398991914793774,0.3032698332226327,FALSE,FALSE,2025,Bridging the gap: experiences in researching Latinx representation in PK-12 educational leadership,10.1108/sup-09-2024-0021,OpenAlex,metadata,0.8131070960778832
doi:10.1016/j.gaceta.2022.102256,doi:10.1016/j.gaceta.2022.102256,STM-METADATA-EN,metadata,en,7,0.7872584975915796,2,0.11560455728170389,0.6716539403098757,FALSE,FALSE,2022,Evaluation of food intake through residual analysis in 90 Basque school canteens,10.1016/j.gaceta.2022.102256,OpenAlex,metadata,0.8629711199800767
doi:10.1016/j.tate.2022.103815,doi:10.1016/j.tate.2022.103815,STM-METADATA-EN,metadata,en,8,0.963417039834332,5,0.004544405185257568,0.9588726346490745,FALSE,FALSE,2022,Providing emergency remote teaching: What are teachers’ needs and what could have helped them to deal with the impact of the COVID-19 pandemic?,10.1016/j.tate.2022.103815,OpenAlex,metadata,0.2498398494395619
doi:10.46827/ejes.v12i5.5937,doi:10.46827/ejes.v12i5.5937,STM-METADATA-EN,metadata,en,13,0.7801984851017351,5,0.11733761416462576,0.6628608709371093,FALSE,FALSE,2025,PRINCIPALS’ SCHOOL MANAGEMENT STYLES AND MOTIVATIONS OF TEACHERS TOWARD SCHOOL PERFORMANCE,10.46827/ejes.v12i5.5937,OpenAlex,metadata,0.8828011230741766
doi:10.3390/educsci13060606,doi:10.3390/educsci13060606,STM-METADATA-EN,metadata,en,2,0.6955005173469894,14,0.16231899384560683,0.5331815235013826,FALSE,FALSE,2023,Breaking Barriers: The Influence of Teachers’ Attitudes on Inclusive Education for Students with Mild Learning Disabilities (MLDs),10.3390/educsci13060606,OpenAlex,metadata,1.006813601572178
doi:10.47297/wspchrmwsp2040-800506.20231403,doi:10.47297/wspchrmwsp2040-800506.20231403,STM-METADATA-EN,metadata,en,4,0.46831060105592065,8,0.467950062074921,3.605389809996362e-4,FALSE,TRUE,2023,The Role of Supervisor to Develop Strategic Planning for the Future of Education,10.47297/wspchrmwsp2040-800506.20231403,OpenAlex,metadata,1.0320041190376477
doi:10.1177/0308022619891841,doi:10.1177/0308022619891841,STM-METADATA-EN,metadata,en,2,0.750899471881841,10,0.18685654026427304,0.564042931617568,FALSE,FALSE,2020,The developing role of occupational therapists in school-based practice: Experiences from collaborative action research in Pakistan,10.1177/0308022619891841,OpenAlex,metadata,0.855863960595555
doi:10.1109/access.2022.3198682,doi:10.1109/access.2022.3198682,STM-METADATA-EN,metadata,en,9,0.8694136936773045,14,0.09332122522874507,0.7760924684485594,FALSE,FALSE,2022,Can We Predict Student Performance Based on Tabular and Textual Data?,10.1109/access.2022.3198682,OpenAlex,metadata,0.5551492482391389
doi:10.4102/td.v17i1.873,doi:10.4102/td.v17i1.873,STM-METADATA-EN,metadata,en,11,0.6465985729253548,2,0.19970946230798428,0.4468891106173706,FALSE,FALSE,2021,Teachers’ experiences of teaching Accounting in the context of curriculum changes in South Africa,10.4102/td.v17i1.873,OpenAlex,metadata,1.1911011470908444
doi:10.1108/jea-04-2021-0073,doi:10.1108/jea-04-2021-0073,STM-METADATA-EN,metadata,en,15,0.524824476403285,5,0.32704362364919665,0.19778085275408835,FALSE,FALSE,2021,Instructional leadership in a centralized and competitive educational system: a qualitative meta-synthesis of research from Turkey,10.1108/jea-04-2021-0073,OpenAlex,metadata,1.2971582680084817
doi:10.46627/sipose.v5i1.478,doi:10.46627/sipose.v5i1.478,STM-METADATA-EN,metadata,en,4,0.4493254221231997,1,0.26358426256934586,0.18574115955385384,FALSE,FALSE,2024,Community-Based School Management Model Development in The Digital Era,10.46627/sipose.v5i1.478,OpenAlex,metadata,1.6397555839363853
doi:10.51278/bpr.v5i1.1750,doi:10.51278/bpr.v5i1.1750,STM-METADATA-EN,metadata,en,10,0.5013765563110062,12,0.37849156897990605,0.12288498733110015,FALSE,FALSE,2025,The Integration of Multiculturalism Values in School Management at Mts Favorit Darut Taqwa,10.51278/bpr.v5i1.1750,OpenAlex,metadata,1.1907697138727342
doi:10.61132/uranus.v3i2.802,doi:10.61132/uranus.v3i2.802,STM-METADATA-EN,metadata,en,9,0.5847863333883877,15,0.1677415874198453,0.4170447459685424,FALSE,FALSE,2025,Pengembangan Sistem Informasi Manajemen Sekolah Berbasis Web untuk Meningkatkan Efisiensi Administrasi Pendidikan,10.61132/uranus.v3i2.802,OpenAlex,metadata,1.294439119812738
doi:10.15700/saje.v44ns1a2310,doi:10.15700/saje.v44ns1a2310,STM-METADATA-EN,metadata,en,11,0.48154682720054093,13,0.3053278504350831,0.17621897676545784,FALSE,FALSE,2024,Optimising school management strategies: Empowering school management teams through revision of the learners’ code of conduct for effective discipline management,10.15700/saje.v44ns1a2310,OpenAlex,metadata,1.3160243115354746
doi:10.37284/eajes.7.4.2338,doi:10.37284/eajes.7.4.2338,STM-METADATA-EN,metadata,en,13,0.4666300789891337,10,0.30720767828464896,0.15942240070448477,FALSE,FALSE,2024,The Influence of School Management Team on Student’s Academic Performance in Tanzania,10.37284/eajes.7.4.2338,OpenAlex,metadata,1.4535491561440514
doi:10.22521/edupij.2025.16.227,doi:10.22521/edupij.2025.16.227,STM-METADATA-EN,metadata,en,11,0.7898838730518839,13,0.07993104494073884,0.709952828111145,FALSE,FALSE,2025,Challenges Faced by School Management Teams in Managing Rural Schools in Three Selected Schools in South Africa,10.22521/edupij.2025.16.227,OpenAlex,metadata,0.8562423970294668
doi:10.22492/ije.13.3.09,doi:10.22492/ije.13.3.09,STM-METADATA-EN,metadata,en,13,0.30373113048510225,11,0.20204651504304694,0.10168461544205531,FALSE,FALSE,2025,A Ground-Based Study on School Management Committees: Insights from School Principals,10.22492/ije.13.3.09,OpenAlex,metadata,1.8038541951211724
doi:10.38159/ehass.20245113,doi:10.38159/ehass.20245113,STM-METADATA-EN,metadata,en,11,0.7618820137986733,13,0.07625583010751617,0.6856261836911571,FALSE,FALSE,2024,"Exploring the Strategies used by the School Management Teams (SMTs) in Addressing Poor Academic Performance Post-pandemic in Rural High Schools of Mopani West District, Limpopo Province, South Africa",10.38159/ehass.20245113,OpenAlex,metadata,1.0222162945466804
doi:10.3390/safety11040108,doi:10.3390/safety11040108,STM-METADATA-EN,metadata,en,16,0.6819170380646065,13,0.1412357633650438,0.5406812746995626,FALSE,FALSE,2025,School Management Council and Disaster Preparedness: A Study of Special Needs Schools in Japan,10.3390/safety11040108,OpenAlex,metadata,1.192249105233604
doi:10.3390/su16219251,doi:10.3390/su16219251,STM-METADATA-EN,metadata,en,10,0.6284051812903232,11,0.19348699697679736,0.4349181843135258,FALSE,FALSE,2024,Challenges and Professional Support for Principals at Rural Schools for Sustainable Development,10.3390/su16219251,OpenAlex,metadata,1.2328303597359394
doi:10.5281/zenodo.21268308,doi:10.5281/zenodo.21268308,STM-METADATA-EN,metadata,en,2,0.5950040342634219,9,0.13844121525937586,0.456562819004046,FALSE,FALSE,2026,Cuestionarios Gestión Escolar 2DO PARCIAL,10.5281/zenodo.21268308,OpenAlex,metadata,1.5424825525871637
doi:10.1177/17411432241293563,doi:10.1177/17411432241293563,STM-METADATA-EN,metadata,en,5,0.8251485189193578,14,0.049743475345971754,0.775405043573386,FALSE,FALSE,2024,Caring leadership practices in Chilean educational communities: Perceptions of school principals and teachers,10.1177/17411432241293563,OpenAlex,metadata,0.8137506108863432
record:5a879ea9600bfda9bcb7bc05,record:5a879ea9600bfda9bcb7bc05,STM-METADATA-EN,metadata,en,5,0.9690385046973264,3,0.010563100023666058,0.9584754046736604,FALSE,FALSE,2025,La construcción de liderazgo de directoras escolares: las múltiples identidades desde el género,NA,OpenAlex,metadata,0.20307233940653482
doi:10.55028/dfbv8s36,doi:10.55028/dfbv8s36,STM-METADATA-EN,metadata,en,1,0.39312366493500384,15,0.27559709941316385,0.11752656552183999,FALSE,FALSE,2026,Gestão e provimento à direção escolar: estado do conhecimento a partir de dissertações de mestrados profissionais (2014-2024),10.55028/dfbv8s36,OpenAlex,metadata,1.720890965764227
record:e4f50b3645bfef8c2b443a72,record:e4f50b3645bfef8c2b443a72,STM-METADATA-EN,metadata,en,15,0.3915946147040799,10,0.2726384907486929,0.11895612395538702,FALSE,FALSE,2026,Dirección estratégica y gestión transformadora en educación: revisión sistemática,NA,OpenAlex,metadata,1.5290408873581232
doi:10.35290/rcui.v12n3.2025.1613,doi:10.35290/rcui.v12n3.2025.1613,STM-METADATA-EN,metadata,en,6,0.5081269613680989,10,0.33261368344220565,0.17551327792589322,FALSE,FALSE,2025,Estrategias de gestión educativa para implicar al docente en el desarrollo del Marco Curricular Competencial de Ecuador,10.35290/rcui.v12n3.2025.1613,OpenAlex,metadata,1.3281715925824154
doi:10.64639/dmvd0q69,doi:10.64639/dmvd0q69,STM-METADATA-EN,metadata,en,2,0.516444861942027,9,0.2303620873836536,0.2860827745583734,FALSE,FALSE,2023,Gestión educativa y TIC en tiempos de cambio,10.64639/dmvd0q69,OpenAlex,metadata,1.4293243078914037
doi:10.60027/ijsasr.2025.7273,doi:10.60027/ijsasr.2025.7273,STM-METADATA-EN,metadata,en,10,0.513526271240453,11,0.37974445396278905,0.13378181727766397,FALSE,FALSE,2025,School Management Strategies in Preventing School Bullying,10.60027/ijsasr.2025.7273,OpenAlex,metadata,1.120946361256689
doi:10.31014/aior.1993.05.04.569,doi:10.31014/aior.1993.05.04.569,STM-METADATA-EN,metadata,en,1,0.31914189825610545,14,0.30330885442309896,0.015833043833006488,FALSE,TRUE,2022,Democratic School Management and Social Capital,10.31014/aior.1993.05.04.569,OpenAlex,metadata,1.6635403947208713
doi:10.47772/ijriss.2025.90300259,doi:10.47772/ijriss.2025.90300259,STM-METADATA-EN,metadata,en,14,0.4480721215721289,10,0.20716578077082515,0.24090634080130374,FALSE,FALSE,2025,A Structural Model on School Management Effectiveness,10.47772/ijriss.2025.90300259,OpenAlex,metadata,1.7072593107048026
doi:10.23977/aduhe.2024.060422,doi:10.23977/aduhe.2024.060422,STM-METADATA-EN,metadata,en,9,0.9629205523403025,15,0.006680974625584532,0.956239577714718,FALSE,FALSE,2024,Opportunities and challenges of school management in the digital era,10.23977/aduhe.2024.060422,OpenAlex,metadata,0.24845464493436326
doi:10.1007/978-981-16-9967-2_37,doi:10.1007/978-981-16-9967-2_37,STM-METADATA-EN,metadata,en,4,0.4900191568769514,9,0.20490267582504645,0.28511648105190496,FALSE,FALSE,2022,DigiDrive: Making Driving School Management Effective,10.1007/978-981-16-9967-2_37,OpenAlex,metadata,1.5533687850992794
doi:10.71282/at-taklim.v2i1.36,doi:10.71282/at-taklim.v2i1.36,STM-METADATA-EN,metadata,en,9,0.4284504310302567,5,0.23714221217908277,0.19130821885117394,FALSE,FALSE,2025,The Concept of Principal's Technology Competency in School Management Effectiveness,10.71282/at-taklim.v2i1.36,OpenAlex,metadata,1.6403702299596623
doi:10.22363/2313-2272-2025-25-3-731-742,doi:10.22363/2313-2272-2025-25-3-731-742,STM-METADATA-EN,metadata,en,1,0.42036058914911634,7,0.28511233975913486,0.13524824938998148,FALSE,FALSE,2025,Self-management as a tool for overcoming risks in school management,10.22363/2313-2272-2025-25-3-731-742,OpenAlex,metadata,1.6647507704513274
doi:10.17977/jptpp.v5i2.13194,doi:10.17977/jptpp.v5i2.13194,STM-METADATA-EN,metadata,en,13,0.34253309229575374,12,0.18717054643838532,0.15536254585736842,FALSE,FALSE,2020,The Effectiveness of Physical Education Learning in Elementary School Located in Wetland Environment,10.17977/jptpp.v5i2.13194,OpenAlex,metadata,1.8876976128252736
doi:10.23887/jipp.v8i1.73725,doi:10.23887/jipp.v8i1.73725,STM-METADATA-EN,metadata,en,14,0.29934401605611344,7,0.27823203058140183,0.021111985474711603,FALSE,TRUE,2024,School Management Model to Improve Teacher Performance in Elementary Schools,10.23887/jipp.v8i1.73725,OpenAlex,metadata,1.8262064284719979
doi:10.24042/terampil.v12i1.27890,doi:10.24042/terampil.v12i1.27890,STM-METADATA-EN,metadata,en,10,0.4028294262048992,12,0.2755374251963251,0.12729200100857407,FALSE,FALSE,2025,21st Century Elementary School Management: CreativeStrategies towards Meaningful Learning,10.24042/terampil.v12i1.27890,OpenAlex,metadata,1.4199332393852868
doi:10.3390/soc16010020,doi:10.3390/soc16010020,STM-METADATA-EN,metadata,en,10,0.5760505554535295,4,0.22297749584988188,0.35307305960364754,FALSE,FALSE,2026,Skills Ecosystem and the Role of School Management for Sustainable Development of Dual Education,10.3390/soc16010020,OpenAlex,metadata,1.3711194143323
doi:10.1080/13632434.2020.1719400,doi:10.1080/13632434.2020.1719400,STM-METADATA-EN,metadata,en,5,0.7104062609340508,1,0.09017894505740634,0.6202273158766445,FALSE,FALSE,2020,Giving voice to problems faced by school leaders in Portugal,10.1080/13632434.2020.1719400,OpenAlex,metadata,1.1992286272925612
doi:10.2478/amns-2025-0528,doi:10.2478/amns-2025-0528,STM-METADATA-EN,metadata,en,13,0.49728470209439696,2,0.31351262453886264,0.18377207755553432,FALSE,FALSE,2025,A study of the impact of the public management concept on the reform of the modern school management system,10.2478/amns-2025-0528,OpenAlex,metadata,1.3462126735004407
doi:10.4108/eai.17-9-2024.2352833,doi:10.4108/eai.17-9-2024.2352833,STM-METADATA-EN,metadata,en,2,0.5716134395137238,3,0.07902629664795609,0.4925871428657677,FALSE,FALSE,2025,Teaching Materials Design for School Management Based on Mandailing Ethnic Leadership Values,10.4108/eai.17-9-2024.2352833,OpenAlex,metadata,1.676742865506538
doi:10.62097/falasifa.v16i02.2474,doi:10.62097/falasifa.v16i02.2474,STM-METADATA-EN,metadata,en,12,0.44254905631610125,9,0.32892999744481677,0.11361905887128448,FALSE,FALSE,2025,Islamic Boarding School Management in the Digital Era: Integrating Tradition and Innovation in Islamic Education,10.62097/falasifa.v16i02.2474,OpenAlex,metadata,1.4727709935281728
doi:10.25077/amar.9.2.145-173.2025,doi:10.25077/amar.9.2.145-173.2025,STM-METADATA-EN,metadata,en,5,0.45642288693767313,10,0.30229130499731577,0.15413158194035737,FALSE,FALSE,2025,"Exploring Principal Identity Models for Effective School Management in uMgungundlovu District, South Africa",10.25077/amar.9.2.145-173.2025,OpenAlex,metadata,1.3965938942851341
doi:10.34117/bjdv11n12-023,doi:10.34117/bjdv11n12-023,STM-METADATA-EN,metadata,en,10,0.37587609775883907,14,0.16994645429875357,0.2059296434600855,FALSE,FALSE,2025,School management and organizational climate: how strategic leadership impacts educational community performance,10.34117/bjdv11n12-023,OpenAlex,metadata,1.8327662920226562
doi:10.30543/10-2(2021)-4,doi:10.30543/10-2(2021)-4,STM-METADATA-EN,metadata,en,14,0.6699355669496281,13,0.2318119813042677,0.43812358564536036,FALSE,FALSE,2021,Role of the School Management for the Improvement of Teachers Satisfaction during the Conduction of Performance Appraisal System,10.30543/10-2(2021)-4,OpenAlex,metadata,1.0056751019326418
doi:10.47405/mjssh.v10i2.3232,doi:10.47405/mjssh.v10i2.3232,STM-METADATA-EN,metadata,en,14,0.47856344322109473,13,0.18009972920839667,0.29846371401269806,FALSE,FALSE,2025,Collaborative Leadership and School Management Committees' Impact on Primary Teachers' Job Satisfaction in Sarawak Malaysia,10.47405/mjssh.v10i2.3232,OpenAlex,metadata,1.558123566766335
doi:10.69714/rv353w94,doi:10.69714/rv353w94,STM-METADATA-EN,metadata,en,15,0.9595548553930624,1,0.008342039555844631,0.9512128158372177,FALSE,FALSE,2026,"EDUCATIONAL MARKETING IN SCHOOL MANAGEMENT: AN ONTOLOGICAL, EPISTEMOLOGICAL, AND AXIOLOGICAL ANALYSIS FROM THE PHILOSOPHY OF SCIENCE PERSPECTIVE",10.69714/rv353w94,OpenAlex,metadata,0.258470470303684
doi:10.1080/08856257.2025.2517045,doi:10.1080/08856257.2025.2517045,STM-METADATA-EN,metadata,en,2,0.5955017584531298,13,0.26783790304908756,0.32766385540404225,FALSE,FALSE,2025,The pedagogical and inclusive leadership of school management teams. The views of generalist and special education specialist teachers in Spain,10.1080/08856257.2025.2517045,OpenAlex,metadata,1.2404549085731877
doi:10.1590/0102-469846659-t,doi:10.1590/0102-469846659-t,STM-METADATA-EN,metadata,en,1,0.7395585176733287,13,0.18951949861741216,0.5500390190559166,FALSE,FALSE,2025,DEMOCRATIC SCHOOL MANAGEMENT: WHAT THE PERCEPTIONS OF TEACHERS FROM THE STATE EDUCATION SYSTEM OF SANTA CATARINA SAY,10.1590/0102-469846659-t,OpenAlex,metadata,0.9017182017726779
doi:10.3389/fpubh.2025.1496631,doi:10.3389/fpubh.2025.1496631,STM-METADATA-EN,metadata,en,2,0.3861442462517161,10,0.1822881304883325,0.2038561157633836,FALSE,FALSE,2025,Barriers and facilitators to participation in physical activity for students with disabilities in an integrated school setting: a meta-synthesis of qualitative research evidence,10.3389/fpubh.2025.1496631,OpenAlex,metadata,1.8823139784813834
doi:10.1080/00131881.2024.2361412,doi:10.1080/00131881.2024.2361412,STM-METADATA-EN,metadata,en,10,0.7642983481009498,1,0.1327956453974723,0.6315027027034774,FALSE,FALSE,2024,A shared vision for a school: developing a learning community,10.1080/00131881.2024.2361412,OpenAlex,metadata,0.9472889406063674
doi:10.1007/s12144-023-05387-2,doi:10.1007/s12144-023-05387-2,STM-METADATA-EN,metadata,en,14,0.5365490865512766,5,0.21456368638072879,0.3219854001705479,FALSE,FALSE,2023,"Understanding how to ignite teacher enthusiasm: The role of school climate, teacher efficacy, and teacher leadership",10.1007/s12144-023-05387-2,OpenAlex,metadata,1.5375550833588367
doi:10.24256/kelola.v8i1.3452,doi:10.24256/kelola.v8i1.3452,STM-METADATA-EN,metadata,en,9,0.6003138558821187,12,0.15732183900751096,0.44299201687460776,FALSE,FALSE,2023,PEMANFAATAN TEKNOLOGI INFORMASI DALAM MENUNJANG MUTU PENDIDIKAN SEKOLAH,10.24256/kelola.v8i1.3452,OpenAlex,metadata,1.3386425666335557
doi:10.17759/pse.2022270503,doi:10.17759/pse.2022270503,STM-METADATA-EN,metadata,en,2,0.7279492879443676,4,0.1305761563301924,0.5973731316141753,FALSE,FALSE,2022,Health Protection in the Education of Students with Disabilities: Principles and Organization,10.17759/pse.2022270503,OpenAlex,metadata,1.0987384115332042
doi:10.3390/educsci14070783,doi:10.3390/educsci14070783,STM-METADATA-EN,metadata,en,10,0.5772559180930575,5,0.27801863491051,0.29923728318254755,FALSE,FALSE,2024,Principal Attitudes towards Out-of-Field Teaching Assignments and Professional Learning Needs,10.3390/educsci14070783,OpenAlex,metadata,1.293697274799167
doi:10.4324/9781032666839-4,doi:10.4324/9781032666839-4,STM-METADATA-EN,metadata,en,3,0.57252699356037,10,0.19242610986782424,0.3801008836925457,FALSE,FALSE,2024,Educational leadership,10.4324/9781032666839-4,OpenAlex,metadata,1.4202606773132127
doi:10.4324/9781003623137-4,doi:10.4324/9781003623137-4,STM-METADATA-EN,metadata,en,3,0.5582564223149779,10,0.25401965562915524,0.3042367666858226,FALSE,FALSE,2025,Educational leadership,10.4324/9781003623137-4,OpenAlex,metadata,1.2897343879142331
doi:10.1080/00220671.2025.2510397,doi:10.1080/00220671.2025.2510397,STM-METADATA-EN,metadata,en,10,0.2581681318875961,9,0.24344048834914978,0.0147276435384463,FALSE,TRUE,2025,A global perspective on artificial intelligence in educational leadership,10.1080/00220671.2025.2510397,OpenAlex,metadata,1.9881006307584017
doi:10.1080/13603124.2022.2068190,doi:10.1080/13603124.2022.2068190,STM-METADATA-EN,metadata,en,3,0.7060131740563171,15,0.26736938717967573,0.4386437868766414,FALSE,FALSE,2022,The research on educational leadership for refugees since 2009: an international systemic review of empirical evidence,10.1080/13603124.2022.2068190,OpenAlex,metadata,0.747800577153527
doi:10.4018/979-8-3373-3316-8.ch001,doi:10.4018/979-8-3373-3316-8.ch001,STM-METADATA-EN,metadata,en,10,0.5184869629124342,3,0.2633905131149666,0.25509644979746765,FALSE,FALSE,2025,AI-Driven Educational Leadership,10.4018/979-8-3373-3316-8.ch001,OpenAlex,metadata,1.3023148829723217
doi:10.3389/feduc.2021.706608,doi:10.3389/feduc.2021.706608,STM-METADATA-EN,metadata,en,15,0.6320413824952122,3,0.3318951778247199,0.30014620467049236,FALSE,FALSE,2021,Strategy and Strategic Leadership in Education: A Scoping Review,10.3389/feduc.2021.706608,OpenAlex,metadata,0.8521081553130919
doi:10.1177/17411432251339712,doi:10.1177/17411432251339712,STM-METADATA-EN,metadata,en,8,0.42700384886798987,5,0.1982548119806121,0.22874903688737777,FALSE,FALSE,2025,Educational leadership in the shadow of crises: Effective school leadership practices for post-earthquake recovery in southeast Türkiye,10.1177/17411432251339712,OpenAlex,metadata,1.6632534713011455
doi:10.1080/09518398.2023.2233919,doi:10.1080/09518398.2023.2233919,STM-METADATA-EN,metadata,en,3,0.8301847040091177,10,0.12907742907934106,0.7011072749297766,FALSE,FALSE,2023,Ignited fire: learning from black youth activists to cultivate justice-driven educational leadership,10.1080/09518398.2023.2233919,OpenAlex,metadata,0.6393714673444277
doi:10.1080/09518398.2021.2003893,doi:10.1080/09518398.2021.2003893,STM-METADATA-EN,metadata,en,3,0.8442321037262601,10,0.0825875094058162,0.761644594320444,FALSE,FALSE,2021,Developing a theory of critical forgiveness in educational leadership,10.1080/09518398.2021.2003893,OpenAlex,metadata,0.7021320789161978
doi:10.1080/08878730.2020.1759743,doi:10.1080/08878730.2020.1759743,STM-METADATA-EN,metadata,en,3,0.6302444828369063,10,0.15327331471958938,0.4769711681173169,FALSE,FALSE,2020,“Lies My Teacher [Educator] Still Tells”: Using Critical Race Counternarratives to Disrupt Whiteness in Teacher Education,10.1080/08878730.2020.1759743,OpenAlex,metadata,1.3864613317856542
doi:10.1177/14782103221135620,doi:10.1177/14782103221135620,STM-METADATA-EN,metadata,en,8,0.5998728446794895,3,0.13424736189294834,0.4656254827865412,FALSE,FALSE,2022,K-12 school leadership perspectives from the COVID-19 pandemic,10.1177/14782103221135620,OpenAlex,metadata,1.394750554167203
doi:10.52305/mqvh3498,doi:10.52305/mqvh3498,STM-METADATA-EN,metadata,en,5,0.37687586471779727,3,0.3157007329589362,0.06117513175886108,FALSE,TRUE,2020,Positive Psychology and School Leadership: The New Science of Positive Educational Leadership,10.52305/mqvh3498,OpenAlex,metadata,1.5856963368022474
doi:10.1080/15700763.2022.2081218,doi:10.1080/15700763.2022.2081218,STM-METADATA-EN,metadata,en,5,0.39528872779156776,10,0.2022200286824302,0.19306869910913757,FALSE,FALSE,2022,Nurturing Teachers’ Entrepreneurial Behavior in Schools: Roles and Responsibilities for School Principals,10.1080/15700763.2022.2081218,OpenAlex,metadata,1.8139279516998752
doi:10.1177/08920206211021845,doi:10.1177/08920206211021845,STM-METADATA-EN,metadata,en,3,0.39263414961154863,15,0.14623768857488081,0.24639646103666782,FALSE,FALSE,2021,Navigating gender stereotypes as educational leaders: An ecological approach,10.1177/08920206211021845,OpenAlex,metadata,1.9684392429545707
doi:10.1007/978-3-030-55027-1,doi:10.1007/978-3-030-55027-1,STM-METADATA-EN,metadata,en,1,0.6379323702541407,3,0.08939637209649251,0.5485359981576482,FALSE,FALSE,2020,Re-centering the Critical Potential of Nordic School Leadership Research,10.1007/978-3-030-55027-1,OpenAlex,metadata,1.498916706970413
doi:10.1007/978-3-030-54750-9_3,doi:10.1007/978-3-030-54750-9_3,STM-METADATA-EN,metadata,en,3,0.7183542871640176,5,0.09562593531008534,0.6227283518539323,FALSE,FALSE,2020,A Bourdieusian Approach to Educational Leadership in Culturally Diverse Schools,10.1007/978-3-030-54750-9_3,OpenAlex,metadata,1.1737855855068693
doi:10.36948/ijfmr.2025.v07i03.47989,doi:10.36948/ijfmr.2025.v07i03.47989,STM-METADATA-EN,metadata,en,10,0.26188024075573313,3,0.2518973543214443,0.009982886434288851,FALSE,TRUE,2025,Power and Politics in the Workplace: Input to Educational Leadership and Management,10.36948/ijfmr.2025.v07i03.47989,OpenAlex,metadata,1.9769170468300532
doi:10.2478/picbe-2024-0206,doi:10.2478/picbe-2024-0206,STM-METADATA-EN,metadata,en,15,0.7291553590413388,3,0.18029109279476777,0.548864266246571,FALSE,FALSE,2024,Evolution of Educational Leadership: A Bibliometric Analysis of International Publications,10.2478/picbe-2024-0206,OpenAlex,metadata,0.9086993352852653
doi:10.1177/0013161x231178023,doi:10.1177/0013161x231178023,STM-METADATA-EN,metadata,en,3,0.5989881653076213,10,0.09211901529012859,0.5068691500174928,FALSE,FALSE,2023,What Is Student Voice Anyway? The Intersection of Student Voice Practices and Shared Leadership,10.1177/0013161x231178023,OpenAlex,metadata,1.5176822541398436
doi:10.1080/00220620.2020.1785403,doi:10.1080/00220620.2020.1785403,STM-METADATA-EN,metadata,en,3,0.9451680878645975,10,0.016944756412020496,0.928223331452577,FALSE,FALSE,2020,For <i>us</i>: towards an intersectional leadership conceptualization by Black women for Black girls,10.1080/00220620.2020.1785403,OpenAlex,metadata,0.3163702215926708
doi:10.31619/caledu.n56.1189,doi:10.31619/caledu.n56.1189,STM-METADATA-EN,metadata,en,5,0.43978215466450005,3,0.3310419550111068,0.10874019965339327,FALSE,FALSE,2022,Un liderazgo de doble filo: directoras en establecimientos de educación inicial,10.31619/caledu.n56.1189,OpenAlex,metadata,1.5477206746646262
doi:10.2478/gssfj-2022-0002,doi:10.2478/gssfj-2022-0002,STM-METADATA-EN,metadata,en,3,0.41821598951630296,15,0.31459497232575484,0.10362101719054811,FALSE,FALSE,2022,Educational leadership across cultures,10.2478/gssfj-2022-0002,OpenAlex,metadata,1.4290417897019136
doi:10.4324/9781003279334-5,doi:10.4324/9781003279334-5,STM-METADATA-EN,metadata,en,5,0.38501195151960793,3,0.2732903740061624,0.11172157751344552,FALSE,FALSE,2024,Educational leadership in trying times,10.4324/9781003279334-5,OpenAlex,metadata,1.839661427005238
doi:10.4018/978-1-6684-4144-2.ch007,doi:10.4018/978-1-6684-4144-2.ch007,STM-METADATA-EN,metadata,en,3,0.5283232788605736,2,0.23316705774007726,0.29515622112049633,FALSE,FALSE,2022,Design Thinking in Educational Leadership,10.4018/978-1-6684-4144-2.ch007,OpenAlex,metadata,1.4773763070655512
record:1660d63dc4004e7bf5459d66,record:1660d63dc4004e7bf5459d66,STM-METADATA-EN,metadata,en,13,0.2788456588645632,12,0.23628358482559136,0.04256207403897183,FALSE,TRUE,2021,Educational Leadership: The Role Of Parents,NA,OpenAlex,metadata,1.9521084925696373
doi:10.15575/al-aulad.v3i2.6686,doi:10.15575/al-aulad.v3i2.6686,STM-METADATA-EN,metadata,en,12,0.6021646351853724,5,0.15503379856407987,0.4471308366212926,FALSE,FALSE,2020,Peran dan Fungsi Kepala Sekolah dalam Mewujudkan Sekolah Efektif di Lingkungan Sekolah Dasar,10.15575/al-aulad.v3i2.6686,OpenAlex,metadata,1.3362134878666965
doi:10.1177/17411432221132100,doi:10.1177/17411432221132100,STM-METADATA-EN,metadata,en,3,0.4620819681352721,1,0.299384989123895,0.16269697901137709,FALSE,FALSE,2022,Reimagining accountability through educational leadership: Applying the metaphors of “ <i>agora</i> ” and “ <i>bazaar</i> ”,10.1177/17411432221132100,OpenAlex,metadata,1.5459710037096834
doi:10.1016/b978-0-12-818630-5.05072-7,doi:10.1016/b978-0-12-818630-5.05072-7,STM-METADATA-EN,metadata,en,3,0.6353720330966733,5,0.11532218137132053,0.5200498517253528,FALSE,FALSE,2022,The contributions of positive organizational studies to educational leadership and school improvement,10.1016/b978-0-12-818630-5.05072-7,OpenAlex,metadata,1.3419626677410637
doi:10.21831/cp.v41i2.45913,doi:10.21831/cp.v41i2.45913,STM-METADATA-EN,metadata,en,4,0.4857882547322679,13,0.21606554818009616,0.26972270655217173,FALSE,FALSE,2022,BEACCTIVE as educational leadership model to create partnerships with business and industry,10.21831/cp.v41i2.45913,OpenAlex,metadata,1.6113625514478618
doi:10.1108/978-1-64802-374-3,doi:10.1108/978-1-64802-374-3,STM-METADATA-EN,metadata,en,3,0.36563034261910604,15,0.34012415440197546,0.025506188217130576,FALSE,TRUE,2020,Educational Leadership for Social Justice and Improving High-Needs Schools,10.1108/978-1-64802-374-3,OpenAlex,metadata,1.610239548661312
doi:10.35445/alishlah.v16i1.4768,doi:10.35445/alishlah.v16i1.4768,STM-METADATA-EN,metadata,en,14,0.31049202407123994,5,0.30801189128967355,0.002480132781566391,FALSE,TRUE,2024,Revitalizing Educational Leadership: A Comprehensive Literature Review of Transformational Leadership in Indonesia Academic Settings,10.35445/alishlah.v16i1.4768,OpenAlex,metadata,1.5218020061161115
doi:10.17645/si.v9i4.4611,doi:10.17645/si.v9i4.4611,STM-METADATA-EN,metadata,en,2,0.30953342043799836,15,0.13348729836744563,0.17604612207055273,FALSE,FALSE,2021,Inclusive Leadership: Good Managerial Practices to Address Cultural Diversity in Schools,10.17645/si.v9i4.4611,OpenAlex,metadata,2.113573738063465
doi:10.4324/9781032686097,doi:10.4324/9781032686097,STM-METADATA-EN,metadata,en,3,0.49232425954442943,2,0.2426393720203074,0.24968488752412205,FALSE,FALSE,2025,Complexity Theory and Educational Leadership in Schools,10.4324/9781032686097,OpenAlex,metadata,1.5718990562056152
doi:10.1108/jea-03-2024-0062,doi:10.1108/jea-03-2024-0062,STM-METADATA-EN,metadata,en,8,0.45940511265845063,3,0.16353318125404726,0.2958719314044034,FALSE,FALSE,2024,School leadership during the COVID-19 crisis: a scoping review of empirical research,10.1108/jea-03-2024-0062,OpenAlex,metadata,1.5605955820422586
doi:10.47772/ijriss.2025.909000513,doi:10.47772/ijriss.2025.909000513,STM-METADATA-EN,metadata,en,3,0.38140507990297234,11,0.3286394657731101,0.05276561412986225,FALSE,TRUE,2025,Integrating Educational Leadership and Human Resource Management for Enhanced Teacher Professionalism in Malaysian Public Schools: A Conceptual Framework,10.47772/ijriss.2025.909000513,OpenAlex,metadata,1.5177935031410692
