document_id,publication_document_id,model,corpus,topic_id,topic_probability,hdbscan_membership_strength,bertopic_topic_distribution_max,bertopic_second_topic_id,bertopic_second_distribution,probability_margin,outlier_score,is_outlier,is_ambiguous,year,language,title,doi,source,corpus_unit,topic_original,topic_after_outlier_reduction,outlier_reassigned,original_topic,suggested_topic,reassignment_method,reassignment_confidence,accepted_reassignment,relevance_status,relevance_score,silhouette,distance_to_centroid,local_consistency,nearest_topic,nearest_centroid_similarity,second_nearest_topic,second_nearest_centroid_similarity,assignment_margin,semantic_distance_to_centroid
doi:10.32930/nuances.v36i00.10962,doi:10.32930/nuances.v36i00.10962,BERTopic-METADATA-MULTILINGUAL,metadata,17,0.8452979829690658,0.845298,0.22498245947851242,32,0.08709718929317493,0.13788527018533747,0.154702,False,True,2025,en,Gestão administrativa da educação integral,10.32930/nuances.v36i00.10962,OpenAlex,metadata,17,17,False,17,,,,False,included,1.025659,0.361393,0.302055,0.4,27,0.88623,32,0.88489,0.00134,0.130429
doi:10.64230/sca.v2i3.27,doi:10.64230/sca.v2i3.27,BERTopic-METADATA-MULTILINGUAL,metadata,17,0.7694047263964857,0.769405,0.18856226081035532,27,0.15761366621117703,0.030948594599178286,0.230595,False,True,2026,es,Análisis de los Modelos de Gestión de Calidad en las Instituciones Educativas: Un enfoque en la mejora continua y estándares de desempeño,10.64230/sca.v2i3.27,OpenAlex,metadata,17,17,False,17,,,,False,included,1.01182,-0.190015,0.524006,0.4,27,0.903865,17,0.902479,0.001386,0.097521
doi:10.51896/rilcods.v7i71.988,doi:10.51896/rilcods.v7i71.988,BERTopic-METADATA-MULTILINGUAL,metadata,17,0.804525581693629,0.804526,0.1642625013353848,32,0.07500918858827714,0.08925331274710767,0.195474,False,False,2025,en,La gestión escolar para el mejoramiento de la calidad educativa en la escuela Emilio Carranza,10.51896/rilcods.v7i71.988,OpenAlex,metadata,17,17,False,17,,,,False,included,1.024089,0.445881,0.278714,0.8,27,0.896632,17,0.895159,0.001473,0.104841
doi:10.13042/bordon.2020.01.63135,doi:10.13042/bordon.2020.01.63135,BERTopic-METADATA-MULTILINGUAL,metadata,17,0.782478564881436,0.782479,0.11558212421609015,32,0.10528335713077525,0.010298767085314908,0.217521,False,True,2020,es,"Buenas prácticas en la organización, gestión y dirección de los centros educativos",10.13042/bordon.2020.01.63135,OpenAlex,metadata,17,17,False,17,,,,False,included,1.0266,0.264758,0.367639,0.7,26,0.886933,27,0.885344,0.001589,0.114958
doi:10.24018/ejedu.2023.4.2.536,doi:10.24018/ejedu.2023.4.2.536,BERTopic-METADATA-MULTILINGUAL,metadata,17,0.7853254822589706,0.785325,0.12401530090663913,32,0.07068710284736272,0.05332819805927641,0.214675,False,True,2023,en,Parental Roles in Attending Schools' management Meetings and Pupils' Academic Performance in Uganda,10.24018/ejedu.2023.4.2.536,OpenAlex,metadata,17,17,False,17,,,,False,included,1.015775,0.367062,0.435786,0.7,17,0.814112,23,0.811178,0.002934,0.185887
doi:10.51891/rease.v12i9.30184,doi:10.51891/rease.v12i9.30184,BERTopic-METADATA-MULTILINGUAL,metadata,17,1.0,1.0,1.0,32,2.7926737037779877e-307,1.0,0.0,False,False,2026,en,SCHOOL MANAGEMENT AND PEDAGOGICAL COORDINATION: STRATEGIC ROLE IN THE CONSOLIDATION OF QUALITY EDUCATION TODAY,10.51891/rease.v12i9.30184,OpenAlex,metadata,17,17,False,17,,,,False,included,1.0277,0.595498,0.160328,1.0,32,0.910951,17,0.907609,0.003343,0.092391
record:33067008f1eba21ea3042173,record:33067008f1eba21ea3042173,BERTopic-METADATA-MULTILINGUAL,metadata,17,0.7721498068990155,0.77215,0.1419750431856778,32,0.07998146762097699,0.06199357556470081,0.22785,False,True,2025,en,Micro-credentials in school management,,OpenAlex,metadata,17,17,False,17,,,,False,included,1.014544,0.35324,0.337007,0.5,17,0.6854,27,0.680281,0.005119,0.3146
doi:10.56200/mried.v2iespecial.6465,doi:10.56200/mried.v2iespecial.6465,BERTopic-METADATA-MULTILINGUAL,metadata,17,0.8611570395872133,0.861157,0.1804285488401264,32,0.0983274814176164,0.08210106742251001,0.138843,False,False,2023,es,Gestión escolar en el desarrollo de los procesos pedagógicos por competencia en un Centro Educativo,10.56200/mried.v2iespecial.6465,OpenAlex,metadata,17,17,False,17,,,,False,included,1.015558,0.394812,0.286367,1.0,27,0.934296,17,0.928566,0.00573,0.071434
doi:10.62345/jads.2024.13.2.10,doi:10.62345/jads.2024.13.2.10,BERTopic-METADATA-MULTILINGUAL,metadata,17,0.9354691566386096,0.935469,0.3823553959002443,27,0.06817221793294383,0.3141831779673005,0.064531,False,False,2024,en,Current Trends in School Management in Pakistan: A Bibliometric Analysis,10.62345/jads.2024.13.2.10,OpenAlex,metadata,17,17,False,17,,,,False,included,1.035693,0.500751,0.28084,0.8,28,0.825477,17,0.819303,0.006173,0.180696
doi:10.63391/89aa94,doi:10.63391/89aa94,BERTopic-METADATA-MULTILINGUAL,metadata,17,0.8611570395872133,0.861157,0.12776765868167456,32,0.11867757348152919,0.00909008520014537,0.138843,False,False,2025,pt,Gestão escolar: A importância da gestão escolar para o sucesso da aprendizagem do aluno.,10.63391/89aa94,OpenAlex,metadata,17,17,False,17,,,,False,included,1.048178,0.185691,0.401591,0.8,17,0.941206,32,0.934923,0.006283,0.058794
doi:10.1093/oxrep/grab004,doi:10.1093/oxrep/grab004,BERTopic-METADATA-MULTILINGUAL,metadata,27,1.0,1.0,1.0,17,3.4285709177493406e-307,1.0,0.0,False,False,2021,en,Management in education systems,10.1093/oxrep/grab004,OpenAlex,metadata,27,27,False,27,,,,False,included,0.995591,0.620587,0.163696,1.0,27,0.885431,17,0.88137,0.004061,0.114569
doi:10.22363/2313-2272-2025-25-3-731-742,doi:10.22363/2313-2272-2025-25-3-731-742,BERTopic-METADATA-MULTILINGUAL,metadata,27,1.0,1.0,1.0,17,3.447674615269689e-307,1.0,0.0,False,False,2025,en,Self-management as a tool for overcoming risks in school management,10.22363/2313-2272-2025-25-3-731-742,OpenAlex,metadata,27,27,False,27,,,,False,included,1.022253,0.628945,0.154657,1.0,27,0.857908,17,0.847642,0.010266,0.142091
doi:10.37811/cl_rcm.v6i6.4102,doi:10.37811/cl_rcm.v6i6.4102,BERTopic-METADATA-MULTILINGUAL,metadata,27,0.8285992583118523,0.828599,0.2830973271909227,17,0.10520476911584262,0.17789255807508006,0.171401,False,False,2022,es,La calidad educativa y la gestión escolar,10.37811/cl_rcm.v6i6.4102,OpenAlex,metadata,27,27,False,27,,,,False,included,1.015824,0.39104,0.357688,0.6,27,0.910603,17,0.894151,0.016452,0.089397
doi:10.55215/pedagogia.v16i2.2,doi:10.55215/pedagogia.v16i2.2,BERTopic-METADATA-MULTILINGUAL,metadata,27,0.9780449943090305,0.978045,0.3757465416473345,17,0.07673868875300818,0.2990078528943263,0.021955,False,False,2024,en,Evaluating Learning Management System (LMS) Effectiveness: An LPOMR Model Approach,10.55215/pedagogia.v16i2.2,OpenAlex,metadata,27,27,False,27,,,,False,included,1.018363,0.65598,0.169351,1.0,27,0.723983,17,0.706097,0.017886,0.276017
doi:10.33386/593dp.2024.1-1.2266,doi:10.33386/593dp.2024.1-1.2266,BERTopic-METADATA-MULTILINGUAL,metadata,27,0.866832837258147,0.866833,0.3581520933138435,17,0.06251059546445414,0.29564149784938937,0.133167,False,False,2024,es,Gestión escolar y calidad educativa,10.33386/593dp.2024.1-1.2266,OpenAlex,metadata,27,27,False,27,,,,False,included,1.012104,0.60651,0.244621,1.0,11,0.893624,27,0.873432,0.020192,0.126568
doi:10.22320/reined.v8i1.7852,doi:10.22320/reined.v8i1.7852,BERTopic-METADATA-MULTILINGUAL,metadata,27,0.8509157188614254,0.850916,0.328194031436996,17,0.0847983170604888,0.2433957143765072,0.149084,False,False,2026,es,Gestión educativa y mejora continua: Sistematización de resultados de evaluaciones estandarizadas,10.22320/reined.v8i1.7852,OpenAlex,metadata,27,27,False,27,,,,False,included,0.656912,0.52552,0.297354,0.9,27,0.895922,17,0.872032,0.023889,0.104078
doi:10.47212/tendencias2025vol.xxvi.18,doi:10.47212/tendencias2025vol.xxvi.18,BERTopic-METADATA-MULTILINGUAL,metadata,27,1.0,1.0,1.0,11,2.9219937111115394e-307,1.0,0.0,False,False,2025,es,Modelo teórico de gestión educativa: gestionando centros educativos en el siglo XXI,10.47212/tendencias2025vol.xxvi.18,OpenAlex,metadata,27,27,False,27,,,,False,included,1.00667,0.706993,0.146828,1.0,27,0.880628,17,0.856073,0.024554,0.119372
doi:10.37811/cl_rcm.v8i5.13719,doi:10.37811/cl_rcm.v8i5.13719,BERTopic-METADATA-MULTILINGUAL,metadata,27,0.7743319031013088,0.774332,0.18959702266615455,17,0.06860161246370584,0.12099541020244871,0.225668,False,True,2024,es,Gestión educativa y su influencia en el desempeño docente en instituciones de educación general básica,10.37811/cl_rcm.v8i5.13719,OpenAlex,metadata,27,27,False,27,,,,False,included,0.670023,0.607317,0.226176,0.5,27,0.959571,8,0.934985,0.024586,0.040429
record:71d0dcfba8ee1685bdac5515,record:71d0dcfba8ee1685bdac5515,BERTopic-METADATA-MULTILINGUAL,metadata,27,1.0,1.0,1.0,17,3.2779546486998398e-307,1.0,0.0,False,False,2021,es,Gestión educativa estratégica,,OpenAlex,metadata,27,27,False,27,,,,False,included,1.016136,0.526787,0.245239,1.0,27,0.894523,32,0.867851,0.026672,0.105477
doi:10.26871/killkanasocial.v7i3.1406,doi:10.26871/killkanasocial.v7i3.1406,BERTopic-METADATA-MULTILINGUAL,metadata,27,0.9006136270545892,0.900614,0.31211696188847204,17,0.10546118126503436,0.2066557806234377,0.099386,False,False,2023,es,Análisis comparativo entre los estándares de calidad del Ministerio de Educación y del Consejo de Aseguramiento de la Calidad de la Educación Superior,10.26871/killkanasocial.v7i3.1406,OpenAlex,metadata,27,27,False,27,,,,False,included,1.010892,0.43266,0.367641,0.7,27,0.839695,8,0.811857,0.027838,0.160305
doi:10.69821/constellations.v4i2.179,doi:10.69821/constellations.v4i2.179,BERTopic-METADATA-MULTILINGUAL,metadata,14,0.9424207912267318,0.942421,0.4458068339947958,11,0.0306795415320219,0.4151272924627739,0.057579,False,False,2025,es,Direccionamiento estratégico en construcción de ciudadanía: Una apuesta desde la paz y la diversidad,10.69821/constellations.v4i2.179,OpenAlex,metadata,14,14,False,14,,,,False,included,1.01229,0.500712,0.551924,0.8,14,0.801575,25,0.80015,0.001426,0.198425
doi:10.15581/004.52.003,doi:10.15581/004.52.003,BERTopic-METADATA-MULTILINGUAL,metadata,14,0.8578839082377234,0.857884,0.26334612352724834,11,0.04177805408872271,0.22156806943852564,0.142116,False,False,2026,es,Transformación del clima escolar aplicando el modelo PRIMED en colegios públicos de Bogotá,10.15581/004.52.003,OpenAlex,metadata,14,14,False,14,,,,False,included,1.019413,0.638775,0.275429,0.7,13,0.902954,14,0.900395,0.002559,0.099605
doi:10.61384/r.c.a..v5i1.894,doi:10.61384/r.c.a..v5i1.894,BERTopic-METADATA-MULTILINGUAL,metadata,14,0.8832961688072621,0.883296,0.1374357531639624,8,0.05151229960620391,0.08592345355775849,0.116704,False,True,2025,es,Retos de la Nueva Profesionalidad en la Supervisión Escolar en el contexto de la Nueva Escuela Mexicana,10.61384/r.c.a..v5i1.894,OpenAlex,metadata,14,14,False,14,,,,False,included,1.039187,0.459633,0.592623,0.5,14,0.896673,9,0.893615,0.003059,0.103327
doi:10.35290/rcui.v12n3.2025.1613,doi:10.35290/rcui.v12n3.2025.1613,BERTopic-METADATA-MULTILINGUAL,metadata,14,0.8360880144689523,0.836088,0.0961692416308534,8,0.08366337345938069,0.012505868171472714,0.163912,False,False,2025,en,Estrategias de gestión educativa para implicar al docente en el desarrollo del Marco Curricular Competencial de Ecuador,10.35290/rcui.v12n3.2025.1613,OpenAlex,metadata,14,14,False,14,,,,False,included,1.016633,0.063176,0.742716,0.8,14,0.821384,8,0.816494,0.00489,0.178616
doi:10.69639/arandu.v12i1.702,doi:10.69639/arandu.v12i1.702,BERTopic-METADATA-MULTILINGUAL,metadata,14,0.8360880144689523,0.836088,0.10139203173766306,8,0.07967201335828503,0.021720018379378037,0.163912,False,False,2025,es,Gestión educativa: Un camino incierto en Ecuador,10.69639/arandu.v12i1.702,OpenAlex,metadata,14,14,False,14,,,,False,included,0.656662,0.127061,0.719978,0.9,14,0.854221,8,0.84933,0.004891,0.145779
doi:10.5944/educxx1.42756,doi:10.5944/educxx1.42756,BERTopic-METADATA-MULTILINGUAL,metadata,14,0.9458686866146402,0.945869,0.47041280854121154,25,0.03031923579270754,0.440093572748504,0.054131,False,False,2026,es,Liderazgo educativo para la equidad en la escuela rural: revisión sistemática de la literatura,10.5944/educxx1.42756,OpenAlex,metadata,14,14,False,14,,,,False,included,1.015985,0.533527,0.498707,1.0,13,0.864684,14,0.859309,0.005374,0.140691
doi:10.70577/hfpzrp31,doi:10.70577/hfpzrp31,BERTopic-METADATA-MULTILINGUAL,metadata,14,0.8360880144689523,0.836088,0.10909266460621171,8,0.08448179896719389,0.02461086563901782,0.163912,False,False,2026,es,"Gestión educativa innovadora y mejora institucional en Básica Superior: estudio correlacional en Vinces, Ecuador",10.70577/hfpzrp31,OpenAlex,metadata,14,14,False,14,,,,False,included,1.012279,0.075706,0.67325,0.9,8,0.923122,14,0.916951,0.006171,0.083049
doi:10.37811/cl_rcm.v6i2.2219,doi:10.37811/cl_rcm.v6i2.2219,BERTopic-METADATA-MULTILINGUAL,metadata,14,1.0,1.0,1.0,8,1.5472867295660303e-307,1.0,0.0,False,False,2022,es,Corrupción en la gestión del ámbito educativo en Iberoamérica: una revisión sistemática,10.37811/cl_rcm.v6i2.2219,OpenAlex,metadata,14,14,False,14,,,,False,included,1.010772,0.618281,0.273579,1.0,14,0.776685,9,0.769121,0.007564,0.223315
record:fdc9a4f90bab663fa5ab2436,record:fdc9a4f90bab663fa5ab2436,BERTopic-METADATA-MULTILINGUAL,metadata,14,0.7946081918970264,0.794608,0.216165334423363,8,0.04673100431702945,0.16943433010633355,0.205392,False,True,2023,es,LIDEI 2022. Liderazgo Directivo en Iberoamérica,,OpenAlex,metadata,14,14,False,14,,,,False,included,1.041217,0.519442,0.388298,0.9,14,0.702901,20,0.695313,0.007588,0.297099
record:9e74c53d5ee72519b4a30076,record:9e74c53d5ee72519b4a30076,BERTopic-METADATA-MULTILINGUAL,metadata,14,0.8220382214483788,0.822038,0.2584297735069064,8,0.04297340267463569,0.2154563708322707,0.177962,False,False,2024,es,"Implementación de redes educativas de gestión escolar y su impacto sobre el rendimiento de los estudiantes de secundaria rural en la región de Puno, 2024",,OpenAlex,metadata,14,14,False,14,,,,False,included,1.010306,0.568296,0.330047,0.8,14,0.803226,8,0.794361,0.008866,0.196774
doi:10.1108/tqm-04-2020-0071,doi:10.1108/tqm-04-2020-0071,BERTopic-METADATA-MULTILINGUAL,metadata,8,0.9163507768079941,0.916351,0.22905151126386208,27,0.04912750261663526,0.17992400864722682,0.083649,False,False,2021,en,ISO 9001 standard and their impact on school management and planning and support systems-Comparative study on perception between heads-teachers,10.1108/tqm-04-2020-0071,OpenAlex,metadata,8,8,False,8,,,,False,included,1.009955,0.635635,0.319323,0.9,17,0.807371,8,0.807319,5.2e-05,0.192681
doi:10.24265/iggp.2021.v8n1.06,doi:10.24265/iggp.2021.v8n1.06,BERTopic-METADATA-MULTILINGUAL,metadata,8,0.7784158230217164,0.778416,0.1215426312293321,14,0.05219252092346758,0.06935011030586452,0.221584,False,True,2021,es,"Modernización y calidad del servicio en la Ugel N° 01, San Juan de Miraflores, Lima, 2019",10.24265/iggp.2021.v8n1.06,OpenAlex,metadata,8,8,False,8,,,,False,included,0.663267,0.533932,0.495219,0.9,14,0.747383,8,0.747102,0.000281,0.252898
record:c7af1f7e773a8d2e2df0c575,record:c7af1f7e773a8d2e2df0c575,BERTopic-METADATA-MULTILINGUAL,metadata,8,0.8902098968799289,0.89021,0.37007656010959283,14,0.03934633898288114,0.3307302211267117,0.10979,False,False,2025,es,Buena práctica minka en la Institución Educativa Manuel Gonzales Prada de Asunción 2015-2019 y propuesta para la Mejora de la Gestión Educativa en Instituciones Educativas Rurales de Cajamarca,,OpenAlex,metadata,8,8,False,8,,,,False,included,1.008707,0.677043,0.230549,0.8,8,0.856012,14,0.855598,0.000413,0.143988
record:fce0c991927444d3cb219fa4,record:fce0c991927444d3cb219fa4,BERTopic-METADATA-MULTILINGUAL,metadata,8,0.8524951868824938,0.852495,0.2580329461682088,5,0.057941774634852346,0.20009117153335648,0.147505,False,False,2024,es,Gestión directiva y ética profesional docente en dos instituciones educativas públicas de Andrés Avelino Cáceres Ayacucho 2024,,OpenAlex,metadata,8,8,False,8,,,,False,included,1.007664,0.358459,0.473866,0.8,8,0.905133,5,0.904172,0.000962,0.094867
record:583f98532f564ed9131c5f5c,record:583f98532f564ed9131c5f5c,BERTopic-METADATA-MULTILINGUAL,metadata,8,0.7741963139718675,0.774196,0.07994520375800121,5,0.05251879760052697,0.027426406157474242,0.225804,False,True,2025,es,"Liderazgo directivo en la gestión escolar de una institución educativa de Ayacucho, 2024",,OpenAlex,metadata,8,8,False,8,,,,False,included,1.027498,-0.071582,0.648797,0.1,5,0.908051,8,0.906972,0.001079,0.093028
record:2dc0b7badbd9151904429d03,record:2dc0b7badbd9151904429d03,BERTopic-METADATA-MULTILINGUAL,metadata,8,0.7855799556258432,0.78558,0.15066404414153753,5,0.07957284551941399,0.07109119862212354,0.21442,False,True,2024,es,"Gestión directiva y desempeño docente en una institución educativa en Carabayllo - Lima, 2023",,OpenAlex,metadata,8,8,False,8,,,,False,included,1.006903,0.091025,0.609364,0.2,5,0.942687,8,0.940772,0.001916,0.059228
doi:10.1016/j.evalprogplan.2022.102119,doi:10.1016/j.evalprogplan.2022.102119,BERTopic-METADATA-MULTILINGUAL,metadata,8,0.8798196711460233,0.87982,0.1891421636398343,27,0.05064921008913994,0.13849295355069435,0.12018,False,False,2022,en,Improvements in climate and satisfaction after implementing a quality management system in education,10.1016/j.evalprogplan.2022.102119,OpenAlex,metadata,8,8,False,8,,,,False,included,1.018177,0.596031,0.372766,1.0,17,0.746018,8,0.743616,0.002401,0.256384
doi:10.17268/sciendo.v29n1.013,doi:10.17268/sciendo.v29n1.013,BERTopic-METADATA-MULTILINGUAL,metadata,8,0.8426502640500372,0.84265,0.3333370992171915,14,0.03232323233137905,0.30101386688581244,0.15735,False,False,2026,es,Desempeño del personal docente y su relación en la gestión escolar de un centro educativo experimental,10.17268/sciendo.v29n1.013,OpenAlex,metadata,8,8,False,8,,,,False,included,1.013191,0.701236,0.240532,0.9,8,0.883611,11,0.881128,0.002482,0.116389
doi:10.26495/rch.v6i1.2122,doi:10.26495/rch.v6i1.2122,BERTopic-METADATA-MULTILINGUAL,metadata,8,0.775035861732666,0.775036,0.09286224504124974,14,0.09281709503418449,4.515000706524497e-05,0.224964,False,True,2022,es,GESTIÓN EDUCATIVA PARA MEJORAR LA EFICIENCIA DEL DESEMPEÑO DOCENTE EN EDUCACIÓN PRIMARIA EN PERÚ,10.26495/rch.v6i1.2122,OpenAlex,metadata,8,8,False,8,,,,False,included,1.010773,0.135598,0.599404,0.9,8,0.904928,14,0.902044,0.002884,0.095072
record:9987c0412856ea26022eefe3,record:9987c0412856ea26022eefe3,BERTopic-METADATA-MULTILINGUAL,metadata,8,0.808657125055212,0.808657,0.21032516747526725,5,0.0622839450555013,0.14804122241976594,0.191343,False,False,2024,es,"Competencias directivas y calidad educativa en docentes de una institución educativa en Los Olivos, 2023",,OpenAlex,metadata,8,8,False,8,,,,False,included,1.011643,0.255081,0.53668,0.7,8,0.934547,5,0.931515,0.003032,0.065453
doi:10.34019/ufjf/di/2026/00225,doi:10.34019/ufjf/di/2026/00225,BERTopic-METADATA-MULTILINGUAL,metadata,11,0.9161749776173587,0.916175,0.4277094137160559,27,0.04808992668160295,0.379619487034453,0.083825,False,False,2026,pt,A realização de atividades experimentais no ensino de Química em uma escola da Zona da Mata Mineira,10.34019/ufjf/di/2026/00225,OpenAlex,metadata,11,11,False,11,,,,False,included,1.029339,0.262271,0.520957,1.0,11,0.779371,8,0.778968,0.000403,0.220629
doi:10.35197/rx.18.02.2022.12.ia,doi:10.35197/rx.18.02.2022.12.ia,BERTopic-METADATA-MULTILINGUAL,metadata,11,0.8512800519046823,0.85128,0.15371993880553592,27,0.09728185044003987,0.05643808836549605,0.14872,False,True,2022,en,Paradigma funcionalista de administración en la gestión educativa intercultural,10.35197/rx.18.02.2022.12.ia,OpenAlex,metadata,11,11,False,11,,,,False,included,0.657454,-0.173233,0.636016,0.5,11,0.824102,27,0.823356,0.000746,0.175898
doi:10.33386/593dp.2021.2-1.531,doi:10.33386/593dp.2021.2-1.531,BERTopic-METADATA-MULTILINGUAL,metadata,11,0.9071327254386325,0.907133,0.31866522052895957,27,0.06109337786533897,0.2575718426636206,0.092867,False,False,2021,es,La eficiencia de la investigación en la gestión educativa del colegio fiscal Dr. Teodoro Alvarado Olea,10.33386/593dp.2021.2-1.531,OpenAlex,metadata,11,11,False,11,,,,False,included,1.010711,0.213544,0.498715,0.9,11,0.783823,8,0.782878,0.000945,0.216177
record:7702760777df2a2ae2baf7fe,record:7702760777df2a2ae2baf7fe,BERTopic-METADATA-MULTILINGUAL,metadata,11,0.8920136914716585,0.892014,0.19837716304229913,27,0.07634655711388515,0.12203060592841398,0.107986,False,False,2025,es,"GESTIÓN EDUCATIVA EN LAS ORGANIZACIONES PEDAGÓGICAS DE HOY: CUATRO PERSPECTIVAS, CUATRO SIGNIFICADOS",,OpenAlex,metadata,11,11,False,11,,,,False,included,1.015435,0.100237,0.502564,0.6,27,0.920674,11,0.919158,0.001516,0.080842
record:ae35e73f96c5dd222b1b96e8,record:ae35e73f96c5dd222b1b96e8,BERTopic-METADATA-MULTILINGUAL,metadata,11,0.93728178563227,0.937282,0.11543018180183787,32,0.06371408465565316,0.051716097146184706,0.062718,False,False,2020,es,INVESTIGATION OF CLASSROOM TEACHERS' PARTICIPATION IN SCHOOL MANAGEMENT,,OpenAlex,metadata,11,11,False,11,,,,False,included,1.003857,-0.352403,0.842018,1.0,26,0.878637,11,0.87675,0.001888,0.12325
doi:10.37811/cl_rcm.v7i3.5935,doi:10.37811/cl_rcm.v7i3.5935,BERTopic-METADATA-MULTILINGUAL,metadata,11,0.8875192825292779,0.887519,0.16601795510358397,27,0.09335211745532365,0.07266583764826032,0.112481,False,True,2023,es,Administración Educativa: Pilar de la institucionalización de la educación,10.37811/cl_rcm.v7i3.5935,OpenAlex,metadata,11,11,False,11,,,,False,included,1.015871,-0.117337,0.59076,0.5,11,0.913723,27,0.911652,0.002071,0.086277
doi:10.2991/assehr.k.201214.326,doi:10.2991/assehr.k.201214.326,BERTopic-METADATA-MULTILINGUAL,metadata,11,0.93728178563227,0.937282,0.11404163664083374,32,0.06494452068103078,0.049097115959802956,0.062718,False,False,2020,en,Subject Teacher Deliberation: Role and Functions in School Management,10.2991/assehr.k.201214.326,OpenAlex,metadata,11,11,False,11,,,,False,included,1.01304,-0.358035,0.902476,1.0,30,0.868594,26,0.866181,0.002412,0.154465
doi:10.47554/cii.vol15.2024.pp129-135,doi:10.47554/cii.vol15.2024.pp129-135,BERTopic-METADATA-MULTILINGUAL,metadata,11,0.9287633402768103,0.928763,0.08662041643174068,30,0.06494806511531061,0.02167235131643007,0.071237,False,False,2025,es,Experiencias exitosas de acompañamiento situado a la gestión pedagógica e institucional en los centros educativos,10.47554/cii.vol15.2024.pp129-135,OpenAlex,metadata,11,11,False,11,,,,False,included,1.012018,0.361628,0.453968,0.8,11,0.821216,8,0.818597,0.002619,0.178784
doi:10.5281/zenodo.18164846,doi:10.5281/zenodo.18164846,BERTopic-METADATA-MULTILINGUAL,metadata,11,0.8920136914716585,0.892014,0.3320083797061152,27,0.051835068446726085,0.2801733112593891,0.107986,False,False,2024,es,Reflexiones crıticas sobre procesos pedagógicos. Una sistematización de experiencias sobre transformación educativa,10.5281/zenodo.18164846,OpenAlex,metadata,11,11,False,11,,,,False,included,1.005803,0.27637,0.447126,0.8,11,0.836554,14,0.832993,0.003561,0.163446
doi:10.3390/su12177146,doi:10.3390/su12177146,BERTopic-METADATA-MULTILINGUAL,metadata,11,0.93728178563227,0.937282,0.09911218505338903,11,0.07315756941778913,0.025954615635599906,0.062718,False,False,2020,en,Teacher Induction in Schools as Learning Communities: Successful Pathways to Teachers' Professional Development in a Diverse School Serving Students Living in Poverty,10.3390/su12177146,OpenAlex,metadata,11,11,False,11,,,,False,included,1.012461,-0.09428,0.652848,0.9,30,0.803775,11,0.800091,0.003683,0.199909
doi:10.1177/0892020621999680,doi:10.1177/0892020621999680,BERTopic-METADATA-MULTILINGUAL,metadata,16,0.9189613551611846,0.918961,0.19614584731246573,1,0.05881020047410913,0.1373356468383566,0.081039,False,False,2021,en,A grounded theory of educational leadership development using generative dialogue,10.1177/0892020621999680,OpenAlex,metadata,16,16,False,16,,,,False,included,1.017486,0.379614,0.562306,0.6,1,0.794771,16,0.794245,0.000526,0.205756
record:33559f0be7285e3e427d4c8a,record:33559f0be7285e3e427d4c8a,BERTopic-METADATA-MULTILINGUAL,metadata,16,0.9189613551611846,0.918961,0.25024381222510633,1,0.053169028284604826,0.1970747839405015,0.081039,False,False,2020,es,"Teacher's pedagogical leadership: conceptions, elements and characteristics",,OpenAlex,metadata,16,16,False,16,,,,False,included,1.024932,0.449184,0.494245,0.7,1,0.928883,16,0.927955,0.000928,0.072045
doi:10.4324/9781003666776-17,doi:10.4324/9781003666776-17,BERTopic-METADATA-MULTILINGUAL,metadata,16,0.9941427881100608,0.994143,0.2820366325703891,1,0.053858503348003864,0.22817812922238523,0.005857,False,False,2026,en,Reflecting on Effective Educational Leadership,10.4324/9781003666776-17,OpenAlex,metadata,16,16,False,16,,,,False,included,0.660652,0.525918,0.438675,0.9,16,0.850675,1,0.849253,0.001421,0.149325
doi:10.26203/ptsq-4k49,doi:10.26203/ptsq-4k49,BERTopic-METADATA-MULTILINGUAL,metadata,16,0.9089408617620983,0.908941,0.34729052658584736,20,0.03728740479815845,0.3100031217876889,0.091059,False,False,2021,en,Book Review: School Leadership: 2nd Edition,10.26203/ptsq-4k49,OpenAlex,metadata,16,16,False,16,,,,False,included,1.011979,0.665043,0.296283,0.7,26,0.776278,16,0.772032,0.004246,0.227968
doi:10.36436/23824905.507,doi:10.36436/23824905.507,BERTopic-METADATA-MULTILINGUAL,metadata,16,0.9941427881100608,0.994143,0.24659598311768277,1,0.05971595277829424,0.18688003033938855,0.005857,False,False,2023,es,El liderazgo escolar para la promoción de la enseñanza y el aprendizaje mutuo,10.36436/23824905.507,OpenAlex,metadata,16,16,False,16,,,,False,included,1.025729,0.438577,0.515783,1.0,16,0.904114,1,0.898931,0.005183,0.095886
doi:10.26466/opus.605482,doi:10.26466/opus.605482,BERTopic-METADATA-MULTILINGUAL,metadata,16,1.0,1.0,1.0,20,1.684888553518707e-307,1.0,0.0,False,False,2020,es,Geçmişten Günümüze Yönetici Metaforlarının Analizi,10.26466/opus.605482,OpenAlex,metadata,16,16,False,16,,,,False,included,1.003128,0.665054,0.19468,1.0,16,0.812153,1,0.806476,0.005677,0.187847
doi:10.1108/978-1-80262-189-120231003,doi:10.1108/978-1-80262-189-120231003,BERTopic-METADATA-MULTILINGUAL,metadata,16,0.9941427881100608,0.994143,0.2949380944156926,1,0.0547445786685334,0.2401935157471592,0.005857,False,False,2023,en,Simulations in the Context of Midlevel Educational Leadership,10.1108/978-1-80262-189-120231003,OpenAlex,metadata,16,16,False,16,,,,False,included,0.659206,0.508279,0.441324,0.7,1,0.832407,16,0.826676,0.005731,0.173324
doi:10.35381/r.k.v8i17.3147,doi:10.35381/r.k.v8i17.3147,BERTopic-METADATA-MULTILINGUAL,metadata,16,1.0,1.0,1.0,1,1.4263008938931083e-307,1.0,0.0,False,False,2024,es,La gestión educativa como esencialidad en el desempeño docente y el aprendizaje en estudiantes,10.35381/r.k.v8i17.3147,OpenAlex,metadata,16,16,False,16,,,,False,included,0.664402,0.637145,0.297868,0.8,27,0.92335,16,0.916633,0.006717,0.083367
doi:10.47606/acven/ph0224,doi:10.47606/acven/ph0224,BERTopic-METADATA-MULTILINGUAL,metadata,16,0.9134928164589265,0.913493,0.2829090437997605,1,0.04135791730797106,0.24155112649178945,0.086507,False,False,2024,es,Liderazgo del directivo en la gestión escolar,10.47606/acven/ph0224,OpenAlex,metadata,16,16,False,16,,,,False,included,1.017885,0.647152,0.317706,0.7,16,0.901895,1,0.893769,0.008126,0.098105
doi:10.30983/it.v9i1.8797,doi:10.30983/it.v9i1.8797,BERTopic-METADATA-MULTILINGUAL,metadata,16,0.872438508415369,0.872439,0.30405040872343614,20,0.03742743578240651,0.26662297294102966,0.127561,False,True,2025,en,Educational Leadership in the 21st Century: The Relevance of The Among Ki Hajar Dewantara System,10.30983/it.v9i1.8797,OpenAlex,metadata,16,16,False,16,,,,False,included,0.654653,0.695256,0.241129,0.5,16,0.84938,24,0.841254,0.008126,0.15062
doi:10.56219/trascendere.v2i8.6316,doi:10.56219/trascendere.v2i8.6316,BERTopic-METADATA-MULTILINGUAL,metadata,15,1.0,1.0,0.8890959715519492,0,0.009277811251105984,0.8798181603008433,0.217311,False,False,2026,es,INTELIGENCIA ARTIFICIAL EN LA GESTIÓN ESCOLAR DE LA EDUCACIÓN BÁSICA PRIMARIA EN COLOMBIA: ENTRE LA EFICIENCIA ADMINISTRATIVA Y LA RESPONSABILIDAD ÉTICA,10.56219/trascendere.v2i8.6316,OpenAlex,metadata,15,15,False,15,,,,False,included,1.00697,0.897581,0.244906,1.0,14,0.861388,8,0.855799,0.005589,0.152132
doi:10.70023/piqm24124,doi:10.70023/piqm24124,BERTopic-METADATA-MULTILINGUAL,metadata,15,1.0,1.0,1.0,0,6.175146428213142e-308,1.0,0.0,False,False,2024,en,Optimizing School Management through Genetic Algorithm-Driven Pattern Mining for Educational Process Enhancement,10.70023/piqm24124,OpenAlex,metadata,15,15,False,15,,,,False,included,0.987748,0.922286,0.171263,1.0,15,0.67651,17,0.66838,0.00813,0.32349
doi:10.46932/sfjdv5n5-016,doi:10.46932/sfjdv5n5-016,BERTopic-METADATA-MULTILINGUAL,metadata,15,1.0,1.0,1.0,0,6.274236139558911e-308,1.0,0.0,False,False,2024,es,La gestión escolar basada en Inteligencia Artificial para mejorar el rendimiento académico,10.46932/sfjdv5n5-016,OpenAlex,metadata,15,15,False,15,,,,False,included,1.001752,0.909998,0.211437,1.0,15,0.893487,27,0.879694,0.013793,0.106513
doi:10.58830/ozgur.pub1137.c4679,doi:10.58830/ozgur.pub1137.c4679,BERTopic-METADATA-MULTILINGUAL,metadata,15,1.0,1.0,1.0,0,5.430453624106606e-308,1.0,0.0,False,False,2025,en,"AI, Ethical Stress, and Emotional Labor in Educational Leadership: Toward a Human-Centered Framework",10.58830/ozgur.pub1137.c4679,OpenAlex,metadata,15,15,False,15,,,,False,included,0.989828,0.937285,0.161387,1.0,15,0.843596,21,0.829015,0.014581,0.156404
doi:10.5281/zenodo.19689946,doi:10.5281/zenodo.19689946,BERTopic-METADATA-MULTILINGUAL,metadata,15,0.5774377637847881,0.577438,0.3957337958620679,0,0.015528114685688509,0.38020568117637943,0.681579,False,True,2026,es,Sistema automatizado de reportes académicos que optimiza la gestión educativa,10.5281/zenodo.19689946,OpenAlex,metadata,15,15,False,15,,,,False,included,0.969908,0.87408,0.297092,1.0,0,0.839357,15,0.823284,0.016073,0.176716
record:f54531cb3ceab5090e9ed7a6,record:f54531cb3ceab5090e9ed7a6,BERTopic-METADATA-MULTILINGUAL,metadata,15,1.0,1.0,1.0,0,6.029386101278733e-308,1.0,0.0,False,False,2026,en,The Role of Digitalisation and Artificial Intelligence in Primary and Secondary School Management,,OpenAlex,metadata,15,15,False,15,,,,False,included,1.123449,0.935407,0.119496,1.0,15,0.816023,0,0.79757,0.018453,0.183977
doi:10.21125/inted.2024.1418,doi:10.21125/inted.2024.1418,BERTopic-METADATA-MULTILINGUAL,metadata,15,0.4531263890844085,0.453126,0.25319976615238776,0,0.016684616612522817,0.23651514953986494,0.750129,False,True,2024,en,THE IMPACT OF ARTIFICIAL INTELLIGENCE ON THE SCHOOL MANAGEMENT: A STUDY OF OPPORTUNITIES AND CHALLENGES IN JORDAN,10.21125/inted.2024.1418,OpenAlex,metadata,15,15,False,15,,,,False,included,0.856365,0.901641,0.215607,1.0,15,0.773004,21,0.75293,0.020074,0.226996
record:f79d9e248f6ca66c86dfb756,record:f79d9e248f6ca66c86dfb756,BERTopic-METADATA-MULTILINGUAL,metadata,15,1.0,1.0,1.0,0,6.270628536215006e-308,1.0,0.0,False,False,2025,es,"Percepción docente sobre el uso de inteligencia artificial en la gestión escolar de una institución educativa pública de Comas, 2025",,OpenAlex,metadata,15,15,False,15,,,,False,included,1.00116,0.907494,0.219734,1.0,15,0.883675,11,0.863104,0.020571,0.116324
doi:10.67166/zx66h974,doi:10.67166/zx66h974,BERTopic-METADATA-MULTILINGUAL,metadata,15,1.0,1.0,1.0,0,6.275038051238771e-308,1.0,0.0,False,False,2026,es,Liderazgo educativo inteligente: aplicación de la inteligencia artificial en la gestión estratégica de instituciones educativas para mejorar la toma de decisiones directivas,10.67166/zx66h974,OpenAlex,metadata,15,15,False,15,,,,False,included,0.667131,0.908719,0.215714,1.0,15,0.8871,16,0.862081,0.025019,0.1129
record:53363b18ade16a1c4f6018c9,record:53363b18ade16a1c4f6018c9,BERTopic-METADATA-MULTILINGUAL,metadata,15,1.0,1.0,1.0,0,6.244901908570016e-308,1.0,0.0,False,False,2024,es,Impacto de la IA generativa en la gestión escolar en instituciones educativas públicas de primaria UGEL Cusco 2024,,OpenAlex,metadata,15,15,False,15,,,,False,included,1.00268,0.912404,0.205445,1.0,15,0.878418,8,0.84824,0.030178,0.121582
doi:10.58429/pgjsrt.v3n2a120,doi:10.58429/pgjsrt.v3n2a120,BERTopic-METADATA-MULTILINGUAL,metadata,7,0.9715320001557189,0.971532,0.22925536157894733,6,0.08866017683536997,0.14059518474357735,0.028468,False,False,2024,en,School Heads' Accountability in School Management,10.58429/pgjsrt.v3n2a120,OpenAlex,metadata,7,7,False,7,,,,False,included,1.021404,0.375335,0.370163,1.0,32,0.847568,26,0.847423,0.000146,0.19934
doi:10.4236/ojl.2025.142008,doi:10.4236/ojl.2025.142008,BERTopic-METADATA-MULTILINGUAL,metadata,7,0.882555905043101,0.882556,0.24500295663052327,12,0.06468587346215428,0.18031708316836897,0.117444,False,False,2025,en,In-Depth Analysis: The Importance of Instructional Leadership in Education,10.4236/ojl.2025.142008,OpenAlex,metadata,7,7,False,7,,,,False,included,1.012944,0.365499,0.551862,0.9,1,0.9254,7,0.924298,0.001102,0.075702
doi:10.17576/jpen-2024-49.01-01,doi:10.17576/jpen-2024-49.01-01,BERTopic-METADATA-MULTILINGUAL,metadata,7,0.882555905043101,0.882556,0.18001142857648003,12,0.07497737582611987,0.10503405275036017,0.117444,False,False,2024,id,The Influence of Instructional Leadership on Professional Learning Communities Practices,10.17576/jpen-2024-49.01-01,OpenAlex,metadata,7,7,False,7,,,,False,included,1.05082,0.19548,0.691851,0.8,1,0.893193,7,0.891972,0.001221,0.108028
doi:10.15345/iojes.2020.01.020,doi:10.15345/iojes.2020.01.020,BERTopic-METADATA-MULTILINGUAL,metadata,7,0.9192166148641204,0.919217,0.16047619988934167,6,0.11062301333270594,0.04985318655663573,0.080783,False,False,2020,en,The Correlation between School Principals' Self-Efficacy Beliefs and,10.15345/iojes.2020.01.020,OpenAlex,metadata,7,7,False,7,,,,False,included,1.059379,0.055408,0.533964,1.0,6,0.871615,7,0.869887,0.001728,0.130113
doi:10.36948/ijfmr.2025.v07i01.37102,doi:10.36948/ijfmr.2025.v07i01.37102,BERTopic-METADATA-MULTILINGUAL,metadata,7,0.9715320001557189,0.971532,0.28466873593999503,6,0.07695866204627905,0.20771007389371599,0.028468,False,False,2025,en,Exploring the Instructional Leadership of School Heads of Matnog II District,10.36948/ijfmr.2025.v07i01.37102,OpenAlex,metadata,7,7,False,7,,,,False,included,1.014034,0.486534,0.287768,1.0,7,0.933366,12,0.92822,0.005146,0.066634
doi:10.5281/zenodo.19911378,doi:10.5281/zenodo.19911378,BERTopic-METADATA-MULTILINGUAL,metadata,7,0.9715320001557189,0.971532,0.25023356192128576,6,0.07757637477914146,0.17265718714214429,0.028468,False,False,2026,en,Balancing School Heads' Financial Management and Instructional Leadership,10.5281/zenodo.19911378,OpenAlex,metadata,7,7,False,7,,,,False,included,1.056834,0.472027,0.339808,1.0,6,0.858064,7,0.852838,0.005226,0.147162
doi:10.22214/ijraset.2023.49106,doi:10.22214/ijraset.2023.49106,BERTopic-METADATA-MULTILINGUAL,metadata,7,0.9715320001557189,0.971532,0.2454802784451587,6,0.07932158118127973,0.166158697263879,0.028468,False,False,2023,en,Instructional Leadership of School Heads in The New Normal: Basis For Enhancement Program,10.22214/ijraset.2023.49106,OpenAlex,metadata,7,7,False,7,,,,False,included,1.052173,0.46667,0.326351,1.0,7,0.880286,5,0.87504,0.005246,0.119714
doi:10.17159/2520-9868/i85a11,doi:10.17159/2520-9868/i85a11,BERTopic-METADATA-MULTILINGUAL,metadata,7,0.8463287662436683,0.846329,0.12941187414236488,6,0.1083880370476395,0.021023837094725384,0.153671,False,False,2021,en,Personality and self-leadership of school principals as determinants of school performance,10.17159/2520-9868/i85a11,OpenAlex,metadata,7,7,False,7,,,,False,included,1.035295,-0.034771,0.563937,0.9,7,0.880573,6,0.874835,0.005738,0.119427
doi:10.1111/ejed.70155,doi:10.1111/ejed.70155,BERTopic-METADATA-MULTILINGUAL,metadata,7,0.838951541508452,0.838952,0.1635878145454536,12,0.08311161922325398,0.08047619532219961,0.161048,False,True,2025,en,Instructional Leadership and Teachers' Instructional Practices: A Serial Mediation by Teacher Autonomy and Collective Teacher Innovativeness,10.1111/ejed.70155,OpenAlex,metadata,7,7,False,7,,,,False,included,1.052856,0.116441,0.629063,0.1,1,0.905242,7,0.899493,0.005749,0.100507
doi:10.1016/j.stueduc.2025.101476,doi:10.1016/j.stueduc.2025.101476,BERTopic-METADATA-MULTILINGUAL,metadata,7,0.8367461209781507,0.836746,0.40905134752965927,6,0.04457451010945232,0.364476837420207,0.163254,False,False,2025,en,Transformational and transactional school leadership as predictors of teacher self-efficacy,10.1016/j.stueduc.2025.101476,OpenAlex,metadata,7,7,False,7,,,,False,included,1.040533,0.519165,0.299696,0.9,7,0.914059,12,0.907704,0.006355,0.085941
doi:10.29327/5322997.1-7,doi:10.29327/5322997.1-7,BERTopic-METADATA-MULTILINGUAL,metadata,4,0.6853738028526506,0.685374,0.19605112888170265,25,0.14277671844029888,0.05327441044140377,0.429868,False,True,2023,pt,DIVERSIDADE CULTURAL NA GESTÃO ESCOLAR: DESAFIOS E OPORTUNIDADES,10.29327/5322997.1-7,OpenAlex,metadata,4,4,False,4,,,,False,included,1.014989,0.166869,0.359666,0.6,25,0.766226,4,0.765893,0.000333,0.234107
record:a725bc7f07ee753aa24f7694,record:a725bc7f07ee753aa24f7694,BERTopic-METADATA-MULTILINGUAL,metadata,4,0.8213468495957043,0.821347,0.44104065303841655,25,0.06449801021482292,0.3765426428235936,0.316758,False,False,2025,es,Estrategia de formación psicopedagógica para gestionar la inclusión educativa en el nivel inicial en una institución educativa de Lima,,OpenAlex,metadata,4,4,False,4,,,,False,included,1.0371,0.584189,0.261683,1.0,4,0.8658,13,0.865344,0.000456,0.1342
record:4d39d71597651a338fbb1002,record:4d39d71597651a338fbb1002,BERTopic-METADATA-MULTILINGUAL,metadata,4,1.0,1.0,0.7426410876710139,25,0.04447857970133951,0.6981625079696744,0.028485,False,False,2024,pt,School management from the perspective of inclusive education in São Paulo,,OpenAlex,metadata,4,4,False,4,,,,False,included,1.037945,0.593203,0.238349,1.0,9,0.900403,4,0.899879,0.000524,0.100121
doi:10.4018/979-8-3693-8881-5,doi:10.4018/979-8-3693-8881-5,BERTopic-METADATA-MULTILINGUAL,metadata,4,1.0,1.0,1.0,25,1.7187495381104866e-307,1.0,0.0,False,False,2025,en,Cultivating Inclusive Educational Leadership Ecosystems,10.4018/979-8-3693-8881-5,OpenAlex,metadata,4,4,False,4,,,,False,included,1.010621,0.529301,0.454319,1.0,4,0.850477,1,0.849514,0.000964,0.149523
doi:10.29327/222866.15.2-4,doi:10.29327/222866.15.2-4,BERTopic-METADATA-MULTILINGUAL,metadata,4,0.5885436125825292,0.588544,0.2532786292462251,25,0.06085911660019089,0.19241951264603419,0.510416,False,True,2023,pt,OS DIREITOS DAS PPNES E A GESTÃO ESCOLAR,10.29327/222866.15.2-4,OpenAlex,metadata,4,4,False,4,,,,False,included,1.047124,0.483688,0.319548,1.0,4,0.915622,13,0.914576,0.001046,0.084378
doi:10.46943/viii.conedu.2022.gt19.042,doi:10.46943/viii.conedu.2022.gt19.042,BERTopic-METADATA-MULTILINGUAL,metadata,4,0.6724568471736352,0.672457,0.2049146902214679,25,0.12834380148883615,0.07657088873263176,0.440613,False,True,2022,pt,NOVAS TECNOLOGIAS E DIVERSIDADE: DESAFIOS PARA A GESTÃO ESCOLAR,10.46943/viii.conedu.2022.gt19.042,OpenAlex,metadata,4,4,False,4,,,,False,included,1.015124,0.228336,0.345894,0.6,25,0.862662,4,0.861264,0.001398,0.138736
doi:10.61287/warisata.v4i11.5,doi:10.61287/warisata.v4i11.5,BERTopic-METADATA-MULTILINGUAL,metadata,4,0.900456372417357,0.900456,0.5442033818061799,25,0.0763108499537039,0.467892531852476,0.25095,False,False,2022,es,"Gestión escolar y prácticas inclusivas en la Institución Educativa General Prado, Callao, 2021",10.61287/warisata.v4i11.5,OpenAlex,metadata,4,4,False,4,,,,False,included,1.013296,0.477906,0.262862,1.0,8,0.913481,11,0.911749,0.001732,0.088509
doi:10.5354/0719-6296.2025.77574,doi:10.5354/0719-6296.2025.77574,BERTopic-METADATA-MULTILINGUAL,metadata,4,0.6602615034624258,0.660262,0.24907820512878712,25,0.06584540191976768,0.18323280320901944,0.450757,False,True,2025,es,Liderar la implementación de la ley TEA en escuelas inclusivas en Chile,10.5354/0719-6296.2025.77574,OpenAlex,metadata,4,4,False,4,,,,False,included,1.027469,0.562863,0.302286,1.0,14,0.811643,4,0.809678,0.001966,0.190322
doi:10.51378/eca.v76i766.6478,doi:10.51378/eca.v76i766.6478,BERTopic-METADATA-MULTILINGUAL,metadata,4,0.6497781405398079,0.649778,0.3112870188818714,25,0.07228593015868216,0.2390010887231892,0.459478,False,True,2021,es,"Gestionar para la convivencia inclusiva, una deuda del modelo educativo salvadoreño",10.51378/eca.v76i766.6478,OpenAlex,metadata,4,4,False,4,,,,False,included,1.01218,0.394496,0.318001,1.0,25,0.879539,4,0.877349,0.00219,0.122651
doi:10.29303/prospek.v1i3.20,doi:10.29303/prospek.v1i3.20,BERTopic-METADATA-MULTILINGUAL,metadata,4,1.0,1.0,0.5148802216776982,25,0.0798591926549579,0.4350210290227403,0.032135,False,False,2020,en,PERAN BIMBINGAN DAN KONSELING DALAM PENYELENGGARAAN PENDIDIKAN INKLUSIF,10.29303/prospek.v1i3.20,OpenAlex,metadata,4,4,False,4,,,,False,included,0.99142,0.618947,0.232596,1.0,30,0.778063,4,0.775113,0.00295,0.224888
doi:10.4324/9781003633358,doi:10.4324/9781003633358,BERTopic-METADATA-MULTILINGUAL,metadata,26,0.9037513135759504,0.903751,0.5793238199688876,6,0.020048285884705443,0.5592755340841822,0.096249,False,False,2025,en,A Bourdieusian Examination of the School Principal,10.4324/9781003633358,OpenAlex,metadata,26,26,False,26,,,,False,included,1.038449,0.627408,0.464853,0.8,26,0.850843,6,0.850015,0.000828,0.149157
doi:10.3390/educsci15080998,doi:10.3390/educsci15080998,BERTopic-METADATA-MULTILINGUAL,metadata,26,0.9305494808002304,0.930549,0.1445949923215304,16,0.06222313863521996,0.08237185368631043,0.069451,False,True,2025,en,Which Standards to Follow? The Plurality of Conventions of French Principals Within the School Organization,10.3390/educsci15080998,OpenAlex,metadata,26,26,False,26,,,,False,included,1.037307,0.388609,0.611018,0.2,26,0.83198,29,0.826031,0.005949,0.16802
doi:10.33448/rsd-v9i11.10070,doi:10.33448/rsd-v9i11.10070,BERTopic-METADATA-MULTILINGUAL,metadata,26,1.0,1.0,1.0,32,1.4498949388816575e-307,1.0,0.0,False,False,2020,pt,O papel da gestão escolar como liderança democrática escolar,10.33448/rsd-v9i11.10070,OpenAlex,metadata,26,26,False,26,,,,False,included,1.027885,0.667875,0.27358,1.0,26,0.955413,2,0.947769,0.007644,0.044587
record:76022e4c37a2bfc4039674be,record:76022e4c37a2bfc4039674be,BERTopic-METADATA-MULTILINGUAL,metadata,26,1.0,1.0,1.0,6,1.2314913685833884e-307,1.0,0.0,False,False,2026,en,Understanding the decision-making process: A case of Alberta school principals,,OpenAlex,metadata,26,26,False,26,,,,False,included,1.021385,0.702721,0.343604,0.9,26,0.822156,6,0.814473,0.007683,0.177844
doi:10.52501/cc.383.09,doi:10.52501/cc.383.09,BERTopic-METADATA-MULTILINGUAL,metadata,26,0.848042014582109,0.848042,0.12402651738747321,16,0.05380558718456464,0.07022093020290857,0.151958,False,True,2025,es,La construcción de la identidad directiva: Un motor para la innovación escolar,10.52501/cc.383.09,OpenAlex,metadata,26,26,False,26,,,,False,included,1.024177,0.488151,0.492696,0.5,16,0.830805,25,0.822468,0.008337,0.194378
record:7bb48b1271b3537f2d7c2f2e,record:7bb48b1271b3537f2d7c2f2e,BERTopic-METADATA-MULTILINGUAL,metadata,26,0.9707298607457987,0.97073,0.2877961349238737,32,0.04829134083470719,0.2395047940891665,0.02927,False,False,2020,en,Successful principalship of a high performing secondary school undergoing curriculum transition,,OpenAlex,metadata,26,26,False,26,,,,False,included,1.077425,0.610257,0.308112,0.9,26,0.73183,6,0.722492,0.009338,0.26817
doi:10.47749/t/unicamp.2020.1127258,doi:10.47749/t/unicamp.2020.1127258,BERTopic-METADATA-MULTILINGUAL,metadata,26,0.8686085328294404,0.868609,0.1546903077364166,30,0.0452061503162607,0.1094841574201559,0.131391,False,False,2020,pt,Pressupostos políticos e teóricos do curso de formação,10.47749/t/unicamp.2020.1127258,OpenAlex,metadata,26,26,False,26,,,,False,included,1.019578,0.491171,0.522068,0.6,26,0.888383,9,0.878843,0.00954,0.111617
doi:10.5281/zenodo.7858950,doi:10.5281/zenodo.7858950,BERTopic-METADATA-MULTILINGUAL,metadata,26,1.0,1.0,1.0,16,1.2366191009649835e-307,1.0,0.0,False,False,2023,en,Examination of Local Connections in terms of Education Quality in School Management,10.5281/zenodo.7858950,OpenAlex,metadata,26,26,False,26,,,,False,included,1.024659,0.711437,0.307413,1.0,26,0.887437,6,0.874912,0.012525,0.112563
doi:10.51891/978-65-6054-316-4-02,doi:10.51891/978-65-6054-316-4-02,BERTopic-METADATA-MULTILINGUAL,metadata,26,0.8818924990854611,0.881892,0.15324333629699105,32,0.05448346053903591,0.09875987575795514,0.118108,False,False,2026,pt,"A SINERGIA NA EQUIPE GESTORA ESCOLAR: ATRIBUIÇÕES, LIDERANÇA PEDAGÓGICA E IMPLEMENTAÇÃO DA BNCC À LUZ DA BNC DO DIRETOR ESCOLAR",10.51891/978-65-6054-316-4-02,OpenAlex,metadata,26,26,False,26,,,,False,included,1.045668,0.380453,0.576334,0.7,26,0.908497,9,0.895596,0.012901,0.091503
doi:10.47553/rifop.v98i37.3.93879,doi:10.47553/rifop.v98i37.3.93879,BERTopic-METADATA-MULTILINGUAL,metadata,26,0.8891222902790503,0.889122,0.13568811473496917,16,0.05811483785896619,0.07757327687600298,0.110878,False,False,2023,es,El profesorado en la dirección escolar: la construcción de la identidad profesional y su impacto en la organización,10.47553/rifop.v98i37.3.93879,OpenAlex,metadata,26,26,False,26,,,,False,included,1.052254,0.448846,0.554787,0.6,26,0.903221,16,0.88998,0.01324,0.09678
record:a019883c6fb6fcc08eefaf1b,record:a019883c6fb6fcc08eefaf1b,BERTopic-METADATA-MULTILINGUAL,metadata,23,0.5495388347029437,0.549539,0.19447906411727778,13,0.03188242177624809,0.1625966423410297,0.450461,False,True,2024,en,School management as a catalyst of parental participation: an undeclineable alliance,,OpenAlex,metadata,23,23,False,23,,,,False,included,1.014552,0.801753,0.216208,1.0,32,0.908175,23,0.900882,0.007294,0.099119
record:7f45a56b22d124a80cc15aac,record:7f45a56b22d124a80cc15aac,BERTopic-METADATA-MULTILINGUAL,metadata,23,0.8968634459640755,0.896863,0.7497869891976626,13,0.012125245653378398,0.7376617435442843,0.103137,False,False,2025,es,"Plan de gestión escolar para la participación familiar en el proceso educativo en una institución educativa inicial de Incahuasi, 2025",,OpenAlex,metadata,23,23,False,23,,,,False,included,1.016835,0.898482,0.09753,1.0,23,0.908497,14,0.895433,0.013065,0.091502
doi:10.18764/2358-4319.v14n2p558-578,doi:10.18764/2358-4319.v14n2p558-578,BERTopic-METADATA-MULTILINGUAL,metadata,23,0.4106439071196131,0.410644,0.12796975322058904,13,0.026855245424449777,0.10111450779613926,0.589356,False,True,2021,pt,Desdobramentos da relação entre gestão escolar e família dos educandos: uma metanálise de estudos publicados entre 2009 e 2019,10.18764/2358-4319.v14n2p558-578,OpenAlex,metadata,23,23,False,23,,,,False,included,1.012558,0.78461,0.218107,1.0,23,0.908005,13,0.892286,0.015719,0.091995
doi:10.36926/editorainovar-978-65-5388-263-8_008,doi:10.36926/editorainovar-978-65-5388-263-8_008,BERTopic-METADATA-MULTILINGUAL,metadata,23,0.6645484005787369,0.664548,0.2951579068074877,13,0.033711286594331265,0.26144662021315646,0.335452,False,True,2024,pt,A IMPORTÂNCIA DA INTERAÇÃO ENTRE ESCOLA E FAMÍLIA NA VISÃO DE GESTORES,10.36926/editorainovar-978-65-5388-263-8_008,OpenAlex,metadata,23,23,False,23,,,,False,included,1.022453,0.84621,0.155357,1.0,23,0.953587,13,0.933728,0.019859,0.046413
record:f4897eee6e7b8ad942d81a86,record:f4897eee6e7b8ad942d81a86,BERTopic-METADATA-MULTILINGUAL,metadata,23,0.7243192862969358,0.724319,0.30170668492092995,13,0.03828906185948026,0.26341762306144967,0.275681,False,True,2024,en,The Role of the School Management in Organizing the Interaction Between the Family and the School,,OpenAlex,metadata,23,23,False,23,,,,False,included,1.022945,0.828487,0.18353,1.0,23,0.8864,32,0.865366,0.021034,0.1136
record:13a6892733f6d1559c794d25,record:13a6892733f6d1559c794d25,BERTopic-METADATA-MULTILINGUAL,metadata,23,0.8057286148886683,0.805729,0.3763442268307966,13,0.03799934762240398,0.3383448792083926,0.194271,False,False,2022,en,School management from the perspective of parents,,OpenAlex,metadata,23,23,False,23,,,,False,included,1.068955,0.844976,0.165048,1.0,23,0.863915,32,0.840325,0.023591,0.136085
doi:10.63391/kdv7rp66,doi:10.63391/kdv7rp66,BERTopic-METADATA-MULTILINGUAL,metadata,23,0.62457174363474,0.624572,0.35252551496129547,13,0.023893850232327735,0.32863166472896777,0.375428,False,True,2025,pt,FAMÍLIA E ESCOLA - UMA ALIANÇA NECESSÁRIA A GESTÃO ESCOLAR,10.63391/kdv7rp66,OpenAlex,metadata,23,23,False,23,,,,False,included,1.013058,0.871812,0.11711,1.0,23,0.929649,13,0.901864,0.027785,0.070351
doi:10.5281/zenodo.17692781,doi:10.5281/zenodo.17692781,BERTopic-METADATA-MULTILINGUAL,metadata,23,0.8057286148886683,0.805729,0.34472834258780216,13,0.04187501426783367,0.3028533283199685,0.194271,False,False,2025,pt,O desafio da gestão escolar: relacionamento com a comunidade escolar,10.5281/zenodo.17692781,OpenAlex,metadata,23,23,False,23,,,,False,included,1.030508,0.831306,0.177996,1.0,23,0.931191,32,0.902187,0.029004,0.068809
doi:10.58622/vjes.v3i4.105,doi:10.58622/vjes.v3i4.105,BERTopic-METADATA-MULTILINGUAL,metadata,23,0.6947869433663462,0.694787,0.38037335325762966,13,0.02697172758139699,0.3534016256762327,0.305213,False,True,2023,en,"Effectiveness of Parent Teacher School Management Committee on Quality of Education in Public Secondary School of Tehsil Hub, District Lasbela",10.58622/vjes.v3i4.105,OpenAlex,metadata,23,23,False,23,,,,False,included,1.017325,0.869532,0.130273,1.0,23,0.891703,17,0.858562,0.03314,0.108298
doi:10.47820/recima21.v4i7.3550,doi:10.47820/recima21.v4i7.3550,BERTopic-METADATA-MULTILINGUAL,metadata,23,0.7243192862969358,0.724319,0.38920941845076334,13,0.02988017209839478,0.35932924635236857,0.275681,False,True,2023,pt,"ESCOLA, FAMÍLIA, GESTÃO E SOCIEDADE: UMA PARCERIA PARA O DESENVOLVIMENTO PLENO DE TODOS OS ESTUDANTES",10.47820/recima21.v4i7.3550,OpenAlex,metadata,23,23,False,23,,,,False,included,1.017508,0.872527,0.118787,1.0,23,0.92544,30,0.892012,0.033428,0.07456
record:114ae2d2b40811770ac3db30,record:114ae2d2b40811770ac3db30,BERTopic-METADATA-MULTILINGUAL,metadata,5,0.5375065813671532,0.537507,0.07576601710580155,8,0.061685582297692276,0.014080434808109277,0.462493,False,True,2023,es,"Liderazgo en la Gestión Educativa en Instituciones Educativas de una Unidad de Gestión Educativa Local, Ayacucho 2023",,OpenAlex,metadata,5,5,False,5,,,,False,included,1.018517,0.387565,0.419265,0.4,5,0.945029,8,0.94455,0.000479,0.054971
doi:10.23824/ase.v0i45.1092,doi:10.23824/ase.v0i45.1092,BERTopic-METADATA-MULTILINGUAL,metadata,5,0.49429275411119983,0.494293,0.13358723007361267,20,0.04272408685415668,0.09086314321945599,0.505707,False,True,2026,es,Review: School Leadership as a Gateway to the Educational Improvement,10.23824/ase.v0i45.1092,OpenAlex,metadata,5,5,False,5,,,,False,included,1.034563,0.496816,0.353623,1.0,5,0.872905,20,0.872335,0.00057,0.127095
record:b1665ef748928cef52f761e1,record:b1665ef748928cef52f761e1,BERTopic-METADATA-MULTILINGUAL,metadata,5,0.4877758724752307,0.487776,0.06139525921000184,5,0.03947842453924716,0.021916834670754684,0.512224,False,True,2025,es,Liderazgo educativo en el aprendizaje significativo desde la percepción docente en las instituciones estatales multigrados de Oroya 2025,,OpenAlex,metadata,5,5,False,5,,,,False,included,1.006503,-0.039353,0.756219,1.0,11,0.884331,16,0.883678,0.000652,0.122816
doi:10.5281/zenodo.5823520,doi:10.5281/zenodo.5823520,BERTopic-METADATA-MULTILINGUAL,metadata,5,0.7687627106688006,0.768763,0.37547779043484775,8,0.03676585475270101,0.33871193568214675,0.231237,False,True,2022,en,Standards and Competency Frameworks for Administrators in Technical and Vocational Education Schools (TVET) in Latino American countries.,10.5281/zenodo.5823520,OpenAlex,metadata,5,5,False,5,,,,False,included,1.015665,0.711406,0.177015,1.0,5,0.702612,8,0.701244,0.001368,0.297388
doi:10.30827/reugra.v30.27226,doi:10.30827/reugra.v30.27226,BERTopic-METADATA-MULTILINGUAL,metadata,5,0.4937521943348735,0.493752,0.12390669343638328,20,0.04480361810223091,0.07910307533415237,0.506248,False,True,2023,es,Percepción docente y directiva sobre el tipo de liderazgo educativo en Ciudad de Guatemala: un estudio de casos,10.30827/reugra.v30.27226,OpenAlex,metadata,5,5,False,5,,,,False,included,1.041623,0.468715,0.379229,1.0,20,0.90543,5,0.904033,0.001397,0.095967
record:af9c26006d26c497e2422c68,record:af9c26006d26c497e2422c68,BERTopic-METADATA-MULTILINGUAL,metadata,5,0.4877758724752307,0.487776,0.06991032367508739,5,0.04145936674505695,0.028450956930030434,0.512224,False,True,2026,es,"Modelo de Liderazgo directivo para la calidad educativa en instituciones educativas rurales multigrado de San Ignacio, 2025",,OpenAlex,metadata,5,5,False,5,,,,False,included,1.018548,-0.054811,0.706215,1.0,8,0.891782,5,0.890283,0.001499,0.109717
record:bc5519340f920cba77c27075,record:bc5519340f920cba77c27075,BERTopic-METADATA-MULTILINGUAL,metadata,5,0.4877758724752307,0.487776,0.05733514492290782,5,0.04094888589238925,0.016386259030518567,0.512224,False,True,2025,es,Liderazgo directivo y clima institucional en instituciones educativas públicas del Rímac - 2025,,OpenAlex,metadata,5,5,False,5,,,,False,included,1.00897,0.076037,0.68218,0.9,5,0.915803,16,0.913722,0.00208,0.084197
record:b88a37ffb8a9a86c7c601bb1,record:b88a37ffb8a9a86c7c601bb1,BERTopic-METADATA-MULTILINGUAL,metadata,5,0.5170264597119568,0.517026,0.062285539398336455,5,0.05960573192584382,0.0026798074724926346,0.482974,False,True,2024,es,Fortalecimiento del liderazgo pedagógico de los directivos docentes: Una mirada desde las prácticas pedagógicas de los rectores en las instituciones educativas del municipio de Hatonuevo - La Guajira - Colombia,,OpenAlex,metadata,5,5,False,5,,,,False,included,1.015035,0.089917,0.503537,0.4,5,0.943774,20,0.941679,0.002095,0.056226
record:76e18f1ea0099d39664aee7e,record:76e18f1ea0099d39664aee7e,BERTopic-METADATA-MULTILINGUAL,metadata,5,0.4877758724752307,0.487776,0.06409664399108767,5,0.03896248319764693,0.025134160793440732,0.512224,False,True,2025,es,"Liderazgo Directivo para el clima Institucional de las Instituciones Educativas de San Luis de Lucma - Cutervo, 2024",,OpenAlex,metadata,5,5,False,5,,,,False,included,1.008182,-0.10306,0.762786,1.0,22,0.876747,5,0.874386,0.002361,0.125614
record:0273dc57040b7822331b246b,record:0273dc57040b7822331b246b,BERTopic-METADATA-MULTILINGUAL,metadata,5,0.5262327797890369,0.526233,0.07638714804475975,8,0.05641364521837298,0.019973502826386776,0.473767,False,True,2025,en,Gestión escolar directiva como predictor del trabajo en equipo en docentes de centros de educación técnico productivas públicas Iquitos 2023,,OpenAlex,metadata,5,5,False,5,,,,False,included,1.002374,0.48003,0.353791,0.5,5,0.854549,8,0.852139,0.00241,0.145451
doi:10.14679/4469,doi:10.14679/4469,BERTopic-METADATA-MULTILINGUAL,metadata,19,0.21882203063608868,0.218822,0.03965291413507401,11,0.012477520519800783,0.027175393615273227,0.781178,False,True,2025,es,Innovar para gobernar: Reflexiones académicas sobre el liderazgo educativo,10.14679/4469,OpenAlex,metadata,19,19,False,19,,,,False,included,1.012511,0.751093,0.34121,1.0,16,0.923191,19,0.923071,0.00012,0.076929
doi:10.61384/r.c.a..v4i3.659,doi:10.61384/r.c.a..v4i3.659,BERTopic-METADATA-MULTILINGUAL,metadata,19,0.30252319711963,0.302523,0.0659016311291956,11,0.019371077936961047,0.04653055319223455,0.697477,False,True,2024,es,La Cultura del Emprendimiento en la Gestión Escolar: ¿Un Camino para Lograr los Retos que Plantea la Competitividad en Colombia?,10.61384/r.c.a..v4i3.659,OpenAlex,metadata,19,19,False,19,,,,False,included,1.011159,0.744287,0.264553,1.0,14,0.845649,19,0.842805,0.002844,0.157195
record:c841fd0d09fbfb9abbac9e38,record:c841fd0d09fbfb9abbac9e38,BERTopic-METADATA-MULTILINGUAL,metadata,19,0.26820647097174355,0.268206,0.03957147562854507,11,0.02282442769184665,0.01674704793669842,0.731794,False,True,2022,es,Criterios de directores de escuelas primarias del municipio Venezuela sobre la creatividad en su gestión escolar,,OpenAlex,metadata,19,19,False,19,,,,False,included,1.048244,0.626598,0.396042,1.0,19,0.822351,11,0.817992,0.004359,0.177649
doi:10.56219/lneaimaginaria.v2i24.5551,doi:10.56219/lneaimaginaria.v2i24.5551,BERTopic-METADATA-MULTILINGUAL,metadata,19,0.2545248506785247,0.254525,0.05388013193003175,11,0.013861338206657317,0.040018793723374434,0.745475,False,True,2026,es,LIDERAZGO PEDAGÓGICO Y CAMBIO EDUCATIVO: UN ANÁLISIS PARA LOS DIRECTIVOS DOCENTES CON EL FIN DE PROMOVER UNA CULTURA DE INNOVACIÓN Y MEJORA CONTINUA EN SUS ESCUELAS,10.56219/lneaimaginaria.v2i24.5551,OpenAlex,metadata,19,19,False,19,,,,False,included,1.019692,0.773047,0.287273,1.0,19,0.934828,16,0.928587,0.006241,0.065171
doi:10.35992/pdm.v3i2.949,doi:10.35992/pdm.v3i2.949,BERTopic-METADATA-MULTILINGUAL,metadata,19,0.19543801799715818,0.195438,0.022399319298836592,11,0.018435368043681056,0.003963951255155536,0.804562,False,True,2021,es,"Transferencia de conocimiento: el caso del grupo Suez y Aguas de Cartagena S.A. E.S.P. ""Acuacar""",10.35992/pdm.v3i2.949,OpenAlex,metadata,19,19,False,19,,,,False,included,0.654919,0.508788,0.504143,0.9,19,0.58243,14,0.575698,0.006733,0.41757
doi:10.51798/sijis.v3i2.335,doi:10.51798/sijis.v3i2.335,BERTopic-METADATA-MULTILINGUAL,metadata,19,0.2937730850389635,0.293773,0.048845949084609375,11,0.023701284171518296,0.02514466491309108,0.706227,False,True,2022,es,"Una gestión educativa innovadora permite la construcción de procesos de enseñanza inclusivos, de calidad y creatividad",10.51798/sijis.v3i2.335,OpenAlex,metadata,19,19,False,19,,,,False,included,1.007909,0.669332,0.349737,1.0,19,0.917793,11,0.910832,0.00696,0.082208
doi:10.14422/9788484687627.022,doi:10.14422/9788484687627.022,BERTopic-METADATA-MULTILINGUAL,metadata,19,1.0,1.0,1.0,11,1.0746115876873246e-307,1.0,0.0,False,False,2024,es,El uso del claustro docente en la formación de maestros,10.14422/9788484687627.022,OpenAlex,metadata,19,19,False,19,,,,False,included,1.00933,0.856686,0.108921,1.0,11,0.858242,19,0.849615,0.008627,0.150385
record:76b844abbad0e72ca7440ddf,record:76b844abbad0e72ca7440ddf,BERTopic-METADATA-MULTILINGUAL,metadata,19,0.3465531896619399,0.346553,0.08945192770468674,11,0.020322247458835586,0.06912968024585116,0.653447,False,True,2021,es,Modelo de inserción de la cultura emprendedora en la gestión educativa de nivel básica regular,,OpenAlex,metadata,19,19,False,19,,,,False,included,0.669316,0.773136,0.21144,1.0,19,0.799404,14,0.784231,0.015174,0.200595
doi:10.70577/innovascit.v4i2.269,doi:10.70577/innovascit.v4i2.269,BERTopic-METADATA-MULTILINGUAL,metadata,19,0.6911951583537178,0.691195,0.3946008486805878,11,0.02201573674691773,0.37258511193367005,0.308805,False,True,2026,es,Gestión educativa e innovación pedagógica como factores clave para la calidad educativa en instituciones públicas,10.70577/innovascit.v4i2.269,OpenAlex,metadata,19,19,False,19,,,,False,included,1.010983,0.843734,0.119614,1.0,19,0.9245,27,0.908997,0.015503,0.0755
doi:10.4108/eai.20-9-2022.2324591,doi:10.4108/eai.20-9-2022.2324591,BERTopic-METADATA-MULTILINGUAL,metadata,19,0.3813266619965106,0.381327,0.13519337984312393,0,0.016471703296273236,0.1187216765468507,0.618673,False,True,2022,en,Agile Methodology in Educational Leadership: Scrum,10.4108/eai.20-9-2022.2324591,OpenAlex,metadata,19,19,False,19,,,,False,included,1.014547,0.758481,0.244882,1.0,19,0.834749,16,0.818648,0.016101,0.165251
record:3e66530dca41a670ea4b871b,record:3e66530dca41a670ea4b871b,BERTopic-METADATA-MULTILINGUAL,metadata,2,0.5543666690605075,0.554367,0.11279814136067277,9,0.07375941058445394,0.03903873077621883,0.445633,False,True,2020,en,School Management: The importance of democratic and participatory management in Brazilian public schools,,OpenAlex,metadata,2,2,False,2,,,,False,included,1.03124,0.353221,0.422913,1.0,2,0.878399,9,0.878159,0.00024,0.121601
doi:10.20952/revtee.v13i32.13168,doi:10.20952/revtee.v13i32.13168,BERTopic-METADATA-MULTILINGUAL,metadata,2,0.4564400493176526,0.45644,0.13995740273261645,9,0.04273475578440786,0.09722264694820859,0.54356,False,True,2020,en,Student's participation in upper secondary school management: approaches to the reality of the school system in the state of Amazonas,10.20952/revtee.v13i32.13168,OpenAlex,metadata,2,2,False,2,,,,False,included,1.034739,0.518379,0.221639,1.0,2,0.857243,9,0.856997,0.000246,0.142757
doi:10.17564/2316-3828.2025v13n1p252-265,doi:10.17564/2316-3828.2025v13n1p252-265,BERTopic-METADATA-MULTILINGUAL,metadata,2,0.3205136071662812,0.320514,0.027513652833563832,13,0.022863243133424384,0.004650409700139448,0.679486,False,True,2025,pt,A RELEVÂNCIA DA GESTÃO ESCOLAR PARTICIPATIVA NA OTIMIZAÇÃO DAS PRÁTICAS INCLUSIVAS,10.17564/2316-3828.2025v13n1p252-265,OpenAlex,metadata,2,2,False,2,,,,False,included,1.021982,-0.188548,0.918076,1.0,4,0.915361,13,0.915035,0.000326,0.092203
doi:10.53782/97,doi:10.53782/97,BERTopic-METADATA-MULTILINGUAL,metadata,2,0.2955440935778697,0.295544,0.028579668060176654,30,0.019222176315332882,0.009357491744843772,0.704456,False,True,2021,pt,OS DESAFIOS DA GESTÃO ESCOLAR NAS ESCOLAS PÚBLICAS,10.53782/97,OpenAlex,metadata,2,2,False,2,,,,False,included,1.03252,-0.476193,1.232219,0.8,13,0.941775,2,0.941263,0.000512,0.058737
doi:10.34117/bjdv8n2-050,doi:10.34117/bjdv8n2-050,BERTopic-METADATA-MULTILINGUAL,metadata,2,0.3205136071662812,0.320514,0.02496841581119253,13,0.021936269926203223,0.0030321458849893075,0.679486,False,True,2022,pt,Uma observação da liderança na gestão escolar participativa para o processo de ensino-aprendizagem / An observation of leadership in participatory school management for the teaching-learning process,10.34117/bjdv8n2-050,OpenAlex,metadata,2,2,False,2,,,,False,included,1.035993,-0.035844,0.825594,1.0,16,0.890569,2,0.889989,0.00058,0.110011
doi:10.22533/at.ed.7412202128,doi:10.22533/at.ed.7412202128,BERTopic-METADATA-MULTILINGUAL,metadata,2,0.3205136071662812,0.320514,0.0255213659467745,2,0.022472263787630693,0.0030491021591438072,0.679486,False,True,2022,en,GESTÃO ESCOLAR PARTICIPATIVA- REALIDADES E IDEALISMOS,10.22533/at.ed.7412202128,OpenAlex,metadata,2,2,False,2,,,,False,included,1.013711,-0.020289,0.790163,1.0,13,0.841868,2,0.841166,0.000702,0.158834
doi:10.18593/r.v49.34550,doi:10.18593/r.v49.34550,BERTopic-METADATA-MULTILINGUAL,metadata,2,0.568522261692807,0.568522,0.11858752635766967,9,0.06877258479077976,0.04981494156688991,0.431478,False,True,2024,pt,Políticas de governo e o retrato da gestão escolar: percepções de professores de Santa Catarina,10.18593/r.v49.34550,OpenAlex,metadata,2,2,False,2,,,,False,included,1.027078,0.364024,0.458013,1.0,2,0.92524,9,0.924536,0.000704,0.07476
doi:10.47191/ijsshr/v6-i3-46,doi:10.47191/ijsshr/v6-i3-46,BERTopic-METADATA-MULTILINGUAL,metadata,2,0.26408320036642563,0.264083,0.018726721943144422,9,0.01630384371903756,0.0024228782241068614,0.735917,False,True,2023,en,The Skill of Self-Management for School Principals in Digital Education,10.47191/ijsshr/v6-i3-46,OpenAlex,metadata,2,2,False,2,,,,False,included,1.047598,-0.182855,1.046642,0.9,32,0.821284,26,0.819675,0.001609,0.232817
record:8f38bce1c7bd717d7564618a,record:8f38bce1c7bd717d7564618a,BERTopic-METADATA-MULTILINGUAL,metadata,2,0.7112347710040826,0.711235,0.21186176616481778,9,0.07150589280331729,0.1403558733615005,0.288765,False,True,2022,en,Perspectivas para la democratización de la gestión educativa y escolar en Quevedos/RS,,OpenAlex,metadata,2,2,False,2,,,,False,included,1.006392,0.477862,0.343947,1.0,2,0.876161,9,0.874529,0.001631,0.123839
record:0f789be43833ef2d78d7d06e,record:0f789be43833ef2d78d7d06e,BERTopic-METADATA-MULTILINGUAL,metadata,2,0.3574141957853956,0.357414,0.07884954030621266,9,0.040696505754050524,0.03815303455216214,0.642586,False,True,2026,pt,Gestão democrática e escola em tempo integral: desafios e possibilidades a partir da experiência gestora em Codó-MA,,OpenAlex,metadata,2,2,False,2,,,,False,included,1.013555,0.445163,0.275471,1.0,2,0.877335,9,0.875205,0.00213,0.122664
doi:10.17583/ijelm.0.7666,doi:10.17583/ijelm.0.7666,BERTopic-METADATA-MULTILINGUAL,metadata,3,0.8691576856181388,0.869158,0.4260451324277957,13,0.0202153738579109,0.4058297585698848,0.451487,False,False,2021,en,The Phenomenon of Leading without Guidebook: Educational Leadership Practices of Philippine School Principals in Virulent COVID-19 Times,10.17583/ijelm.0.7666,OpenAlex,metadata,3,3,False,3,,,,False,included,1.029609,0.822735,0.366455,1.0,6,0.854434,3,0.853971,0.000464,0.146029
doi:10.35429/jsem.2021.22.8.9.15,doi:10.35429/jsem.2021.22.8.9.15,BERTopic-METADATA-MULTILINGUAL,metadata,3,0.4955423831709057,0.495542,0.12400131376648454,13,0.017594039624069226,0.10640727414241533,0.68727,False,True,2021,en,Pedagogical leadership: an opportunity for teacher professional development in times of pandemic,10.35429/jsem.2021.22.8.9.15,OpenAlex,metadata,3,3,False,3,,,,False,included,1.014716,0.80771,0.334534,1.0,20,0.852503,3,0.851956,0.000547,0.148044
doi:10.25267/hachetetepe.2023.i26.1106,doi:10.25267/hachetetepe.2023.i26.1106,BERTopic-METADATA-MULTILINGUAL,metadata,3,1.0,1.0,1.0,13,7.2161224711374035e-308,1.0,0.0,False,False,2023,es,Desafíos tecnológicos de actores escolares en bachilleratos mexicanos en desventaja. ¿Qué queda para el profesorado?,10.25267/hachetetepe.2023.i26.1106,OpenAlex,metadata,3,3,False,3,,,,False,included,1.019709,0.758169,0.443979,1.0,13,0.848859,14,0.847701,0.001158,0.157473
doi:10.1177/17411432231166515,doi:10.1177/17411432231166515,BERTopic-METADATA-MULTILINGUAL,metadata,3,0.8691576856181388,0.869158,0.2813304986037075,13,0.02656358057864358,0.2547669180250639,0.451487,False,False,2023,en,Transformational school leadership and the COVID-19 pandemic: Perceptions of teachers in Cyprus,10.1177/17411432231166515,OpenAlex,metadata,3,3,False,3,,,,False,included,1.034292,0.797293,0.452766,1.0,3,0.842522,12,0.84046,0.002061,0.157478
doi:10.15304/ie.31.7884,doi:10.15304/ie.31.7884,BERTopic-METADATA-MULTILINGUAL,metadata,3,1.0,1.0,1.0,13,7.517122731084618e-308,1.0,0.0,False,False,2021,es,La formación en salud y seguridad del profesorado para la gestión de centros educativos seguros y saludables,10.15304/ie.31.7884,OpenAlex,metadata,3,3,False,3,,,,False,included,1.021027,0.727697,0.501063,1.0,3,0.821583,13,0.81922,0.002364,0.178416
doi:10.19137/praxiseducativa-2026-300107,doi:10.19137/praxiseducativa-2026-300107,BERTopic-METADATA-MULTILINGUAL,metadata,3,1.0,1.0,1.0,13,7.36380292869392e-308,1.0,0.0,False,False,2026,pt,"Instrucciones para armar una burbuja: gestión, enseñanza y vínculos en el regreso escolar pospandemia en el AMBA",10.19137/praxiseducativa-2026-300107,CONICET Digital,metadata,3,3,False,3,,,,False,included,1.015756,0.741742,0.475886,1.0,3,0.819139,13,0.81669,0.002449,0.180861
doi:10.4324/9781003134190,doi:10.4324/9781003134190,BERTopic-METADATA-MULTILINGUAL,metadata,3,0.3916526591867646,0.391653,0.04033856888436166,13,0.01579596064997574,0.024542608234385917,0.752833,False,True,2021,en,Wellbeing and Resilience Education,10.4324/9781003134190,OpenAlex,metadata,3,3,False,3,,,,False,included,1.012612,0.613374,0.898637,1.0,13,0.569751,21,0.56729,0.002461,0.466779
doi:10.33890/innova.v5.n3.2.2020.1514,doi:10.33890/innova.v5.n3.2.2020.1514,BERTopic-METADATA-MULTILINGUAL,metadata,3,0.8304098287120004,0.83041,0.5227283131933841,13,0.017959945847798628,0.5047683673455855,0.47594,False,False,2020,es,"Metodologías activas, la clave para el cambio de la escuela y su aplicación en épocas de pandemia",10.33890/innova.v5.n3.2.2020.1514,OpenAlex,metadata,3,3,False,3,,,,False,included,1.005629,0.7228,0.505563,1.0,11,0.852649,13,0.850119,0.002531,0.16376
doi:10.31906/redpensar.v10i2.224,doi:10.31906/redpensar.v10i2.224,BERTopic-METADATA-MULTILINGUAL,metadata,3,1.0,1.0,1.0,13,7.048617888682143e-308,1.0,0.0,False,False,2022,es,Una administración educativa que responde a los retos postpandemia desde la ética lasallista,10.31906/redpensar.v10i2.224,OpenAlex,metadata,3,3,False,3,,,,False,included,0.657646,0.779309,0.382828,1.0,3,0.86776,13,0.864966,0.002794,0.13224
doi:10.36347/sjahss.2021.v09i09.009,doi:10.36347/sjahss.2021.v09i09.009,BERTopic-METADATA-MULTILINGUAL,metadata,3,0.2544115291084662,0.254412,0.031818984880169314,13,0.011505799449281947,0.020313185430887365,0.839444,False,True,2021,en,School Leadership in Volatile Environments: The Zimbabwean Experience,10.36347/sjahss.2021.v09i09.009,OpenAlex,metadata,3,3,False,3,,,,False,included,1.013837,0.616411,0.751507,1.0,32,0.782407,12,0.779479,0.002928,0.231597
doi:10.17564/2316-3828.2023v12n1p6-21,doi:10.17564/2316-3828.2023v12n1p6-21,BERTopic-METADATA-MULTILINGUAL,metadata,13,0.8186825559089521,0.818683,0.07849155488984012,13,0.07724179314558623,0.0012497617442538966,0.181317,False,False,2023,pt,TAXONOMIA E GESTÃO ESCOLAR: UMA REVISÃO SISTEMÁTICA DE LITERATURA,10.17564/2316-3828.2023v12n1p6-21,OpenAlex,metadata,13,13,False,13,,,,False,included,1.015256,0.396627,0.400289,0.8,11,0.88043,13,0.879848,0.000582,0.120152
doi:10.18800/cige2020.011,doi:10.18800/cige2020.011,BERTopic-METADATA-MULTILINGUAL,metadata,13,0.8781494124234303,0.878149,0.11816364083550096,30,0.08598321826028621,0.03218042257521475,0.121851,False,False,2021,es,"El rol del director, ¿cómo lograr el aprendizaje de los estudiantes?",10.18800/cige2020.011,OpenAlex,metadata,13,13,False,13,,,,False,included,1.014705,0.434848,0.20542,1.0,13,0.907119,11,0.906519,0.0006,0.092881
doi:10.29327/2334916.19.1-1,doi:10.29327/2334916.19.1-1,BERTopic-METADATA-MULTILINGUAL,metadata,13,0.8781494124234303,0.878149,0.13151584850813725,30,0.09752021787845228,0.03399563062968497,0.121851,False,False,2024,pt,"O LÚDICO, A GESTÃO ESCOLAR E A APRENDIZAGEM NO ENSINO FUNDAMENTAL I",10.29327/2334916.19.1-1,OpenAlex,metadata,13,13,False,13,,,,False,included,1.048258,0.405131,0.149713,1.0,13,0.911719,30,0.910428,0.001292,0.088281
doi:10.48021/978-65-270-6074-1-c1,doi:10.48021/978-65-270-6074-1-c1,BERTopic-METADATA-MULTILINGUAL,metadata,13,0.7835407776701777,0.783541,0.07107882168539997,11,0.056345127241728736,0.014733694443671237,0.216459,False,True,2025,pt,OS DESAFIOS ENFRENTADOS PELA GESTÃO ESCOLAR CONTEMPORÂNEA,10.48021/978-65-270-6074-1-c1,OpenAlex,metadata,13,13,False,13,,,,False,included,1.012284,0.435783,0.498953,0.8,14,0.88333,13,0.881434,0.001897,0.118566
doi:10.64326/educao.v1i2.24,doi:10.64326/educao.v1i2.24,BERTopic-METADATA-MULTILINGUAL,metadata,13,0.7457895212682734,0.74579,0.08317915049007167,30,0.07783285654090287,0.005346293949168801,0.25421,False,True,2025,es,EL IMPACTO DEL MODELO DE ESCUELA DE TIEMPO COMPLETO EN LA GESTIÓN EDUCATIVA,10.64326/educao.v1i2.24,OpenAlex,metadata,13,13,False,13,,,,False,included,1.016591,0.029242,0.583881,0.5,11,0.928689,13,0.926408,0.00228,0.073592
doi:10.22201/cuaieed.20074751e.2022.27.82004,doi:10.22201/cuaieed.20074751e.2022.27.82004,BERTopic-METADATA-MULTILINGUAL,metadata,13,0.7900391348501676,0.790039,0.1077423680202911,13,0.05488535069104903,0.05285701732924206,0.209961,False,True,2022,es,La evolución del primer bachillerato con un currículum de recursos abiertos,10.22201/cuaieed.20074751e.2022.27.82004,OpenAlex,metadata,13,13,False,13,,,,False,included,1.007592,0.111412,0.639532,0.4,11,0.771445,13,0.768335,0.00311,0.231665
doi:10.24036/spektrumpls.v9i4.114283,doi:10.24036/spektrumpls.v9i4.114283,BERTopic-METADATA-MULTILINGUAL,metadata,13,0.7457895212682734,0.74579,0.09901547908016424,11,0.06504210593133396,0.03397337314883028,0.25421,False,True,2021,en,Natural School Management: A New Paradigm for Education,10.24036/spektrumpls.v9i4.114283,OpenAlex,metadata,13,13,False,13,,,,False,included,1.011495,-0.180324,0.618007,0.5,30,0.692444,22,0.689135,0.003308,0.35514
doi:10.18616/ce.v13i2.8135,doi:10.18616/ce.v13i2.8135,BERTopic-METADATA-MULTILINGUAL,metadata,13,0.7572495769645589,0.75725,0.059555086570012274,30,0.057012391068360355,0.002542695501651919,0.24275,False,True,2024,pt,PERCEPÇÕES DA GESTÃO ESCOLAR NA EDUCAÇÃO BÁSICA:,10.18616/ce.v13i2.8135,OpenAlex,metadata,13,13,False,13,,,,False,included,1.108207,0.340109,0.551408,0.5,13,0.944265,9,0.940371,0.003894,0.055735
doi:10.4102/sajce.v10i1.617,doi:10.4102/sajce.v10i1.617,BERTopic-METADATA-MULTILINGUAL,metadata,13,0.7445104541816318,0.74451,0.07417937436042549,30,0.06614627344542573,0.008033100914999758,0.25549,False,True,2020,en,Overcrowded classrooms - The Achilles heel of South African education?,10.4102/sajce.v10i1.617,OpenAlex,metadata,13,13,False,13,,,,False,included,1.020151,0.406504,0.357236,0.7,13,0.693226,30,0.689302,0.003923,0.306774
doi:10.5902/1984644490921,doi:10.5902/1984644490921,BERTopic-METADATA-MULTILINGUAL,metadata,13,1.0,1.0,1.0,30,1.9129685493598752e-307,1.0,0.0,False,False,2026,pt,Assédio Moral e gestão do trabalho pedagógico sob o olhar das narrativas autobiográficas,10.5902/1984644490921,OpenAlex,metadata,13,13,False,13,,,,False,included,1.035612,0.383514,0.561562,1.0,13,0.79304,29,0.788888,0.004152,0.206961
record:7a3910e5f7ef394d33e52a7a,record:7a3910e5f7ef394d33e52a7a,BERTopic-METADATA-MULTILINGUAL,metadata,31,1.0,1.0,1.0,8,9.428729738803536e-308,1.0,0.0,False,False,2024,es,"Gestión educativa y comunicación asertiva vista por docentes de escuelas privadas, Ate 2024",,OpenAlex,metadata,31,31,False,31,,,,False,included,1.040455,0.914641,0.077864,1.0,31,0.929909,8,0.904996,0.024914,0.070091
record:fab936d9c24cf49ca7a073db,record:fab936d9c24cf49ca7a073db,BERTopic-METADATA-MULTILINGUAL,metadata,31,1.0,1.0,1.0,8,9.541313216569463e-308,1.0,0.0,False,False,2025,es,"Gestión educativa en la comunicación asertiva de los docentes de una institución educativa de Carabayllo, 2025",,OpenAlex,metadata,31,31,False,31,,,,False,included,0.659785,0.906353,0.096853,1.0,31,0.928299,8,0.902805,0.025494,0.071701
record:6835044e3237dc4df6eb7350,record:6835044e3237dc4df6eb7350,BERTopic-METADATA-MULTILINGUAL,metadata,31,1.0,1.0,1.0,8,9.760035011724463e-308,1.0,0.0,False,False,2025,es,"Comunicación asertiva en la gestión educativa de instituciones educativas del sector público de Ica, 2024",,OpenAlex,metadata,31,31,False,31,,,,False,included,1.007885,0.885225,0.13425,1.0,31,0.878611,8,0.85153,0.027081,0.121389
doi:10.30829/tar.v28i2.1108,doi:10.30829/tar.v28i2.1108,BERTopic-METADATA-MULTILINGUAL,metadata,31,1.0,1.0,1.0,16,8.7582565517796e-308,1.0,0.0,False,False,2021,en,IMPROVING LOYALTY OF SCHOOL MANAGEMENT PERSONNEL THROUGH ORGANIZATIONAL COMMUNICATIONS APPROACH,10.30829/tar.v28i2.1108,OpenAlex,metadata,31,31,False,31,,,,False,included,1.044645,0.903222,0.127301,1.0,31,0.834482,7,0.806534,0.027949,0.165518
record:905ac9c366af970cc4c89af2,record:905ac9c366af970cc4c89af2,BERTopic-METADATA-MULTILINGUAL,metadata,31,1.0,1.0,1.0,8,9.623720464366968e-308,1.0,0.0,False,False,2025,es,"Comunicación asertiva en el liderazgo pedagógico de los docentes en una institución educativa pública, Carabayllo -2025",,OpenAlex,metadata,31,31,False,31,,,,False,included,1.010672,0.907048,0.081558,1.0,31,0.92945,5,0.900568,0.028881,0.07055
record:ea44aca3f9b2b2da294456a4,record:ea44aca3f9b2b2da294456a4,BERTopic-METADATA-MULTILINGUAL,metadata,31,1.0,1.0,1.0,8,9.383662089846453e-308,1.0,0.0,False,False,2020,es,Concepción pedagógica para el desarrollo de la competencia comunicativa desde la gestión escolar en Educación General Básica de la Unidad Educativa Abelardo Tamariz Crespo,,OpenAlex,metadata,31,31,False,31,,,,False,included,1.013792,0.910875,0.08759,1.0,31,0.873151,14,0.841542,0.031609,0.126849
record:31b5a27db59e9e482b085ed5,record:31b5a27db59e9e482b085ed5,BERTopic-METADATA-MULTILINGUAL,metadata,31,1.0,1.0,1.0,8,9.563037513893327e-308,1.0,0.0,False,False,2024,es,La comunicación interna y la gestión educativa en una institución educativa particular de Chiclayo,,OpenAlex,metadata,31,31,False,31,,,,False,included,1.011678,0.907216,0.092661,1.0,31,0.880595,8,0.84675,0.033845,0.119405
doi:10.5281/zenodo.5593070,doi:10.5281/zenodo.5593070,BERTopic-METADATA-MULTILINGUAL,metadata,31,0.8311251248280906,0.831125,0.32527976320261204,16,0.030021657974714955,0.2952581052278971,0.168875,False,False,2021,es,Competencias comunicativas interpersonales para el liderazgo en organizaciones educativas,10.5281/zenodo.5593070,OpenAlex,metadata,31,31,False,31,,,,False,included,1.025066,0.815485,0.236502,1.0,31,0.910617,5,0.872124,0.038492,0.089383
doi:10.33996/cide.ecuador.lc4907807,doi:10.33996/cide.ecuador.lc4907807,BERTopic-METADATA-MULTILINGUAL,metadata,31,0.9341048440789625,0.934105,0.5165975000270326,16,0.025234361970302797,0.4913631380567298,0.065895,False,False,2024,es,El liderazgo comunicativo. Una forma de integración en la gestión educativa,10.33996/cide.ecuador.lc4907807,OpenAlex,metadata,31,31,False,31,,,,False,included,1.017497,0.824934,0.254806,1.0,31,0.867805,1,0.828045,0.039761,0.132195
doi:10.17163/alt.v15n2.2020.08,doi:10.17163/alt.v15n2.2020.08,BERTopic-METADATA-MULTILINGUAL,metadata,31,1.0,1.0,1.0,11,9.454563848034495e-308,1.0,0.0,False,False,2020,es,"Medios de comunicación organizacional interna en colegios públicos, Chile",10.17163/alt.v15n2.2020.08,OpenAlex,metadata,31,31,False,31,,,,False,included,1.025053,0.868436,0.16937,1.0,31,0.850299,14,0.809919,0.040379,0.149701
doi:10.29035/ucmaule.63.56,doi:10.29035/ucmaule.63.56,BERTopic-METADATA-MULTILINGUAL,metadata,25,0.8607313456645111,0.860731,0.21082552697193632,4,0.06431525642348228,0.14651027054845406,0.139269,False,False,2022,es,Estudiantes migrantes en escuelas chilenas,10.29035/ucmaule.63.56,OpenAlex,metadata,25,25,False,25,,,,False,included,1.021007,0.699145,0.328767,0.9,25,0.814784,14,0.81376,0.001024,0.185215
doi:10.1177/21582440231197624,doi:10.1177/21582440231197624,BERTopic-METADATA-MULTILINGUAL,metadata,25,0.8607313456645111,0.860731,0.26262600449128615,4,0.0658245566416458,0.19680144784964035,0.139269,False,False,2023,en,School Management and Education Development for Chinese Migrant Children: The Mediating Role of Assistance and Affective Support,10.1177/21582440231197624,OpenAlex,metadata,25,25,False,25,,,,False,included,1.022117,0.737878,0.23821,1.0,25,0.723469,23,0.722039,0.00143,0.276531
doi:10.14507/epaa.34.9354,doi:10.14507/epaa.34.9354,BERTopic-METADATA-MULTILINGUAL,metadata,25,0.8607313456645111,0.860731,0.22250211050184043,4,0.06595643599662761,0.15654567450521284,0.139269,False,False,2026,es,¿Escuelas para todos? La inclusión de migrantes en las escuelas colombianas,10.14507/epaa.34.9354,OpenAlex,metadata,25,25,False,25,,,,False,included,1.025254,0.710397,0.303547,1.0,25,0.836543,14,0.832143,0.0044,0.163457
doi:10.14201/0aq0375117126,doi:10.14201/0aq0375117126,BERTopic-METADATA-MULTILINGUAL,metadata,25,0.8607313456645111,0.860731,0.2951793905758306,4,0.06862546053293457,0.22655393004289603,0.139269,False,False,2025,es,Contribución de los trabajadores sociales desde un enfoque inclusivo en las escuelas públicas de las provincias de la región de Atacama,10.14201/0aq0375117126,OpenAlex,metadata,25,25,False,25,,,,False,included,1.025408,0.732474,0.198482,1.0,4,0.825338,14,0.815482,0.009856,0.19826
record:b6ad1227dcc8f3912ce65133,record:b6ad1227dcc8f3912ce65133,BERTopic-METADATA-MULTILINGUAL,metadata,25,0.7270852050117432,0.727085,0.15738824043812719,4,0.054312042153837545,0.10307619828428964,0.272915,False,True,2025,es,RETOS Y DESAFÍOS DE LA MIGRACIÓN VENEZOLANA EN LA GESTIÓN EDUCATIVA,,OpenAlex,metadata,25,25,False,25,,,,False,included,1.00975,0.673755,0.372604,0.9,14,0.748817,25,0.737064,0.011753,0.262936
doi:10.29394/scientific.issn.2542-2987.2026.11.e6.1.16-30,doi:10.29394/scientific.issn.2542-2987.2026.11.e6.1.16-30,BERTopic-METADATA-MULTILINGUAL,metadata,25,0.6318578040779632,0.631858,0.27631099379600627,4,0.04106445882024768,0.2352465349757586,0.368142,False,True,2026,es,Gestión Educativa para el Fortalecimiento de la Resiliencia Cultural en la Unidad Educativa Picoazá,10.29394/scientific.issn.2542-2987.2026.11.e6.1.16-30,OpenAlex,metadata,25,25,False,25,,,,False,included,1.008617,0.727002,0.206766,0.9,25,0.874756,14,0.860868,0.013888,0.125244
doi:10.14507/epaa.29.6261,doi:10.14507/epaa.29.6261,BERTopic-METADATA-MULTILINGUAL,metadata,25,0.8607313456645111,0.860731,0.2158037737685067,4,0.0646456423638718,0.1511581314046349,0.139269,False,False,2021,es,Migración de estudiantes internacionales a Chile: Desafíos de la nueva educación públic,10.14507/epaa.29.6261,OpenAlex,metadata,25,25,False,25,,,,False,included,1.014453,0.705276,0.317163,1.0,25,0.860317,14,0.845255,0.015062,0.139683
record:d0988fb0be0523bb30a6de61,record:d0988fb0be0523bb30a6de61,BERTopic-METADATA-MULTILINGUAL,metadata,25,1.0,1.0,1.0,4,2.9736870590577222e-307,1.0,0.0,False,False,2021,en,La gestión y el liderazgo escolar como factores de la diversidad cultural en la escuela en condiciones de emergencia sanitaria,,OpenAlex,metadata,25,25,False,25,,,,False,included,1.011304,0.595429,0.23091,1.0,25,0.826672,4,0.810989,0.015683,0.173328
doi:10.60483/unab/kf5nly/pimsqd,doi:10.60483/unab/kf5nly/pimsqd,BERTopic-METADATA-MULTILINGUAL,metadata,25,0.8607313456645111,0.860731,0.25806871092902406,4,0.06885360485191053,0.18921510607711353,0.139269,False,False,2026,es,Transcripciones_Consolidadas_Anonimizadas_Estudiantes_Migrantes_Familias_Docentes_Directivos_EquipoPsicosocial.pdf,10.60483/unab/kf5nly/pimsqd,OpenAlex,metadata,25,25,False,25,,,,False,included,1.018984,0.743452,0.218992,1.0,25,0.664627,14,0.648268,0.01636,0.335372
record:01982630de19799040b4aa2b,record:01982630de19799040b4aa2b,BERTopic-METADATA-MULTILINGUAL,metadata,25,1.0,1.0,1.0,4,2.454283864074183e-307,1.0,0.0,False,False,2021,en,"Educational Leadership for Development of Structural Plans, Cultural Diversity, Curriculum Standards, and Faculty Engagement",,OpenAlex,metadata,25,25,False,25,,,,False,included,0.63448,0.64283,0.220932,1.0,25,0.840061,4,0.823695,0.016366,0.159939
doi:10.29344/07180772.41.3521,doi:10.29344/07180772.41.3521,BERTopic-METADATA-MULTILINGUAL,metadata,20,0.8298627187470503,0.829863,0.10323667503813212,20,0.10073006422650982,0.0025066108116223035,0.170137,False,True,2023,es,"El liderazgo educativo en un Liceo Bicentenario de la región del Maule, Chile: un estudio de caso",10.29344/07180772.41.3521,OpenAlex,metadata,20,20,False,20,,,,False,included,1.007805,0.279878,0.522185,0.2,5,0.948088,16,0.94678,0.001308,0.054915
doi:10.17583/ijelm.2020.4730,doi:10.17583/ijelm.2020.4730,BERTopic-METADATA-MULTILINGUAL,metadata,20,0.9612827420718406,0.961283,0.20807637673351598,16,0.07212718879566794,0.13594918793784805,0.038717,False,False,2020,es,Formación para el liderazgo escolar: impacto del plan de formación de directores en Chile.,10.17583/ijelm.2020.4730,OpenAlex,metadata,20,20,False,20,,,,False,included,1.022483,0.663077,0.298803,1.0,20,0.877245,5,0.873572,0.003673,0.122755
doi:10.31619/caledu.n63.1626,doi:10.31619/caledu.n63.1626,BERTopic-METADATA-MULTILINGUAL,metadata,20,0.857147991451568,0.857148,0.13630342363599143,16,0.09371514202275151,0.04258828161323992,0.142852,False,False,2025,es,Construcción de un sistema de gestión para el desarrollo del liderazgo directivo a nivel local en la nueva educación pública: Hallazgos de una propuesta basada en el codiseño,10.31619/caledu.n63.1626,OpenAlex,metadata,20,20,False,20,,,,False,included,1.016706,0.467993,0.395677,0.7,16,0.923546,20,0.919702,0.003844,0.080298
doi:10.1007/978-3-032-01094-0_5,doi:10.1007/978-3-032-01094-0_5,BERTopic-METADATA-MULTILINGUAL,metadata,20,1.0,1.0,1.0,16,1.5841008965390363e-307,1.0,0.0,False,False,2026,en,School Principals' Leadership in Latin America: A Gender Perspective,10.1007/978-3-032-01094-0_5,OpenAlex,metadata,20,20,False,20,,,,False,included,1.080586,0.71183,0.311464,1.0,20,0.86332,10,0.858387,0.004933,0.13668
doi:10.4151/07189729-vol.63-iss.1-art.1515,doi:10.4151/07189729-vol.63-iss.1-art.1515,BERTopic-METADATA-MULTILINGUAL,metadata,20,0.9612827420718406,0.961283,0.19227555263628976,16,0.07381875418741009,0.11845679844887967,0.038717,False,False,2024,es,"¿Por qué los directores quieren aprender? Motivaciones, expectativas y necesidades de formación continua desde la perspectiva del liderazgo escolar en Chile",10.4151/07189729-vol.63-iss.1-art.1515,OpenAlex,metadata,20,20,False,20,,,,False,included,1.019871,0.643807,0.325692,1.0,20,0.880769,5,0.875229,0.00554,0.119231
doi:10.34720/2za2-ch20,doi:10.34720/2za2-ch20,BERTopic-METADATA-MULTILINGUAL,metadata,20,0.9612827420718406,0.961283,0.19635111413628045,16,0.08697449584239038,0.10937661829389007,0.038717,False,False,2021,es,Herramientas para el liderazgo escolar en educación media técnico profesional,10.34720/2za2-ch20,OpenAlex,metadata,20,20,False,20,,,,False,included,1.022382,0.593543,0.319514,1.0,20,0.874387,16,0.868347,0.00604,0.125613
doi:10.4067/s0718-07052025000300335,doi:10.4067/s0718-07052025000300335,BERTopic-METADATA-MULTILINGUAL,metadata,20,0.897246302716273,0.897246,0.14281813836961624,16,0.06700538755514214,0.0758127508144741,0.102754,False,False,2025,es,Planes de desarrollo profesional docente en la educación secundaria técnico-profesional en Chile. ¿Instrumento administrativo o estrategia de aprendizaje profesional situada?,10.4067/s0718-07052025000300335,OpenAlex,metadata,20,20,False,20,,,,False,included,1.007944,0.558429,0.432679,0.9,20,0.831433,8,0.825303,0.00613,0.168567
doi:10.30827/profesorado.v25i2.8708,doi:10.30827/profesorado.v25i2.8708,BERTopic-METADATA-MULTILINGUAL,metadata,20,0.9612827420718406,0.961283,0.2249738602545387,16,0.07413133899906892,0.15084252125546976,0.038717,False,False,2021,es,Evaluación de una formación de líderes escolares: aprendizaje desde los participantes.,10.30827/profesorado.v25i2.8708,OpenAlex,metadata,20,20,False,20,,,,False,included,1.015539,0.678296,0.253556,1.0,5,0.910315,20,0.903915,0.006401,0.096085
record:613e2180f57d28d26282e90d,record:613e2180f57d28d26282e90d,BERTopic-METADATA-MULTILINGUAL,metadata,20,0.9612827420718406,0.961283,0.23507068902461561,16,0.07027134934187938,0.16479933968273625,0.038717,False,False,2020,en,The perceptions of four school principals in Chile about their impact on student outcomes and opportunities: a phenomenological study,,OpenAlex,metadata,20,20,False,20,,,,False,included,1.026522,0.706116,0.196638,1.0,6,0.856363,20,0.84987,0.006493,0.15013
doi:10.29393/pa77-6pepc10006,doi:10.29393/pa77-6pepc10006,BERTopic-METADATA-MULTILINGUAL,metadata,20,0.9036605677000924,0.903661,0.17622894077498638,16,0.09635357620373963,0.07987536457124675,0.096339,False,False,2025,es,La importancia de asumir los procesos educativos desde un liderazgo transformacional en la educación chilena,10.29393/pa77-6pepc10006,OpenAlex,metadata,20,20,False,20,,,,False,included,1.018482,0.531875,0.326555,1.0,20,0.926404,16,0.91833,0.008073,0.073597
doi:10.36412/jemtec.v1i2.778,doi:10.36412/jemtec.v1i2.778,BERTopic-METADATA-MULTILINGUAL,metadata,0,0.5648498444732988,0.56485,0.2451446055614929,19,0.026668683396717643,0.21847592216477524,0.572191,False,True,2021,en,Authentic Leadership Influenced on the Acceptability of Information and Communication Technology for School Management,10.36412/jemtec.v1i2.778,OpenAlex,metadata,0,0,False,0,,,,False,included,1.026132,0.66151,0.402861,1.0,12,0.775585,31,0.775536,4.9e-05,0.247622
doi:10.63415/saga.2026.68,doi:10.63415/saga.2026.68,BERTopic-METADATA-MULTILINGUAL,metadata,0,1.0,1.0,0.2581671109306773,19,0.07900213025956399,0.1791649806711133,0.127392,False,False,2026,es,Metodologías activas y tecnología para transformar la educación básica,10.63415/saga.2026.68,OpenAlex,metadata,0,0,False,0,,,,False,included,1.013811,0.586311,0.318422,1.0,19,0.875913,0,0.875523,0.00039,0.124477
doi:10.1007/s10639-024-12714-y,doi:10.1007/s10639-024-12714-y,BERTopic-METADATA-MULTILINGUAL,metadata,0,0.919316551636081,0.919317,0.6591054384240873,19,0.021278899920478545,0.6378265385036088,0.303723,False,False,2024,en,The transformative impact of technological advancements in educational leadership on student experiences and outcomes,10.1007/s10639-024-12714-y,OpenAlex,metadata,0,0,False,0,,,,False,included,0.664175,0.645024,0.480349,1.0,0,0.827856,1,0.82688,0.000976,0.172144
doi:10.59765/qaia532f,doi:10.59765/qaia532f,BERTopic-METADATA-MULTILINGUAL,metadata,0,0.9915265554419488,0.991527,0.29451258092507665,19,0.06357117399333731,0.23094140693173934,0.249032,False,False,2023,en,"Electronic Governance System Implementation and Its Influence on Public Secondary School Management: A Case Study of Meru District, Tanzania",10.59765/qaia532f,OpenAlex,metadata,0,0,False,0,,,,False,included,1.052748,0.680077,0.263877,1.0,0,0.797397,17,0.796341,0.001055,0.202604
doi:10.35381/r.k.v6i4.1507,doi:10.35381/r.k.v6i4.1507,BERTopic-METADATA-MULTILINGUAL,metadata,0,0.5496934048169937,0.549693,0.09802509867404745,19,0.049888895535592614,0.04813620313845483,0.58367,False,True,2021,es,Narrativa digital y gestión educativa: Estrategia para la motivación al quehacer docente,10.35381/r.k.v6i4.1507,OpenAlex,metadata,0,0,False,0,,,,False,included,0.659003,0.458729,0.447159,1.0,0,0.819701,11,0.818617,0.001084,0.180299
doi:10.37811/cl_rcm.v5i4.725,doi:10.37811/cl_rcm.v5i4.725,BERTopic-METADATA-MULTILINGUAL,metadata,0,0.40077161010213075,0.400772,0.04466141458387664,19,0.043334830858248546,0.0013265837256280916,0.696461,False,True,2021,es,Entornos virtuales en la producción de textos en docentes de comunicación de la unidad de gestión educativa local Otuzco,10.37811/cl_rcm.v5i4.725,OpenAlex,metadata,0,0,False,0,,,,False,included,0.664303,0.156038,0.668034,1.0,0,0.760915,31,0.759748,0.001167,0.239085
doi:10.4324/9781003269472,doi:10.4324/9781003269472,BERTopic-METADATA-MULTILINGUAL,metadata,0,1.0,1.0,1.0,19,8.861863612358401e-308,1.0,0.0,False,False,2022,en,Effective Technology Tools for School Leadership,10.4324/9781003269472,OpenAlex,metadata,0,0,False,0,,,,False,included,1.012166,0.640103,0.514659,1.0,0,0.82862,12,0.82745,0.00117,0.17138
doi:10.29303/jppipa.v10i4.7033,doi:10.29303/jppipa.v10i4.7033,BERTopic-METADATA-MULTILINGUAL,metadata,0,1.0,1.0,0.26412332368433505,19,0.07044413980950252,0.19367918387483252,0.130997,False,False,2024,en,The Impact of Educational Management Information Systems (EMIS) on Effective School Management in Tanzania,10.29303/jppipa.v10i4.7033,OpenAlex,metadata,0,0,False,0,,,,False,included,1.043606,0.667404,0.23855,1.0,27,0.778637,0,0.776823,0.001814,0.223177
doi:10.24042/tadris.v11i3.30046,doi:10.24042/tadris.v11i3.30046,BERTopic-METADATA-MULTILINGUAL,metadata,0,0.8404230806306418,0.840423,0.49512274086600566,19,0.026882624942956013,0.46824011592304965,0.363476,False,False,2026,en,Adaptive Digital Principalship for Islamic Religious Education Teacher Development: A Qualitative SWOT-TOWS Study in a Rural Indonesian Regency,10.24042/tadris.v11i3.30046,OpenAlex,metadata,0,0,False,0,,,,False,included,1.017276,0.663611,0.495849,1.0,0,0.825357,24,0.823472,0.001885,0.174643
doi:10.17648/acta.scientiae.7474,doi:10.17648/acta.scientiae.7474,BERTopic-METADATA-MULTILINGUAL,metadata,0,0.949728959166292,0.949729,0.22400954470670595,19,0.08222519560540126,0.1417843491013047,0.280689,False,False,2023,en,ChatGPT as Co-Advisor in Scientific Initiation: Action Research with Project-Based Learning in Elementary Education,10.17648/acta.scientiae.7474,OpenAlex,metadata,0,0,False,0,,,,False,included,1.009562,0.542427,0.3461,1.0,11,0.741396,19,0.739418,0.001978,0.265424
doi:10.15517/rge.v11i1.60745,doi:10.15517/rge.v11i1.60745,BERTopic-METADATA-MULTILINGUAL,metadata,22,0.20044725906760416,0.200447,0.03556116457703683,8,0.010312477565448352,0.025248687011588476,0.799553,False,True,2025,es,La supervisión escolar y la evaluación de la calidad educativa en el marco del objetivo 4 para el desarrollo sostenible de la agenda 2030: desafíos y propuestas.,10.15517/rge.v11i1.60745,OpenAlex,metadata,22,22,False,22,,,,False,included,1.044228,0.694236,0.376729,1.0,14,0.886347,22,0.885272,0.001075,0.114728
doi:10.1007/s10671-023-09341-8,doi:10.1007/s10671-023-09341-8,BERTopic-METADATA-MULTILINGUAL,metadata,22,0.6454857354087865,0.645486,0.20591525701007465,11,0.024522032900154353,0.18139322410992031,0.354514,False,True,2023,en,Toward agenda 2030 in education: policies and practices for effective school leadership,10.1007/s10671-023-09341-8,OpenAlex,metadata,22,22,False,22,,,,False,included,1.017862,0.827607,0.291131,1.0,12,0.842691,16,0.837081,0.00561,0.177222
doi:10.25215/1997811340.12,doi:10.25215/1997811340.12,BERTopic-METADATA-MULTILINGUAL,metadata,22,0.4389152807822929,0.438915,0.12449585179948665,11,0.017797547992587183,0.10669830380689946,0.561085,False,True,2022,en,EDUCATIONAL LEADERSHIP IN THE AGE OF SUSTAINABILITY: INTEGRATING GREEN PRACTICES AND DIGITAL INNOVATION IN SCHOOL MANAGEMENT,10.25215/1997811340.12,OpenAlex,metadata,22,22,False,22,,,,False,included,0.983279,0.809622,0.316436,1.0,0,0.833846,22,0.828053,0.005793,0.171947
doi:10.3389/978-2-8325-8789-8,doi:10.3389/978-2-8325-8789-8,BERTopic-METADATA-MULTILINGUAL,metadata,22,0.6846959691377495,0.684696,0.23755653522381864,11,0.024977473687937464,0.2125790615358812,0.315304,False,True,2026,en,Educational Leadership and Sustainable Development,10.3389/978-2-8325-8789-8,OpenAlex,metadata,22,22,False,22,,,,False,included,1.055561,0.838024,0.27146,1.0,22,0.849388,1,0.842125,0.007264,0.150612
doi:10.1163/9789004719255_003,doi:10.1163/9789004719255_003,BERTopic-METADATA-MULTILINGUAL,metadata,22,0.6799166677775816,0.679917,0.2248667960756915,11,0.02547385299545443,0.19939294308023706,0.320083,False,True,2024,en,"Education Systems, the SDG s, and Educational Leadership",10.1163/9789004719255_003,OpenAlex,metadata,22,22,False,22,,,,False,included,0.66479,0.830388,0.285589,1.0,16,0.80764,32,0.799204,0.008436,0.214252
record:b2ea67183958520bed1f6d15,record:b2ea67183958520bed1f6d15,BERTopic-METADATA-MULTILINGUAL,metadata,22,0.6799166677775816,0.679917,0.2662150648835821,11,0.02373212588992484,0.24248293899365725,0.320083,False,True,2025,es,La dirección educacional: necesidad para el cumplimiento de los objetivos de desarrollo sostenible/Educational management: a necessity for meeting the Sustainable Development Goals,,OpenAlex,metadata,22,22,False,22,,,,False,included,1.030812,0.849483,0.216351,1.0,22,0.876788,27,0.867216,0.009572,0.123212
doi:10.46377/dilemas.v10i3.3667,doi:10.46377/dilemas.v10i3.3667,BERTopic-METADATA-MULTILINGUAL,metadata,22,0.8153981944219676,0.815398,0.5219327265496813,14,0.01708318021185169,0.5048495463378295,0.184602,False,False,2023,es,Implementación de políticas ambientales en la gestión escolar peruana.,10.46377/dilemas.v10i3.3667,OpenAlex,metadata,22,22,False,22,,,,False,included,1.018784,0.86731,0.164008,1.0,22,0.836979,8,0.82679,0.010189,0.163021
doi:10.36260/rbr.v12i7.1979,doi:10.36260/rbr.v12i7.1979,BERTopic-METADATA-MULTILINGUAL,metadata,22,0.3980173441948693,0.398017,0.1392508743211088,14,0.015201122172072345,0.12404975214903646,0.601983,False,True,2023,es,"Educación conciente, otredad y ciudadanía digital",10.36260/rbr.v12i7.1979,OpenAlex,metadata,22,22,False,22,,,,False,included,1.005063,0.817477,0.250356,1.0,22,0.812365,14,0.799571,0.012794,0.187635
doi:10.18800/educacion.202502.a002,doi:10.18800/educacion.202502.a002,BERTopic-METADATA-MULTILINGUAL,metadata,22,1.0,1.0,1.0,14,8.495292563073708e-308,1.0,0.0,False,False,2025,es,Efecto del desarrollo del pensamiento crítico sobre la gestión educativa ambiental en los tiempos de COVID-19,10.18800/educacion.202502.a002,OpenAlex,metadata,22,22,False,22,,,,False,included,0.658163,0.889808,0.132769,1.0,22,0.831209,3,0.818172,0.013037,0.168791
doi:10.34069/ra/2026.17.03,doi:10.34069/ra/2026.17.03,BERTopic-METADATA-MULTILINGUAL,metadata,22,0.9997226489709641,0.999723,0.7584090306937626,14,0.01414237254160094,0.7442666581521618,0.000277,False,False,2026,es,Experiencias escolares para la acción climática y la reconstrucción civilizatoria: una sistematización pedagógica desde el piedemonte amazónico colombiano,10.34069/ra/2026.17.03,OpenAlex,metadata,22,22,False,22,,,,False,included,1.005425,0.860033,0.192698,1.0,22,0.873936,14,0.857567,0.016368,0.126064
doi:10.1108/ijem-01-2024-0030,doi:10.1108/ijem-01-2024-0030,BERTopic-METADATA-MULTILINGUAL,metadata,10,0.3506452436203805,0.350645,0.18255952665789307,18,0.02536390819574897,0.1571956184621441,0.649355,False,True,2024,en,Gender differences in school principals' ethical decision-making processes,10.1108/ijem-01-2024-0030,OpenAlex,metadata,10,10,False,10,,,,False,included,1.022077,0.762753,0.209275,1.0,29,0.824806,10,0.822783,0.002023,0.177217
doi:10.70577/vq2n5t68,doi:10.70577/vq2n5t68,BERTopic-METADATA-MULTILINGUAL,metadata,10,0.8900958985630063,0.890096,0.503765910866764,18,0.05763905986605537,0.44612685100070865,0.109904,False,False,2026,es,Análisis de la Brecha de Género en los Procesos de Designación de Directivos en Instituciones Educativas Fiscales de la provincia de El Oro,10.70577/vq2n5t68,OpenAlex,metadata,10,10,False,10,,,,False,included,1.023447,0.810448,0.151753,1.0,10,0.858816,14,0.853458,0.005358,0.141183
doi:10.51891/rease.v8i3.4754,doi:10.51891/rease.v8i3.4754,BERTopic-METADATA-MULTILINGUAL,metadata,10,0.37238331842468675,0.372383,0.11970781502711071,18,0.037769334019842386,0.08193848100726833,0.627617,False,True,2022,en,HOMOSEXUALITY AND ''SCHOOL MANAGEMENT'' PROBLEMATIZING CONCEPTS OF DESTROYING PREJUDICES,10.51891/rease.v8i3.4754,OpenAlex,metadata,10,10,False,10,,,,False,included,1.010338,0.643655,0.367668,1.0,4,0.649675,18,0.644156,0.005519,0.438019
record:a17466114fec56bf2f57ab33,record:a17466114fec56bf2f57ab33,BERTopic-METADATA-MULTILINGUAL,metadata,10,0.37238331842468675,0.372383,0.11564405689275437,18,0.038069071308327825,0.07757498558442655,0.627617,False,True,2026,es,GESTIÓN ESCOLAR DE LA SEXUALIDAD EN EDUCACIÓN INICIAL: School Management of Sexuality in Early Childhood Education,,OpenAlex,metadata,10,10,False,10,,,,False,included,1.005057,0.63005,0.38806,1.0,4,0.683404,10,0.677808,0.005596,0.322192
doi:10.1177/10526846221149673,doi:10.1177/10526846221149673,BERTopic-METADATA-MULTILINGUAL,metadata,10,0.31640217820901045,0.316402,0.14739588215308164,18,0.029537928904624536,0.1178579532484571,0.683598,False,True,2023,en,Creating Our Own Spaces: Disruptive Approaches to Educational Leadership Research,10.1177/10526846221149673,OpenAlex,metadata,10,10,False,10,,,,False,included,0.658046,0.712026,0.193826,1.0,18,0.799471,10,0.792583,0.006889,0.207418
record:d19d69e8d91010a733801f58,record:d19d69e8d91010a733801f58,BERTopic-METADATA-MULTILINGUAL,metadata,10,0.6090635414835074,0.609064,0.3618351901352557,18,0.03782026459837017,0.32401492553688555,0.390936,False,True,2026,es,"Liderazgo escolar femenino, tránsito posmedia y desempeño académico en colegios oficiales de Bogotá",,OpenAlex,metadata,10,10,False,10,,,,False,included,1.01713,0.825338,0.110888,1.0,10,0.843763,5,0.830721,0.013041,0.156238
doi:10.1093/acrefore/9780190264093.013.1343,doi:10.1093/acrefore/9780190264093.013.1343,BERTopic-METADATA-MULTILINGUAL,metadata,10,0.36823036500520573,0.36823,0.13896920225727455,18,0.03579354087038969,0.10317566138688486,0.63177,False,True,2020,en,School Leadership and Gender- and Sexuality-Related Equity,10.1093/acrefore/9780190264093.013.1343,OpenAlex,metadata,10,10,False,10,,,,False,included,1.014301,0.677143,0.296257,1.0,10,0.783232,18,0.768887,0.014345,0.216768
doi:10.4324/9781351188715-5,doi:10.4324/9781351188715-5,BERTopic-METADATA-MULTILINGUAL,metadata,10,0.44594601331200473,0.445946,0.2722410258468809,18,0.028477747682265884,0.24376327816461504,0.554054,False,True,2020,en,Jeanie P. Slight (1890-1973),10.4324/9781351188715-5,OpenAlex,metadata,10,10,False,10,,,,False,included,1.001028,0.792434,0.140293,1.0,30,0.52688,10,0.511683,0.015196,0.488317
doi:10.47879/ed.ep.2024984p87,doi:10.47879/ed.ep.2024984p87,BERTopic-METADATA-MULTILINGUAL,metadata,10,0.8900958985630063,0.890096,0.4985267989558309,18,0.0581664392169381,0.4403603597388928,0.109904,False,False,2024,pt,GÊNERO E GESTÃO ESCOLAR: UMA BREVE ANÁLISE,10.47879/ed.ep.2024984p87,OpenAlex,metadata,10,10,False,10,,,,False,included,1.010864,0.808058,0.157925,1.0,13,0.906052,10,0.88748,0.018572,0.11252
doi:10.1177/17411432221130589,doi:10.1177/17411432221130589,BERTopic-METADATA-MULTILINGUAL,metadata,10,0.5015289626670061,0.501529,0.30584830072935,18,0.030428001754988446,0.27542029897436154,0.498471,False,True,2022,en,Investigating the leadership styles and national culture of Emirati female school principals,10.1177/17411432221130589,OpenAlex,metadata,10,10,False,10,,,,False,included,1.025091,0.773912,0.206099,1.0,24,0.882674,10,0.863508,0.019166,0.136492
doi:10.58422/repesq.2025.e1823,doi:10.58422/repesq.2025.e1823,BERTopic-METADATA-MULTILINGUAL,metadata,9,0.5749858871225847,0.574986,0.1607942581812919,2,0.04911630677486301,0.11167795140642889,0.425014,False,True,2026,pt,Gestão Escolar e Militarismo no Acre,10.58422/repesq.2025.e1823,OpenAlex,metadata,9,9,False,9,,,,False,included,1.018421,0.160399,0.53149,0.8,14,0.83122,9,0.831131,8.9e-05,0.168869
record:6a5a7d66130ae7725ef4216c,record:6a5a7d66130ae7725ef4216c,BERTopic-METADATA-MULTILINGUAL,metadata,9,0.5453220954860202,0.545322,0.07672196375785496,30,0.038627992498941895,0.03809397125891307,0.454678,False,True,2022,en,Legal awareness of teaching staff from the point of view of school management.,,OpenAlex,metadata,9,9,False,9,,,,False,included,1.020169,-0.370173,0.884855,0.6,26,0.803741,32,0.803304,0.000437,0.225188
doi:10.51594/ijmer.v2i3.147,doi:10.51594/ijmer.v2i3.147,BERTopic-METADATA-MULTILINGUAL,metadata,9,0.6017809550462485,0.601781,0.051370384768151554,32,0.049504335452683824,0.00186604931546773,0.398219,False,True,2020,en,CONSTRAINTS FACTORS TO MAINTENANCE OF GOVERNMENT SENIOR HIGH SCHOOL BUILDINGS IN WA MUNICIPAL,10.51594/ijmer.v2i3.147,OpenAlex,metadata,9,9,False,9,,,,False,included,1.014579,0.326677,0.510008,0.9,32,0.678088,17,0.677596,0.000491,0.331419
doi:10.56712/latam.v4i1.227,doi:10.56712/latam.v4i1.227,BERTopic-METADATA-MULTILINGUAL,metadata,9,0.6833277835317771,0.683328,0.18187486521249063,2,0.0468557109865149,0.13501915422597574,0.316672,False,True,2023,es,Procesos de privatización en la educación,10.56712/latam.v4i1.227,OpenAlex,metadata,9,9,False,9,,,,False,included,1.013701,0.362303,0.402652,1.0,9,0.788609,2,0.787948,0.000661,0.211391
doi:10.36713/epra8867,doi:10.36713/epra8867,BERTopic-METADATA-MULTILINGUAL,metadata,9,0.542092129006365,0.542092,0.05889307876995413,17,0.036736028161841454,0.022157050608112676,0.457908,False,True,2021,en,PRACTICES OF THE SCHOOL PRINCIPALS IN THE POLICY AND PLANNING SYSTEM,10.36713/epra8867,OpenAlex,metadata,9,9,False,9,,,,False,included,1.026097,-0.173785,0.778751,0.5,32,0.872218,26,0.871204,0.001014,0.165972
doi:10.23919/aaicvcps00050.2026.00126,doi:10.23919/aaicvcps00050.2026.00126,BERTopic-METADATA-MULTILINGUAL,metadata,9,0.5306715390300969,0.530672,0.06507939349645829,17,0.0393597847498566,0.025719608746601688,0.469328,False,True,2026,en,Intelligent Implementation Pathways and Model Construction of Legal Education in School Management,10.23919/aaicvcps00050.2026.00126,OpenAlex,metadata,9,9,False,9,,,,False,included,1.023085,-0.269206,0.84727,0.6,32,0.76993,27,0.768756,0.001174,0.26302
record:539736b2df3b11c59f83b55f,record:539736b2df3b11c59f83b55f,BERTopic-METADATA-MULTILINGUAL,metadata,9,0.9693631515581566,0.969363,0.5006446585731668,14,0.03164812559225257,0.4689965329809142,0.030637,False,False,2023,es,"Gestión educativa y el uso de la plataforma ""Rioeduca em ação"" en la lucha contra el desfasaje: un estudio de caso en cinco escuelas públicas de enseñanza primaria en el ""Complexo da Maré"".",,OpenAlex,metadata,9,9,False,9,,,,False,included,1.010285,0.59732,0.36099,1.0,9,0.898171,8,0.896837,0.001334,0.101829
doi:10.55905/cuadv17n7-122,doi:10.55905/cuadv17n7-122,BERTopic-METADATA-MULTILINGUAL,metadata,9,0.7531360877315766,0.753136,0.26656733616210077,14,0.03345955037372725,0.23310778578837352,0.246864,False,True,2025,es,Mediación pedagógica con tecnologías en la Educación Profesional durante la pandemia: desafíos y contradicciones en escuelas públicas de Minas Gerais,10.55905/cuadv17n7-122,OpenAlex,metadata,9,9,False,9,,,,False,included,1.015343,0.578743,0.352054,1.0,14,0.877192,9,0.875225,0.001967,0.124775
record:c63946bb1fb79d1e2b432f66,record:c63946bb1fb79d1e2b432f66,BERTopic-METADATA-MULTILINGUAL,metadata,9,0.6246643317702204,0.624664,0.23899559425048092,14,0.027818659884948607,0.2111769343655323,0.375336,False,True,2023,es,INTERVENCIÓN DIRECTIVA EN COLEGIOS DEL DISTRITO DE PARAGUARÍ EN EL AÑO 2023,,OpenAlex,metadata,9,9,False,9,,,,False,included,1.023677,0.541644,0.50122,1.0,9,0.844373,8,0.841779,0.002594,0.155627
doi:10.55905/oelv21n7-004,doi:10.55905/oelv21n7-004,BERTopic-METADATA-MULTILINGUAL,metadata,9,0.5378638808940714,0.537864,0.06383419118988465,17,0.038921337419097014,0.024912853770787634,0.462136,False,True,2023,pt,O estilo de gestão e seus elementos em uma escola pública,10.55905/oelv21n7-004,OpenAlex,metadata,9,9,False,9,,,,False,included,1.03579,-0.193781,0.768863,0.5,9,0.945905,26,0.94301,0.002895,0.054095
doi:10.1177/1942775120902190,doi:10.1177/1942775120902190,BERTopic-METADATA-MULTILINGUAL,metadata,21,1.0,1.0,1.0,30,5.10128648716881e-308,1.0,0.0,False,False,2020,en,The Experiences of Faculty of Color in Departments of Educational Leadership and Administration: The Role of Emotional and Social Intelligence in Navigating Promotion and Tenure to Achieve the Rank of Associate Professor,10.1177/1942775120902190,OpenAlex,metadata,21,21,False,21,,,,False,included,0.647147,0.948953,0.102138,1.0,21,0.796634,18,0.789924,0.00671,0.203366
doi:10.53595/rlo.v5.i12.116,doi:10.53595/rlo.v5.i12.116,BERTopic-METADATA-MULTILINGUAL,metadata,21,0.7023129159071853,0.702313,0.5458099388837627,30,0.0074439952740296324,0.5383659436097331,0.297687,False,True,2025,es,Liderazgo Transformacional e Inteligencia Emocional en la Gestión Directiva Educativa,10.53595/rlo.v5.i12.116,OpenAlex,metadata,21,21,False,21,,,,False,included,1.015182,0.94305,0.104222,1.0,21,0.899331,16,0.879576,0.019755,0.100669
doi:10.1163/9789004764880,doi:10.1163/9789004764880,BERTopic-METADATA-MULTILINGUAL,metadata,21,0.4524780747333532,0.452478,0.23886077866903555,30,0.009840047880034794,0.22902073078900076,0.547522,False,True,2026,en,Parsing the Emotional Waves of School Leadership,10.1163/9789004764880,OpenAlex,metadata,21,21,False,21,,,,False,included,1.038726,0.93071,0.132863,1.0,21,0.895871,12,0.861151,0.03472,0.104129
doi:10.1177/1478210320940136,doi:10.1177/1478210320940136,BERTopic-METADATA-MULTILINGUAL,metadata,21,0.511042720537551,0.511043,0.3257894097109329,30,0.008595437074133886,0.317193972636799,0.488957,False,True,2020,en,Leading with/in emotion states: The criticality of political subjects and policy debates in educational leadership on emotions,10.1177/1478210320940136,OpenAlex,metadata,21,21,False,21,,,,False,included,1.010913,0.944511,0.077563,1.0,21,0.864613,1,0.828026,0.036586,0.135387
doi:10.70577/asce.v5i2.770,doi:10.70577/asce.v5i2.770,BERTopic-METADATA-MULTILINGUAL,metadata,21,0.36212342759816324,0.362123,0.1402636421185676,30,0.010855633991664032,0.12940800812690356,0.637877,False,True,2026,es,"Competencias Socioemocionales en Directivos Educativos: Toma de Decisiones, Gestión de Conflictos y Bienestar Escolar",10.70577/asce.v5i2.770,OpenAlex,metadata,21,21,False,21,,,,False,included,1.022171,0.907229,0.203775,1.0,21,0.899285,13,0.860623,0.038663,0.100715
doi:10.23857/pc.v10i9.10506,doi:10.23857/pc.v10i9.10506,BERTopic-METADATA-MULTILINGUAL,metadata,21,0.30084304924200245,0.300843,0.10833305822186422,30,0.009486509153164442,0.09884654906869977,0.699157,False,True,2025,es,Educación socioemocional como inserción curricular en la educación básica,10.23857/pc.v10i9.10506,OpenAlex,metadata,21,21,False,21,,,,False,included,1.014742,0.897606,0.228629,1.0,21,0.828649,30,0.782796,0.045853,0.171351
doi:10.70625/rlce/789,doi:10.70625/rlce/789,BERTopic-METADATA-MULTILINGUAL,metadata,21,0.9990180092328921,0.999018,0.9304189838084939,30,0.003221757068891607,0.9271972267396023,0.000982,False,False,2026,es,Inteligencia emocional como predictor de la comunicación efectiva en directivos de instituciones educativas públicas: un estudio de regresión en contexto amazónico,10.70625/rlce/789,OpenAlex,metadata,21,21,False,21,,,,False,included,1.011935,0.947756,0.10001,1.0,21,0.850613,31,0.804396,0.046217,0.149387
doi:10.57709/1622596,doi:10.57709/1622596,BERTopic-METADATA-MULTILINGUAL,metadata,21,1.0,1.0,1.0,30,5.099919759120287e-308,1.0,0.0,False,False,2022,en,"The Relationship between Emotional Intelligence, Transformational Leadership, and Effectiveness in School Principals",10.57709/1622596,OpenAlex,metadata,21,21,False,21,,,,False,included,1.016376,0.947356,0.093147,1.0,21,0.915036,7,0.867283,0.047753,0.084964
doi:10.14689/enad.26.12,doi:10.14689/enad.26.12,BERTopic-METADATA-MULTILINGUAL,metadata,21,0.2888984501183238,0.288898,0.0904597182122064,30,0.009446926142561086,0.08101279206964532,0.711102,False,True,2021,en,The Reasons of Teachers to Leave the School Management Voluntarily and their Emotions based on these Reasons: A Phenomenological Study,10.14689/enad.26.12,OpenAlex,metadata,21,21,False,21,,,,False,included,1.017724,0.897566,0.222288,1.0,21,0.784807,7,0.736554,0.048253,0.215194
doi:10.6018/educatio.524941,doi:10.6018/educatio.524941,BERTopic-METADATA-MULTILINGUAL,metadata,21,0.27515640238405276,0.275156,0.0946529598113369,30,0.00891347099998424,0.08573948881135265,0.724844,False,True,2023,es,Propiedades Psicométricas de un Instrumento para Evaluar las Competencias Socioemocionales en Estudiantes de Secundaria,10.6018/educatio.524941,OpenAlex,metadata,21,21,False,21,,,,False,included,1.005747,0.890863,0.245535,1.0,21,0.721403,13,0.664291,0.057112,0.278597
doi:10.31512/missioneira.v26i3.2083,doi:10.31512/missioneira.v26i3.2083,BERTopic-METADATA-MULTILINGUAL,metadata,29,0.9856243802732713,0.985624,0.8490450579341191,26,0.007061324908833127,0.841983733025286,0.014376,False,False,2024,pt,A GESTÃO ESCOLAR E A FORMAÇÃO DE VALORES ÉTICOS NA EDUCAÇÃO,10.31512/missioneira.v26i3.2083,OpenAlex,metadata,29,29,False,29,,,,False,included,1.026978,0.838688,0.279078,1.0,29,0.90379,13,0.903016,0.000774,0.09621
doi:10.1080/10508422.2024.2447954,doi:10.1080/10508422.2024.2447954,BERTopic-METADATA-MULTILINGUAL,metadata,29,1.0,1.0,1.0,28,6.968533740503255e-308,1.0,0.0,False,False,2025,en,Exploring educational leadership and teacher ethics: who can lead and what are the key qualities?,10.1080/10508422.2024.2447954,OpenAlex,metadata,29,29,False,29,,,,False,included,0.674707,0.902092,0.14058,1.0,29,0.859991,7,0.848746,0.011246,0.140009
record:bef6f361ec2ab1ed1e86543b,record:bef6f361ec2ab1ed1e86543b,BERTopic-METADATA-MULTILINGUAL,metadata,29,1.0,1.0,1.0,6,6.781715984117498e-308,1.0,0.0,False,False,2020,es,La dirección escolar y la ética organizacional en los centros de educación infantil y primaria de Catalunya. Análisis de facilitadores y barreras,,OpenAlex,metadata,29,29,False,29,,,,False,included,1.008698,0.8723,0.205753,1.0,29,0.81856,9,0.806141,0.012419,0.18144
doi:10.2991/978-2-38476-010-7_37,doi:10.2991/978-2-38476-010-7_37,BERTopic-METADATA-MULTILINGUAL,metadata,29,0.568556763388765,0.568557,0.22828864119038475,26,0.018035320507128465,0.21025332068325628,0.431443,False,True,2023,en,Integration of Jawara Values as a Social Asset School Leadership,10.2991/978-2-38476-010-7_37,OpenAlex,metadata,29,29,False,29,,,,False,included,1.018744,0.780266,0.382018,1.0,28,0.765401,22,0.749112,0.016289,0.269104
doi:10.36260/rbr.v12i4.1949,doi:10.36260/rbr.v12i4.1949,BERTopic-METADATA-MULTILINGUAL,metadata,29,1.0,1.0,1.0,26,6.991286134538449e-308,1.0,0.0,False,False,2023,es,Otro modo de educar,10.36260/rbr.v12i4.1949,OpenAlex,metadata,29,29,False,29,,,,False,included,1.003368,0.847436,0.259524,1.0,29,0.759377,11,0.742889,0.016488,0.240623
doi:10.1108/jced-11-2021-0011,doi:10.1108/jced-11-2021-0011,BERTopic-METADATA-MULTILINGUAL,metadata,29,1.0,1.0,1.0,28,7.06661147882052e-308,1.0,0.0,False,False,2021,en,Epistemological Virtue in Educational Leadership,10.1108/jced-11-2021-0011,OpenAlex,metadata,29,29,False,29,,,,False,included,0.655108,0.895612,0.149946,1.0,29,0.86005,1,0.83278,0.027271,0.13995
doi:10.14812/cuefd.1624053,doi:10.14812/cuefd.1624053,BERTopic-METADATA-MULTILINGUAL,metadata,29,0.47926136430691924,0.479261,0.1562245753740938,6,0.020337861744721207,0.13588671362937257,0.520739,False,True,2026,en,Ethical Blind Spots of Canadian School Principals,10.14812/cuefd.1624053,OpenAlex,metadata,29,29,False,29,,,,False,included,1.026697,0.755923,0.346833,1.0,29,0.799184,26,0.768696,0.030488,0.200816
doi:10.4067/s0718-07052025000200255,doi:10.4067/s0718-07052025000200255,BERTopic-METADATA-MULTILINGUAL,metadata,29,1.0,1.0,1.0,6,6.782861277816774e-308,1.0,0.0,False,False,2025,es,La ética organizacional en las escuelas de Catalunya. Modelo e instrumento para su análisis,10.4067/s0718-07052025000200255,OpenAlex,metadata,29,29,False,29,,,,False,included,1.02334,0.870734,0.209812,1.0,29,0.814284,9,0.777442,0.036843,0.185715
doi:10.29166/catedra.v5i2.3543,doi:10.29166/catedra.v5i2.3543,BERTopic-METADATA-MULTILINGUAL,metadata,29,1.0,1.0,1.0,6,7.025073648020826e-308,1.0,0.0,False,False,2022,es,Estrategias de gestión educativa para fortalecer la ética docente,10.29166/catedra.v5i2.3543,OpenAlex,metadata,29,29,False,29,,,,False,included,0.656817,0.853659,0.236366,1.0,29,0.910799,11,0.872803,0.037995,0.089201
doi:10.1108/978-1-83797-496-220261029,doi:10.1108/978-1-83797-496-220261029,BERTopic-METADATA-MULTILINGUAL,metadata,29,1.0,1.0,1.0,28,6.802275720085192e-308,1.0,0.0,False,False,2026,en,Redemption or Risk? Ethical Hiring in Urban School Leadership,10.1108/978-1-83797-496-220261029,OpenAlex,metadata,29,29,False,29,,,,False,included,1.032714,0.899668,0.139798,1.0,29,0.806786,12,0.768231,0.038555,0.193214
doi:10.3390/educsci14040429,doi:10.3390/educsci14040429,BERTopic-METADATA-MULTILINGUAL,metadata,1,0.7828151988393708,0.782815,0.09570642304926814,1,0.08650227790127474,0.009204145147993406,0.217185,False,True,2024,en,The Intellectual Evolution of Educational Leadership Research: A Combined Bibliometric and Thematic Analysis Using SciMAT,10.3390/educsci14040429,OpenAlex,metadata,1,1,False,1,,,,False,included,1.013256,0.208882,0.644237,1.0,1,0.765544,16,0.765114,0.000431,0.234456
doi:10.1163/9789004461871,doi:10.1163/9789004461871,BERTopic-METADATA-MULTILINGUAL,metadata,1,0.5752805800566462,0.575281,0.09555708636873746,16,0.04960766898744108,0.045949417381296376,0.424719,False,True,2021,en,Enacting and Conceptualizing Educational Leadership within the Mediterranean Region,10.1163/9789004461871,OpenAlex,metadata,1,1,False,1,,,,False,included,1.016001,0.552337,0.36116,0.8,1,0.823259,16,0.822828,0.000431,0.176741
doi:10.12973/ijem.11.1.27,doi:10.12973/ijem.11.1.27,BERTopic-METADATA-MULTILINGUAL,metadata,1,0.7084837937430128,0.708484,0.105554599214187,1,0.06286052079538691,0.04269407841880009,0.291516,False,True,2025,en,"A Meta-Systematic Review of the Conceptual, Methodological, and Reporting Quality of Systematic Reviews of Research on Educational Leadership and Management in Africa",10.12973/ijem.11.1.27,OpenAlex,metadata,1,1,False,1,,,,False,included,0.679195,-0.060692,0.771645,1.0,27,0.771533,16,0.771065,0.000467,0.23899
record:b3cf3b4c8e14a427b9e49a58,record:b3cf3b4c8e14a427b9e49a58,BERTopic-METADATA-MULTILINGUAL,metadata,1,0.8106953505572796,0.810695,0.40508719040401164,12,0.051208807451221625,0.35387838295279,0.189305,False,False,2020,en,"Exploring intersections of educational leadership, educational change and student empowerment",,OpenAlex,metadata,1,1,False,1,,,,False,included,0.668823,0.410526,0.423596,1.0,1,0.875527,12,0.875056,0.000471,0.124473
doi:10.5040/9781350160552.0009,doi:10.5040/9781350160552.0009,BERTopic-METADATA-MULTILINGUAL,metadata,1,1.0,1.0,1.0,12,1.9672939644174245e-307,1.0,0.0,False,False,2022,en,Educational Leadership and the Threat of Inaction,10.5040/9781350160552.0009,OpenAlex,metadata,1,1,False,1,,,,False,included,1.04731,0.450719,0.34951,1.0,1,0.872076,12,0.871559,0.000517,0.127924
doi:10.1177/0013161x221136728,doi:10.1177/0013161x221136728,BERTopic-METADATA-MULTILINGUAL,metadata,1,0.5479752204538308,0.547975,0.08378771468150567,12,0.040519427638774766,0.043268287042730905,0.452025,False,True,2022,en,"Introduction: Coloniality, Educational Leadership, and White Supremacy: The Other Global Pandemic",10.1177/0013161x221136728,OpenAlex,metadata,1,1,False,1,,,,False,included,1.016701,0.370309,0.816252,1.0,18,0.689056,25,0.688258,0.000798,0.381325
doi:10.1007/978-3-030-62380-7_3,doi:10.1007/978-3-030-62380-7_3,BERTopic-METADATA-MULTILINGUAL,metadata,1,0.5953888986942364,0.595389,0.10187731878401443,12,0.04457654963247655,0.05730076915153788,0.404611,False,True,2020,en,Coloniality and Educational Leadership Discourse,10.1007/978-3-030-62380-7_3,OpenAlex,metadata,1,1,False,1,,,,False,included,1.016355,0.38598,0.759775,1.0,25,0.728678,1,0.727608,0.00107,0.272392
doi:10.52305/pvle5825,doi:10.52305/pvle5825,BERTopic-METADATA-MULTILINGUAL,metadata,1,0.8096331205575973,0.809633,0.14845152305821627,12,0.07469821593846848,0.07375330711974779,0.190367,False,False,2021,en,Instructional Leadership and Effective Teaching and Learning,10.52305/pvle5825,OpenAlex,metadata,1,1,False,1,,,,False,included,1.054255,0.223584,0.641623,1.0,7,0.882255,1,0.881064,0.001191,0.118936
record:8ff1f5ccae939f00e19f2abd,record:8ff1f5ccae939f00e19f2abd,BERTopic-METADATA-MULTILINGUAL,metadata,1,0.5422923573708862,0.542292,0.14842136999286015,1,0.06860678436235454,0.07981458563050561,0.457708,False,True,2025,en,Linkography as a methodology for educational leadership research,,OpenAlex,metadata,1,1,False,1,,,,False,included,0.65427,-0.123775,0.724176,0.3,1,0.766107,16,0.764667,0.00144,0.233893
doi:10.5281/zenodo.20108543,doi:10.5281/zenodo.20108543,BERTopic-METADATA-MULTILINGUAL,metadata,1,0.5679686793426093,0.567969,0.17263487695504673,12,0.05363866068437661,0.11899621627067011,0.432031,False,True,2026,en,BEYOND THE CLASSROOM: EDUCATIONAL LEADERSHIP AS STEWARDSHIP OF SOCIETY,10.5281/zenodo.20108543,OpenAlex,metadata,1,1,False,1,,,,False,included,1.023759,0.300629,0.489682,0.8,12,0.917798,1,0.916352,0.001446,0.083648
doi:10.31538/ndh.v8i3.4078,doi:10.31538/ndh.v8i3.4078,BERTopic-METADATA-MULTILINGUAL,metadata,28,0.16500512388638944,0.165005,0.02705231048100469,28,0.023671782257384723,0.003380528223619967,0.834995,False,True,2023,en,School Principals as Leaders in Fostering Attitudes of Religious Tolerance in Schools,10.31538/ndh.v8i3.4078,OpenAlex,metadata,28,28,False,28,,,,False,included,1.025796,0.317311,0.561433,0.1,24,0.767522,28,0.75915,0.008372,0.24085
doi:10.33751/jhss.v5i1.3387,doi:10.33751/jhss.v5i1.3387,BERTopic-METADATA-MULTILINGUAL,metadata,28,0.9575806906251543,0.957581,0.775546899680084,24,0.021250250176861798,0.7542966495032222,0.042419,False,False,2021,en,KREATIVA PRIMARY SCHOOL MANAGEMENT (QUALITATIVE DESCRIPTIVE ANALYSIS STUDIES),10.33751/jhss.v5i1.3387,OpenAlex,metadata,28,28,False,28,,,,False,included,1.035931,0.918842,0.065603,1.0,28,0.818772,17,0.803247,0.015525,0.181228
doi:10.33650/pjp.v10i2.7170,doi:10.33650/pjp.v10i2.7170,BERTopic-METADATA-MULTILINGUAL,metadata,28,0.9352868946990105,0.935287,0.713882643567825,24,0.02513173842374429,0.6887509051440808,0.064713,False,False,2024,en,INVESTIGATING THE HOLISTIC MANAGEMENT IN INCREASING GRADUATES' COMPETENCE IN MADRASA BASED ON PESANTREN,10.33650/pjp.v10i2.7170,OpenAlex,metadata,28,28,False,28,,,,False,included,1.015787,0.929981,0.060038,1.0,28,0.814953,27,0.795703,0.019249,0.185048
doi:10.31538/munaddhomah.v6i2.1738,doi:10.31538/munaddhomah.v6i2.1738,BERTopic-METADATA-MULTILINGUAL,metadata,28,1.0,1.0,1.0,24,1.3180143840369618e-307,1.0,0.0,False,False,2025,en,Optimizing Islamic Boarding School Management in the Digital Era: Analysis of Technology Effectiveness in Administration and Operations,10.31538/munaddhomah.v6i2.1738,OpenAlex,metadata,28,28,False,28,,,,False,included,0.995485,0.925506,0.081708,1.0,28,0.838215,0,0.815051,0.023164,0.161785
doi:10.5281/zenodo.6966871,doi:10.5281/zenodo.6966871,BERTopic-METADATA-MULTILINGUAL,metadata,28,1.0,1.0,1.0,24,1.4096078350007265e-307,1.0,0.0,False,False,2022,en,Implementation of School-Based Management in Improving the Quality of State Islamic Junior High School,10.5281/zenodo.6966871,OpenAlex,metadata,28,28,False,28,,,,False,included,1.017728,0.939484,0.022212,1.0,28,0.897144,17,0.867672,0.029472,0.102856
doi:10.35723/ajie.v8i1.339,doi:10.35723/ajie.v8i1.339,BERTopic-METADATA-MULTILINGUAL,metadata,28,0.7966794174141245,0.796679,0.6156607038839557,24,0.019887992130586712,0.595772711753369,0.203321,False,True,2023,en,Model of Educational Leadership Management in Boarding Schools,10.35723/ajie.v8i1.339,OpenAlex,metadata,28,28,False,28,,,,False,included,1.028858,0.908414,0.118602,1.0,28,0.899526,24,0.864306,0.035219,0.100474
doi:10.51214/biis.v4i1.1539,doi:10.51214/biis.v4i1.1539,BERTopic-METADATA-MULTILINGUAL,metadata,28,1.0,1.0,1.0,24,1.3871592229172267e-307,1.0,0.0,False,False,2025,en,Islamic Boarding School Management in the Modern Era: Literature Review of Local Wisdom-Based Management Models,10.51214/biis.v4i1.1539,OpenAlex,metadata,28,28,False,28,,,,False,included,1.003588,0.942859,0.033281,1.0,28,0.859525,24,0.820471,0.039054,0.140475
doi:10.37758/jat.88i3.85,doi:10.37758/jat.88i3.85,BERTopic-METADATA-MULTILINGUAL,metadata,28,0.3986832835384469,0.398683,0.2001169059430582,24,0.02545688975318566,0.17466001618987254,0.601317,False,True,2025,en,Strengthening School Management to Improve Education Quality through the Islamic Model Class at YPK Elementary School in Bontang,10.37758/jat.88i3.85,OpenAlex,metadata,28,28,False,28,,,,False,included,1.017511,0.843975,0.15579,1.0,28,0.897835,17,0.856925,0.040909,0.102165
doi:10.22515/jemin.v2i2.4399,doi:10.22515/jemin.v2i2.4399,BERTopic-METADATA-MULTILINGUAL,metadata,28,0.6750185351835134,0.675019,0.4907506391410814,24,0.02289706236843073,0.46785357677265066,0.324981,False,True,2022,en,Construction of organizational culture for ideal performance of Islamic-based junior high schools in Indonesia,10.22515/jemin.v2i2.4399,OpenAlex,metadata,28,28,False,28,,,,False,included,1.013283,0.899235,0.082576,1.0,28,0.868253,24,0.827213,0.04104,0.131747
doi:10.1016/j.heliyon.2021.e06549,doi:10.1016/j.heliyon.2021.e06549,BERTopic-METADATA-MULTILINGUAL,metadata,28,1.0,1.0,1.0,24,1.4020848654077387e-307,1.0,0.0,False,False,2021,en,"The new identity of Indonesian Islamic boarding schools in the ""new normal"": the education leadership response to COVID-19",10.1016/j.heliyon.2021.e06549,OpenAlex,metadata,28,28,False,28,,,,False,included,1.025116,0.931769,0.040303,1.0,28,0.842671,3,0.800188,0.042483,0.157329
doi:10.1787/d6a7fb2a-en,doi:10.1787/d6a7fb2a-en,BERTopic-METADATA-MULTILINGUAL,metadata,6,0.7262552523950208,0.726255,0.12639586754792165,7,0.08977197683363146,0.03662389071429019,0.273745,False,True,2022,en,"Principals' instructional leadership, by school characteristics",10.1787/d6a7fb2a-en,OpenAlex,metadata,6,6,False,6,,,,False,included,1.051184,0.324696,0.497597,1.0,12,0.940429,6,0.939113,0.001315,0.060887
doi:10.1177/08920206241240034,doi:10.1177/08920206241240034,BERTopic-METADATA-MULTILINGUAL,metadata,6,0.9747542710325339,0.974754,0.5034843092646116,7,0.04714740353402179,0.4563369057305898,0.025246,False,False,2024,en,Organizing for deputy principalship in Swedish school organizations: The triggers and factors shaping the process,10.1177/08920206241240034,OpenAlex,metadata,6,6,False,6,,,,False,included,1.019284,0.6326,0.307877,1.0,6,0.771064,26,0.76916,0.001904,0.228936
doi:10.1787/c4f61ee8-en,doi:10.1787/c4f61ee8-en,BERTopic-METADATA-MULTILINGUAL,metadata,6,0.7262552523950208,0.726255,0.15234101882726608,7,0.07653978138115923,0.07580123744610685,0.273745,False,True,2020,en,Relationship between principals' instructional leadership and participation among stakeholders in the school,10.1787/c4f61ee8-en,OpenAlex,metadata,6,6,False,6,,,,False,included,1.077943,0.364682,0.461997,1.0,12,0.926188,6,0.923761,0.002428,0.07624
doi:10.70269/10.70269/2744972722,doi:10.70269/10.70269/2744972722,BERTopic-METADATA-MULTILINGUAL,metadata,6,0.7262552523950208,0.726255,0.1120205199879358,6,0.09809387520643155,0.013926644781504252,0.273745,False,True,2024,en,A Comparison of Middle School Principals' Instructional Leadership Behaviors: Strengths and Weaknesses,10.70269/10.70269/2744972722,OpenAlex,metadata,6,6,False,6,,,,False,included,1.102299,0.135917,0.577545,0.9,7,0.912671,12,0.910241,0.00243,0.102842
doi:10.31849/dinamisia.v9i2.23440,doi:10.31849/dinamisia.v9i2.23440,BERTopic-METADATA-MULTILINGUAL,metadata,6,0.7375187026490244,0.737519,0.10729327423254016,7,0.09666195259464345,0.010631321637896707,0.262481,False,True,2025,id,Training to Strengthen Competency of School Principals in the Implementation of the Independent Curriculum,10.31849/dinamisia.v9i2.23440,OpenAlex,metadata,6,6,False,6,,,,False,included,1.171883,0.2364,0.422416,0.9,6,0.831894,7,0.82913,0.002764,0.168106
doi:10.1177/17411432231168235,doi:10.1177/17411432231168235,BERTopic-METADATA-MULTILINGUAL,metadata,6,0.8566091071167499,0.856609,0.13781097263988812,7,0.10911676275916074,0.028694209880727378,0.143391,False,False,2023,en,Professional development of school principals - how do experienced school leaders make sense of their professional learning?,10.1177/17411432231168235,OpenAlex,metadata,6,6,False,6,,,,False,included,1.027888,0.282614,0.391476,1.0,7,0.914049,6,0.91059,0.003459,0.08941
doi:10.56457/jimk.v12i1.522,doi:10.56457/jimk.v12i1.522,BERTopic-METADATA-MULTILINGUAL,metadata,6,0.9051280689741067,0.905128,0.1493802228270738,7,0.09776011284651172,0.05162010998056209,0.094872,False,False,2024,en,Designing A Leadership Training Program For School Principals To Improve The Quality Of School Management,10.56457/jimk.v12i1.522,OpenAlex,metadata,6,6,False,6,,,,False,included,1.036978,0.363107,0.392454,0.8,7,0.907779,6,0.904278,0.003501,0.095722
doi:10.1177/00220574211032321,doi:10.1177/00220574211032321,BERTopic-METADATA-MULTILINGUAL,metadata,6,0.995340438945225,0.99534,0.5495632522510595,7,0.03857075231944287,0.5109924999316167,0.00466,False,False,2021,en,The Assistant Principalship: A Keystone or a Stepping Stone,10.1177/00220574211032321,OpenAlex,metadata,6,6,False,6,,,,False,included,1.018318,0.687712,0.267684,1.0,26,0.82991,6,0.826384,0.003526,0.173616
doi:10.38140/pie.v43i3.7695,doi:10.38140/pie.v43i3.7695,BERTopic-METADATA-MULTILINGUAL,metadata,6,0.7109374347619752,0.710937,0.09993680980884163,6,0.09839743622694093,0.0015393735819007048,0.289063,False,True,2025,en,Instructional leadership: Principals' roles in supporting continuous professional teacher development,10.38140/pie.v43i3.7695,OpenAlex,metadata,6,6,False,6,,,,False,included,1.024149,0.151541,0.449021,0.7,7,0.916621,6,0.913053,0.003568,0.086947
record:dfdd743658059604b692e315,record:dfdd743658059604b692e315,BERTopic-METADATA-MULTILINGUAL,metadata,6,0.7262552523950208,0.726255,0.11189060505167173,7,0.09764941920094482,0.014241185850726909,0.273745,False,True,2021,en,Practising Effective Instructional Leadership as a School Principal.,,OpenAlex,metadata,6,6,False,6,,,,False,included,1.048679,0.241023,0.553459,1.0,12,0.915327,6,0.911745,0.003582,0.088255
record:a3deb343e41f8272b5b5cc14,record:a3deb343e41f8272b5b5cc14,BERTopic-METADATA-MULTILINGUAL,metadata,30,0.8849371358462115,0.884937,0.12465077768069897,32,0.1078919064282183,0.01675887125248067,0.115063,False,True,2022,en,The Understanding of School Life thanks to the Evaluation of the CPE's Role in School Management.,,OpenAlex,metadata,30,30,False,30,,,,False,included,1.042966,0.187307,0.45585,0.4,30,0.876096,32,0.875817,0.000279,0.123904
doi:10.46550/amormundi.v5i1.385,doi:10.46550/amormundi.v5i1.385,BERTopic-METADATA-MULTILINGUAL,metadata,30,0.9008780888905873,0.900878,0.13763689583797986,32,0.09756286890696383,0.04007402693101603,0.099122,False,True,2024,pt,A IMPORTÂNCIA DA GESTÃO ESCOLAR,10.46550/amormundi.v5i1.385,OpenAlex,metadata,30,30,False,30,,,,False,included,1.014067,0.306882,0.417389,0.5,26,0.940709,30,0.936601,0.004108,0.063399
doi:10.61987/edsojou.v2i2.711,doi:10.61987/edsojou.v2i2.711,BERTopic-METADATA-MULTILINGUAL,metadata,30,0.8841414452964911,0.884141,0.12070110142417007,32,0.08817790305442263,0.03252319836974743,0.115859,False,True,2025,en,Effective School Management Strategies for Enhancing Early Childhood Development,10.61987/edsojou.v2i2.711,OpenAlex,metadata,30,30,False,30,,,,False,included,1.011449,0.281655,0.469755,0.4,23,0.800377,17,0.793844,0.006533,0.221168
record:4d7d994e21a63fa34508d745,record:4d7d994e21a63fa34508d745,BERTopic-METADATA-MULTILINGUAL,metadata,30,0.9008780888905873,0.900878,0.13084426712002967,32,0.0799783019983493,0.05086596512168037,0.099122,False,True,2020,pt,GESTÃO ESCOLAR: ATUAÇÃO DESTE PROFISSIONAL FRENTE A ESSE TRABALHO NO CONTEXTO EDUCACIONAL,,OpenAlex,metadata,30,30,False,30,,,,False,included,1.012694,0.364147,0.459435,0.5,30,0.951327,13,0.942938,0.008389,0.048673
record:b36671037f54a23d2dd770d6,record:b36671037f54a23d2dd770d6,BERTopic-METADATA-MULTILINGUAL,metadata,30,0.9008780888905873,0.900878,0.12013468248333209,32,0.07918162956265244,0.04095305292067965,0.099122,False,True,2021,pt,Gestão Escolar Municipal sob a perspectiva de uma boa liderança,,OpenAlex,metadata,30,30,False,30,,,,False,included,1.050903,0.317553,0.499802,0.3,26,0.904675,30,0.89167,0.013005,0.10833
record:8a37b7f9814b422aa05710ee,record:8a37b7f9814b422aa05710ee,BERTopic-METADATA-MULTILINGUAL,metadata,30,0.9008780888905873,0.900878,0.21722917942821474,32,0.06881588639408512,0.14841329303412962,0.099122,False,True,2023,en,SIGNIFICAÇÕES SOBRE A GESTÃO ESCOLAR: UMA REVISÃO BIBLIOGRÁFICA,,OpenAlex,metadata,30,30,False,30,,,,False,included,1.017115,0.605561,0.247064,0.5,30,0.898721,26,0.885584,0.013137,0.101279
doi:10.37134/saecj.vol9.no2.6.2020,doi:10.37134/saecj.vol9.no2.6.2020,BERTopic-METADATA-MULTILINGUAL,metadata,30,0.8878754958976522,0.887875,0.2358317812319548,32,0.06455321529971915,0.17127856593223567,0.112125,False,False,2020,en,School closure resulting from a bad school management approach: An early childhood teacher narrative,10.37134/saecj.vol9.no2.6.2020,OpenAlex,metadata,30,30,False,30,,,,False,included,1.013639,0.659416,0.19796,0.7,30,0.786499,13,0.765693,0.020807,0.213501
record:4c7cb2740fb4f5da831eb5ac,record:4c7cb2740fb4f5da831eb5ac,BERTopic-METADATA-MULTILINGUAL,metadata,30,1.0,1.0,1.0,32,2.4562923284325868e-307,1.0,0.0,False,False,2023,en,The Perceptions of Principals and Middle Managers of the Role of Middle Managers in the School Management,,OpenAlex,metadata,30,30,False,30,,,,False,included,1.050016,0.712192,0.145035,1.0,30,0.932507,26,0.90923,0.023277,0.067494
record:cad3c59100049e00e1df75db,record:cad3c59100049e00e1df75db,BERTopic-METADATA-MULTILINGUAL,metadata,30,1.0,1.0,1.0,32,2.33916080361077e-307,1.0,0.0,False,False,2023,es,Managerial competencies of school principals. Socio-educational study of Polish school management,,OpenAlex,metadata,30,30,False,30,,,,False,included,1.048792,0.729023,0.137835,1.0,30,0.913262,26,0.883281,0.029981,0.086738
doi:10.47191/ijsshr/v6-i6-36,doi:10.47191/ijsshr/v6-i6-36,BERTopic-METADATA-MULTILINGUAL,metadata,30,1.0,1.0,1.0,13,2.182024267080015e-307,1.0,0.0,False,False,2023,en,Implementation of Fun School Management at SMKN 3 and SMKN 2 Kuala Kapuas,10.47191/ijsshr/v6-i6-36,OpenAlex,metadata,30,30,False,30,,,,False,included,1.01989,0.775246,0.070229,1.0,30,0.771155,17,0.736676,0.03448,0.228845
doi:10.18860/rosikhun.v3i3.27678,doi:10.18860/rosikhun.v3i3.27678,BERTopic-METADATA-MULTILINGUAL,metadata,12,0.5656840540323405,0.565684,0.20611707366780602,1,0.04959356964213832,0.1565235040256677,0.434316,False,True,2024,en,Transformational Leadership: Application Of Self-Transcendence By School Principals,10.18860/rosikhun.v3i3.27678,OpenAlex,metadata,12,12,False,12,,,,False,included,1.020356,0.584095,0.300843,1.0,1,0.845534,16,0.844219,0.001315,0.162363
record:5e3bd7dec5d7dbd2a98d9de5,record:5e3bd7dec5d7dbd2a98d9de5,BERTopic-METADATA-MULTILINGUAL,metadata,12,0.645791996436283,0.645792,0.1610205965829424,7,0.05654127203311062,0.10447932454983178,0.354208,False,True,2022,en,School Management that Enhances Organizational Strength in Junior High School,,OpenAlex,metadata,12,12,False,12,,,,False,included,1.016338,0.62155,0.286522,0.9,32,0.823393,12,0.820554,0.002839,0.179446
doi:10.5281/zenodo.3938918,doi:10.5281/zenodo.3938918,BERTopic-METADATA-MULTILINGUAL,metadata,12,0.645791996436283,0.645792,0.11102435131952218,7,0.0820676459462517,0.028956705373270483,0.354208,False,True,2020,en,ELEMENTARY SCHOOL PRINCIPALS LEADERSHIP QUALITIES AND THEIR QUALITY SUPERVISION,10.5281/zenodo.3938918,OpenAlex,metadata,12,12,False,12,,,,False,included,1.05731,0.404987,0.449262,1.0,7,0.880758,12,0.877783,0.002974,0.122217
doi:10.37811/cl_rcm.v10i1.22863,doi:10.37811/cl_rcm.v10i1.22863,BERTopic-METADATA-MULTILINGUAL,metadata,12,0.5122418935520284,0.512242,0.07588494398324525,1,0.05021113765583472,0.025673806327410523,0.487758,False,True,2026,en,El liderazgo en las instituciones educativas,10.37811/cl_rcm.v10i1.22863,OpenAlex,metadata,12,12,False,12,,,,False,included,1.023245,0.393366,0.433579,0.3,12,0.952571,1,0.949392,0.003178,0.04743
doi:10.4324/9781003426110-9,doi:10.4324/9781003426110-9,BERTopic-METADATA-MULTILINGUAL,metadata,12,0.7954436876903493,0.795444,0.39974918514519986,1,0.041276637030939804,0.35847254811426005,0.204556,False,True,2023,en,The Old Boys' Club in School Leadership,10.4324/9781003426110-9,OpenAlex,metadata,12,12,False,12,,,,False,included,1.010994,0.727329,0.21701,1.0,12,0.79561,10,0.791719,0.003891,0.20439
doi:10.1177/17411432241293563,doi:10.1177/17411432241293563,BERTopic-METADATA-MULTILINGUAL,metadata,12,0.6105729319785149,0.610573,0.14740970453466123,7,0.043975650228002726,0.1034340543066585,0.389427,False,True,2024,en,Caring leadership practices in Chilean educational communities: Perceptions of school principals and teachers,10.1177/17411432241293563,OpenAlex,metadata,12,12,False,12,,,,False,included,1.016809,0.640815,0.389279,0.8,12,0.880551,7,0.875834,0.004717,0.119449
doi:10.5281/zenodo.7552441,doi:10.5281/zenodo.7552441,BERTopic-METADATA-MULTILINGUAL,metadata,12,0.5244671696854604,0.524467,0.07290166883855101,12,0.06230803040657654,0.010593638431974473,0.475533,False,True,2023,en,Effective educational leadership and school management: The importance of strong leadership and managerial skills,10.5281/zenodo.7552441,OpenAlex,metadata,12,12,False,12,,,,False,included,1.062457,0.186507,0.58735,0.3,7,0.917698,12,0.912165,0.005533,0.087835
doi:10.1007/s12144-023-04886-6,doi:10.1007/s12144-023-04886-6,BERTopic-METADATA-MULTILINGUAL,metadata,12,0.645791996436283,0.645792,0.12018908475387123,7,0.074822923526905,0.045366161226966226,0.354208,False,True,2023,en,Effect of school leadership on student academic achievement: school level path variables,10.1007/s12144-023-04886-6,OpenAlex,metadata,12,12,False,12,,,,False,included,1.014019,0.459126,0.419761,1.0,12,0.910624,7,0.903998,0.006626,0.089376
doi:10.1108/ijem-08-2020-0373,doi:10.1108/ijem-08-2020-0373,BERTopic-METADATA-MULTILINGUAL,metadata,12,0.5754941303306752,0.575494,0.09583700707650254,7,0.07070123527660539,0.02513577179989715,0.424506,False,True,2020,en,Seeking authenticity in school leadership: the interplay between personal values and leadership styles,10.1108/ijem-08-2020-0373,OpenAlex,metadata,12,12,False,12,,,,False,included,1.024231,0.430281,0.420939,0.9,12,0.817712,7,0.810182,0.00753,0.182288
doi:10.1007/978-981-97-9330-3_5,doi:10.1007/978-981-97-9330-3_5,BERTopic-METADATA-MULTILINGUAL,metadata,12,0.5122418935520284,0.512242,0.08302593818849582,1,0.04353993414040791,0.039486004048087914,0.487758,False,True,2025,en,On School Management and Leadership,10.1007/978-981-97-9330-3_5,OpenAlex,metadata,12,12,False,12,,,,False,included,1.038226,0.492213,0.403372,0.2,12,0.905266,32,0.897723,0.007543,0.094734
doi:10.20527/btjpm.v4i3.5812,doi:10.20527/btjpm.v4i3.5812,BERTopic-METADATA-MULTILINGUAL,metadata,32,1.0,1.0,1.0,17,3.610681657108014e-307,1.0,0.0,False,False,2022,en,Numerical and Religious-Based School Management Training to Support the Vision-Mission of Educational Institutions,10.20527/btjpm.v4i3.5812,OpenAlex,metadata,32,32,False,32,,,,False,included,1.014009,0.612022,0.216689,0.9,32,0.844088,17,0.840368,0.00372,0.155912
doi:10.46898/worges.9786584936737,doi:10.46898/worges.9786584936737,BERTopic-METADATA-MULTILINGUAL,metadata,32,1.0,1.0,1.0,17,2.5044681404899734e-307,1.0,0.0,False,False,2025,pt,Gestão Escolar Humanizada: Liderança com Propósito para Transformar a Educação,10.46898/worges.9786584936737,OpenAlex,metadata,32,32,False,32,,,,False,included,1.071203,0.807396,0.142625,1.0,32,0.91383,12,0.909545,0.004285,0.08617
doi:10.47247/mr/6063.034.5.32,doi:10.47247/mr/6063.034.5.32,BERTopic-METADATA-MULTILINGUAL,metadata,32,1.0,1.0,1.0,17,3.0385410582435613e-307,1.0,0.0,False,False,2024,pt,Educação de Jovens e Adultos: subsídios para a gestão escolar,10.47247/mr/6063.034.5.32,OpenAlex,metadata,32,32,False,32,,,,False,included,1.031075,0.779927,0.108383,1.0,32,0.847832,30,0.840268,0.007564,0.152168
doi:10.7764/tesisuc/edu/28473,doi:10.7764/tesisuc/edu/28473,BERTopic-METADATA-MULTILINGUAL,metadata,32,0.9770543397593333,0.977054,0.29346821008295076,17,0.12335863773943766,0.1701095723435131,0.022946,False,False,2020,es,Gestión educativa: factor relevante en el fortalecimiento de las condiciones institucionales para un liceo prioritario.,10.7764/tesisuc/edu/28473,OpenAlex,metadata,32,32,False,32,,,,False,included,1.007547,0.44918,0.275303,0.7,32,0.913263,17,0.904355,0.008908,0.086737
record:5b0a50a89593324b675381a8,record:5b0a50a89593324b675381a8,BERTopic-METADATA-MULTILINGUAL,metadata,32,1.0,1.0,1.0,17,2.721831324197276e-307,1.0,0.0,False,False,2025,en,Investigation of the Problems Faced by Primary School Principals in School Management in the Context of Management Processes,,OpenAlex,metadata,32,32,False,32,,,,False,included,1.09239,0.829393,0.102128,1.0,32,0.915868,6,0.898527,0.017342,0.084132
doi:10.7476/9786556309330.0008,doi:10.7476/9786556309330.0008,BERTopic-METADATA-MULTILINGUAL,metadata,32,1.0,1.0,1.0,17,2.683817252311465e-307,1.0,0.0,False,False,2025,pt,Intensificação do trabalho dos diretores escolares,10.7476/9786556309330.0008,OpenAlex,metadata,32,32,False,32,,,,False,included,1.034201,0.771835,0.148984,1.0,32,0.934585,26,0.915922,0.018663,0.065415
doi:10.47119/ijrp1001681320257643,doi:10.47119/ijrp1001681320257643,BERTopic-METADATA-MULTILINGUAL,metadata,32,1.0,1.0,1.0,17,2.928474975610626e-307,1.0,0.0,False,False,2025,en,School Management Practices in Addressing Issues and Challenges of Teachers-In-Charge: A Management Primer,10.47119/ijrp1001681320257643,OpenAlex,metadata,32,32,False,32,,,,False,included,1.001066,0.794617,0.106135,1.0,32,0.894578,30,0.875014,0.019563,0.105422
doi:10.59175/pijed.v4i2.534,doi:10.59175/pijed.v4i2.534,BERTopic-METADATA-MULTILINGUAL,metadata,32,1.0,1.0,1.0,17,2.9062900946819336e-307,1.0,0.0,False,False,2025,en,School Management as a School Mover in Realizing Educational Transformation,10.59175/pijed.v4i2.534,OpenAlex,metadata,32,32,False,32,,,,False,included,1.030892,0.838178,0.067648,1.0,32,0.90016,17,0.878289,0.021871,0.09984
doi:10.20944/preprints202501.1373.v1,doi:10.20944/preprints202501.1373.v1,BERTopic-METADATA-MULTILINGUAL,metadata,32,1.0,1.0,1.0,17,2.9532436156381923e-307,1.0,0.0,False,False,2025,en,Enhancing School Management Through School Heads' Conflict Resolution and Team Building Expertise.,10.20944/preprints202501.1373.v1,OpenAlex,metadata,32,32,False,32,,,,False,included,0.995381,0.764049,0.133147,1.0,32,0.869285,17,0.842163,0.027123,0.130714
doi:10.1257/rct.17236-1.1,doi:10.1257/rct.17236-1.1,BERTopic-METADATA-MULTILINGUAL,metadata,32,1.0,1.0,1.0,17,3.6588628238851e-307,1.0,0.0,False,False,2026,en,Improving School Management in Low-Resource Settings: Experimental Evidence from India,10.1257/rct.17236-1.1,OpenAlex,metadata,32,32,False,32,,,,False,included,1.015527,0.676024,0.182728,0.9,32,0.887917,17,0.857695,0.030222,0.112083
record:cbaf3525ef6eaa16ed378e5b,record:cbaf3525ef6eaa16ed378e5b,BERTopic-METADATA-MULTILINGUAL,metadata,18,0.42445981288796797,0.42446,0.097910759172334,18,0.08336711312093092,0.01454364605140307,0.57554,False,True,2020,en,The Perceptions of African American Females in Educational Leadership,,OpenAlex,metadata,18,18,False,18,,,,False,included,1.011641,0.028893,0.512266,1.0,18,0.893261,10,0.892241,0.001019,0.10674
doi:10.28998/2175-6600.2026v18n40.20793,doi:10.28998/2175-6600.2026v18n40.20793,BERTopic-METADATA-MULTILINGUAL,metadata,18,0.6621124003843092,0.662112,0.45911880203506805,10,0.021802777986881874,0.4373160240481862,0.337888,False,True,2026,pt,A gestão escolar e o enfrentamento do cotidiano com ações antirracistas,10.28998/2175-6600.2026v18n40.20793,OpenAlex,metadata,18,18,False,18,,,,False,included,1.028224,0.69104,0.418191,1.0,18,0.858163,13,0.854503,0.00366,0.141837
doi:10.4018/979-8-3693-1773-0.ch006,doi:10.4018/979-8-3693-1773-0.ch006,BERTopic-METADATA-MULTILINGUAL,metadata,18,0.42445981288796797,0.42446,0.18896449972181434,10,0.03925829750564966,0.14970620221616468,0.57554,False,True,2024,en,Educational Leadership and the Politics of the Day,10.4018/979-8-3693-1773-0.ch006,OpenAlex,metadata,18,18,False,18,,,,False,included,0.675252,0.606695,0.125395,1.0,18,0.877632,10,0.865199,0.012433,0.122368
doi:10.1080/19415257.2020.1787207,doi:10.1080/19415257.2020.1787207,BERTopic-METADATA-MULTILINGUAL,metadata,18,1.0,1.0,1.0,10,9.751436163651655e-308,1.0,0.0,False,False,2020,en,Anti-racist school leadership: making 'race' count in leadership preparation and development,10.1080/19415257.2020.1787207,OpenAlex,metadata,18,18,False,18,,,,False,included,1.010952,0.720411,0.368228,1.0,12,0.871845,18,0.856789,0.015056,0.143211
doi:10.1080/10665684.2023.2200207,doi:10.1080/10665684.2023.2200207,BERTopic-METADATA-MULTILINGUAL,metadata,18,0.7024090913470278,0.702409,0.4963459012086028,10,0.02178425106524901,0.4745616501433538,0.297591,False,True,2023,en,"On Being Ed Emcees: Toward Hip-Hop Educational Leadership Theory, Research, and Praxis",10.1080/10665684.2023.2200207,OpenAlex,metadata,18,18,False,18,,,,False,included,1.021917,0.690702,0.437079,1.0,18,0.721716,1,0.70585,0.015866,0.278284
doi:10.4018/978-1-7998-7235-1.ch004,doi:10.4018/978-1-7998-7235-1.ch004,BERTopic-METADATA-MULTILINGUAL,metadata,18,0.42445981288796797,0.42446,0.09987670133889241,18,0.08196237957796544,0.01791432176092697,0.57554,False,True,2021,en,Challenges Experienced by Women of Color in Educational Leadership,10.4018/978-1-7998-7235-1.ch004,OpenAlex,metadata,18,18,False,18,,,,False,included,1.010138,-0.001624,0.522161,1.0,18,0.870019,10,0.852402,0.017616,0.129982
doi:10.3389/feduc.2026.1823242,doi:10.3389/feduc.2026.1823242,BERTopic-METADATA-MULTILINGUAL,metadata,18,0.4063371614463274,0.406337,0.18050606250788068,10,0.021742108548403954,0.15876395395947673,0.593663,False,True,2026,en,Editorial: Succession planning in educational leadership: advancing diversity in the principalship and equity-oriented leadership practices,10.3389/feduc.2026.1823242,OpenAlex,metadata,18,18,False,18,,,,False,included,1.009936,0.641477,0.558606,1.0,18,0.82221,1,0.804225,0.017984,0.177791
doi:10.1007/978-3-030-14625-2_109,doi:10.1007/978-3-030-14625-2_109,BERTopic-METADATA-MULTILINGUAL,metadata,18,0.42445981288796797,0.42446,0.10831985606938137,18,0.0764671205565345,0.03185273551284687,0.57554,False,True,2020,en,Minority Women in Educational Leadership,10.1007/978-3-030-14625-2_109,OpenAlex,metadata,18,18,False,18,,,,False,included,0.65347,-0.13313,0.562089,1.0,10,0.887538,18,0.868601,0.018937,0.131399
record:99d09703f4ddd5ee280532df,record:99d09703f4ddd5ee280532df,BERTopic-METADATA-MULTILINGUAL,metadata,18,0.42445981288796797,0.42446,0.10015230433091792,18,0.08178191886633744,0.018370385464580474,0.57554,False,True,2021,en,Black-female intersections of leading & leaving: an exploration of sustainability in the principalship,,OpenAlex,metadata,18,18,False,18,,,,False,included,1.013401,-0.006813,0.523304,1.0,18,0.85035,10,0.83053,0.01982,0.14965
doi:10.1080/13603124.2020.1818132,doi:10.1080/13603124.2020.1818132,BERTopic-METADATA-MULTILINGUAL,metadata,18,0.42445981288796797,0.42446,0.10300083797133028,18,0.07980378440643374,0.02319705356489654,0.57554,False,True,2021,en,Intersectionality and leadership in context: Examining the intricate paths of four black women in educational leadership in the United States,10.1080/13603124.2020.1818132,OpenAlex,metadata,18,18,False,18,,,,False,included,0.660414,-0.05345,0.537736,1.0,18,0.875917,10,0.855792,0.020125,0.124083
doi:10.14689/ejer.2021.93.10,doi:10.14689/ejer.2021.93.10,BERTopic-METADATA-MULTILINGUAL,metadata,24,0.6826258521538905,0.682626,0.10057218855968932,24,0.05347039597389192,0.04710179258579739,0.317374,False,True,2021,en,Dominance One-Roof Schools Principal Excellent Leadership in the Digital Age in Indonesia,10.14689/ejer.2021.93.10,OpenAlex,metadata,24,24,False,24,,,,False,included,1.031878,0.03551,0.696885,1.0,24,0.776079,6,0.773009,0.00307,0.223921
doi:10.24014/ijiem.v7i1.29148,doi:10.24014/ijiem.v7i1.29148,BERTopic-METADATA-MULTILINGUAL,metadata,24,0.6826258521538905,0.682626,0.09627092318253659,24,0.05571251274784894,0.04055841043468765,0.317374,False,True,2024,en,Discussing Instructional Leadership in the Context of Sekolah Penggerak (Transforming Schools),10.24014/ijiem.v7i1.29148,OpenAlex,metadata,24,24,False,24,,,,False,included,1.018701,0.104746,0.657303,1.0,24,0.880168,1,0.873783,0.006384,0.119832
doi:10.4324/9781003098584,doi:10.4324/9781003098584,BERTopic-METADATA-MULTILINGUAL,metadata,24,0.6826258521538905,0.682626,0.08650925826321929,24,0.05810611692378143,0.028403141339437853,0.317374,False,True,2021,en,School Leadership in Malaysia,10.4324/9781003098584,OpenAlex,metadata,24,24,False,24,,,,False,included,1.050117,0.179301,0.636722,0.7,24,0.851284,12,0.843725,0.00756,0.148716
doi:10.24191/ajue.v19i2.22298,doi:10.24191/ajue.v19i2.22298,BERTopic-METADATA-MULTILINGUAL,metadata,24,0.6826258521538905,0.682626,0.12117727337160607,6,0.05079155973773376,0.0703857136338723,0.317374,False,True,2023,en,Leadership Development Programmes Perceived as Important by Malaysian Primary Deputy Principals: Do Demographic Factors Matter?,10.24191/ajue.v19i2.22298,OpenAlex,metadata,24,24,False,24,,,,False,included,1.042552,-0.209487,0.816235,0.9,7,0.773095,17,0.764085,0.00901,0.235948
doi:10.1080/15700763.2022.2131580,doi:10.1080/15700763.2022.2131580,BERTopic-METADATA-MULTILINGUAL,metadata,24,0.6826258521538905,0.682626,0.10552858184533004,6,0.05097424326303445,0.05455433858229559,0.317374,False,True,2022,en,"Communication Methods for Moving from Authoritarian to Allocative or Distributed Leadership, in Yogyakarta Province, Indonesia, as Adopted by a High School Principal: A Case Study",10.1080/15700763.2022.2131580,OpenAlex,metadata,24,24,False,24,,,,False,included,1.03489,-0.05743,0.744971,1.0,12,0.772619,24,0.76325,0.009369,0.23675
doi:10.31014/aior.1993.03.02.127,doi:10.31014/aior.1993.03.02.127,BERTopic-METADATA-MULTILINGUAL,metadata,24,0.6826258521538905,0.682626,0.1190951320661893,6,0.04900832612334529,0.070086805942844,0.317374,False,True,2020,en,The Impact of Effective Educational Leadership on School Students' Performance in Malaysia,10.31014/aior.1993.03.02.127,OpenAlex,metadata,24,24,False,24,,,,False,included,1.027071,-0.162112,0.781152,1.0,7,0.885205,24,0.868878,0.016327,0.131122
record:92a235f0b3cc90c6d805ee83,record:92a235f0b3cc90c6d805ee83,BERTopic-METADATA-MULTILINGUAL,metadata,24,0.6771156934301996,0.677116,0.07868348507499666,24,0.06846908886011281,0.010214396214883847,0.322884,False,True,2022,en,The Instructional Leadership And Professional Learning Community On Teacher's Performance,,OpenAlex,metadata,24,24,False,24,,,,False,included,1.034427,0.277686,0.515406,1.0,24,0.882718,7,0.863229,0.01949,0.117282
doi:10.24191/ajue.v17i1.12694,doi:10.24191/ajue.v17i1.12694,BERTopic-METADATA-MULTILINGUAL,metadata,24,0.6826258521538905,0.682626,0.12130569145392184,6,0.05000403630565136,0.07130165514827047,0.317374,False,True,2021,en,"Instructional Leadership Practices in Under-Enrolled Rural Schools in Miri, Sarawak",10.24191/ajue.v17i1.12694,OpenAlex,metadata,24,24,False,24,,,,False,included,1.015693,-0.196615,0.806216,0.9,7,0.866838,24,0.845824,0.021014,0.154176
doi:10.1080/13603124.2021.2009037,doi:10.1080/13603124.2021.2009037,BERTopic-METADATA-MULTILINGUAL,metadata,24,1.0,1.0,1.0,28,1.4594322850611895e-307,1.0,0.0,False,False,2021,en,Islamic school leadership and social justice: an international review of the literature,10.1080/13603124.2021.2009037,OpenAlex,metadata,24,24,False,24,,,,False,included,1.021594,0.51223,0.462226,1.0,24,0.834913,28,0.81136,0.023553,0.165087
doi:10.21070/ups.2934,doi:10.21070/ups.2934,BERTopic-METADATA-MULTILINGUAL,metadata,24,1.0,1.0,1.0,28,1.5005357408621932e-307,1.0,0.0,False,False,2023,en,Job Satisfaction of Integrated Islamic School Principals,10.21070/ups.2934,OpenAlex,metadata,24,24,False,24,,,,False,included,1.051702,0.511129,0.343798,0.9,24,0.793895,28,0.769084,0.024812,0.206105
