document_id,original_topic,macro_topic_id,subtopic_id,parent_topic_id,hierarchy_level,is_outlier,merge_proposal,human_decision
doi:10.46498/reduipb.v25i1.1462,-1,,,,0,True,,pending
doi:10.37811/cl_rcm.v5i5.841,13,13,13.1,13,2,False,,pending
doi:10.37811/cl_rcm.v6i4.2809,5,5,5.1,5,2,False,,pending
doi:10.15517/revedu.v45i1.40537,-1,,,,0,True,,pending
doi:10.26490/uncp.alboradaciencia.2021.1.975,-1,,,,0,True,,pending
doi:10.33386/593dp.2024.1-1.2266,5,5,5.1,5,2,False,,pending
doi:10.37811/cl_rcm.v6i6.4102,5,5,5.1,5,2,False,,pending
doi:10.33996/revistahorizontes.v7i30.655,-1,,,,0,True,,pending
doi:10.52080/rvgluz.27.97.5,-1,,,,0,True,,pending
doi:10.37811/cl_rcm.v8i6.14659,14,14,14.1,14,2,False,,pending
doi:10.37843/rted.v16i2.389,-1,,,,0,True,,pending
doi:10.37811/cl_rcm.v6i3.2300,-1,,,,0,True,,pending
doi:10.37811/cl_rcm.v8i2.10725,8,8,8.2,8,2,False,,pending
doi:10.37811/cl_rcm.v8i3.11546,-1,,,,0,True,,pending
doi:10.37811/cl_rcm.v6i6.3677,-1,,,,0,True,,pending
doi:10.47606/acven/ph0224,13,13,13.1,13,2,False,,pending
doi:10.46498/reduipb.v26i2.1643,-1,,,,0,True,,pending
doi:10.30827/profesorado.v28i1.29599,-1,,,,0,True,,pending
doi:10.59993/simbiosis.v.4i8.58,-1,,,,0,True,,pending
doi:10.56200/mried.v2iespecial.6465,5,5,5.1,5,2,False,,pending
doi:10.46932/sfjdv5n5-016,16,16,16.1,16,2,False,,pending
doi:10.47192/rcs.v3i1.81,7,7,7.1,7,2,False,,pending
doi:10.33996/revistahorizontes.v8i32.726,-1,,,,0,True,,pending
doi:10.18050/eduser.v10n2a2,-1,,,,0,True,,pending
doi:10.37811/cl_rcm.v6i6.3796,-1,,,,0,True,,pending
doi:10.47865/igob.vol6.n22.2023.253,-1,,,,0,True,,pending
doi:10.61287/warisata.v4i11.5,4,4,4.1,4,2,False,,pending
doi:10.37811/cl_rcm.v6i6.4135,14,14,,14,1,False,,pending
doi:10.55560/arete.2023.18.9.7,14,14,,14,1,False,,pending
doi:10.31876/rcs.v28i.38152,-1,,,,0,True,,pending
doi:10.35756/educaumch.202322.274,5,5,,5,1,False,,pending
doi:10.61384/r.c.a..v4i2.229,22,22,22.0,22,2,False,,pending
doi:10.52080/rvgluz.29.e12.40,-1,,,,0,True,,pending
doi:10.33996/revistahorizontes.v7i31.674,4,4,,4,1,False,,pending
doi:10.59427/rcli/2024/v24cs.1167-1172,15,15,15.1,15,2,False,,pending
doi:10.59427/rcli/2023/v23cs.3940-3948,-1,,,,0,True,,pending
doi:10.37811/cl_rcm.v5i6.1431,-1,,,,0,True,,pending
doi:10.26885/rcei.11.1.9,-1,,,,0,True,,pending
doi:10.56124/jbs.v3i2.0007,-1,,,,0,True,,pending
doi:10.47865/igob.vol7.n26.2024.344,-1,,,,0,True,,pending
doi:10.46932/sfjdv3n5-050,21,21,21.0,21,2,False,,pending
doi:10.54942/qantuyachay.v3i1.43,-1,,,,0,True,,pending
doi:10.61598/s.r.c.a.v3i2.47,-1,,,,0,True,,pending
doi:10.37177/unicen/eb31-287,-1,,,,0,True,,pending
doi:10.47865/igob.vol6.n22.2023.264,8,8,,8,1,False,,pending
doi:10.60112/erc.v3i1.25,-1,,,,0,True,,pending
doi:10.47865/igob.vol6.n23.2023.296,6,6,6.1,6,2,False,,pending
doi:10.46932/sfjdv6n10-027,17,17,17.1,17,2,False,,pending
doi:10.37811/cl_rcm.v8i6.14496,14,14,14.0,14,2,False,,pending
doi:10.33996/repe.v1i1.16,-1,,,,0,True,,pending
doi:10.35305/revista.vi43.206,1,1,1.1,1,2,False,,pending
doi:10.22463/25909215.3259,13,13,13.0,13,2,False,,pending
doi:10.35622/inudi.b.005,8,8,8.2,8,2,False,,pending
doi:10.61384/r.c.a..v4i3.659,17,17,,17,1,False,,pending
doi:10.48169/ecuatesis/0101202005,8,8,8.2,8,2,False,,pending
doi:10.47865/igob.vol5.n20.2022.223,6,6,,6,1,False,,pending
doi:10.26490/uncp.alboradaciencia.2022.2.1118,-1,,,,0,True,,pending
doi:10.37811/cl_rcm.v6i6.3958,8,8,,8,1,False,,pending
doi:10.48102/rlee.2020.50.2.61,-1,,,,0,True,,pending
doi:10.30972/riie.13176140,3,3,3.0,3,2,False,,pending
doi:10.32541/recie.v8i2.735,4,4,4.1,4,2,False,,pending
doi:10.56712/latam.v4i6.1549,-1,,,,0,True,,pending
doi:10.37811/cl_rcm.v8i3.11175,18,18,,18,1,False,,pending
doi:10.47865/igob.vol5.n17.2022.183,-1,,,,0,True,,pending
doi:10.26885/rcei.13.2.25,-1,,,,0,True,,pending
doi:10.37811/cl_rcm.v6i4.2862,-1,,,,0,True,,pending
doi:10.53673/th.v1i9.60,-1,,,,0,True,,pending
doi:10.5281/zenodo.6785484,17,17,17.1,17,2,False,,pending
doi:10.59427/rcli/2023/v23cs.2715-2722,13,13,13.1,13,2,False,,pending
doi:10.56712/latam.v4i6.1550,-1,,,,0,True,,pending
doi:10.23857/pc.v5i9.1746,-1,,,,0,True,,pending
doi:10.33010/ie_rie_rediech.v14i0.1807,14,14,14.2,14,2,False,,pending
doi:10.15517/rge.v11i1.62048,-1,,,,0,True,,pending
doi:10.69733/clad.ryd.n83.a274,-1,,,,0,True,,pending
doi:10.51247/st.v3i1.59,-1,,,,0,True,,pending
doi:10.37811/cl_rcm.v7i1.4639,-1,,,,0,True,,pending
record:fab25d58ab6cd63e64c1f6b3,14,14,14.2,14,2,False,,pending
doi:10.15366/riejs2021.10.1.014,-1,,,,0,True,,pending
doi:10.33996/revistahorizontes.v6i23.342,14,14,14.1,14,2,False,,pending
doi:10.34096/iice.n47.9641,15,15,15.0,15,2,False,,pending
doi:10.29394/scientific.issn.2542-2987.2024.9.e4.8.157-176,-1,,,,0,True,,pending
doi:10.21573/vol36n12020.95673,1,1,1.0,1,2,False,,pending
doi:10.31391/s2007-7033(2021)0057-011,15,15,15.1,15,2,False,,pending
doi:10.53673/th.v2i3.113,-1,,,,0,True,,pending
doi:10.37811/cl_rcm.v6i5.3148,-1,,,,0,True,,pending
doi:10.36737/01230425.n39.2020.2342,-1,,,,0,True,,pending
doi:10.15658/rev.electron.educ.pedagog21.11050909,-1,,,,0,True,,pending
doi:10.37811/cl_rcm.v7i2.6016,-1,,,,0,True,,pending
doi:10.35811/rea.v12i1.201,-1,,,,0,True,,pending
doi:10.37811/cl_rcm.v7i3.5935,-1,,,,0,True,,pending
doi:10.37811/cl_rcm.v6i2.2219,14,14,14.2,14,2,False,,pending
doi:10.32719/26312816.2022.6.1.11,-1,,,,0,True,,pending
doi:10.18764/2358-4319.v14n1p15-38,1,1,1.0,1,2,False,,pending
doi:10.48102/rlee.2022.52.3.518,3,3,3.0,3,2,False,,pending
doi:10.46589/rdiasf.vi38.531,-1,,,,0,True,,pending
doi:10.29035/ucmaule.63.56,23,23,23.0,23,2,False,,pending
doi:10.5209/rced.70275,-1,,,,0,True,,pending
doi:10.15366/riee2022.15.2.002,-1,,,,0,True,,pending
doi:10.37843/rted.v8i2.134,-1,,,,0,True,,pending
doi:10.18764/2358-4319.v13n1p163-182,4,4,4.1,4,2,False,,pending
doi:10.33262/concienciadigital.v6i1.3.2501,4,4,4.1,4,2,False,,pending
doi:10.7203/rase.13.1.15765,23,23,23.1,23,2,False,,pending
doi:10.18041/1900-3803/entramado.1.7505,14,14,14.2,14,2,False,,pending
doi:10.48102/rlee.2024.54.3.664,14,14,14.2,14,2,False,,pending
doi:10.37811/cl_rcm.v8i5.13723,16,16,16.1,16,2,False,,pending
doi:10.37843/rted.v16i2.402,-1,,,,0,True,,pending
doi:10.14507/epaa.30.6660,14,14,14.1,14,2,False,,pending
doi:10.21703/rexe.20212042ortiz-mallegas11,15,15,15.0,15,2,False,,pending
doi:10.4067/s0718-50062021000600193,-1,,,,0,True,,pending
doi:10.37811/cl_rcm.v7i2.5739,-1,,,,0,True,,pending
doi:10.18800/cige2020.011,15,15,15.0,15,2,False,,pending
doi:10.32541/recie.2020.v4i1.pp20-33,-1,,,,0,True,,pending
doi:10.14507/epaa.28.4147,-1,,,,0,True,,pending
doi:10.18764/2178-2229.v28n1p250-275,-1,,,,0,True,,pending
doi:10.56712/latam.v6i1.3551,19,19,19.1,19,2,False,,pending
doi:10.30827/profesorado.v25i2.18443,-1,,,,0,True,,pending
doi:10.24054/cie.v2i19.3248,14,14,14.1,14,2,False,,pending
doi:10.37811/cl_rcm.v9i4.19283,0,0,0.3,0,2,False,,pending
doi:10.15366/jospoe2020.11.005,-1,,,,0,True,,pending
doi:10.15443/tde1006,-1,,,,0,True,,pending
doi:10.33996/revistahorizontes.v8i35.867,-1,,,,0,True,,pending
doi:10.5281/zenodo.6410248,-1,,,,0,True,,pending
doi:10.59427/rcli/2023/v23cs.3204-3210,0,0,,0,1,False,,pending
doi:10.61286/e-rms.v2i.38,-1,,,,0,True,,pending
doi:10.26871/killkanasocial.v7i3.1406,5,5,5.1,5,2,False,,pending
doi:10.47865/igob.vol7.n25.2024.327,-1,,,,0,True,,pending
doi:10.46363/yachaq.v5i2.4,23,23,23.1,23,2,False,,pending
doi:10.56219/lneaimaginaria.v1i22.4184,14,14,14.2,14,2,False,,pending
doi:10.1590/scielopreprints.15420,-1,,,,0,True,,pending
doi:10.46932/sfjdv2n2-062,-1,,,,0,True,,pending
doi:10.33881/2027-1786.rip.13105,15,15,15.1,15,2,False,,pending
doi:10.33996/revistahorizontes.v9i38.1038,-1,,,,0,True,,pending
doi:10.46377/dilemas.v10i3.3667,18,18,18.1,18,2,False,,pending
doi:10.5281/zenodo.17905633,-1,,,,0,True,,pending
doi:10.33386/593dp.2021.2-1.490,-1,,,,0,True,,pending
doi:10.37811/cl_rcm.v10i2.23057,14,14,14.2,14,2,False,,pending
doi:10.4067/s0718-50652021000100215,-1,,,,0,True,,pending
doi:10.47212/rtcalinin.1.1.4,-1,,,,0,True,,pending
doi:10.46652/religacionpress.192.c314,-1,,,,0,True,,pending
doi:10.15448/1984-7289.2022.1.41864,-1,,,,0,True,,pending
doi:10.37811/cl_rcm.v9i5.20725,-1,,,,0,True,,pending
doi:10.59654/tdcsh709,21,21,21.0,21,2,False,,pending
doi:10.5281/zenodo.6789683,1,1,1.2,1,2,False,,pending
doi:10.69516/enjfpw30,-1,,,,0,True,,pending
doi:10.5281/zenodo.19206535,-1,,,,0,True,,pending
doi:10.5281/zenodo.17619868,8,8,8.2,8,2,False,,pending
doi:10.18050/revucv-scientia.v15n1a4,4,4,4.1,4,2,False,,pending
doi:10.59427/rcli/2023/v23cs.2963-2967,-1,,,,0,True,,pending
doi:10.25127/rcsh.20236.930,-1,,,,0,True,,pending
doi:10.56865/dgenam.pd.2019.1.1.25,-1,,,,0,True,,pending
doi:10.33996/revistahorizontes.v9i38.1019,-1,,,,0,True,,pending
doi:10.70577/nn0py871,-1,,,,0,True,,pending
doi:10.22235/pe.v15i1.2139,14,14,14.2,14,2,False,,pending
doi:10.5281/zenodo.4412663,14,14,14.1,14,2,False,,pending
doi:10.47865/igob.vol4.2021.118,-1,,,,0,True,,pending
doi:10.29394/scientific.issn.2542-2987.2025.10.e1.3.69-91,15,15,15.1,15,2,False,,pending
doi:10.69821/aicis.v3i3.134,0,0,0.3,0,2,False,,pending
doi:10.33386/593dp.2021.1.411,-1,,,,0,True,,pending
doi:10.47865/igob.vol6.n22.2023.284,-1,,,,0,True,,pending
doi:10.36557/2674-8169.2024v6n3p1225-1242,16,16,16.1,16,2,False,,pending
doi:10.37811/cl_rcm.v9i4.19641,-1,,,,0,True,,pending
doi:10.61303/2735668x.v4i2.99,-1,,,,0,True,,pending
doi:10.65598/rps.5989,-1,,,,0,True,,pending
doi:10.69639/arandu.v11i2.400,-1,,,,0,True,,pending
doi:10.47865/igob.vol6.n22.2023.258,8,8,8.2,8,2,False,,pending
doi:10.35622/inudi.b.087,0,0,,0,1,False,,pending
doi:10.56219/rgp.vi40.918,-1,,,,0,True,,pending
doi:10.56200/mried.v4i11.10188,14,14,14.2,14,2,False,,pending
doi:10.47554/revie.vol13.num1.2026.pp43-69,-1,,,,0,True,,pending
doi:10.15443/tde655,10,10,10.1,10,2,False,,pending
doi:10.60100/bciv.v3i3.120,-1,,,,0,True,,pending
doi:10.22463/25909215.4152,-1,,,,0,True,,pending
doi:10.5354/2452-5014.2022.67730,-1,,,,0,True,,pending
doi:10.14507/epaa.28.4554,14,14,14.1,14,2,False,,pending
doi:10.56712/latam.v6i5.4761,-1,,,,0,True,,pending
doi:10.36737/01230425.n47.2024.3223,4,4,4.1,4,2,False,,pending
doi:10.30545/academo.2024.may-ago.6,-1,,,,0,True,,pending
doi:10.70577/reg.v4i3.226,-1,,,,0,True,,pending
doi:10.62876/cuadernosucab.vi15.6067,21,21,21.1,21,2,False,,pending
doi:10.46589/riasf.v1i43.757,-1,,,,0,True,,pending
doi:10.23913/ride.v12i24.1117,14,14,14.2,14,2,False,,pending
doi:10.46652/religacionpress.293.c511,5,5,5.1,5,2,False,,pending
doi:10.47606/acven/ph0178,-1,,,,0,True,,pending
doi:10.69639/arandu.v12i3.1507,17,17,17.1,17,2,False,,pending
doi:10.61384/r.c.a..v5i1.962,17,17,17.0,17,2,False,,pending
doi:10.15517/revedu.v47i2.53991,-1,,,,0,True,,pending
doi:10.15366/tp2021.37.002,14,14,14.1,14,2,False,,pending
doi:10.70577/k39cds93,17,17,,17,1,False,,pending
doi:10.46652/religacionpress.317.c581,10,10,10.1,10,2,False,,pending
doi:10.70747/cr.v4i3.506,-1,,,,0,True,,pending
doi:10.69516/xq65fj12,-1,,,,0,True,,pending
doi:10.35381/e.k.v4i7.1084,-1,,,,0,True,,pending
doi:10.47865/igob.vol6.n24.2023.307,-1,,,,0,True,,pending
doi:10.37594/dialogus.v1i16.1821,-1,,,,0,True,,pending
doi:10.46932/sfjdv3n6-026,-1,,,,0,True,,pending
doi:10.59427/rcli/2023/v23cs.3717-3724,-1,,,,0,True,,pending
doi:10.47865/igob.vol7.n26.2024.341,-1,,,,0,True,,pending
doi:10.47606/acven/ph0022,14,14,14.1,14,2,False,,pending
doi:10.56712/latam.v5i1.1609,8,8,,8,1,False,,pending
doi:10.47554/cii.vol14.2023.pp114-125,-1,,,,0,True,,pending
doi:10.56712/latam.v5i5.2944,15,15,15.0,15,2,False,,pending
doi:10.26820/recimundo/7.(1).enero.2023.108-117,4,4,4.1,4,2,False,,pending
doi:10.52080/rvgluz.30.especial14.45,-1,,,,0,True,,pending
doi:10.53595/rlo.v4.i9.093,21,21,,21,1,False,,pending
doi:10.18634/doctrabajo/75,-1,,,,0,True,,pending
doi:10.38147/invneg.v17i29.270,8,8,8.2,8,2,False,,pending
doi:10.56219/afc.v18i1.4808,-1,,,,0,True,,pending
doi:10.17227/rce.num91-16727,0,0,0.0,0,2,False,,pending
doi:10.5281/zenodo.8307068,8,8,8.2,8,2,False,,pending
doi:10.33262/exploradordigital.v8i3.3106,16,16,16.1,16,2,False,,pending
doi:10.30827/profesorado.v28i2.22682,22,22,22.0,22,2,False,,pending
doi:10.56712/latam.v4i2.846,14,14,14.1,14,2,False,,pending
doi:10.37811/cl_rcm.v8i1.9621,1,1,,1,1,False,,pending
doi:10.56048/mqr20225.8.3.2024.3133-3153,14,14,14.0,14,2,False,,pending
doi:10.5281/zenodo.7949405,13,13,,13,1,False,,pending
doi:10.37811/cl_rcm.v8i2.10274,4,4,4.1,4,2,False,,pending
doi:10.61368/r.s.d.h.v5i4.421,14,14,14.1,14,2,False,,pending
doi:10.5281/zenodo.19207873,-1,,,,0,True,,pending
doi:10.35756/educaumch.202322.286,3,3,3.1,3,2,False,,pending
doi:10.18800/cige2020,-1,,,,0,True,,pending
doi:10.37811/cl_rcm.v7i6.9350,14,14,14.0,14,2,False,,pending
doi:10.63415/saga.v2i2.67,-1,,,,0,True,,pending
doi:10.15443/tde1002,-1,,,,0,True,,pending
doi:10.58995/redlic.rmic.v3.n3.a179,-1,,,,0,True,,pending
doi:10.69821/constellations.v5i1.160,-1,,,,0,True,,pending
doi:10.23857/pc.v6i1.2182,22,22,,22,1,False,,pending
doi:10.24054/face.v23i1.2450,18,18,18.1,18,2,False,,pending
doi:10.56200/mried.v3i9.8649,8,8,8.2,8,2,False,,pending
doi:10.23913/ride.v15i29.2085,21,21,21.0,21,2,False,,pending
doi:10.48102/rlee.2025.55.2.709,5,5,5.1,5,2,False,,pending
doi:10.53485/rsu.v4i3.186,19,19,19.1,19,2,False,,pending
doi:10.37811/cl_rcm.v9i6.21839,-1,,,,0,True,,pending
doi:10.34096/runa.v47i1.17708,-1,,,,0,True,,pending
doi:10.5377/ru.v1i1.21518,-1,,,,0,True,,pending
doi:10.59659/revistatribunal.v5i13.284,-1,,,,0,True,,pending
doi:10.62452/rs29bw18,-1,,,,0,True,,pending
doi:10.33996/franztamayo.v3i6.312,1,1,1.1,1,2,False,,pending
doi:10.7764/tesisuc/edu/29423,-1,,,,0,True,,pending
doi:10.31876/rcs.v30i2.41898,14,14,14.2,14,2,False,,pending
doi:10.19136/etie.a5n9.5057,-1,,,,0,True,,pending
doi:10.5281/zenodo.17603080,3,3,,3,1,False,,pending
doi:10.15359/rep.17-1.3,-1,,,,0,True,,pending
doi:10.20873/uft.rbec.e10837,1,1,,1,1,False,,pending
doi:10.22533/at.ed.989220509,23,23,23.1,23,2,False,,pending
doi:10.21501/9786287765061.5,14,14,14.1,14,2,False,,pending
doi:10.33064/iycuaa2022853434,3,3,3.0,3,2,False,,pending
doi:10.15381/rpiiedu.v4i1.26747,-1,,,,0,True,,pending
doi:10.70747/cr.v4i1.161,-1,,,,0,True,,pending
doi:10.5380/jpe.v15i0.83257,-1,,,,0,True,,pending
doi:10.17081/eduhum.28.50.8331,23,23,23.0,23,2,False,,pending
doi:10.22533/at.ed.7002410054,-1,,,,0,True,,pending
doi:10.22347/2175-2753v17i56.5048,-1,,,,0,True,,pending
doi:10.47460/uct.v24i106.397,-1,,,,0,True,,pending
doi:10.30554/p.e.35.1.5623.2026,23,23,23.0,23,2,False,,pending
doi:10.58011/6tv7-gd64,1,1,1.1,1,2,False,,pending
doi:10.30972/riie.16228046,-1,,,,0,True,,pending
doi:10.17605/osf.io/9536p,-1,,,,0,True,,pending
doi:10.18764/2178-2229.v28n1p276-302,-1,,,,0,True,,pending
doi:10.7764/tesisuc/edu/64477,-1,,,,0,True,,pending
doi:10.18800/cige2020.010,-1,,,,0,True,,pending
doi:10.20873/uft.rbec.e12973,-1,,,,0,True,,pending
doi:10.58011/18hv-tx32,-1,,,,0,True,,pending
doi:10.70860/ufnt.rbec.e19422,11,11,11.1,11,2,False,,pending
doi:10.56067/saetauniversitaria.v12i1.368,4,4,4.1,4,2,False,,pending
doi:10.26490/uncp.investigacionyeducacion.2021.2.1.1367,-1,,,,0,True,,pending
doi:10.56712/latam.v4i4.1215,-1,,,,0,True,,pending
doi:10.47554/cii.vol15.2024.pp137-141,-1,,,,0,True,,pending
doi:10.35869/reined.v23i1.6115,-1,,,,0,True,,pending
doi:10.35381/r.k.v9i1.3557,-1,,,,0,True,,pending
doi:10.35381/i.p.v5i9.2621,-1,,,,0,True,,pending
doi:10.33996/revistahorizontes.v9i39.1068,-1,,,,0,True,,pending
doi:10.18764/2358-4319.v14n2p558-578,21,21,21.0,21,2,False,,pending
doi:10.48102/riber.v1i1.13,14,14,14.1,14,2,False,,pending
doi:10.29394/scientific.issn.2542-2987.2024.9.e2.10.204-225,-1,,,,0,True,,pending
doi:10.46589/riasf.v1i43.781,14,14,,14,1,False,,pending
doi:10.18764/2178-2229.v28n1p78-94,1,1,,1,1,False,,pending
doi:10.14409/ie.2023.19.e0054,-1,,,,0,True,,pending
doi:10.15366/reice2005.3.1.003,-1,,,,0,True,,pending
doi:10.70577/asce.v4i4.531,-1,,,,0,True,,pending
doi:10.59659/revistatribunal.v6i14.363,-1,,,,0,True,,pending
doi:10.54033/cadpedv22n14-158,-1,,,,0,True,,pending
doi:10.34893/rediir.v10i10.428,14,14,14.2,14,2,False,,pending
doi:10.22169/cadernointer.v14n52.3569,15,15,15.0,15,2,False,,pending
doi:10.37594/dialogus.v1i16.1805,-1,,,,0,True,,pending
doi:10.53387/sa.v3i7.60,-1,,,,0,True,,pending
doi:10.5212/praxeduc.v.21.24571.001,-1,,,,0,True,,pending
doi:10.58594/rtest.v4i1.100,19,19,19.1,19,2,False,,pending
doi:10.64326/educao.v1i2.24,26,26,,26,1,False,,pending
doi:10.1590/2175-6236123295vs01,13,13,13.1,13,2,False,,pending
doi:10.21501/2744838x.4264,4,4,,4,1,False,,pending
doi:10.18764/2178-2229.v28n2-2020-02,-1,,,,0,True,,pending
doi:10.47187/perspectivas.6.2.223,16,16,16.1,16,2,False,,pending
doi:10.60909/bdigital/handle.001.13312,-1,,,,0,True,,pending
doi:10.56712/latam.v4i2.1035,-1,,,,0,True,,pending
doi:10.29059/educiencia.v7i2.224,-1,,,,0,True,,pending
doi:10.7764/tesisuc/edu/87408,-1,,,,0,True,,pending
doi:10.60112/erc.v5.i4.608,-1,,,,0,True,,pending
doi:10.56219/dialgica.v23i1.4947,13,13,13.1,13,2,False,,pending
doi:10.56712/latam.v6i6.4943,-1,,,,0,True,,pending
doi:10.63618/omd/isj/v3/ne1/180,14,14,14.2,14,2,False,,pending
doi:10.32870/gespye.vi7.88,13,13,13.1,13,2,False,,pending
doi:10.22201/cuaieed.20074751e.2022.27.82004,-1,,,,0,True,,pending
doi:10.56219/dialgica.v23i1.4915,-1,,,,0,True,,pending
doi:10.20453/spirat.v3ine1.5525,16,16,16.1,16,2,False,,pending
doi:10.5281/zenodo.17903642,0,0,0.3,0,2,False,,pending
doi:10.5212/praxeduc.v.19.22864.020,14,14,14.2,14,2,False,,pending
doi:10.19137/praxiseducativa-2024-280215,19,19,19.0,19,2,False,,pending
doi:10.37260/merito.i7n21.10,14,14,14.2,14,2,False,,pending
doi:10.33996/revistahorizontes.v9i38.1045,15,15,15.1,15,2,False,,pending
doi:10.5281/zenodo.5590510,0,0,0.0,0,2,False,,pending
doi:10.52501/cc.389.01,15,15,15.1,15,2,False,,pending
doi:10.24215/23468866e177,1,1,1.0,1,2,False,,pending
doi:10.59899/ref-post-2-c13,-1,,,,0,True,,pending
doi:10.37260/repe.v7n15.10,0,0,0.0,0,2,False,,pending
doi:10.48190/cumbres.v11n2a2,13,13,,13,1,False,,pending
doi:10.5281/zenodo.18762677,-1,,,,0,True,,pending
doi:10.22201/cuaieed.16076079e.2024.25.2.11,3,3,,3,1,False,,pending
doi:10.51896/rilcods.v5i46.251,3,3,3.0,3,2,False,,pending
doi:10.33996/revistahorizontes.v9i37.959,1,1,1.1,1,2,False,,pending
doi:10.19136/book.199,-1,,,,0,True,,pending
doi:10.33996/revistahorizontes.v9i39.1094,-1,,,,0,True,,pending
doi:10.63549/rg.v5i3.747,-1,,,,0,True,,pending
doi:10.37811/cl_rcm.v8i6.15127,16,16,16.1,16,2,False,,pending
doi:10.5281/zenodo.17172475,15,15,15.1,15,2,False,,pending
doi:10.35362/rie10017169,-1,,,,0,True,,pending
doi:10.37811/cl_rcm.v7i4.7230,-1,,,,0,True,,pending
doi:10.37811/cl_rcm.v6i4.2931,6,6,6.1,6,2,False,,pending
doi:10.56200/mried.v4i1.11304,4,4,,4,1,False,,pending
doi:10.35575/rvucn.n77a2,3,3,3.0,3,2,False,,pending
doi:10.63415/saga.2026.70,0,0,0.0,0,2,False,,pending
doi:10.55905/cuadv17n7-122,11,11,11.0,11,2,False,,pending
doi:10.47189/pjsg.v1i2.50,14,14,14.0,14,2,False,,pending
doi:10.65705/rhomu.v2i2.49,-1,,,,0,True,,pending
doi:10.22352/saustral20222810,-1,,,,0,True,,pending
doi:10.5027/psicoperspectivas-vol24-issue1-fulltext-3305,15,15,,15,1,False,,pending
doi:10.37811/cl_rcm.v9i6.21382,-1,,,,0,True,,pending
doi:10.59899/ges-cono-77-c19,-1,,,,0,True,,pending
doi:10.51378/eca.v76i766.6478,4,4,4.1,4,2,False,,pending
doi:10.24310/mgnmar.v4i2.15332,10,10,10.1,10,2,False,,pending
doi:10.35537/10915/186415,14,14,14.1,14,2,False,,pending
doi:10.5354/2735-7279.2026.79264,20,20,20.0,20,2,False,,pending
doi:10.70860/ufnt.rbec.e18956,17,17,17.0,17,2,False,,pending
doi:10.37135/chk.002.25.03,-1,,,,0,True,,pending
doi:10.5281/zenodo.17959860,-1,,,,0,True,,pending
doi:10.14679/4469,17,17,17.0,17,2,False,,pending
doi:10.15446/rsap.v25n6.108806,-1,,,,0,True,,pending
doi:10.70165/cglobal.v10i2.614,14,14,,14,1,False,,pending
doi:10.7764/tesisuc/edu/74815,15,15,15.0,15,2,False,,pending
doi:10.59427/rcli/2024/v24cs.945-952,8,8,,8,1,False,,pending
doi:10.31637/epsir-2024-1412,14,14,14.1,14,2,False,,pending
doi:10.35537/10915/186366,-1,,,,0,True,,pending
doi:10.61368/r.s.d.h.v6i4.864,-1,,,,0,True,,pending
doi:10.48204/3072-9653.6875,0,0,0.0,0,2,False,,pending
doi:10.24065/2237-9460.2023v13n1id2040,-1,,,,0,True,,pending
doi:10.33386/593dp.2025.6.3622,-1,,,,0,True,,pending
doi:10.37811/cl_rcm.v9i1.16382,-1,,,,0,True,,pending
doi:10.4471/ijelm.17484,13,13,13.1,13,2,False,,pending
doi:10.46363/warmi.v4i1.4,8,8,,8,1,False,,pending
doi:10.56712/latam.v5i5.2697,-1,,,,0,True,,pending
doi:10.54948/desidades.v0i34.53113,14,14,14.1,14,2,False,,pending
doi:10.5281/zenodo.18225698,-1,,,,0,True,,pending
doi:10.47554/revie.vol12.num2.2025.pp107-128,-1,,,,0,True,,pending
doi:10.17632/vtc55dyc4n,16,16,16.1,16,2,False,,pending
doi:10.37811/cl_rcm.v6i4.2643,13,13,13.1,13,2,False,,pending
doi:10.14393/ufu.di.2020.3928,11,11,,11,1,False,,pending
doi:10.26885/rcei.12.1.138,14,14,,14,1,False,,pending
doi:10.54751/revistafoco.v18n6-177,-1,,,,0,True,,pending
doi:10.59758/rcci.2023.1.e8,3,3,3.0,3,2,False,,pending
doi:10.5281/zenodo.8265524,16,16,16.1,16,2,False,,pending
doi:10.37811/cl_rcm.v9i6.21533,-1,,,,0,True,,pending
doi:10.22463/25909215.5563,0,0,0.0,0,2,False,,pending
doi:10.61616/rvdc.v6i1.629,-1,,,,0,True,,pending
doi:10.4000/14hpr,-1,,,,0,True,,pending
doi:10.33936/psidial.v1iespecial.5186,3,3,3.1,3,2,False,,pending
doi:10.32719/26312816.2024.8.1.7,14,14,14.2,14,2,False,,pending
doi:10.17060/ijodaep.2022.n1.v2.2333,5,5,5.1,5,2,False,,pending
doi:10.5377/arquitectura.v10i20.21404,-1,,,,0,True,,pending
doi:10.37594/dialogus.v1i8.524,-1,,,,0,True,,pending
doi:10.56342/recip.vol13.n25.2023.5,-1,,,,0,True,,pending
doi:10.59760/5927961,-1,,,,0,True,,pending
doi:10.61286/e-rms.v4i.353,21,21,21.1,21,2,False,,pending
doi:10.33539/educacion.2024.v30n1.3154,-1,,,,0,True,,pending
doi:10.47865/igob.vol7.n25.2024.326,-1,,,,0,True,,pending
doi:10.61368/r.s.d.h.v6i1.588,5,5,5.1,5,2,False,,pending
doi:10.65050/rfn.v6n1a9,6,6,,6,1,False,,pending
doi:10.5281/zenodo.17656428,17,17,,17,1,False,,pending
doi:10.70577/80ap4f88,14,14,14.0,14,2,False,,pending
doi:10.61454/zstny873,-1,,,,0,True,,pending
doi:10.5281/zenodo.18164846,-1,,,,0,True,,pending
doi:10.5016/ridh.v9i2.105,4,4,4.1,4,2,False,,pending
doi:10.61384/r.c.a..v4i3.618,-1,,,,0,True,,pending
doi:10.30972/riie.16228016,3,3,3.1,3,2,False,,pending
doi:10.55813/gaea/ccri/v4/n2/255,-1,,,,0,True,,pending
doi:10.59899/ges-cono-63-c11,-1,,,,0,True,,pending
doi:10.56712/latam.v7i1.5478,-1,,,,0,True,,pending
doi:10.5281/zenodo.5865561,0,0,0.0,0,2,False,,pending
doi:10.1344/der.2026.48.94-111,0,0,0.3,0,2,False,,pending
doi:10.5281/zenodo.4020730,-1,,,,0,True,,pending
doi:10.47554/cii.vol15.2024.pp129-135,-1,,,,0,True,,pending
doi:10.37811/cl_rcm.v9i5.19945,0,0,0.3,0,2,False,,pending
doi:10.31977/grirfi.v25i3.5371,-1,,,,0,True,,pending
doi:10.63415/saga.v3i1.334,0,0,0.3,0,2,False,,pending
doi:10.47865/igob.vol8.n30.2025.407,8,8,,8,1,False,,pending
doi:10.61616/rvdc.v6i2.841,-1,,,,0,True,,pending
doi:10.5281/zenodo.7416004,-1,,,,0,True,,pending
doi:10.60100/rcmg.v4i2.175,-1,,,,0,True,,pending
doi:10.1590/s1678-4634202450263419es,14,14,14.1,14,2,False,,pending
doi:10.26820/recimundo/8.(2).abril.2024.406-421,-1,,,,0,True,,pending
doi:10.59814/resofro.2025.5(4)821,-1,,,,0,True,,pending
doi:10.56712/latam.v5i5.2759,17,17,17.1,17,2,False,,pending
doi:10.56219/dialctica.v1i25.3894,14,14,14.1,14,2,False,,pending
doi:10.46932/sfjdv6n7-055,0,0,0.3,0,2,False,,pending
doi:10.63074/26973308.v8i1.75,0,0,0.0,0,2,False,,pending
doi:10.61616/rvdc.v6i3.1116,-1,,,,0,True,,pending
doi:10.70577/reg.v4i3.292,-1,,,,0,True,,pending
doi:10.70625/bbe7r776,-1,,,,0,True,,pending
doi:10.61728/ae24001212,16,16,16.1,16,2,False,,pending
doi:10.34140/bjbv6n3-027,-1,,,,0,True,,pending
doi:10.61384/r.c.a..v5i1.894,14,14,14.2,14,2,False,,pending
doi:10.20873/uft.rbec.e15376,1,1,,1,1,False,,pending
doi:10.22201/fm.20075057e.2026.57.25718,-1,,,,0,True,,pending
doi:10.52501/cc.331.04,-1,,,,0,True,,pending
doi:10.47865/igob.vol8.n32.2025.440,8,8,,8,1,False,,pending
doi:10.30827/eticanet.v25i2.33767,14,14,14.2,14,2,False,,pending
doi:10.22579/23463910.1223,-1,,,,0,True,,pending
doi:10.23857/pc.v11i1.10997,8,8,8.1,8,2,False,,pending
doi:10.36367/ntqr.17.2023.e836,3,3,3.1,3,2,False,,pending
doi:10.14679/3793,15,15,15.0,15,2,False,,pending
doi:10.5281/zenodo.8169904,-1,,,,0,True,,pending
doi:10.22169/revint.v18.e023tl4015,15,15,15.0,15,2,False,,pending
doi:10.19044/esj.2021.v17n15p20,0,0,,0,1,False,,pending
doi:10.47069/estudios-ambientales.v9i2.1291,18,18,18.1,18,2,False,,pending
doi:10.5867/medwave.2023.s1.uta152,-1,,,,0,True,,pending
doi:10.18764/2178-2229v28n4.202157,-1,,,,0,True,,pending
doi:10.14393/revedfil.v37n79a2023-65512,11,11,,11,1,False,,pending
doi:10.35537/10915/164447,10,10,10.1,10,2,False,,pending
doi:10.18764/2178-2229v28n3.202141,-1,,,,0,True,,pending
doi:10.70860/ufnt.rbec.e15404,-1,,,,0,True,,pending
doi:10.18764/2178-2229.v28n1p95-115,1,1,1.0,1,2,False,,pending
doi:10.20873/uft.rbec.e10666,11,11,11.1,11,2,False,,pending
doi:10.18764/2178-2229.v28n1p59-77,1,1,1.2,1,2,False,,pending
doi:10.70860/ufnt.rbec.e19371,-1,,,,0,True,,pending
doi:10.18764/2178-2229v28n3.202153,1,1,1.2,1,2,False,,pending
doi:10.20873/uft.rbec.e14340,-1,,,,0,True,,pending
doi:10.62452/hvkwpz13,-1,,,,0,True,,pending
doi:10.18764/2178-2229.v27n4p315-336,1,1,1.0,1,2,False,,pending
doi:10.21703/rexe.20201941miras16,-1,,,,0,True,,pending
doi:10.12795/revistafuentes.2022.19797,13,13,13.1,13,2,False,,pending
doi:10.22201/iisue.24486167e.2020.168.59153,-1,,,,0,True,,pending
doi:10.22201/iisue.24486167e.2021.174.59414,-1,,,,0,True,,pending
doi:10.6018/educatio.490601,-1,,,,0,True,,pending
doi:10.4067/s0718-07052023000100031,10,10,10.1,10,2,False,,pending
doi:10.46583/edetania_2022.62.1088,-1,,,,0,True,,pending
doi:10.26620/uniminuto/978-958-763-601-7,-1,,,,0,True,,pending
doi:10.22529/dp.2021.19(38)11,-1,,,,0,True,,pending
doi:10.37177/unicen/eb33-372,-1,,,,0,True,,pending
doi:10.17583/ijelm.2021.6366,4,4,4.1,4,2,False,,pending
doi:10.6018/educatio.410081,1,1,1.1,1,2,False,,pending
doi:10.15581/004.44.005,13,13,13.0,13,2,False,,pending
doi:10.13042/bordon.2020.01.63135,5,5,5.1,5,2,False,,pending
doi:10.47553/rifop.v98i37.3.93879,22,22,22.1,22,2,False,,pending
doi:10.30827/profesorado.v27i1.24096,22,22,22.1,22,2,False,,pending
doi:10.34632/investigacaoeducacional.2020.8508,-1,,,,0,True,,pending
doi:10.4067/s0718-73782023000200037,4,4,,4,1,False,,pending
doi:10.4151/07189729-vol.63-iss.1-art.1511,-1,,,,0,True,,pending
doi:10.23824/ase.v0i33.682,-1,,,,0,True,,pending
doi:10.4151/07189729-vol.60-iss.3-art.1158,-1,,,,0,True,,pending
doi:10.15517/rge.v10i1.56268,-1,,,,0,True,,pending
doi:10.22550/rep80-1-2022-07,-1,,,,0,True,,pending
doi:10.5565/rev/educar.1055,-1,,,,0,True,,pending
doi:10.15359/ree.25-3.28,-1,,,,0,True,,pending
doi:10.25267/hachetetepe.2023.i26.1106,3,3,3.1,3,2,False,,pending
doi:10.53595/rlo.v5.i12.120,-1,,,,0,True,,pending
doi:10.22458/ie.v24i36.3895,-1,,,,0,True,,pending
doi:10.33255/26184141/1568e0018,-1,,,,0,True,,pending
doi:10.35290/rcui.v11n2.2024.1095,-1,,,,0,True,,pending
doi:10.17583/ijelm.9597,2,2,2.1,2,2,False,,pending
doi:10.15366/reps2022.7.2.009,-1,,,,0,True,,pending
doi:10.18235/0003684,-1,,,,0,True,,pending
doi:10.5944/reec.41.2022.32391,-1,,,,0,True,,pending
doi:10.1590/s1413-24782024290050,22,22,22.1,22,2,False,,pending
doi:10.17151/hpsal.2022.27.1.3,-1,,,,0,True,,pending
doi:10.23857/dc.v6i2.1191,13,13,13.1,13,2,False,,pending
doi:10.17268/sciendo.2022.012,5,5,5.1,5,2,False,,pending
doi:10.15517/rge.v9i1.53602,19,19,19.1,19,2,False,,pending
doi:10.2307/jj.22246954.24,-1,,,,0,True,,pending
doi:10.70577/w7vyrd21,-1,,,,0,True,,pending
doi:10.5281/zenodo.18520779,-1,,,,0,True,,pending
doi:10.56712/latam.v4i1.227,11,11,11.1,11,2,False,,pending
doi:10.5944/hme.14.2021.28184,-1,,,,0,True,,pending
doi:10.37811/cl_rcm.v9i6.21803,-1,,,,0,True,,pending
doi:10.52149/sp21/64.8,-1,,,,0,True,,pending
doi:10.2307/jj.22246954.23,-1,,,,0,True,,pending
doi:10.48035/tesis/2454/45810,22,22,22.1,22,2,False,,pending
doi:10.2307/j.ctv36k5dxk.196,-1,,,,0,True,,pending
doi:10.12795/revistafuentes.2026.28418,4,4,,4,1,False,,pending
doi:10.2307/j.ctv2gz3v49.37,-1,,,,0,True,,pending
doi:10.18848/2575-5544/cgp/v06i01/73-86,10,10,10.1,10,2,False,,pending
doi:10.52149/sp21/79.4,-1,,,,0,True,,pending
doi:10.15366/reice2025.23.3.002,13,13,13.1,13,2,False,,pending
doi:10.35766/jf20223,13,13,13.1,13,2,False,,pending
doi:10.1344/tempseducacio2022.63.18,-1,,,,0,True,,pending
doi:10.48178/intersecao.v5i1.521,4,4,4.1,4,2,False,,pending
doi:10.5281/zenodo.4890965,-1,,,,0,True,,pending
doi:10.70165/enfdis.v10i1.306,13,13,13.1,13,2,False,,pending
doi:10.2307/j.ctv36k5bbt,-1,,,,0,True,,pending
doi:10.18861/cied.2025.16.2.4137,10,10,10.1,10,2,False,,pending
doi:10.53877/vyvzns79,-1,,,,0,True,,pending
doi:10.24310/ijne.10.2022.15117,-1,,,,0,True,,pending
doi:10.5281/zenodo.5592966,-1,,,,0,True,,pending
doi:10.61616/rvdc.v6i3.950,-1,,,,0,True,,pending
doi:10.22550/2174-0909.4440,-1,,,,0,True,,pending
doi:10.4067/s0718-07052025000200255,-1,,,,0,True,,pending
doi:10.22201/iisue.24486167e.2025.47.61920,-1,,,,0,True,,pending
doi:10.56219/dialctica.v2i25.3975,-1,,,,0,True,,pending
doi:10.30827/profesorado.v29i2.32291,-1,,,,0,True,,pending
doi:10.4471/ijelm.16158,13,13,13.1,13,2,False,,pending
doi:10.29393/pa76-8olld10008,-1,,,,0,True,,pending
doi:10.7179/psri_2026.48.11,18,18,18.0,18,2,False,,pending
doi:10.5565/rev/educar.2399,4,4,,4,1,False,,pending
doi:10.6035/14113.2021.95858,4,4,4.1,4,2,False,,pending
doi:10.53358/ecosacademia.v8i15.677,6,6,6.1,6,2,False,,pending
doi:10.23824/ase.v0i37.750,-1,,,,0,True,,pending
doi:10.63415/saga.2025.43,13,13,13.1,13,2,False,,pending
doi:10.26885/rcei.13.2.13,13,13,13.1,13,2,False,,pending
doi:10.56712/latam.v4i5.1311,11,11,11.1,11,2,False,,pending
doi:10.17271/rlass.v4i15.4520,18,18,18.1,18,2,False,,pending
doi:10.63449/tembiakaaryrekvo.v4i1.45,-1,,,,0,True,,pending
doi:10.33255/26184141/2437e0066,14,14,,14,1,False,,pending
doi:10.52080/rvgluz.26.e5.5,-1,,,,0,True,,pending
doi:10.51528/rp.vol8.id2191,13,13,13.1,13,2,False,,pending
doi:10.48169/ecuatesis/0102202008,-1,,,,0,True,,pending
doi:10.48082/espacios-a20v41n44p01,-1,,,,0,True,,pending
doi:10.33386/593dp.2022.1-1.1008,13,13,13.1,13,2,False,,pending
doi:10.5281/zenodo.5874223,-1,,,,0,True,,pending
doi:10.33262/ap.v5i3.374,14,14,14.0,14,2,False,,pending
doi:10.33386/593dp.2021.1.457,-1,,,,0,True,,pending
doi:10.33262/concienciadigital.v6i4.2701,15,15,15.0,15,2,False,,pending
doi:10.36996/delectus.v6i2.208,5,5,5.1,5,2,False,,pending
doi:10.19053/01201190.n31.2021.12702,21,21,,21,1,False,,pending
doi:10.37811/cl_rcm.v5i4.755,-1,,,,0,True,,pending
doi:10.15649/2346030x.3815,-1,,,,0,True,,pending
doi:10.17163/uni.n35.2021.02,23,23,23.1,23,2,False,,pending
doi:10.29166/catedra.v5i2.3543,-1,,,,0,True,,pending
doi:10.56712/latam.v4i4.1268,5,5,5.1,5,2,False,,pending
doi:10.33996/revistahorizontes.v6i25.418,-1,,,,0,True,,pending
doi:10.48169/ecuatesis/0102202012,-1,,,,0,True,,pending
doi:10.15517/rge.v8i1.51764,5,5,5.1,5,2,False,,pending
doi:10.33386/593dp.2021.2-1.532,17,17,17.1,17,2,False,,pending
doi:10.29057/esat.v7i13.5296,5,5,5.1,5,2,False,,pending
doi:10.55867/libroqual23.01,-1,,,,0,True,,pending
doi:10.56200/mried.v2i2especial.6988,13,13,13.1,13,2,False,,pending
doi:10.37811/cl_rcm.v6i3.2246,8,8,,8,1,False,,pending
doi:10.15332/dt.inv.2020.01232,19,19,,19,1,False,,pending
doi:10.37811/cl_rcm.v4i2.112,-1,,,,0,True,,pending
doi:10.46932/sfjdv5n3-022,16,16,16.1,16,2,False,,pending
doi:10.35381/r.k.v8i17.3147,13,13,13.1,13,2,False,,pending
doi:10.33996/warisata.v2i6.231,-1,,,,0,True,,pending
doi:10.24320/redie.2024.26.e01.5528,14,14,14.1,14,2,False,,pending
doi:10.51798/sijis.v3i2.335,17,17,17.1,17,2,False,,pending
doi:10.59282/reincisol.v4(7)2014-2036,5,5,5.1,5,2,False,,pending
doi:10.47865/igob.vol4.2021.147,-1,,,,0,True,,pending
doi:10.46498/reduipb.v26i2.1714,0,0,0.0,0,2,False,,pending
doi:10.52936/p.v3i1.49,-1,,,,0,True,,pending
doi:10.37811/cl_rcm.v7i2.5878,-1,,,,0,True,,pending
doi:10.46794/gacien.6.1.718,8,8,8.2,8,2,False,,pending
doi:10.51431/bbf.v9i4.652,-1,,,,0,True,,pending
doi:10.19136/pd.a30n71.3341,14,14,,14,1,False,,pending
doi:10.47865/igob.vol6.n23.2023.295,-1,,,,0,True,,pending
doi:10.47666/summa.3.1.19,-1,,,,0,True,,pending
doi:10.47865/igob.vol6.n22.2023.271,8,8,,8,1,False,,pending
doi:10.33386/593dp.2022.1-1.1034,-1,,,,0,True,,pending
doi:10.37843/rted.v18i1.586,-1,,,,0,True,,pending
doi:10.32654/concienciaepg.5-1.2,13,13,13.1,13,2,False,,pending
doi:10.46794/gacien.8.3.1708,-1,,,,0,True,,pending
doi:10.47865/igob.vol5.n17.2022.177,8,8,,8,1,False,,pending
doi:10.35381/r.k.v6i4.1507,0,0,,0,1,False,,pending
doi:10.59659/revistatribunal.v5i12.241,4,4,4.1,4,2,False,,pending
doi:10.46377/dilemas.v9i.2906,-1,,,,0,True,,pending
doi:10.69890/hallazgos21.v8i2.618,-1,,,,0,True,,pending
doi:10.15443/tde1003,5,5,5.1,5,2,False,,pending
doi:10.70577/reg.v4i2.112,-1,,,,0,True,,pending
doi:10.35381/cm.v8i3.793,-1,,,,0,True,,pending
doi:10.55560/arete.2022.15.8.2,-1,,,,0,True,,pending
doi:10.61384/r.c.a..v4i3.463,17,17,17.1,17,2,False,,pending
doi:10.37811/cl_rcm.v8i5.13719,5,5,5.1,5,2,False,,pending
doi:10.31876/rcs.v30i3.42697,16,16,16.1,16,2,False,,pending
doi:10.19053/20278306.v12.n2.2022.15261,-1,,,,0,True,,pending
doi:10.47865/igob.vol4.2021.145,-1,,,,0,True,,pending
doi:10.14393/er-v27nea2020-1,-1,,,,0,True,,pending
doi:10.33386/593dp.2022.1-1.1010,-1,,,,0,True,,pending
doi:10.56200/mried.v2iespecial.6470,8,8,,8,1,False,,pending
doi:10.18537/ripa.15.02,-1,,,,0,True,,pending
doi:10.23857/dc.v7i1.1766,14,14,14.0,14,2,False,,pending
doi:10.36901/em.v9i1.1566,-1,,,,0,True,,pending
doi:10.21830/9789585241459,-1,,,,0,True,,pending
doi:10.31637/epsir-2026-1649,0,0,,0,1,False,,pending
doi:10.70577/reg.v4i2.104,-1,,,,0,True,,pending
doi:10.37811/cl_rcm.v7i1.4568,14,14,14.0,14,2,False,,pending
doi:10.15381/rpiiedu.v3i1.23676,5,5,5.1,5,2,False,,pending
doi:10.37811/cl_rcm.v8i4.13581,5,5,5.1,5,2,False,,pending
doi:10.56712/latam.v6i2.3800,5,5,5.1,5,2,False,,pending
doi:10.47606/acven/ph0132,18,18,18.1,18,2,False,,pending
doi:10.63526/pt.v3i10.84,-1,,,,0,True,,pending
doi:10.55867/qual27.09,-1,,,,0,True,,pending
doi:10.61285/r.e.l.-uisil.v7i02.112,13,13,13.1,13,2,False,,pending
doi:10.30972/riie.16228044,-1,,,,0,True,,pending
doi:10.1590/s0104-403620210002902889,0,0,0.0,0,2,False,,pending
doi:10.33386/593dp.2023.4.1919,17,17,17.1,17,2,False,,pending
doi:10.48169/ecuatesis/0105202028,-1,,,,0,True,,pending
doi:10.37177/unicen/eb31-292,-1,,,,0,True,,pending
doi:10.33386/593dp.2022.1-1.997,20,20,20.0,20,2,False,,pending
doi:10.47865/igob.vol6.n24.2023.305,8,8,,8,1,False,,pending
doi:10.5212/praxeduc.v.19.22824.024,23,23,23.1,23,2,False,,pending
doi:10.35622/j.rg.2022.02.001,-1,,,,0,True,,pending
doi:10.4067/s0718-07052024000200319,-1,,,,0,True,,pending
doi:10.35622/j.rep.2023.04.002,13,13,13.1,13,2,False,,pending
doi:10.18050/ucv-scientia.v11i1.2403,8,8,8.2,8,2,False,,pending
doi:10.15359/ree.27-3.17435,4,4,4.1,4,2,False,,pending
doi:10.46498/reduipb.v24i2.1330,-1,,,,0,True,,pending
doi:10.35381/r.k.v8i17.3144,8,8,,8,1,False,,pending
doi:10.18800/cige2020.003,3,3,3.1,3,2,False,,pending
doi:10.11144/javeriana.10554.51923,-1,,,,0,True,,pending
doi:10.15446/innovar.v30n77.87453,-1,,,,0,True,,pending
doi:10.48162/rev.36.074,4,4,4.1,4,2,False,,pending
doi:10.18800/cige2020.005,14,14,,14,1,False,,pending
doi:10.70141/mamakuna.24.1046,-1,,,,0,True,,pending
doi:10.22325/fes/res.2022.122,23,23,23.0,23,2,False,,pending
doi:10.37811/cl_rcm.v5i2.329,-1,,,,0,True,,pending
doi:10.15359/rep.18-1.14,4,4,4.1,4,2,False,,pending
doi:10.15517/rge.v10i1.57522,-1,,,,0,True,,pending
doi:10.15381/rpiiedu.v1i1.20670,-1,,,,0,True,,pending
doi:10.24320/redie.2023.25.e08.4215,-1,,,,0,True,,pending
doi:10.15359/rep.17-2.11,5,5,5.1,5,2,False,,pending
doi:10.62574/rmpi.v4i1.95,-1,,,,0,True,,pending
doi:10.37073/puriq.4.325,14,14,14.2,14,2,False,,pending
doi:10.37811/cl_rcm.v8i3.12361,8,8,,8,1,False,,pending
doi:10.23850/25907441.4392,-1,,,,0,True,,pending
doi:10.26620/uniminuto.perspectivas.7.22.2022.146-156,-1,,,,0,True,,pending
doi:10.22352/saustral20222806,-1,,,,0,True,,pending
doi:10.24265/iggp.2021.v8n1.04,-1,,,,0,True,,pending
doi:10.37956/jbes.v0i0.206,-1,,,,0,True,,pending
doi:10.61368/r.s.d.h.v5i3.292,17,17,17.1,17,2,False,,pending
doi:10.11144/javeriana.m16.icge,3,3,3.0,3,2,False,,pending
doi:10.26490/uncp.horizonteciencia.2021.20.784,-1,,,,0,True,,pending
doi:10.14201/aula2021276179,-1,,,,0,True,,pending
doi:10.33996/revistahorizontes.v8i34.836,13,13,13.1,13,2,False,,pending
doi:10.11144/javeriana.10554.219,14,14,14.1,14,2,False,,pending
doi:10.1590/es.275574,1,1,1.1,1,2,False,,pending
doi:10.33996/revistahorizontes.v6i25.443,6,6,6.0,6,2,False,,pending
doi:10.37073/puriq.5.440,-1,,,,0,True,,pending
doi:10.37292/riccva.v4i3.162,8,8,,8,1,False,,pending
doi:10.56712/latam.v4i1.421,2,2,2.1,2,2,False,,pending
doi:10.58594/oojm2305,-1,,,,0,True,,pending
doi:10.35622/j.rie.2024.03.006,-1,,,,0,True,,pending
doi:10.19053/uptc.9789586608350,5,5,5.1,5,2,False,,pending
doi:10.59659/revistatribunal.v4i8.56,8,8,,8,1,False,,pending
doi:10.15648/cedotic.1.2021.2853,4,4,4.1,4,2,False,,pending
doi:10.26490/uncp.horizonteciencia.2022.22.1080,-1,,,,0,True,,pending
doi:10.37811/cl_rcm.v8i3.12103,14,14,14.0,14,2,False,,pending
doi:10.59427/rcli/2023/v23cs.2958-2962,-1,,,,0,True,,pending
doi:10.64893/r469sh77,13,13,13.1,13,2,False,,pending
doi:10.47796/ce.v11i01.765,5,5,5.1,5,2,False,,pending
doi:10.21855/ecociencia.95.703,8,8,8.2,8,2,False,,pending
doi:10.70262/riesafd.v1i2.2024.32,-1,,,,0,True,,pending
doi:10.21501/9786287765061,-1,,,,0,True,,pending
doi:10.35381/cm.v8i3.956,3,3,3.1,3,2,False,,pending
doi:10.36006/16307-4,-1,,,,0,True,,pending
doi:10.53595/rlo.v5.i12.116,20,20,20.0,20,2,False,,pending
doi:10.51528/rp.vol9.id2314,-1,,,,0,True,,pending
doi:10.53387/sa.v3i7.59,13,13,13.1,13,2,False,,pending
doi:10.53673/th.v4i4.340,13,13,13.1,13,2,False,,pending
doi:10.63803/prisma.v1n1.02,5,5,5.1,5,2,False,,pending
doi:10.36097/rsan.v1i39.1135,5,5,5.1,5,2,False,,pending
doi:10.31906/redpensar.v10i2.224,3,3,3.1,3,2,False,,pending
doi:10.33996/revistahorizontes.v6i25.450,5,5,5.1,5,2,False,,pending
doi:10.56124/sapientiae.v9i19.021,-1,,,,0,True,,pending
doi:10.18779/csye.v9i2.1110,17,17,17.1,17,2,False,,pending
doi:10.56048/mqr20225.8.4.2024.1758-1785,-1,,,,0,True,,pending
doi:10.56048/mqr20225.9.2.2025.e747,4,4,4.1,4,2,False,,pending
doi:10.37843/rted.v16i2.390,14,14,14.2,14,2,False,,pending
doi:10.15517/rge.v11i1.60745,18,18,18.0,18,2,False,,pending
doi:10.29057/escs.v11i21.10888,-1,,,,0,True,,pending
doi:10.33996/merito.v1i1.4,-1,,,,0,True,,pending
doi:10.15381/rpiiedu.v1i3.21473,-1,,,,0,True,,pending
doi:10.54943/lree.v4i2.481,8,8,8.2,8,2,False,,pending
doi:10.29394/scientific.issn.2542-2987.2025.10.e3.7.138-152,14,14,14.0,14,2,False,,pending
doi:10.22458/ie.v25i39.4662,4,4,4.1,4,2,False,,pending
doi:10.33996/revistahorizontes.v9i39.1085,17,17,17.1,17,2,False,,pending
doi:10.37811/cl_rcm.v4i2.114,-1,,,,0,True,,pending
doi:10.14507/epaa.29.6261,23,23,23.0,23,2,False,,pending
doi:10.70681/cz734769,-1,,,,0,True,,pending
doi:10.5281/zenodo.18186632,6,6,,6,1,False,,pending
doi:10.70577/xgf61t36rcd,13,13,13.1,13,2,False,,pending
doi:10.46363/searching.v5i2.3,-1,,,,0,True,,pending
doi:10.33262/ap.v7i3.1.641,-1,,,,0,True,,pending
doi:10.56712/latam.v6i3.4063,-1,,,,0,True,,pending
doi:10.33386/593dp.2021.4.576,3,3,,3,1,False,,pending
doi:10.59427/rcli/2023/v23cs.3687-3692,5,5,5.1,5,2,False,,pending
doi:10.37811/cl_rcm.v4i2.164,-1,,,,0,True,,pending
doi:10.46785/lasjournal.v5i2.86,13,13,13.1,13,2,False,,pending
doi:10.37260/repe.v7n14.5,13,13,13.1,13,2,False,,pending
doi:10.46377/dilemas.v11i1.3697,5,5,5.1,5,2,False,,pending
doi:10.37843/rted.v16i2.424,-1,,,,0,True,,pending
doi:10.56712/latam.v6i1.3436,3,3,3.1,3,2,False,,pending
doi:10.18050/eduser.v9n2a2,-1,,,,0,True,,pending
doi:10.15517/rge.v9i2.55445,4,4,4.1,4,2,False,,pending
doi:10.61616/rvdc.v7i1.1202,14,14,14.2,14,2,False,,pending
doi:10.56219/dialctica.v2i20.2142,-1,,,,0,True,,pending
doi:10.47865/igob.vol4.2021.155,6,6,6.1,6,2,False,,pending
doi:10.47865/igob.vol3.2020.94,8,8,8.2,8,2,False,,pending
doi:10.69890/hallazgos21.v5i3.480,3,3,,3,1,False,,pending
doi:10.37843/rted.v17i1.460,-1,,,,0,True,,pending
doi:10.56048/mqr20225.9.3.2025.e1005,-1,,,,0,True,,pending
doi:10.51896/rilcods.v8i76.1144,17,17,17.1,17,2,False,,pending
doi:10.51915/ret.374,-1,,,,0,True,,pending
doi:10.6018/educatio.524941,20,20,20.0,20,2,False,,pending
doi:10.35381/cm.v11i1.1533,-1,,,,0,True,,pending
doi:10.61616/rvdc.v6i3.1176,8,8,8.2,8,2,False,,pending
doi:10.14679/4644,-1,,,,0,True,,pending
doi:10.70577/reg.v4i3.262,-1,,,,0,True,,pending
doi:10.23857/dc.v11i3.4510,0,0,0.0,0,2,False,,pending
doi:10.56712/latam.v5i3.2109,-1,,,,0,True,,pending
doi:10.61325/ser.v2i10.88,-1,,,,0,True,,pending
doi:10.47865/igob.vol3.2020.90,8,8,8.2,8,2,False,,pending
doi:10.23857/pc.v10i12.10803,-1,,,,0,True,,pending
doi:10.70577/reg.v4i3.267,18,18,18.1,18,2,False,,pending
doi:10.29394/scientific.issn.2542-2987.2025.10.e6.1.23-44,15,15,15.0,15,2,False,,pending
doi:10.56926/unaaaciencia.v4i2.134,-1,,,,0,True,,pending
doi:10.29394/scientific.issn.2542-2987.2025.10.e2.8.162-181,-1,,,,0,True,,pending
doi:10.65050/rfn.v6n1a3,-1,,,,0,True,,pending
doi:10.69639/arandu.v12i3.1450,8,8,,8,1,False,,pending
doi:10.51896/rilco.v8i29.1157,5,5,5.1,5,2,False,,pending
doi:10.1344/reire.47045,5,5,5.1,5,2,False,,pending
doi:10.15381/dds.n9.20324,4,4,,4,1,False,,pending
doi:10.58515/019rspt,-1,,,,0,True,,pending
doi:10.37594/dialogus.v1i7.525,-1,,,,0,True,,pending
doi:10.37811/cl_rcm.v7i5.8184,-1,,,,0,True,,pending
doi:10.29394/scientific.issn.2542-2987.2025.10.e4.3.57-78,-1,,,,0,True,,pending
doi:10.5377/esteli.v13i1.17706,-1,,,,0,True,,pending
doi:10.48204/j.holon.n5.a4956,-1,,,,0,True,,pending
doi:10.37811/cl_rcm.v9i4.20241,-1,,,,0,True,,pending
doi:10.47422/ac.v3i3.94,-1,,,,0,True,,pending
doi:10.37811/cl_rcm.v10i1.22704,-1,,,,0,True,,pending
doi:10.47865/igob.vol7.n28.2024.385,-1,,,,0,True,,pending
doi:10.69639/arandu.v13i1.2015,-1,,,,0,True,,pending
doi:10.29394/scientific.issn.2542-2987.2025.10.e2.5.107-128,20,20,20.0,20,2,False,,pending
doi:10.3390/su13169141,-1,,,,0,True,,pending
doi:10.14421/jpi.2019.82.239-258,24,24,24.1,24,2,False,,pending
doi:10.18844/cjes.v16i2.5638,10,10,10.1,10,2,False,,pending
doi:10.33650/al-tanzim.v6i4.3461,-1,,,,0,True,,pending
doi:10.17762/kuey.v27i1.4,3,3,3.0,3,2,False,,pending
doi:10.11591/ijere.v10i1.20953,5,5,5.1,5,2,False,,pending
doi:10.1080/19345747.2020.1849481,-1,,,,0,True,,pending
doi:10.33650/al-tanzim.v6i3.3383,24,24,24.0,24,2,False,,pending
doi:10.1007/s10758-022-09631-9,0,0,0.3,0,2,False,,pending
doi:10.1016/j.ijedudev.2020.102196,1,1,1.1,1,2,False,,pending
doi:10.5897/err2020.4076,-1,,,,0,True,,pending
doi:10.3390/educsci11090511,4,4,4.1,4,2,False,,pending
doi:10.18488/journal.73.2020.83.298.309,-1,,,,0,True,,pending
doi:10.7769/gesec.v14i7.2426,0,0,,0,1,False,,pending
doi:10.1016/j.econedurev.2023.102464,5,5,5.1,5,2,False,,pending
doi:10.3390/su14137730,0,0,0.0,0,2,False,,pending
doi:10.3991/ijet.v15i12.13571,0,0,,0,1,False,,pending
doi:10.15548/jt.v28i2.666,24,24,24.1,24,2,False,,pending
doi:10.5539/ies.v14n1p115,21,21,21.1,21,2,False,,pending
doi:10.46303/ressat.2021.35,3,3,3.2,3,2,False,,pending
doi:10.24252/lp.2020v23n1i3,-1,,,,0,True,,pending
doi:10.4324/9781003321439-5,-1,,,,0,True,,pending
doi:10.20525/ijrbs.v12i6.2708,1,1,1.1,1,2,False,,pending
doi:10.2139/ssrn.4837837,-1,,,,0,True,,pending
doi:10.37481/jmeb.v1i2.220,-1,,,,0,True,,pending
doi:10.21009/jpmm.004.1.07,17,17,17.0,17,2,False,,pending
doi:10.29333/aje.2020.511a,5,5,5.1,5,2,False,,pending
doi:10.31332/str.v26i2.2360,0,0,0.1,0,2,False,,pending
doi:10.33650/al-tanzim.v5i2.1970,5,5,5.1,5,2,False,,pending
doi:10.3390/soc13040084,0,0,,0,1,False,,pending
doi:10.1080/13603124.2022.2117414,1,1,1.1,1,2,False,,pending
doi:10.5281/zenodo.7800582,0,0,0.1,0,2,False,,pending
doi:10.52223/jssa20-010104-04,-1,,,,0,True,,pending
doi:10.1108/mbe-02-2019-0012,5,5,5.1,5,2,False,,pending
doi:10.36941/jesr-2020-0001,-1,,,,0,True,,pending
doi:10.1080/00220388.2023.2273800,-1,,,,0,True,,pending
doi:10.25147/ijcsr.2017.001.1.74,0,0,0.1,0,2,False,,pending
doi:10.1080/15700763.2020.1823997,-1,,,,0,True,,pending
doi:10.1080/01900692.2022.2069118,11,11,,11,1,False,,pending
doi:10.21125/inted.2024.1418,16,16,,16,1,False,,pending
doi:10.3390/su15139987,0,0,,0,1,False,,pending
doi:10.33422/ejte.2020.01.15,0,0,0.0,0,2,False,,pending
doi:10.46606/eajess2021v02i04.0124,5,5,5.0,5,2,False,,pending
doi:10.1177/1056787920963650,-1,,,,0,True,,pending
doi:10.2991/assehr.k.201214.326,-1,,,,0,True,,pending
doi:10.18178/ijiet.2020.10.9.1446,0,0,0.1,0,2,False,,pending
doi:10.2991/assehr.k.210615.042,0,0,,0,1,False,,pending
doi:10.14689/ejer.2021.96.4,24,24,24.1,24,2,False,,pending
doi:10.1080/13603124.2024.2369987,1,1,1.1,1,2,False,,pending
doi:10.3390/su13084195,18,18,18.0,18,2,False,,pending
doi:10.3390/ijerph182312763,7,7,7.0,7,2,False,,pending
doi:10.1007/978-981-16-9640-4_9,-1,,,,0,True,,pending
doi:10.57125/fed.2023.06.25.05,-1,,,,0,True,,pending
doi:10.52431/murobbi.v8i2.2795,5,5,5.1,5,2,False,,pending
doi:10.1108/jea-08-2020-0171,-1,,,,0,True,,pending
doi:10.5937/straman2200009j,-1,,,,0,True,,pending
doi:10.14421/jpai.v21i1.8632,24,24,24.1,24,2,False,,pending
doi:10.70023/piqm24124,16,16,16.1,16,2,False,,pending
doi:10.1007/s10780-021-09425-5,-1,,,,0,True,,pending
doi:10.26803/ijlter.22.9.26,17,17,17.0,17,2,False,,pending
doi:10.37729/scripta.v7i2.830,24,24,24.1,24,2,False,,pending
doi:10.23918/ijsses.v9i4p24,7,7,7.0,7,2,False,,pending
doi:10.47836/pjssh.31.1.21,18,18,18.0,18,2,False,,pending
doi:10.22161/ijels.83.18,-1,,,,0,True,,pending
doi:10.46303/repam.2023.16,5,5,5.1,5,2,False,,pending
doi:10.32629/jher.v3i4.913,-1,,,,0,True,,pending
doi:10.11591/ijere.v12i2.24948,0,0,0.3,0,2,False,,pending
doi:10.38124/ijisrt/ijisrt24apr2465,16,16,16.1,16,2,False,,pending
doi:10.17762/ijnpme.v10i01.93,7,7,7.1,7,2,False,,pending
doi:10.46303/repam.2023.33,-1,,,,0,True,,pending
doi:10.1108/jmd-01-2019-0005,-1,,,,0,True,,pending
doi:10.31958/jt.v24i1.2879,24,24,24.1,24,2,False,,pending
doi:10.55041/ijsrem17618,0,0,0.1,0,2,False,,pending
doi:10.30828/real.1134984,3,3,3.0,3,2,False,,pending
doi:10.55606/sokoguru.v1i3.60,5,5,5.1,5,2,False,,pending
doi:10.31838/jcr.07.06.46,18,18,18.1,18,2,False,,pending
doi:10.1080/13632434.2022.2144201,4,4,4.1,4,2,False,,pending
doi:10.33225/pec/21.79.451,-1,,,,0,True,,pending
doi:10.1080/13632434.2023.2176483,5,5,,5,1,False,,pending
doi:10.3389/feduc.2023.1228181,5,5,5.1,5,2,False,,pending
doi:10.52690/jswse.v1i1.4,-1,,,,0,True,,pending
doi:10.1007/s43545-021-00192-9,26,26,,26,1,False,,pending
doi:10.1016/j.jebo.2024.04.010,10,10,10.1,10,2,False,,pending
doi:10.4102/aosis.2020.bk213.09,-1,,,,0,True,,pending
doi:10.17227/rce.num78-8370,-1,,,,0,True,,pending
doi:10.46606/eajess2020v01i03.0046,5,5,5.0,5,2,False,,pending
doi:10.1186/s12916-020-01539-4,-1,,,,0,True,,pending
doi:10.14689/enad.26.12,20,20,20.0,20,2,False,,pending
doi:10.31812/educdim.v55i0.3952,-1,,,,0,True,,pending
doi:10.3390/su14074293,0,0,,0,1,False,,pending
doi:10.1016/j.ssaho.2024.101141,0,0,0.0,0,2,False,,pending
doi:10.33423/jhetp.v22i12.5472,5,5,5.1,5,2,False,,pending
doi:10.3390/ijerph19010432,3,3,3.1,3,2,False,,pending
doi:10.25212/lfu.qzj.7.2.26,0,0,,0,1,False,,pending
doi:10.23887/ijerr.v6i2.66039,0,0,0.3,0,2,False,,pending
doi:10.5281/zenodo.6612505,13,13,13.1,13,2,False,,pending
doi:10.17762/pae.v58i1.955,-1,,,,0,True,,pending
doi:10.47672/ajlg.1036,5,5,5.0,5,2,False,,pending
doi:10.1590/1806-9649-2022v29e622,3,3,3.0,3,2,False,,pending
doi:10.1080/00131857.2020.1793653,3,3,3.0,3,2,False,,pending
doi:10.1177/19427751221138875,4,4,4.1,4,2,False,,pending
doi:10.22161/jhed.4.1.11,5,5,5.0,5,2,False,,pending
doi:10.26858/jiap.v9i2.12333,-1,,,,0,True,,pending
doi:10.17275/per.22.58.9.3,0,0,,0,1,False,,pending
doi:10.18662/rrem/217,4,4,4.1,4,2,False,,pending
doi:10.11648/j.edu.20221101.13,5,5,5.0,5,2,False,,pending
doi:10.24940/theijbm/2021/v9/i5/bm2105-049,1,1,1.1,1,2,False,,pending
doi:10.1163/9789004547025_010,-1,,,,0,True,,pending
doi:10.4236/ce.2022.1311227,4,4,4.1,4,2,False,,pending
doi:10.31538/cjotl.v3i1.428,24,24,24.1,24,2,False,,pending
doi:10.33140/psi.01.02.03,0,0,0.3,0,2,False,,pending
doi:10.24023/futurejournal/2175-5825/2020.v12i3.517,5,5,,5,1,False,,pending
doi:10.20952/revtee.v13i32.13168,1,1,1.0,1,2,False,,pending
doi:10.5926/jjep.68.147,-1,,,,0,True,,pending
doi:10.12928/ijemi.v3i3.6056,7,7,7.0,7,2,False,,pending
doi:10.1017/jgc.2021.4,15,15,15.0,15,2,False,,pending
doi:10.1080/13603116.2020.1846799,4,4,4.1,4,2,False,,pending
doi:10.1007/s40299-022-00690-1,7,7,7.1,7,2,False,,pending
doi:10.37500/ijessr.2020.3624,11,11,11.1,11,2,False,,pending
doi:10.48165/sajssh.2021.2107,-1,,,,0,True,,pending
doi:10.11648/j.edu.20241303.12,5,5,5.0,5,2,False,,pending
doi:10.53819/81018102t5053,5,5,5.0,5,2,False,,pending
doi:10.46328/ijres.2921,-1,,,,0,True,,pending
doi:10.13189/ujer.2020.080829,7,7,7.1,7,2,False,,pending
doi:10.70287/epistemic.v1i1.3,5,5,5.1,5,2,False,,pending
doi:10.4102/hsag.v27i0.1781,3,3,3.1,3,2,False,,pending
doi:10.35870/jpni.v4i1.123,0,0,0.1,0,2,False,,pending
doi:10.1007/978-3-030-41882-3_4,-1,,,,0,True,,pending
doi:10.21070/icecrs2020390,5,5,5.1,5,2,False,,pending
doi:10.4018/978-1-7998-7168-2.ch011,0,0,0.0,0,2,False,,pending
doi:10.33262/ap.v5i4.410,14,14,14.0,14,2,False,,pending
doi:10.37896/pj11.10/017,-1,,,,0,True,,pending
doi:10.1177/08920206221084050,3,3,3.2,3,2,False,,pending
doi:10.4018/979-8-3693-9806-7.ch012,0,0,0.3,0,2,False,,pending
doi:10.1007/978-981-97-9330-3_5,12,12,,12,1,False,,pending
doi:10.1108/sc-07-2020-0026,0,0,,0,1,False,,pending
doi:10.11591/edulearn.v19i3.22012,7,7,7.1,7,2,False,,pending
doi:10.2139/ssrn.4547287,20,20,20.0,20,2,False,,pending
doi:10.1177/1741143220915925,7,7,7.1,7,2,False,,pending
doi:10.26803/ijlter.20.4.15,-1,,,,0,True,,pending
doi:10.4324/9781003320579,1,1,1.1,1,2,False,,pending
doi:10.24036/jptk.v5i2.27123,5,5,5.1,5,2,False,,pending
doi:10.20944/preprints202501.1373.v1,-1,,,,0,True,,pending
doi:10.47750/jett.2021.12.01.004,-1,,,,0,True,,pending
doi:10.21831/jpv.v10i2.29981,-1,,,,0,True,,pending
doi:10.46799/jsss.v2i2.114,24,24,24.1,24,2,False,,pending
doi:10.2991/978-2-38476-004-6_62,21,21,21.1,21,2,False,,pending
doi:10.29303/jppipa.v10i4.7033,0,0,0.0,0,2,False,,pending
doi:10.4018/978-1-7998-7168-2.ch002,3,3,,3,1,False,,pending
doi:10.69651/pijhss030305,-1,,,,0,True,,pending
doi:10.3126/ija.v2i1.62820,5,5,5.0,5,2,False,,pending
doi:10.1080/09243453.2021.1923533,0,0,,0,1,False,,pending
doi:10.2991/assehr.k.200824.147,24,24,24.0,24,2,False,,pending
doi:10.55942/jebl.v5i4.855,7,7,7.1,7,2,False,,pending
doi:10.38140/pie.v42i2.7801,-1,,,,0,True,,pending
doi:10.18178/ijiet.2020.10.6.1406,0,0,0.1,0,2,False,,pending
doi:10.3390/ijerph20105856,15,15,15.0,15,2,False,,pending
doi:10.4018/978-1-7998-7168-2,3,3,,3,1,False,,pending
doi:10.55056/cte.684,-1,,,,0,True,,pending
doi:10.30996/dia.v21i01.7594,5,5,5.1,5,2,False,,pending
doi:10.54884/s181570410025092-6,5,5,5.1,5,2,False,,pending
doi:10.17509/dedicated.v1i2.65929,0,0,0.1,0,2,False,,pending
doi:10.61987/edsojou.v2i2.711,-1,,,,0,True,,pending
doi:10.54298/ijith.v2i2.130,24,24,24.1,24,2,False,,pending
doi:10.7176/jep/12-13-04,-1,,,,0,True,,pending
doi:10.37134/saecj.vol9.no2.6.2020,-1,,,,0,True,,pending
doi:10.1596/1813-9450-9535,8,8,8.2,8,2,False,,pending
doi:10.5220/0010922400003364,-1,,,,0,True,,pending
doi:10.1109/ictai53825.2021.9673408,0,0,0.0,0,2,False,,pending
doi:10.4102/sajce.v10i1.617,-1,,,,0,True,,pending
doi:10.51244/ijrsi.2024.11120034,0,0,0.0,0,2,False,,pending
doi:10.35723/ajie.v8i2.399,24,24,24.1,24,2,False,,pending
doi:10.31851/jmksp.v6i1.4036,-1,,,,0,True,,pending
doi:10.1080/02522667.2021.1909220,0,0,,0,1,False,,pending
doi:10.38140/pie.v41i4.7102,21,21,21.0,21,2,False,,pending
doi:10.1177/1741143220985196,18,18,18.0,18,2,False,,pending
doi:10.23960/jpp.v14.i2.202487,-1,,,,0,True,,pending
doi:10.11594/jk6em.04.02.06,5,5,5.1,5,2,False,,pending
doi:10.24036/ijeds.v6i2.472,5,5,5.1,5,2,False,,pending
doi:10.1145/3516875.3516964,0,0,,0,1,False,,pending
doi:10.30954/2230-7311.2.2024.8,5,5,5.0,5,2,False,,pending
doi:10.1504/ijiie.2021.10037786,0,0,,0,1,False,,pending
doi:10.21009/jisae.071.04,24,24,24.1,24,2,False,,pending
doi:10.54784/1990-6587.1497,-1,,,,0,True,,pending
doi:10.18844/ijlt.v13i3.5971,5,5,5.1,5,2,False,,pending
doi:10.51574/ijrer.v3i1.1340,24,24,24.1,24,2,False,,pending
doi:10.1007/978-3-031-32890-9_5,-1,,,,0,True,,pending
doi:10.5539/ies.v16n3p80,0,0,0.3,0,2,False,,pending
doi:10.56457/jimk.v12i1.522,9,9,9.0,9,2,False,,pending
doi:10.3390/educsci14070724,-1,,,,0,True,,pending
doi:10.54922/ijehss.2022.0444,0,0,0.0,0,2,False,,pending
doi:10.24234/miopap.v10i1.460,0,0,,0,1,False,,pending
doi:10.21154/cendekia.v21i1.5943,24,24,24.1,24,2,False,,pending
doi:10.5281/zenodo.7552441,-1,,,,0,True,,pending
doi:10.18510/hssr.2020.8251,7,7,7.1,7,2,False,,pending
doi:10.17576/ebangi.2023.2002.18,5,5,5.1,5,2,False,,pending
doi:10.37641/jimkes.v13i5.3723,-1,,,,0,True,,pending
doi:10.1177/0013161x20912299,11,11,11.1,11,2,False,,pending
doi:10.24018/ejedu.2023.4.2.536,5,5,5.0,5,2,False,,pending
doi:10.56238/uniknowindevolp-127,5,5,5.1,5,2,False,,pending
doi:10.1108/tqm-04-2020-0071,8,8,,8,1,False,,pending
doi:10.11594/ijmaber.04.03.27,3,3,3.0,3,2,False,,pending
doi:10.52337/pjer.v3i2.469,-1,,,,0,True,,pending
doi:10.3390/educsci15091099,0,0,0.3,0,2,False,,pending
doi:10.62225/2583049x.2025.5.4.4744,5,5,5.0,5,2,False,,pending
doi:10.1177/17411432211051909,9,9,9.1,9,2,False,,pending
doi:10.21831/pep.v28i2.78274,-1,,,,0,True,,pending
doi:10.23919/ist-africa56635.2022.9845593,0,0,0.1,0,2,False,,pending
doi:10.2991/assehr.k.200513.015,-1,,,,0,True,,pending
doi:10.15405/ejsbs.292,10,10,10.1,10,2,False,,pending
doi:10.59765/qaia532f,0,0,,0,1,False,,pending
doi:10.47191/ijsshr/v5-i12-06,-1,,,,0,True,,pending
doi:10.1177/08920206211037738,3,3,3.2,3,2,False,,pending
doi:10.1007/978-3-031-42924-8_9,0,0,0.1,0,2,False,,pending
doi:10.29086/2519-5476/2021/v28n1a13,3,3,,3,1,False,,pending
doi:10.22178/pos.88-9,5,5,5.1,5,2,False,,pending
doi:10.61408/jaet2022v24i01.12,5,5,5.0,5,2,False,,pending
doi:10.4324/9781003320579-3,1,1,1.1,1,2,False,,pending
doi:10.35877/454ri.eduline1285,5,5,5.1,5,2,False,,pending
doi:10.51276/edu.v3i1.216,-1,,,,0,True,,pending
doi:10.52380/ijpes.2022.9.3.725,-1,,,,0,True,,pending
doi:10.34149/jmbr.v18i3.228,7,7,7.1,7,2,False,,pending
doi:10.63544/ijss.v4i2.132,-1,,,,0,True,,pending
doi:10.56916/jirpe.v4i4.1770,15,15,15.1,15,2,False,,pending
doi:10.14295/aimj.v5i9.120,11,11,,11,1,False,,pending
doi:10.31538/ndh.v6i1.1138,-1,,,,0,True,,pending
doi:10.30998/fjik.v8i3.8607,18,18,18.1,18,2,False,,pending
doi:10.24036/spektrumpls.v9i4.114283,26,26,,26,1,False,,pending
doi:10.4018/978-1-7998-7168-2.ch010,3,3,3.0,3,2,False,,pending
doi:10.61186/ijes.5.4.170,5,5,5.1,5,2,False,,pending
doi:10.37383/sbj170102,3,3,,3,1,False,,pending
doi:10.3389/fpsyg.2021.641806,3,3,3.0,3,2,False,,pending
doi:10.4314/jae.v26i1.9s,-1,,,,0,True,,pending
doi:10.4018/978-1-6684-7818-9.ch020,10,10,10.1,10,2,False,,pending
doi:10.1080/2331186x.2024.2364544,0,0,0.0,0,2,False,,pending
doi:10.4018/978-1-7998-7168-2.ch003,5,5,5.1,5,2,False,,pending
doi:10.47191/jefms/v6-i3-19,-1,,,,0,True,,pending
doi:10.29228/asrjournal.71516,-1,,,,0,True,,pending
doi:10.35445/alishlah.v15i3.3068,17,17,17.0,17,2,False,,pending
doi:10.33258/birci.v4i4.2807,-1,,,,0,True,,pending
doi:10.4102/jamba.v13i1.1159,3,3,3.2,3,2,False,,pending
doi:10.33751/jhss.v5i1.3387,24,24,24.1,24,2,False,,pending
doi:10.1177/02704676231224705,16,16,,16,1,False,,pending
doi:10.48047/rigeo.11.05.302,3,3,3.0,3,2,False,,pending
doi:10.54069/attadrib.v5i2.247,-1,,,,0,True,,pending
doi:10.15700/saje.v41n2a1862,-1,,,,0,True,,pending
doi:10.2139/ssrn.4808835,-1,,,,0,True,,pending
doi:10.54732/jeecs.v6i1.190,0,0,0.1,0,2,False,,pending
doi:10.31538/tijie.v4i3.598,24,24,24.1,24,2,False,,pending
doi:10.1080/01490400.2020.1829519,-1,,,,0,True,,pending
doi:10.29007/3542,0,0,,0,1,False,,pending
doi:10.4314/gjedr.v19i1.13,-1,,,,0,True,,pending
doi:10.29240/estetik.v3i1.1479,-1,,,,0,True,,pending
doi:10.3390/educsci12040254,-1,,,,0,True,,pending
doi:10.61707/4wesnw44,5,5,5.1,5,2,False,,pending
doi:10.58557/(ijeh).v5i1.286,-1,,,,0,True,,pending
doi:10.1080/13603124.2020.1804624,17,17,17.0,17,2,False,,pending
doi:10.33423/jmpp.v24i3.6504,0,0,,0,1,False,,pending
doi:10.35445/alishlah.v17i2.6969,4,4,4.1,4,2,False,,pending
doi:10.4102/hsag.v27i0.1945,-1,,,,0,True,,pending
doi:10.17275/per.23.76.10.5,5,5,5.1,5,2,False,,pending
doi:10.17853/1994-5639-2025-4-175-194,-1,,,,0,True,,pending
doi:10.25446/oxford.21107554,5,5,5.1,5,2,False,,pending
doi:10.1201/9781003107279-32,-1,,,,0,True,,pending
doi:10.1016/j.ssaho.2023.100495,0,0,,0,1,False,,pending
doi:10.31538/munaddhomah.v3i1.159,-1,,,,0,True,,pending
doi:10.1111/ejed.12486,-1,,,,0,True,,pending
doi:10.55681/nusra.v5i1.2148,24,24,24.1,24,2,False,,pending
doi:10.47772/ijriss.2023.7524,21,21,21.1,21,2,False,,pending
doi:10.22460/empowerment.v9i2p190-195.1673,24,24,24.1,24,2,False,,pending
doi:10.29103/ijevs.v2i10.3309,24,24,24.1,24,2,False,,pending
doi:10.5281/zenodo.8240850,5,5,5.1,5,2,False,,pending
doi:10.1109/iccta64612.2024.10974894,0,0,0.1,0,2,False,,pending
doi:10.33650/al-tanzim.v8i3.8817,15,15,15.1,15,2,False,,pending
doi:10.46606/eajess2020v01i02.0028,1,1,1.1,1,2,False,,pending
doi:10.23887/jppp.v7i3.57587,5,5,5.1,5,2,False,,pending
doi:10.31538/ndhq.v10i2.140,24,24,24.0,24,2,False,,pending
doi:10.59373/drs.v2i2.28,-1,,,,0,True,,pending
doi:10.52038/9783643511324_18,1,1,1.2,1,2,False,,pending
doi:10.1108/ijem-11-2023-0585,-1,,,,0,True,,pending
doi:10.56648/aide-irj.v11i1.179,-1,,,,0,True,,pending
doi:10.37284/eajes.3.1.304,-1,,,,0,True,,pending
doi:10.1590/1984-92302021v28n9606pt,26,26,,26,1,False,,pending
doi:10.1108/gm-07-2024-0395,10,10,10.1,10,2,False,,pending
doi:10.12753/2066-026x-20-173,0,0,,0,1,False,,pending
doi:10.9734/ajess/2025/v51i82321,0,0,0.0,0,2,False,,pending
doi:10.4314/gjedr.v19i1.6,5,5,5.0,5,2,False,,pending
doi:10.37467/revedu.v10.3417,-1,,,,0,True,,pending
doi:10.1007/978-981-16-9640-4,-1,,,,0,True,,pending
doi:10.34117/bjdv7n1-246,1,1,,1,1,False,,pending
doi:10.30900/kafkasegt.1192563,7,7,7.1,7,2,False,,pending
doi:10.5861/ijrse.2025.25257,1,1,1.1,1,2,False,,pending
doi:10.7176/rhss/10-16-03,5,5,5.0,5,2,False,,pending
doi:10.12775/jehs.2022.12.01.028,11,11,11.1,11,2,False,,pending
doi:10.26740/jdmp.v5n1.p10-21,0,0,0.1,0,2,False,,pending
doi:10.3390/su132312935,-1,,,,0,True,,pending
doi:10.31538/munaddhomah.v6i2.1738,24,24,24.1,24,2,False,,pending
doi:10.1186/s12889-023-16748-8,-1,,,,0,True,,pending
doi:10.58577/dimar.v7i1.478,24,24,24.1,24,2,False,,pending
doi:10.3389/fpsyg.2022.1024017,-1,,,,0,True,,pending
doi:10.3390/su13084106,0,0,0.0,0,2,False,,pending
doi:10.1590/0102.3772e38315.en,-1,,,,0,True,,pending
doi:10.1080/13603124.2023.2298209,4,4,4.1,4,2,False,,pending
doi:10.21723/riaee.v15i1.12116,-1,,,,0,True,,pending
doi:10.47191/ijsshr/v6-i6-36,26,26,,26,1,False,,pending
doi:10.29228/joh.61935,-1,,,,0,True,,pending
doi:10.3390/educsci10030069,21,21,21.1,21,2,False,,pending
doi:10.1097/md.0000000000032463,-1,,,,0,True,,pending
doi:10.1123/jtpe.2019-0158,-1,,,,0,True,,pending
doi:10.1596/33775,3,3,3.2,3,2,False,,pending
doi:10.22437/irje.v4i2.9264,7,7,7.1,7,2,False,,pending
doi:10.1080/13603116.2020.1806366,4,4,4.1,4,2,False,,pending
doi:10.14421/hjie.2023.32-07,24,24,24.1,24,2,False,,pending
doi:10.4018/979-8-3693-6880-0.ch018,0,0,,0,1,False,,pending
doi:10.24256/kelola.v5i2.1556,5,5,5.1,5,2,False,,pending
doi:10.37758/jat.88i3.85,24,24,24.1,24,2,False,,pending
doi:10.25073/2588-1159/vnuer.4835,0,0,0.3,0,2,False,,pending
doi:10.53555/kuey.v30i10.8124,-1,,,,0,True,,pending
doi:10.15388/actpaed.45.7,10,10,10.1,10,2,False,,pending
doi:10.1080/02680939.2021.1972166,0,0,,0,1,False,,pending
doi:10.24297/jssr.v17i.8796,21,21,21.1,21,2,False,,pending
doi:10.33751/jhss.v4i1.2044,5,5,5.1,5,2,False,,pending
doi:10.5220/0012744200003693,-1,,,,0,True,,pending
doi:10.31392/npu-nc.series5.2021.79.2.40,-1,,,,0,True,,pending
doi:10.46827/ejes.v8i5.3742,0,0,,0,1,False,,pending
doi:10.51594/ijmer.v2i3.148,11,11,,11,1,False,,pending
doi:10.58622/vjes.v3i4.105,21,21,21.1,21,2,False,,pending
doi:10.1080/03054985.2020.1842184,-1,,,,0,True,,pending
doi:10.11591/ijere.v11i1.21709,17,17,17.0,17,2,False,,pending
doi:10.3390/electronics11213437,0,0,0.3,0,2,False,,pending
doi:10.36941/ajis-2021-0004,17,17,17.0,17,2,False,,pending
doi:10.34190/ejel.20.18.4.003,0,0,,0,1,False,,pending
doi:10.52627/managere.v5i2.334,24,24,24.0,24,2,False,,pending
doi:10.25217/ji.v7i1.1636,5,5,5.1,5,2,False,,pending
doi:10.51594/ijmer.v2i3.147,11,11,,11,1,False,,pending
doi:10.34117/bjdv8n7-025,0,0,0.0,0,2,False,,pending
doi:10.1186/s40561-020-00139-2,-1,,,,0,True,,pending
doi:10.1109/telfor56187.2022.9983672,0,0,0.3,0,2,False,,pending
doi:10.29228/asrjournal.66776,10,10,10.1,10,2,False,,pending
doi:10.5281/zenodo.8368735,-1,,,,0,True,,pending
doi:10.62225/2583049x.2024.4.6.3506,5,5,5.1,5,2,False,,pending
doi:10.5539/ies.v14n1p65,17,17,,17,1,False,,pending
doi:10.1007/978-3-030-93951-9_3,-1,,,,0,True,,pending
doi:10.24297/jssr.v15i.8604,7,7,7.0,7,2,False,,pending
doi:10.31149/ijie.v4i2.1225,3,3,3.2,3,2,False,,pending
doi:10.56314/ijoleh.v1i2.77,24,24,24.0,24,2,False,,pending
doi:10.29240/jsmp.v9i1.13063,5,5,5.1,5,2,False,,pending
doi:10.1108/ijem-10-2019-0378,-1,,,,0,True,,pending
doi:10.3846/jbem.2020.13675,5,5,5.1,5,2,False,,pending
doi:10.37899/journallaedusci.v6i3.2335,-1,,,,0,True,,pending
doi:10.1080/02619768.2023.2265547,-1,,,,0,True,,pending
doi:10.4108/eai.29-6-2019.2290281,-1,,,,0,True,,pending
doi:10.3390/sym12091502,3,3,3.0,3,2,False,,pending
doi:10.3389/feduc.2023.1171513,12,12,,12,1,False,,pending
doi:10.3390/ijerph19148868,-1,,,,0,True,,pending
doi:10.13189/ujer.2020.080858,-1,,,,0,True,,pending
doi:10.22521/edupij.2024.131.1,16,16,16.0,16,2,False,,pending
doi:10.4103/jehp.jehp_389_19,3,3,3.2,3,2,False,,pending
doi:10.46303/ressat.2024.28,5,5,5.0,5,2,False,,pending
doi:10.51594/ijmer.v2i4.157,18,18,,18,1,False,,pending
doi:10.30762/realita.v16i1.674,24,24,24.1,24,2,False,,pending
doi:10.1080/13611267.2022.2070995,-1,,,,0,True,,pending
doi:10.1186/s12909-022-03262-5,27,27,,27,1,False,,pending
doi:10.3390/su142013322,-1,,,,0,True,,pending
doi:10.1177/21582440221095003,-1,,,,0,True,,pending
doi:10.1016/j.heliyon.2024.e34892,5,5,5.1,5,2,False,,pending
doi:10.18860/rosikhun.v3i2.19070,5,5,5.1,5,2,False,,pending
doi:10.1007/s10758-022-09638-2,0,0,0.3,0,2,False,,pending
doi:10.3126/ed.v30i1.49524,7,7,7.1,7,2,False,,pending
doi:10.12928/spekta.v6i1.11872,-1,,,,0,True,,pending
doi:10.1080/02619768.2020.1795122,22,22,22.1,22,2,False,,pending
doi:10.4108/eai.27-8-2020.2303223,24,24,24.1,24,2,False,,pending
doi:10.1371/journal.pone.0308239,-1,,,,0,True,,pending
doi:10.12973/eu-jer.10.2.567,-1,,,,0,True,,pending
doi:10.1016/j.evalprogplan.2022.102119,8,8,,8,1,False,,pending
doi:10.22553/keas.2020.38.1.79,1,1,,1,1,False,,pending
doi:10.61987/jemr.v4i5.1191,-1,,,,0,True,,pending
doi:10.13166/jms/192197,-1,,,,0,True,,pending
doi:10.60027/jelr.2025.1759,-1,,,,0,True,,pending
doi:10.37329/cetta.v6i1.2142,-1,,,,0,True,,pending
doi:10.54396/alfahim.v5i2.746,9,9,9.0,9,2,False,,pending
doi:10.29103/ijevs.v2i8.2759,-1,,,,0,True,,pending
doi:10.1007/978-981-15-7497-9_4,17,17,17.1,17,2,False,,pending
doi:10.22515/jemin.v4i1.9102,-1,,,,0,True,,pending
doi:10.29322/ijsrp.12.01.2022.p12164,0,0,0.0,0,2,False,,pending
doi:10.22158/fet.v7n2p1,4,4,,4,1,False,,pending
doi:10.3390/su14138211,3,3,3.2,3,2,False,,pending
doi:10.2991/assehr.k.210716.269,-1,,,,0,True,,pending
doi:10.1111/josh.13094,15,15,,15,1,False,,pending
doi:10.35931/aq.v19i1.4306,17,17,17.0,17,2,False,,pending
doi:10.30828/real.1485901,0,0,0.2,0,2,False,,pending
doi:10.2991/assehr.k.200303.026,-1,,,,0,True,,pending
doi:10.5296/jpag.v12i2.20146,-1,,,,0,True,,pending
doi:10.51986/ijer-2021.vol3.02.01,-1,,,,0,True,,pending
doi:10.1080/2005615x.2021.1890309,-1,,,,0,True,,pending
doi:10.47766/idarah.v6i1.177,0,0,0.0,0,2,False,,pending
doi:10.30828/real/2020.2.4,-1,,,,0,True,,pending
doi:10.35445/alishlah.v17i2.6688,5,5,5.1,5,2,False,,pending
doi:10.30534/ijeter/2020/124872020,0,0,0.0,0,2,False,,pending
doi:10.22633/rpge.v24iesp2.14331,5,5,5.1,5,2,False,,pending
doi:10.55248/gengpi.4.823.50276,-1,,,,0,True,,pending
doi:10.51594/ijarss.v2i3.156,18,18,,18,1,False,,pending
doi:10.1920/re.ifs.2024.0945,21,21,,21,1,False,,pending
doi:10.47119/ijrp1001681320257643,-1,,,,0,True,,pending
doi:10.31703/gssr.2020(v-i).37,-1,,,,0,True,,pending
doi:10.1111/bjet.13098,3,3,3.0,3,2,False,,pending
doi:10.31538/ndh.v8i1.3067,5,5,5.1,5,2,False,,pending
doi:10.1155/2020/6613896,16,16,,16,1,False,,pending
doi:10.2991/assehr.k.210226.001,3,3,3.0,3,2,False,,pending
doi:10.3390/su12177146,-1,,,,0,True,,pending
doi:10.52223/jess.2024.5236,18,18,18.0,18,2,False,,pending
doi:10.58578/masaliq.v1i3.43,-1,,,,0,True,,pending
doi:10.1080/02680939.2023.2189753,-1,,,,0,True,,pending
doi:10.22633/rpge.v24i2.13609,1,1,1.0,1,2,False,,pending
doi:10.3390/bs13010001,7,7,7.0,7,2,False,,pending
doi:10.47200/aoej.v14i2.2130,-1,,,,0,True,,pending
doi:10.1080/17400201.2021.2015573,15,15,15.1,15,2,False,,pending
doi:10.2991/assehr.k.200323.013,-1,,,,0,True,,pending
doi:10.26803/ijlter.21.7.12,3,3,3.2,3,2,False,,pending
doi:10.25046/aj050366,0,0,0.1,0,2,False,,pending
doi:10.35723/ajie.v6i1.222,24,24,24.1,24,2,False,,pending
doi:10.4324/9781003291008,-1,,,,0,True,,pending
doi:10.3233/wor-210652,3,3,3.0,3,2,False,,pending
doi:10.51594/ijmer.v2i3.146,11,11,,11,1,False,,pending
doi:10.21744/irjmis.v8n2.1350,24,24,24.0,24,2,False,,pending
doi:10.1080/17439884.2025.2565244,0,0,0.0,0,2,False,,pending
doi:10.26634/jpsy.15.4.18772,15,15,15.1,15,2,False,,pending
doi:10.31876/rcs.v26i0.34134,6,6,6.0,6,2,False,,pending
doi:10.21744/lingcure.v5ns3.1905,-1,,,,0,True,,pending
doi:10.15640/jehd.v10n4a3,-1,,,,0,True,,pending
doi:10.5281/zenodo.4458640,5,5,5.1,5,2,False,,pending
doi:10.30828/real.1275282,5,5,5.0,5,2,False,,pending
doi:10.5212/praxeduc.v.15.15335.069,1,1,,1,1,False,,pending
doi:10.54254/2754-1169/2025.20363,0,0,,0,1,False,,pending
doi:10.46328/ijonses.217,-1,,,,0,True,,pending
doi:10.1108/ebhrm-12-2019-0118,-1,,,,0,True,,pending
doi:10.1177/00195561221103613,-1,,,,0,True,,pending
doi:10.5281/zenodo.6966871,24,24,24.1,24,2,False,,pending
doi:10.1080/09243453.2019.1702562,5,5,5.1,5,2,False,,pending
doi:10.31958/jaf.v9i1.3235,5,5,5.1,5,2,False,,pending
doi:10.1080/13603116.2022.2053215,4,4,4.1,4,2,False,,pending
doi:10.25656/01:21953,-1,,,,0,True,,pending
doi:10.3390/app11198870,18,18,,18,1,False,,pending
doi:10.1155/2021/2466441,17,17,17.1,17,2,False,,pending
doi:10.1177/13621688211007472,-1,,,,0,True,,pending
doi:10.5281/zenodo.7595719,-1,,,,0,True,,pending
doi:10.22633/rpge.v25iesp.2.15266,11,11,11.1,11,2,False,,pending
doi:10.29333/iji.2020.13428a,-1,,,,0,True,,pending
doi:10.4324/9780429344442,20,20,20.0,20,2,False,,pending
doi:10.26689/jcer.v8i7.7800,5,5,,5,1,False,,pending
doi:10.26803/ijlter.23.8.18,21,21,21.1,21,2,False,,pending
doi:10.18820/2519593x/pie.v38.i2.08,-1,,,,0,True,,pending
doi:10.1080/2331186x.2023.2300182,-1,,,,0,True,,pending
doi:10.22515/jemin.v2i2.4399,24,24,24.1,24,2,False,,pending
doi:10.58837/chula.educu.48.3.20,18,18,,18,1,False,,pending
doi:10.5604/01.3001.0016.1071,-1,,,,0,True,,pending
doi:10.33751/jmp.v8i1.1949,24,24,24.1,24,2,False,,pending
doi:10.1163/25902539-04010001,-1,,,,0,True,,pending
doi:10.15388/infedu.2020.20,0,0,,0,1,False,,pending
doi:10.1080/13632434.2021.1974826,3,3,3.2,3,2,False,,pending
doi:10.22460/parole,-1,,,,0,True,,pending
doi:10.1080/03055698.2020.1763784,-1,,,,0,True,,pending
doi:10.54476/iimrj310,-1,,,,0,True,,pending
doi:10.3389/feduc.2025.1499064,7,7,7.1,7,2,False,,pending
doi:10.24256/kelola.v8i1.3556,21,21,21.1,21,2,False,,pending
doi:10.3390/su13052941,-1,,,,0,True,,pending
doi:10.15700/saje.v40n3a1836,9,9,,9,1,False,,pending
doi:10.1016/j.ijedudev.2023.102899,21,21,,21,1,False,,pending
doi:10.15354/bece.20.ar072,-1,,,,0,True,,pending
doi:10.55737/qjss.349319430,16,16,,16,1,False,,pending
doi:10.24036/nara.v1i3.69,-1,,,,0,True,,pending
doi:10.1093/acrefore/9780190264093.013.662,-1,,,,0,True,,pending
doi:10.34117/bjdv8n2-050,1,1,1.1,1,2,False,,pending
doi:10.3389/fpsyg.2025.1548185,20,20,20.1,20,2,False,,pending
doi:10.3390/educsci14121275,-1,,,,0,True,,pending
doi:10.24815/jr.v8i3.48020,25,25,,25,1,False,,pending
doi:10.18844/cjes.v16i5.6331,24,24,24.1,24,2,False,,pending
doi:10.33650/pjp.v10i2.7170,24,24,24.1,24,2,False,,pending
doi:10.30596/maneggio.v3i1.4741,7,7,7.1,7,2,False,,pending
doi:10.1080/23311983.2021.1945720,-1,,,,0,True,,pending
doi:10.1017/jgc.2020.22,15,15,15.0,15,2,False,,pending
doi:10.3390/educsci11070313,7,7,7.1,7,2,False,,pending
doi:10.17159/2520-9868/i86a05,4,4,4.0,4,2,False,,pending
doi:10.29303/prospek.v1i3.20,4,4,4.1,4,2,False,,pending
doi:10.24198/sosiohumaniora.v22i3.28377,0,0,0.0,0,2,False,,pending
doi:10.17509/jap.v28i2.40159,0,0,,0,1,False,,pending
doi:10.31244/dds.2020.03.05,-1,,,,0,True,,pending
doi:10.1177/1741143220938364,-1,,,,0,True,,pending
doi:10.17509/jap.v27i1.24399,-1,,,,0,True,,pending
doi:10.5590/jerap.2024.14.1.04,4,4,4.1,4,2,False,,pending
doi:10.2991/978-2-38476-114-2_11,-1,,,,0,True,,pending
doi:10.14527/kuey.2020.004,10,10,10.1,10,2,False,,pending
doi:10.54254/2755-2721/2025.18759,0,0,0.1,0,2,False,,pending
doi:10.11591/ijai.v13.i4.pp3942-3950,16,16,16.1,16,2,False,,pending
doi:10.1155/2022/7774185,16,16,16.1,16,2,False,,pending
doi:10.1177/1365480220940858,15,15,15.0,15,2,False,,pending
doi:10.1016/j.jcmr.2024.100019,15,15,,15,1,False,,pending
doi:10.31538/ndh.v7i1.2237,24,24,24.1,24,2,False,,pending
doi:10.3389/fpsyt.2024.1414887,-1,,,,0,True,,pending
doi:10.1136/bmjopen-2022-061978,18,18,18.1,18,2,False,,pending
doi:10.1088/1742-6596/1881/4/042073,0,0,,0,1,False,,pending
doi:10.1177/17411432211009902,-1,,,,0,True,,pending
doi:10.2991/assehr.k.211110.092,3,3,3.0,3,2,False,,pending
doi:10.1177/21582440211000053,-1,,,,0,True,,pending
doi:10.36941/jesr-2020-0034,-1,,,,0,True,,pending
doi:10.9756/int-jecse/v13i1.211002,4,4,4.1,4,2,False,,pending
doi:10.5539/ies.v13n4p106,0,0,0.0,0,2,False,,pending
doi:10.1111/rode.12904,5,5,5.0,5,2,False,,pending
doi:10.1108/ijem-06-2022-0236,11,11,,11,1,False,,pending
doi:10.22230/ijepl.2021v17n10a1139,3,3,3.2,3,2,False,,pending
doi:10.37934/frle.25.1.19,-1,,,,0,True,,pending
doi:10.1093/oxrep/grab004,5,5,5.1,5,2,False,,pending
doi:10.36805/bi.v4i2.1107,3,3,3.0,3,2,False,,pending
doi:10.33474/elementeris.v3i1.8796,0,0,0.2,0,2,False,,pending
doi:10.32517/0234-0453-2022-37-2-5-13,0,0,0.3,0,2,False,,pending
doi:10.15700/saje.v42n2a2071,9,9,9.0,9,2,False,,pending
doi:10.51276/edu.v4i2.380,7,7,7.1,7,2,False,,pending
doi:10.54097/fbem.v3i3.298,-1,,,,0,True,,pending
doi:10.18488/journal.61.2020.83.379.393,-1,,,,0,True,,pending
doi:10.58578/arzusin.v1i1.104,5,5,5.1,5,2,False,,pending
doi:10.29333/ajqr/14397,-1,,,,0,True,,pending
doi:10.17648/acta.scientiae.7474,0,0,0.0,0,2,False,,pending
doi:10.26877/mpp.v16i1.12148,0,0,0.3,0,2,False,,pending
doi:10.22633/rpge.v24i1.12865,-1,,,,0,True,,pending
doi:10.46303/ressat.2022.3,-1,,,,0,True,,pending
doi:10.22460/collase,-1,,,,0,True,,pending
doi:10.1109/honet53078.2021.9615391,0,0,,0,1,False,,pending
doi:10.6007/ijarbss/v12-i9/14803,-1,,,,0,True,,pending
doi:10.30957/cendekia.v14i2.642,-1,,,,0,True,,pending
doi:10.35497/408734,21,21,21.1,21,2,False,,pending
doi:10.46692/9781447338567,-1,,,,0,True,,pending
doi:10.17645/si.v10i2.4936,4,4,4.1,4,2,False,,pending
doi:10.17478/jegys.1012179,-1,,,,0,True,,pending
doi:10.1080/14767724.2021.1993796,18,18,18.0,18,2,False,,pending
doi:10.1109/icic50835.2020.9288617,-1,,,,0,True,,pending
doi:10.21070/ijemd.v14i.589,24,24,24.0,24,2,False,,pending
doi:10.1590/scielopreprints.3464,11,11,11.0,11,2,False,,pending
doi:10.1177/21582440221085001,-1,,,,0,True,,pending
doi:10.47577/tssj.v50i1.9932,-1,,,,0,True,,pending
doi:10.25446/oxford.21107608.v1,-1,,,,0,True,,pending
doi:10.36941/ajis-2021-0053,3,3,3.0,3,2,False,,pending
doi:10.1371/journal.pone.0227519,-1,,,,0,True,,pending
doi:10.3126/jmds.v31i01.52848,5,5,5.0,5,2,False,,pending
doi:10.54195/ijpe.18201,21,21,21.1,21,2,False,,pending
doi:10.3390/su141912279,2,2,2.1,2,2,False,,pending
doi:10.54367/jtiust.v6i1.1283,0,0,0.1,0,2,False,,pending
doi:10.22633/rpge.v24i2.13255,11,11,11.1,11,2,False,,pending
doi:10.37478/jpm.v4i1.2476,10,10,10.1,10,2,False,,pending
doi:10.1177/08920206231177375,3,3,3.1,3,2,False,,pending
doi:10.4018/978-1-7998-7760-8.ch009,2,2,2.1,2,2,False,,pending
doi:10.4324/9780429487224,27,27,,27,1,False,,pending
doi:10.1108/jea-03-2021-0057,-1,,,,0,True,,pending
doi:10.1080/19415257.2020.1747105,-1,,,,0,True,,pending
doi:10.24234/miopap.v3i3.255,2,2,2.1,2,2,False,,pending
doi:10.4324/9781003360070-12,25,25,,25,1,False,,pending
doi:10.4018/978-1-6684-8332-9.ch008,7,7,7.1,7,2,False,,pending
doi:10.1080/13603124.2022.2042856,20,20,20.0,20,2,False,,pending
doi:10.1177/14752409211032531,2,2,2.1,2,2,False,,pending
doi:10.1177/17411432211034174,-1,,,,0,True,,pending
doi:10.1080/00131911.2022.2066632,-1,,,,0,True,,pending
doi:10.1080/13632434.2020.1789856,-1,,,,0,True,,pending
doi:10.1080/02680939.2020.1847412,27,27,,27,1,False,,pending
doi:10.1177/1052684621993047,27,27,,27,1,False,,pending
doi:10.1080/13603124.2021.1972162,2,2,2.1,2,2,False,,pending
doi:10.1177/17411432221142150,10,10,10.1,10,2,False,,pending
doi:10.1177/1052684621993046,27,27,,27,1,False,,pending
doi:10.47191/ijsshr/v5-i5-26,25,25,,25,1,False,,pending
doi:10.1093/acrefore/9780190264093.013.613,-1,,,,0,True,,pending
doi:10.1177/1741143220918252,-1,,,,0,True,,pending
doi:10.1080/13603124.2020.1717000,-1,,,,0,True,,pending
doi:10.5038/2577-509x.4.2.1040,-1,,,,0,True,,pending
doi:10.1177/17411432211030747,-1,,,,0,True,,pending
doi:10.24818/rmci.2021.1.74,25,25,,25,1,False,,pending
doi:10.1365/s42681-020-00016-z,-1,,,,0,True,,pending
doi:10.1080/00220620.2023.2292573,25,25,,25,1,False,,pending
doi:10.1177/1478210320940136,20,20,20.0,20,2,False,,pending
doi:10.22329/jtl.v16i1.6830,12,12,12.0,12,2,False,,pending
doi:10.1002/rev3.70077,-1,,,,0,True,,pending
doi:10.1007/s41463-024-00181-z,2,2,2.1,2,2,False,,pending
doi:10.1177/0013161x20981148,1,1,,1,1,False,,pending
doi:10.1177/1741143220973670,27,27,,27,1,False,,pending
doi:10.4324/9781003130277,2,2,2.1,2,2,False,,pending
doi:10.61796/ejlhss.v1i1.12,-1,,,,0,True,,pending
doi:10.3390/educsci14040429,2,2,2.1,2,2,False,,pending
doi:10.1177/00131245221092743,19,19,,19,1,False,,pending
doi:10.1093/acrefore/9780190264093.013.722,-1,,,,0,True,,pending
doi:10.1086/715478,-1,,,,0,True,,pending
doi:10.4018/979-8-3693-3443-0.ch016,20,20,20.1,20,2,False,,pending
doi:10.4324/9781003279334,-1,,,,0,True,,pending
doi:10.4324/9781003029960,27,27,,27,1,False,,pending
doi:10.1080/13603124.2020.1787525,-1,,,,0,True,,pending
doi:10.1177/0013161x231166335,-1,,,,0,True,,pending
doi:10.17583/ijelm.0.7666,3,3,3.2,3,2,False,,pending
doi:10.17583/ijelm.2020.4298,-1,,,,0,True,,pending
doi:10.1093/acrefore/9780190264093.013.987,2,2,2.1,2,2,False,,pending
doi:10.21307/jelpp-2020-005,-1,,,,0,True,,pending
doi:10.1177/21582440241285763,2,2,2.1,2,2,False,,pending
doi:10.2478/atd-2020-0022,2,2,2.1,2,2,False,,pending
doi:10.52223/jess.2024.5225,20,20,20.1,20,2,False,,pending
doi:10.1080/13603124.2021.2021294,-1,,,,0,True,,pending
doi:10.1080/13603124.2020.1853246,12,12,,12,1,False,,pending
doi:10.1177/01614681221129401,-1,,,,0,True,,pending
doi:10.54097/jeer.v2i1.5416,-1,,,,0,True,,pending
doi:10.4324/9781003334835-11,25,25,,25,1,False,,pending
doi:10.1177/17411432221076251,-1,,,,0,True,,pending
doi:10.4337/9781800880429.00036,2,2,2.1,2,2,False,,pending
doi:10.35723/ajie.v7i2.402,2,2,2.1,2,2,False,,pending
doi:10.1177/19427751241245971,12,12,12.1,12,2,False,,pending
doi:10.1177/17577438211058965,10,10,10.1,10,2,False,,pending
doi:10.1108/jea-10-2022-0180,-1,,,,0,True,,pending
doi:10.3390/rel15121565,10,10,10.1,10,2,False,,pending
doi:10.1080/15700763.2020.1833939,23,23,23.1,23,2,False,,pending
doi:10.1177/17411432211019407,-1,,,,0,True,,pending
doi:10.1177/17411432241242629,-1,,,,0,True,,pending
doi:10.57709/18723065,16,16,16.0,16,2,False,,pending
doi:10.4018/978-1-7998-7947-3.ch016,-1,,,,0,True,,pending
doi:10.1177/00220574211032588,3,3,3.2,3,2,False,,pending
doi:10.47750/cibg.2021.27.03.081,-1,,,,0,True,,pending
doi:10.1080/00220620.2020.1862767,-1,,,,0,True,,pending
doi:10.33043/josep.2.3.20-30,27,27,,27,1,False,,pending
doi:10.1080/00313831.2022.2043430,3,3,,3,1,False,,pending
doi:10.1108/ijem-01-2021-0019,-1,,,,0,True,,pending
doi:10.1007/978-3-031-65215-8_19,-1,,,,0,True,,pending
doi:10.21580/nw.2020.14.2.6203,25,25,,25,1,False,,pending
doi:10.9734/ajess/2024/v50i81542,-1,,,,0,True,,pending
doi:10.3390/educsci14040410,-1,,,,0,True,,pending
doi:10.1007/978-3-031-37604-7_10,-1,,,,0,True,,pending
doi:10.61093/bel.8(3).184-198.2024,0,0,,0,1,False,,pending
doi:10.3389/feduc.2022.983807,-1,,,,0,True,,pending
doi:10.4324/9781003241577,-1,,,,0,True,,pending
doi:10.1016/j.dib.2021.107654,-1,,,,0,True,,pending
doi:10.3126/njmr.v8i2.78025,10,10,10.1,10,2,False,,pending
doi:10.5430/wje.v13n4p16,-1,,,,0,True,,pending
doi:10.29173/iasl8023,-1,,,,0,True,,pending
doi:10.1177/1942775120964821,9,9,9.0,9,2,False,,pending
doi:10.3390/su15054620,-1,,,,0,True,,pending
doi:10.1002/rev3.70101,16,16,16.0,16,2,False,,pending
doi:10.53555/kuey.v30i4.1007,-1,,,,0,True,,pending
doi:10.6007/ijarbss/v11-i2/9188,-1,,,,0,True,,pending
doi:10.1177/27526461241235937,-1,,,,0,True,,pending
doi:10.35723/ajie.v8i1.339,24,24,24.1,24,2,False,,pending
doi:10.4018/978-1-7998-7235-1.ch004,10,10,10.0,10,2,False,,pending
doi:10.28945/4642,-1,,,,0,True,,pending
doi:10.4324/9780429021770,-1,,,,0,True,,pending
doi:10.47191/ijmra/v6-i4-46,-1,,,,0,True,,pending
doi:10.1007/978-3-031-38890-3,3,3,3.2,3,2,False,,pending
doi:10.37231/jmtp.2021.2.2.105,-1,,,,0,True,,pending
doi:10.4018/978-1-6684-4144-2.ch006,2,2,2.1,2,2,False,,pending
doi:10.1108/jea-06-2021-263,0,0,0.2,0,2,False,,pending
doi:10.35335/jiph.v11i3.24,7,7,7.1,7,2,False,,pending
doi:10.1177/1741143219896053,9,9,,9,1,False,,pending
doi:10.1177/17411432221136404,-1,,,,0,True,,pending
doi:10.30828/real/2020.1.1,19,19,19.0,19,2,False,,pending
doi:10.3390/rel15020215,10,10,10.1,10,2,False,,pending
doi:10.3390/educsci13020118,3,3,3.2,3,2,False,,pending
doi:10.69566/ajehd.v4i1.75,-1,,,,0,True,,pending
doi:10.1155/2022/5690230,0,0,,0,1,False,,pending
doi:10.59298/rijciam/2025/421215,20,20,20.1,20,2,False,,pending
doi:10.60027/jelr.2024.793,-1,,,,0,True,,pending
doi:10.24857/rgsa.v18n8-037,-1,,,,0,True,,pending
doi:10.1093/acrefore/9780190264093.013.703,7,7,7.0,7,2,False,,pending
doi:10.33122/ejeset.v4i1.100,-1,,,,0,True,,pending
doi:10.70063/eduspectrum.v1i1.29,-1,,,,0,True,,pending
doi:10.52296/vje.2021.54,-1,,,,0,True,,pending
doi:10.55927/ijsmr.v1i8.3571,-1,,,,0,True,,pending
doi:10.24331/ijere.676915,20,20,20.0,20,2,False,,pending
doi:10.31014/aior.1993.04.01.189,-1,,,,0,True,,pending
doi:10.3389/feduc.2020.00052,10,10,10.0,10,2,False,,pending
doi:10.1080/09518398.2022.2025499,-1,,,,0,True,,pending
doi:10.1080/13603124.2024.2328197,27,27,,27,1,False,,pending
doi:10.70625/rlce/111,-1,,,,0,True,,pending
doi:10.1177/10526846221133999,27,27,,27,1,False,,pending
doi:10.4324/9781003571575-5,-1,,,,0,True,,pending
doi:10.15405/epes.23056.52,-1,,,,0,True,,pending
doi:10.32996/ijllt.2020.3.5.17,-1,,,,0,True,,pending
doi:10.26803/ijlter.23.8.32,24,24,24.0,24,2,False,,pending
doi:10.4324/9781003360070-3,25,25,,25,1,False,,pending
doi:10.14217/comsec.963,-1,,,,0,True,,pending
doi:10.1007/978-3-030-69345-9_7,2,2,2.1,2,2,False,,pending
doi:10.4324/9781003283461,-1,,,,0,True,,pending
doi:10.1504/ijmie.2022.122628,-1,,,,0,True,,pending
doi:10.22158/wjeh.v4n3p60,-1,,,,0,True,,pending
doi:10.1080/13603124.2021.2009037,25,25,,25,1,False,,pending
doi:10.3389/feduc.2024.1441183,10,10,10.1,10,2,False,,pending
doi:10.1080/10665684.2023.2200207,27,27,,27,1,False,,pending
doi:10.1016/j.ssaho.2024.100835,-1,,,,0,True,,pending
doi:10.3102/2018999,-1,,,,0,True,,pending
doi:10.1108/jpcc-06-2024-0098,-1,,,,0,True,,pending
doi:10.3390/educsci14080890,-1,,,,0,True,,pending
doi:10.25236/fer.2020.031424,-1,,,,0,True,,pending
doi:10.1108/978-1-64802-221-020251015,-1,,,,0,True,,pending
doi:10.1080/00220620.2022.2158181,-1,,,,0,True,,pending
doi:10.4324/9781003334835-2,-1,,,,0,True,,pending
doi:10.1108/ijem-08-2021-0347,-1,,,,0,True,,pending
doi:10.3390/socsci9040052,-1,,,,0,True,,pending
doi:10.5040/9781350159662,13,13,,13,1,False,,pending
doi:10.30828/real.1330936,2,2,2.1,2,2,False,,pending
doi:10.1163/9789004461871,-1,,,,0,True,,pending
doi:10.1007/978-3-030-39666-4_110-1,27,27,,27,1,False,,pending
doi:10.4324/9781003321439-1,2,2,2.1,2,2,False,,pending
doi:10.1108/ijem-07-2019-0253,7,7,7.1,7,2,False,,pending
doi:10.46303/repam.2022.5,13,13,13.1,13,2,False,,pending
doi:10.51244/ijrsi.2021.81004,2,2,2.1,2,2,False,,pending
doi:10.1007/978-981-99-8494-7_1,2,2,2.1,2,2,False,,pending
doi:10.47191/ijmra/v6-i2-29,-1,,,,0,True,,pending
doi:10.1177/0892020621999680,-1,,,,0,True,,pending
doi:10.47191/ijmra/v6-i3-46,-1,,,,0,True,,pending
doi:10.14324/lre.23.1.13,25,25,,25,1,False,,pending
doi:10.34104/bjah.024086099,-1,,,,0,True,,pending
doi:10.58548/2024.jmpie11.5670,10,10,10.1,10,2,False,,pending
doi:10.31436/ijes.v10i2.430,25,25,,25,1,False,,pending
doi:10.55016/ojs/ajer.v67i3.69961,-1,,,,0,True,,pending
doi:10.56726/irjmets44523,10,10,10.1,10,2,False,,pending
doi:10.20428/ajqahe.v17i60.2217,25,25,,25,1,False,,pending
doi:10.70838/pemj.390508,7,7,7.1,7,2,False,,pending
doi:10.1177/17577438241297239,4,4,,4,1,False,,pending
doi:10.3126/pragyaratna.v6i2.70548,-1,,,,0,True,,pending
doi:10.59941/2960-0642-2024-4-47-55,-1,,,,0,True,,pending
doi:10.14324/lre.23.1.22,-1,,,,0,True,,pending
doi:10.1080/00131946.2021.1919673,-1,,,,0,True,,pending
doi:10.4018/978-1-7998-2787-0.ch019,-1,,,,0,True,,pending
doi:10.30828/real/2021.3.4,-1,,,,0,True,,pending
doi:10.21272/bel.4(4).28-55.2020,15,15,15.0,15,2,False,,pending
doi:10.3390/jintelligence8010002,16,16,,16,1,False,,pending
doi:10.4337/9781800880429.00009,-1,,,,0,True,,pending
doi:10.22452/iojel.vol3no1.2,-1,,,,0,True,,pending
doi:10.1080/00940771.2021.2022444,-1,,,,0,True,,pending
doi:10.47604/ajep.3176,-1,,,,0,True,,pending
doi:10.1080/14675986.2021.1889471,-1,,,,0,True,,pending
doi:10.1108/jea-01-2025-0031,10,10,10.1,10,2,False,,pending
doi:10.1177/17411432211010811,-1,,,,0,True,,pending
doi:10.1080/15700763.2024.2324457,-1,,,,0,True,,pending
doi:10.1177/19427751231174249,-1,,,,0,True,,pending
doi:10.1080/14675986.2023.2180619,23,23,23.1,23,2,False,,pending
doi:10.52547/jspnay.3.3.348,-1,,,,0,True,,pending
doi:10.4471/ijelm.16344,10,10,10.1,10,2,False,,pending
doi:10.4018/978-1-7998-2787-0.ch020,-1,,,,0,True,,pending
doi:10.3389/feduc.2024.1413607,25,25,,25,1,False,,pending
doi:10.5281/zenodo.7645146,-1,,,,0,True,,pending
doi:10.25115/eea.v39i12.6463,3,3,3.2,3,2,False,,pending
doi:10.4324/9781003360070-10,25,25,,25,1,False,,pending
doi:10.22055/edus.2019.29345.2802,2,2,2.1,2,2,False,,pending
doi:10.1108/jea-10-2019-0177,4,4,,4,1,False,,pending
doi:10.1177/10526846251343561,-1,,,,0,True,,pending
doi:10.20849/jed.v6i3.1230,-1,,,,0,True,,pending
doi:10.7827/turkishstudies.52134,-1,,,,0,True,,pending
doi:10.7146/ejie.v3i1.142505,4,4,4.1,4,2,False,,pending
doi:10.1177/0013161x20925892,27,27,,27,1,False,,pending
doi:10.61093/bel.8(1).107-115.2024,-1,,,,0,True,,pending
doi:10.1002/jhm.13433,-1,,,,0,True,,pending
doi:10.1016/j.ijedudev.2021.102531,-1,,,,0,True,,pending
doi:10.7275/11192304,2,2,2.1,2,2,False,,pending
doi:10.1177/1741143220945705,17,17,17.0,17,2,False,,pending
doi:10.1177/1052684621992759,10,10,10.0,10,2,False,,pending
doi:10.1108/jea-01-2025-0004,10,10,10.1,10,2,False,,pending
doi:10.37260/repe.v8n16.4,16,16,16.1,16,2,False,,pending
doi:10.37811/cl_rcm.v10i2.23219,-1,,,,0,True,,pending
doi:10.21573/vol42n12026.139503,-1,,,,0,True,,pending
doi:10.62711/ijite.v2i4.161,0,0,0.1,0,2,False,,pending
doi:10.5354/2452-5855.2025.74212,-1,,,,0,True,,pending
doi:10.53358/ecosacademia.v11i22.1280,4,4,4.1,4,2,False,,pending
doi:10.18004/pdfce/2076-054x/2026.032.62.007,14,14,14.2,14,2,False,,pending
doi:10.62319/simonrodriguez.v.6i11.162,5,5,5.1,5,2,False,,pending
doi:10.47865/igob.vol9.n33.2026.454,-1,,,,0,True,,pending
doi:10.71016/hnjss/8xsfz709,8,8,8.1,8,2,False,,pending
doi:10.47766/development.v2i2.1118,-1,,,,0,True,,pending
doi:10.64492/0pqcn185,14,14,14.1,14,2,False,,pending
doi:10.18004/riics.2025.diciembre.193,1,1,1.0,1,2,False,,pending
doi:10.36948/ijfmr.2024.v06i03.23615,0,0,0.2,0,2,False,,pending
doi:10.31435/ijitss.4(44).2024.2982,-1,,,,0,True,,pending
doi:10.5281/zenodo.19597322,14,14,14.2,14,2,False,,pending
doi:10.63371/ic.v4.n4.a451,4,4,4.1,4,2,False,,pending
doi:10.5281/zenodo.17518914,-1,,,,0,True,,pending
doi:10.31538/adrg.v5i1.1824,7,7,7.1,7,2,False,,pending
doi:10.5281/zenodo.19560588,-1,,,,0,True,,pending
doi:10.69481/styl09032024,7,7,7.1,7,2,False,,pending
doi:10.63816/939px056,20,20,20.0,20,2,False,,pending
doi:10.37811/cl_rcm.v6i6.4265,-1,,,,0,True,,pending
doi:10.59659/revistatribunal.v6i15.419,-1,,,,0,True,,pending
doi:10.23857/pc.v11i4.11424,14,14,14.0,14,2,False,,pending
doi:10.35537/10915/193460,-1,,,,0,True,,pending
doi:10.21831/cp.v43i3.74834,5,5,5.1,5,2,False,,pending
doi:10.58837/chula.educu.49.2.9,5,5,5.1,5,2,False,,pending
doi:10.29121/granthaalayah.v9.i5.2021.3943,3,3,3.0,3,2,False,,pending
doi:10.4324/9781003145288-4,2,2,2.1,2,2,False,,pending
doi:10.4324/9781003611189-5,16,16,16.0,16,2,False,,pending
doi:10.5281/zenodo.19871446,16,16,16.1,16,2,False,,pending
doi:10.33996/revistahorizontes.v9i38.1039,-1,,,,0,True,,pending
doi:10.3390/ijerph17061855,-1,,,,0,True,,pending
doi:10.1186/s12889-021-12152-2,-1,,,,0,True,,pending
doi:10.1186/s12889-021-10253-6,10,10,10.1,10,2,False,,pending
doi:10.1371/journal.pone.0287505,-1,,,,0,True,,pending
doi:10.3389/fpsyg.2021.740775,-1,,,,0,True,,pending
doi:10.1177/0886260520969243,15,15,15.1,15,2,False,,pending
doi:10.3390/ijerph20010805,3,3,,3,1,False,,pending
doi:10.4102/sajpsychiatry.v26i0.1428,15,15,,15,1,False,,pending
doi:10.1177/00111287231193992,15,15,15.1,15,2,False,,pending
doi:10.1177/14782103211040909,23,23,23.1,23,2,False,,pending
doi:10.52080/rvgluz.31.e15.22,14,14,14.1,14,2,False,,pending
doi:10.66707/b0yr1p62,-1,,,,0,True,,pending
doi:10.59282/reincisol.v5(9)1524,23,23,23.1,23,2,False,,pending
doi:10.56773/ejer.v1i2.7,-1,,,,0,True,,pending
doi:10.54536/ajahs.v3i4.3866,-1,,,,0,True,,pending
doi:10.62997/rl.2025.42055,5,5,5.0,5,2,False,,pending
doi:10.3389/feduc.2025.1683084,-1,,,,0,True,,pending
doi:10.55813/gaea/rcym/v3/n1/55,4,4,,4,1,False,,pending
doi:10.3389/fpsyg.2023.1280038,-1,,,,0,True,,pending
doi:10.3389/feduc.2022.958908,3,3,3.2,3,2,False,,pending
doi:10.37260/merito.i8n22.12,7,7,7.1,7,2,False,,pending
doi:10.23917/ijolae.v6i3.23839,0,0,0.2,0,2,False,,pending
doi:10.15517/revedu.v47i1.49904,-1,,,,0,True,,pending
doi:10.33386/593dp.2024.6.2817,-1,,,,0,True,,pending
doi:10.55873/racs.v4i2.407,-1,,,,0,True,,pending
doi:10.63688/ara55s65,14,14,14.1,14,2,False,,pending
doi:10.62319/simonrodriguez.v.6i11.148,15,15,15.0,15,2,False,,pending
doi:10.5281/zenodo.17525622,-1,,,,0,True,,pending
doi:10.1177/1741143220973658,25,25,,25,1,False,,pending
doi:10.21423/awlj-v30.a303,10,10,10.1,10,2,False,,pending
doi:10.1080/2005615x.2020.1842655,23,23,23.1,23,2,False,,pending
doi:10.1108/jpcc-06-2024-0097,23,23,23.1,23,2,False,,pending
doi:10.25054/01240307.2433,4,4,4.1,4,2,False,,pending
doi:10.53382/issn.2810-7977.46,4,4,4.0,4,2,False,,pending
doi:10.63549/rg.v6i1.818,-1,,,,0,True,,pending
doi:10.20428/jst.v30i11.3194,0,0,,0,1,False,,pending
doi:10.1108/sup-09-2024-0021,19,19,,19,1,False,,pending
doi:10.1016/j.gaceta.2022.102256,-1,,,,0,True,,pending
doi:10.1016/j.tate.2022.103815,3,3,3.0,3,2,False,,pending
doi:10.46827/ejes.v12i5.5937,7,7,7.1,7,2,False,,pending
doi:10.3390/educsci13060606,4,4,4.1,4,2,False,,pending
doi:10.47297/wspchrmwsp2040-800506.20231403,-1,,,,0,True,,pending
doi:10.5281/zenodo.20286918,16,16,16.1,16,2,False,,pending
doi:10.23857/pc.v11i3.11282,15,15,,15,1,False,,pending
doi:10.1177/0308022619891841,4,4,4.1,4,2,False,,pending
doi:10.1109/access.2022.3198682,0,0,,0,1,False,,pending
doi:10.4102/td.v17i1.873,-1,,,,0,True,,pending
doi:10.1108/jea-04-2021-0073,-1,,,,0,True,,pending
doi:10.46627/sipose.v5i1.478,1,1,1.1,1,2,False,,pending
doi:10.51278/bpr.v5i1.1750,23,23,23.1,23,2,False,,pending
doi:10.61132/uranus.v3i2.802,0,0,0.1,0,2,False,,pending
doi:10.37811/cl_rcm.v7i4.7622,-1,,,,0,True,,pending
doi:10.15700/saje.v44ns1a2310,5,5,5.1,5,2,False,,pending
doi:10.37284/eajes.7.4.2338,5,5,5.0,5,2,False,,pending
doi:10.22521/edupij.2025.16.227,-1,,,,0,True,,pending
doi:10.22492/ije.13.3.09,5,5,5.0,5,2,False,,pending
doi:10.38159/ehass.20245113,5,5,5.0,5,2,False,,pending
doi:10.5281/zenodo.20435119,0,0,,0,1,False,,pending
doi:10.61285/r.e.l.-uisil.v11i01.234,5,5,5.1,5,2,False,,pending
doi:10.3390/safety11040108,3,3,3.2,3,2,False,,pending
doi:10.3390/su16219251,-1,,,,0,True,,pending
doi:10.35622/j.rr.2021.06.006,-1,,,,0,True,,pending
doi:10.5281/zenodo.21268308,-1,,,,0,True,,pending
doi:10.5281/zenodo.21280954,-1,,,,0,True,,pending
doi:10.5281/zenodo.20786273,-1,,,,0,True,,pending
doi:10.5281/zenodo.20802046,-1,,,,0,True,,pending
doi:10.17533/udea.ikala.362875,-1,,,,0,True,,pending
doi:10.52080/rvgluz.31.e15.28,17,17,17.1,17,2,False,,pending
doi:10.34140/bjbv8n2-107,-1,,,,0,True,,pending
doi:10.64018/neosapiencia.v4i1.144,14,14,14.0,14,2,False,,pending
doi:10.47058/joa14.2,-1,,,,0,True,,pending
doi:10.17613/gyff3-kt794,4,4,4.1,4,2,False,,pending
doi:10.17268/sciendo.v29n1.013,8,8,8.2,8,2,False,,pending
doi:10.56219/lneaimaginaria.v2i24.5574,18,18,18.0,18,2,False,,pending
doi:10.69639/arandu.v13i2.2254,15,15,,15,1,False,,pending
doi:10.55813/gaea/ccri/v7/n1/1510,4,4,4.1,4,2,False,,pending
doi:10.82992/intellectum/handle.10818.253,-1,,,,0,True,,pending
doi:10.66707/6q7nq987,0,0,0.3,0,2,False,,pending
doi:10.22507/rli.v23n1a3529,-1,,,,0,True,,pending
doi:10.82992/intellectum/handle.10818.4868,-1,,,,0,True,,pending
doi:10.1590/es.304076,-1,,,,0,True,,pending
doi:10.1590/s0104-40362026003405015,-1,,,,0,True,,pending
doi:10.65415/kvbh1962,8,8,8.2,8,2,False,,pending
doi:10.67461/885dma96,14,14,14.2,14,2,False,,pending
doi:10.37811/cl_rcm.v10i3.24038,-1,,,,0,True,,pending
doi:10.38178/07183089/1724260513,14,14,14.2,14,2,False,,pending
doi:10.47865/igob.vol9.n34.2026.464,-1,,,,0,True,,pending
doi:10.26620/uniminuto.praxis.25.39.2025.109-127,14,14,14.1,14,2,False,,pending
doi:10.61303/2735668x.v5i1.117,-1,,,,0,True,,pending
doi:10.61384/r.c.a..v6i2.1916,10,10,10.1,10,2,False,,pending
doi:10.1177/17411432241293563,12,12,,12,1,False,,pending
doi:10.63415/saga.v2i1.41,-1,,,,0,True,,pending
doi:10.65415/dnvea938,4,4,4.1,4,2,False,,pending
doi:10.37811/cl_rcm.v10i3.24669,-1,,,,0,True,,pending
doi:10.55028/dfbv8s36,-1,,,,0,True,,pending
doi:10.70625/rlce/789,20,20,20.0,20,2,False,,pending
doi:10.56219/dialctica.v3i29.5774,-1,,,,0,True,,pending
doi:10.37811/cl_rcm.v10i3.24771,13,13,13.1,13,2,False,,pending
doi:10.63415/saga.v2i1.45,0,0,0.3,0,2,False,,pending
doi:10.67166/zx66h974,16,16,16.1,16,2,False,,pending
doi:10.65705/rhomu.v3i1.119,-1,,,,0,True,,pending
doi:10.13042/bordon.2026.117112,19,19,19.0,19,2,False,,pending
doi:10.5354/0719-6296.2026.79773,-1,,,,0,True,,pending
doi:10.35290/rcui.v12n3.2025.1613,14,14,14.0,14,2,False,,pending
doi:10.59343/yuyay.v2i1.39,-1,,,,0,True,,pending
doi:10.70577/zra0zy42,14,14,14.0,14,2,False,,pending
doi:10.15517/rge.v9i1.53603,14,14,14.1,14,2,False,,pending
doi:10.46954/revistages.v5i1.74,14,14,14.2,14,2,False,,pending
doi:10.33326/26176041.2025.1.2389,-1,,,,0,True,,pending
doi:10.34893/gisst.v2i2.77,0,0,0.0,0,2,False,,pending
doi:10.37811/cl_rcm.v9i6.22206,-1,,,,0,True,,pending
doi:10.15517/rge.v9i1.52635,-1,,,,0,True,,pending
doi:10.15517/rge.v10i2.59283,0,0,0.0,0,2,False,,pending
doi:10.18235/0004632,11,11,,11,1,False,,pending
doi:10.1016/j.edumed.2025.101070,-1,,,,0,True,,pending
doi:10.47865/igob.vol6.n22.2023.254,-1,,,,0,True,,pending
doi:10.36260/rbr.v12i6.1970,-1,,,,0,True,,pending
doi:10.64639/dmvd0q69,0,0,0.0,0,2,False,,pending
doi:10.46932/sfjdv7n6-040,8,8,8.2,8,2,False,,pending
doi:10.23857/dc.v12i3.4914,-1,,,,0,True,,pending
doi:10.22458/ie.v27iespecial.6126,-1,,,,0,True,,pending
doi:10.55813/gaea/ccri/v7/n1/1509,-1,,,,0,True,,pending
doi:10.70577/mxsz0a68,4,4,4.1,4,2,False,,pending
doi:10.5281/zenodo.21401954,5,5,5.1,5,2,False,,pending
doi:10.51896/reea/uwcn9184,-1,,,,0,True,,pending
doi:10.60027/ijsasr.2025.7273,15,15,15.1,15,2,False,,pending
doi:10.31014/aior.1993.05.04.569,-1,,,,0,True,,pending
doi:10.47772/ijriss.2025.90300259,5,5,5.1,5,2,False,,pending
doi:10.23977/aduhe.2024.060422,0,0,0.3,0,2,False,,pending
doi:10.1007/978-981-16-9967-2_37,0,0,0.1,0,2,False,,pending
doi:10.71282/at-taklim.v2i1.36,0,0,0.2,0,2,False,,pending
doi:10.22363/2313-2272-2025-25-3-731-742,5,5,5.1,5,2,False,,pending
doi:10.17977/jptpp.v5i2.13194,-1,,,,0,True,,pending
doi:10.23887/jipp.v8i1.73725,7,7,7.1,7,2,False,,pending
doi:10.24042/terampil.v12i1.27890,-1,,,,0,True,,pending
doi:10.3390/soc16010020,5,5,,5,1,False,,pending
doi:10.1080/13632434.2020.1719400,-1,,,,0,True,,pending
doi:10.2478/amns-2025-0528,-1,,,,0,True,,pending
doi:10.4108/eai.17-9-2024.2352833,23,23,23.1,23,2,False,,pending
doi:10.62097/falasifa.v16i02.2474,24,24,24.1,24,2,False,,pending
doi:10.25077/amar.9.2.145-173.2025,9,9,,9,1,False,,pending
doi:10.34117/bjdv11n12-023,-1,,,,0,True,,pending
doi:10.30543/10-2(2021)-4,-1,,,,0,True,,pending
doi:10.47405/mjssh.v10i2.3232,7,7,7.0,7,2,False,,pending
doi:10.69714/rv353w94,5,5,5.1,5,2,False,,pending
doi:10.1080/08856257.2025.2517045,4,4,4.1,4,2,False,,pending
doi:10.1590/0102-469846659-t,1,1,1.0,1,2,False,,pending
doi:10.3389/fpubh.2025.1496631,4,4,4.1,4,2,False,,pending
doi:10.1080/00131881.2024.2361412,-1,,,,0,True,,pending
doi:10.1007/s12144-023-05387-2,7,7,7.1,7,2,False,,pending
doi:10.24256/kelola.v8i1.3452,0,0,0.0,0,2,False,,pending
doi:10.17759/pse.2022270503,4,4,4.1,4,2,False,,pending
doi:10.3390/educsci14070783,-1,,,,0,True,,pending
doi:10.1080/00220671.2025.2510397,16,16,16.0,16,2,False,,pending
doi:10.1080/13603124.2022.2068190,-1,,,,0,True,,pending
doi:10.4018/979-8-3373-3316-8.ch001,16,16,16.0,16,2,False,,pending
doi:10.3389/feduc.2021.706608,2,2,2.1,2,2,False,,pending
doi:10.1177/17411432251339712,3,3,3.2,3,2,False,,pending
doi:10.1080/09518398.2023.2233919,27,27,,27,1,False,,pending
doi:10.1080/09518398.2021.2003893,-1,,,,0,True,,pending
doi:10.1177/14782103221135620,3,3,3.2,3,2,False,,pending
doi:10.52305/mqvh3498,-1,,,,0,True,,pending
doi:10.1080/15700763.2022.2081218,17,17,17.0,17,2,False,,pending
doi:10.1177/08920206211021845,10,10,10.1,10,2,False,,pending
doi:10.1007/978-3-030-55027-1,-1,,,,0,True,,pending
doi:10.1007/978-3-030-54750-9_3,2,2,2.1,2,2,False,,pending
doi:10.36948/ijfmr.2025.v07i03.47989,-1,,,,0,True,,pending
doi:10.2478/picbe-2024-0206,2,2,2.1,2,2,False,,pending
doi:10.1177/0013161x231178023,-1,,,,0,True,,pending
doi:10.1080/00220620.2020.1785403,10,10,10.0,10,2,False,,pending
doi:10.31619/caledu.n56.1189,2,2,2.1,2,2,False,,pending
doi:10.2478/gssfj-2022-0002,2,2,2.1,2,2,False,,pending
doi:10.4324/9781003279334-5,13,13,13.1,13,2,False,,pending
doi:10.4018/978-1-6684-4144-2.ch007,-1,,,,0,True,,pending
doi:10.15575/al-aulad.v3i2.6686,-1,,,,0,True,,pending
doi:10.1177/17411432221132100,-1,,,,0,True,,pending
doi:10.1016/b978-0-12-818630-5.05072-7,-1,,,,0,True,,pending
doi:10.21831/cp.v41i2.45913,-1,,,,0,True,,pending
doi:10.1108/978-1-64802-374-3,-1,,,,0,True,,pending
doi:10.35445/alishlah.v16i1.4768,-1,,,,0,True,,pending
doi:10.17645/si.v9i4.4611,23,23,23.1,23,2,False,,pending
doi:10.4324/9781032686097,-1,,,,0,True,,pending
doi:10.1108/jea-03-2024-0062,3,3,3.2,3,2,False,,pending
doi:10.47772/ijriss.2025.909000513,-1,,,,0,True,,pending
doi:10.5281/zenodo.21429344,6,6,6.0,6,2,False,,pending
doi:10.70747/cr.v4i3.434,-1,,,,0,True,,pending
doi:10.5281/zenodo.21697023,-1,,,,0,True,,pending
doi:10.59659/impulso.v.6i15.344,-1,,,,0,True,,pending
doi:10.69821/remuvac.v2i2.256,-1,,,,0,True,,pending
doi:10.4324/9781003376545-7,-1,,,,0,True,,pending
doi:10.1002/piq.21371,-1,,,,0,True,,pending
doi:10.32678/tarbawi.v10i02.10030,0,0,0.2,0,2,False,,pending
doi:10.1080/13632434.2021.1887644,-1,,,,0,True,,pending
doi:10.67595/micropolitica-gestion-escolar-sujeto-politico,1,1,,1,1,False,,pending
doi:10.35622/inudi.c.04.09,0,0,0.1,0,2,False,,pending
doi:10.5281/zenodo.5617257,-1,,,,0,True,,pending
doi:10.38124/ijisrt/26jan1335,6,6,6.1,6,2,False,,pending
doi:10.69639/arandu.v12i2.1234,-1,,,,0,True,,pending
doi:10.1007/978-3-031-70839-8,-1,,,,0,True,,pending
doi:10.55813/gaea/rcym/v4/n1/157,0,0,0.3,0,2,False,,pending
doi:10.51214/biis.v4i1.1539,24,24,24.1,24,2,False,,pending
doi:10.58738/qanun.v4i4.1313,24,24,24.1,24,2,False,,pending
record:6cbe322cc2e858e9e6aa563b,-1,,,,0,True,,pending
record:60e2cf8d8c750baf4d76fe99,15,15,15.1,15,2,False,,pending
record:677b12aa34f75cb81bcdbcdd,0,0,0.0,0,2,False,,pending
record:2b2855d4fdc7d4febb4c5482,6,6,6.0,6,2,False,,pending
record:f4972dd162e9b39087524189,4,4,4.1,4,2,False,,pending
record:bd388306e25c4a7b0cbba8c2,-1,,,,0,True,,pending
record:ab287a6dfe459cbb515ace1e,10,10,10.1,10,2,False,,pending
record:51d4ce208d3e7b657b1fb45f,-1,,,,0,True,,pending
doi:10.63371/ic.v5.n3.a1454,19,19,19.1,19,2,False,,pending
doi:10.63371/ic.v5.n3.a1457,13,13,13.0,13,2,False,,pending
doi:10.63688/gmdhk517,-1,,,,0,True,,pending
doi:10.32955/neuje.v3i2.246,-1,,,,0,True,,pending
doi:10.1177/21582440231197624,23,23,23.0,23,2,False,,pending
doi:10.1007/978-3-032-13203-1_26,18,18,18.0,18,2,False,,pending
doi:10.4324/9781003268055-10,-1,,,,0,True,,pending
doi:10.1108/978-1-83608-096-1,2,2,2.1,2,2,False,,pending
record:0dc202892d7e2cde862a2bb6,-1,,,,0,True,,pending
record:8a5d1ba6ad99e333a4130e7d,0,0,0.3,0,2,False,,pending
doi:10.37811/cl_rcm.v10i4.25209,8,8,8.2,8,2,False,,pending
doi:10.3390/educsci15050575,-1,,,,0,True,,pending
doi:10.1007/s13384-024-00771-8,16,16,16.0,16,2,False,,pending
doi:10.61616/rvdc.v7i2.1693,-1,,,,0,True,,pending
doi:10.60100/rcmg.v6i1.609,13,13,13.1,13,2,False,,pending
doi:10.36713/epra24344,1,1,1.1,1,2,False,,pending
doi:10.1257/rct.12922-1.2,1,1,1.1,1,2,False,,pending
doi:10.1515/9783110769609-014,23,23,23.1,23,2,False,,pending
doi:10.1080/03055698.2022.2103647,-1,,,,0,True,,pending
doi:10.55215/pedagogia.v16i2.2,5,5,5.1,5,2,False,,pending
doi:10.56219/dialctica.v2i30.6081,4,4,,4,1,False,,pending
doi:10.5281/zenodo.21982250,-1,,,,0,True,,pending
doi:10.33996/revistahorizontes.v8i34.841,2,2,2.1,2,2,False,,pending
doi:10.11600/rlcsnj.11.2.951,-1,,,,0,True,,pending
doi:10.5944/educxx1.42756,14,14,14.1,14,2,False,,pending
doi:10.15517/revedu.v47i1.51953,-1,,,,0,True,,pending
doi:10.3390/systems12120559,13,13,,13,1,False,,pending
doi:10.15366/riejs2023.12.1.008,-1,,,,0,True,,pending
doi:10.37811/cl_rcm.v8i5.14182,2,2,2.1,2,2,False,,pending
doi:10.17583/generos.10731,3,3,3.0,3,2,False,,pending
doi:10.29286/rep.v29ijan/dez.10486,-1,,,,0,True,,pending
doi:10.69890/hallazgos21.v7i3.594,-1,,,,0,True,,pending
doi:10.5354/2452-5014.2025.79943,4,4,4.0,4,2,False,,pending
doi:10.1590/es.293607,-1,,,,0,True,,pending
doi:10.5354/2735-7279.2025.75166,4,4,4.0,4,2,False,,pending
doi:10.3776/tpre.2024.v14n1p156-182,-1,,,,0,True,,pending
doi:10.66136/nhnxgm93,1,1,1.1,1,2,False,,pending
doi:10.18861/cied.2025.16.1.3987,-1,,,,0,True,,pending
doi:10.4151/07189729-vol.63-iss.1-art.1515,19,19,19.0,19,2,False,,pending
doi:10.64747/r0zq9d03,4,4,4.1,4,2,False,,pending
doi:10.56712/latam.v6i4.4427,13,13,13.1,13,2,False,,pending
doi:10.15517/w62jxy05,-1,,,,0,True,,pending
doi:10.52501/cc.383.09,22,22,22.1,22,2,False,,pending
doi:10.61384/r.c.a..v5i2.1140,-1,,,,0,True,,pending
doi:10.25145/j.qurricul.2023.36.05,2,2,2.1,2,2,False,,pending
doi:10.71112/s2c0xe71,13,13,13.1,13,2,False,,pending
doi:10.26822/iejee.2025.413,-1,,,,0,True,,pending
doi:10.61325/ser.v4i4.235,-1,,,,0,True,,pending
doi:10.37811/cl_rcm.v7i5.8198,13,13,13.1,13,2,False,,pending
doi:10.37811/cl_rcm.v8i6.15475,-1,,,,0,True,,pending
doi:10.69821/plagcis.8.c44,13,13,13.1,13,2,False,,pending
record:06fc829c688115965d64f376,8,8,8.0,8,2,False,,pending
doi:10.36436/23824905.507,13,13,13.1,13,2,False,,pending
record:fb5bae279ea838a243bf82cc,-1,,,,0,True,,pending
doi:10.37260/alternancia.v6n11.2,-1,,,,0,True,,pending
doi:10.63549/rg.v5i3.711,-1,,,,0,True,,pending
record:a0a9b7644f079cf9c1256b40,8,8,8.0,8,2,False,,pending
doi:10.70881/mcj/v4/n2/147,-1,,,,0,True,,pending
record:80a9ab775b854b6041176bbc,-1,,,,0,True,,pending
doi:10.5354/2452-5014.2024.75437,-1,,,,0,True,,pending
record:e414dea7fcd806eb5dc14727,-1,,,,0,True,,pending
doi:10.17981/cultedusoc.16.2.2025.6552,-1,,,,0,True,,pending
doi:10.5354/2452-5014.2025.77654,13,13,13.1,13,2,False,,pending
doi:10.32719/26312816.5720,-1,,,,0,True,,pending
doi:10.70577/vq2n5t68,10,10,10.1,10,2,False,,pending
doi:10.32351/rca.v10.383,7,7,7.0,7,2,False,,pending
doi:10.33970/eetes.v10.n1.2026.465,13,13,13.0,13,2,False,,pending
doi:10.54802/r.esp.n1.2025.167,-1,,,,0,True,,pending
doi:10.1080/15700763.2021.1905004,-1,,,,0,True,,pending
doi:10.46652/religacionpress.399.c827,-1,,,,0,True,,pending
record:6ffb1975eea076dc7463fe02,-1,,,,0,True,,pending
doi:10.61728/ae24080040,-1,,,,0,True,,pending
record:7d2d95766d71d5b1e582ead1,6,6,6.0,6,2,False,,pending
doi:10.25115/kasp.v5i4.10320,-1,,,,0,True,,pending
doi:10.62131/mlaj-v3-n2-038,6,6,6.1,6,2,False,,pending
record:0794f6698e01e93835adfbec,-1,,,,0,True,,pending
record:3989ff5630f26569be03d4fd,-1,,,,0,True,,pending
doi:10.59764/ceo.132,6,6,,6,1,False,,pending
record:412c2c94610777a1040b0339,8,8,8.0,8,2,False,,pending
doi:10.32776/eyc.v12i60.743,14,14,14.1,14,2,False,,pending
doi:10.17227/rce.num94-17898,4,4,4.0,4,2,False,,pending
doi:10.35445/alishlah.v16i3.5568,5,5,5.1,5,2,False,,pending
doi:10.17979/sportis.2026.12.1.12385,-1,,,,0,True,,pending
doi:10.34140/bjbv8n2-049,-1,,,,0,True,,pending
doi:10.47820/recima21.v5i9.5677,4,4,4.1,4,2,False,,pending
doi:10.18041/2745-1453/rac.4.10376,19,19,,19,1,False,,pending
doi:10.5354/2452-5014.2025.77614,-1,,,,0,True,,pending
doi:10.82992/intellectum/handle.10818.7238,21,21,21.0,21,2,False,,pending
doi:10.29228/inesjournal.67734,-1,,,,0,True,,pending
doi:10.57239/pjlss-2024-22.2.001383,0,0,,0,1,False,,pending
doi:10.7764/tesisuc/edu/111781,-1,,,,0,True,,pending
doi:10.7764/tesisuc/edu/111786,-1,,,,0,True,,pending
doi:10.7764/tesisuc/edu/111804,-1,,,,0,True,,pending
doi:10.30972/riie.16228045,-1,,,,0,True,,pending
doi:10.34140/bjbv7n4-057,19,19,19.1,19,2,False,,pending
doi:10.22490/26194759.4335,-1,,,,0,True,,pending
doi:10.38140/ijer-2024.vol6.09,10,10,10.1,10,2,False,,pending
doi:10.4018/979-8-3373-5686-0.ch002,2,2,2.1,2,2,False,,pending
doi:10.1080/13504622.2022.2045255,18,18,18.1,18,2,False,,pending
doi:10.15293/1812-9463.2402.03,5,5,5.1,5,2,False,,pending
doi:10.5281/zenodo.22088803,-1,,,,0,True,,pending
doi:10.69821/constellations.v4i2.179,14,14,14.1,14,2,False,,pending
doi:10.5281/zenodo.22049604,-1,,,,0,True,,pending
record:1353011ba438f4114c19f993,-1,,,,0,True,,pending
doi:10.52501/cc.310.11,14,14,14.2,14,2,False,,pending
doi:10.37811/cl_rcm.v10i1.22863,12,12,12.1,12,2,False,,pending
doi:10.25074/pfr.v0i26.2169,22,22,22.0,22,2,False,,pending
doi:10.66473/rcmg.v7i2.1439,-1,,,,0,True,,pending
doi:10.70577/reg.v5i3.851,5,5,5.1,5,2,False,,pending
doi:10.51473/rcmos.v1i2.2025.1347,-1,,,,0,True,,pending
record:af9c26006d26c497e2422c68,8,8,8.0,8,2,False,,pending
doi:10.55813/gaea/ccri/v6/ne1/706,16,16,16.1,16,2,False,,pending
doi:10.33650/afkarina.v9i1.9397,-1,,,,0,True,,pending
doi:10.53935/jomw.v2024i4.369,0,0,0.3,0,2,False,,pending
doi:10.1080/29931495.2025.2557067,18,18,,18,1,False,,pending
doi:10.59890/ijarss.v3i5.37,16,16,16.1,16,2,False,,pending
doi:10.1007/s10942-026-00658-w,-1,,,,0,True,,pending
doi:10.33394/jk.v9i3.8790,-1,,,,0,True,,pending
record:dc1343bca7b04a0793c3055c,13,13,,13,1,False,,pending
record:e7d9f86053b6eb50d95d7219,-1,,,,0,True,,pending
record:39556965c349d1eeda1e608b,-1,,,,0,True,,pending
record:5f4ba097c47c559915f81dfe,22,22,,22,1,False,,pending
doi:10.24065/2237-9460.2015v1n1id1657,11,11,11.0,11,2,False,,pending
record:43c0a2fdc90ac66d489a9707,11,11,11.1,11,2,False,,pending
record:e53e9bf901e2aa2299612bde,4,4,,4,1,False,,pending
record:d0253eaa67df74323fdf4d61,-1,,,,0,True,,pending
record:c8030d6b5bda54bd78772b85,-1,,,,0,True,,pending
record:2373fa6ed32975d830c67fc8,21,21,,21,1,False,,pending
record:439973b2654fdcbdcf209131,-1,,,,0,True,,pending
record:7e3bfe224a6008481a07eaf5,-1,,,,0,True,,pending
record:77169237c2d63aae51627466,-1,,,,0,True,,pending
record:f20004c30e61b5641eb71a19,-1,,,,0,True,,pending
record:b17eb77951eba8b5fb0e72af,14,14,14.2,14,2,False,,pending
record:583f98532f564ed9131c5f5c,-1,,,,0,True,,pending
record:ac17dae244a7ab05002e770a,15,15,15.0,15,2,False,,pending
record:23684482eed4a94093366631,4,4,,4,1,False,,pending
record:31ae656430daaf8c150e0317,8,8,8.1,8,2,False,,pending
record:5c733b555897e88cef2d7ceb,8,8,8.1,8,2,False,,pending
record:7ec0496e230c68aba5b60e96,-1,,,,0,True,,pending
record:9f2fa00b8c2da669bb0e7ba6,8,8,,8,1,False,,pending
record:b17051e1639c4deb83f66f04,8,8,,8,1,False,,pending
record:3a80d84aff75e4a97529bcb5,8,8,8.2,8,2,False,,pending
record:008f5ed679416e983e953767,8,8,8.2,8,2,False,,pending
record:5693f2fbae2c9af9d2c86e5a,-1,,,,0,True,,pending
record:8ada499a93faa96e27a34abf,8,8,,8,1,False,,pending
record:b22d03b59b2cfeb90ad2c27f,8,8,,8,1,False,,pending
record:bee5638ae3582b06187ddc92,8,8,8.2,8,2,False,,pending
record:d76ae4cdfc891c307c3e159c,8,8,8.2,8,2,False,,pending
record:7b165d6c6167ab23637f4c6e,8,8,8.1,8,2,False,,pending
record:c8715fdc1d687fa0720451e4,8,8,8.2,8,2,False,,pending
record:acc0f2a73ba196432d9cb2ab,-1,,,,0,True,,pending
record:456e4dc4d1816ecbf86203c4,8,8,8.2,8,2,False,,pending
record:230fa382d9a1281aa8d08166,-1,,,,0,True,,pending
record:3c8c25ab54cbf46a6b2664c4,13,13,13.1,13,2,False,,pending
record:37a4724ff00500cddf14453e,6,6,6.1,6,2,False,,pending
record:028422e9addfebaf0eeb24bb,-1,,,,0,True,,pending
record:20e385a71358f762f1775dc9,-1,,,,0,True,,pending
record:62056857f23fd668cf824111,-1,,,,0,True,,pending
record:a8151e37cad97eb0b618e798,-1,,,,0,True,,pending
record:63564ec815413f42fd35c1f5,-1,,,,0,True,,pending
record:dffc97de6b5f6fc44c53bbc6,-1,,,,0,True,,pending
doi:10.51896/rilcods.v7i71.988,5,5,5.1,5,2,False,,pending
record:5b4259cd4ca122dc1637e8b8,8,8,,8,1,False,,pending
record:9f7ce1d295c412061c163c33,-1,,,,0,True,,pending
record:2123e5adb4e772b25966e88d,4,4,4.1,4,2,False,,pending
record:2f65684693cf5532f91e9090,8,8,,8,1,False,,pending
record:9e6b279c3690576201ad6ee8,-1,,,,0,True,,pending
record:0a069c0db8c558d78b6f4644,0,0,,0,1,False,,pending
record:8552abe772c56db10ed2c7df,8,8,8.2,8,2,False,,pending
record:fc9eb4bd5bfb5604865cd2d2,1,1,1.0,1,2,False,,pending
record:247553b963eebb6c3bfa63f0,-1,,,,0,True,,pending
record:54807b814806773c7949a22a,0,0,0.3,0,2,False,,pending
record:af76e3bfcaa033aa8420ce00,8,8,,8,1,False,,pending
record:b913d0646b0430373bbdde4d,8,8,,8,1,False,,pending
record:a744a4518fdabb939a40d301,18,18,18.1,18,2,False,,pending
record:78fd5bbf1638fa9d22237483,-1,,,,0,True,,pending
record:403034305118a984467bd514,8,8,,8,1,False,,pending
record:edc1e2a1486f91919ea94635,0,0,0.0,0,2,False,,pending
record:b5bc0ce64f0d2b81e24e9062,8,8,8.1,8,2,False,,pending
record:ef16bea3caa3f79c8e0b38f9,8,8,8.1,8,2,False,,pending
record:b988cd5ef69649c0432ee3ca,4,4,4.1,4,2,False,,pending
record:0fefacd7d12b218e05bb0cda,-1,,,,0,True,,pending
record:2bfbd5fb567bd66788111848,8,8,,8,1,False,,pending
record:5243614cf4539df46f8092eb,-1,,,,0,True,,pending
record:ce65702e8c74b6e86566fdc9,8,8,8.2,8,2,False,,pending
record:c841fd0d09fbfb9abbac9e38,17,17,17.1,17,2,False,,pending
record:551732f339a71ab76243cd2f,6,6,6.1,6,2,False,,pending
record:3f4a6a57b17424acbca243df,-1,,,,0,True,,pending
record:4518339515269f286430724e,8,8,8.2,8,2,False,,pending
record:8b83f11428453adaafac1dce,-1,,,,0,True,,pending
record:20f37c0354b54959322b1f50,21,21,21.1,21,2,False,,pending
record:87e97a8d86979f86b9141b33,8,8,8.2,8,2,False,,pending
record:ad0612a5c7fd43eb15f92e21,6,6,6.1,6,2,False,,pending
record:c603e897c92aecce6f8954b7,-1,,,,0,True,,pending
record:d228b52cc0e215b639fc4a2d,6,6,6.0,6,2,False,,pending
record:5d4f1fd45055cea674148617,5,5,5.1,5,2,False,,pending
record:472bfcc589b852c9f007e89c,8,8,8.2,8,2,False,,pending
record:db74bb35972c71540adfcad9,21,21,21.1,21,2,False,,pending
record:fc08bff03913dff31f9cf4fd,6,6,6.1,6,2,False,,pending
record:3a7d056d2a66b8e58dd41a05,-1,,,,0,True,,pending
record:47ae0e47ca58fa691763cd71,8,8,8.2,8,2,False,,pending
record:9c6faff9af23f9bd1156fe89,8,8,8.1,8,2,False,,pending
record:a4621b0e2a0975ff3bb90653,8,8,8.1,8,2,False,,pending
record:1d935569f4d5b34a4659f75d,-1,,,,0,True,,pending
record:02f0c8b0624d670b9f2dfb1f,-1,,,,0,True,,pending
record:936c3525beb8c5a2e0afa089,21,21,21.0,21,2,False,,pending
record:aa016509c2facadcb5287372,6,6,6.1,6,2,False,,pending
record:53363b18ade16a1c4f6018c9,16,16,16.1,16,2,False,,pending
record:73f95a50a70e2d757a445f72,-1,,,,0,True,,pending
record:a8855e3e6da21998c61a2681,21,21,,21,1,False,,pending
record:965761d639eca23bc3b7f88f,-1,,,,0,True,,pending
record:0740d60b21efd64b4d27ab20,-1,,,,0,True,,pending
record:d27e0e292a5035473a1ded07,-1,,,,0,True,,pending
record:eef1775138e93f4dfc4a9af3,8,8,8.2,8,2,False,,pending
record:25acd7cf881467c02e5c5893,6,6,6.0,6,2,False,,pending
record:b4792da098ed40d1d6ac97b8,8,8,8.1,8,2,False,,pending
record:e424a8740dae2684b1e6cc50,8,8,8.2,8,2,False,,pending
record:5cf6c2e72cb712af9f21b043,10,10,10.1,10,2,False,,pending
record:ff6d0ee04fa4ea440c00b550,8,8,,8,1,False,,pending
record:3803c424156f8380fbdecc47,21,21,21.1,21,2,False,,pending
record:27534bcf64e5aacaa57676c1,0,0,0.3,0,2,False,,pending
record:1b96c0c440d4cb290d260d18,6,6,6.1,6,2,False,,pending
record:4853cecb2e66c8b89998e4d6,8,8,8.2,8,2,False,,pending
record:c3efd33fe434f4a4134532ac,8,8,8.2,8,2,False,,pending
record:3052f0cd7c2c7239ff3528d7,-1,,,,0,True,,pending
record:4a3a784e3827d8e4eb364003,8,8,8.2,8,2,False,,pending
record:c90c82b4e7f2a30f17a2ed4f,6,6,6.1,6,2,False,,pending
record:12c6c72565532cd983025ba4,-1,,,,0,True,,pending
record:68baa4a964936bbf6ff578d2,6,6,,6,1,False,,pending
record:6ad99baf47beffad06cadb6f,-1,,,,0,True,,pending
record:b93775db4af0ed0593257503,21,21,21.1,21,2,False,,pending
record:49f081ad6b985c0c9491b28a,-1,,,,0,True,,pending
record:d514726be166d020bc11356b,-1,,,,0,True,,pending
record:bd514b46a0eee14c117c29f9,8,8,8.2,8,2,False,,pending
record:dc684150f4728692c311a496,8,8,8.2,8,2,False,,pending
record:f849db3dffde6534a4bfe347,8,8,8.2,8,2,False,,pending
record:48a68b0d4af01995fdcd52bf,21,21,21.1,21,2,False,,pending
record:b15b00b5fa4dd0d03f305296,15,15,15.0,15,2,False,,pending
doi:10.66707/tk71hn82,14,14,14.1,14,2,False,,pending
record:0273dc57040b7822331b246b,-1,,,,0,True,,pending
record:ba36ee5ce3bce064c3e305e2,-1,,,,0,True,,pending
record:7f45a56b22d124a80cc15aac,21,21,21.1,21,2,False,,pending
record:f79d9e248f6ca66c86dfb756,16,16,16.1,16,2,False,,pending
record:046d6e6f2d29f8f907b1b8e1,8,8,8.1,8,2,False,,pending
record:fcd281b1441eb0546eba4a34,8,8,8.2,8,2,False,,pending
record:fb1d5e9c02c0c38de9b4577c,0,0,0.1,0,2,False,,pending
record:9842d145b1974e47fe1d052d,8,8,8.2,8,2,False,,pending
record:5e44b693eddc5fffea599341,-1,,,,0,True,,pending
record:ccc8f14138e00e77cba64fa8,-1,,,,0,True,,pending
record:022a3bc2c2538a364c3faeca,-1,,,,0,True,,pending
record:842f5a8841afab4242bab893,15,15,15.0,15,2,False,,pending
record:c73a82eece9a6e2434cab8ca,21,21,21.1,21,2,False,,pending
record:23398ea37fdc77598005813c,-1,,,,0,True,,pending
record:7260a453557ff1d4b0bbe3b5,4,4,,4,1,False,,pending
record:4e0bf8772db07419148820f0,14,14,14.1,14,2,False,,pending
record:ea44aca3f9b2b2da294456a4,-1,,,,0,True,,pending
record:c03df5f7ea09a3c0e4bf1050,8,8,8.2,8,2,False,,pending
record:653ba911f81cdd26c071ca1d,8,8,8.2,8,2,False,,pending
record:7ef2ed2dab438c782a9b3190,14,14,,14,1,False,,pending
record:9e98f21f1e94e17a2df21998,21,21,21.1,21,2,False,,pending
record:0313b153e64dec8d0d6b8e92,21,21,21.1,21,2,False,,pending
record:1f86ff61b102d7f34f2bd603,4,4,4.1,4,2,False,,pending
record:677555eb93ede022c7c73444,-1,,,,0,True,,pending
record:a725bc7f07ee753aa24f7694,4,4,4.1,4,2,False,,pending
record:d4d2781e5738e57b3d7b9d9d,-1,,,,0,True,,pending
record:cc8533d2319d4dfbf9d1870e,-1,,,,0,True,,pending
record:a3efb562e8f795ab1fcdb8cc,4,4,4.1,4,2,False,,pending
record:28acbaf08050aecfaf1c037d,-1,,,,0,True,,pending
record:344b787a280c2ca585cd6f78,8,8,8.2,8,2,False,,pending
record:b2966ad0c4c22e6eef470380,-1,,,,0,True,,pending
record:e5fc2c69bf40e0453e83cef3,-1,,,,0,True,,pending
record:303f7a684d2721a57bc643f0,-1,,,,0,True,,pending
record:f5e85a0122519fc958e69840,-1,,,,0,True,,pending
record:a481c2758d1cbdf5dde00cbb,17,17,17.1,17,2,False,,pending
record:cdd10fd34d025698299fb706,15,15,15.0,15,2,False,,pending
record:bcb2505bdab228e555c0fde1,21,21,21.1,21,2,False,,pending
record:8b242fd7aca377511d6b23ca,-1,,,,0,True,,pending
record:c632dc4a8a55ad5c823d0ed7,18,18,18.1,18,2,False,,pending
record:c7af1f7e773a8d2e2df0c575,8,8,8.2,8,2,False,,pending
record:c1fe58df8ccb43cc1b8c1762,-1,,,,0,True,,pending
record:71454db755c790c65ad0091b,0,0,,0,1,False,,pending
record:b2262ab441be28dfe3adbeac,-1,,,,0,True,,pending
record:c6c6adfa714a4dc6e9fb504f,-1,,,,0,True,,pending
record:4e8864e9a3664044432a3a82,0,0,0.1,0,2,False,,pending
record:583cd40cca830da94bb612b0,-1,,,,0,True,,pending
record:ae531aec10932f6fe06c7196,15,15,15.1,15,2,False,,pending
record:c8c6486dc449e27ae22a046d,-1,,,,0,True,,pending
record:58709de2d10ce05ef2010e6a,6,6,6.0,6,2,False,,pending
record:14369f94511f8d46ef4f6c12,4,4,4.1,4,2,False,,pending
record:335df843587126d97910cdb9,0,0,,0,1,False,,pending
record:a290b4a0ee532319e08ab558,4,4,,4,1,False,,pending
record:8f4c1697ea8f6e34f4f595a7,6,6,,6,1,False,,pending
record:474645e01d2252b01904471a,1,1,1.0,1,2,False,,pending
record:69adae0dca797ce936826e6f,15,15,15.0,15,2,False,,pending
record:b3f9009664f5de9671652b17,14,14,,14,1,False,,pending
record:51c30eef87206bb7946b3f31,4,4,4.0,4,2,False,,pending
record:55b5aebfccd6709b39f9b86e,11,11,,11,1,False,,pending
record:1a93bf6bf4ff7bb171b19b19,-1,,,,0,True,,pending
record:b4f54f8a19e4eed2f29058bd,-1,,,,0,True,,pending
record:d88d33ea308205fb2e44c724,-1,,,,0,True,,pending
record:a5a79b8684c98f856a6fe494,-1,,,,0,True,,pending
record:84f91f9c4b060ac321b190c6,-1,,,,0,True,,pending
record:a20f2bef84f0f8e11ba65452,22,22,22.1,22,2,False,,pending
record:7e1be1c14a6eeb4362cbaca9,-1,,,,0,True,,pending
record:bef6f361ec2ab1ed1e86543b,-1,,,,0,True,,pending
record:36e5440cf9635857006c9655,-1,,,,0,True,,pending
record:9779b2c3c3b2a00cccd265a2,1,1,1.1,1,2,False,,pending
record:4484384c2f354ac550362d5d,-1,,,,0,True,,pending
record:0d6f8de47ca1bfa06224b96b,-1,,,,0,True,,pending
record:0e803845efbe9a2e2ba8ef83,-1,,,,0,True,,pending
record:f53fea6eabb1a0cd1549f47b,-1,,,,0,True,,pending
record:04832233edd96abdbd6ad792,14,14,,14,1,False,,pending
record:d8c52c89a8c95bafc7989c63,-1,,,,0,True,,pending
record:68adc5dc4dc712d8f244b9a3,-1,,,,0,True,,pending
record:5f41b54336170ab7d72d356e,-1,,,,0,True,,pending
record:69c2b2ae56c56e2b6e1f9fa7,-1,,,,0,True,,pending
record:ae362bc9784a8a1a51a95bf9,8,8,8.0,8,2,False,,pending
record:72afa77508fc9c700d44850f,-1,,,,0,True,,pending
record:33559f0be7285e3e427d4c8a,13,13,13.1,13,2,False,,pending
record:1c4bd80dedc9da776bda8f9a,-1,,,,0,True,,pending
record:a4dea66c3d132eefe1ade417,-1,,,,0,True,,pending
record:be47635ba376c7987a59a1e4,-1,,,,0,True,,pending
doi:10.4151/07189729-vol.64-iss.2-art.1491,10,10,10.1,10,2,False,,pending
record:6afcb01f96b6be8db3d14fc0,-1,,,,0,True,,pending
record:765fb95c17dba357d4ae3bd3,-1,,,,0,True,,pending
doi:10.35305/rece.v1i21.957,5,5,5.1,5,2,False,,pending
record:1c2003ea54676d15ffa1072c,-1,,,,0,True,,pending
record:719182e0ad320fd9c529afbb,8,8,8.2,8,2,False,,pending
record:bfb4d5b229a62417a07d3ff4,-1,,,,0,True,,pending
doi:10.47865/igob.vol5.n17.2022.181,-1,,,,0,True,,pending
record:fd389b81dd5c81b8f2a2a5ae,-1,,,,0,True,,pending
record:114ae2d2b40811770ac3db30,6,6,6.1,6,2,False,,pending
record:b081f307c0f94dd3b999ee77,3,3,3.0,3,2,False,,pending
record:076292cdb134c49670fbec5b,-1,,,,0,True,,pending
record:8b515fb6ec553d8bba0fc908,0,0,0.0,0,2,False,,pending
record:843c93bb5b396dc2a568aaa4,1,1,1.1,1,2,False,,pending
record:ba0a513d15ad8bb73ea8dbf7,5,5,5.0,5,2,False,,pending
record:2a6ff4afd7681eecab12bd52,-1,,,,0,True,,pending
record:76d4ac12f829f1b7ecf52915,5,5,5.0,5,2,False,,pending
record:891124ed8faeae50894b6789,0,0,0.0,0,2,False,,pending
doi:10.21125/edulearn.2023.0392,0,0,,0,1,False,,pending
doi:10.35723/scis.v1i1.10,-1,,,,0,True,,pending
record:124fb0e5a4752dec773fe485,5,5,5.0,5,2,False,,pending
record:5dafdc5e92642737774921aa,-1,,,,0,True,,pending
record:12ef14b91e0130cdcb8e6ff9,-1,,,,0,True,,pending
doi:10.4135/9781071840801.n92,2,2,2.1,2,2,False,,pending
doi:10.4324/9781032666839-4,2,2,2.1,2,2,False,,pending
doi:10.4324/9781003623137-4,2,2,2.1,2,2,False,,pending
record:a697c343f95db71761935e22,-1,,,,0,True,,pending
record:6e67ec1a91ab817a610813c5,3,3,3.2,3,2,False,,pending
record:47ef3d9c2aa7ea11cfd627ab,-1,,,,0,True,,pending
record:ad5e4835f9c28af8447d7c40,9,9,9.0,9,2,False,,pending
record:42fb78fd4544464697dc80b2,2,2,2.1,2,2,False,,pending
record:8b7f2bfe98ddb34860db1b52,27,27,,27,1,False,,pending
record:b1975057146239bf79748463,-1,,,,0,True,,pending
record:10b2ffeefccb48b4fb1bc9cb,7,7,7.1,7,2,False,,pending
record:1660d63dc4004e7bf5459d66,21,21,21.0,21,2,False,,pending
record:04d342f6dff2139304c952c6,2,2,2.1,2,2,False,,pending
record:545ccba8ded726a03067fa7f,-1,,,,0,True,,pending
doi:10.19137/praxiseducativa-2026-300107,3,3,3.1,3,2,False,,pending
record:5923c3c241e6ce53cc870a2b,17,17,17.1,17,2,False,,pending
record:05b04acc6fc524e03e152af1,-1,,,,0,True,,pending
record:0e571cd068a41e34f85ceea0,-1,,,,0,True,,pending
record:97e115f27439b2dfe83ef207,3,3,3.1,3,2,False,,pending
doi:10.33255/18511562/1797,3,3,3.1,3,2,False,,pending
doi:10.52695/978-65-5456-163-1.5,-1,,,,0,True,,pending
record:80af7d73f0bf81d5a573a7bc,-1,,,,0,True,,pending
doi:10.28928/ri/962024/atc1/bechep,-1,,,,0,True,,pending
record:d81f6f9f8507cf160a05e48a,22,22,22.0,22,2,False,,pending
record:8baa513c56c7ac3f24e24690,-1,,,,0,True,,pending
doi:10.19137/praxiseducativa-2020-240308,0,0,0.0,0,2,False,,pending
doi:10.46616/rce.v9i14.106,3,3,3.0,3,2,False,,pending
record:d9eed710c39687ccf4e96b2e,-1,,,,0,True,,pending
doi:10.1017/s0021932024000142,3,3,3.0,3,2,False,,pending
doi:10.29333/iji.2023.16145a,7,7,7.0,7,2,False,,pending
doi:10.11144/javeriana.m18.cder,15,15,15.0,15,2,False,,pending
record:0416d5c4e72853f88e5b4852,-1,,,,0,True,,pending
doi:10.20873/uft.rbec.e11682,14,14,14.1,14,2,False,,pending
doi:10.22235/cp.v18i1.3316,15,15,15.1,15,2,False,,pending
doi:10.19137/els-2026-262609,5,5,5.1,5,2,False,,pending
doi:10.2478/jesm-2026-00012,16,16,16.1,16,2,False,,pending
doi:10.47750/pegegog.14.01.15,-1,,,,0,True,,pending
doi:10.58830/ozgur.pub1137.c4679,16,16,16.0,16,2,False,,pending
doi:10.55813/gaea/ccri/v7/ne1/1392,-1,,,,0,True,,pending
doi:10.29393/gp2-1gepe40001,-1,,,,0,True,,pending
doi:10.18800/educacion.202002.010,8,8,8.2,8,2,False,,pending
record:565e6d1b2444e65ebb411a39,0,0,0.1,0,2,False,,pending
record:a3c30eacf9ea35a90abbfc9c,-1,,,,0,True,,pending
doi:10.70577/s.e.v4i3.77,-1,,,,0,True,,pending
record:d26144c968559e232c039ad5,-1,,,,0,True,,pending
doi:10.15517/revedu.v46i1.44514,19,19,19.0,19,2,False,,pending
doi:10.65835/remulci.4.1.1812,-1,,,,0,True,,pending
doi:10.24275/uami.dz010q24d,-1,,,,0,True,,pending
record:3547500b2c5a588d4c64edab,-1,,,,0,True,,pending
doi:10.7821/naer.2022.7.937,4,4,4.0,4,2,False,,pending
doi:10.14482/zp.36.371.9,4,4,4.0,4,2,False,,pending
doi:10.15366/reice2020.18.2.005,-1,,,,0,True,,pending
doi:10.22201/iisue.24486167e.2023.179.60900,-1,,,,0,True,,pending
doi:10.17583/ijelm.10997,-1,,,,0,True,,pending
doi:10.21703/rexe.v22i49.1515,-1,,,,0,True,,pending
doi:10.5212/praxeduc.v.15.15092.049,23,23,23.0,23,2,False,,pending
doi:10.15198/seeci.2023.56.e837,13,13,13.0,13,2,False,,pending
doi:10.14507/epaa.29.5673,-1,,,,0,True,,pending
doi:10.32541/recie.2024.v8i1.pp167-189,4,4,4.0,4,2,False,,pending
doi:10.15366/reice2022.20.4.001,19,19,19.0,19,2,False,,pending
doi:10.17811/rifie.49.2.2020.151-158,-1,,,,0,True,,pending
doi:10.14482/zp.35.371.334,-1,,,,0,True,,pending
doi:10.17811/rifie.52.1.2023.33-42,-1,,,,0,True,,pending
doi:10.12795/revistafuentes.2024.23990,-1,,,,0,True,,pending
doi:10.59427/rcli/2023/v23cs.2656-2664,13,13,13.1,13,2,False,,pending
doi:10.17163/alt.v18n2.2023.06,-1,,,,0,True,,pending
doi:10.14201/teri.29361,-1,,,,0,True,,pending
doi:10.15366/reice2023.21.4.003,13,13,13.1,13,2,False,,pending
doi:10.33010/recie.v5i1.1010,-1,,,,0,True,,pending
doi:10.12973/eujem.5.2.97,-1,,,,0,True,,pending
doi:10.32735/s2735-65232020000366,19,19,19.0,19,2,False,,pending
doi:10.61325/ser.v1i5.28,6,6,6.0,6,2,False,,pending
doi:10.24265/iggp.2021.v8n1.06,-1,,,,0,True,,pending
doi:10.5281/zenodo.22345639,0,0,0.0,0,2,False,,pending
doi:10.59765/b9vy6,17,17,17.0,17,2,False,,pending
doi:10.82992/intellectum/handle.10818.8527,14,14,14.1,14,2,False,,pending
doi:10.14679/5036,4,4,4.1,4,2,False,,pending
doi:10.30827/profesorado.v25i3.9499,17,17,17.1,17,2,False,,pending
doi:10.30827/dreh.vi19.21893,-1,,,,0,True,,pending
doi:10.3390/educsci13101007,-1,,,,0,True,,pending
doi:10.15581/004.42.42345,-1,,,,0,True,,pending
doi:10.15517/revedu.v46i1.44499,-1,,,,0,True,,pending
doi:10.3390/socsci12090495,5,5,5.1,5,2,False,,pending
doi:10.53940/reys.v2i3.60,-1,,,,0,True,,pending
doi:10.33386/593dp.2021.2-2.588,13,13,,13,1,False,,pending
doi:10.33010/recie.v5i2.1070,-1,,,,0,True,,pending
doi:10.48204/j.centros.v13n1.a4638,-1,,,,0,True,,pending
record:08bc17b894ef54a7b28a494d,5,5,5.1,5,2,False,,pending
doi:10.1108/ijem-01-2025-0005,-1,,,,0,True,,pending
doi:10.1080/00313831.2025.2591156,-1,,,,0,True,,pending
doi:10.5281/zenodo.22708935,-1,,,,0,True,,pending
record:2dfcd92056fecf13ce913986,5,5,5.1,5,2,False,,pending
record:97b77beae4707797978dd806,21,21,21.0,21,2,False,,pending
doi:10.46990/iquatro.2026.04.27.18,-1,,,,0,True,,pending
doi:10.13140/rg.2.2.33032.17926,16,16,16.1,16,2,False,,pending
doi:10.48102/rlee.2026.56.3.1027,-1,,,,0,True,,pending
doi:10.61325/ser.v4i12.150,-1,,,,0,True,,pending
doi:10.30827/profesorado.v30i2.35883,-1,,,,0,True,,pending
doi:10.61616/rvdc.v6i1.557,-1,,,,0,True,,pending
doi:10.70747/cr.v3i2.49,-1,,,,0,True,,pending
doi:10.35537/10915/187532,-1,,,,0,True,,pending
doi:10.5354/2735-7279.2026.80594,23,23,23.1,23,2,False,,pending
doi:10.56219/trascendere.v2i8.6316,16,16,16.1,16,2,False,,pending
record:49009009b90d5619e2dd3b61,15,15,15.0,15,2,False,,pending
doi:10.23857/pc.v11i9.12519,-1,,,,0,True,,pending
doi:10.58515/036rspt,0,0,0.0,0,2,False,,pending
doi:10.1590/2175-6236136841vs02,3,3,3.0,3,2,False,,pending
doi:10.22596/erj2021.06.01.1.18,-1,,,,0,True,,pending
doi:10.46360/globus.edu.220251004,22,22,22.1,22,2,False,,pending
doi:10.17977/um048v30i1p90-97,4,4,4.1,4,2,False,,pending
doi:10.21154/muslimheritage.v8i2.5017,24,24,24.1,24,2,False,,pending
doi:10.67899/ar.v2i1.219,0,0,0.2,0,2,False,,pending
doi:10.1093/acrefore/9780190264093.013.627,-1,,,,0,True,,pending
record:ba971e309d803aa51ae03d65,8,8,8.2,8,2,False,,pending
doi:10.63969/ejb6de33,14,14,14.1,14,2,False,,pending
record:4d94225dcd0310b62b848e73,-1,,,,0,True,,pending
record:142acfeafdf3586246656bed,-1,,,,0,True,,pending
record:a72c6b2b6f193fc90e8a54cf,6,6,6.1,6,2,False,,pending
record:983a88c3535fe198151e1749,5,5,5.1,5,2,False,,pending
record:951467e3c0d55161b859ea3a,0,0,0.3,0,2,False,,pending
record:a25eca41e66ef2bda7cbe897,6,6,,6,1,False,,pending
record:9e74c53d5ee72519b4a30076,14,14,14.1,14,2,False,,pending
record:c372b8d006aa752a9827291a,-1,,,,0,True,,pending
doi:10.51891/rease.v8i4.4974,1,1,,1,1,False,,pending
doi:10.5281/zenodo.22978572,-1,,,,0,True,,pending
doi:10.26668/businessreview/2023.v8i4.1548,6,6,,6,1,False,,pending
doi:10.37811/cl_rcm.v8i6.15101,17,17,17.0,17,2,False,,pending
doi:10.22347/2175-2753v15i47.3922,-1,,,,0,True,,pending
doi:10.26885/rcei.13.2.149,-1,,,,0,True,,pending
doi:10.26820/reciamuc/8.(2).abril.2024.14-22,-1,,,,0,True,,pending
doi:10.4067/s0718-07052020000300167,-1,,,,0,True,,pending
doi:10.25053/redufor.v8.e10818,-1,,,,0,True,,pending
doi:10.22458/ie.v25i38.4127,3,3,,3,1,False,,pending
doi:10.56712/latam.v5i1.1700,-1,,,,0,True,,pending
doi:10.34632/investigacaoeducacional.2020.8504,-1,,,,0,True,,pending
doi:10.56712/latam.v5i2.1888,6,6,6.1,6,2,False,,pending
doi:10.33996/revistahorizontes.v9i37.952,13,13,13.0,13,2,False,,pending
doi:10.21573/vol37n12021.104495,1,1,1.0,1,2,False,,pending
doi:10.17583/ijelm.14765,13,13,13.1,13,2,False,,pending
doi:10.19136/etie.v7n14.6313,-1,,,,0,True,,pending
doi:10.26820/recimundo/9.(1).enero.2025.63-78,-1,,,,0,True,,pending
doi:10.9771/re.v11i2.42722,-1,,,,0,True,,pending
doi:10.22201/iisue.24486167e.2023.182.61511,-1,,,,0,True,,pending
doi:10.47865/igob.vol6.n22.2023.255,8,8,8.2,8,2,False,,pending
doi:10.37811/cl_rcm.v4i2.196,5,5,5.1,5,2,False,,pending
doi:10.35622/j.rr.2022.09.008,5,5,,5,1,False,,pending
doi:10.52080/rvgluz.27.8.47,17,17,17.1,17,2,False,,pending
doi:10.51896/rilco.v6i23.648,0,0,,0,1,False,,pending
doi:10.46377/dilemas.v8i3.2626,-1,,,,0,True,,pending
record:71d0dcfba8ee1685bdac5515,5,5,5.1,5,2,False,,pending
doi:10.33386/593dp.2021.2-1.533,-1,,,,0,True,,pending
doi:10.18004/riics.2021.diciembre.405,2,2,2.1,2,2,False,,pending
doi:10.18050/eduser.v10n1a4,-1,,,,0,True,,pending
doi:10.55204/trc.v4i1.e302,-1,,,,0,True,,pending
doi:10.35622/j.rg.2023.02.001,6,6,,6,1,False,,pending
doi:10.37811/cl_rcm.v7i2.5684,-1,,,,0,True,,pending
doi:10.33386/593dp.2023.1.1368,-1,,,,0,True,,pending
doi:10.35381/e.k.v5i1.1697,13,13,13.1,13,2,False,,pending
doi:10.5281/zenodo.5981354,-1,,,,0,True,,pending
doi:10.55777/rea.v14i28.3734,-1,,,,0,True,,pending
doi:10.37811/erc.v1i2.12,8,8,8.2,8,2,False,,pending
doi:10.35362/rie9015276,3,3,3.0,3,2,False,,pending
doi:10.33386/593dp.2021.2-1.531,-1,,,,0,True,,pending
doi:10.33996/cide.ecuador.lc4907807,-1,,,,0,True,,pending
doi:10.58995/redlic.ic.v1.n1.a4,21,21,21.1,21,2,False,,pending
doi:10.37811/cl_rcm.v6i4.2933,-1,,,,0,True,,pending
doi:10.17227/pys.num60-20050,-1,,,,0,True,,pending
doi:10.37843/rted.v18i1.589,23,23,23.1,23,2,False,,pending
doi:10.57166/micaela.v4.n1.2023.92,-1,,,,0,True,,pending
doi:10.33996/revistahorizontes.v6i22.331,-1,,,,0,True,,pending
doi:10.29394/scientific.issn.2542-2987.2024.9.e2.5.103-121,-1,,,,0,True,,pending
doi:10.35537/10915/111583,5,5,5.1,5,2,False,,pending
doi:10.33996/franztamayo.v3i6.315,-1,,,,0,True,,pending
doi:10.18800/educacion.202501.r001,2,2,2.1,2,2,False,,pending
doi:10.37811/cl_rcm.v8i6.14992,-1,,,,0,True,,pending
doi:10.51440/unsch.revistaeducacion.2021.19.196,8,8,8.2,8,2,False,,pending
doi:10.33996/revistahorizontes.v7i29.610,1,1,,1,1,False,,pending
doi:10.59427/rcli/2023/v23cs.1-13,-1,,,,0,True,,pending
doi:10.59427/rcli/2024/v24cs.100-107,8,8,8.2,8,2,False,,pending
doi:10.47865/igob.vol6.n22.2023.246,5,5,5.1,5,2,False,,pending
doi:10.5281/zenodo.7527638,-1,,,,0,True,,pending
doi:10.15517/rge.v8i1.51771,-1,,,,0,True,,pending
doi:10.56048/mqr20225.9.2.2025.e606,17,17,,17,1,False,,pending
doi:10.46498/reduipb.v26i1.1622,15,15,,15,1,False,,pending
doi:10.35381/cm.v10i18.1243,8,8,,8,1,False,,pending
doi:10.22458/ie.v27i42.5206,3,3,,3,1,False,,pending
doi:10.56048/mqr20225.7.4.2023.1957-1979,5,5,5.1,5,2,False,,pending
doi:10.38202/politicaygestioneducativa,-1,,,,0,True,,pending
record:4297479a73434c51d81bd262,5,5,5.1,5,2,False,,pending
record:52cda345300f9055ced4c0c7,-1,,,,0,True,,pending
doi:10.63535/libro-1,26,26,,26,1,False,,pending
record:1b1b0f7d5d166c1e18e40ac3,8,8,,8,1,False,,pending
doi:10.17163/abyaups.127.3,0,0,0.3,0,2,False,,pending
doi:10.52080/rvgluz.30.especial14.44,14,14,14.2,14,2,False,,pending
doi:10.9734/ajess/2022/v32i230763,15,15,15.1,15,2,False,,pending
doi:10.1007/s10639-021-10694-x,0,0,0.0,0,2,False,,pending
doi:10.58429/pgjsrt.v3n2a120,7,7,7.1,7,2,False,,pending
doi:10.1016/j.tate.2024.104656,-1,,,,0,True,,pending
doi:10.1016/j.ajss.2021.01.001,-1,,,,0,True,,pending
doi:10.1007/s10639-025-13596-4,16,16,16.0,16,2,False,,pending
doi:10.1016/j.tate.2024.104580,-1,,,,0,True,,pending
doi:10.1007/978-3-030-66252-3_2236,2,2,2.1,2,2,False,,pending
doi:10.1007/978-3-031-14510-0,2,2,2.1,2,2,False,,pending
doi:10.4324/9781138609877-ree212-1,10,10,10.1,10,2,False,,pending
doi:10.4018/979-8-3693-8734-4.ch008,16,16,,16,1,False,,pending
doi:10.1080/13632434.2022.2109620,-1,,,,0,True,,pending
doi:10.1080/15700763.2025.2451982,16,16,16.0,16,2,False,,pending
doi:10.3390/su122410354,0,0,,0,1,False,,pending
doi:10.4324/9781003360070,25,25,,25,1,False,,pending
doi:10.4324/9781003131496,2,2,2.1,2,2,False,,pending
doi:10.30560/jems.v3n1p13,2,2,2.1,2,2,False,,pending
doi:10.1177/19427751221094865,2,2,2.0,2,2,False,,pending
doi:10.3389/feduc.2023.1201698,19,19,,19,1,False,,pending
doi:10.1007/978-3-031-47616-7,-1,,,,0,True,,pending
doi:10.1080/15700763.2020.1838555,-1,,,,0,True,,pending
doi:10.17509/ije.v15i1.46153,-1,,,,0,True,,pending
doi:10.1007/978-3-030-74497-7_7,-1,,,,0,True,,pending
doi:10.31014/aior.1993.03.02.127,-1,,,,0,True,,pending
doi:10.46303/repam.2020.8,2,2,2.1,2,2,False,,pending
doi:10.1007/978-3-030-74497-7_12,-1,,,,0,True,,pending
doi:10.46303/jcve.2022.24,-1,,,,0,True,,pending
doi:10.1007/978-3-030-39666-4_124-1,2,2,2.1,2,2,False,,pending
doi:10.35631/ijepc.1057060,2,2,2.1,2,2,False,,pending
doi:10.1016/b978-0-12-818630-5.05028-4,2,2,2.1,2,2,False,,pending
doi:10.36948/ijfmr.2024.v06i04.25420,10,10,10.1,10,2,False,,pending
doi:10.31538/nzh.v5i3.2338,2,2,2.1,2,2,False,,pending
doi:10.1080/00220620.2025.2465119,10,10,10.1,10,2,False,,pending
doi:10.4018/979-8-3693-7175-6.ch013,0,0,0.2,0,2,False,,pending
doi:10.1177/17411432211022770,27,27,,27,1,False,,pending
doi:10.46328/ijemst.1237,-1,,,,0,True,,pending
doi:10.59175/pijed.v3i2.312,7,7,7.1,7,2,False,,pending
doi:10.20944/preprints202206.0418.v1,-1,,,,0,True,,pending
doi:10.48165/gmj.2022.16.1.1,15,15,15.1,15,2,False,,pending
doi:10.1080/13611267.2020.1859328,-1,,,,0,True,,pending
doi:10.1177/17411432241257044,-1,,,,0,True,,pending
doi:10.47191/ijmra/v7-i10-22,20,20,20.1,20,2,False,,pending
doi:10.1007/978-3-030-62380-7_1,-1,,,,0,True,,pending
doi:10.55927/ijsmr.v1i9.3578,-1,,,,0,True,,pending
doi:10.59075/pdnkez10,-1,,,,0,True,,pending
doi:10.1177/17427150211050441,27,27,,27,1,False,,pending
doi:10.4018/979-8-3693-8881-5,4,4,4.0,4,2,False,,pending
record:22cfc8f5fc3680122137d00b,13,13,,13,1,False,,pending
doi:10.1108/9781837973903,2,2,2.1,2,2,False,,pending
doi:10.1080/00131911.2022.2064599,10,10,10.1,10,2,False,,pending
doi:10.69569/jip.2024.0013,-1,,,,0,True,,pending
doi:10.54676/tyen6998,4,4,4.0,4,2,False,,pending
doi:10.1007/978-3-031-37604-7_6,-1,,,,0,True,,pending
doi:10.1007/978-3-031-33195-4,1,1,1.2,1,2,False,,pending
doi:10.3389/fpsyg.2022.1096151,2,2,2.1,2,2,False,,pending
doi:10.59400/fes2458,3,3,,3,1,False,,pending
doi:10.1108/978-1-83797-390-320241002,-1,,,,0,True,,pending
doi:10.1007/978-3-031-56275-4,-1,,,,0,True,,pending
doi:10.55927/mudima.v4i7.9034,10,10,10.1,10,2,False,,pending
doi:10.3991/ijim.v19i13.53081,16,16,16.0,16,2,False,,pending
doi:10.1177/19427751231170243,-1,,,,0,True,,pending
doi:10.1080/13603124.2025.2544994,2,2,2.0,2,2,False,,pending
doi:10.4324/9781003514732,0,0,0.2,0,2,False,,pending
doi:10.1007/978-981-13-2262-4_230-1,-1,,,,0,True,,pending
record:3c06c478024d0cf2ebc1d71c,-1,,,,0,True,,pending
record:612997bb33731d0091d8445f,-1,,,,0,True,,pending
record:cb0173b26c74a047126a580d,5,5,5.1,5,2,False,,pending
record:f1ef240743d803fbf3addccd,0,0,0.3,0,2,False,,pending
record:8dbf17abcc503e7f5f05a10c,-1,,,,0,True,,pending
record:52d13a146b1670ec39ccab41,-1,,,,0,True,,pending
record:d299430437ca02df278ded9e,-1,,,,0,True,,pending
record:ea9c42809db91cba739ffa0f,4,4,4.1,4,2,False,,pending
record:3331cfb6b230fc31f4ccb20f,-1,,,,0,True,,pending
doi:10.56712/latam.v7i5.6636,23,23,23.1,23,2,False,,pending
record:ea04bce468eb3a77c8dde60e,18,18,,18,1,False,,pending
record:7b014309fb302de66f4278ec,-1,,,,0,True,,pending
record:5e8d79ea3ce390c078e94d66,-1,,,,0,True,,pending
record:9bcd39351e2d44864b39fc2d,-1,,,,0,True,,pending
record:1d4600f77c55df144a2bdb34,-1,,,,0,True,,pending
record:25e6fb25a898bcc6a5d4aad8,-1,,,,0,True,,pending
record:36cf3669d794bba48d1ab461,1,1,1.1,1,2,False,,pending
record:5620b2d7dac34f8a3bc8595b,-1,,,,0,True,,pending
record:eac5c6867082a6ddc6a2ffbc,-1,,,,0,True,,pending
record:d1a10f1b97f0d09046a43242,3,3,3.0,3,2,False,,pending
record:a55a17ad73aa20ba712b7e17,-1,,,,0,True,,pending
record:b6b4c30c172be12981bcb56a,18,18,,18,1,False,,pending
record:f7deb0c6e9644e5bd4bab5c9,-1,,,,0,True,,pending
record:935094ace93317acffb90b29,-1,,,,0,True,,pending
doi:10.48102/riber.v4i8.214,14,14,14.1,14,2,False,,pending
doi:10.66104/ab55sw40,-1,,,,0,True,,pending
record:597828298082b55c017dda8f,-1,,,,0,True,,pending
record:ee8c0394d2df1d30c71ec03f,8,8,8.2,8,2,False,,pending
record:50fc65d3836ad90b6e737fba,16,16,16.1,16,2,False,,pending
doi:10.46377/dilemas.v14i1.4981,15,15,15.1,15,2,False,,pending
record:f2cba3e3cbd4da29fea91dcf,1,1,,1,1,False,,pending
doi:10.70141/mamakuna.16.453,0,0,,0,1,False,,pending
doi:10.26439/limaq2026.n018.8512,-1,,,,0,True,,pending
record:dff306cdf2e61df792b61d3b,3,3,3.1,3,2,False,,pending
record:fb4c4f9750f5b4693a4064d9,8,8,8.2,8,2,False,,pending
record:c45c9471018840e8cc9a1c51,8,8,8.0,8,2,False,,pending
record:bb41a2279aaa8152cfcb365f,20,20,20.0,20,2,False,,pending
record:b15648baa061e78a635fb2d0,-1,,,,0,True,,pending
record:e3bbd503573d48aeea9a95eb,-1,,,,0,True,,pending
doi:10.35362/rie9726510,2,2,2.1,2,2,False,,pending
doi:10.23913/ricsh.v10i20.265,-1,,,,0,True,,pending
record:97515cdc2ba90c80b9d2f95e,-1,,,,0,True,,pending
doi:10.5212/olharprofr.v.29.25332.010,-1,,,,0,True,,pending
doi:10.46932/sfjdv3n6-031,-1,,,,0,True,,pending
doi:10.35429/jsem.2021.22.8.9.15,3,3,,3,1,False,,pending
doi:10.30827/publicaciones.v53i3.24340,-1,,,,0,True,,pending
record:307a69cc2ea1670ac298aa8b,6,6,6.1,6,2,False,,pending
doi:10.70881/hnj/v4/n3/141,-1,,,,0,True,,pending
doi:10.62697/rmiie.v5i4.453,-1,,,,0,True,,pending
doi:10.34640/univmadeira2026goncalves,-1,,,,0,True,,pending
doi:10.5281/zenodo.5823520,6,6,,6,1,False,,pending
record:fa23b6d41cf321f6af206ae4,-1,,,,0,True,,pending
record:48c7757852832d0e7e000f3b,21,21,,21,1,False,,pending
record:6524a33aa20835d95b499483,-1,,,,0,True,,pending
doi:10.70577/innovascit.v4i2.269,17,17,17.1,17,2,False,,pending
doi:10.47820/recima21.v4i7.3550,21,21,21.0,21,2,False,,pending
doi:10.4067/s0718-07052026000100029,-1,,,,0,True,,pending
doi:10.21803/penamer.15.29.460,-1,,,,0,True,,pending
doi:10.5354/2452-5014.2026.82951,2,2,2.1,2,2,False,,pending
doi:10.70625/rlce/802,6,6,6.0,6,2,False,,pending
doi:10.70577/reg.v5i1.483,13,13,13.1,13,2,False,,pending
record:31090dd5f7c41c849c40c0c9,-1,,,,0,True,,pending
record:7cc4e9bcc877f99e91163f59,26,26,,26,1,False,,pending
doi:10.47865/igob.vol2.2019.63,13,13,13.0,13,2,False,,pending
record:f4dc34be59be433fbdb2ad46,8,8,,8,1,False,,pending
doi:10.31619/caledu.n65.1681,-1,,,,0,True,,pending
doi:10.37811/cl_rcm.v7i2.5848,-1,,,,0,True,,pending
doi:10.36260/rbr.v12i7.1983,-1,,,,0,True,,pending
doi:10.56712/latam.v4i1.387,-1,,,,0,True,,pending
doi:10.70773/revistatopicos/780547986,-1,,,,0,True,,pending
doi:10.48169/ecuatesis/0103202017,-1,,,,0,True,,pending
doi:10.37811/cl_rcm.v7i4.7637,-1,,,,0,True,,pending
record:aff2562339aaa3fbfbeb8346,6,6,6.1,6,2,False,,pending
doi:10.5377/farem.v12i46.16487,-1,,,,0,True,,pending
doi:10.33996/revistahorizontes.v7i29.576,20,20,20.0,20,2,False,,pending
doi:10.37787/9ynqej84,6,6,6.0,6,2,False,,pending
doi:10.35381/r.k.v7i13.1647,19,19,19.1,19,2,False,,pending
doi:10.5281/zenodo.6909009,21,21,21.1,21,2,False,,pending
doi:10.24857/rgsa.v18n5-153,-1,,,,0,True,,pending
doi:10.26495/rch.v7i2.2527,-1,,,,0,True,,pending
doi:10.22320/reined.v6i1.6457,-1,,,,0,True,,pending
doi:10.31948/rev.fedumar10-1.art-5,-1,,,,0,True,,pending
record:fb8b2d0083b62773d379928f,-1,,,,0,True,,pending
doi:10.25115/kasp.v6i1.10286,26,26,,26,1,False,,pending
record:d998109fd06113e6591a4a39,-1,,,,0,True,,pending
doi:10.29388/978-65-81417-43-7-0-f.129-144,1,1,1.0,1,2,False,,pending
record:a897f4a85c1f2fcb7754d8e4,8,8,,8,1,False,,pending
doi:10.26495/tzh.v14i2.2279,-1,,,,0,True,,pending
doi:10.4067/s0718-07052023000200221,15,15,15.1,15,2,False,,pending
doi:10.4067/s0718-73782023000200103,4,4,,4,1,False,,pending
doi:10.46583/edetania_2019.56.474,0,0,0.1,0,2,False,,pending
doi:10.63816/ehsv5w71,5,5,5.1,5,2,False,,pending
doi:10.29327/5923968.1-14,-1,,,,0,True,,pending
doi:10.48169/ecuatesis/0103202015,-1,,,,0,True,,pending
doi:10.64092/pgqs1557,-1,,,,0,True,,pending
record:8e9dcb9d154453e8c52c0227,16,16,16.1,16,2,False,,pending
doi:10.37811/cl_rcm.v6i1.1540,3,3,3.1,3,2,False,,pending
doi:10.5281/zenodo.5585325,5,5,5.1,5,2,False,,pending
doi:10.23850/2422068x.6833,0,0,0.0,0,2,False,,pending
record:8b7b920358f8a15133bd6681,13,13,13.1,13,2,False,,pending
doi:10.29057/est.v9i18.10892,5,5,5.1,5,2,False,,pending
doi:10.5281/zenodo.19689946,16,16,16.1,16,2,False,,pending
record:b68170318cf10fd66049d853,-1,,,,0,True,,pending
record:c57a0586b823885ca0a95749,-1,,,,0,True,,pending
doi:10.63535/8bcsys90,-1,,,,0,True,,pending
record:2901b1586813273b16cb40d6,7,7,7.0,7,2,False,,pending
doi:10.35381/noesisin.v7i14.432,-1,,,,0,True,,pending
record:fcfc980ca236a790573a7633,14,14,14.0,14,2,False,,pending
record:7941e775b5a8429cb29e4eae,-1,,,,0,True,,pending
record:3072db7978609b2dc88c57a8,-1,,,,0,True,,pending
record:53995b50b2b87f281c8f0a33,20,20,20.0,20,2,False,,pending
record:7e4d874375680be6a8879531,8,8,8.2,8,2,False,,pending
doi:10.47212/tendencias2025vol.xxvi.18,5,5,5.1,5,2,False,,pending
record:430e025ae7d9f2bc22d6f38e,8,8,8.1,8,2,False,,pending
record:1c59b6b778ca95f70acf5a76,-1,,,,0,True,,pending
doi:10.56712/latam.v7i4.6219,17,17,,17,1,False,,pending
record:f2cdcbebddddb04e07defc19,-1,,,,0,True,,pending
doi:10.47554/cii.vol15.2024.pp123-128,-1,,,,0,True,,pending
doi:10.29394/scientific.issn.2542-2987.2025.10.e4.1.26-40,-1,,,,0,True,,pending
record:ad84382df9bb8be421f38531,8,8,,8,1,False,,pending
record:cecb5b3d3513192f481cd423,13,13,13.1,13,2,False,,pending
record:72394eb7d6214737651df032,20,20,20.0,20,2,False,,pending
doi:10.61616/rvdc.v6i1.486,-1,,,,0,True,,pending
record:a54267f354b46524f5acf8b0,-1,,,,0,True,,pending
doi:10.21501/9786287765061.11,-1,,,,0,True,,pending
record:9fa8093643a7c52fbefe31dd,0,0,0.1,0,2,False,,pending
doi:10.69639/arandu.v13i3.2500,-1,,,,0,True,,pending
doi:10.22458/caes.v16i2.6143,3,3,3.0,3,2,False,,pending
doi:10.82992/intellectum/handle.10818.4120,-1,,,,0,True,,pending
doi:10.63688/62nxv732,14,14,14.1,14,2,False,,pending
doi:10.29394/scientific.issn.2542-2987.2025.10.e2.4.88-106,-1,,,,0,True,,pending
record:9337e190f28b9d5f39de72d9,8,8,8.2,8,2,False,,pending
doi:10.15443/tde1004,14,14,14.2,14,2,False,,pending
record:9a527b18307b740a16ce7d17,21,21,21.1,21,2,False,,pending
record:e54dd382e01a518d29a0037d,8,8,8.2,8,2,False,,pending
doi:10.29035/rce.19.1,21,21,,21,1,False,,pending
record:dad020735ee38e668e7dcb57,-1,,,,0,True,,pending
doi:10.59427/rcli/2024/v24cs.1836-1844,-1,,,,0,True,,pending
doi:10.48102/rlee.2026.56.3.867,5,5,5.1,5,2,False,,pending
doi:10.25054/2027257x.4183,-1,,,,0,True,,pending
record:093297fbbf8efc289f02d944,17,17,17.1,17,2,False,,pending
record:c9406c807ba93cf6fa0224e7,6,6,6.1,6,2,False,,pending
doi:10.47865/igob.vol7.n27.2024.362,15,15,15.1,15,2,False,,pending
record:8f38bce1c7bd717d7564618a,1,1,1.0,1,2,False,,pending
doi:10.5281/zenodo.20141505,-1,,,,0,True,,pending
record:957a28bf46679665c8dbdfaa,8,8,8.2,8,2,False,,pending
doi:10.5281/zenodo.20817959,0,0,0.0,0,2,False,,pending
record:543418a59c6389b50589d571,-1,,,,0,True,,pending
doi:10.63415/saga.2025.30,-1,,,,0,True,,pending
doi:10.5281/zenodo.7597254,-1,,,,0,True,,pending
record:76df6ba47be2536d3d780b91,8,8,8.2,8,2,False,,pending
doi:10.82992/intellectum/handle.10818.8441,5,5,,5,1,False,,pending
record:9350cc5e50160db7b8e2dfab,21,21,21.1,21,2,False,,pending
record:7a3910e5f7ef394d33e52a7a,-1,,,,0,True,,pending
record:592a69e24b646ca7442e701b,6,6,,6,1,False,,pending
doi:10.48209/978-65-5417-331-5,5,5,5.1,5,2,False,,pending
doi:10.36390/telos282.04,0,0,0.3,0,2,False,,pending
doi:10.57201/rcff.v22ad2.2592,-1,,,,0,True,,pending
doi:10.63688/aa2r3275,23,23,23.1,23,2,False,,pending
record:ee3ea33b210bc731f8e1b2bb,-1,,,,0,True,,pending
doi:10.56048/mqr20225.8.4.2024.1046-1064,-1,,,,0,True,,pending
doi:10.29394/scientific.issn.2542-2987.2024.9.e4.5.103-119,17,17,17.1,17,2,False,,pending
record:ceb4d4dcb36f9e932f17c696,-1,,,,0,True,,pending
record:b3610be2b097b97305536574,8,8,,8,1,False,,pending
record:21396593fe5adb9119bdb865,5,5,5.1,5,2,False,,pending
doi:10.69850/rimi.vi1.214,-1,,,,0,True,,pending
doi:10.29394/scientific.issn.2542-2987.2026.11.e1.4.51-62,14,14,14.2,14,2,False,,pending
record:d56167fc9b55fbfe94dc1f47,-1,,,,0,True,,pending
doi:10.19053/uptc.22160159.v16.n46.2025.21545,-1,,,,0,True,,pending
record:173f22b8faed9f455de7f0f2,1,1,1.1,1,2,False,,pending
doi:10.70747/cr.v5i2.1117,4,4,4.1,4,2,False,,pending
record:6d647f3565b3bbb451acc49d,-1,,,,0,True,,pending
doi:10.67137/linderos.v3i1.32,-1,,,,0,True,,pending
doi:10.5212/praxeduc.v.19.22834.038,-1,,,,0,True,,pending
doi:10.29394/scientific.issn.2542-2987.2026.11.e6.1.16-30,-1,,,,0,True,,pending
record:842cc54729b94df462f084d1,-1,,,,0,True,,pending
record:58d6e8f8bef1731a7900d05e,4,4,4.1,4,2,False,,pending
record:5651972b3bf664fc4c74894a,8,8,8.1,8,2,False,,pending
record:fabefe06e75c2b22e291214e,6,6,6.1,6,2,False,,pending
doi:10.29394/scientific.issn.2542-2987.2026.11.e2.2.26-46,-1,,,,0,True,,pending
doi:10.33871/nupem.2026.18.44.10056,1,1,,1,1,False,,pending
doi:10.11144/javeriana.10554.35197,-1,,,,0,True,,pending
doi:10.61368/r.s.d.h.v6i2.648,-1,,,,0,True,,pending
record:5addba24a89f1d4a4a6a3d50,8,8,8.2,8,2,False,,pending
doi:10.53673/th.v3i1.213,8,8,8.2,8,2,False,,pending
record:c9886dac839bbd5d328ad769,8,8,8.1,8,2,False,,pending
record:a0dd1c8ce0647e3f1f37339e,-1,,,,0,True,,pending
record:d4160b63082cc074c81afa4b,13,13,13.1,13,2,False,,pending
doi:10.11144/javeriana.10554.34540,-1,,,,0,True,,pending
record:49981d8914b6f785e6a42b09,8,8,8.2,8,2,False,,pending
record:d3c139ec05324e3085b25c50,-1,,,,0,True,,pending
record:c3c4a904b6a7b17489bdac37,8,8,,8,1,False,,pending
record:2567ff284812b86488bcf312,8,8,,8,1,False,,pending
record:d38fbeb35d95c4a23e5bf47e,-1,,,,0,True,,pending
record:af244962098cf5af7f4c893f,-1,,,,0,True,,pending
record:c2fa02f00221f83d4a851710,8,8,8.2,8,2,False,,pending
record:7310b92ecddcfb20f2f1a0bd,-1,,,,0,True,,pending
record:31b5a27db59e9e482b085ed5,-1,,,,0,True,,pending
doi:10.51736/sa1042,-1,,,,0,True,,pending
record:0c079f0cc3582601a9fd7894,0,0,0.0,0,2,False,,pending
record:2bed3c0b47213c609e2df761,8,8,,8,1,False,,pending
doi:10.56219/rgp.v1i52.4467,-1,,,,0,True,,pending
doi:10.70577/reg.v5i3.812,-1,,,,0,True,,pending
record:6e2092676afc81a8ded7e015,18,18,,18,1,False,,pending
record:69d03f0947a4d86da0c29505,1,1,,1,1,False,,pending
record:7ae860f7cbcc9c84af36c9b8,-1,,,,0,True,,pending
doi:10.65415/q8jyrb75,-1,,,,0,True,,pending
record:7ed1523267d338b6b3946631,13,13,,13,1,False,,pending
record:9e0044b0d84eddd1e9085084,-1,,,,0,True,,pending
record:7fc10011b10aec698151782f,-1,,,,0,True,,pending
record:b3369b81fc7ece5217ad9655,-1,,,,0,True,,pending
doi:10.22458/ie.v27iespecial.6127,0,0,0.3,0,2,False,,pending
doi:10.5281/zenodo.22281643,-1,,,,0,True,,pending
record:a5a81065ad201e577e7e5a7a,8,8,8.1,8,2,False,,pending
record:60dbeb146fc95154176aeae4,7,7,7.1,7,2,False,,pending
record:03e38f7e4c2584a4ad709c7c,8,8,8.2,8,2,False,,pending
record:8394b7c3a7ebf363748fbf28,8,8,8.1,8,2,False,,pending
doi:10.70577/hfpzrp31,14,14,14.0,14,2,False,,pending
record:b78a04346cb88dcc7d2b2e23,8,8,8.1,8,2,False,,pending
record:6e1213b9be1dea0d95eafbee,8,8,8.1,8,2,False,,pending
record:935c865eff02c3b756d9e431,18,18,18.1,18,2,False,,pending
record:00a996f313485e887a682513,-1,,,,0,True,,pending
doi:10.48209/978-65-5417-382-d,5,5,5.1,5,2,False,,pending
record:afadb170c338398c7c3da74d,-1,,,,0,True,,pending
record:9dc8cb4fb2060759fc769172,8,8,8.1,8,2,False,,pending
doi:10.59427/rcli/2023/v23cs.3259-3265,18,18,18.1,18,2,False,,pending
record:080c3066b8f057191f4cc57b,4,4,,4,1,False,,pending
record:5849746b47d39ced5537454a,-1,,,,0,True,,pending
doi:10.47554/cii.vol14.2023.pp278-285,-1,,,,0,True,,pending
record:9ae4eab402b2ba97ab26f9f4,6,6,6.0,6,2,False,,pending
record:eecf0f9f6c3a110637799a48,8,8,8.2,8,2,False,,pending
record:feef9a601a123d5861a02071,8,8,8.2,8,2,False,,pending
record:f107e59980d943e8ac57a9de,-1,,,,0,True,,pending
record:ec1ac1f0af097da49397378d,8,8,8.2,8,2,False,,pending
doi:10.47865/igob.vol7.n27.2024.358,6,6,6.1,6,2,False,,pending
doi:10.35381/e.k.v7i13.3225,-1,,,,0,True,,pending
doi:10.21897/assensus.2626,-1,,,,0,True,,pending
record:6cf969f3ffff14c50f29c37f,-1,,,,0,True,,pending
record:f34093f1375a4fae2c9e5538,0,0,0.1,0,2,False,,pending
record:d2716a06d680828ac29429b0,-1,,,,0,True,,pending
record:601cd8fc1d8a4951209c9cc6,-1,,,,0,True,,pending
doi:10.19136/hs.a25n1.6181,-1,,,,0,True,,pending
record:566a82db1fdef3ed007d6a6d,21,21,21.0,21,2,False,,pending
record:79ba61ae88f0d08e280d9435,4,4,4.1,4,2,False,,pending
record:cbc48ec071968b4959b8f411,8,8,8.2,8,2,False,,pending
record:f4a7100e35524f9658bbbfb0,-1,,,,0,True,,pending
doi:10.65415/y681v467,4,4,4.1,4,2,False,,pending
record:4bb5840932440e688375e4e8,0,0,,0,1,False,,pending
doi:10.7764/tesisuc/edu/28473,-1,,,,0,True,,pending
record:74934d7d9a0c794273b0e530,-1,,,,0,True,,pending
doi:10.70577/reg.v5i3.1003,0,0,0.3,0,2,False,,pending
record:0bf4bac0a58f4a133e39c27c,8,8,8.1,8,2,False,,pending
record:b292d2f5a9ae94bbf8119816,-1,,,,0,True,,pending
record:55c729cfb1a8266867b3266c,8,8,,8,1,False,,pending
doi:10.29394/scientific.issn.2542-2987.2025.10.e2.9.182-203,-1,,,,0,True,,pending
doi:10.5281/zenodo.19359676,-1,,,,0,True,,pending
doi:10.5281/zenodo.21401868,17,17,17.1,17,2,False,,pending
doi:10.56048/mqr20225.8.4.2024.316-333,-1,,,,0,True,,pending
doi:10.62319/concordia.v.5i10.37,-1,,,,0,True,,pending
record:f2ebd8bb18b0ca300bd86ea9,8,8,8.2,8,2,False,,pending
record:c79b288d2e79a248c09f2ef2,6,6,,6,1,False,,pending
doi:10.51736/sa1192,17,17,17.1,17,2,False,,pending
record:5c83bb3e5685d3d6ec2c682b,-1,,,,0,True,,pending
doi:10.37811/cl_rcm.v10i4.25843,8,8,8.2,8,2,False,,pending
record:89aa52a8bebce4c721056e86,8,8,8.2,8,2,False,,pending
record:b99af6ce8126ca1b781cacb0,15,15,15.0,15,2,False,,pending
record:e4da753d41344a71e1a9b86f,-1,,,,0,True,,pending
doi:10.33996/revistahorizontes.v10i43.1270,-1,,,,0,True,,pending
record:d22d496ff3ba8a787fdaf8c1,0,0,,0,1,False,,pending
record:76b844abbad0e72ca7440ddf,17,17,,17,1,False,,pending
doi:10.56712/latam.v7i5.6539,-1,,,,0,True,,pending
record:6835044e3237dc4df6eb7350,-1,,,,0,True,,pending
record:f8ba2e2bd4acc1971c3bebc4,-1,,,,0,True,,pending
doi:10.1093/oso/9780198867371.003.0013,-1,,,,0,True,,pending
doi:10.51891/rease.v12i6.28347,12,12,,12,1,False,,pending
doi:10.5281/zenodo.4442066,-1,,,,0,True,,pending
doi:10.5120/ijca2024923387,-1,,,,0,True,,pending
doi:10.53469/jerp.2022.04(05).38,5,5,5.0,5,2,False,,pending
doi:10.21275/mr251005123830,-1,,,,0,True,,pending
doi:10.13140/rg.2.2.12806.74567,-1,,,,0,True,,pending
doi:10.5040/9798881819279-ch-9,-1,,,,0,True,,pending
doi:10.5281/zenodo.8353832,5,5,5.1,5,2,False,,pending
doi:10.54151/27382559-24.1pb-307,5,5,5.1,5,2,False,,pending
doi:10.22271/ed.book.3111,5,5,5.0,5,2,False,,pending
record:33067008f1eba21ea3042173,5,5,5.1,5,2,False,,pending
record:e67541e40d2b96e4c5a68286,-1,,,,0,True,,pending
doi:10.4018/978-1-6684-4446-7.ch017,3,3,3.0,3,2,False,,pending
record:202b4960f8f9b9cee2706368,-1,,,,0,True,,pending
record:10d2ce639dffa59a06b625f3,-1,,,,0,True,,pending
record:1cbba38736604f6c178b317f,23,23,23.1,23,2,False,,pending
doi:10.4108/eai.2-11-2019.2294946,0,0,,0,1,False,,pending
doi:10.4324/9781042028016-6,-1,,,,0,True,,pending
doi:10.21428/44468e7f.677747a9,17,17,,17,1,False,,pending
record:0b2183acc2fdc1b8c58ac212,-1,,,,0,True,,pending
doi:10.4324/9781003320579-2,5,5,5.1,5,2,False,,pending
doi:10.4324/9781003482352-7,-1,,,,0,True,,pending
doi:10.5281/zenodo.4410170,-1,,,,0,True,,pending
doi:10.1007/978-981-19-8817-2_4,-1,,,,0,True,,pending
doi:10.4324/9781003221852-7,4,4,4.1,4,2,False,,pending
record:b3b64278e14e72ec552d408b,-1,,,,0,True,,pending
doi:10.59298/roje/2025/514247,11,11,,11,1,False,,pending
doi:10.69682/arti.2025.92(1).126-130,7,7,7.1,7,2,False,,pending
doi:10.2139/ssrn.6211778,-1,,,,0,True,,pending
record:f369d3373dc7bede7fb98ccc,0,0,0.3,0,2,False,,pending
record:ad3f51e240ecf1e0d13883d3,10,10,10.1,10,2,False,,pending
record:13a6892733f6d1559c794d25,21,21,21.0,21,2,False,,pending
doi:10.4467/20843968zp.23.003.19073,21,21,,21,1,False,,pending
doi:10.46541/978-86-7233-397-8_122,-1,,,,0,True,,pending
doi:10.5281/zenodo.4513883,-1,,,,0,True,,pending
record:c59abc24441ead4522d7a34c,5,5,5.1,5,2,False,,pending
record:4391af079968211fae242dad,-1,,,,0,True,,pending
doi:10.22533/at.ed.5582103124,-1,,,,0,True,,pending
record:0efb605fb87754965ff691de,-1,,,,0,True,,pending
doi:10.17512/znpcz.2026.1.09,0,0,0.0,0,2,False,,pending
doi:10.32838/tnu-2663-6468/2020.3/24,-1,,,,0,True,,pending
doi:10.47939/es.v3i1.120,-1,,,,0,True,,pending
doi:10.17770/iss2020.6704,0,0,0.0,0,2,False,,pending
doi:10.67361/ajeli/225804,7,7,7.1,7,2,False,,pending
doi:10.61796/ijblps.v2i5.317,0,0,,0,1,False,,pending
doi:10.5281/zenodo.8353798,5,5,5.1,5,2,False,,pending
doi:10.5281/zenodo.18444702,-1,,,,0,True,,pending
record:0f5cc162e24210b9d42b1605,0,0,0.1,0,2,False,,pending
doi:10.5281/zenodo.8009014,-1,,,,0,True,,pending
doi:10.15354/sief.24.re419,-1,,,,0,True,,pending
record:ae35e73f96c5dd222b1b96e8,-1,,,,0,True,,pending
doi:10.1596/40697,3,3,3.2,3,2,False,,pending
doi:10.56238/sevened2023.006-067,1,1,,1,1,False,,pending
record:6db5ba6fa9b08e5ad8ed3bef,22,22,,22,1,False,,pending
doi:10.1007/978-3-031-67376-4_6,26,26,,26,1,False,,pending
doi:10.4324/9781003359678-4,-1,,,,0,True,,pending
record:959c00cfbab458d0a7d0f3bf,11,11,,11,1,False,,pending
record:bfd3710cdc41693bc7280a0f,4,4,4.1,4,2,False,,pending
doi:10.17759/psyedu.2020120204,5,5,5.1,5,2,False,,pending
doi:10.31933/dijemss.v1i5.332,26,26,,26,1,False,,pending
doi:10.21125/edulearn.2025.0865,-1,,,,0,True,,pending
doi:10.54150/alirsyad.v4i2.786,4,4,4.1,4,2,False,,pending
doi:10.1504/ijeed.2026.155302,5,5,5.1,5,2,False,,pending
record:95d940e14d24d45687a59924,-1,,,,0,True,,pending
record:5daeff2c04485bbcae0ba8de,-1,,,,0,True,,pending
record:d892ac0f6571947c315fd9bc,0,0,,0,1,False,,pending
doi:10.5772/intechopen.87335,-1,,,,0,True,,pending
doi:10.61838/jsied.213,1,1,1.1,1,2,False,,pending
doi:10.56238/sevened2025.019-003,5,5,5.1,5,2,False,,pending
doi:10.17632/j3bw6rpj53.1,-1,,,,0,True,,pending
doi:10.1007/978-981-99-6097-2_38,-1,,,,0,True,,pending
doi:10.5281/zenodo.6572761,-1,,,,0,True,,pending
doi:10.32764/schoolar.v1i1.1233,24,24,24.0,24,2,False,,pending
doi:10.33019/berumpun.v3i1.24,24,24,24.1,24,2,False,,pending
doi:10.59096/osir.v14i2.262691,3,3,,3,1,False,,pending
doi:10.3126/bpjms.v4i01.95947,7,7,7.1,7,2,False,,pending
doi:10.61132/ijier.v3i1.509,5,5,5.1,5,2,False,,pending
doi:10.5281/zenodo.7962532,21,21,21.1,21,2,False,,pending
record:543de6f837a0c0885ff1f60d,5,5,5.1,5,2,False,,pending
doi:10.56238/sevened2025.030-083,5,5,5.1,5,2,False,,pending
record:db158dadd8476c0eb17042dc,-1,,,,0,True,,pending
doi:10.14456/irr.2021.24,0,0,0.3,0,2,False,,pending
record:3976d43d395e26a5f1b1a240,0,0,,0,1,False,,pending
doi:10.37680/scaffolding.v7i3.8215,18,18,18.0,18,2,False,,pending
record:1c7d949fe8d2b9b51bb704bc,-1,,,,0,True,,pending
doi:10.15393/j5.art.2025.10306,-1,,,,0,True,,pending
record:1e646c0c260b5c13c1b716e9,5,5,5.1,5,2,False,,pending
record:2ccbad8094a3d079d981b228,3,3,3.0,3,2,False,,pending
doi:10.56238/sevened2025.019-013,22,22,22.0,22,2,False,,pending
doi:10.56238/sevened2026.011-005,5,5,,5,1,False,,pending
doi:10.29327/229003.2.2-3,1,1,,1,1,False,,pending
record:d9f251dc8bbd391a01c02add,-1,,,,0,True,,pending
doi:10.15393/j5.art.2024.9490,-1,,,,0,True,,pending
doi:10.2478/picbe-2025-0059,-1,,,,0,True,,pending
doi:10.66993/ijesms1126202558-72,16,16,,16,1,False,,pending
doi:10.6084/m9.figshare.20039818,5,5,5.1,5,2,False,,pending
doi:10.59890/ijasse.v3i6.254,0,0,0.2,0,2,False,,pending
doi:10.51891/rease.v8i3.4754,10,10,10.1,10,2,False,,pending
doi:10.5281/zenodo.22029162,16,16,16.1,16,2,False,,pending
doi:10.21125/edulearn.2024.2140,0,0,0.3,0,2,False,,pending
doi:10.37680/scaffolding.v8i1.9014,-1,,,,0,True,,pending
doi:10.15354/sief.24.co356,-1,,,,0,True,,pending
doi:10.57239/prn.25.03320048,-1,,,,0,True,,pending
doi:10.53660/clm-3165-24f28,3,3,3.1,3,2,False,,pending
doi:10.51859/amplla.sset.2124-4,4,4,,4,1,False,,pending
doi:10.6084/m9.figshare.30846764,5,5,5.0,5,2,False,,pending
doi:10.54408/move.v1i4.38,-1,,,,0,True,,pending
doi:10.61838/jtesd.71,16,16,16.1,16,2,False,,pending
record:d702b3e9422e4cc8e89af6b8,1,1,1.0,1,2,False,,pending
doi:10.71522/jiem.2025.7101219886,16,16,16.1,16,2,False,,pending
doi:10.59175/pijed.v4i2.534,-1,,,,0,True,,pending
record:4c5684ed296c3f0479fb2fbc,5,5,5.1,5,2,False,,pending
doi:10.1007/978-3-030-10576-1_130,0,0,0.1,0,2,False,,pending
doi:10.62345/jads.2024.13.2.10,5,5,5.1,5,2,False,,pending
doi:10.18690/um.pef.1.2023.17,4,4,4.1,4,2,False,,pending
record:ddd864e71959043c971be0f8,5,5,5.1,5,2,False,,pending
record:03c45dd659746a1fe791cfeb,-1,,,,0,True,,pending
doi:10.56345/ijrdv8n203,-1,,,,0,True,,pending
doi:10.13140/rg.2.2.12619.55845,-1,,,,0,True,,pending
record:897b6edb31408e560fac83dd,-1,,,,0,True,,pending
doi:10.52783/jes.2335,-1,,,,0,True,,pending
doi:10.54884/s181570410019250-0,-1,,,,0,True,,pending
doi:10.1007/978-981-19-5967-7_4,4,4,,4,1,False,,pending
doi:10.7213/1981-416x.25.085.ao08,-1,,,,0,True,,pending
doi:10.67620/sai.58b0001,-1,,,,0,True,,pending
record:87c7ff09f40c4c78b41e0540,-1,,,,0,True,,pending
doi:10.47119/ijrp1001061820223720,5,5,5.1,5,2,False,,pending
doi:10.2139/ssrn.5487830,0,0,0.0,0,2,False,,pending
doi:10.62792/ut.education.v7.i13-14.p3159,21,21,21.0,21,2,False,,pending
doi:10.67361/ajeli/225774,0,0,,0,1,False,,pending
record:e116c7126e0b7582b4276108,0,0,,0,1,False,,pending
doi:10.33258/siasat.v6i1.89,5,5,5.1,5,2,False,,pending
doi:10.13140/rg.2.2.35233.16481,-1,,,,0,True,,pending
doi:10.29228/sobider.71188,0,0,0.0,0,2,False,,pending
doi:10.58812/wsshs.v2i01.626,18,18,18.1,18,2,False,,pending
doi:10.3126/ija.v2i2.69824,26,26,,26,1,False,,pending
doi:10.57185/joss.v2i2.50,5,5,5.1,5,2,False,,pending
doi:10.52690/jswse.v7i2.1422,7,7,7.1,7,2,False,,pending
record:82a3f66536b089f6a9b57a09,-1,,,,0,True,,pending
doi:10.56238/sevened2024.009-023,1,1,,1,1,False,,pending
doi:10.65494/pinagpalapublishing.270,-1,,,,0,True,,pending
doi:10.1063/5.0146721,5,5,5.1,5,2,False,,pending
doi:10.5281/zenodo.7714467,-1,,,,0,True,,pending
record:f5b278f52542c239b7074c1d,-1,,,,0,True,,pending
doi:10.24260/arfannur.v5i2.3051,-1,,,,0,True,,pending
doi:10.55080/jpn.v3i1.50,5,5,5.1,5,2,False,,pending
doi:10.25212/lfu.qzj.5.4.34,-1,,,,0,True,,pending
record:41ede63ff76dc898363039b6,-1,,,,0,True,,pending
doi:10.56916/jirpe.v4i4.1972,4,4,4.1,4,2,False,,pending
record:5e3bd7dec5d7dbd2a98d9de5,12,12,,12,1,False,,pending
doi:10.18502/kss.v7i19.12433,-1,,,,0,True,,pending
doi:10.59373/kharisma.v3i1.43,-1,,,,0,True,,pending
doi:10.5281/zenodo.18050646,-1,,,,0,True,,pending
doi:10.3126/joaa.v14i1-2.99515,15,15,15.1,15,2,False,,pending
record:5bf16ea188be62287c92c7de,-1,,,,0,True,,pending
doi:10.51499/cp.v9i1.736,0,0,0.3,0,2,False,,pending
doi:10.33507/cakrawala.v9i2.3508,18,18,18.0,18,2,False,,pending
record:9e80c064d627bdcd6f1a4379,0,0,0.3,0,2,False,,pending
doi:10.53961/paradigma.v15i2.70,5,5,5.1,5,2,False,,pending
doi:10.5281/zenodo.18395468,0,0,0.1,0,2,False,,pending
doi:10.56916/jirpe.v5i2.3662,0,0,0.3,0,2,False,,pending
doi:10.18623/rvd.v23.7988,5,5,5.1,5,2,False,,pending
doi:10.26180/14819481.v1,-1,,,,0,True,,pending
record:c9c96306a7b87f2a2d9f1ee4,-1,,,,0,True,,pending
doi:10.18421/tem123-70,5,5,5.1,5,2,False,,pending
doi:10.6084/m9.figshare.11869122,11,11,,11,1,False,,pending
doi:10.21125/iceri.2021.2359,0,0,,0,1,False,,pending
doi:10.47467/manbiz.v4i3.11023,5,5,5.1,5,2,False,,pending
doi:10.5281/zenodo.5635396,-1,,,,0,True,,pending
doi:10.5281/zenodo.7580348,5,5,5.1,5,2,False,,pending
record:adf0df7b3a9600981f41e223,-1,,,,0,True,,pending
doi:10.21070/ups.6290,0,0,0.0,0,2,False,,pending
doi:10.52690/jswse.v4i3.612,7,7,7.1,7,2,False,,pending
doi:10.5281/zenodo.5759861,17,17,,17,1,False,,pending
record:baf3341bea97cd333eb04a67,0,0,0.0,0,2,False,,pending
doi:10.57210/qalam.v7.i01.469,-1,,,,0,True,,pending
doi:10.4236/jss.2024.129037,-1,,,,0,True,,pending
record:ad2b3f6b09d7e57ee523eb65,4,4,,4,1,False,,pending
doi:10.17605/osf.io/5k9qh,0,0,,0,1,False,,pending
doi:10.14220/9783737018555.65,1,1,1.1,1,2,False,,pending
doi:10.62792/ut.education.v7.i13-14.p3149,7,7,7.0,7,2,False,,pending
doi:10.31893/multirev.2027031,5,5,5.1,5,2,False,,pending
record:01eafff1fd63b36d7d894fad,0,0,0.3,0,2,False,,pending
doi:10.60112/erc.v5.i4.646,0,0,,0,1,False,,pending
record:058fee1f6efc05631598bc1b,-1,,,,0,True,,pending
doi:10.21070/ijins.v27i3.2261,0,0,0.3,0,2,False,,pending
doi:10.22533/at.ed.5583402319106,17,17,,17,1,False,,pending
doi:10.4102/aosis.2025.bk497.08,-1,,,,0,True,,pending
doi:10.4324/9780203125526-6,-1,,,,0,True,,pending
record:f4897eee6e7b8ad942d81a86,21,21,21.0,21,2,False,,pending
doi:10.5281/zenodo.7858950,22,22,22.0,22,2,False,,pending
doi:10.21070/ups.6929,24,24,24.1,24,2,False,,pending
doi:10.5281/zenodo.8231651,15,15,15.1,15,2,False,,pending
record:d7a1c8d14cb3fc98d4a06fbe,17,17,,17,1,False,,pending
doi:10.36526/sosioedukasi.v15i2.8402,-1,,,,0,True,,pending
record:95dd9842dd19c429e06d387b,0,0,0.0,0,2,False,,pending
doi:10.5152/hayef.2023.33,-1,,,,0,True,,pending
doi:10.2991/978-2-38476-102-9_57,24,24,24.1,24,2,False,,pending
doi:10.37867/te160321,5,5,5.1,5,2,False,,pending
doi:10.35931/am.v10i3.6312,5,5,5.1,5,2,False,,pending
doi:10.46763/jespt2520287p,4,4,4.1,4,2,False,,pending
record:f54531cb3ceab5090e9ed7a6,16,16,16.1,16,2,False,,pending
record:6d10f5c539398f1fe56712f5,-1,,,,0,True,,pending
doi:10.59298/nijre/2024/42283308,-1,,,,0,True,,pending
record:4d39d71597651a338fbb1002,4,4,4.1,4,2,False,,pending
doi:10.36412/jemtec.v1i2.778,0,0,,0,1,False,,pending
record:3e66530dca41a670ea4b871b,1,1,1.0,1,2,False,,pending
doi:10.1257/rct.7955-2.0,-1,,,,0,True,,pending
record:6a5a7d66130ae7725ef4216c,-1,,,,0,True,,pending
record:8d7be3896672ac8a81e78e33,-1,,,,0,True,,pending
doi:10.32523/3080-1710-2025-153-4-35-51,4,4,4.1,4,2,False,,pending
doi:10.15354/bece.21.e004,-1,,,,0,True,,pending
record:e0d8c327a2478324287f284b,-1,,,,0,True,,pending
record:f55fce4d88c4bf9cf6996018,24,24,24.1,24,2,False,,pending
doi:10.56238/sevened2026.011-012,-1,,,,0,True,,pending
doi:10.23824/ase.v0i44.1028,16,16,16.1,16,2,False,,pending
doi:10.64348/zije.2026284,0,0,0.3,0,2,False,,pending
doi:10.22236/jkpuhamka.v4i2.8204,7,7,7.1,7,2,False,,pending
doi:10.7176/jep/14-24-09,-1,,,,0,True,,pending
doi:10.2991/978-2-494069-35-0_135,-1,,,,0,True,,pending
doi:10.54254/2753-7048/43/20240869,5,5,,5,1,False,,pending
doi:10.22533/at.ed.5584132403046,4,4,4.1,4,2,False,,pending
record:ee8dcce9e07a6f50b8b72bdc,11,11,11.1,11,2,False,,pending
doi:10.1590/s1413-24782026310059,1,1,1.0,1,2,False,,pending
record:4c7cb2740fb4f5da831eb5ac,26,26,,26,1,False,,pending
doi:10.47119/ijrp1001921320268748,3,3,3.2,3,2,False,,pending
doi:10.63617/jipe.v2i2.151,-1,,,,0,True,,pending
doi:10.18848/2329-1656/cgp/a180,-1,,,,0,True,,pending
doi:10.56238/iesfodav1-014,21,21,21.0,21,2,False,,pending
doi:10.31258/jes.9.5.p.3910-3921,0,0,0.1,0,2,False,,pending
record:11c75481cb6d6c64ec6502f5,-1,,,,0,True,,pending
record:61324440221b833b18298ea4,22,22,22.1,22,2,False,,pending
doi:10.26689/jcer.v5i2.1840,-1,,,,0,True,,pending
record:627a31a31708d385cf60878e,10,10,10.1,10,2,False,,pending
doi:10.1007/978-981-96-2325-9_3,-1,,,,0,True,,pending
doi:10.18488/journal.119.2020.22.109.122,17,17,17.0,17,2,False,,pending
doi:10.34117/bjdv.v7i5.29271,5,5,5.1,5,2,False,,pending
doi:10.29210/021108jpgi0005,7,7,7.1,7,2,False,,pending
record:7cf944fd14c25e00114327f6,-1,,,,0,True,,pending
doi:10.18506/anemon.1542372,3,3,3.0,3,2,False,,pending
doi:10.20961/shes.v8i4.109945,4,4,4.1,4,2,False,,pending
record:8b14debde051ee3eb1432962,5,5,5.1,5,2,False,,pending
doi:10.59075/5bkv0268,5,5,5.1,5,2,False,,pending
doi:10.58837/chula.educu.48.3.18,5,5,5.1,5,2,False,,pending
doi:10.58860/ijari.v1i3.30,4,4,4.1,4,2,False,,pending
doi:10.54941/ahfe1002407,-1,,,,0,True,,pending
record:391dc56ebd92b235ff4afebc,0,0,,0,1,False,,pending
doi:10.2139/ssrn.5039939,-1,,,,0,True,,pending
doi:10.33650/pjp.v13i1.14713,0,0,,0,1,False,,pending
doi:10.3897/ap.2.e1883,1,1,,1,1,False,,pending
doi:10.18196/jiee.v1i2.12,-1,,,,0,True,,pending
doi:10.23977/appep.2023.040501,23,23,23.0,23,2,False,,pending
doi:10.30829/tar.v28i2.1108,-1,,,,0,True,,pending
doi:10.59890/ijels.v3i7.112,0,0,0.0,0,2,False,,pending
record:8ba8c5e9f0d32a4cabfe9549,0,0,0.2,0,2,False,,pending
record:14a280e0fd71534c4d9d9b16,24,24,24.0,24,2,False,,pending
record:6dfc1b42c3c66c43c4b0c779,11,11,,11,1,False,,pending
doi:10.37758/mapendis.33i2.393,24,24,24.1,24,2,False,,pending
record:d6c3f383b09c3a68d309b173,-1,,,,0,True,,pending
doi:10.51244/ijrsi.2025.12030050,5,5,5.0,5,2,False,,pending
doi:10.24036/kolokium.v12i2.907,-1,,,,0,True,,pending
record:a3deb343e41f8272b5b5cc14,-1,,,,0,True,,pending
doi:10.2991/978-94-6463-686-4_28,-1,,,,0,True,,pending
doi:10.62872/6ymtw952,-1,,,,0,True,,pending
doi:10.51889/2020-1.1728-5496.45,5,5,5.1,5,2,False,,pending
record:73b6ee2e6b934451cd00a497,-1,,,,0,True,,pending
doi:10.67718/ajei.v3i4.55,24,24,24.0,24,2,False,,pending
doi:10.46245/ijorer.v7i3.1445,4,4,4.1,4,2,False,,pending
doi:10.33592/foremost.v2i2.1739,5,5,5.1,5,2,False,,pending
record:60f9081fdecf8ac9704f3e38,-1,,,,0,True,,pending
record:a044c8e79cabbaa24f9c78c5,-1,,,,0,True,,pending
doi:10.6084/m9.figshare.19922751,-1,,,,0,True,,pending
doi:10.56238/sevened2025.038-021,-1,,,,0,True,,pending
doi:10.4992/pacjpa.86.0_3am-079-pp,-1,,,,0,True,,pending
doi:10.47739/2576-0076.behavior.1021,21,21,21.1,21,2,False,,pending
doi:10.1080/10494820.2023.2253861,16,16,,16,1,False,,pending
doi:10.63305/610829,12,12,,12,1,False,,pending
record:9c04e2135e0ce5bb76822c0c,5,5,5.1,5,2,False,,pending
doi:10.47191/ijmra/v8-i06-70,-1,,,,0,True,,pending
doi:10.58837/chula.educu.49.2.2,-1,,,,0,True,,pending
doi:10.28926/briliant.v10i3.2060,7,7,7.1,7,2,False,,pending
doi:10.70773/revistatopicos/790384771,0,0,0.3,0,2,False,,pending
doi:10.53697/emak.v2i4.192,-1,,,,0,True,,pending
record:81dd15cf6d3a775c341f86ea,-1,,,,0,True,,pending
record:13ff370f29b1d85d55a288a6,9,9,9.1,9,2,False,,pending
doi:10.12677/ve.2024.135233,-1,,,,0,True,,pending
doi:10.51891/rease.v12i9.30184,5,5,5.1,5,2,False,,pending
record:08cc6fabfd800eba8806a811,-1,,,,0,True,,pending
doi:10.60153/xcmn7p03,-1,,,,0,True,,pending
doi:10.26803/ijlter.25.6.31,0,0,,0,1,False,,pending
record:d7fb53d2ab972217c2f038e7,5,5,5.1,5,2,False,,pending
doi:10.55215/jppguseda.v7i1.9704,15,15,15.1,15,2,False,,pending
doi:10.64726/6z33hm82,-1,,,,0,True,,pending
record:5356e20b3e263a7f05570afe,-1,,,,0,True,,pending
doi:10.71392/ejip.v3i2.38,16,16,16.1,16,2,False,,pending
doi:10.15575/jipai.v5i1.45233,-1,,,,0,True,,pending
doi:10.64388/irev9i12-1719211,0,0,0.0,0,2,False,,pending
doi:10.2139/ssrn.4562688,3,3,,3,1,False,,pending
record:4639f3b34536125324497121,11,11,,11,1,False,,pending
doi:10.61987/bamj.v3i1.800,5,5,5.1,5,2,False,,pending
doi:10.1257/rct.17236-1.1,-1,,,,0,True,,pending
doi:10.64252/z46g3b48,18,18,,18,1,False,,pending
doi:10.47963/gje101867,-1,,,,0,True,,pending
doi:10.63498/nxz2st275,16,16,16.1,16,2,False,,pending
doi:10.26877/ijre.v3i1.17224,-1,,,,0,True,,pending
doi:10.53660/clm-3663-24j43,11,11,11.1,11,2,False,,pending
doi:10.66527/cp72dk75,18,18,18.0,18,2,False,,pending
doi:10.21070/jbmp.v7i2.1534,24,24,24.1,24,2,False,,pending
doi:10.54660/ijmcr.2024.3.5.32-40,5,5,,5,1,False,,pending
record:e8d47783c70345aa5d54c3e9,3,3,3.0,3,2,False,,pending
doi:10.24235/ijee.v7i1.19995,-1,,,,0,True,,pending
doi:10.21070/ups.9967,0,0,,0,1,False,,pending
record:4ab162ff8db8d92a345c246b,-1,,,,0,True,,pending
record:cad3c59100049e00e1df75db,26,26,,26,1,False,,pending
record:870c412d2704bc7229311feb,-1,,,,0,True,,pending
record:261ee2c47e9aaab1a19216d6,-1,,,,0,True,,pending
record:611a3aad5c4126d06609d1d6,-1,,,,0,True,,pending
record:a2ac4fa4cc0f187c5874276e,-1,,,,0,True,,pending
doi:10.55014/pij.v8i5.885,-1,,,,0,True,,pending
doi:10.5281/zenodo.18434355,-1,,,,0,True,,pending
doi:10.33258/birci.v4i4.3241,0,0,0.1,0,2,False,,pending
doi:10.24235/tarbawi.v9i2.18922,10,10,10.1,10,2,False,,pending
doi:10.56916/jesi.v3i2.1276,0,0,0.0,0,2,False,,pending
doi:10.51296/newera.28,3,3,,3,1,False,,pending
doi:10.17605/osf.io/2a6u9,5,5,5.1,5,2,False,,pending
doi:10.71839/qres.2026.1240193,-1,,,,0,True,,pending
doi:10.2991/978-2-38476-489-1_6,16,16,16.0,16,2,False,,pending
doi:10.64290/mmj-stme.v1i1.2,-1,,,,0,True,,pending
record:cb6733fa8169139d6fd3469e,-1,,,,0,True,,pending
doi:10.22329/jtl.v19i1.9111,-1,,,,0,True,,pending
doi:10.53469/jrve.2022.04(08).05,-1,,,,0,True,,pending
doi:10.38159/ehass.202561417,-1,,,,0,True,,pending
doi:10.54097/xm2vd897,-1,,,,0,True,,pending
doi:10.20448/jeelr.v12i4.7563,0,0,,0,1,False,,pending
doi:10.20372/ejssdastu:v7.i2.2020.196,21,21,21.1,21,2,False,,pending
record:758bd63d9a6860a2edb2a89e,-1,,,,0,True,,pending
record:906264ba946e486403211b98,1,1,1.0,1,2,False,,pending
record:74e87e6071eeea1562cef643,-1,,,,0,True,,pending
doi:10.22533/at.ed.5584172420058,-1,,,,0,True,,pending
record:f28bf4e02c8a8b35a5604ba0,-1,,,,0,True,,pending
record:186fe79a4a9c5a598d9c8706,-1,,,,0,True,,pending
doi:10.21428/44468e7f.79ea4f32,17,17,,17,1,False,,pending
doi:10.15294/eduman.v15i1.38981,24,24,24.1,24,2,False,,pending
doi:10.56238/sevened2026.011-003,11,11,11.1,11,2,False,,pending
doi:10.25215/1997811340.12,0,0,0.2,0,2,False,,pending
doi:10.5281/zenodo.21568947,16,16,16.1,16,2,False,,pending
doi:10.5281/zenodo.20602817,7,7,7.1,7,2,False,,pending
record:8617fe07f725381b080df8b4,-1,,,,0,True,,pending
doi:10.5281/zenodo.21858710,24,24,24.1,24,2,False,,pending
doi:10.5281/zenodo.19765627,5,5,5.1,5,2,False,,pending
doi:10.5281/zenodo.23072760,5,5,5.1,5,2,False,,pending
doi:10.70838/pemj.460304,5,5,5.1,5,2,False,,pending
doi:10.36526/sosioedukasi.v15i2.7864,0,0,0.3,0,2,False,,pending
doi:10.34117/bjdv8n2-003,1,1,,1,1,False,,pending
doi:10.4038/suslj.v23i2.7852,1,1,1.1,1,2,False,,pending
doi:10.5281/zenodo.16315250,3,3,3.2,3,2,False,,pending
record:5b0a50a89593324b675381a8,-1,,,,0,True,,pending
doi:10.23960/simbol.v14i2.2027,-1,,,,0,True,,pending
doi:10.1109/icalter69698.2025.11355038,0,0,0.3,0,2,False,,pending
doi:10.17977/um065.v6.i8.2026.13,-1,,,,0,True,,pending
record:b798aaaf2ec1e51c94993bac,5,5,,5,1,False,,pending
doi:10.20527/btjpm.v4i3.5812,-1,,,,0,True,,pending
doi:10.12677/ae.2024.1481400,-1,,,,0,True,,pending
doi:10.1163/9789004704770_021,17,17,17.1,17,2,False,,pending
doi:10.5281/zenodo.19364730,0,0,,0,1,False,,pending
record:06ac993d62f8c1f546a6bec7,16,16,,16,1,False,,pending
record:d1e7df11874ea9ba3285d90e,-1,,,,0,True,,pending
doi:10.47997/sdes-ijir/3.5.2022.497-501,0,0,,0,1,False,,pending
doi:10.51244/ijrsi.2025.120800201,-1,,,,0,True,,pending
record:93b2683227459a7a0ce54c29,-1,,,,0,True,,pending
doi:10.23960/jpp.v15i1.pp475-484,9,9,,9,1,False,,pending
record:04e0363764dc5d3328276c56,-1,,,,0,True,,pending
doi:10.54033/stebook.978-65-83309-62-4_17,11,11,,11,1,False,,pending
doi:10.53837/waniambey.v7i1.2248,-1,,,,0,True,,pending
doi:10.29228/sobider.65006,-1,,,,0,True,,pending
record:99006580e3cb11fa4b6c112d,-1,,,,0,True,,pending
record:4fb9314080eb61807fef8141,-1,,,,0,True,,pending
doi:10.30828/real.1921110,16,16,16.1,16,2,False,,pending
doi:10.71040/jirp.v11i3.340,-1,,,,0,True,,pending
doi:10.58837/chula.educu.48.4.8,5,5,5.1,5,2,False,,pending
doi:10.5281/zenodo.7013285,3,3,,3,1,False,,pending
doi:10.5861/ijrse.2024.24702,21,21,21.1,21,2,False,,pending
doi:10.47119/ijrp1001511620246835,5,5,5.1,5,2,False,,pending
doi:10.29228/kerjournal.71304,10,10,10.1,10,2,False,,pending
doi:10.1007/978-3-030-62380-7,-1,,,,0,True,,pending
doi:10.1007/978-981-16-7629-1,2,2,2.1,2,2,False,,pending
doi:10.1080/00131911.2021.1944494,2,2,2.1,2,2,False,,pending
record:cbbcc8e1a783aef577be0aa3,20,20,,20,1,False,,pending
record:83e448c3fc7aae2beb8931e2,27,27,,27,1,False,,pending
doi:10.1007/978-3-030-47020-3,2,2,2.1,2,2,False,,pending
doi:10.4135/9781071852774.n11,-1,,,,0,True,,pending
doi:10.3390/books978-3-7258-5440-0,2,2,2.1,2,2,False,,pending
doi:10.4018/979-8-3373-3616-9.ch007,1,1,,1,1,False,,pending
record:1d358f1202a81001b2be049b,-1,,,,0,True,,pending
doi:10.4324/9781003121398-5,2,2,2.1,2,2,False,,pending
record:0f022e310fb18182615636ae,2,2,2.1,2,2,False,,pending
doi:10.23865/nse.v45.6518,-1,,,,0,True,,pending
doi:10.4324/9781138609877-ree134-0,-1,,,,0,True,,pending
doi:10.4324/9781003024873-11,-1,,,,0,True,,pending
doi:10.4018/979-8-3373-1350-4.ch004,-1,,,,0,True,,pending
doi:10.5281/zenodo.18394066,2,2,2.1,2,2,False,,pending
doi:10.1007/978-3-030-74497-7,2,2,2.1,2,2,False,,pending
doi:10.1007/978-3-032-12922-2,12,12,,12,1,False,,pending
doi:10.18662/rrem/12.3/311,-1,,,,0,True,,pending
doi:10.4018/979-8-3693-8734-4,16,16,,16,1,False,,pending
doi:10.4108/eai.20-9-2022.2324591,17,17,17.0,17,2,False,,pending
record:d45eb00af1961092decac494,-1,,,,0,True,,pending
record:bcd5ba3a6ae7ebd2a9cad7a4,2,2,2.1,2,2,False,,pending
doi:10.6084/m9.figshare.32075409,-1,,,,0,True,,pending
doi:10.1007/978-3-030-62380-7_3,-1,,,,0,True,,pending
record:b74de93682ac80cc4c20abba,2,2,2.1,2,2,False,,pending
doi:10.52127/2240-012-001-051,-1,,,,0,True,,pending
doi:10.5040/9781350353459,2,2,2.1,2,2,False,,pending
doi:10.1108/979-8-88730-386-420251007,2,2,2.1,2,2,False,,pending
record:a8cb7c42c857fbbef56705bf,2,2,2.1,2,2,False,,pending
doi:10.5040/9798881830403.ch-010,-1,,,,0,True,,pending
doi:10.5040/9781350173187,10,10,10.1,10,2,False,,pending
doi:10.1108/978-1-64113-930-420251013,2,2,2.1,2,2,False,,pending
doi:10.1093/acrefore/9780190264093.013.678,-1,,,,0,True,,pending
doi:10.1108/978-1-64802-374-320251004,2,2,2.1,2,2,False,,pending
doi:10.4324/9781003543008-33,3,3,3.2,3,2,False,,pending
doi:10.4324/9781003773498-1,12,12,12.0,12,2,False,,pending
doi:10.1163/9789004461871_003,-1,,,,0,True,,pending
doi:10.3102/ip.23.2010917,-1,,,,0,True,,pending
doi:10.5040/9781350160552.0009,2,2,2.1,2,2,False,,pending
doi:10.32996/jlds.2026.6.1.2,13,13,13.0,13,2,False,,pending
doi:10.5040/9781350264106.ch-009,16,16,,16,1,False,,pending
doi:10.1007/978-981-92-0666-7,-1,,,,0,True,,pending
doi:10.5040/9781350264106.ch-013,2,2,2.1,2,2,False,,pending
doi:10.71465/seevpf41,2,2,2.1,2,2,False,,pending
doi:10.1108/979-8-88730-828-9202510012,-1,,,,0,True,,pending
doi:10.5040/9781350405417,10,10,10.1,10,2,False,,pending
record:a0f713fad23c84cc6dfd4397,2,2,2.1,2,2,False,,pending
doi:10.5281/zenodo.18647126,16,16,16.0,16,2,False,,pending
doi:10.3389/978-2-8325-8789-8,18,18,18.0,18,2,False,,pending
doi:10.5040/9781350173187.0009,10,10,10.1,10,2,False,,pending
record:6425bab9f516447329c49722,3,3,3.2,3,2,False,,pending
doi:10.5040/9798765148808.ch-13,2,2,2.1,2,2,False,,pending
doi:10.1007/978-3-030-14625-2_47,-1,,,,0,True,,pending
doi:10.4324/9780429470493,2,2,2.1,2,2,False,,pending
doi:10.1108/9781837535446,1,1,1.2,1,2,False,,pending
doi:10.1007/978-3-031-14510-0_1,2,2,2.1,2,2,False,,pending
doi:10.1080/00131911.2020.1777784,27,27,,27,1,False,,pending
record:a68711f6be5bb8436626de9c,2,2,2.1,2,2,False,,pending
doi:10.5281/zenodo.20039755,-1,,,,0,True,,pending
record:d0addca378b32c146206502a,-1,,,,0,True,,pending
doi:10.4324/9781003451617,-1,,,,0,True,,pending
doi:10.1007/978-3-031-71415-3,16,16,16.0,16,2,False,,pending
doi:10.5040/9781350160552.0021,2,2,2.1,2,2,False,,pending
doi:10.1108/978-1-83797-390-320241006,-1,,,,0,True,,pending
doi:10.59765/wot38,7,7,7.1,7,2,False,,pending
doi:10.51178/jsr.v7i1.3375,-1,,,,0,True,,pending
doi:10.14220/9783737014427.103,12,12,12.0,12,2,False,,pending
doi:10.5281/zenodo.22250305,12,12,12.1,12,2,False,,pending
record:18ab2e6d9e99c9ef2d39bd05,16,16,16.0,16,2,False,,pending
record:040304a4212278af301903eb,-1,,,,0,True,,pending
record:7482173dc9405b85519560b9,2,2,2.1,2,2,False,,pending
doi:10.22533/at.ed.6042103118,2,2,2.1,2,2,False,,pending
record:6e683541f1641b4e9ec319e9,-1,,,,0,True,,pending
doi:10.5771/9781793615275-77,19,19,,19,1,False,,pending
doi:10.61186/meo.13.3.181,0,0,0.2,0,2,False,,pending
record:a653e460759bdafacb69420d,23,23,23.1,23,2,False,,pending
doi:10.5281/zenodo.18030698,2,2,2.1,2,2,False,,pending
doi:10.1007/978-3-032-12922-2_8,2,2,,2,1,False,,pending
record:6a368d7f3fdb8ce006d9eead,20,20,20.1,20,2,False,,pending
doi:10.1366/y5bhkf39,7,7,7.1,7,2,False,,pending
doi:10.4337/9781035346431.00015,16,16,16.0,16,2,False,,pending
record:f02ef3b784702e2c0a9ba790,2,2,2.1,2,2,False,,pending
doi:10.26522/jitp.v8i.3833,2,2,2.1,2,2,False,,pending
record:8a615d0d09f5aa61a9710cd1,2,2,2.1,2,2,False,,pending
record:dd131ff7df78c96d6bc96f95,2,2,2.1,2,2,False,,pending
record:70e3aec3487fad62f1920a7f,-1,,,,0,True,,pending
doi:10.1108/979-8-88730-100-620251010,-1,,,,0,True,,pending
doi:10.4324/9781003283775,-1,,,,0,True,,pending
record:f0842cf1990f7388b7a74535,2,2,2.1,2,2,False,,pending
doi:10.3389/feduc.2026.1937258,18,18,18.0,18,2,False,,pending
doi:10.1108/978-1-64802-238-820251019,2,2,2.0,2,2,False,,pending
doi:10.66669/cineforum.v66is3.1316,12,12,,12,1,False,,pending
doi:10.5040/9781350160552.0008,2,2,2.1,2,2,False,,pending
doi:10.5040/9781350196988.ch-009,2,2,2.1,2,2,False,,pending
doi:10.4018/978-1-7998-7732-5.ch006,4,4,4.1,4,2,False,,pending
doi:10.5040/9781350160552.0014,2,2,2.1,2,2,False,,pending
doi:10.4324/9781003724223-13,-1,,,,0,True,,pending
doi:10.1080/13603124.2020.1770865,-1,,,,0,True,,pending
doi:10.1007/978-3-030-14625-2_88,10,10,10.1,10,2,False,,pending
record:a597898406130b79d26076e6,2,2,2.1,2,2,False,,pending
doi:10.47577/teh.v7i.10328,-1,,,,0,True,,pending
doi:10.1093/acrefore/9780190264093.013.639,4,4,,4,1,False,,pending
record:3985ed56817d1bbc6449708e,-1,,,,0,True,,pending
doi:10.1007/978-3-030-74497-7_4,-1,,,,0,True,,pending
doi:10.69772/8.2.1,-1,,,,0,True,,pending
doi:10.4018/979-8-3373-7123-8.ch007,2,2,2.1,2,2,False,,pending
doi:10.1108/ijem-10-2024-0661,3,3,3.2,3,2,False,,pending
doi:10.5040/9781350353459.ch-001,2,2,2.1,2,2,False,,pending
doi:10.1007/978-3-030-47020-3_1,-1,,,,0,True,,pending
doi:10.5281/zenodo.19928728,0,0,,0,1,False,,pending
doi:10.4018/979-8-3373-4908-4.ch003,16,16,16.0,16,2,False,,pending
doi:10.14288/1.0392160,4,4,4.0,4,2,False,,pending
doi:10.1108/jced-06-2020-0004,-1,,,,0,True,,pending
doi:10.5771/9781475851595-79,-1,,,,0,True,,pending
doi:10.5281/zenodo.20039670,2,2,2.1,2,2,False,,pending
doi:10.1108/978-1-80686-267-220261002,2,2,2.1,2,2,False,,pending
doi:10.1093/acrefore/9780190264093.013.642,10,10,10.1,10,2,False,,pending
doi:10.3102/1690909,2,2,2.0,2,2,False,,pending
doi:10.21125/iceri.2023.0475,0,0,,0,1,False,,pending
doi:10.1177/17411432251383961,-1,,,,0,True,,pending
doi:10.5281/zenodo.20108543,2,2,2.1,2,2,False,,pending
doi:10.46727/c.v1.27-28-03-2025.p31-44,2,2,2.1,2,2,False,,pending
doi:10.1353/esc.2020.a903563,-1,,,,0,True,,pending
doi:10.1504/ijmie.2021.116527,-1,,,,0,True,,pending
record:d112583adbf217aefff2cb21,-1,,,,0,True,,pending
doi:10.4324/9781003348085,23,23,23.1,23,2,False,,pending
doi:10.17863/cam.132438,4,4,4.0,4,2,False,,pending
doi:10.7910/dvn/lsyttx,-1,,,,0,True,,pending
doi:10.4018/978-1-6684-5812-9.ch001,-1,,,,0,True,,pending
record:8b12ee1529653b95c6e18f3f,2,2,2.1,2,2,False,,pending
doi:10.1080/00131911.2025.2555128,4,4,4.0,4,2,False,,pending
doi:10.54254/2753-7048/2026.ht28515,4,4,4.0,4,2,False,,pending
record:9c9684d101bd22ea506b8791,-1,,,,0,True,,pending
doi:10.5281/zenodo.18007473,-1,,,,0,True,,pending
doi:10.5281/zenodo.22869962,12,12,12.1,12,2,False,,pending
doi:10.46827/ejes.v13i7.6909,-1,,,,0,True,,pending
doi:10.1093/jopedu/qhaf070,-1,,,,0,True,,pending
doi:10.62596/b7pgk011,20,20,20.1,20,2,False,,pending
doi:10.1007/978-981-96-3901-4_22-1,-1,,,,0,True,,pending
doi:10.3126/sij.v4i1.54138,-1,,,,0,True,,pending
doi:10.1007/978-3-030-62380-7_2,2,2,2.1,2,2,False,,pending
record:249735f698137d1bc71f15b2,2,2,2.1,2,2,False,,pending
doi:10.3102/ip.23.2013509,-1,,,,0,True,,pending
doi:10.35964/munawwarah.v17i1.385,-1,,,,0,True,,pending
record:cbaf3525ef6eaa16ed378e5b,10,10,10.0,10,2,False,,pending
doi:10.1163/9789004719255_004,-1,,,,0,True,,pending
doi:10.4324/9781003639060-2,-1,,,,0,True,,pending
doi:10.37811/cl_rcm.v7i2.6174,-1,,,,0,True,,pending
doi:10.33996/rpp.v3i8.37,13,13,13.1,13,2,False,,pending
doi:10.30828/real.950445,2,2,2.1,2,2,False,,pending
doi:10.17227/rce.num101-21208,-1,,,,0,True,,pending
doi:10.33996/franztamayo.v3i6.311,-1,,,,0,True,,pending
doi:10.15366/reice2022.20.3.001,-1,,,,0,True,,pending
doi:10.31948/editorialunimar.168.c194,20,20,20.0,20,2,False,,pending
doi:10.31908/eucp.102.c799,0,0,,0,1,False,,pending
doi:10.22518/jour.ccsh/2020.2a09,-1,,,,0,True,,pending
record:98048c7236134702cf182362,2,2,2.1,2,2,False,,pending
doi:10.69821/constellations.v1i1.5,5,5,5.1,5,2,False,,pending
doi:10.70262/rced.v3i1.2025.89,4,4,4.1,4,2,False,,pending
doi:10.23857/dc.v7i4.2085,5,5,5.1,5,2,False,,pending
doi:10.46377/dilemas.v9i1.2832,-1,,,,0,True,,pending
doi:10.53995/rsp.v5i5.272,0,0,,0,1,False,,pending
record:3306d5c0935b1a9e75d590c2,5,5,5.1,5,2,False,,pending
doi:10.46848/9786581033842,4,4,4.1,4,2,False,,pending
doi:10.56712/latam.v6i1.3360,17,17,17.1,17,2,False,,pending
doi:10.52080/rvgluz.27.7.18,-1,,,,0,True,,pending
doi:10.37811/cl_rcm.v4i2.147,-1,,,,0,True,,pending
doi:10.54278/ra.v14i1.324,17,17,17.1,17,2,False,,pending
doi:10.51247/e.v2i3.883,5,5,5.1,5,2,False,,pending
doi:10.69639/arandu.v12i1.702,14,14,14.0,14,2,False,,pending
record:425c2fc7e4fec5f7bf60b48a,5,5,5.1,5,2,False,,pending
doi:10.37955/cs.v1ie1.132,-1,,,,0,True,,pending
doi:10.35290/rcui.v10n3.2023.893,5,5,5.1,5,2,False,,pending
record:a0547c38c7b81b366a706b71,3,3,3.0,3,2,False,,pending
record:f00d96370831ff81a620c439,-1,,,,0,True,,pending
doi:10.26820/reciamuc/9.(2).abril.2025.69-86,0,0,0.3,0,2,False,,pending
doi:10.5944/reec.38.2021.29017,3,3,3.0,3,2,False,,pending
doi:10.37711/desafios.2021.12.1.252,3,3,,3,1,False,,pending
doi:10.19136/etie.v7n14.6307,17,17,17.1,17,2,False,,pending
doi:10.52080/rvgluz.26.e5.16,-1,,,,0,True,,pending
doi:10.22458/caes.v13i1.3805,-1,,,,0,True,,pending
doi:10.51896/rilcods.v7i65.812,-1,,,,0,True,,pending
doi:10.35197/rx.18.02.2022.12.ia,5,5,5.1,5,2,False,,pending
doi:10.37811/cl_rcm.v4i2.139,-1,,,,0,True,,pending
record:8780a0ed7c72e01418451c32,-1,,,,0,True,,pending
doi:10.60112/erc.v4i4.293,5,5,5.1,5,2,False,,pending
doi:10.12795/9788447231003.080,-1,,,,0,True,,pending
doi:10.37811/cl_rcm.v8i4.12752,-1,,,,0,True,,pending
record:ee0b5d79f98779c1819c657a,-1,,,,0,True,,pending
record:a43344c938c8881028b01ea7,16,16,,16,1,False,,pending
doi:10.37811/cl_rcm.v5i2.333,-1,,,,0,True,,pending
doi:10.35381/cm.v8i1.630,0,0,0.3,0,2,False,,pending
doi:10.37811/cl_rcm.v10i1.22819,-1,,,,0,True,,pending
doi:10.22458/ie.v27iespecial.6166,5,5,5.1,5,2,False,,pending
doi:10.35600/25008870.2022.15.0256,-1,,,,0,True,,pending
doi:10.52080/rvgluz.31.e15.6,16,16,16.1,16,2,False,,pending
record:becb2bd324d04278b881f7ce,-1,,,,0,True,,pending
doi:10.15332/24631140.7803,14,14,14.2,14,2,False,,pending
doi:10.52080/rvgluz.27.100.10,1,1,1.0,1,2,False,,pending
doi:10.35290/rcui.v12n1.2025.1237,17,17,17.1,17,2,False,,pending
doi:10.55813/gaea/jessr/v6/n1/230,-1,,,,0,True,,pending
doi:10.15648/legem.2.2022.3501,14,14,14.2,14,2,False,,pending
doi:10.56712/latam.v5i5.2901,14,14,14.2,14,2,False,,pending
doi:10.35381/e.k.v3i5.774,14,14,14.0,14,2,False,,pending
doi:10.5281/zenodo.18408599,-1,,,,0,True,,pending
doi:10.36006/09778-1,23,23,23.1,23,2,False,,pending
doi:10.26620/uniminuto.perspectivas.9.24.2024.47-57,0,0,0.3,0,2,False,,pending
doi:10.51896/ocsi.v4i1.70,18,18,18.0,18,2,False,,pending
doi:10.48021/978-65-270-1783-7,5,5,5.1,5,2,False,,pending
doi:10.37885/978-65-5360-498-8,-1,,,,0,True,,pending
doi:10.15381/rpiiedu.v4i1.27598,-1,,,,0,True,,pending
doi:10.22320/reined.v8i1.7852,5,5,5.1,5,2,False,,pending
record:c95980a0cf015d75e42bea51,-1,,,,0,True,,pending
doi:10.46990/iquatro.2025.04.16.0,-1,,,,0,True,,pending
doi:10.22458/caes.v12i1.3282,-1,,,,0,True,,pending
doi:10.22458/ie.v23i35.3834,4,4,4.1,4,2,False,,pending
doi:10.15359/ree.24-s.7,3,3,3.0,3,2,False,,pending
doi:10.37811/cl_rcm.v6i4.2831,0,0,,0,1,False,,pending
doi:10.18050/eduser.v9n1a5,4,4,4.1,4,2,False,,pending
doi:10.35381/r.k.v8i17.3145,-1,,,,0,True,,pending
doi:10.51736/sa.v7i2.255,21,21,21.0,21,2,False,,pending
record:9fcb34bde1833d22156f4034,21,21,21.1,21,2,False,,pending
doi:10.26512/9788593776014.c16,-1,,,,0,True,,pending
record:fe65a0b82356eedd7a5e8e5c,-1,,,,0,True,,pending
record:22a92ebee0f829d4c776adf3,-1,,,,0,True,,pending
doi:10.22533/at.ed.22021280414,-1,,,,0,True,,pending
record:14f94ba45e41704d10ae4809,-1,,,,0,True,,pending
doi:10.37594/dialogus.v1i10.678,14,14,14.2,14,2,False,,pending
doi:10.18050/eduser.v9n1a1,17,17,17.1,17,2,False,,pending
doi:10.69821/constellations.v3i2.46,-1,,,,0,True,,pending
doi:10.33996/repe.v3i5.273,8,8,,8,1,False,,pending
doi:10.25044/25392190.1068,17,17,17.1,17,2,False,,pending
record:e101dcb3bfcd169862356b67,-1,,,,0,True,,pending
record:a6001e1c7ead3de383e4e597,-1,,,,0,True,,pending
doi:10.46932/sfjdv6n5-080,17,17,17.1,17,2,False,,pending
record:2a94934775e680d6488806f2,0,0,,0,1,False,,pending
doi:10.64893/spby7h04,-1,,,,0,True,,pending
doi:10.5281/zenodo.18367338,-1,,,,0,True,,pending
record:ab26e620b449e97a60105412,8,8,8.1,8,2,False,,pending
record:0b195fae0ad607d8a9c6fe14,-1,,,,0,True,,pending
doi:10.62319/simonrodriguez.v.6i11.170,0,0,0.3,0,2,False,,pending
doi:10.46652/religacionpress.246,-1,,,,0,True,,pending
doi:10.56200/mried.v4i11.10138,-1,,,,0,True,,pending
record:76e93f1ec55e3411db8346ab,-1,,,,0,True,,pending
record:42409fc1aaad349f23f6e51d,16,16,,16,1,False,,pending
record:8762adcc5c849239cbed26cf,0,0,0.0,0,2,False,,pending
record:6474ab54a8f7030933ff877e,-1,,,,0,True,,pending
doi:10.26495/rch.v6i1.2122,8,8,,8,1,False,,pending
doi:10.37811/cl_rcm.v6i4.2889,-1,,,,0,True,,pending
doi:10.37811/cl_rcm.v4i2.70,5,5,5.1,5,2,False,,pending
doi:10.18041/0121-3474/verbaiuris.44.6885,13,13,13.1,13,2,False,,pending
doi:10.47189/rcct.v21i29.408,14,14,,14,1,False,,pending
record:511e9063cfcf4888cfbda884,-1,,,,0,True,,pending
doi:10.37811/cl_rcm.v6i6.3824,8,8,8.2,8,2,False,,pending
doi:10.46652/atikbook19.cap3,19,19,19.1,19,2,False,,pending
doi:10.5281/zenodo.19010804,19,19,,19,1,False,,pending
record:f2d8b88d88790c2f053f5593,-1,,,,0,True,,pending
record:24ce4a20cc312fab345c66c5,1,1,1.1,1,2,False,,pending
doi:10.59427/rcli/2024/v24cs.41-49,17,17,17.0,17,2,False,,pending
record:0c75b0ef04e515df66b9db3a,8,8,8.1,8,2,False,,pending
record:0b19c4623ae4bbdc963d1864,-1,,,,0,True,,pending
doi:10.21142/des-1703-2025-0052,-1,,,,0,True,,pending
doi:10.64245/eanean24,17,17,17.1,17,2,False,,pending
record:ccfefd081a3161469fc00e7f,3,3,3.0,3,2,False,,pending
doi:10.19052/ap.vol1.iss83.5202,17,17,17.1,17,2,False,,pending
doi:10.17162/au.v11i1.543,3,3,3.0,3,2,False,,pending
doi:10.37811/cl_rcm.v5i5.867,-1,,,,0,True,,pending
record:dbe7d50ecbd21c507579a052,-1,,,,0,True,,pending
doi:10.37811/cl_rcm.v7i2.6112,5,5,5.1,5,2,False,,pending
doi:10.62465/rpca.v2n2.2023.64,18,18,18.0,18,2,False,,pending
doi:10.26633/rpsp.2024.27,-1,,,,0,True,,pending
doi:10.17163/abyaups.127.20,3,3,3.0,3,2,False,,pending
doi:10.56219/revistasdeinvestigacin.v46i107.117,3,3,3.0,3,2,False,,pending
record:4b0d2963ab03c84816673ec4,23,23,23.1,23,2,False,,pending
doi:10.56238/cpahjournalv4n1-013,-1,,,,0,True,,pending
doi:10.22458/re.v21i44.4357,-1,,,,0,True,,pending
record:91c4fadcdc7f16670a1992f2,-1,,,,0,True,,pending
doi:10.56368/entresaberes114,-1,,,,0,True,,pending
record:ebf71c452c06037e9b36aac6,-1,,,,0,True,,pending
record:2a6902497efa607bca60745f,8,8,8.2,8,2,False,,pending
doi:10.5377/ru.v1i1.19185,5,5,5.1,5,2,False,,pending
record:feca49ae4ea090e4559d6425,-1,,,,0,True,,pending
doi:10.5281/zenodo.17718767,-1,,,,0,True,,pending
doi:10.15765/pnrm.v14i26.1482,-1,,,,0,True,,pending
doi:10.14679/3366,10,10,10.1,10,2,False,,pending
doi:10.26843/ae.v17iesp.1.1307,19,19,,19,1,False,,pending
record:29a502c5ee01d50fcf427813,19,19,19.1,19,2,False,,pending
doi:10.2307/j.ctv2gz3vwp.147,-1,,,,0,True,,pending
doi:10.51247/pdlc.v6i1.481,-1,,,,0,True,,pending
record:987ab226122f379f79226296,-1,,,,0,True,,pending
doi:10.37811/cl_rcm.v8i3.11992,19,19,19.1,19,2,False,,pending
doi:10.36006/09807-1,-1,,,,0,True,,pending
record:be1544148bf8a6f223b31589,-1,,,,0,True,,pending
doi:10.31619/caledu.n53.830,-1,,,,0,True,,pending
doi:10.36260/rbr.v12i4.1954,-1,,,,0,True,,pending
doi:10.34720/2za2-ch20,19,19,19.0,19,2,False,,pending
doi:10.54988/cv.2023.1.1310,-1,,,,0,True,,pending
record:ccf81db769bffe9b157b0978,-1,,,,0,True,,pending
doi:10.4067/s0718-73782023000200071,4,4,4.0,4,2,False,,pending
doi:10.36677/redca.v8i22.26357,2,2,2.1,2,2,False,,pending
doi:10.29393/pa77-3vlcm20003,-1,,,,0,True,,pending
doi:10.30827/profesorado.v24i3.15361,18,18,,18,1,False,,pending
doi:10.62943/rck.v3n1.2024.51,-1,,,,0,True,,pending
doi:10.15366/reice2024.22.1.005,3,3,3.2,3,2,False,,pending
doi:10.23913/ride.v14i27.1713,3,3,,3,1,False,,pending
doi:10.64644/9789907956306_16,6,6,6.0,6,2,False,,pending
doi:10.7764/tesisuc/edu/111815,-1,,,,0,True,,pending
doi:10.69639/arandu.v12i4.1874,15,15,15.1,15,2,False,,pending
doi:10.15517/12hrq128,-1,,,,0,True,,pending
doi:10.31207/colloquia.v12i1.190,16,16,16.1,16,2,False,,pending
doi:10.15517/revedu.v44i2.40279,19,19,19.0,19,2,False,,pending
doi:10.63415/saga.v1i4.9,13,13,,13,1,False,,pending
doi:10.56048/mqr20225.7.4.2023.2449-2471,-1,,,,0,True,,pending
doi:10.5281/zenodo.22314889,-1,,,,0,True,,pending
record:d19d69e8d91010a733801f58,10,10,10.1,10,2,False,,pending
doi:10.5281/zenodo.20935449,-1,,,,0,True,,pending
doi:10.34140/bjbv8n1-068,-1,,,,0,True,,pending
doi:10.17583/ijelm.2020.4730,19,19,19.0,19,2,False,,pending
doi:10.5027/psicoperspectivas-vol21-issue1-fulltext-2501,23,23,23.0,23,2,False,,pending
doi:10.63371/ic.v4.n3.a246,-1,,,,0,True,,pending
doi:10.53382/issn.2735-7414.17,3,3,3.1,3,2,False,,pending
record:9c2bdcd33460bedab5234c19,-1,,,,0,True,,pending
record:46685483a6218f337f382cb0,12,12,12.1,12,2,False,,pending
doi:10.4151/07189729-vol.63-iss.1-art.1522,-1,,,,0,True,,pending
doi:10.46932/sfjdv2n2-198,-1,,,,0,True,,pending
record:3bb1af245ca860dd8d672482,-1,,,,0,True,,pending
record:d451220380f9cb4d6f1e4d04,6,6,6.0,6,2,False,,pending
doi:10.37811/cl_rcm.v8i3.11757,-1,,,,0,True,,pending
doi:10.65415/rcs.v1i1.7,4,4,,4,1,False,,pending
doi:10.46954/revistaguatecultura.v5i2.79,7,7,7.1,7,2,False,,pending
doi:10.5281/zenodo.22862083,16,16,,16,1,False,,pending
record:da9cee97b900fe980a014a64,-1,,,,0,True,,pending
doi:10.7764/tesisuc/edu/111791,-1,,,,0,True,,pending
doi:10.65011/prismaods.v5.i3.276,-1,,,,0,True,,pending
doi:10.7764/tesisuc/edu/64382,-1,,,,0,True,,pending
doi:10.7764/tesisuc/edu/105165,-1,,,,0,True,,pending
record:4d4d6c097106c408601850f2,3,3,3.2,3,2,False,,pending
doi:10.61325/ser.v5i1.259,19,19,,19,1,False,,pending
doi:10.7764/tesisuc/edu/64435,3,3,,3,1,False,,pending
doi:10.5354/2735-7279.2026.84853,4,4,4.0,4,2,False,,pending
doi:10.7764/tesisuc/edu/65621,19,19,19.0,19,2,False,,pending
doi:10.7764/tesisuc/edu/52673,23,23,23.0,23,2,False,,pending
doi:10.7764/tesisuc/edu/63079,-1,,,,0,True,,pending
doi:10.1080/19415257.2025.2569527,13,13,13.1,13,2,False,,pending
doi:10.34140/bjbv8n2-105,-1,,,,0,True,,pending
record:d0988fb0be0523bb30a6de61,23,23,23.1,23,2,False,,pending
doi:10.37811/cl_rcm.v8i3.11771,19,19,19.1,19,2,False,,pending
doi:10.30827/profesorado.v25i3.22668,-1,,,,0,True,,pending
doi:10.6018/analesps.620951,7,7,7.1,7,2,False,,pending
doi:10.23824/ase.v0i45.1092,6,6,,6,1,False,,pending
doi:10.52080/rvgluz.30.especial14.47,0,0,0.3,0,2,False,,pending
doi:10.24054/cbs.v4i3.4523,-1,,,,0,True,,pending
doi:10.30827/eticanet.v24i1.30135,4,4,4.1,4,2,False,,pending
record:eb16791230569b050b13e0d9,6,6,,6,1,False,,pending
doi:10.31619/caledu.n52.667,-1,,,,0,True,,pending
doi:10.21555/rpp.v0i30.2019,21,21,21.1,21,2,False,,pending
record:368f7b4860d1676a1d3b4384,19,19,19.1,19,2,False,,pending
doi:10.61368/r.s.d.h.v6i4.836,-1,,,,0,True,,pending
record:6c5866763679d6d20542693c,-1,,,,0,True,,pending
doi:10.59282/reincisol.v3(6)4485-4498,-1,,,,0,True,,pending
doi:10.7764/tesisuc/edu/111843,13,13,13.1,13,2,False,,pending
doi:10.59814/resofro.2025.5(6)946,-1,,,,0,True,,pending
record:83c3170f98cd41d31e701f28,8,8,8.0,8,2,False,,pending
record:793902e18999aaf568188ecb,19,19,19.0,19,2,False,,pending
doi:10.31619/caledu.n63.1563,4,4,4.1,4,2,False,,pending
doi:10.29393/pa68-2lere20002,-1,,,,0,True,,pending
doi:10.46652/religacionpress.430,14,14,14.2,14,2,False,,pending
doi:10.15581/004.52.003,14,14,14.2,14,2,False,,pending
doi:10.7764/tesisuc/edu/60773,13,13,13.1,13,2,False,,pending
doi:10.82992/intellectum/handle.10818.5054,6,6,,6,1,False,,pending
doi:10.70747/cr.v5i3.1353,-1,,,,0,True,,pending
doi:10.7764/tesisuc/edu/111881,-1,,,,0,True,,pending
doi:10.5354/2452-5014.2026.82973,19,19,19.1,19,2,False,,pending
doi:10.46377/dilemas.v14i1.5031,7,7,7.0,7,2,False,,pending
doi:10.33010/ie_rie_rediech.v11i0.867,-1,,,,0,True,,pending
doi:10.35381/noesisin.v8i16.823,-1,,,,0,True,,pending
doi:10.11144/javeriana.m17.ppco,-1,,,,0,True,,pending
doi:10.21664/2238-8869.2021v10i2.p309-323,-1,,,,0,True,,pending
doi:10.35869/reined.v22i3.5769,-1,,,,0,True,,pending
record:3928bdacf9419c161fafd9b7,-1,,,,0,True,,pending
doi:10.70577/asce.v5i2.767,-1,,,,0,True,,pending
doi:10.17583/ijelm.2020.4044,19,19,19.0,19,2,False,,pending
doi:10.22201/iisue.24486167e.2022.175.60971,-1,,,,0,True,,pending
doi:10.56048/mqr20225.8.4.2024.1029-1045,4,4,4.1,4,2,False,,pending
record:2fb8ea90d71057f60bc0dfe5,-1,,,,0,True,,pending
doi:10.31876/rcs.v30i3.42673,16,16,16.1,16,2,False,,pending
doi:10.59659/revistatribunal.v5i12.240,-1,,,,0,True,,pending
doi:10.25044/25392190.1126,-1,,,,0,True,,pending
record:222354d879b1e14929b07048,14,14,14.2,14,2,False,,pending
record:6d522c25f3084494bbe4ceac,8,8,8.0,8,2,False,,pending
doi:10.63862/ehs-978-9907-805-38-3,20,20,20.0,20,2,False,,pending
record:c112cf39c84a5fed3c274414,-1,,,,0,True,,pending
record:5a27e4d5515de8bc7234a5a6,4,4,,4,1,False,,pending
record:5453427e21bda61f91dea6b0,14,14,14.2,14,2,False,,pending
doi:10.17583/ijelm.14667,-1,,,,0,True,,pending
doi:10.33996/revistahorizontes.v10i42.1245,8,8,8.2,8,2,False,,pending
record:9c2f4864732a15abf99a9bfb,-1,,,,0,True,,pending
record:68923971d1efd48794cc1371,6,6,,6,1,False,,pending
doi:10.15366/jospoe2020.12.002,23,23,23.1,23,2,False,,pending
record:0f776de06e7777e45dbadaca,6,6,,6,1,False,,pending
doi:10.47553/rifop.v98i37.1.98213,-1,,,,0,True,,pending
doi:10.69821/remuvac.v2i1.201,-1,,,,0,True,,pending
doi:10.7764/tesisuc/edu/66010,0,0,,0,1,False,,pending
doi:10.30827/profesorado.v28i1.29778,19,19,19.0,19,2,False,,pending
doi:10.5354/2452-5014.2025.77619,20,20,20.0,20,2,False,,pending
doi:10.63415/saga.2026.68,0,0,0.0,0,2,False,,pending
record:f98425361b41978f4c7b2f47,7,7,7.1,7,2,False,,pending
record:917a6ca1ca960d8e1c73546c,-1,,,,0,True,,pending
doi:10.5281/zenodo.18906539,1,1,1.0,1,2,False,,pending
doi:10.14507/epaa.34.9354,23,23,23.0,23,2,False,,pending
doi:10.29393/pa77-6pepc10006,-1,,,,0,True,,pending
doi:10.1080/19415257.2025.2580331,19,19,19.0,19,2,False,,pending
doi:10.56048/mqr20225.9.3.2025.e984,13,13,,13,1,False,,pending
record:0fba70fe69d850e6c7428479,6,6,,6,1,False,,pending
doi:10.1080/19415257.2025.2596105,-1,,,,0,True,,pending
doi:10.21703/rexe.20201941oyarzun24,1,1,1.1,1,2,False,,pending
doi:10.7764/tesisuc/edu/111821,13,13,,13,1,False,,pending
doi:10.33386/593dp.2026.4.4184,6,6,6.1,6,2,False,,pending
doi:10.5281/zenodo.22727371,-1,,,,0,True,,pending
doi:10.14422/mis.v79.i154.y2021.006,-1,,,,0,True,,pending
doi:10.52149/sp21/79.14,-1,,,,0,True,,pending
record:8703e14a98f05b5cb154f5f1,23,23,23.1,23,2,False,,pending
doi:10.7764/tesisuc/edu/74708,-1,,,,0,True,,pending
doi:10.23857/pc.v10i9.10506,20,20,20.0,20,2,False,,pending
doi:10.62943/nrj.v3n1.2024.17,4,4,4.1,4,2,False,,pending
doi:10.30827/profesorado.v25i2.8708,19,19,19.0,19,2,False,,pending
doi:10.22517/25393812.25609,-1,,,,0,True,,pending
record:a16ca65f8a1a73c1c7f1819a,-1,,,,0,True,,pending
doi:10.34893/rediir.v10i10.426,-1,,,,0,True,,pending
doi:10.65288/polpuedu,4,4,4.1,4,2,False,,pending
record:36802033b9db3efcb9902392,-1,,,,0,True,,pending
doi:10.37811/cl_rcm.v9i3.18841,-1,,,,0,True,,pending
record:b4d5d2a8f04dc25c13cc94ca,22,22,22.0,22,2,False,,pending
doi:10.60112/erc.v6.i1.680,16,16,16.1,16,2,False,,pending
doi:10.15359/ree.27-1.14452,23,23,23.1,23,2,False,,pending
doi:10.5281/zenodo.17401285,10,10,10.1,10,2,False,,pending
doi:10.59282/reincisol.v4(7)892-918,4,4,4.1,4,2,False,,pending
doi:10.29393/rle1-2lpvm10002,-1,,,,0,True,,pending
doi:10.13042/bordon.2021.89974,-1,,,,0,True,,pending
doi:10.21703/rexe.v22i49.1457,23,23,23.1,23,2,False,,pending
doi:10.56712/latam.v6i6.5088,-1,,,,0,True,,pending
doi:10.29393/tmudec-106ri1ia106,-1,,,,0,True,,pending
doi:10.70747/cr.v5i2.1068,-1,,,,0,True,,pending
doi:10.56219/dialctica.v1i28.5258,14,14,14.1,14,2,False,,pending
doi:10.18861/cied.2023.14.1.3274,-1,,,,0,True,,pending
doi:10.70577/reg.v5i2.643,6,6,,6,1,False,,pending
doi:10.22490/ecacen.10246,-1,,,,0,True,,pending
doi:10.5281/zenodo.18517677,-1,,,,0,True,,pending
doi:10.52441/edu202004,-1,,,,0,True,,pending
record:ff6d639a4106c57ef0fdf7d7,0,0,0.3,0,2,False,,pending
doi:10.36260/rbr.v12i4.1949,-1,,,,0,True,,pending
doi:10.36260/rbr.v12i7.1979,18,18,18.1,18,2,False,,pending
doi:10.18634/sophiaj.17v.1i.1010,2,2,2.1,2,2,False,,pending
doi:10.4067/s0718-73782020000200213,4,4,4.0,4,2,False,,pending
doi:10.46652/religacionpress.317.c579,-1,,,,0,True,,pending
doi:10.15517/h6fvzf06,20,20,20.1,20,2,False,,pending
doi:10.56294/sctconf2023531,19,19,19.1,19,2,False,,pending
doi:10.22463/25909215.4017,-1,,,,0,True,,pending
record:ac5f20cddabaa23f25f048b4,19,19,19.1,19,2,False,,pending
doi:10.63535/7f2d6594,4,4,,4,1,False,,pending
doi:10.1111/ejed.12398,-1,,,,0,True,,pending
doi:10.59282/reincisol.v4(7)2535-2549,-1,,,,0,True,,pending
doi:10.18861/cied.2025.16.2.4074,-1,,,,0,True,,pending
record:6bcf1acb3e95e14d407fc9f6,-1,,,,0,True,,pending
doi:10.22201/iisue.24486167e.2025.47.61762,-1,,,,0,True,,pending
doi:10.63371/ic.v4.n3.a249,-1,,,,0,True,,pending
record:fdc9a4f90bab663fa5ab2436,-1,,,,0,True,,pending
doi:10.17583/remie.18244,4,4,4.0,4,2,False,,pending
record:2ec4d7f3ec054a6120d269f6,8,8,8.0,8,2,False,,pending
record:0eacadb533e2f826ee39d351,-1,,,,0,True,,pending
record:5bf5553fcf8f2ba63a6fd65f,13,13,13.1,13,2,False,,pending
doi:10.5354/0719-6296.2025.77574,4,4,,4,1,False,,pending
record:eb2c5afe8a1430c9c209ef74,-1,,,,0,True,,pending
doi:10.29393/rle1-1mpjr10001,19,19,19.0,19,2,False,,pending
doi:10.15366/reice2023.21.3.001,-1,,,,0,True,,pending
doi:10.17163/alt.v17n1.2022.07,3,3,,3,1,False,,pending
doi:10.56712/latam.v7i1.5494,-1,,,,0,True,,pending
doi:10.1590/2175-6236123295vs02,-1,,,,0,True,,pending
doi:10.37811/cl_rcm.v8i1.10125,-1,,,,0,True,,pending
doi:10.30827/retosxxi.9.2025.32905,20,20,20.0,20,2,False,,pending
doi:10.37811/cl_rcm.v9i3.18473,-1,,,,0,True,,pending
doi:10.5354/2452-5014.2021.64101,19,19,19.0,19,2,False,,pending
doi:10.66707/jmkxr660,-1,,,,0,True,,pending
doi:10.32870/gespye.vi7.49,19,19,19.0,19,2,False,,pending
doi:10.35290/rcui.v13n3.2026.1871,-1,,,,0,True,,pending
doi:10.56712/latam.v7i3.6246,6,6,,6,1,False,,pending
doi:10.63371/ic.v5.n1.a941,1,1,,1,1,False,,pending
doi:10.5027/psicoperspectivas-vol19-issue1-fulltext-1767,-1,,,,0,True,,pending
doi:10.66913/orinoco.v16i2.101,2,2,,2,1,False,,pending
doi:10.17561/riai.v7.n1.2,13,13,13.0,13,2,False,,pending
doi:10.32870/gespye.vi7.48,-1,,,,0,True,,pending
record:f76b1c1268aefcaede4babeb,23,23,23.1,23,2,False,,pending
doi:10.15366/reice2020.18.3.004,19,19,,19,1,False,,pending
doi:10.51736/sa1161,-1,,,,0,True,,pending
record:abd7ccbaebd829235e552cc3,-1,,,,0,True,,pending
doi:10.21703/rexe.v24i54.2844,-1,,,,0,True,,pending
doi:10.7764/pel.62.1.2025.2,23,23,23.0,23,2,False,,pending
doi:10.11144/javeriana.m15.leoi,23,23,23.1,23,2,False,,pending
doi:10.35381/r.k.v5i5.1046,3,3,3.1,3,2,False,,pending
record:df6b4681ccba0eaac8695196,19,19,19.1,19,2,False,,pending
doi:10.63371/ic.v5.n2.a1092,19,19,19.0,19,2,False,,pending
doi:10.18861/cied.2023.14.1.3277,22,22,,22,1,False,,pending
doi:10.33890/innova.v9.n1.2024.2442,13,13,13.1,13,2,False,,pending
doi:10.61616/rvdc.v6i3.1022,13,13,13.1,13,2,False,,pending
doi:10.48204/synergia.v2n2.4461,22,22,22.1,22,2,False,,pending
doi:10.5281/zenodo.17537539,-1,,,,0,True,,pending
doi:10.18687/leird2025.1.1.1016,-1,,,,0,True,,pending
doi:10.63688/cjfvha52,17,17,17.1,17,2,False,,pending
doi:10.23854/autoc.v8i1.324,-1,,,,0,True,,pending
doi:10.15517/revedu.v46i2.49655,13,13,13.0,13,2,False,,pending
doi:10.30827/reugra.v30.27226,6,6,,6,1,False,,pending
record:9f3cf001a374e01a362756f9,4,4,,4,1,False,,pending
doi:10.35923/jes.2020.2.02,17,17,17.0,17,2,False,,pending
doi:10.14507/epaa.28.4666,-1,,,,0,True,,pending
record:f7abc4e915484d5fbc9eeb17,-1,,,,0,True,,pending
doi:10.29344/07180772.41.3521,19,19,19.0,19,2,False,,pending
doi:10.14422/pym.i401.y2025.001,-1,,,,0,True,,pending
doi:10.62701/revedu.v12.5175,-1,,,,0,True,,pending
doi:10.6018/rie.560271,4,4,4.0,4,2,False,,pending
doi:10.56712/latam.v7i2.5611,-1,,,,0,True,,pending
doi:10.37135/chk.002.20.13,-1,,,,0,True,,pending
doi:10.56200/mried.v2i2especial.6985,6,6,6.1,6,2,False,,pending
doi:10.66473/rcmg.v7i1.1167,-1,,,,0,True,,pending
record:bad6426413a2da1b1a1b1c82,0,0,0.3,0,2,False,,pending
doi:10.21703/rexe.v22i50.1696,-1,,,,0,True,,pending
doi:10.3390/educsci15020181,4,4,4.0,4,2,False,,pending
doi:10.37467/revedu.v11.3899,-1,,,,0,True,,pending
doi:10.24215/18509959.32.e7,-1,,,,0,True,,pending
doi:10.4471/ijelm.15249,19,19,19.0,19,2,False,,pending
doi:10.51896/rilcods.v8i79.1270,-1,,,,0,True,,pending
doi:10.18687/laccei2024.1.1.1675,-1,,,,0,True,,pending
doi:10.25053/redufor.v10.e14355,13,13,13.0,13,2,False,,pending
doi:10.70747/cr.v5i2.1137,-1,,,,0,True,,pending
doi:10.61616/rvdc.v6i3.949,-1,,,,0,True,,pending
doi:10.1080/2331186x.2026.2666707,4,4,4.0,4,2,False,,pending
record:3b4cda9113b099fcb89382b4,4,4,4.0,4,2,False,,pending
doi:10.70577/asce.v4i4.543,0,0,0.3,0,2,False,,pending
doi:10.4067/s0718-73782024000100065,4,4,4.0,4,2,False,,pending
doi:10.69639/arandu.v12i3.1808,-1,,,,0,True,,pending
record:f5a8b8115d0308e1a266d36d,-1,,,,0,True,,pending
doi:10.7764/pel.60.3.2023.5,4,4,4.1,4,2,False,,pending
doi:10.37811/cl_rcm.v7i3.6321,14,14,14.0,14,2,False,,pending
doi:10.5354/2735-7279.2025.77490,3,3,3.2,3,2,False,,pending
doi:10.33386/593dp.2021.2-1.538,17,17,17.0,17,2,False,,pending
doi:10.46932/sfjdv7n1-018,19,19,19.1,19,2,False,,pending
doi:10.1590/s0104-40362024003203894,4,4,4.0,4,2,False,,pending
doi:10.37354/riee.2024.237,-1,,,,0,True,,pending
doi:10.5281/zenodo.6370344,3,3,3.2,3,2,False,,pending
doi:10.1590/es.250906,-1,,,,0,True,,pending
doi:10.47606/acven/ph0490,14,14,14.0,14,2,False,,pending
doi:10.48204/j.saberes.v8n1.a6785,4,4,,4,1,False,,pending
doi:10.53877/2atvfm19,-1,,,,0,True,,pending
doi:10.46498/reduipb.v24i2.1327,17,17,17.1,17,2,False,,pending
doi:10.55905/cuadv16n13-058,1,1,1.1,1,2,False,,pending
doi:10.70577/reg.v5i2.537,-1,,,,0,True,,pending
doi:10.5027/psicoperspectivas-vol22-issue3-fulltext-2949,-1,,,,0,True,,pending
doi:10.26820/recimundo/5.(1).enero.2021.164-174,13,13,13.1,13,2,False,,pending
record:f3181ec3d3c8a82ee4a991a9,6,6,6.0,6,2,False,,pending
record:0dccdbd9b4cde7962f0137cf,-1,,,,0,True,,pending
doi:10.4151/07189729-vol.63-iss.1-art.1518,4,4,4.0,4,2,False,,pending
doi:10.21703/0718-5162.v21.n46.2022.024,-1,,,,0,True,,pending
doi:10.5294/edu.2021.24.2.4,-1,,,,0,True,,pending
doi:10.33996/revistaneque.v8i22.208,-1,,,,0,True,,pending
doi:10.52080/rvgluz.27.7.17,-1,,,,0,True,,pending
doi:10.4067/s0718-07052021000100175,4,4,4.0,4,2,False,,pending
doi:10.24039/cv2021911064,20,20,20.0,20,2,False,,pending
record:269e8244de8918fc671b8271,-1,,,,0,True,,pending
doi:10.65415/yphzf449,-1,,,,0,True,,pending
doi:10.1590/s0104-40362023003103891,4,4,,4,1,False,,pending
doi:10.31876/ie.vi.142,3,3,,3,1,False,,pending
doi:10.37811/cl_rcm.v9i3.17671,-1,,,,0,True,,pending
doi:10.37811/cl_rcm.v9i4.19440,6,6,6.0,6,2,False,,pending
doi:10.35381/noesisin.v7i14.340,-1,,,,0,True,,pending
doi:10.62697/rmiie.v5i4.446,-1,,,,0,True,,pending
doi:10.5281/zenodo.8092747,13,13,,13,1,False,,pending
doi:10.18861/cied.2024.15.2.3840,-1,,,,0,True,,pending
doi:10.22235/pe.v17i1.3722,-1,,,,0,True,,pending
doi:10.37843/rted.v10i1.175,17,17,17.0,17,2,False,,pending
doi:10.1590/s0104-40362023003103839,-1,,,,0,True,,pending
doi:10.61616/rvdc.v6i3.954,20,20,20.0,20,2,False,,pending
doi:10.22458/ie.v27iespecial.5896,13,13,13.0,13,2,False,,pending
doi:10.34188/bjaerv9n3-174,19,19,19.0,19,2,False,,pending
doi:10.62319/simonrodriguez.v.6i11.150,-1,,,,0,True,,pending
doi:10.22533/at.ed.5584182431059,-1,,,,0,True,,pending
doi:10.56712/latam.v6i6.4953,-1,,,,0,True,,pending
doi:10.29393/rle1-3dvcc30003,-1,,,,0,True,,pending
doi:10.33010/ie_rie_rediech.v14i0.1861,3,3,,3,1,False,,pending
doi:10.23913/ride.v15i29.2216,13,13,,13,1,False,,pending
doi:10.63535/fgmzpk94,20,20,20.0,20,2,False,,pending
doi:10.11591/ijere.v13i6.29169,2,2,2.1,2,2,False,,pending
doi:10.29394/scientific.issn.2542-2987.2024.9.e2.7.144-163,-1,,,,0,True,,pending
doi:10.37811/cl_rcm.v9i6.21945,-1,,,,0,True,,pending
doi:10.37811/cl_rcm.v8i4.13222,4,4,,4,1,False,,pending
doi:10.69516/0b7q3a17,-1,,,,0,True,,pending
doi:10.46691/xmg18j83,-1,,,,0,True,,pending
doi:10.59659/revistatribunal.v6i16.517,-1,,,,0,True,,pending
doi:10.48082/espacios-a25v46n05p18,-1,,,,0,True,,pending
doi:10.52936/p.v5i1.227,6,6,,6,1,False,,pending
record:7c7d44ef4497c45558f01cd5,8,8,8.0,8,2,False,,pending
doi:10.30827/profesorado.v27i3.27995,19,19,19.0,19,2,False,,pending
doi:10.65415/fzdx1b64,0,0,,0,1,False,,pending
doi:10.47422/ac.v7i1.221,6,6,6.1,6,2,False,,pending
doi:10.31619/caledu.n54.952,-1,,,,0,True,,pending
doi:10.22320/reined.v7i1.6974,-1,,,,0,True,,pending
doi:10.70577/asce.v5i2.770,20,20,20.0,20,2,False,,pending
record:b88a37ffb8a9a86c7c601bb1,6,6,6.0,6,2,False,,pending
doi:10.22235/pe.v13i1.1915,13,13,13.1,13,2,False,,pending
doi:10.26423/rcpi.v12i2.758,-1,,,,0,True,,pending
doi:10.52428/20758960.v10i30.123,13,13,13.1,13,2,False,,pending
doi:10.34024/prometeica.2024.30.16098,13,13,13.0,13,2,False,,pending
doi:10.26495/rch.v6i2.2253,0,0,0.3,0,2,False,,pending
record:79217e367437ecdacb92956a,13,13,,13,1,False,,pending
doi:10.37811/cl_rcm.v7i6.8843,-1,,,,0,True,,pending
doi:10.37811/cl_rcm.v4i2.101,-1,,,,0,True,,pending
record:09fe98f7c2b12e9373db5a66,16,16,16.0,16,2,False,,pending
record:a736b747d0010f6dc5400090,-1,,,,0,True,,pending
doi:10.59427/rcli/2023/v23cs.2648-2655,-1,,,,0,True,,pending
doi:10.38147/invneg.v16i28.237,-1,,,,0,True,,pending
doi:10.33890/innova.v6.n2.2021.1684,13,13,13.0,13,2,False,,pending
doi:10.5281/zenodo.23047833,-1,,,,0,True,,pending
doi:10.26495/re.v4i3.1422,6,6,6.1,6,2,False,,pending
doi:10.48169/ecuatesis/0104202022,-1,,,,0,True,,pending
doi:10.58995/redlic.rmic.v4.n4.a206,-1,,,,0,True,,pending
doi:10.2307/j.ctv36k5bbt.42,-1,,,,0,True,,pending
record:9528afdce063d91d440fa8e0,13,13,13.1,13,2,False,,pending
doi:10.47192/rcs.v1i4.49,13,13,13.0,13,2,False,,pending
doi:10.37811/cl_rcm.v9i2.17309,2,2,2.1,2,2,False,,pending
doi:10.5281/zenodo.21558227,-1,,,,0,True,,pending
doi:10.37956/jbes.v4i1.40,13,13,13.0,13,2,False,,pending
doi:10.25100/peu.869.cap5,6,6,6.1,6,2,False,,pending
doi:10.37572/edart_16122147715,-1,,,,0,True,,pending
doi:10.37811/cl_rcm.v7i3.6369,-1,,,,0,True,,pending
doi:10.33996/revistahorizontes.v9i39.1107,-1,,,,0,True,,pending
record:9db7401beefea1ff2a8fb576,-1,,,,0,True,,pending
doi:10.24320/redie.2020.22.e19.2683,19,19,19.0,19,2,False,,pending
doi:10.33890/innova.v5.n3.1.2020.1579,-1,,,,0,True,,pending
record:cec56a3f72b02b578d35182a,19,19,19.1,19,2,False,,pending
record:036a5cf76148cb113925edd3,13,13,13.1,13,2,False,,pending
record:f1437ce124db11d1ae7efb43,6,6,6.1,6,2,False,,pending
doi:10.35756/educaumch.202220.199,6,6,,6,1,False,,pending
doi:10.26620/uniminuto.praxis.22.32.2022.36-70,6,6,6.0,6,2,False,,pending
doi:10.26495/re.v5i1.1890,6,6,,6,1,False,,pending
doi:10.64325/edtx3b19,-1,,,,0,True,,pending
doi:10.51736/sa961,6,6,6.1,6,2,False,,pending
doi:10.5281/zenodo.21860726,13,13,13.0,13,2,False,,pending
record:30083be2034744af84a9d88f,6,6,6.1,6,2,False,,pending
record:023125f01b0ea3c3cf3d9921,8,8,8.0,8,2,False,,pending
record:bc5519340f920cba77c27075,8,8,8.0,8,2,False,,pending
record:3179677fb7fa2ab4fd2e7c01,6,6,6.1,6,2,False,,pending
doi:10.46363/yachaq.v6i2.6,-1,,,,0,True,,pending
record:9cb802f1659a3f92abd700a3,-1,,,,0,True,,pending
record:595a903e0989270078db520a,6,6,6.1,6,2,False,,pending
doi:10.53887/se.vi.107,12,12,,12,1,False,,pending
doi:10.65835/reincisol.v6(10)1800,13,13,13.1,13,2,False,,pending
doi:10.29394/scientific.issn.2542-2987.2025.10.e6.3.64-79,13,13,13.1,13,2,False,,pending
record:09fca74a48bc1e50bb48b926,6,6,,6,1,False,,pending
record:a9a9d0be72f00b281779b35a,6,6,6.1,6,2,False,,pending
doi:10.32719/26312816.2021.4.1.2,13,13,13.0,13,2,False,,pending
doi:10.59427/rcli/2024/v24cs.1538-1543,3,3,3.1,3,2,False,,pending
record:9b3f7b936fefab2447268d52,6,6,6.1,6,2,False,,pending
record:9af87fc00e9cd6661f8eacbb,-1,,,,0,True,,pending
record:9e08c1fbc82186e850eba96f,-1,,,,0,True,,pending
record:543db6bf3296a63880287c2b,6,6,6.0,6,2,False,,pending
record:a31149874e41b70e90f8dfa3,6,6,,6,1,False,,pending
record:53e2e100938846d2f15e097d,8,8,8.0,8,2,False,,pending
doi:10.58011/2ce5-c240,-1,,,,0,True,,pending
doi:10.37811/cl_rcm.v10i2.23460,-1,,,,0,True,,pending
record:40119b8f1c76dec64a2c9f1b,-1,,,,0,True,,pending
doi:10.47258/rceke.v2i1.46,6,6,,6,1,False,,pending
doi:10.4151/07189729-vol.59-iss.2-art.1025,-1,,,,0,True,,pending
record:970b0b8cd9e95f2d7dd0a260,-1,,,,0,True,,pending
record:ec8729b48322aee6194903ea,8,8,8.0,8,2,False,,pending
doi:10.33996/revistahorizontes.v7i31.681,6,6,6.0,6,2,False,,pending
record:48681de7ceae0dcb0cb761fd,6,6,6.1,6,2,False,,pending
record:82a7c795daca6a08aff8a9b0,6,6,,6,1,False,,pending
doi:10.18050/regunt.v1i1.05,6,6,6.1,6,2,False,,pending
doi:10.69639/arandu.v12i2.1098,-1,,,,0,True,,pending
record:65ff037cb153eaa242b96390,6,6,6.0,6,2,False,,pending
doi:10.33262/ap.v7i2.1.612,13,13,13.0,13,2,False,,pending
doi:10.34893/itees.v11i2.557,-1,,,,0,True,,pending
record:b09fa545ebacb101d1b23a3b,6,6,6.1,6,2,False,,pending
record:06e62934af0aae0d880912af,-1,,,,0,True,,pending
record:d30cc97b45794d875ac2402e,8,8,8.0,8,2,False,,pending
record:08488d6fd04a0c340c5d3ab6,6,6,6.1,6,2,False,,pending
record:89d5294244b72728d22d2bf4,6,6,6.1,6,2,False,,pending
record:9a183d5c4cb9508726de4076,6,6,,6,1,False,,pending
record:0cd8c430bc40c767369f2a5a,17,17,17.1,17,2,False,,pending
doi:10.46652/religacionpress.430.c903,6,6,,6,1,False,,pending
record:b8a57167400a4556184477d2,6,6,6.1,6,2,False,,pending
record:c48cec16d7ec17c338261ab8,6,6,,6,1,False,,pending
record:1e07b0d7c263b2d7ca30e506,-1,,,,0,True,,pending
record:3ad1dfe742ccdd3093e8967f,-1,,,,0,True,,pending
record:7006931de5e48ce69d708672,6,6,,6,1,False,,pending
doi:10.37811/cl_rcm.v6i6.3896,23,23,23.1,23,2,False,,pending
record:706c932d514a2ee0bff0b3e7,8,8,8.0,8,2,False,,pending
record:396bf5697f3a8f12686ef4a0,-1,,,,0,True,,pending
record:8882f4a1f5776203ec67938e,6,6,,6,1,False,,pending
record:7734e9708a55588084105427,6,6,,6,1,False,,pending
doi:10.5281/zenodo.20128713,6,6,6.1,6,2,False,,pending
record:76935878ffcc251eb1e9c1b5,6,6,6.1,6,2,False,,pending
doi:10.35381/e.k.v4i7.1171,6,6,6.0,6,2,False,,pending
record:589d10ad1f77a6cae88cd27c,-1,,,,0,True,,pending
record:682540e7f2948995f804db76,6,6,6.1,6,2,False,,pending
doi:10.5281/zenodo.18975092,-1,,,,0,True,,pending
doi:10.59282/reincisol.v4(7)4271-4282,14,14,14.0,14,2,False,,pending
record:522f49125f69381273cceabf,6,6,,6,1,False,,pending
doi:10.46363/warmi.v4i2.5,-1,,,,0,True,,pending
record:abe729e68bce83ee449240be,6,6,6.1,6,2,False,,pending
record:8c3896b003e9e71e9fd08e4e,6,6,6.1,6,2,False,,pending
record:afec8285563c794f8931397c,6,6,6.1,6,2,False,,pending
doi:10.37811/cl_rcm.v5i4.754,6,6,6.1,6,2,False,,pending
doi:10.21895/incres.2020.v11n4.04,-1,,,,0,True,,pending
record:1b8892a4243896f5b0794365,-1,,,,0,True,,pending
record:388f772057078e9d4ce9dd1d,-1,,,,0,True,,pending
record:32a6ea8a648356884d94efa4,6,6,,6,1,False,,pending
doi:10.52936/p.v3i1.50,6,6,,6,1,False,,pending
record:2e303df9ab03c863c19e3d41,6,6,,6,1,False,,pending
record:391ae2d499e70fdf16cbd6a8,-1,,,,0,True,,pending
doi:10.37811/cl_rcm.v7i2.6118,6,6,6.0,6,2,False,,pending
doi:10.56712/latam.v7i4.6448,-1,,,,0,True,,pending
record:8e5c2995507212a3def593b2,6,6,6.1,6,2,False,,pending
record:591b866286a5ca977e51bb66,-1,,,,0,True,,pending
doi:10.18800/360gestion.202611.007,-1,,,,0,True,,pending
record:565a45521a7792d0dee2dc5d,-1,,,,0,True,,pending
record:94c1cf529892bcac5436d3a6,8,8,8.0,8,2,False,,pending
doi:10.26885/rcei.foro.2020.59,6,6,6.1,6,2,False,,pending
record:f7c924e35d27f0c4cec7f212,6,6,6.0,6,2,False,,pending
record:5f5317a9f8db0089705834ec,8,8,8.0,8,2,False,,pending
record:f816c51f8aa1b1e68000813a,8,8,8.0,8,2,False,,pending
doi:10.33386/593dp.2026.3-1.4086,-1,,,,0,True,,pending
record:d72fdf576ba2ad97639635a8,6,6,,6,1,False,,pending
record:baa65ceee9d5504e80b91393,6,6,6.1,6,2,False,,pending
record:0233d2ef16d1e0fd87c1e3cb,6,6,,6,1,False,,pending
record:a951cbc21afbe36606a786bd,0,0,,0,1,False,,pending
record:f3b32d0a39ffb15e0d9fdb33,6,6,,6,1,False,,pending
record:186cabf496df52cc374bb7fb,6,6,6.0,6,2,False,,pending
record:63095e1590e7a3be3209827e,-1,,,,0,True,,pending
record:dcf8f8996f5342591c86fad6,8,8,8.0,8,2,False,,pending
record:48dfc852ccbb6d33bb80fbca,6,6,,6,1,False,,pending
record:045ac8a9b15a8058d33dd7a9,6,6,6.0,6,2,False,,pending
record:0278b827a36366ea42da9147,6,6,6.1,6,2,False,,pending
record:856e31786648020c37e9f946,-1,,,,0,True,,pending
doi:10.25127/rcsh.20236.976,-1,,,,0,True,,pending
record:eb8a292deef1e6f60e46802e,8,8,8.0,8,2,False,,pending
record:4f586183a0b70902e050ed3d,8,8,8.0,8,2,False,,pending
doi:10.51736/sa885,-1,,,,0,True,,pending
record:4f369572538bf8246a0d174b,6,6,,6,1,False,,pending
record:467505aef584b16acaaee4c6,-1,,,,0,True,,pending
record:f3f24491ce823760f170f4e7,6,6,6.1,6,2,False,,pending
record:753ef9e8e3b08e219ea9e06e,6,6,6.1,6,2,False,,pending
record:7e8bdf15c169ed0ef3058224,6,6,6.1,6,2,False,,pending
record:f6de9acc76a65c4f24553c51,6,6,6.1,6,2,False,,pending
doi:10.46990/iquatro.2026.04.27.26,19,19,19.1,19,2,False,,pending
record:179f9a4a4745eb999853374a,6,6,,6,1,False,,pending
doi:10.61325/ser.v3i7.75,6,6,,6,1,False,,pending
record:16dc220e7773b2703974ae22,6,6,6.1,6,2,False,,pending
record:1515ae28193ef6e0c71a5557,6,6,,6,1,False,,pending
doi:10.71041/ecosistema.v1i2.2,-1,,,,0,True,,pending
record:9501e3beaba7f00193b9f5bc,-1,,,,0,True,,pending
record:8041f760976d369f4a01d741,-1,,,,0,True,,pending
doi:10.26495/n1gg6k76,-1,,,,0,True,,pending
record:df3939543dc574b2b1589824,-1,,,,0,True,,pending
record:d1f31c95425c56d7df72aeca,6,6,6.1,6,2,False,,pending
doi:10.33890/innova.v11.n1.especial.2026.2891,-1,,,,0,True,,pending
record:9cabf0f8870e7aaa23d52e7d,6,6,,6,1,False,,pending
record:2b4a02f961f883a670915abb,-1,,,,0,True,,pending
record:78361666be24f22b0d5332c6,6,6,,6,1,False,,pending
record:25d440e88138815535f5f164,6,6,6.1,6,2,False,,pending
doi:10.36097/rsan.v1iespecial_2.3075,-1,,,,0,True,,pending
doi:10.37811/cl_rcm.v9i1.16281,6,6,6.1,6,2,False,,pending
doi:10.62319/simonrodriguez.v.6i11.154,8,8,8.0,8,2,False,,pending
record:4bcab84fcc70ea8309f6434a,6,6,,6,1,False,,pending
record:921aeb57b93a86310122301e,6,6,,6,1,False,,pending
record:04e3754e0300595881df8a87,8,8,8.0,8,2,False,,pending
record:b31849b77e9c5d0be54f5302,6,6,6.1,6,2,False,,pending
record:3985e6a41be5f1f9f9329b57,6,6,6.1,6,2,False,,pending
record:49fffaa5bbe5daff5f389d41,6,6,,6,1,False,,pending
record:f952c0865c5f6f79a2fcfb35,6,6,6.1,6,2,False,,pending
doi:10.5281/zenodo.19227818,14,14,14.0,14,2,False,,pending
record:09fd9f91f5720634ca3410d6,6,6,6.0,6,2,False,,pending
record:d67757f772c025fd527d5e48,6,6,,6,1,False,,pending
record:554974781e197b1e7191e4cc,6,6,,6,1,False,,pending
record:1adb9e141422962f455bf543,13,13,13.0,13,2,False,,pending
record:c6fa5d1fbadefcb3d55bb165,-1,,,,0,True,,pending
record:4af0f889452669b35df28efd,8,8,8.0,8,2,False,,pending
record:6631996cf4bc201af413b64d,6,6,,6,1,False,,pending
record:0492d7eef245a053e586aca0,6,6,6.1,6,2,False,,pending
record:b6b1bfcb2a36e9d129c2edbb,6,6,,6,1,False,,pending
record:7e3afaf0db715a711cfb682a,6,6,6.1,6,2,False,,pending
record:fd6a1ff17e8779f4f4926ceb,6,6,6.1,6,2,False,,pending
record:76e18f1ea0099d39664aee7e,8,8,8.0,8,2,False,,pending
doi:10.5281/zenodo.17583153,-1,,,,0,True,,pending
doi:10.29393//ran11-7ldlm20007,-1,,,,0,True,,pending
doi:10.16925/2382-4921.2022.02.04,6,6,6.1,6,2,False,,pending
record:83773af557f357a16c521194,6,6,6.1,6,2,False,,pending
record:ea320dbbb97176f269a51f86,6,6,,6,1,False,,pending
record:34bdda324eff070f94da6fda,-1,,,,0,True,,pending
doi:10.47865/igob.vol6.n22.2023.280,6,6,6.1,6,2,False,,pending
record:f28637ff29fc584da5a16710,6,6,6.1,6,2,False,,pending
record:0be64125100d85a43e48bdf0,6,6,6.1,6,2,False,,pending
doi:10.37811/cl_rcm.v9i4.18890,-1,,,,0,True,,pending
doi:10.82992/intellectum/handle.10818.4400,-1,,,,0,True,,pending
record:88a22746073b2456ecf9b026,6,6,,6,1,False,,pending
record:c9cdf7c8567175537146e983,8,8,8.0,8,2,False,,pending
record:9e2b9b3dc2f2e79c64c2a8f3,6,6,,6,1,False,,pending
record:66ad25d4d6b2bc53abb46f97,-1,,,,0,True,,pending
record:1133a50f1d0ce817d2a61845,6,6,,6,1,False,,pending
record:b07c5c6be1f226ed470d24d2,-1,,,,0,True,,pending
record:7dacbf47bf5c88df56238bd9,4,4,4.0,4,2,False,,pending
record:7dd018641012d444ac1c0f4d,6,6,6.1,6,2,False,,pending
record:2eb1982b35d1c6e8d35b11e7,6,6,6.1,6,2,False,,pending
record:b17247d904b124793d8ebf25,6,6,,6,1,False,,pending
record:dc330dfbe1486711345aa3f7,-1,,,,0,True,,pending
record:e492ef52002c7b576a55f31c,-1,,,,0,True,,pending
doi:10.62574/83j16423,-1,,,,0,True,,pending
record:7fc47f184dfe879b76283329,-1,,,,0,True,,pending
record:f74ffa04ebca2b71a812e435,6,6,6.1,6,2,False,,pending
record:7f714be12154cb1db0b2f4ac,6,6,,6,1,False,,pending
doi:10.33936/cognosis.v8i3.6001,-1,,,,0,True,,pending
record:cdd70b52f648c1acfa6e0de3,6,6,6.1,6,2,False,,pending
record:df35005e534daab88c550dd6,-1,,,,0,True,,pending
record:d9a3ad1f57c340480bfcf421,6,6,,6,1,False,,pending
record:b06f80cf34e9ba707e3c8359,6,6,6.1,6,2,False,,pending
record:6a51ac67a9be63307dc18d44,-1,,,,0,True,,pending
record:815ff5b4fdbe2d450c436a85,6,6,,6,1,False,,pending
record:e377730072114816331498e2,6,6,6.0,6,2,False,,pending
record:d53ed5187221e56233e47bec,-1,,,,0,True,,pending
record:915efd19dd709ae2ee0de25d,-1,,,,0,True,,pending
record:c37f81844d1bee443c6111de,6,6,,6,1,False,,pending
record:684bc5bb68610dfd3c69c87f,6,6,6.0,6,2,False,,pending
record:595fee9b157c7d427b9c46d3,8,8,8.0,8,2,False,,pending
record:4436ad19f82ebc80aca35c0f,6,6,,6,1,False,,pending
record:8ef4a1712905545b11adcf21,6,6,,6,1,False,,pending
record:d02f2f145337d187aff1b938,6,6,6.1,6,2,False,,pending
record:017699bac11b413c733b3c63,17,17,17.1,17,2,False,,pending
record:b43b09cb71b623bfa2b89a29,-1,,,,0,True,,pending
record:c94afdfd02c4f94ec56ddb51,-1,,,,0,True,,pending
record:3c9b9939ba4260404c64a41f,6,6,,6,1,False,,pending
record:b86a0d1aa0216cb04d64ea7d,6,6,6.1,6,2,False,,pending
doi:10.48779/53xf-xf67,19,19,19.1,19,2,False,,pending
record:77270f40082b7b92cc703f93,6,6,,6,1,False,,pending
record:498158faf977041b24979f24,6,6,6.1,6,2,False,,pending
record:7a3be7bcf11b7daa9369d094,6,6,6.1,6,2,False,,pending
record:d97ac82aa3975e3e5d10d8fe,-1,,,,0,True,,pending
record:7d3f5df559e3bba9d9654ae9,6,6,,6,1,False,,pending
record:1ab8ec419f85dd1d05e952ae,8,8,8.0,8,2,False,,pending
record:5d1dfcea81082e025205aca8,-1,,,,0,True,,pending
record:fedbcbb1ca4a0634bea70221,6,6,,6,1,False,,pending
doi:10.46932/sfjdv2n5-061,-1,,,,0,True,,pending
record:fa28fd979ba0e4ae744a0d25,-1,,,,0,True,,pending
record:81422419cc92e66fe06a0bec,6,6,6.1,6,2,False,,pending
record:0ecf903c4746267586be2802,6,6,,6,1,False,,pending
record:432bf3e7150d6e84062d60fb,6,6,6.0,6,2,False,,pending
record:fb99cc6c962f6a3cfeab66b3,8,8,8.0,8,2,False,,pending
record:c5038e2baa0fec9edf3adcfb,6,6,,6,1,False,,pending
doi:10.69639/arandu.v13i2.2195,-1,,,,0,True,,pending
record:a66b6c5ded8e5a113b640be4,-1,,,,0,True,,pending
record:113e8fa5ec4de3cd8cb5a061,6,6,,6,1,False,,pending
record:5f974cd30fdbfb246dc981ac,-1,,,,0,True,,pending
record:4695b7f39529738301f99cce,21,21,21.1,21,2,False,,pending
record:f533ad30e78ece813d5332c5,6,6,6.1,6,2,False,,pending
record:6d3b83bb5cfe8c31174cd6f9,6,6,,6,1,False,,pending
record:438f054207f3a0e01f73c69e,6,6,6.0,6,2,False,,pending
doi:10.70747/cr.v5i2.957,8,8,8.2,8,2,False,,pending
doi:10.48082/espacios-a26v47n04r05,-1,,,,0,True,,pending
record:e726bf60c7af1e2a71e06f2a,-1,,,,0,True,,pending
doi:10.33890/innova.v7.n2.2022.1999,-1,,,,0,True,,pending
doi:10.82992/intellectum/handle.10818.7177,6,6,6.1,6,2,False,,pending
record:8a82c4ac5ecf55b52e49850b,6,6,,6,1,False,,pending
record:3d899114c9f60d6ae42c9e89,6,6,6.1,6,2,False,,pending
record:c3dc1f2ab4923fe58d628dc2,6,6,,6,1,False,,pending
doi:10.57175/evsos.v3i3.250,-1,,,,0,True,,pending
doi:10.47865/igob.vol6.n22.2023.269,6,6,6.1,6,2,False,,pending
record:0b2aba0b1f6c2728b63dc2de,-1,,,,0,True,,pending
record:2fd5aa383498d6130c69bd18,8,8,,8,1,False,,pending
doi:10.61286/e-rms.v3i.134,14,14,14.0,14,2,False,,pending
record:fb2d02f58a098699e27466c7,-1,,,,0,True,,pending
record:e2ccb0d6e2314c1bd9c8e604,-1,,,,0,True,,pending
record:86dd80c2b2644c44fa31a566,8,8,8.0,8,2,False,,pending
doi:10.35756/educaumch.202527.365,6,6,6.1,6,2,False,,pending
record:3bcfcf610e49e93328d01168,6,6,6.0,6,2,False,,pending
doi:10.65415/5s3ncz43,6,6,,6,1,False,,pending
doi:10.37811/cl_rcm.v8i2.11498,6,6,,6,1,False,,pending
doi:10.62574/rmpi.v6i2.516,-1,,,,0,True,,pending
record:d2170f9254db6f78c32a0022,6,6,,6,1,False,,pending
record:31928a4b4499f5624ec50314,6,6,6.1,6,2,False,,pending
record:613de9cb845c7e94ae24c40e,6,6,,6,1,False,,pending
record:b1b19f5644217340ce1b221a,6,6,,6,1,False,,pending
record:1482deb4c984fb3925867ca3,-1,,,,0,True,,pending
record:16ddc1da9c6e2a11e495ba93,6,6,6.1,6,2,False,,pending
doi:10.64325/6rra3p91,-1,,,,0,True,,pending
record:a0b41bd2a35ea002708c247d,6,6,,6,1,False,,pending
record:6dad3d15704fec6500f5c9f7,6,6,,6,1,False,,pending
record:858b01e372088ce66df1b88c,6,6,,6,1,False,,pending
record:5f78ed77a8219ce58bc43355,6,6,,6,1,False,,pending
doi:10.62574/rmpi.v5ieducativa.463,6,6,,6,1,False,,pending
record:20d25e6dffa13cbda0e58198,6,6,,6,1,False,,pending
record:ed53f3c07c82cebfe72ca1f9,-1,,,,0,True,,pending
doi:10.82992/intellectum/handle.10818.8169,-1,,,,0,True,,pending
record:ade0426d6396e78b30b47f77,-1,,,,0,True,,pending
doi:10.7764/tesisuc/edu/64493,-1,,,,0,True,,pending
record:ce125406df7abcc261d3e8fb,6,6,6.1,6,2,False,,pending
doi:10.51431/bbf.v10i2.672,6,6,,6,1,False,,pending
record:ef19a91776396596f6811720,6,6,,6,1,False,,pending
record:ddddfbf3e541d9a185c5bcec,-1,,,,0,True,,pending
doi:10.69720/2966-0599.2025.00024,6,6,6.1,6,2,False,,pending
record:29f02e01ae83a801ca996e68,-1,,,,0,True,,pending
record:cea6ced028daff905b87838c,6,6,6.1,6,2,False,,pending
record:bc0ad877ea8374e103d6dfff,6,6,6.1,6,2,False,,pending
record:2069892cc22d7975008ae5d2,6,6,6.1,6,2,False,,pending
record:fc93777589f4a27d176a05df,17,17,17.0,17,2,False,,pending
doi:10.31619/caledu.n63.1626,19,19,,19,1,False,,pending
record:73b6a331e83d8a11c5083669,-1,,,,0,True,,pending
record:2ee1bda08613029536e49ee2,6,6,6.0,6,2,False,,pending
doi:10.56712/latam.v5i5.2841,13,13,13.0,13,2,False,,pending
doi:10.47865/igob.vol6.n21.2023.234,-1,,,,0,True,,pending
doi:10.47865/igob.vol6.n22.2023.256,-1,,,,0,True,,pending
record:b7a99d36e67cd4342c0e3efb,-1,,,,0,True,,pending
doi:10.46276/rifce.v7i2.1277,22,22,,22,1,False,,pending
record:2ad80e567f1ee9ea15d45095,-1,,,,0,True,,pending
doi:10.46377/dilemas.v10i3.3596,14,14,14.2,14,2,False,,pending
doi:10.33996/revistahorizontes.v9i38.1016,-1,,,,0,True,,pending
doi:10.5281/zenodo.19321531,-1,,,,0,True,,pending
doi:10.56200/mried.v2iespecial.6464,-1,,,,0,True,,pending
record:f117feddd4c300b379cc9c92,19,19,,19,1,False,,pending
record:5652e34e98b8ebdfeccaacc4,-1,,,,0,True,,pending
record:0a2516f3d45127f688f5c39c,-1,,,,0,True,,pending
doi:10.29394/scientific.issn.2542-2987.2026.11.e6.2.31-47,-1,,,,0,True,,pending
doi:10.37811/cl_rcm.v9i4.18777,-1,,,,0,True,,pending
doi:10.4067/s0718-07052024000100153,8,8,8.2,8,2,False,,pending
doi:10.60085/se.v3n1a5,-1,,,,0,True,,pending
record:ea80af051e1ac7ce51419c26,13,13,13.0,13,2,False,,pending
record:dd91deb81894b8a51bb0e68b,6,6,,6,1,False,,pending
doi:10.5281/zenodo.20400375,-1,,,,0,True,,pending
doi:10.46377/dilemas.v13i2.4811,23,23,23.1,23,2,False,,pending
doi:10.47212/tendencias2020vol.xii.6,6,6,,6,1,False,,pending
doi:10.52501/cc.327.01,-1,,,,0,True,,pending
record:d36cef0c4d02c16727cfdfe0,-1,,,,0,True,,pending
record:c3b814246e8109dfad4a51f5,20,20,20.0,20,2,False,,pending
doi:10.35381/e.k.v7i1.3729,13,13,13.0,13,2,False,,pending
record:744e3e4fc55e526d24354df0,8,8,,8,1,False,,pending
doi:10.46498/reduipb.v26i2.1591,4,4,4.1,4,2,False,,pending
doi:10.29393/rle2-4iejb20004,17,17,17.1,17,2,False,,pending
record:2c5991ef1dfa7eb15d6663e1,6,6,,6,1,False,,pending
doi:10.5281/zenodo.20325893,18,18,18.0,18,2,False,,pending
record:b327c29842dfb3a246e10ee3,-1,,,,0,True,,pending
doi:10.24320/redie.2021.23.e01.2949,-1,,,,0,True,,pending
doi:10.5281/zenodo.21673843,-1,,,,0,True,,pending
doi:10.5281/zenodo.21673815,-1,,,,0,True,,pending
doi:10.31752/idea.2024.62,1,1,1.0,1,2,False,,pending
doi:10.17345/rio32.454,23,23,23.1,23,2,False,,pending
record:552cba69724583f41fcbe087,-1,,,,0,True,,pending
record:034913a002acc13683b62366,-1,,,,0,True,,pending
doi:10.18046/j.estger.2022.162.4524,-1,,,,0,True,,pending
doi:10.33595/2226-1478.11.1.375,4,4,4.0,4,2,False,,pending
doi:10.2307/jj.22246998.22,-1,,,,0,True,,pending
record:05093375c23b4e1b04aed24e,-1,,,,0,True,,pending
doi:10.2307/jj.1866755.12,20,20,20.0,20,2,False,,pending
doi:10.5027/psicoperspectivas-vol20-issue3-fulltext-2442,3,3,3.1,3,2,False,,pending
record:dff26ca69bf5b061224b5d68,-1,,,,0,True,,pending
record:b194b0a1fcc35cc3ad2b2be7,17,17,17.1,17,2,False,,pending
doi:10.5281/zenodo.21673817,-1,,,,0,True,,pending
doi:10.24310/ijne.13.2024.19660,4,4,,4,1,False,,pending
doi:10.5281/zenodo.22669647,-1,,,,0,True,,pending
record:8c01b213d04b452f052f8be5,4,4,4.0,4,2,False,,pending
record:866dc88274044e5e121fdf13,1,1,,1,1,False,,pending
doi:10.7764/tesisuc/edu/40150,4,4,,4,1,False,,pending
record:1af2cf64d02362a4e2bdab44,4,4,4.1,4,2,False,,pending
record:2691327dcc82cf02d7d8cc01,-1,,,,0,True,,pending
record:ba188e4559d889977f34a2f0,-1,,,,0,True,,pending
doi:10.2307/j.ctv2gz3v49.68,-1,,,,0,True,,pending
record:44ad8b75ee3635ee83e13c19,3,3,3.1,3,2,False,,pending
record:d6ed94c5dc00944a01700795,10,10,10.1,10,2,False,,pending
doi:10.4151/07189729-vol.59-iss.2-art.1045,-1,,,,0,True,,pending
doi:10.31876/ie.vi.127,-1,,,,0,True,,pending
doi:10.17583/rimcis.10793,3,3,3.0,3,2,False,,pending
doi:10.29393/gp1-2eezm20002,-1,,,,0,True,,pending
record:1ad83bc780248c307072e615,-1,,,,0,True,,pending
record:bf0b2f6bce35c8974578b317,21,21,21.0,21,2,False,,pending
record:73e25107f9e5e992c8f967ce,-1,,,,0,True,,pending
doi:10.5281/zenodo.20270436,-1,,,,0,True,,pending
record:bb35da10d67e47db09a0a68d,10,10,10.1,10,2,False,,pending
record:5339bfca53aa9689cd7ee271,-1,,,,0,True,,pending
record:e6ba808ddfb48c9a44a8ea32,0,0,,0,1,False,,pending
record:e963a84d24233259d4d61e37,-1,,,,0,True,,pending
doi:10.5354/2735-7279.2026.78452,3,3,3.2,3,2,False,,pending
record:0b8f1108f408f7c1939a35e7,-1,,,,0,True,,pending
record:4f38ce196cc56319d596e685,6,6,,6,1,False,,pending
doi:10.51736/sa1062,0,0,,0,1,False,,pending
record:c52953abf229bfa3059bb4c2,-1,,,,0,True,,pending
record:568faa2f357c30c3850c14b4,6,6,,6,1,False,,pending
record:134f6fc366ab7398900728dd,3,3,3.1,3,2,False,,pending
doi:10.7764/tesisuc/edu/61944,12,12,,12,1,False,,pending
doi:10.5212/retepe.v.5.15181.019,4,4,4.1,4,2,False,,pending
doi:10.57201/rcff.v21ej1.40,6,6,,6,1,False,,pending
doi:10.57201/rcff.v21ej1.44,-1,,,,0,True,,pending
record:4aedd0a2bec5bb7ab5dbfba1,-1,,,,0,True,,pending
record:26caeb11ba9974c72874e49c,13,13,13.1,13,2,False,,pending
record:95bea7dd2d41c56236e5e474,-1,,,,0,True,,pending
doi:10.2307/jj.22246998.206,19,19,19.0,19,2,False,,pending
doi:10.48021/978-65-270-5866-3,-1,,,,0,True,,pending
doi:10.3145/epi,0,0,0.0,0,2,False,,pending
doi:10.7764/tesisuc/edu/74085,-1,,,,0,True,,pending
doi:10.5281/zenodo.17536292,21,21,21.0,21,2,False,,pending
doi:10.35305/rece.v1i15.481,-1,,,,0,True,,pending
doi:10.29057/prepa3.v12i24.14674,4,4,4.1,4,2,False,,pending
record:18fd1522288d41dc4f3b2c99,-1,,,,0,True,,pending
doi:10.14201/0aq0375595603,4,4,4.1,4,2,False,,pending
doi:10.38123/rre.v3i2.395,-1,,,,0,True,,pending
record:3e73e38918e2a0cec59d2f44,10,10,10.1,10,2,False,,pending
doi:10.55778/ts877234893,3,3,,3,1,False,,pending
doi:10.1590/1980-54702023v29e0246,3,3,3.1,3,2,False,,pending
doi:10.35376/10324/52021,14,14,,14,1,False,,pending
doi:10.11144/javeriana.10554.424,8,8,,8,1,False,,pending
doi:10.7910/dvn/ioasg1,3,3,3.0,3,2,False,,pending
doi:10.53857/ingx6719,0,0,,0,1,False,,pending
doi:10.5281/zenodo.20354549,-1,,,,0,True,,pending
record:b82b858d7b5fe1b0725e41a9,-1,,,,0,True,,pending
doi:10.5281/zenodo.18433849,-1,,,,0,True,,pending
record:3472742780917360159a7467,20,20,,20,1,False,,pending
record:416a40c41c047044bcf25810,0,0,0.2,0,2,False,,pending
record:9d088a518934ce910602b687,4,4,,4,1,False,,pending
doi:10.7764/tesisuc/edu/73485,-1,,,,0,True,,pending
record:20372ba41fa955922ae602b7,3,3,3.1,3,2,False,,pending
record:000525ffba1bf485f86cc453,13,13,13.1,13,2,False,,pending
doi:10.24310/ijne.11.2023.17081,4,4,4.1,4,2,False,,pending
record:5ebe6151f64ef12bbb0322eb,23,23,23.1,23,2,False,,pending
record:94f67160443070be171c0b56,18,18,,18,1,False,,pending
doi:10.7764/tesisuc/edu/62820,-1,,,,0,True,,pending
doi:10.5281/zenodo.18469078,-1,,,,0,True,,pending
doi:10.36260/rbr.v11i11.1907,21,21,21.0,21,2,False,,pending
record:5a77a2f0c5e03a34925f2220,4,4,4.1,4,2,False,,pending
record:41475c9e12bccc0d030b2b5d,-1,,,,0,True,,pending
record:a18305dac0d3f2ed6bf5daf1,-1,,,,0,True,,pending
record:3b93a976abcfa5b6b0cd100a,-1,,,,0,True,,pending
record:b83ef1704c25b0b36d09da62,-1,,,,0,True,,pending
doi:10.7764/tesisuc/edu/66949,3,3,3.2,3,2,False,,pending
record:e3167b4ae580131545d6768e,0,0,0.0,0,2,False,,pending
record:1678f81cd2ad2bbbf16956aa,-1,,,,0,True,,pending
record:c99b95da5f5760abacce2593,4,4,4.1,4,2,False,,pending
record:95ad656750c561d9d6e9684a,-1,,,,0,True,,pending
doi:10.24310/revpracticumrep.v5i2.10630,-1,,,,0,True,,pending
doi:10.82992/intellectum/handle.10818.5340,-1,,,,0,True,,pending
doi:10.46583/edetania_2019.56.475,0,0,0.3,0,2,False,,pending
doi:10.7764/tesisuc/edu/105210,-1,,,,0,True,,pending
record:b1d4689c03090d30fc900d56,0,0,0.2,0,2,False,,pending
doi:10.14422/pym.i396.y2023.004,4,4,,4,1,False,,pending
record:6e11c58c1b9705a70b9045be,4,4,,4,1,False,,pending
doi:10.7764/tesisuc/edu/63190,13,13,13.0,13,2,False,,pending
doi:10.7764/tesisuc/edu/64430,-1,,,,0,True,,pending
doi:10.24320/redie.2024.26.of.6032,-1,,,,0,True,,pending
record:6b440717436ccda2f4c078ae,-1,,,,0,True,,pending
doi:10.48082/espacios-a25v46n02p07,-1,,,,0,True,,pending
doi:10.4471/ijelm.19528,-1,,,,0,True,,pending
doi:10.14198/dissoc.17.4.5,-1,,,,0,True,,pending
record:243411633ca47eda7ef44c29,-1,,,,0,True,,pending
doi:10.58079/158a9,14,14,14.2,14,2,False,,pending
doi:10.69821/aicis.v3i2.125,-1,,,,0,True,,pending
record:5b028964e13643597c726e6c,-1,,,,0,True,,pending
record:221aaf40f4b6f4682d26fa02,-1,,,,0,True,,pending
doi:10.4067/s0718-50062020000100135,-1,,,,0,True,,pending
record:13c73537b622ba6ac1631552,-1,,,,0,True,,pending
doi:10.18800/psico.202002.012,-1,,,,0,True,,pending
doi:10.22458/ie.v27iespecial.5892,4,4,4.1,4,2,False,,pending
doi:10.37811/cl_rcm.v8i5.13297,13,13,13.1,13,2,False,,pending
doi:10.1344/der.2020.37.15-31,0,0,0.3,0,2,False,,pending
doi:10.20420/eni.2021.452,-1,,,,0,True,,pending
doi:10.14422/pym.i394.y2023.003,15,15,15.0,15,2,False,,pending
doi:10.60483/unab/kf5nly/pimsqd,23,23,23.0,23,2,False,,pending
doi:10.6018/rie.465491,17,17,17.1,17,2,False,,pending
doi:10.18682/cdc.vi128.4865,18,18,,18,1,False,,pending
doi:10.5377/raices.v17i9.20702,4,4,4.1,4,2,False,,pending
record:4d0f0b6b27041a35f1a1c544,-1,,,,0,True,,pending
doi:10.22541/au.173359385.59862784/v1,18,18,18.1,18,2,False,,pending
record:0a3cb3480cb0528d44e78f99,-1,,,,0,True,,pending
doi:10.35811/rea.v1i1.342,23,23,23.0,23,2,False,,pending
doi:10.46498/reduipb.v24i1.1276,15,15,15.1,15,2,False,,pending
record:feee2449d7df420619f07f3d,17,17,,17,1,False,,pending
doi:10.7764/tesisuc/edu/64445,-1,,,,0,True,,pending
record:f39007d0de5fc362ac093891,-1,,,,0,True,,pending
record:d6c43da3d711209fa4d9e851,-1,,,,0,True,,pending
doi:10.18004/riics.2025.diciembre.203,23,23,23.1,23,2,False,,pending
record:a7189a6daa25cd05b2475e17,15,15,15.0,15,2,False,,pending
record:38c4c75a846ae8d3b20b20d1,-1,,,,0,True,,pending
record:a0378d122d9da24b29c5a785,-1,,,,0,True,,pending
doi:10.52149/sp21/61.6,22,22,22.0,22,2,False,,pending
doi:10.6018/reifop.577881,-1,,,,0,True,,pending
doi:10.52501/cc.329.04,23,23,23.0,23,2,False,,pending
doi:10.14201/0aq0375117126,23,23,23.0,23,2,False,,pending
record:ff13178a53f48f28622ba36f,-1,,,,0,True,,pending
doi:10.6018/educatio.414871,4,4,,4,1,False,,pending
record:f1c0577a23cd31e4f0115482,-1,,,,0,True,,pending
doi:10.17060/ijodaep.2023.n1.v1.2487,4,4,,4,1,False,,pending
doi:10.22201/iisue.24486167e.2023.181.60797,3,3,3.0,3,2,False,,pending
record:d16b214189e51f8253c7e964,-1,,,,0,True,,pending
doi:10.36436/23824905.455,-1,,,,0,True,,pending
record:b759e0cb401ad7aa88726409,15,15,,15,1,False,,pending
record:4e90069b1c1a1a2268117afa,-1,,,,0,True,,pending
doi:10.7213/1981-416x.20.064.ds01,-1,,,,0,True,,pending
record:949b16d7118831d6d8776f21,3,3,3.2,3,2,False,,pending
doi:10.5294/978-958-12-0559-2.2020.2,3,3,,3,1,False,,pending
doi:10.24215/23468866e110,10,10,10.1,10,2,False,,pending
doi:10.17011/jyureports/107,0,0,,0,1,False,,pending
record:17a307d3f2b53df160bf578f,-1,,,,0,True,,pending
record:cad421ed0aa0b97947077a45,-1,,,,0,True,,pending
record:923b8b71572fc202c4937141,-1,,,,0,True,,pending
doi:10.35381/cm.v10i18.1276,-1,,,,0,True,,pending
doi:10.4067/s0718-07052022000400117,3,3,3.1,3,2,False,,pending
doi:10.24320/redie.2024.26.e17.5757,-1,,,,0,True,,pending
doi:10.7770/educadi-v4n1-art2101,23,23,23.0,23,2,False,,pending
doi:10.21723/riaee.v17i4.17497,-1,,,,0,True,,pending
record:f5d2048f4b3ce0e214916ddb,-1,,,,0,True,,pending
doi:10.5212/10.5212/praxeduc.v.21.26197.020,10,10,10.1,10,2,False,,pending
doi:10.51896/delos/nyjo7595,-1,,,,0,True,,pending
record:7a0c35e696c66c3153522878,4,4,4.1,4,2,False,,pending
doi:10.1590/s0104-40362023003103821,-1,,,,0,True,,pending
doi:10.21555/rpp.vi36.2886,-1,,,,0,True,,pending
doi:10.1590/s1413-24782024290037,-1,,,,0,True,,pending
record:4941653fe5ca86153d5de588,0,0,,0,1,False,,pending
doi:10.19137/praxiseducativa-2025-290221,-1,,,,0,True,,pending
doi:10.5281/zenodo.20512667,8,8,,8,1,False,,pending
doi:10.4067/s0719-53892020000200190,-1,,,,0,True,,pending
doi:10.4151/07189729-vol.65-iss.1-art.1700,1,1,1.1,1,2,False,,pending
doi:10.5281/zenodo.5616975,-1,,,,0,True,,pending
doi:10.17345/rio32.456,-1,,,,0,True,,pending
doi:10.4151/07189729-vol.64-iss.1-art.1640,-1,,,,0,True,,pending
doi:10.7764/tesisuc/edu/74068,-1,,,,0,True,,pending
doi:10.82992/intellectum/handle.10818.7775,-1,,,,0,True,,pending
record:a1a7dc4e7bba2c8cedb27e48,15,15,15.0,15,2,False,,pending
doi:10.23824/ase.v0i45.1060,-1,,,,0,True,,pending
doi:10.5281/zenodo.5593070,-1,,,,0,True,,pending
doi:10.6018/cartaphilus.666371,14,14,14.1,14,2,False,,pending
record:ce11437b79c29816f96f6a10,-1,,,,0,True,,pending
doi:10.21723/riaee.v18i00.17733,3,3,3.1,3,2,False,,pending
record:c78bfc30816c9ea7cb4a829e,-1,,,,0,True,,pending
doi:10.14201/0aq0375419428,-1,,,,0,True,,pending
record:5912d17b8794091a230a13c8,-1,,,,0,True,,pending
doi:10.18566/comunica.n44.a04,0,0,,0,1,False,,pending
doi:10.37787/pakamuros-unj.v10i4.341,-1,,,,0,True,,pending
doi:10.4067/s0718-50062024000400015,5,5,5.1,5,2,False,,pending
doi:10.7203/dces.48.30234,10,10,10.1,10,2,False,,pending
doi:10.17583/ijelm.11444,-1,,,,0,True,,pending
record:a4ace9cb08a74cd787aee6a8,-1,,,,0,True,,pending
doi:10.65100/recidh/47,0,0,0.3,0,2,False,,pending
doi:10.51896/delos/hxfn8971,-1,,,,0,True,,pending
doi:10.11144/javeriana.m17.sece,14,14,14.1,14,2,False,,pending
doi:10.22533/at.ed.6602518121,-1,,,,0,True,,pending
record:e798e5773f9a917090d2572f,-1,,,,0,True,,pending
doi:10.15581/007.33.029,14,14,14.2,14,2,False,,pending
doi:10.17605/osf.io/jt2rn,3,3,3.0,3,2,False,,pending
doi:10.4471/ijelm.13174,-1,,,,0,True,,pending
doi:10.35305/prohistoria.vi.1220,-1,,,,0,True,,pending
doi:10.61368/r.s.d.h.v6i1.557,-1,,,,0,True,,pending
doi:10.7764/tesisuc/edu/52733,-1,,,,0,True,,pending
record:99880fc1692a90d3da873499,-1,,,,0,True,,pending
record:3899f88f977fc56e45a5dee4,0,0,0.3,0,2,False,,pending
record:4381b73614de191c736c203e,18,18,18.0,18,2,False,,pending
doi:10.15210/prociencias.v8i1.29312,-1,,,,0,True,,pending
doi:10.34720/8tex-ve86,-1,,,,0,True,,pending
doi:10.21723/riaee.v17i4.17498,-1,,,,0,True,,pending
doi:10.14422/9788484687627.022,17,17,17.1,17,2,False,,pending
record:ba044ffd60b3e9e331424e99,-1,,,,0,True,,pending
record:c9f887ccbbf791d39198bf33,-1,,,,0,True,,pending
doi:10.37387/ipc.v12i1.372,-1,,,,0,True,,pending
doi:10.48102/riber.v1i2.48,-1,,,,0,True,,pending
doi:10.7764/tesisuc/edu/74064,-1,,,,0,True,,pending
record:afda8cef99ba9c956d7e6e5c,-1,,,,0,True,,pending
doi:10.48713/10336_48076,18,18,18.1,18,2,False,,pending
record:8bfe8ec97054072899ed9ccc,-1,,,,0,True,,pending
record:36494cbf0458d59ee1e26ab0,17,17,17.0,17,2,False,,pending
doi:10.5027/psicoperspectivas-vol21-issue1-fulltext-2323,23,23,,23,1,False,,pending
doi:10.55777/rea.v13i25.1499,-1,,,,0,True,,pending
doi:10.7203/ciriec-e.99.15965,10,10,10.1,10,2,False,,pending
doi:10.14201/scero20215242949,4,4,4.1,4,2,False,,pending
doi:10.7203/rase.16.3.27286,23,23,23.0,23,2,False,,pending
doi:10.29257/ea.3548,-1,,,,0,True,,pending
doi:10.34096/iice.n51.10677,3,3,3.1,3,2,False,,pending
doi:10.14201/0aq0321333340,23,23,23.1,23,2,False,,pending
record:43e80804290fa602cacdea3b,-1,,,,0,True,,pending
doi:10.1344/did.2022.12.46-62,-1,,,,0,True,,pending
doi:10.31619/caledu.n62.1585,19,19,19.0,19,2,False,,pending
doi:10.36006/09732-1,-1,,,,0,True,,pending
doi:10.7764/tesisuc/edu/74106,-1,,,,0,True,,pending
doi:10.21664/2238-8869.2022v11i1.p194-205,-1,,,,0,True,,pending
record:4b4112a8ec2c1448a473f63d,-1,,,,0,True,,pending
record:af236200d67b0dacd49df13b,23,23,23.0,23,2,False,,pending
doi:10.55777/rea.v16i31.4582,-1,,,,0,True,,pending
doi:10.59427/rcli/2023/v23cs.3251-3258,-1,,,,0,True,,pending
record:d3ae219f638220faf5e30081,15,15,,15,1,False,,pending
record:221d2eac95f6192db520675b,-1,,,,0,True,,pending
doi:10.2760/325831,0,0,0.3,0,2,False,,pending
doi:10.21501/22161201.4729,-1,,,,0,True,,pending
record:68c2ebc8dbb4702c82772466,10,10,10.1,10,2,False,,pending
record:6b1b77a3826693073ec76819,5,5,5.1,5,2,False,,pending
record:b49bec886b2b3cfd4c3b6370,0,0,,0,1,False,,pending
doi:10.14507/epaa.29.5366,-1,,,,0,True,,pending
doi:10.29394/scientific.issn.2542-2987.2020.5.18.14.276-288,-1,,,,0,True,,pending
doi:10.26754/ojs_reiit/eiit.202115445,-1,,,,0,True,,pending
doi:10.1344/reire.42659,-1,,,,0,True,,pending
doi:10.30827/profesorado.v29i3.32246,17,17,,17,1,False,,pending
doi:10.25267/rev_atl-mediterr_prehist_arqueol_soc.2020.v22.33,0,0,0.0,0,2,False,,pending
doi:10.22235/pe.v17i1.3715,19,19,19.0,19,2,False,,pending
record:5e6c0cb777b2a8233a69b06d,-1,,,,0,True,,pending
doi:10.37811/cl_rcm.v7i5.7970,21,21,21.0,21,2,False,,pending
record:145ea4f45e48915f248922a8,15,15,15.1,15,2,False,,pending
record:dd78ede718a1be901a285cd4,0,0,0.0,0,2,False,,pending
doi:10.29393/rle2-3ndcr20003,-1,,,,0,True,,pending
record:08251a92f38b62fb3e80c299,-1,,,,0,True,,pending
doi:10.12795/comunicacion.2025.v23.i02.01,-1,,,,0,True,,pending
doi:10.67595/transformacion-cultura-aprendizaje-araucania,-1,,,,0,True,,pending
doi:10.30827/profesorado.v29i2.29492,4,4,,4,1,False,,pending
record:56ec42f7ac28a95934bceef6,0,0,0.3,0,2,False,,pending
record:257083143eaab2400b99c3c0,-1,,,,0,True,,pending
doi:10.34069/ra/2026.17.03,18,18,18.1,18,2,False,,pending
doi:10.63688/hrsqem62,-1,,,,0,True,,pending
record:22fea15084a9d08832cb2e22,17,17,17.1,17,2,False,,pending
doi:10.34140/bjbv8n3-104,0,0,,0,1,False,,pending
doi:10.35537/10915/192870,4,4,,4,1,False,,pending
record:563a59740d6cb10ae1ff0809,-1,,,,0,True,,pending
record:e7481ac6da646eb7b92e4ca8,-1,,,,0,True,,pending
record:89ebb0107db1d18ed54d5282,8,8,,8,1,False,,pending
record:13b9e52cf4347bca6b60f01b,10,10,10.1,10,2,False,,pending
doi:10.15366/riee2024.17.2.001,0,0,0.3,0,2,False,,pending
doi:10.15366/reice2026.24.2.004,17,17,17.1,17,2,False,,pending
record:2af0242c40c54c1de6b9170e,-1,,,,0,True,,pending
doi:10.7764/tesisuc/edu/65359,-1,,,,0,True,,pending
doi:10.30972/riie.16248914,14,14,14.1,14,2,False,,pending
record:be3c0da7aef94f8e8dd5b68c,6,6,6.0,6,2,False,,pending
doi:10.52149/sp21/65.11,17,17,17.1,17,2,False,,pending
doi:10.30827/profesorado.v29i1.29492,4,4,,4,1,False,,pending
doi:10.70747/cr.v5i2.1136,6,6,6.0,6,2,False,,pending
record:8b1741d12894d0af55ec2eba,4,4,4.0,4,2,False,,pending
record:3a0604f2851c431bdbb0cfec,8,8,8.2,8,2,False,,pending
doi:10.14516/fde.886,1,1,,1,1,False,,pending
doi:10.35992/pdm.v3i2.949,17,17,17.1,17,2,False,,pending
doi:10.30827/profesorado.v28i2.29678,-1,,,,0,True,,pending
doi:10.15517/aie.v23i3.54644,-1,,,,0,True,,pending
doi:10.52149/sp21/68.12,-1,,,,0,True,,pending
record:634bab8d12f6b353bae50227,8,8,8.1,8,2,False,,pending
doi:10.15304/ie.31.7884,3,3,3.1,3,2,False,,pending
doi:10.47236/2594-7036.2025.v9.1866,17,17,17.1,17,2,False,,pending
doi:10.52149/sp21/79.1,-1,,,,0,True,,pending
record:8e9a2eb1cdf17bc9a08ccbca,-1,,,,0,True,,pending
doi:10.37811/cl_rcm.v10i3.24155,-1,,,,0,True,,pending
record:ffc95392f7c4498c47edf1dc,-1,,,,0,True,,pending
record:97760f6980178478a59dbb66,-1,,,,0,True,,pending
doi:10.14507/epaa.30.6548,14,14,,14,1,False,,pending
doi:10.52149/sp21/79.13,-1,,,,0,True,,pending
doi:10.15366/tp2025.45.003,4,4,4.1,4,2,False,,pending
doi:10.55778/ts310044750,0,0,0.3,0,2,False,,pending
record:f5e9b42ffabcf0b1bd287d8d,-1,,,,0,True,,pending
doi:10.56124/ubm.v7i12.007,18,18,18.1,18,2,False,,pending
doi:10.17398/1695-288x.20.1.9,0,0,0.3,0,2,False,,pending
record:a7a03d1a8c925db82bd2de79,-1,,,,0,True,,pending
doi:10.5565/rev/educar.2579,-1,,,,0,True,,pending
doi:10.37177/unicen/eb33-377,10,10,10.1,10,2,False,,pending
record:34f2af28561c81bfd9f77410,-1,,,,0,True,,pending
doi:10.47553/rifop.v34i3.81380,5,5,5.1,5,2,False,,pending
doi:10.17163/alt.v15n2.2020.08,-1,,,,0,True,,pending
doi:10.30827/publicaciones.v51i3.16709,3,3,3.0,3,2,False,,pending
doi:10.21664/2238-8869.2020v9i3.p182-196,-1,,,,0,True,,pending
doi:10.15366/tarbiya2022.50.001,14,14,,14,1,False,,pending
doi:10.22370/ieya.2024.10.1.3724,3,3,3.1,3,2,False,,pending
record:7b278c9bd829c9094bbda870,4,4,,4,1,False,,pending
doi:10.52149/sp21/77.9,-1,,,,0,True,,pending
record:43f5b191741c5397c028b709,-1,,,,0,True,,pending
doi:10.58313/masquedos.2023.v8.n10.237,-1,,,,0,True,,pending
doi:10.30827/profesorado.v30i1.32544,-1,,,,0,True,,pending
doi:10.54886/ibersid.v20i1.5162,-1,,,,0,True,,pending
record:a196f07f3f237b004e6b896f,3,3,3.1,3,2,False,,pending
doi:10.5281/zenodo.17667157,3,3,3.1,3,2,False,,pending
doi:10.37811/cl_rcm.v9i5.19691,-1,,,,0,True,,pending
doi:10.7764/tesisuc/edu/111204,0,0,0.0,0,2,False,,pending
doi:10.7764/tesisuc/edu/105225,-1,,,,0,True,,pending
doi:10.7764/tesisuc/edu/87330,-1,,,,0,True,,pending
record:ae184ec69ce1be303fb76327,-1,,,,0,True,,pending
doi:10.5380/jpe.v16i1.87161,-1,,,,0,True,,pending
record:938b2647907722aa793431f9,1,1,,1,1,False,,pending
doi:10.19053/22160159.v14.n38.2023.15426,-1,,,,0,True,,pending
record:da4cb1a962010e6b26304de7,-1,,,,0,True,,pending
doi:10.35766/jf20224,22,22,,22,1,False,,pending
record:af8cc38307175936d02f87e4,-1,,,,0,True,,pending
record:81ed0ca88b5a2fe9b1d83362,-1,,,,0,True,,pending
record:ff742a13bc47941d45779b34,19,19,,19,1,False,,pending
doi:10.18175/vys16.1.2025.7,-1,,,,0,True,,pending
record:d40cc3be2f90f1313d758ead,-1,,,,0,True,,pending
doi:10.21573/vol40n12024.136105,3,3,3.1,3,2,False,,pending
record:9b3134c79b3651bfdbb9f6f1,-1,,,,0,True,,pending
doi:10.1590/es.230812,-1,,,,0,True,,pending
record:10a45209c371057986a5b87a,-1,,,,0,True,,pending
doi:10.46377/dilemas.v14i1.4996,-1,,,,0,True,,pending
record:62f9629600fff810088e18c4,0,0,0.0,0,2,False,,pending
record:ef5ed30244df1e79daa8250e,11,11,11.0,11,2,False,,pending
record:f1e02caf4d91da08b02ebf13,13,13,13.0,13,2,False,,pending
doi:10.61273/neyart.v3i1.85,-1,,,,0,True,,pending
record:5b9a7be22674b90c1965ac79,-1,,,,0,True,,pending
record:1182e4f7ecbcf4de10b29ab6,1,1,,1,1,False,,pending
record:c46d19250376519c468437a2,0,0,0.3,0,2,False,,pending
doi:10.20873/uft.rbec.e12965,-1,,,,0,True,,pending
doi:10.14201/gredos.159933,23,23,23.0,23,2,False,,pending
record:ab0bbb16bd6750af527cb537,-1,,,,0,True,,pending
record:f0935079c280c6084aba3713,-1,,,,0,True,,pending
doi:10.37811/cl_rcm.v6i3.2380,14,14,14.2,14,2,False,,pending
doi:10.38087/2595.8801.792,11,11,,11,1,False,,pending
doi:10.54899/dcs.v23i87.4695,1,1,1.0,1,2,False,,pending
doi:10.37594/oratores.n13.413,-1,,,,0,True,,pending
record:b022716dbf9b8c668bd9e210,13,13,13.1,13,2,False,,pending
doi:10.5281/zenodo.6791275,22,22,,22,1,False,,pending
doi:10.18682/cdc.vi176.8614,13,13,13.1,13,2,False,,pending
doi:10.18779/ingenio.v7i2.806,-1,,,,0,True,,pending
doi:10.63391/b3gr9m42,-1,,,,0,True,,pending
doi:10.24065/2237-9460.2021v11n1id1561,1,1,1.0,1,2,False,,pending
doi:10.37811/cl_rcm.v7i5.8430,20,20,,20,1,False,,pending
doi:10.62319/criterio.v.4i7.28,21,21,21.0,21,2,False,,pending
doi:10.23913/ride.v12i24.1163,4,4,4.1,4,2,False,,pending
doi:10.70577/f95qtq19,-1,,,,0,True,,pending
doi:10.5281/zenodo.5838807,-1,,,,0,True,,pending
record:00fe10c6ee58ca2623530dd1,3,3,3.2,3,2,False,,pending
record:047582efa4845dfd4465cbe8,13,13,13.1,13,2,False,,pending
doi:10.61154/mrcm.v12i2.4448,10,10,10.1,10,2,False,,pending
doi:10.33386/593dp.2022.1.742,-1,,,,0,True,,pending
record:e690b9cc8508e740ee66037f,-1,,,,0,True,,pending
doi:10.51247/st.v4i1.74,26,26,,26,1,False,,pending
doi:10.70165/enfdis.v10i2.312,15,15,15.0,15,2,False,,pending
doi:10.70513/posgrad-ensino-educ-5,-1,,,,0,True,,pending
doi:10.1590/s0104-40362021002902804,-1,,,,0,True,,pending
doi:10.51798/sijis.v3i1.222,6,6,,6,1,False,,pending
doi:10.22458/ie.v22i33.3344,3,3,3.2,3,2,False,,pending
doi:10.1590/1980531411747,11,11,11.0,11,2,False,,pending
doi:10.3389/fpsyg.2022.720459,7,7,7.1,7,2,False,,pending
doi:10.51247/st.v6i2.376,-1,,,,0,True,,pending
doi:10.33386/593dp.2021.1.420,-1,,,,0,True,,pending
doi:10.55908/sdgs.v14i4.4639,-1,,,,0,True,,pending
doi:10.37811/cl_rcm.v7i2.5960,-1,,,,0,True,,pending
doi:10.58763/rc2024197,19,19,19.1,19,2,False,,pending
record:5b2dd390e6c29385b1d43eac,6,6,6.1,6,2,False,,pending
record:b2ea67183958520bed1f6d15,18,18,18.0,18,2,False,,pending
doi:10.22533/at.ed.3011126120110,-1,,,,0,True,,pending
doi:10.33386/593dp.2021.1.419,-1,,,,0,True,,pending
doi:10.34117/bjdv9n8-036,-1,,,,0,True,,pending
doi:10.46932/sfjdv3n4-059,8,8,,8,1,False,,pending
doi:10.69639/arandu.v11i2.569,-1,,,,0,True,,pending
doi:10.33996/revistahorizontes.v9i40.1130,-1,,,,0,True,,pending
doi:10.54899/dcs.v23i87.4612,1,1,1.0,1,2,False,,pending
doi:10.62608/2164-1102.1123,-1,,,,0,True,,pending
record:55f9b9ab1d81e5b756c6f38e,11,11,11.1,11,2,False,,pending
doi:10.37956/jbes.v0i0.226,3,3,3.1,3,2,False,,pending
doi:10.26457/recein.v15i59.3545,-1,,,,0,True,,pending
doi:10.47554/revie2020.7.18,-1,,,,0,True,,pending
doi:10.47865/igob.vol5.n17.2022.182,8,8,8.2,8,2,False,,pending
doi:10.35622/j.rie.2026.02.004,-1,,,,0,True,,pending
doi:10.58995/redlic.rmic.v4.n3.a205,-1,,,,0,True,,pending
record:0f35ea6348bc2e7018eb8fe8,6,6,6.0,6,2,False,,pending
doi:10.47422/ac.v3i4.131,-1,,,,0,True,,pending
doi:10.69821/constellations.v3i2.58,5,5,5.1,5,2,False,,pending
doi:10.5294/edu.2025.28.3.2,-1,,,,0,True,,pending
record:168f97b63fb18585f6827480,4,4,,4,1,False,,pending
doi:10.52080/rvgluz.29.e11.5,17,17,17.1,17,2,False,,pending
doi:10.37811/cl_rcm.v10i1.22411,-1,,,,0,True,,pending
doi:10.46377/dilemas.v10i1.3247,-1,,,,0,True,,pending
doi:10.46583/edetania_2020.58.635,-1,,,,0,True,,pending
doi:10.12957/periferia.2024.80683,11,11,11.0,11,2,False,,pending
record:925fe4ac22c8332ed43fdc74,-1,,,,0,True,,pending
doi:10.46932/sfjdv2n2-069,-1,,,,0,True,,pending
record:706515fc3327f629c0e7eead,-1,,,,0,True,,pending
record:bc777593729e0a18382ae836,-1,,,,0,True,,pending
doi:10.37843/rted.v19i1.737,-1,,,,0,True,,pending
record:fe3662856c676b18f1f1331f,-1,,,,0,True,,pending
doi:10.61285/r.e.l.-uisil.v10i02.180,11,11,11.1,11,2,False,,pending
doi:10.33241/cadernosdogposshe.v6i2.9183,11,11,11.1,11,2,False,,pending
doi:10.55905/rdelosv19.n84-053,1,1,,1,1,False,,pending
doi:10.56219/lneaimaginaria.v2i24.5551,17,17,17.0,17,2,False,,pending
doi:10.22235/pe.v17i1.3723,-1,,,,0,True,,pending
doi:10.33448/rsd-v9i11.10070,22,22,22.0,22,2,False,,pending
doi:10.15658/rev.electron.educ.pedagog22.11061118,-1,,,,0,True,,pending
doi:10.61728/ae24180016,3,3,3.0,3,2,False,,pending
doi:10.47820/recima21.v4i12.4358,-1,,,,0,True,,pending
doi:10.53436/a12kov38,-1,,,,0,True,,pending
doi:10.64230/sca.v2i3.27,5,5,5.1,5,2,False,,pending
doi:10.56712/latam.v7i4.6323,-1,,,,0,True,,pending
record:905ac9c366af970cc4c89af2,-1,,,,0,True,,pending
doi:10.22458/ie.v27iespecial.5875,-1,,,,0,True,,pending
record:0c7bb443622e4a94f6067f47,20,20,20.0,20,2,False,,pending
doi:10.5281/zenodo.20276684,-1,,,,0,True,,pending
doi:10.4025/imagenseduc.v12i1.55132,-1,,,,0,True,,pending
doi:10.11600/rlcsnj.21.2.5191,-1,,,,0,True,,pending
doi:10.35756/educaumch.202220.230,-1,,,,0,True,,pending
doi:10.51891/rease.v10i9.15583,11,11,11.0,11,2,False,,pending
doi:10.37572/edart_2807238804,-1,,,,0,True,,pending
doi:10.48190/cumbres.v11n2a7,4,4,4.1,4,2,False,,pending
record:5f87d9c3486dd48933ea4875,-1,,,,0,True,,pending
record:68f637d336785ebcc0de99a5,8,8,8.2,8,2,False,,pending
record:f8db1b20dcf690a59e1223ee,-1,,,,0,True,,pending
record:3d32422b588525b76c5349ad,6,6,,6,1,False,,pending
doi:10.51891/rease.v10i3.13213,-1,,,,0,True,,pending
doi:10.53995/rsp.v4i4.269,-1,,,,0,True,,pending
doi:10.57201/rcff.v19ej1.z,-1,,,,0,True,,pending
doi:10.48102/rlee.2026.56.1.738,-1,,,,0,True,,pending
doi:10.61728/ae20240226,3,3,3.1,3,2,False,,pending
record:e24029fd3ec01c401a052257,-1,,,,0,True,,pending
record:94d17bbff14d7d1880949f7c,6,6,6.1,6,2,False,,pending
doi:10.21573/vol36n22020.99857,11,11,11.0,11,2,False,,pending
doi:10.29393/rle2-6path10006,-1,,,,0,True,,pending
doi:10.59659/revistatribunal.v6i14.353,13,13,13.1,13,2,False,,pending
record:2dc0b7badbd9151904429d03,-1,,,,0,True,,pending
doi:10.21803/adgnosis.12.12.594,-1,,,,0,True,,pending
doi:10.64639/nryh4h66,-1,,,,0,True,,pending
doi:10.5216/ia.v51i1.82995,11,11,,11,1,False,,pending
doi:10.21879/faeeba2358-0194.2026.v35.n82.p101-115,11,11,11.1,11,2,False,,pending
record:d936bd3cc718ca7113f39390,-1,,,,0,True,,pending
record:65aa7abd367c93dfd694ea7c,8,8,8.2,8,2,False,,pending
record:7a47ed2e427b7c1af28fa9d3,-1,,,,0,True,,pending
record:9987c0412856ea26022eefe3,8,8,8.2,8,2,False,,pending
record:22467d5981437a7f6d3ebac3,-1,,,,0,True,,pending
doi:10.51891/rease.v8i1.3724,1,1,1.0,1,2,False,,pending
doi:10.36260/rbr.v9i5.990,-1,,,,0,True,,pending
doi:10.37618/paradigma.1011-2251.2024.e2024004.id1349,4,4,4.1,4,2,False,,pending
doi:10.24320/redie.2020.22.e29.3564,14,14,14.1,14,2,False,,pending
doi:10.21573/vol36n12020.96631,11,11,11.0,11,2,False,,pending
doi:10.56712/latam.v7i3.6069,4,4,4.1,4,2,False,,pending
record:539736b2df3b11c59f83b55f,11,11,11.0,11,2,False,,pending
record:fce0c991927444d3cb219fa4,-1,,,,0,True,,pending
doi:10.47820/recima21.v4i6.3371,0,0,0.0,0,2,False,,pending
doi:10.24109/2176-6681.rbep.104.5342,15,15,15.1,15,2,False,,pending
doi:10.15366/jospoe2020.11.004,11,11,,11,1,False,,pending
doi:10.70577/asce.v4i4.552,4,4,4.0,4,2,False,,pending
record:75aea9e4edc20b9b5e6544c2,13,13,,13,1,False,,pending
doi:10.22533/at.ed.5321825300610,-1,,,,0,True,,pending
record:76682507b8eb288e79f4cddc,-1,,,,0,True,,pending
record:969c8053c75ae50e5e29484f,-1,,,,0,True,,pending
doi:10.69807/2966-0785.2026.281,1,1,,1,1,False,,pending
doi:10.20983/biniriame.2023.1.4,-1,,,,0,True,,pending
record:054d12676d7eab1c484ea438,6,6,,6,1,False,,pending
doi:10.22235/pe.v17i1.3625,3,3,3.1,3,2,False,,pending
record:0dc45da0df51c5c9ce0d26f2,8,8,8.0,8,2,False,,pending
record:f6e6b8053aff2de27decfed9,21,21,21.1,21,2,False,,pending
record:8fd26bd300055ceba4f94524,-1,,,,0,True,,pending
record:b1665ef748928cef52f761e1,8,8,8.0,8,2,False,,pending
record:b7f349a2e466b0023ecca47e,-1,,,,0,True,,pending
record:676d844c8eea570d91055948,2,2,2.1,2,2,False,,pending
doi:10.4018/979-8-3693-9425-0,2,2,2.1,2,2,False,,pending
doi:10.1007/978-3-030-88282-2,2,2,2.1,2,2,False,,pending
doi:10.1108/jea-10-2020-0216,16,16,16.0,16,2,False,,pending
doi:10.1186/s41239-025-00517-1,16,16,16.0,16,2,False,,pending
doi:10.3390/risks9050090,3,3,3.2,3,2,False,,pending
doi:10.20935/al29,3,3,,3,1,False,,pending
doi:10.1093/acrefore/9780190264093.013.603,2,2,2.1,2,2,False,,pending
doi:10.59231/sari7600,16,16,16.0,16,2,False,,pending
doi:10.4324/9780367855635,10,10,10.1,10,2,False,,pending
doi:10.4018/979-8-3693-8734-4.ch013,16,16,,16,1,False,,pending
doi:10.4324/9780429197154-2,2,2,2.1,2,2,False,,pending
doi:10.1007/978-981-16-5831-0,2,2,2.1,2,2,False,,pending
doi:10.1002/fer3.25,-1,,,,0,True,,pending
doi:10.59324/ejahss.2024.1(6).01,16,16,16.0,16,2,False,,pending
doi:10.51276/edu.v4i2.411,14,14,14.1,14,2,False,,pending
doi:10.1016/b978-0-12-818630-5.05067-3,2,2,2.1,2,2,False,,pending
doi:10.1007/978-3-030-14625-2_109,10,10,10.0,10,2,False,,pending
doi:10.1007/978-3-030-99097-8,2,2,2.1,2,2,False,,pending
doi:10.1177/17411432211066273,2,2,2.1,2,2,False,,pending
doi:10.4018/979-8-3693-0094-7.ch003,2,2,2.0,2,2,False,,pending
doi:10.1007/978-3-031-56275-4_194-1,2,2,2.1,2,2,False,,pending
doi:10.1007/s43621-022-00072-z,18,18,,18,1,False,,pending
doi:10.4324/9781003355649-8,2,2,2.1,2,2,False,,pending
doi:10.30828/real.1421708,-1,,,,0,True,,pending
doi:10.4018/979-8-3373-3616-9.ch001,2,2,2.1,2,2,False,,pending
doi:10.5040/9798216403364,-1,,,,0,True,,pending
doi:10.55210/humanistika.v8i2.842,2,2,2.1,2,2,False,,pending
doi:10.53555/sfs.v7i3.2823,2,2,2.1,2,2,False,,pending
doi:10.22492/issn.2435-9467.2024.70,-1,,,,0,True,,pending
doi:10.4337/9781035349357,2,2,2.0,2,2,False,,pending
doi:10.1163/9789004461871_006,-1,,,,0,True,,pending
doi:10.4324/9781032723778,-1,,,,0,True,,pending
record:a3b9aefcf2c84c0f50805795,2,2,2.1,2,2,False,,pending
doi:10.4018/979-8-3373-3616-9.ch003,-1,,,,0,True,,pending
doi:10.1177/1741143220962101,-1,,,,0,True,,pending
doi:10.4324/9781003164449,2,2,2.1,2,2,False,,pending
doi:10.26907/esd.18.4.04,18,18,18.0,18,2,False,,pending
doi:10.4324/9780429032158,-1,,,,0,True,,pending
doi:10.32873/unl.dc.ciel,19,19,,19,1,False,,pending
doi:10.12806/v19/i3/a1,-1,,,,0,True,,pending
doi:10.4324/9781003268055,2,2,2.1,2,2,False,,pending
doi:10.4324/9780429505102,-1,,,,0,True,,pending
doi:10.1007/978-981-97-8681-7,-1,,,,0,True,,pending
doi:10.4018/979-8-3693-7863-2.ch009,16,16,16.0,16,2,False,,pending
doi:10.4236/chnstd.2023.122011,-1,,,,0,True,,pending
record:4dca82bf7eb0cf1f40df36f4,2,2,2.1,2,2,False,,pending
doi:10.4236/ojl.2021.101001,13,13,,13,1,False,,pending
doi:10.1093/acrefore/9780190264093.013.1049,13,13,13.1,13,2,False,,pending
doi:10.1007/978-3-031-92064-6,2,2,2.0,2,2,False,,pending
doi:10.1080/13603124.2020.1811900,3,3,3.2,3,2,False,,pending
doi:10.1007/978-3-030-39666-4_63-1,2,2,2.1,2,2,False,,pending
doi:10.4018/979-8-3693-5242-7.ch009,2,2,2.0,2,2,False,,pending
doi:10.4018/979-8-2600-1142-3.ch006,2,2,2.1,2,2,False,,pending
doi:10.4324/9781003334835-6,-1,,,,0,True,,pending
doi:10.1177/0013161x211036079,-1,,,,0,True,,pending
doi:10.1080/00220620.2021.2006880,-1,,,,0,True,,pending
doi:10.4018/979-8-3693-1773-0.ch006,10,10,10.1,10,2,False,,pending
doi:10.59298/rijre/2025/522430,-1,,,,0,True,,pending
doi:10.4018/979-8-3693-9425-0.ch002,2,2,2.1,2,2,False,,pending
doi:10.4103/jehp.jehp_733_20,2,2,2.1,2,2,False,,pending
doi:10.30828/real.1569120,2,2,2.1,2,2,False,,pending
doi:10.12972/kjre.20210002,-1,,,,0,True,,pending
doi:10.29228/yenisey.73757,-1,,,,0,True,,pending
doi:10.4324/9780367855635-3,10,10,10.1,10,2,False,,pending
record:0ee9cf7f083547724803543c,20,20,20.0,20,2,False,,pending
doi:10.1108/jced-11-2021-0011,-1,,,,0,True,,pending
doi:10.1016/b978-0-12-818630-5.05023-5,-1,,,,0,True,,pending
doi:10.36948/ijfmr.2024.v06i03.22199,-1,,,,0,True,,pending
doi:10.1093/acrefore/9780190264093.013.644,-1,,,,0,True,,pending
doi:10.1108/979-8-88730-828-920251002,2,2,2.1,2,2,False,,pending
doi:10.4018/979-8-2600-1096-9,2,2,2.1,2,2,False,,pending
doi:10.4324/9781003360070-17,25,25,,25,1,False,,pending
doi:10.4324/9781003449836,2,2,2.1,2,2,False,,pending
doi:10.1007/978-3-030-29553-0_78-1,2,2,2.1,2,2,False,,pending
doi:10.3102/1685530,2,2,2.1,2,2,False,,pending
doi:10.3102/2334931,2,2,2.1,2,2,False,,pending
record:cb1d8d1d38c6c9fd0d9c89ec,2,2,2.1,2,2,False,,pending
record:4c9c94154883ec788a74700b,2,2,2.1,2,2,False,,pending
doi:10.4324/9781003666776-17,13,13,13.1,13,2,False,,pending
doi:10.1177/19427751251344163,2,2,,2,1,False,,pending
record:c6b37bbc1c99cff6f40bdd77,2,2,2.1,2,2,False,,pending
doi:10.24135/pjtel.v3i1.108,2,2,2.1,2,2,False,,pending
doi:10.4324/9781003241577-3,-1,,,,0,True,,pending
doi:10.25212/lfu.qzj.11.1.21,2,2,2.1,2,2,False,,pending
doi:10.1007/978-3-030-35858-7_123,27,27,,27,1,False,,pending
doi:10.2991/assehr.k.220401.114,2,2,2.1,2,2,False,,pending
doi:10.4018/978-1-6684-4144-2,2,2,2.1,2,2,False,,pending
doi:10.1080/13603124.2022.2098379,-1,,,,0,True,,pending
doi:10.1007/978-3-030-74497-7_13,-1,,,,0,True,,pending
doi:10.4324/9781003334835-9,-1,,,,0,True,,pending
doi:10.21093/di.v21i2.3716,25,25,,25,1,False,,pending
doi:10.4324/9781003099482,-1,,,,0,True,,pending
doi:10.4018/978-1-6684-5226-4.ch018,2,2,2.1,2,2,False,,pending
doi:10.1177/17411432241292295,16,16,16.0,16,2,False,,pending
doi:10.1007/978-981-97-8293-2_9,2,2,,2,1,False,,pending
doi:10.4018/978-1-6684-4144-2.ch010,20,20,,20,1,False,,pending
doi:10.24818/rmci.2025.2.245,16,16,16.0,16,2,False,,pending
doi:10.59298/rijre/2025/515359,2,2,2.1,2,2,False,,pending
doi:10.1177/17411432211066274,2,2,2.1,2,2,False,,pending
record:db65eb6878e44f85ab6c1d52,2,2,,2,1,False,,pending
doi:10.4018/979-8-3373-3616-9.ch002,-1,,,,0,True,,pending
doi:10.1016/b978-0-12-818630-5.05013-2,-1,,,,0,True,,pending
doi:10.5040/9781350471917,2,2,2.1,2,2,False,,pending
doi:10.1108/9781839824685,-1,,,,0,True,,pending
doi:10.1016/b978-0-12-818630-5.05001-6,2,2,2.1,2,2,False,,pending
doi:10.16922/wje.26.2.11,-1,,,,0,True,,pending
doi:10.1007/978-981-16-4157-2_6,2,2,2.1,2,2,False,,pending
doi:10.47772/ijriss.2024.804131,16,16,16.0,16,2,False,,pending
doi:10.5040/9781350173187.0017,10,10,10.1,10,2,False,,pending
doi:10.1007/978-981-16-5831-0_2,2,2,2.1,2,2,False,,pending
doi:10.1163/9789004719255_006,-1,,,,0,True,,pending
doi:10.1007/978-3-030-99097-8_108,2,2,2.1,2,2,False,,pending
doi:10.4018/979-8-3693-1926-0.ch011,3,3,3.2,3,2,False,,pending
doi:10.4324/9781003360063-1,10,10,10.1,10,2,False,,pending
doi:10.17632/v33jz5vk8d.1,2,2,2.1,2,2,False,,pending
doi:10.53555/kuey.v29i2.9889,2,2,2.1,2,2,False,,pending
doi:10.5040/9781350353459.ch-003,2,2,2.1,2,2,False,,pending
doi:10.1080/15700763.2024.2412204,16,16,16.0,16,2,False,,pending
doi:10.4324/9781032621296-19,-1,,,,0,True,,pending
doi:10.53761/3asbn592,2,2,2.1,2,2,False,,pending
record:8dfbc703893c0c088d14a2ca,2,2,2.1,2,2,False,,pending
record:c1b5f595a2bac6e78fa005c6,-1,,,,0,True,,pending
doi:10.59324/ejtas.2024.2(4).13,2,2,2.1,2,2,False,,pending
doi:10.4324/9781003633358-4,2,2,2.1,2,2,False,,pending
doi:10.25749/sis.41479,-1,,,,0,True,,pending
doi:10.4337/9781035315673.00009,2,2,2.1,2,2,False,,pending
doi:10.23196/tjlem.2022.25.3.031,2,2,2.1,2,2,False,,pending
doi:10.63056/acad.004.04.0915,0,0,0.2,0,2,False,,pending
doi:10.5772/intechopen.1009982,-1,,,,0,True,,pending
doi:10.4018/979-8-3373-8495-5.ch008,16,16,16.0,16,2,False,,pending
doi:10.4018/979-8-3373-3616-9.ch004,-1,,,,0,True,,pending
doi:10.4018/978-1-6684-4144-2.ch002,2,2,2.1,2,2,False,,pending
doi:10.5772/intechopen.1006019,2,2,2.1,2,2,False,,pending
doi:10.25215/1997811340.01,18,18,18.0,18,2,False,,pending
doi:10.4324/9781003310761-1,-1,,,,0,True,,pending
doi:10.4324/9781003716846-3,-1,,,,0,True,,pending
doi:10.2478/rp-2021-0013,22,22,22.1,22,2,False,,pending
doi:10.1007/978-3-031-88898-4_41-1,2,2,2.1,2,2,False,,pending
doi:10.1080/1360144x.2026.2665877,2,2,2.1,2,2,False,,pending
doi:10.1080/13603124.2023.2284293,2,2,2.1,2,2,False,,pending
doi:10.4324/9781138609877-ree71-0,2,2,2.0,2,2,False,,pending
doi:10.1093/acrefore/9780190264093.013.715,19,19,,19,1,False,,pending
doi:10.2478/vjes-2022-0015,-1,,,,0,True,,pending
record:08237b9fc2dedbfcdcc18bfa,25,25,,25,1,False,,pending
doi:10.1007/978-3-030-99097-8_4,2,2,2.1,2,2,False,,pending
record:8ff1f5ccae939f00e19f2abd,-1,,,,0,True,,pending
doi:10.18326/attarbiyah.v5i2.105-121,25,25,,25,1,False,,pending
doi:10.63283/54wxa275,0,0,0.2,0,2,False,,pending
doi:10.1007/978-981-13-6106-7_111-1,-1,,,,0,True,,pending
doi:10.37745/bje.2013/vol13n23043,2,2,2.1,2,2,False,,pending
doi:10.1080/13573322.2021.1946028,-1,,,,0,True,,pending
doi:10.1007/978-3-030-74497-7_5,-1,,,,0,True,,pending
doi:10.1177/17577438241297242,-1,,,,0,True,,pending
doi:10.1080/13603124.2020.1818132,10,10,10.0,10,2,False,,pending
record:e5cb3d5e1a1273e8a4a4c299,2,2,2.1,2,2,False,,pending
doi:10.5206/cjsotlrcacea.2024.3.17715,2,2,2.1,2,2,False,,pending
doi:10.1177/1741143221991839,10,10,10.0,10,2,False,,pending
doi:10.1007/978-3-031-92064-6_18,2,2,2.0,2,2,False,,pending
doi:10.4018/978-1-6684-4144-2.ch014,27,27,,27,1,False,,pending
doi:10.4324/9781003571575-9,-1,,,,0,True,,pending
doi:10.1007/s10639-024-12714-y,0,0,0.2,0,2,False,,pending
doi:10.9756/int-jecse/v14i1.221068,-1,,,,0,True,,pending
doi:10.18860/egalita.v15i2.10805,10,10,10.1,10,2,False,,pending
doi:10.4018/979-8-3373-0573-8,16,16,16.0,16,2,False,,pending
doi:10.1080/00220620.2020.1761305,2,2,2.1,2,2,False,,pending
doi:10.4018/979-8-3693-6130-6.ch002,16,16,16.0,16,2,False,,pending
doi:10.59915/jes.2024.23.2.8,-1,,,,0,True,,pending
doi:10.54443/sibatik.v2i3.671,25,25,,25,1,False,,pending
doi:10.4018/979-8-3373-7123-8,2,2,2.1,2,2,False,,pending
doi:10.1177/08920206261451151,-1,,,,0,True,,pending
doi:10.4324/9781032621296-8,2,2,2.1,2,2,False,,pending
doi:10.9734/jesbs/2020/v33i930261,-1,,,,0,True,,pending
doi:10.5040/9798216436256.ch-1,-1,,,,0,True,,pending
record:33c1e978975c2165d5ee992f,19,19,19.0,19,2,False,,pending
doi:10.5040/9781350353459-005,2,2,2.1,2,2,False,,pending
doi:10.5281/zenodo.20054003,2,2,2.1,2,2,False,,pending
doi:10.1007/978-3-032-21359-4_202,-1,,,,0,True,,pending
doi:10.1177/17411432261472301,-1,,,,0,True,,pending
doi:10.4018/979-8-3693-9425-0.ch008,-1,,,,0,True,,pending
doi:10.4018/979-8-3373-7123-8.ch008,4,4,4.0,4,2,False,,pending
doi:10.4324/9781003121398-6,-1,,,,0,True,,pending
doi:10.5040/9781350173187.0016,-1,,,,0,True,,pending
doi:10.70593/978-93-7185-539-6_12,16,16,16.0,16,2,False,,pending
doi:10.17583/ijelm.12766,-1,,,,0,True,,pending
doi:10.1515/9780889779785-007,10,10,10.1,10,2,False,,pending
doi:10.3102/2007170,-1,,,,0,True,,pending
doi:10.1007/978-981-16-7629-1_2,2,2,2.1,2,2,False,,pending
doi:10.65358/manbispar.v1i1.93,7,7,7.1,7,2,False,,pending
doi:10.4324/9781003145356-6,2,2,2.1,2,2,False,,pending
record:2ed12fc61185195a65b88cfd,25,25,,25,1,False,,pending
doi:10.1163/9789004719255_005,10,10,10.1,10,2,False,,pending
doi:10.1163/9789004719255_003,18,18,18.0,18,2,False,,pending
doi:10.1163/9789004436657_004,-1,,,,0,True,,pending
doi:10.22329/celt.v15i1.7848,2,2,2.1,2,2,False,,pending
doi:10.4018/979-8-3373-7123-8.ch004,10,10,10.1,10,2,False,,pending
record:3d455388119dd645aaf7b5ef,1,1,,1,1,False,,pending
doi:10.25215/9358094214.18,10,10,10.1,10,2,False,,pending
record:269aa3a2c3052973b81a8b1f,-1,,,,0,True,,pending
doi:10.4018/978-1-6684-7832-5.ch006,2,2,2.1,2,2,False,,pending
doi:10.4324/9781003571575-22,25,25,,25,1,False,,pending
doi:10.1177/17411432261481632,2,2,2.1,2,2,False,,pending
doi:10.4018/979-8-3373-6960-0.ch002,-1,,,,0,True,,pending
doi:10.1007/978-3-031-47616-7_3,2,2,2.1,2,2,False,,pending
doi:10.5195/ie.2024.444,2,2,2.1,2,2,False,,pending
doi:10.1080/13603124.2026.2665491,4,4,4.0,4,2,False,,pending
doi:10.63208/21011-696,16,16,16.0,16,2,False,,pending
doi:10.1007/978-3-030-99097-8_120,27,27,,27,1,False,,pending
record:03171f09a1d89384f56d1dc2,-1,,,,0,True,,pending
doi:10.1108/ijem-10-2024-0668,-1,,,,0,True,,pending
doi:10.1177/1741143219894118,2,2,,2,1,False,,pending
doi:10.2478/mdke-2023-0015,4,4,,4,1,False,,pending
doi:10.5038/2577-509x.5.1.1027,-1,,,,0,True,,pending
doi:10.1080/13632434.2020.1811479,3,3,,3,1,False,,pending
doi:10.1108/jpcc-05-2020-0017,3,3,3.2,3,2,False,,pending
doi:10.1080/13632434.2023.2246856,16,16,16.0,16,2,False,,pending
doi:10.36851/jtlps.v8i2.2269,-1,,,,0,True,,pending
doi:10.54783/endless.v4i2.173,3,3,3.2,3,2,False,,pending
doi:10.3389/feduc.2021.637075,3,3,3.2,3,2,False,,pending
doi:10.1080/00098655.2021.1894083,-1,,,,0,True,,pending
doi:10.1007/s41042-020-00045-5,7,7,7.1,7,2,False,,pending
doi:10.4135/9781071872741,12,12,,12,1,False,,pending
doi:10.5040/9781350128323.ch-007,12,12,,12,1,False,,pending
record:5836ad8f43c50d545759ffd7,12,12,,12,1,False,,pending
doi:10.1080/13632434.2023.2287806,-1,,,,0,True,,pending
doi:10.4324/9781138609877-ree128-0,-1,,,,0,True,,pending
doi:10.1177/1741143220987841,3,3,3.2,3,2,False,,pending
doi:10.2991/assehr.k.201204.085,12,12,12.1,12,2,False,,pending
doi:10.1108/jea-04-2021-0091,-1,,,,0,True,,pending
doi:10.33422/3rd.ictle.2021.02.116,12,12,12.1,12,2,False,,pending
doi:10.1093/acrefore/9780190264093.013.614,1,1,,1,1,False,,pending
doi:10.1080/13603116.2020.1752825,4,4,4.1,4,2,False,,pending
doi:10.1177/1741143220973668,-1,,,,0,True,,pending
doi:10.1007/s10671-023-09341-8,18,18,18.0,18,2,False,,pending
doi:10.59656/el-sb1829.001,-1,,,,0,True,,pending
doi:10.1007/978-3-031-50139-5_9,12,12,12.0,12,2,False,,pending
doi:10.1111/ejed.12397,3,3,,3,1,False,,pending
doi:10.53656/voc23-41scho,12,12,12.1,12,2,False,,pending
doi:10.46692/9781447374992.008,12,12,12.1,12,2,False,,pending
doi:10.1007/978-3-030-10576-1_300555,12,12,12.1,12,2,False,,pending
doi:10.1177/17411432211073414,-1,,,,0,True,,pending
doi:10.4324/9781003098584,-1,,,,0,True,,pending
doi:10.4236/jss.2021.91009,-1,,,,0,True,,pending
doi:10.1163/9789004431263,-1,,,,0,True,,pending
doi:10.1108/978-1-64802-575-4,-1,,,,0,True,,pending
doi:10.5539/jsd.v13n5p15,18,18,18.0,18,2,False,,pending
doi:10.1007/978-3-030-39666-4_109-1,12,12,,12,1,False,,pending
doi:10.1177/1741143220935456,-1,,,,0,True,,pending
doi:10.1177/1741143220983063,-1,,,,0,True,,pending
doi:10.1002/pits.22788,7,7,7.0,7,2,False,,pending
doi:10.4324/9781003033257,-1,,,,0,True,,pending
record:71e51e07c0ae79898ed275a1,12,12,12.1,12,2,False,,pending
doi:10.1177/17411432221118662,-1,,,,0,True,,pending
doi:10.1108/978-1-83753-908-620231003,-1,,,,0,True,,pending
doi:10.1093/acrefore/9780190264093.013.633,-1,,,,0,True,,pending
doi:10.1016/b978-0-12-818630-5.05024-7,12,12,12.1,12,2,False,,pending
doi:10.1017/aee.2022.8,18,18,,18,1,False,,pending
doi:10.32674/jsard.v7i2.3838,3,3,3.2,3,2,False,,pending
doi:10.4324/9781003104698,17,17,17.0,17,2,False,,pending
doi:10.1108/jea-02-2020-0045,12,12,,12,1,False,,pending
doi:10.4324/9781003121367-15,10,10,10.1,10,2,False,,pending
doi:10.1108/9781837974108,12,12,12.0,12,2,False,,pending
doi:10.1177/0013161x221107628,-1,,,,0,True,,pending
doi:10.1007/978-981-99-4989-2_4,12,12,,12,1,False,,pending
doi:10.5771/9781475868579,12,12,12.1,12,2,False,,pending
doi:10.3726/b22045,-1,,,,0,True,,pending
doi:10.1080/15700763.2020.1866020,7,7,7.0,7,2,False,,pending
doi:10.1108/ijem-11-2024-0703,0,0,0.2,0,2,False,,pending
doi:10.1108/978-1-64113-930-420251026,4,4,4.0,4,2,False,,pending
doi:10.69685/ekxt2819,23,23,23.1,23,2,False,,pending
doi:10.1108/jea-08-2022-0115,-1,,,,0,True,,pending
doi:10.1108/978-1-64802-221-020251009,18,18,,18,1,False,,pending
doi:10.1108/979-8-88730-115-020251010,-1,,,,0,True,,pending
doi:10.5281/zenodo.17760293,16,16,16.0,16,2,False,,pending
doi:10.5040/9798881835699.ch2,12,12,12.0,12,2,False,,pending
doi:10.5040/9798881826468,12,12,,12,1,False,,pending
doi:10.4324/9781003350460,-1,,,,0,True,,pending
doi:10.4324/9781003033257-5,-1,,,,0,True,,pending
doi:10.5771/9781475870459,12,12,12.0,12,2,False,,pending
doi:10.2991/assehr.k.210716.100,12,12,,12,1,False,,pending
doi:10.1007/978-3-030-99834-9_4,12,12,,12,1,False,,pending
doi:10.4324/9781003456278-17,-1,,,,0,True,,pending
doi:10.5040/9781350172036.0019,-1,,,,0,True,,pending
doi:10.4324/9781003155591-8,3,3,3.2,3,2,False,,pending
doi:10.4018/979-8-3373-9420-6.ch004,-1,,,,0,True,,pending
doi:10.54676/gzjk5615,-1,,,,0,True,,pending
doi:10.4324/9781032681412-9,12,12,12.1,12,2,False,,pending
doi:10.4324/9781003517122,12,12,,12,1,False,,pending
doi:10.61071/rpd.2531,16,16,16.0,16,2,False,,pending
doi:10.1007/978-3-031-55688-3_8,-1,,,,0,True,,pending
doi:10.2478/jles-2023-0002,17,17,17.0,17,2,False,,pending
doi:10.4324/9781003139935-11,12,12,12.0,12,2,False,,pending
record:6449a299af357eb4ee8dcd06,-1,,,,0,True,,pending
doi:10.15452/psyx.2021.12.0009,2,2,2.1,2,2,False,,pending
doi:10.1080/19415257.2020.1787207,27,27,,27,1,False,,pending
doi:10.1007/978-3-030-14625-2_66,-1,,,,0,True,,pending
doi:10.2991/assehr.k.201204.038,12,12,12.0,12,2,False,,pending
doi:10.1007/978-981-16-8213-1_9,-1,,,,0,True,,pending
doi:10.3390/educsci14010070,12,12,12.1,12,2,False,,pending
doi:10.1108/978-1-64802-221-0,12,12,,12,1,False,,pending
doi:10.4324/9781003115489-16,-1,,,,0,True,,pending
doi:10.1007/s11125-022-09625-6,-1,,,,0,True,,pending
doi:10.1177/20965311231224083,0,0,0.2,0,2,False,,pending
doi:10.1080/13632434.2020.1859999,-1,,,,0,True,,pending
doi:10.1080/15700763.2020.1777436,9,9,9.0,9,2,False,,pending
doi:10.1007/s11125-023-09648-7,-1,,,,0,True,,pending
doi:10.1111/ejed.12391,-1,,,,0,True,,pending
doi:10.30828/real.1159040,10,10,10.1,10,2,False,,pending
doi:10.1007/978-981-19-0324-3_14,20,20,20.1,20,2,False,,pending
doi:10.1093/acrefore/9780190264093.013.716,2,2,2.1,2,2,False,,pending
doi:10.1007/978-3-031-23759-1,12,12,12.0,12,2,False,,pending
doi:10.1080/03055698.2021.1894549,7,7,7.1,7,2,False,,pending
doi:10.3390/soc13060133,-1,,,,0,True,,pending
doi:10.4324/9780429197154,-1,,,,0,True,,pending
doi:10.30954/2231-458x.01.2022.6,12,12,12.0,12,2,False,,pending
doi:10.7202/1092704ar,3,3,3.1,3,2,False,,pending
doi:10.1108/ijem-06-2021-0251,0,0,,0,1,False,,pending
doi:10.52690/jswse.v1i1.8,7,7,7.1,7,2,False,,pending
doi:10.4324/9781003497776,12,12,12.0,12,2,False,,pending
doi:10.4324/9781003268055-9,-1,,,,0,True,,pending
doi:10.1016/j.jdeveco.2025.103545,-1,,,,0,True,,pending
doi:10.4018/979-8-3373-6007-2.ch006,16,16,,16,1,False,,pending
doi:10.1177/17411432251325099,3,3,3.2,3,2,False,,pending
doi:10.4135/9781071801871,12,12,,12,1,False,,pending
doi:10.30820/0341-7301-2022-2-201,4,4,4.0,4,2,False,,pending
doi:10.1177/17411432231218129,25,25,,25,1,False,,pending
doi:10.1007/978-3-030-59533-3_25-1,-1,,,,0,True,,pending
doi:10.1108/jea-11-2021-0213,-1,,,,0,True,,pending
doi:10.2478/joim-2021-0066,-1,,,,0,True,,pending
doi:10.4324/9781032629292-2,12,12,12.0,12,2,False,,pending
doi:10.1080/13603124.2020.1818289,-1,,,,0,True,,pending
doi:10.4324/9781003121367-13,-1,,,,0,True,,pending
doi:10.3898/forum.2026.68.2.08,-1,,,,0,True,,pending
doi:10.1108/978-1-64802-374-320251005,-1,,,,0,True,,pending
doi:10.4324/9781003033257-3,-1,,,,0,True,,pending
doi:10.3102/2272587,4,4,4.0,4,2,False,,pending
doi:10.2991/assehr.k.211110.068,0,0,0.2,0,2,False,,pending
doi:10.1007/s11192-020-03360-5,-1,,,,0,True,,pending
record:1d6ded7e9fb5aa5bcadf4c43,-1,,,,0,True,,pending
doi:10.4324/9781003523215-13,-1,,,,0,True,,pending
doi:10.1163/9789004720244_039,12,12,,12,1,False,,pending
doi:10.4135/9781071872970.n4,12,12,12.1,12,2,False,,pending
doi:10.4324/9781003350460-4,-1,,,,0,True,,pending
record:de7c67b70150ca85745495f3,-1,,,,0,True,,pending
doi:10.5040/9798216411673.ch-001,3,3,3.2,3,2,False,,pending
doi:10.1177/1555458920973695,3,3,3.2,3,2,False,,pending
record:3664a5f80802a6c4fe3ae05d,20,20,,20,1,False,,pending
doi:10.4324/9781003506829,-1,,,,0,True,,pending
doi:10.5040/9798216424475.ch-7,12,12,12.0,12,2,False,,pending
record:bd7fb4d9b53fd60560817390,18,18,18.0,18,2,False,,pending
record:7d96cf12343f338be77627c0,12,12,12.1,12,2,False,,pending
doi:10.4324/9781003098584-1,-1,,,,0,True,,pending
doi:10.1177/10526846261454027,12,12,12.1,12,2,False,,pending
doi:10.5040/9798881826468.ch9,12,12,12.1,12,2,False,,pending
doi:10.4324/9780429295935-10,0,0,,0,1,False,,pending
doi:10.1007/978-981-16-8679-5_456,27,27,,27,1,False,,pending
doi:10.4324/9781003677826,20,20,20.1,20,2,False,,pending
doi:10.4324/9781032657745-4,12,12,12.1,12,2,False,,pending
doi:10.1007/978-3-032-01094-0,19,19,19.1,19,2,False,,pending
doi:10.56238/sevened2024.026-036,-1,,,,0,True,,pending
doi:10.3102/1588269,-1,,,,0,True,,pending
record:cb350ff9891a3bab353339eb,-1,,,,0,True,,pending
doi:10.61838/japes.182,12,12,12.1,12,2,False,,pending
doi:10.4324/9781003467038,12,12,12.1,12,2,False,,pending
doi:10.1108/978-1-64802-386-620251008,-1,,,,0,True,,pending
doi:10.4324/9781003350460-2,-1,,,,0,True,,pending
record:19bf32fa1c93a22fd420561d,-1,,,,0,True,,pending
doi:10.5040/9798881819316_ch2,4,4,4.0,4,2,False,,pending
doi:10.5040/9798881819996.ch-006,-1,,,,0,True,,pending
doi:10.4324/9781003609100,12,12,12.1,12,2,False,,pending
doi:10.1007/978-981-287-532-7_711-1,-1,,,,0,True,,pending
doi:10.4324/9781003121367-14,-1,,,,0,True,,pending
doi:10.12968/sece.2020.1.14,-1,,,,0,True,,pending
doi:10.1108/978-1-64802-575-420251007,4,4,4.0,4,2,False,,pending
doi:10.4324/9781003033257-1,12,12,,12,1,False,,pending
doi:10.4324/9780429260612,-1,,,,0,True,,pending
doi:10.32674/jsard.v5is2.2834,3,3,,3,1,False,,pending
record:a0bad640b2fa5adf48494b66,-1,,,,0,True,,pending
doi:10.4324/9781003262701-5,22,22,22.0,22,2,False,,pending
doi:10.4324/9781003121367-7,-1,,,,0,True,,pending
doi:10.26203/w6hs-7p71,13,13,,13,1,False,,pending
doi:10.1108/jea-08-2023-0190,7,7,7.1,7,2,False,,pending
doi:10.1080/00220620.2025.2542829,-1,,,,0,True,,pending
doi:10.3389/feduc.2026.1828426,0,0,0.2,0,2,False,,pending
doi:10.1080/13632434.2023.2252451,3,3,3.2,3,2,False,,pending
doi:10.1177/17411432211034675,12,12,12.1,12,2,False,,pending
doi:10.1080/13603124.2020.1744734,-1,,,,0,True,,pending
doi:10.1080/00220620.2025.2554738,10,10,10.0,10,2,False,,pending
doi:10.1007/s13384-023-00637-5,-1,,,,0,True,,pending
doi:10.4018/979-8-3693-0880-6.ch013,0,0,0.2,0,2,False,,pending
doi:10.7249/rr2575.5-1,7,7,7.1,7,2,False,,pending
doi:10.1111/ejed.12392,-1,,,,0,True,,pending
doi:10.1007/s12564-022-09754-9,7,7,7.1,7,2,False,,pending
doi:10.4324/9781003269472,0,0,0.2,0,2,False,,pending
doi:10.47806/ijesacademic.1234260,-1,,,,0,True,,pending
doi:10.1177/00178969231180472,-1,,,,0,True,,pending
record:a035c3fd2765387ae78dc6a3,-1,,,,0,True,,pending
doi:10.4324/9781032629292-4,4,4,4.0,4,2,False,,pending
doi:10.1177/1741143220910438,7,7,7.0,7,2,False,,pending
doi:10.1177/0013124519896833,4,4,,4,1,False,,pending
doi:10.3726/b22138.015,12,12,12.0,12,2,False,,pending
doi:10.1093/acrefore/9780190264093.013.720,-1,,,,0,True,,pending
doi:10.1007/978-3-030-99834-9,12,12,12.0,12,2,False,,pending
doi:10.57125/fed.2023.06.25.10,0,0,0.2,0,2,False,,pending
doi:10.1177/19427751221087731,4,4,4.0,4,2,False,,pending
doi:10.19080/asm.2024.10.555787,12,12,12.1,12,2,False,,pending
doi:10.1080/0305764x.2022.2103099,20,20,20.0,20,2,False,,pending
doi:10.4324/9781003015901-2,12,12,12.1,12,2,False,,pending
doi:10.1080/15700763.2020.1833938,-1,,,,0,True,,pending
doi:10.37517/978-1-74286-637-6,17,17,17.0,17,2,False,,pending
doi:10.1108/tlo-05-2020-0093,12,12,,12,1,False,,pending
doi:10.1093/acrefore/9780190264093.013.660,-1,,,,0,True,,pending
doi:10.1007/978-981-15-7333-0_5,12,12,12.0,12,2,False,,pending
doi:10.4324/9781003015901,12,12,12.1,12,2,False,,pending
doi:10.1080/15700763.2021.2017466,-1,,,,0,True,,pending
doi:10.54676/rboq8547,-1,,,,0,True,,pending
doi:10.1016/j.caeo.2026.100404,0,0,0.2,0,2,False,,pending
doi:10.4018/979-8-3693-4342-5,-1,,,,0,True,,pending
doi:10.1108/978-1-83797-410-820241001,12,12,12.0,12,2,False,,pending
doi:10.4324/9781003332237-4,27,27,,27,1,False,,pending
doi:10.1007/s11256-020-00557-z,12,12,12.0,12,2,False,,pending
doi:10.1596/41472,-1,,,,0,True,,pending
doi:10.3389/fpsyg.2023.1159382,20,20,20.1,20,2,False,,pending
doi:10.3389/feduc.2025.1561414,16,16,16.0,16,2,False,,pending
doi:10.26803/ijlter.19.5.5,-1,,,,0,True,,pending
doi:10.1016/b978-0-12-818630-5.05068-5,-1,,,,0,True,,pending
doi:10.4324/9781003350460-18,-1,,,,0,True,,pending
doi:10.3102/2106644,7,7,7.0,7,2,False,,pending
doi:10.4324/9781003558088-7,-1,,,,0,True,,pending
doi:10.1017/9781009448635.004,-1,,,,0,True,,pending
doi:10.1007/978-3-032-01094-0_12,19,19,,19,1,False,,pending
doi:10.4324/9781003015901-9,-1,,,,0,True,,pending
doi:10.7274/33081083.v1,-1,,,,0,True,,pending
doi:10.4135/9781071872741.n5,12,12,,12,1,False,,pending
doi:10.36315/2022v2end103,3,3,,3,1,False,,pending
doi:10.1007/978-3-031-23759-1_1,12,12,12.0,12,2,False,,pending
doi:10.21474/ijar01/21601,-1,,,,0,True,,pending
doi:10.1093/acrefore/9780190264093.013.723,-1,,,,0,True,,pending
doi:10.4324/9781003426110-9,12,12,12.0,12,2,False,,pending
doi:10.1108/978-1-83608-116-620251002,-1,,,,0,True,,pending
record:a9fa39db5ce0271133c7257e,-1,,,,0,True,,pending
doi:10.5771/9781475865400-15,-1,,,,0,True,,pending
record:97a0ab5c8747105297be6c9a,12,12,12.0,12,2,False,,pending
doi:10.4324/9781003121367-3,-1,,,,0,True,,pending
doi:10.12681/....33302,0,0,,0,1,False,,pending
doi:10.4324/9781003779193-4,12,12,,12,1,False,,pending
doi:10.36347/sjahss.2026.v14i03.006,-1,,,,0,True,,pending
doi:10.4324/9781003350460-5,-1,,,,0,True,,pending
doi:10.36713/epra26457,7,7,7.1,7,2,False,,pending
doi:10.4324/9781003184393,12,12,12.0,12,2,False,,pending
doi:10.18535/ijsrm/v11i12.el01,1,1,1.0,1,2,False,,pending
record:4f83b55c895390715054119c,-1,,,,0,True,,pending
doi:10.4018/978-1-6684-4215-9.ch015,-1,,,,0,True,,pending
doi:10.1142/9789811247750_0005,7,7,7.1,7,2,False,,pending
doi:10.26170/kso-2020-150,10,10,10.1,10,2,False,,pending
doi:10.1163/9789004764880,20,20,20.0,20,2,False,,pending
doi:10.48548/pubdata-3999,17,17,17.0,17,2,False,,pending
doi:10.3102/2011776,17,17,17.0,17,2,False,,pending
record:278df6386dfe20ecc262b025,12,12,12.0,12,2,False,,pending
doi:10.4324/9781003543008-38,3,3,3.2,3,2,False,,pending
doi:10.55248/gengpi.06.1225.4250,7,7,7.1,7,2,False,,pending
doi:10.4324/9781003724223-4,-1,,,,0,True,,pending
doi:10.4324/9781003622277,-1,,,,0,True,,pending
doi:10.1177/17411432231166515,3,3,3.2,3,2,False,,pending
doi:10.5539/ies.v14n5p31,-1,,,,0,True,,pending
doi:10.4324/9780429021770-5,-1,,,,0,True,,pending
record:94968251b4b400e41e2d4e86,16,16,16.0,16,2,False,,pending
doi:10.4018/978-1-6684-7818-9.ch019,18,18,18.0,18,2,False,,pending
doi:10.5281/zenodo.7728596,12,12,,12,1,False,,pending
doi:10.2307/jj.32726821.11,12,12,12.0,12,2,False,,pending
doi:10.4135/9781071852637.n5,-1,,,,0,True,,pending
doi:10.1108/978-1-83797-496-2,12,12,12.0,12,2,False,,pending
doi:10.1007/978-981-16-9982-5_13,-1,,,,0,True,,pending
doi:10.18820/9781991201157/05,-1,,,,0,True,,pending
doi:10.4324/9780429464553-1,-1,,,,0,True,,pending
doi:10.1177/17411432251393782,-1,,,,0,True,,pending
doi:10.26220/une.3375,-1,,,,0,True,,pending
doi:10.1007/978-3-030-54750-9,23,23,23.1,23,2,False,,pending
doi:10.4324/9781003268055-5,-1,,,,0,True,,pending
doi:10.4324/9781003724223,12,12,,12,1,False,,pending
doi:10.1111/1471-3802.12515,4,4,,4,1,False,,pending
doi:10.1155/2021/8855927,-1,,,,0,True,,pending
doi:10.1163/9789004461871_005,-1,,,,0,True,,pending
doi:10.1080/15700763.2020.1843061,-1,,,,0,True,,pending
doi:10.1177/1741143220905036,-1,,,,0,True,,pending
record:3ed84dba328ccaf8f28eb9ea,12,12,12.0,12,2,False,,pending
doi:10.1080/13603124.2022.2076287,-1,,,,0,True,,pending
doi:10.1177/10634266221148974,-1,,,,0,True,,pending
doi:10.4324/9781003572572-9,4,4,,4,1,False,,pending
doi:10.1080/13603124.2024.2392568,3,3,3.2,3,2,False,,pending
doi:10.1177/01926365221117487,-1,,,,0,True,,pending
doi:10.1111/ejed.12484,-1,,,,0,True,,pending
doi:10.14689/issn.2148-2624.1.8c.3s.3m,-1,,,,0,True,,pending
doi:10.1111/ejed.12394,12,12,12.0,12,2,False,,pending
doi:10.36828/newvistas.98,3,3,3.2,3,2,False,,pending
doi:10.55668/jae0011,-1,,,,0,True,,pending
doi:10.24018/ejedu.2024.5.2.817,0,0,0.2,0,2,False,,pending
doi:10.1177/08920206241251404,9,9,,9,1,False,,pending
doi:10.3390/educsci13121189,-1,,,,0,True,,pending
doi:10.7202/1111523ar,-1,,,,0,True,,pending
doi:10.1177/17411432231186129,3,3,3.2,3,2,False,,pending
doi:10.11591/ijere.v12i1.23549,7,7,7.1,7,2,False,,pending
doi:10.3390/educsci15091173,-1,,,,0,True,,pending
doi:10.4324/9781003121367,-1,,,,0,True,,pending
doi:10.1163/9789004431263_001,-1,,,,0,True,,pending
doi:10.36902/sjesr-vol3-iss2-2020(42-49,7,7,7.1,7,2,False,,pending
doi:10.53555/kuey.v30i6.3228,-1,,,,0,True,,pending
doi:10.30918/aerj.103.22.049,-1,,,,0,True,,pending
doi:10.1080/13632434.2024.2421526,12,12,,12,1,False,,pending
doi:10.1007/978-3-031-62735-4_1,12,12,,12,1,False,,pending
doi:10.1080/13632434.2025.2454157,12,12,12.1,12,2,False,,pending
doi:10.1080/13632434.2019.1709166,-1,,,,0,True,,pending
doi:10.31763/ijele.v6i3.1814,-1,,,,0,True,,pending
doi:10.1007/978-3-031-37604-7_13,-1,,,,0,True,,pending
doi:10.1007/s10639-024-12909-3,0,0,0.2,0,2,False,,pending
doi:10.4018/978-1-7998-7947-3.ch014,-1,,,,0,True,,pending
doi:10.1155/2021/8568889,-1,,,,0,True,,pending
doi:10.2139/ssrn.4331493,-1,,,,0,True,,pending
doi:10.59041/eyor.1340690,-1,,,,0,True,,pending
doi:10.3390/educsci12090597,-1,,,,0,True,,pending
doi:10.1080/13603124.2021.2006791,-1,,,,0,True,,pending
doi:10.55533/2643-9662.1367,10,10,10.1,10,2,False,,pending
doi:10.1080/0161956x.2020.1800176,-1,,,,0,True,,pending
doi:10.46244/visipena.v16i1.3165,7,7,7.1,7,2,False,,pending
doi:10.69569/jip.2025.103,4,4,4.0,4,2,False,,pending
doi:10.1177/15554589241288896,4,4,,4,1,False,,pending
doi:10.1177/15554589241245619,3,3,3.2,3,2,False,,pending
doi:10.52305/kpyb4310,12,12,,12,1,False,,pending
doi:10.29173/ijll11,-1,,,,0,True,,pending
doi:10.55236/tuara.1353616,7,7,7.0,7,2,False,,pending
doi:10.54676/wnpg4637,-1,,,,0,True,,pending
doi:10.1080/13603124.2021.1953612,-1,,,,0,True,,pending
doi:10.5281/zenodo.6801094,4,4,4.0,4,2,False,,pending
doi:10.1080/2331186x.2024.2353470,7,7,7.1,7,2,False,,pending
doi:10.1177/0892020621999676,10,10,10.1,10,2,False,,pending
doi:10.30970/vpe.2022.36.11499,-1,,,,0,True,,pending
doi:10.1108/ijmce-04-2024-0045,7,7,7.1,7,2,False,,pending
doi:10.1080/13632434.2025.2595863,-1,,,,0,True,,pending
doi:10.32674/jsard.v9i1.5245,12,12,,12,1,False,,pending
doi:10.1007/978-3-031-51575-0,0,0,0.2,0,2,False,,pending
doi:10.1016/b978-0-12-818630-5.05063-6,10,10,10.1,10,2,False,,pending
doi:10.1177/17411432221077157,-1,,,,0,True,,pending
doi:10.54097/ijeh.v8i1.6875,7,7,7.0,7,2,False,,pending
record:1a320fdb32c0934bc2115a32,3,3,3.2,3,2,False,,pending
doi:10.4324/9781032686097-1,12,12,12.0,12,2,False,,pending
doi:10.24135/ethnographic-edge.v5i2.253,-1,,,,0,True,,pending
doi:10.24191/ajue.v16i1.8987,25,25,,25,1,False,,pending
doi:10.56741/ijlree.v3i01.488,7,7,7.1,7,2,False,,pending
doi:10.30828/real/2021.3.6,-1,,,,0,True,,pending
record:c8ac7ce9df38f4d01c281c04,-1,,,,0,True,,pending
record:d2d4ede0062c4d84cde7d0b3,-1,,,,0,True,,pending
doi:10.59656/el-sb7269.001,-1,,,,0,True,,pending
record:c90cac98f0f57ac3c6ebe720,10,10,10.1,10,2,False,,pending
doi:10.1007/978-981-19-4945-6_8,12,12,12.0,12,2,False,,pending
doi:10.4324/9781003352013-3,-1,,,,0,True,,pending
record:3f28910dd0487a748e5e3d0b,13,13,13.1,13,2,False,,pending
doi:10.52690/jswse.v2i1.134,7,7,7.1,7,2,False,,pending
record:d3cf5133db8cf41f02a58b8b,-1,,,,0,True,,pending
doi:10.1108/978-1-80071-817-320211011,12,12,12.1,12,2,False,,pending
doi:10.1080/1475939x.2020.1857826,3,3,3.0,3,2,False,,pending
doi:10.1007/978-3-030-54750-9_12,-1,,,,0,True,,pending
doi:10.54676/ebnn9774,-1,,,,0,True,,pending
doi:10.3102/ip.25.2197129,12,12,12.0,12,2,False,,pending
doi:10.4324/9781003724223-15,-1,,,,0,True,,pending
doi:10.55221/1932-7846.1348,12,12,12.1,12,2,False,,pending
doi:10.1007/978-3-031-67055-8_2,2,2,2.1,2,2,False,,pending
doi:10.1177/0192636520949682,7,7,7.1,7,2,False,,pending
doi:10.4324/9781003098584-5,-1,,,,0,True,,pending
doi:10.4324/9781003779193-6,-1,,,,0,True,,pending
doi:10.1177/21582440211006136,12,12,,12,1,False,,pending
doi:10.1007/978-3-030-39666-4_1-1,-1,,,,0,True,,pending
doi:10.54254/2753-7064/46/20242248,3,3,3.2,3,2,False,,pending
doi:10.1080/01596306.2020.1838446,-1,,,,0,True,,pending
doi:10.3102/1570962,-1,,,,0,True,,pending
doi:10.4018/979-8-3373-4002-9,10,10,10.1,10,2,False,,pending
doi:10.47191/ijsshr/v5-i3-40,-1,,,,0,True,,pending
doi:10.1108/jpcc-01-2023-0002,-1,,,,0,True,,pending
doi:10.36315/2024eadix34,10,10,10.1,10,2,False,,pending
doi:10.26182/5ef5758c7a27b,-1,,,,0,True,,pending
doi:10.1108/978-1-64802-714-720251007,0,0,,0,1,False,,pending
doi:10.20901/pp.14.2.03,-1,,,,0,True,,pending
doi:10.1007/978-3-032-21948-0_42,18,18,,18,1,False,,pending
doi:10.4018/978-1-6684-2334-9.ch008,3,3,3.2,3,2,False,,pending
record:cd5cbb247ad9cf7d975783c1,-1,,,,0,True,,pending
doi:10.1007/978-981-99-7367-5_14,12,12,12.0,12,2,False,,pending
doi:10.4324/9781003779193-3,-1,,,,0,True,,pending
doi:10.3102/ip.22.1893437,12,12,,12,1,False,,pending
doi:10.51952/9781529248692.ch011,0,0,,0,1,False,,pending
doi:10.3102/ip.24.2102244,-1,,,,0,True,,pending
doi:10.7577/hrer.5517,-1,,,,0,True,,pending
doi:10.1080/15700763.2024.2408311,-1,,,,0,True,,pending
doi:10.5040/9781350382961.ch-7,12,12,12.0,12,2,False,,pending
record:f751d27a13f4251bd5994321,-1,,,,0,True,,pending
doi:10.24250/jpe/2/2025/njka/,-1,,,,0,True,,pending
doi:10.1007/978-3-030-14625-2_97,-1,,,,0,True,,pending
doi:10.5771/9781475872934-111,-1,,,,0,True,,pending
doi:10.1007/978-3-032-01094-0_1,19,19,19.1,19,2,False,,pending
doi:10.1080/02188791.2024.2397040,7,7,7.1,7,2,False,,pending
doi:10.69569/jip.2025.665,7,7,7.1,7,2,False,,pending
doi:10.1080/02680939.2026.2626718,-1,,,,0,True,,pending
doi:10.7202/1079432ar,-1,,,,0,True,,pending
doi:10.32674/jsard.v9i1.5598,3,3,3.2,3,2,False,,pending
doi:10.35631/ijepc.955050,-1,,,,0,True,,pending
doi:10.5281/zenodo.6982443,-1,,,,0,True,,pending
doi:10.4018/979-8-2600-0388-6.ch006,0,0,0.2,0,2,False,,pending
doi:10.5040/9781350337305.0008,-1,,,,0,True,,pending
doi:10.51952/9781529248692,-1,,,,0,True,,pending
doi:10.22230/ijepl.2021v17n12a1143,27,27,,27,1,False,,pending
doi:10.1108/979-8-88730-100-620251006,-1,,,,0,True,,pending
doi:10.1108/978-1-83708-982-6,12,12,12.0,12,2,False,,pending
doi:10.1108/979-8-88730-307-920251003,2,2,2.1,2,2,False,,pending
doi:10.4324/9781003121367-6,-1,,,,0,True,,pending
doi:10.25073/2588-1159/vnuer.4802,-1,,,,0,True,,pending
doi:10.1093/acrefore/9780190264093.013.1343,10,10,10.1,10,2,False,,pending
doi:10.4324/9781032657745-3,12,12,12.1,12,2,False,,pending
doi:10.15700/saje.v40n2a1755,9,9,,9,1,False,,pending
doi:10.24235/jiem.v4i2.7441,-1,,,,0,True,,pending
doi:10.1080/13603124.2023.2237939,0,0,0.2,0,2,False,,pending
doi:10.36347/sjahss.2021.v09i09.009,3,3,3.1,3,2,False,,pending
record:2925edac7963dea3b13e7d6c,18,18,,18,1,False,,pending
doi:10.1108/ijem-10-2024-0638,20,20,20.1,20,2,False,,pending
doi:10.3102/2334964,17,17,17.0,17,2,False,,pending
doi:10.5771/9781475859737-107,12,12,,12,1,False,,pending
doi:10.1177/17411432231177536,7,7,7.1,7,2,False,,pending
record:0d8d18b5133f8a1bca370138,12,12,12.1,12,2,False,,pending
doi:10.2991/assehr.k.210716.286,24,24,24.0,24,2,False,,pending
doi:10.4324/9781003139935-6,12,12,,12,1,False,,pending
doi:10.3102/2098419,-1,,,,0,True,,pending
doi:10.3102/1683034,-1,,,,0,True,,pending
doi:10.4324/9781003139935-1,12,12,12.0,12,2,False,,pending
doi:10.5281/zenodo.7233896,-1,,,,0,True,,pending
doi:10.4324/9781032621296-11,-1,,,,0,True,,pending
doi:10.56726/irjmets75390,-1,,,,0,True,,pending
doi:10.1108/he-09-2020-0080,-1,,,,0,True,,pending
doi:10.1177/0013161x231183662,-1,,,,0,True,,pending
doi:10.26203/ptsq-4k49,13,13,,13,1,False,,pending
doi:10.1080/15700763.2020.1836231,-1,,,,0,True,,pending
doi:10.1016/j.stueduc.2025.101476,7,7,7.1,7,2,False,,pending
doi:10.1108/jea-11-2024-0377,-1,,,,0,True,,pending
doi:10.1080/03055698.2021.2013777,-1,,,,0,True,,pending
doi:10.1037/amp0000649,4,4,4.1,4,2,False,,pending
doi:10.59765/fa59zan3,-1,,,,0,True,,pending
doi:10.2307/j.ctv1gbrzf4.4,-1,,,,0,True,,pending
doi:10.25236/ijnde.2023.051205,0,0,0.2,0,2,False,,pending
doi:10.1080/15244113.2022.2059270,12,12,12.0,12,2,False,,pending
doi:10.37134/mrj.vol14.2.8.2025,-1,,,,0,True,,pending
doi:10.1177/17411432231210364,12,12,12.1,12,2,False,,pending
doi:10.1080/0305764x.2021.1927987,20,20,20.1,20,2,False,,pending
doi:10.1108/jea-05-2021-0112,-1,,,,0,True,,pending
doi:10.31538/nzh.v6i3.4065,25,25,,25,1,False,,pending
doi:10.61987/jemr.v1i1.34,-1,,,,0,True,,pending
doi:10.1007/978-3-031-33195-4_5,-1,,,,0,True,,pending
doi:10.1080/02680939.2022.2156620,0,0,,0,1,False,,pending
doi:10.1016/b978-0-12-818630-5.05059-4,19,19,19.1,19,2,False,,pending
doi:10.3389/feduc.2024.1371664,-1,,,,0,True,,pending
doi:10.1007/978-3-030-62380-7_5,-1,,,,0,True,,pending
doi:10.1016/j.ijedudev.2023.102804,3,3,3.2,3,2,False,,pending
doi:10.1080/02671522.2025.2475496,-1,,,,0,True,,pending
doi:10.2991/assehr.k.210716.211,7,7,7.1,7,2,False,,pending
doi:10.3390/educsci15050579,12,12,12.0,12,2,False,,pending
doi:10.1108/ijem-09-2023-0432,-1,,,,0,True,,pending
doi:10.59298/inosrah/2023/2.4.4000,-1,,,,0,True,,pending
doi:10.54097/hezbzd26,20,20,20.1,20,2,False,,pending
doi:10.1177/17411432231155730,-1,,,,0,True,,pending
doi:10.1177/10526846211060089,3,3,3.2,3,2,False,,pending
doi:10.4324/9781003121367-2,-1,,,,0,True,,pending
record:eab76bb60852e78efbe8ce4d,27,27,,27,1,False,,pending
doi:10.3390/educsci13100968,-1,,,,0,True,,pending
doi:10.1007/978-3-030-74497-7_10,12,12,12.0,12,2,False,,pending
record:29b0a1f32d7b5676ab09874f,-1,,,,0,True,,pending
doi:10.4018/978-1-6684-5864-8.ch010,0,0,0.2,0,2,False,,pending
doi:10.1080/13603124.2023.2255583,-1,,,,0,True,,pending
doi:10.3390/educsci14060557,12,12,12.0,12,2,False,,pending
doi:10.1080/13632434.2026.2631919,17,17,,17,1,False,,pending
doi:10.1177/0013161x261441181,-1,,,,0,True,,pending
doi:10.38124/ijisrt/ijisrt24jul1758,13,13,,13,1,False,,pending
doi:10.1007/s12144-023-04886-6,12,12,12.1,12,2,False,,pending
doi:10.1007/978-3-031-33195-4_2,-1,,,,0,True,,pending
doi:10.3390/soc12060186,-1,,,,0,True,,pending
doi:10.1080/15700763.2023.2239894,-1,,,,0,True,,pending
doi:10.1007/978-3-030-35858-7_135,27,27,,27,1,False,,pending
doi:10.5296/jse.v11i4.18978,-1,,,,0,True,,pending
doi:10.29121/ijetmr.v6.i5.2019.387,-1,,,,0,True,,pending
doi:10.17760/d20439277,3,3,3.2,3,2,False,,pending
doi:10.1108/ijem-06-2025-0450,3,3,3.2,3,2,False,,pending
doi:10.1108/ijem-08-2020-0373,-1,,,,0,True,,pending
doi:10.5281/zenodo.6480197,-1,,,,0,True,,pending
doi:10.1080/00220620.2021.1906633,-1,,,,0,True,,pending
doi:10.70953/erpv48.21003,-1,,,,0,True,,pending
doi:10.17760/d20412908,-1,,,,0,True,,pending
doi:10.5281/zenodo.8087195,-1,,,,0,True,,pending
doi:10.1080/15700763.2020.1770806,-1,,,,0,True,,pending
doi:10.22190/futlte210102001o,-1,,,,0,True,,pending
doi:10.1016/j.econedurev.2025.102699,12,12,12.1,12,2,False,,pending
doi:10.18844/cjes.v17i2.6834,-1,,,,0,True,,pending
doi:10.1080/2331186x.2022.2109315,-1,,,,0,True,,pending
doi:10.3102/1886759,-1,,,,0,True,,pending
doi:10.54097/jeer.v6i1.14214,-1,,,,0,True,,pending
record:15f7be12d279a512682dcadf,-1,,,,0,True,,pending
doi:10.1080/02671522.2024.2394034,-1,,,,0,True,,pending
doi:10.3389/feduc.2025.1657742,-1,,,,0,True,,pending
doi:10.1177/0013161x211052510,4,4,4.1,4,2,False,,pending
doi:10.1108/978-1-83797-390-320241004,-1,,,,0,True,,pending
doi:10.1177/1741143219898479,-1,,,,0,True,,pending
doi:10.1177/17411432211050965,10,10,10.1,10,2,False,,pending
record:343afe855806823d5ac06d31,7,7,7.1,7,2,False,,pending
doi:10.3102/2015393,-1,,,,0,True,,pending
record:0996392d725537a04332517d,3,3,3.2,3,2,False,,pending
doi:10.59656/a-ao5116.001,12,12,,12,1,False,,pending
doi:10.20431/2349-0381.0901015,3,3,3.2,3,2,False,,pending
doi:10.36315/2026inpact075,-1,,,,0,True,,pending
doi:10.1108/978-1-64802-359-020251012,19,19,,19,1,False,,pending
doi:10.22541/au.177204246.64300710/v1,20,20,20.1,20,2,False,,pending
doi:10.69739/jelm.v3i2.2269,-1,,,,0,True,,pending
record:df2ade4e4b951c0f388c82a6,-1,,,,0,True,,pending
doi:10.47405/mjssh.v7i4.1400,-1,,,,0,True,,pending
doi:10.1016/b978-0-12-818630-5.05025-9,12,12,12.1,12,2,False,,pending
doi:10.21125/edulearn.2022.0727,0,0,,0,1,False,,pending
record:9f114c08588ba2364e40c573,3,3,3.2,3,2,False,,pending
doi:10.14749/32381106,-1,,,,0,True,,pending
doi:10.6007/ijarped/v13-i4/23807,7,7,7.1,7,2,False,,pending
doi:10.30828/real.1944828,-1,,,,0,True,,pending
doi:10.4324/9781003321439-6,3,3,3.2,3,2,False,,pending
doi:10.24042/tadris.v11i1.28890,-1,,,,0,True,,pending
record:647ed509f48c2d6af12af244,1,1,1.1,1,2,False,,pending
record:25b2175d444fbf73a6485dc5,0,0,0.2,0,2,False,,pending
doi:10.69670/mje.3.2.7,12,12,12.1,12,2,False,,pending
record:68d2cced08ecef4c7ae1c90c,12,12,12.1,12,2,False,,pending
doi:10.4324/9781003357384-14,-1,,,,0,True,,pending
doi:10.31014/aior.1993.04.02.205,-1,,,,0,True,,pending
doi:10.1007/978-3-032-05401-2_4,-1,,,,0,True,,pending
doi:10.5281/zenodo.8427493,10,10,10.1,10,2,False,,pending
doi:10.12681/dia.37790,-1,,,,0,True,,pending
doi:10.62672/telad.v4i2.140,16,16,16.0,16,2,False,,pending
doi:10.14749/30828044,-1,,,,0,True,,pending
doi:10.1177/0013161x261477438,-1,,,,0,True,,pending
doi:10.5281/zenodo.21345304,7,7,7.1,7,2,False,,pending
doi:10.4324/9781003399698-8,-1,,,,0,True,,pending
record:85530c7991bfa0cb2a7c537a,12,12,12.1,12,2,False,,pending
doi:10.4018/979-8-3693-6220-4,12,12,,12,1,False,,pending
doi:10.5281/zenodo.7892244,3,3,3.2,3,2,False,,pending
doi:10.1787/20e2135d-en,-1,,,,0,True,,pending
doi:10.59670/jns.v34i.1128,-1,,,,0,True,,pending
doi:10.1108/978-1-83797-496-220261029,-1,,,,0,True,,pending
doi:10.21125/iceri.2020.0918,4,4,4.0,4,2,False,,pending
doi:10.1177/10526846231208759,12,12,,12,1,False,,pending
doi:10.3102/2104877,-1,,,,0,True,,pending
doi:10.47438/2309-7078_2021_1_47,-1,,,,0,True,,pending
doi:10.3102/2283008,-1,,,,0,True,,pending
doi:10.1007/978-3-031-64002-5_13,12,12,12.0,12,2,False,,pending
doi:10.3389/feduc.2026.1820528,20,20,20.1,20,2,False,,pending
doi:10.13140/rg.2.2.12191.73129,12,12,12.1,12,2,False,,pending
doi:10.3389/feduc.2022.925510,10,10,10.0,10,2,False,,pending
doi:10.1177/1532673x251367386,1,1,1.2,1,2,False,,pending
doi:10.1080/19415257.2020.1770839,-1,,,,0,True,,pending
doi:10.1177/1741143219896072,9,9,9.1,9,2,False,,pending
doi:10.1016/j.heliyon.2021.e08443,3,3,3.2,3,2,False,,pending
doi:10.1108/ijem-12-2020-0564,9,9,,9,1,False,,pending
doi:10.1177/1741143220962098,17,17,17.0,17,2,False,,pending
doi:10.25233/ijlel.1001760,-1,,,,0,True,,pending
doi:10.4324/9780429032158-11,22,22,,22,1,False,,pending
doi:10.1093/acrefore/9780190264093.013.910,-1,,,,0,True,,pending
doi:10.1177/17411432221096238,9,9,9.1,9,2,False,,pending
doi:10.1177/0892020620932351,20,20,20.1,20,2,False,,pending
doi:10.23887/jisd.v6i2.45216,9,9,9.0,9,2,False,,pending
doi:10.14689/enad.25.15,-1,,,,0,True,,pending
doi:10.1080/13603124.2021.2014979,0,0,0.2,0,2,False,,pending
doi:10.33200/ijcer.657994,-1,,,,0,True,,pending
doi:10.4018/978-1-6684-4680-5.ch004,4,4,4.0,4,2,False,,pending
doi:10.1177/0013161x221132837,20,20,20.0,20,2,False,,pending
doi:10.1108/978-1-64802-832-820251008,9,9,,9,1,False,,pending
doi:10.5040/9798216402312.ch1,9,9,9.1,9,2,False,,pending
doi:10.52458/9789391842505.2022.ch10.eb.asu,26,26,,26,1,False,,pending
doi:10.4324/9781003183815,9,9,,9,1,False,,pending
doi:10.57709/1622596,20,20,20.1,20,2,False,,pending
doi:10.1108/ijem-11-2018-0350,-1,,,,0,True,,pending
doi:10.30918/aerj.82.20.042,-1,,,,0,True,,pending
doi:10.1177/0013161x221080374,-1,,,,0,True,,pending
doi:10.3102/00028312241266216,9,9,9.1,9,2,False,,pending
doi:10.1037/edu0000664,-1,,,,0,True,,pending
doi:10.24200/jonus.vol5iss1pp189-210,-1,,,,0,True,,pending
doi:10.1080/15700763.2020.1734208,-1,,,,0,True,,pending
record:d7df23a265da4b7ed5e7bf77,9,9,9.1,9,2,False,,pending
doi:10.1556/063.2024.00294,-1,,,,0,True,,pending
doi:10.1177/1741143220925090,25,25,,25,1,False,,pending
doi:10.4018/978-1-7998-2827-3.ch006,-1,,,,0,True,,pending
doi:10.1177/17411432211061439,-1,,,,0,True,,pending
doi:10.4324/9780429327902,9,9,,9,1,False,,pending
doi:10.33650/al-tanzim.v5i1.1805,3,3,3.0,3,2,False,,pending
doi:10.19265/kp.2020.2.15.269,9,9,,9,1,False,,pending
doi:10.1080/03055698.2022.2059343,-1,,,,0,True,,pending
doi:10.17509/ijposs.v5i2.29094,9,9,9.1,9,2,False,,pending
doi:10.4324/9781003633358,22,22,22.1,22,2,False,,pending
doi:10.14689/ejer.2021.93.10,-1,,,,0,True,,pending
doi:10.1093/oso/9788194831624.005.0008,9,9,9.1,9,2,False,,pending
doi:10.5507/magister.2017.76,9,9,9.1,9,2,False,,pending
doi:10.11591/ijere.v9i4.20658,-1,,,,0,True,,pending
doi:10.3102/2005417,9,9,,9,1,False,,pending
doi:10.4324/9781003098584-4,-1,,,,0,True,,pending
doi:10.54603/iss.167,-1,,,,0,True,,pending
doi:10.38089/ekuad.2021.81,17,17,17.0,17,2,False,,pending
doi:10.1093/acrefore/9780190625979.013.1057,9,9,9.0,9,2,False,,pending
doi:10.1177/1741143220901857,25,25,,25,1,False,,pending
record:cc8ebcbefa3a3555de09d31a,-1,,,,0,True,,pending
doi:10.17770/eid2023.2.7352,9,9,9.0,9,2,False,,pending
doi:10.1080/13504622.2022.2044017,18,18,18.0,18,2,False,,pending
doi:10.4324/9780429353581-13,20,20,20.0,20,2,False,,pending
doi:10.4102/sajip.v49i0.2050,-1,,,,0,True,,pending
doi:10.22555/joeed.v7i2.97,-1,,,,0,True,,pending
doi:10.1007/s13384-021-00486-0,0,0,0.2,0,2,False,,pending
doi:10.21666/muefd.786636,-1,,,,0,True,,pending
doi:10.1007/978-3-032-05401-2,9,9,9.1,9,2,False,,pending
doi:10.1177/1741143220949542,-1,,,,0,True,,pending
doi:10.63332/joph.v6i6.4220,9,9,9.1,9,2,False,,pending
doi:10.1080/2331186x.2023.2267934,9,9,,9,1,False,,pending
doi:10.61987/jemr.v3i1.347,24,24,24.0,24,2,False,,pending
doi:10.1177/17411432211073410,-1,,,,0,True,,pending
doi:10.38140/pie.v41i2.7067,22,22,,22,1,False,,pending
doi:10.1177/2158244020902081,7,7,7.1,7,2,False,,pending
doi:10.1177/08920206241269428,-1,,,,0,True,,pending
doi:10.2298/zipi2002275t,-1,,,,0,True,,pending
doi:10.1108/dlo-04-2021-0068,-1,,,,0,True,,pending
doi:10.1080/00220620.2020.1793739,-1,,,,0,True,,pending
doi:10.15390/eb.2020.8841,-1,,,,0,True,,pending
doi:10.4236/psych.2020.116054,9,9,9.1,9,2,False,,pending
doi:10.1108/978-1-83753-908-620231007,-1,,,,0,True,,pending
doi:10.52547/ijethics.3.1.15,-1,,,,0,True,,pending
doi:10.3102/1576424,9,9,9.1,9,2,False,,pending
doi:10.1108/ijem-02-2022-0076,3,3,3.2,3,2,False,,pending
record:aac26ea6e63abb317b7201e7,12,12,,12,1,False,,pending
record:9f7a310a720bd971d8f8e87e,9,9,9.1,9,2,False,,pending
record:ae33a6291401a06796696a65,-1,,,,0,True,,pending
doi:10.5281/zenodo.8017148,-1,,,,0,True,,pending
doi:10.70300/izda2509,-1,,,,0,True,,pending
record:92a0b286ad26ee9b7b4f1255,-1,,,,0,True,,pending
doi:10.17275/per.21.7.8.1,-1,,,,0,True,,pending
doi:10.53555/kuey.v30i6.9447,-1,,,,0,True,,pending
doi:10.5539/ies.v17n3p21,-1,,,,0,True,,pending
doi:10.5465/ambpp.2020.18370abstract,9,9,9.1,9,2,False,,pending
doi:10.1108/979-8-88730-020-7,9,9,9.0,9,2,False,,pending
record:343d47e0e43a81236c6374fe,-1,,,,0,True,,pending
doi:10.29228/asrjournal.68852,-1,,,,0,True,,pending
doi:10.1007/s40299-022-00682-1,-1,,,,0,True,,pending
record:b32946bce29c7c52e11ce860,7,7,7.1,7,2,False,,pending
doi:10.31004/basicedu.v6i3.2788,-1,,,,0,True,,pending
doi:10.1080/13632434.2022.2164267,3,3,3.2,3,2,False,,pending
doi:10.1108/jwl-12-2019-0146,-1,,,,0,True,,pending
record:11320771a211c01ebf9539a4,3,3,3.1,3,2,False,,pending
doi:10.1186/s40359-024-02330-3,-1,,,,0,True,,pending
doi:10.70177/ijen.v2i6.1745,4,4,4.1,4,2,False,,pending
doi:10.6007/ijarped/v10-i4/11690,-1,,,,0,True,,pending
record:1af253ded8ffc02d35153e25,-1,,,,0,True,,pending
doi:10.1007/s10984-021-09398-3,0,0,,0,1,False,,pending
doi:10.4324/9781003147145-12,-1,,,,0,True,,pending
doi:10.1108/ijem-01-2023-0001,-1,,,,0,True,,pending
doi:10.15345/iojes.2020.03.014,-1,,,,0,True,,pending
doi:10.52634/mier/2018/v8/i2/1398,9,9,,9,1,False,,pending
record:dfdd743658059604b692e315,-1,,,,0,True,,pending
doi:10.1108/he-10-2020-0094,-1,,,,0,True,,pending
doi:10.1108/ijem-04-2023-0208,17,17,17.0,17,2,False,,pending
doi:10.31014/aior.1993.04.02.273,9,9,,9,1,False,,pending
doi:10.1108/ijced-05-2023-0044,0,0,0.2,0,2,False,,pending
doi:10.7202/1108429ar,3,3,,3,1,False,,pending
doi:10.1080/13603124.2019.1708470,7,7,7.1,7,2,False,,pending
doi:10.36713/epra8867,11,11,11.1,11,2,False,,pending
doi:10.1080/15700763.2021.1904511,20,20,,20,1,False,,pending
doi:10.1177/0892020620959748,25,25,,25,1,False,,pending
doi:10.1016/j.ijedudev.2021.102399,-1,,,,0,True,,pending
doi:10.1108/jea-12-2020-0253,-1,,,,0,True,,pending
doi:10.24191/ajue.v17i3.14548,-1,,,,0,True,,pending
record:1e1e0bf261b71d59184a4cd5,9,9,9.0,9,2,False,,pending
doi:10.21527/2237-6453.2022.58.10727,23,23,23.1,23,2,False,,pending
doi:10.1177/17411432221090727,-1,,,,0,True,,pending
doi:10.1177/1741143220975764,9,9,,9,1,False,,pending
doi:10.3776/tpre.2020.v10n1p92-102,-1,,,,0,True,,pending
record:625388c7f89e9acd952ccf72,-1,,,,0,True,,pending
record:3cea9167425e703ac2c26926,-1,,,,0,True,,pending
doi:10.7275/hr4c-be46,-1,,,,0,True,,pending
doi:10.15869/itobiad.670655,7,7,7.1,7,2,False,,pending
doi:10.62885/edusci.v1i5.274,-1,,,,0,True,,pending
doi:10.67361/ajeli/225791,-1,,,,0,True,,pending
doi:10.4324/9780429327902-12,9,9,,9,1,False,,pending
doi:10.3102/2277723,-1,,,,0,True,,pending
doi:10.3390/su12041469,-1,,,,0,True,,pending
record:4992e90f13b9dabf072ea58c,-1,,,,0,True,,pending
doi:10.55777/rea.v19i38.9036,0,0,0.2,0,2,False,,pending
doi:10.3102/2181123,9,9,,9,1,False,,pending
doi:10.1007/s12144-022-03147-2,-1,,,,0,True,,pending
doi:10.35429/jaf.2023.26.10.14.25,3,3,3.1,3,2,False,,pending
doi:10.1177/26314541251377516,-1,,,,0,True,,pending
doi:10.5771/9781475866506-125,9,9,9.1,9,2,False,,pending
record:0553a6640760de2aaf82a123,-1,,,,0,True,,pending
doi:10.2307/jj.22679720.16,-1,,,,0,True,,pending
doi:10.11591/ijere.v10i2.21176,-1,,,,0,True,,pending
doi:10.1108/978-1-80686-359-420261002,3,3,,3,1,False,,pending
doi:10.31538/ndh.v8i3.4078,24,24,24.0,24,2,False,,pending
doi:10.47191/ijsshr/v6-i9-52,-1,,,,0,True,,pending
record:e39a7782df4355b7e06374ea,-1,,,,0,True,,pending
doi:10.37547/ijp/volume04issue03-11,5,5,5.1,5,2,False,,pending
record:692704077a55c350d8d7cbca,-1,,,,0,True,,pending
doi:10.29228/asrjournal.72081,-1,,,,0,True,,pending
doi:10.5040/9781350337305.0009,-1,,,,0,True,,pending
doi:10.53730/ijhs.v6n2.8317,3,3,3.2,3,2,False,,pending
doi:10.4102/sajhrm.v18i0.1417,-1,,,,0,True,,pending
doi:10.2991/assehr.k.210716.054,9,9,9.1,9,2,False,,pending
record:816a1c3c16959844a91d1d0c,-1,,,,0,True,,pending
doi:10.21070/ups.2934,25,25,,25,1,False,,pending
doi:10.3389/fpsyg.2021.628775,-1,,,,0,True,,pending
doi:10.26180/14587038.v1,-1,,,,0,True,,pending
doi:10.32743/unipsy.2024.120.6.17544,-1,,,,0,True,,pending
doi:10.1080/15700763.2025.2481500,9,9,,9,1,False,,pending
record:bdc091dd57e4c6a18ebaa9e5,-1,,,,0,True,,pending
doi:10.14812/cuefd.1624053,-1,,,,0,True,,pending
doi:10.5281/zenodo.5567352,-1,,,,0,True,,pending
doi:10.3102/1683355,0,0,0.2,0,2,False,,pending
record:368ddd83826de2d9a0f93450,9,9,9.1,9,2,False,,pending
doi:10.5281/zenodo.19455935,9,9,,9,1,False,,pending
doi:10.1177/17411432211027645,9,9,,9,1,False,,pending
record:a671b52d0b478a2a8b1f45cc,9,9,,9,1,False,,pending
doi:10.21125/iceri.2023.0927,0,0,,0,1,False,,pending
record:178bd90a622d5685b78b407b,-1,,,,0,True,,pending
record:ddbeb0af2756e7d6e184c7e9,-1,,,,0,True,,pending
doi:10.1177/10762175231205904,9,9,9.1,9,2,False,,pending
doi:10.21125/edulearn.2021.0226,0,0,0.3,0,2,False,,pending
doi:10.3102/1692483,-1,,,,0,True,,pending
record:4e555713b838138fa07aa3b4,-1,,,,0,True,,pending
doi:10.59656/el-ls3669.001,-1,,,,0,True,,pending
doi:10.59652/jetm.v3i4.646,15,15,15.1,15,2,False,,pending
doi:10.54702/msj.2020.19.1.0170,-1,,,,0,True,,pending
doi:10.24331/ijere.1418126,20,20,20.1,20,2,False,,pending
doi:10.2991/assehr.k.210716.068,9,9,9.1,9,2,False,,pending
doi:10.1177/17411432231168235,9,9,9.0,9,2,False,,pending
doi:10.7275/14756740,26,26,,26,1,False,,pending
record:da6b2a3ffd005d73f53a3b98,-1,,,,0,True,,pending
doi:10.1007/978-3-031-70839-8_5,9,9,9.1,9,2,False,,pending
doi:10.29329/ijpe.2021.346.9,-1,,,,0,True,,pending
record:ff87a228dd165ef27ea00b62,3,3,3.1,3,2,False,,pending
doi:10.3390/educsci14060650,17,17,17.0,17,2,False,,pending
doi:10.1080/13603124.2021.1889035,7,7,7.1,7,2,False,,pending
doi:10.46303/ressat.2024.10,0,0,,0,1,False,,pending
doi:10.1080/15700763.2023.2289017,-1,,,,0,True,,pending
doi:10.1108/jea-07-2020-0158,-1,,,,0,True,,pending
doi:10.1080/13632434.2020.1866526,-1,,,,0,True,,pending
doi:10.1007/s10639-024-12784-y,-1,,,,0,True,,pending
doi:10.55016/ojs/ajer.v69i1.73115,9,9,9.1,9,2,False,,pending
doi:10.15345/iojes.2020.01.020,7,7,7.1,7,2,False,,pending
doi:10.33200/ijcer.847110,17,17,17.0,17,2,False,,pending
doi:10.1080/03055698.2021.1917340,-1,,,,0,True,,pending
doi:10.1016/j.heliyon.2021.e06549,24,24,24.1,24,2,False,,pending
doi:10.1108/ijem-02-2022-0056,3,3,3.1,3,2,False,,pending
doi:10.1108/ijem-08-2023-0424,-1,,,,0,True,,pending
doi:10.52547/meo.10.4.61,25,25,,25,1,False,,pending
doi:10.1177/08920206231203853,-1,,,,0,True,,pending
doi:10.5555/ijosmas.v2i3.41,-1,,,,0,True,,pending
doi:10.17159/2520-9868/i85a11,7,7,7.1,7,2,False,,pending
doi:10.22394/2078-838x-2020-2-70-85,-1,,,,0,True,,pending
doi:10.18848/2329-1656/cgp/v31i02/45-69,20,20,20.1,20,2,False,,pending
record:38f571093b0d1bb673058c01,9,9,9.1,9,2,False,,pending
doi:10.22515/jemin.v2i1.5071,-1,,,,0,True,,pending
doi:10.3389/feduc.2025.1655967,0,0,0.2,0,2,False,,pending
doi:10.17509/earr.v4i2.24738,9,9,9.0,9,2,False,,pending
doi:10.47577/tssj.v36i1.7425,17,17,17.1,17,2,False,,pending
doi:10.51601/ijersc.v3i6.551,9,9,9.0,9,2,False,,pending
doi:10.12973/eujem.6.1.1,20,20,20.1,20,2,False,,pending
doi:10.38140/pie.v40i4.5735,-1,,,,0,True,,pending
doi:10.18820/2519593x/pie.v38.i2.10,-1,,,,0,True,,pending
doi:10.1108/978-1-83753-908-620231004,-1,,,,0,True,,pending
doi:10.3102/2105361,9,9,,9,1,False,,pending
doi:10.47750/pegegog.15.03.10,-1,,,,0,True,,pending
doi:10.46799/ajesh.v3i3.282,9,9,9.0,9,2,False,,pending
doi:10.3390/educsci16020338,9,9,,9,1,False,,pending
record:bf4d3c9b2ee482fa577972fe,25,25,,25,1,False,,pending
doi:10.29228/asrjournal.72797,-1,,,,0,True,,pending
doi:10.34785/j010.2021.022,0,0,,0,1,False,,pending
doi:10.36713/epra20596,7,7,7.1,7,2,False,,pending
doi:10.47191/ijsshr/v6-i3-46,1,1,1.1,1,2,False,,pending
doi:10.62754/joe.v3i8.4971,9,9,9.0,9,2,False,,pending
doi:10.18860/rosikhun.v3i3.27678,12,12,,12,1,False,,pending
doi:10.1007/s11125-023-09663-8,-1,,,,0,True,,pending
doi:10.47134/ijsl.v5i1.328,9,9,9.1,9,2,False,,pending
doi:10.1108/jarhe-09-2020-0287,-1,,,,0,True,,pending
doi:10.46827/ejhrms.v4i2.822,-1,,,,0,True,,pending
doi:10.29210/021062jpgi0005,-1,,,,0,True,,pending
doi:10.3102/1681424,-1,,,,0,True,,pending
doi:10.33899/jeh.v4i132.52285,-1,,,,0,True,,pending
record:f98acc8bb20340a613d7005c,-1,,,,0,True,,pending
doi:10.35826/ijoess.4420,9,9,9.0,9,2,False,,pending
doi:10.46303/repam.2023.9,20,20,20.1,20,2,False,,pending
doi:10.61801/ouaess.2022.1.67,9,9,,9,1,False,,pending
doi:10.5281/zenodo.8296701,11,11,11.1,11,2,False,,pending
doi:10.33824/pjpr.2026.41.1.05,7,7,7.1,7,2,False,,pending
doi:10.5281/zenodo.3938918,12,12,12.1,12,2,False,,pending
doi:10.9779/pauefd.1838740,-1,,,,0,True,,pending
doi:10.24193/ed21.2022.22.01,-1,,,,0,True,,pending
doi:10.29228/sobider.74908,3,3,3.2,3,2,False,,pending
doi:10.29240/jsmp.v8i1.10139,9,9,9.0,9,2,False,,pending
record:5c9345d504d17d2751eb6aa4,7,7,7.1,7,2,False,,pending
record:543763a970a7830feb75b603,9,9,9.1,9,2,False,,pending
doi:10.4018/979-8-3693-6220-4.ch009,9,9,,9,1,False,,pending
record:0e27471e71063b6d73f35c20,9,9,9.1,9,2,False,,pending
doi:10.1007/978-3-032-01094-0_5,19,19,19.1,19,2,False,,pending
doi:10.5539/jel.v15n3p386,-1,,,,0,True,,pending
doi:10.51583/ijltemas.2026.150300015,-1,,,,0,True,,pending
doi:10.55534/1320-010-001-006,9,9,9.1,9,2,False,,pending
doi:10.1177/10567879251383868,-1,,,,0,True,,pending
doi:10.1007/s12310-025-09825-3,-1,,,,0,True,,pending
doi:10.60072/ijeissah.2023.v1i02.003,-1,,,,0,True,,pending
doi:10.36941/jesr-2023-0095,9,9,9.1,9,2,False,,pending
doi:10.1080/15700763.2024.2394653,-1,,,,0,True,,pending
doi:10.23977/aduhe.2021.030111,9,9,,9,1,False,,pending
doi:10.29228/jasss.29021,20,20,20.0,20,2,False,,pending
doi:10.34785/j010.2021.026,-1,,,,0,True,,pending
doi:10.29228/smryj.73024,-1,,,,0,True,,pending
record:b3ed0d97611e0b7759fd6964,0,0,0.3,0,2,False,,pending
doi:10.5281/zenodo.18267401,-1,,,,0,True,,pending
doi:10.59372/turajas.1862497,-1,,,,0,True,,pending
doi:10.30828/real.1522797,0,0,,0,1,False,,pending
doi:10.3390/educsci16050738,9,9,,9,1,False,,pending
doi:10.6084/m9.figshare.16811314,6,6,6.1,6,2,False,,pending
doi:10.53088/eej.v3i2.1767,9,9,9.1,9,2,False,,pending
doi:10.1177/17411432211001365,7,7,7.1,7,2,False,,pending
doi:10.22521/edupij.2024.132.1,16,16,16.0,16,2,False,,pending
doi:10.21125/edulearn.2023.1680,0,0,,0,1,False,,pending
doi:10.67361/ajeli/225780,-1,,,,0,True,,pending
doi:10.54884/2414-1186-2026-9-1-025,9,9,,9,1,False,,pending
doi:10.59324/ejtas.2023.1(6).84,-1,,,,0,True,,pending
doi:10.5817/sp2025-3-2,7,7,7.1,7,2,False,,pending
doi:10.53016/jerp.v3i2.48,7,7,7.0,7,2,False,,pending
doi:10.4324/9781003098584-2,-1,,,,0,True,,pending
record:f7c726d59372e05b63bb40d1,-1,,,,0,True,,pending
record:2a1e69a45befe47ff7d713ac,-1,,,,0,True,,pending
doi:10.23900/artefactum.v25i6.3451,-1,,,,0,True,,pending
doi:10.53555/eijbms.v9i3.150,17,17,,17,1,False,,pending
doi:10.1177/10567879261448174,-1,,,,0,True,,pending
doi:10.17759/jmfp.2024130210,9,9,,9,1,False,,pending
doi:10.21125/iceri.2022.1140,0,0,,0,1,False,,pending
record:aff0ae3a6765311f19a7aab0,-1,,,,0,True,,pending
doi:10.15833/kafeiam.31.4.1183,0,0,0.2,0,2,False,,pending
doi:10.52547/meo.12.1.145,-1,,,,0,True,,pending
record:0340490cad958d406e20f68f,-1,,,,0,True,,pending
doi:10.15354/sief.26.co009,3,3,3.2,3,2,False,,pending
doi:10.3390/admsci16010057,0,0,0.2,0,2,False,,pending
doi:10.21070/ups.6202,9,9,9.0,9,2,False,,pending
doi:10.1177/17411432241300879,-1,,,,0,True,,pending
doi:10.56916/jirpe.v5i1.3055,-1,,,,0,True,,pending
doi:10.59595/ajie.09.1.2,4,4,4.1,4,2,False,,pending
doi:10.24818/imc/2023/05.09,22,22,,22,1,False,,pending
doi:10.31763/ijele.v6i2.1559,-1,,,,0,True,,pending
record:70574cde40651b501ce434b4,-1,,,,0,True,,pending
doi:10.17121/ressjournal.3255,3,3,3.2,3,2,False,,pending
doi:10.1080/03323315.2025.2549104,-1,,,,0,True,,pending
doi:10.63574/nss.9097,4,4,4.0,4,2,False,,pending
record:fb756acb7516e0d07a8204d1,9,9,,9,1,False,,pending
doi:10.21070/icecrs.v5i0.368,9,9,9.1,9,2,False,,pending
doi:10.4102/aosis.2022.bk383.04,-1,,,,0,True,,pending
doi:10.29062/edu.v6i4.628,9,9,9.0,9,2,False,,pending
doi:10.31080/aspe.2021.04.0464,9,9,9.0,9,2,False,,pending
doi:10.1108/978-1-64802-755-020251013,-1,,,,0,True,,pending
doi:10.1080/00220620.2022.2125937,22,22,,22,1,False,,pending
doi:10.15640/jehd.v9n1a5,-1,,,,0,True,,pending
doi:10.1177/17411432231186531,-1,,,,0,True,,pending
doi:10.1007/s40299-024-00895-6,7,7,7.1,7,2,False,,pending
doi:10.1080/13603124.2023.2292148,25,25,,25,1,False,,pending
doi:10.18502/kss.v6i2.10029,9,9,9.1,9,2,False,,pending
record:cc60c13175f1d4fc8a9deded,-1,,,,0,True,,pending
doi:10.1080/15700763.2024.2449480,-1,,,,0,True,,pending
doi:10.26803/ijlter.19.10.7,-1,,,,0,True,,pending
doi:10.3102/01623737241310852,3,3,3.2,3,2,False,,pending
doi:10.1177/17411432211058939,-1,,,,0,True,,pending
doi:10.30828/real.1070087,3,3,,3,1,False,,pending
doi:10.1177/21582440241265328,3,3,,3,1,False,,pending
doi:10.1108/jpcc-11-2021-0068,9,9,,9,1,False,,pending
doi:10.1186/s13690-024-01481-4,-1,,,,0,True,,pending
doi:10.13189/ujer.2020.082269,-1,,,,0,True,,pending
doi:10.11591/ijere.v13i6.29321,-1,,,,0,True,,pending
doi:10.1080/13632434.2023.2232809,-1,,,,0,True,,pending
doi:10.3389/fpsyg.2021.774388,20,20,,20,1,False,,pending
doi:10.1080/2331186x.2023.2255091,3,3,3.2,3,2,False,,pending
doi:10.1108/ijem-01-2024-0030,10,10,10.1,10,2,False,,pending
doi:10.1007/s13520-020-00100-z,-1,,,,0,True,,pending
doi:10.1177/17411432221130589,10,10,10.1,10,2,False,,pending
doi:10.15390/eb.2021.10083,7,7,7.0,7,2,False,,pending
doi:10.52380/ijpes.2021.8.4.600,-1,,,,0,True,,pending
doi:10.12973/eujem.5.1.23,7,7,7.1,7,2,False,,pending
doi:10.31703/gssr.2021(vi-iii).14,20,20,20.1,20,2,False,,pending
doi:10.21125/edulearn.2022.1320,0,0,,0,1,False,,pending
doi:10.24106/kefdergi.754275,7,7,7.1,7,2,False,,pending
doi:10.1177/0892020620918254,9,9,9.1,9,2,False,,pending
doi:10.1080/13603124.2021.2006797,9,9,,9,1,False,,pending
doi:10.1080/20004508.2020.1802851,-1,,,,0,True,,pending
doi:10.11591/ijere.v13i4.28759,25,25,,25,1,False,,pending
doi:10.31757/euer.413,9,9,9.1,9,2,False,,pending
doi:10.1093/eurpub/ckad160.684,3,3,3.1,3,2,False,,pending
doi:10.25128/2415-3605.22.1.11,-1,,,,0,True,,pending
doi:10.52256/2710-3986.2-97.2022.07,0,0,0.2,0,2,False,,pending
doi:10.3102/ip.23.2011725,-1,,,,0,True,,pending
doi:10.46328/ijonses.5791,7,7,7.1,7,2,False,,pending
doi:10.14527/pegegog.2020.014,7,7,7.1,7,2,False,,pending
doi:10.1080/15700763.2020.1833044,-1,,,,0,True,,pending
doi:10.1080/13603124.2025.2534354,-1,,,,0,True,,pending
doi:10.1080/07380569.2024.2374262,0,0,0.3,0,2,False,,pending
doi:10.31538/ndh.v8i3.4379,9,9,9.1,9,2,False,,pending
doi:10.1177/00224669251364825,-1,,,,0,True,,pending
doi:10.28925/2226-3012.2022.11.5,-1,,,,0,True,,pending
doi:10.1109/icet67257.2025.11290870,0,0,,0,1,False,,pending
doi:10.1123/jpah.2021-0792,9,9,9.1,9,2,False,,pending
doi:10.21831/cp.v40i1.31268,0,0,0.0,0,2,False,,pending
doi:10.21764/maeuefd.1417759,-1,,,,0,True,,pending
doi:10.24106/kefdergi.1426493,-1,,,,0,True,,pending
doi:10.1016/j.ijer.2024.102343,9,9,,9,1,False,,pending
doi:10.3390/educsci14091014,9,9,9.1,9,2,False,,pending
doi:10.46966/ijae.v4i3.353,20,20,20.1,20,2,False,,pending
doi:10.17853/1994-5639-2021-10-182-207,0,0,0.3,0,2,False,,pending
doi:10.5296/jpag.v13i2.20994,7,7,7.1,7,2,False,,pending
record:fe7d095e5a061e540bddf9e5,9,9,,9,1,False,,pending
doi:10.2991/assehr.k.201221.048,-1,,,,0,True,,pending
doi:10.3389/fpubh.2025.1610378,-1,,,,0,True,,pending
doi:10.1080/13603124.2023.2298205,-1,,,,0,True,,pending
doi:10.1007/978-3-031-01323-2_85,-1,,,,0,True,,pending
doi:10.1201/9781032720913-9,7,7,7.1,7,2,False,,pending
doi:10.1080/13603124.2021.1889684,-1,,,,0,True,,pending
doi:10.1080/03057925.2020.1747396,-1,,,,0,True,,pending
doi:10.31098/aqr.v1i1.1380,7,7,7.1,7,2,False,,pending
doi:10.1080/09243453.2020.1858119,7,7,7.1,7,2,False,,pending
doi:10.1080/13603124.2020.1869312,7,7,7.1,7,2,False,,pending
doi:10.1177/0013161x211035079,7,7,7.1,7,2,False,,pending
doi:10.1108/ijem-03-2023-0089,7,7,7.1,7,2,False,,pending
doi:10.1080/13603124.2022.2066187,-1,,,,0,True,,pending
doi:10.1080/13603124.2021.1944673,2,2,2.0,2,2,False,,pending
doi:10.1007/978-3-030-10576-1_300355,2,2,2.0,2,2,False,,pending
doi:10.11591/ijere.v11i3.22483,3,3,,3,1,False,,pending
doi:10.53378/346106,7,7,7.1,7,2,False,,pending
doi:10.13189/ujer.2020.082112,7,7,7.1,7,2,False,,pending
doi:10.31219/osf.io/7y42g,2,2,2.0,2,2,False,,pending
doi:10.14812/cufej.939224,7,7,7.1,7,2,False,,pending
doi:10.5771/9781475861334,2,2,2.0,2,2,False,,pending
doi:10.4135/9781071839881.n4,2,2,2.0,2,2,False,,pending
doi:10.1007/978-3-030-93921-2_36,16,16,16.0,16,2,False,,pending
doi:10.13189/ujer.2020.081013,-1,,,,0,True,,pending
doi:10.1108/ijem-01-2021-0027,-1,,,,0,True,,pending
doi:10.5897/err2020.4057,-1,,,,0,True,,pending
doi:10.52305/pvle5825,2,2,2.0,2,2,False,,pending
doi:10.1108/jea-07-2022-0101,-1,,,,0,True,,pending
doi:10.1177/1052684620966063,-1,,,,0,True,,pending
doi:10.4324/9781003098584-6,-1,,,,0,True,,pending
doi:10.47191/ijcsrr/v4-i10-15,7,7,7.1,7,2,False,,pending
doi:10.29303/ujcs.v6i1.813,7,7,7.1,7,2,False,,pending
doi:10.1080/19415257.2020.1850510,7,7,7.1,7,2,False,,pending
doi:10.17760/d20649829,9,9,,9,1,False,,pending
doi:10.17632/fht83ybk72.1,2,2,2.1,2,2,False,,pending
doi:10.1177/17411432221102521,3,3,3.2,3,2,False,,pending
doi:10.1007/978-3-030-36178-5_61,2,2,2.1,2,2,False,,pending
doi:10.37609/akya.4002.c3099,2,2,2.0,2,2,False,,pending
doi:10.15700/saje.v43n4a2221,-1,,,,0,True,,pending
doi:10.1108/979-8-88730-322-220251009,2,2,2.0,2,2,False,,pending
doi:10.3102/1588160,7,7,7.1,7,2,False,,pending
doi:10.1007/s10833-026-09564-5,-1,,,,0,True,,pending
doi:10.3126/amcj.v2i1.35788,-1,,,,0,True,,pending
doi:10.1177/17411432241238888,7,7,7.1,7,2,False,,pending
doi:10.29333/iji.2022.1517a,7,7,7.1,7,2,False,,pending
doi:10.1080/13603124.2021.1913235,-1,,,,0,True,,pending
doi:10.6007/ijarped/v12-i3/18932,-1,,,,0,True,,pending
doi:10.1108/jea-09-2023-0223,7,7,7.1,7,2,False,,pending
doi:10.24191/ajue.v16i2.10298,-1,,,,0,True,,pending
doi:10.46303/repam.2024.8,-1,,,,0,True,,pending
doi:10.32674/jsard.v6i2.3975,7,7,7.1,7,2,False,,pending
doi:10.4236/ojl.2025.142008,7,7,7.1,7,2,False,,pending
doi:10.4324/9781003268055-6,-1,,,,0,True,,pending
doi:10.56738/issn29603986.geo2026.7.167,7,7,7.1,7,2,False,,pending
doi:10.5040/9798216411727.ch1,2,2,2.0,2,2,False,,pending
record:9a6cb11bb5ed50ab2ae482b1,2,2,2.0,2,2,False,,pending
record:d58d18a3bf3fcb060226722a,-1,,,,0,True,,pending
doi:10.5040/9798216411727.ch4,2,2,2.0,2,2,False,,pending
doi:10.5281/zenodo.19510219,7,7,7.1,7,2,False,,pending
doi:10.4324/9781003714736,-1,,,,0,True,,pending
doi:10.5040/9798216411727.ch2,-1,,,,0,True,,pending
doi:10.5539/ies.v13n2p48,-1,,,,0,True,,pending
doi:10.56741/iistr.jetia.002199,-1,,,,0,True,,pending
doi:10.1177/1741143220912620,2,2,2.1,2,2,False,,pending
record:3b11f8f75fac4da502ba2a3a,-1,,,,0,True,,pending
doi:10.1787/d6a7fb2a-en,-1,,,,0,True,,pending
doi:10.1108/978-1-83708-982-620251005,-1,,,,0,True,,pending
doi:10.54476/ioer-imrj/334949,7,7,7.1,7,2,False,,pending
doi:10.1108/ijem-04-2021-0147,-1,,,,0,True,,pending
record:77def9f0b285d4955cafbe5b,9,9,,9,1,False,,pending
doi:10.36948/ijfmr.2025.v07i03.43695,-1,,,,0,True,,pending
doi:10.47134/ajcti.v2i4.131,-1,,,,0,True,,pending
doi:10.22230/ijepl.2023v19n1a1193,-1,,,,0,True,,pending
doi:10.1504/ijmie.2021.111815,2,2,2.1,2,2,False,,pending
doi:10.3102/01623737231197434,-1,,,,0,True,,pending
doi:10.24191/ajue.v17i1.12694,-1,,,,0,True,,pending
doi:10.1177/17411432221089185,7,7,7.1,7,2,False,,pending
doi:10.29121/ijetmr.v6.i9.2019.451,7,7,7.1,7,2,False,,pending
doi:10.1177/10526846211019514,-1,,,,0,True,,pending
doi:10.11648/j.tecs.20230803.12,-1,,,,0,True,,pending
doi:10.21009/improvement.v10i2.39682,7,7,7.1,7,2,False,,pending
doi:10.1108/jpcc-12-2020-0102,9,9,9.0,9,2,False,,pending
doi:10.5040/9798216411727.ch3,-1,,,,0,True,,pending
doi:10.2478/seeur-2022-0060,13,13,,13,1,False,,pending
doi:10.25394/pgs.30827480,7,7,7.1,7,2,False,,pending
doi:10.52877/instabright.002.01.0006,2,2,2.1,2,2,False,,pending
doi:10.57030/23364890.cemj.30.4.174,-1,,,,0,True,,pending
doi:10.5040/9798216411727.ch7,-1,,,,0,True,,pending
doi:10.47134/ijsl.v1i2.51,-1,,,,0,True,,pending
doi:10.1080/13603124.2020.1731765,-1,,,,0,True,,pending
doi:10.5281/zenodo.18113426,2,2,2.1,2,2,False,,pending
doi:10.1201/9780203740156-27,-1,,,,0,True,,pending
doi:10.1080/15700763.2024.2428297,7,7,7.1,7,2,False,,pending
doi:10.5771/9781475868753-81,2,2,2.0,2,2,False,,pending
doi:10.5040/9798216411727.ch5,-1,,,,0,True,,pending
doi:10.1063/5.0142543,-1,,,,0,True,,pending
doi:10.21015/vtess.v9i3.699,7,7,7.1,7,2,False,,pending
doi:10.3102/1566908,-1,,,,0,True,,pending
doi:10.56738/issn29603986.geo2025.6.115,7,7,7.1,7,2,False,,pending
doi:10.55529/jlep.22.11.15,7,7,7.1,7,2,False,,pending
doi:10.1177/08920206231163984,3,3,,3,1,False,,pending
record:9a7b9cca68a5f618a8d2d330,7,7,7.1,7,2,False,,pending
doi:10.5771/9781475868753-43,2,2,2.0,2,2,False,,pending
doi:10.14305/jn.19440413.2023.15.1.02,-1,,,,0,True,,pending
doi:10.46245/ijorer.v6i2.804,7,7,7.1,7,2,False,,pending
doi:10.21831/jppfa.v9i1.40316,7,7,7.1,7,2,False,,pending
doi:10.21831/cp.v43i3.66677,7,7,7.1,7,2,False,,pending
doi:10.5040/9798881820398.ch-6,-1,,,,0,True,,pending
doi:10.65339/ijsair.v2.i2.526,7,7,7.1,7,2,False,,pending
doi:10.5040/9798216411727.ch10,-1,,,,0,True,,pending
doi:10.1177/17411432251406021,25,25,,25,1,False,,pending
doi:10.51952/9781529248692.ch006,-1,,,,0,True,,pending
doi:10.3102/1691698,-1,,,,0,True,,pending
doi:10.2991/assehr.k.210212.089,7,7,7.1,7,2,False,,pending
doi:10.1177/1741143220953597,25,25,,25,1,False,,pending
doi:10.1007/978-3-030-76591-0_11,-1,,,,0,True,,pending
record:a9b6554332b5ffceeae1654c,-1,,,,0,True,,pending
doi:10.53730/ijhs.v6ns7.11770,12,12,,12,1,False,,pending
doi:10.3389/feduc.2021.582773,-1,,,,0,True,,pending
doi:10.30828/real.1247119,-1,,,,0,True,,pending
doi:10.37680/scaffolding.v8i2.10488,7,7,7.1,7,2,False,,pending
doi:10.55677/ijssers/v04i3y2024-05,7,7,7.1,7,2,False,,pending
doi:10.4324/9780429356247-4,-1,,,,0,True,,pending
doi:10.1080/15700763.2021.1966048,-1,,,,0,True,,pending
doi:10.56738/issn29603986.geo2026.7.188,7,7,7.1,7,2,False,,pending
doi:10.24239/pdg.vol12.iss2.461,-1,,,,0,True,,pending
doi:10.5281/zenodo.21092037,-1,,,,0,True,,pending
doi:10.1177/21582440231217884,7,7,7.1,7,2,False,,pending
doi:10.3102/2010581,-1,,,,0,True,,pending
doi:10.1177/17411432221113912,25,25,,25,1,False,,pending
doi:10.29121/granthaalayah.v9.i7.2021.4088,7,7,7.1,7,2,False,,pending
doi:10.5281/zenodo.19911378,7,7,7.1,7,2,False,,pending
doi:10.18173/2354-1075.2023-0025,-1,,,,0,True,,pending
doi:10.1371/journal.pone.0355674,-1,,,,0,True,,pending
doi:10.5771/9781475868753-115,2,2,2.0,2,2,False,,pending
record:193050576a1f2f26aeb380b6,7,7,7.1,7,2,False,,pending
doi:10.1787/4efb0daa-en,-1,,,,0,True,,pending
doi:10.5281/zenodo.20665934,7,7,7.1,7,2,False,,pending
doi:10.18502/kss.v6i2.10001,-1,,,,0,True,,pending
doi:10.17576/jpen-2024-49.01-01,7,7,7.1,7,2,False,,pending
doi:10.46827/ejes.v10i3.4716,7,7,7.1,7,2,False,,pending
record:ad1f82a032829ed3293112c9,7,7,7.1,7,2,False,,pending
doi:10.1787/36607171-en,-1,,,,0,True,,pending
doi:10.4324/9781003514732-5,2,2,2.1,2,2,False,,pending
doi:10.3389/feduc.2025.1643023,16,16,16.0,16,2,False,,pending
doi:10.64428/rm/v1.i2.4,7,7,7.1,7,2,False,,pending
record:88f3f0123317724556f23d3c,7,7,7.1,7,2,False,,pending
doi:10.5040/9798216411727.ch6,2,2,2.0,2,2,False,,pending
doi:10.54097/ijeh.v11i3.15156,7,7,7.1,7,2,False,,pending
doi:10.13189/ujer.2020.082310,-1,,,,0,True,,pending
doi:10.3102/2274745,2,2,2.0,2,2,False,,pending
doi:10.35631/ijepc.640021,-1,,,,0,True,,pending
doi:10.69496/cjess.v3i1.127,-1,,,,0,True,,pending
doi:10.3102/1691843,-1,,,,0,True,,pending
doi:10.1108/978-1-83797-496-220261044,7,7,7.1,7,2,False,,pending
doi:10.24235/al.ibtida.snj.v12i1.21775,7,7,7.1,7,2,False,,pending
doi:10.51583/ijltemas.2023.12402,-1,,,,0,True,,pending
doi:10.62159/jpi.v6i3.2826,7,7,7.1,7,2,False,,pending
doi:10.18196/mb.11298,7,7,7.1,7,2,False,,pending
doi:10.1177/17411432251327800,2,2,2.1,2,2,False,,pending
doi:10.1504/ijmie.2024.141753,7,7,7.1,7,2,False,,pending
record:6cd4c1bda4730932fe45a3c8,-1,,,,0,True,,pending
doi:10.47191/ijcsrr/v5-i7-61,7,7,7.1,7,2,False,,pending
doi:10.24014/ijiem.v7i1.29148,-1,,,,0,True,,pending
doi:10.36948/ijfmr.2025.v07i01.37102,7,7,7.1,7,2,False,,pending
doi:10.1016/b978-0-12-818630-5.05055-7,2,2,2.0,2,2,False,,pending
record:7e37ee85520669d9677bc6cb,2,2,2.1,2,2,False,,pending
doi:10.1063/5.0149229,7,7,7.1,7,2,False,,pending
doi:10.2139/ssrn.3660408,-1,,,,0,True,,pending
doi:10.31851/jmksp.v10i2.20495,7,7,7.1,7,2,False,,pending
doi:10.22437/irje.v9i01.44713,7,7,7.1,7,2,False,,pending
doi:10.3126/ire.v7i1.47503,7,7,7.1,7,2,False,,pending
doi:10.5281/zenodo.20019832,7,7,7.1,7,2,False,,pending
doi:10.3102/ip.22.1894471,-1,,,,0,True,,pending
doi:10.47772/ijriss.2023.7108,7,7,7.1,7,2,False,,pending
doi:10.11575/prism/38433,-1,,,,0,True,,pending
doi:10.36948/ijfmr.2026.v08i03.79112,7,7,7.1,7,2,False,,pending
record:f82621dd256cbb2d19107d93,0,0,0.2,0,2,False,,pending
doi:10.3102/2191168,12,12,,12,1,False,,pending
doi:10.17509/curricula.v4i2.90883,-1,,,,0,True,,pending
doi:10.17509/curricula.v4i2.90597,7,7,7.1,7,2,False,,pending
doi:10.51574/hamka.v6i1.199,-1,,,,0,True,,pending
doi:10.61494/ijspe.3la32n9s,-1,,,,0,True,,pending
doi:10.47668/jrrei.v2i3.1567,25,25,,25,1,False,,pending
doi:10.5040/9798216188612.ch-004,-1,,,,0,True,,pending
doi:10.37502/ijsmr.2025.81010,16,16,16.0,16,2,False,,pending
doi:10.47191/ijsshr/v9-i5-100,7,7,7.1,7,2,False,,pending
doi:10.47945/jqaie.v3i2.1193,-1,,,,0,True,,pending
doi:10.55057/ajress.2024.6.2.48,7,7,7.1,7,2,False,,pending
doi:10.51583/ijltemas.2026.150600183,7,7,7.1,7,2,False,,pending
doi:10.67245/vidya.v1i1.29,25,25,,25,1,False,,pending
doi:10.31045/jes.4.3.5,22,22,,22,1,False,,pending
doi:10.3102/2184229,2,2,2.0,2,2,False,,pending
doi:10.32533/09105.2025,7,7,7.1,7,2,False,,pending
doi:10.71305/jmpi.v1i2.31,25,25,,25,1,False,,pending
doi:10.13140/rg.2.2.16583.76965,0,0,0.2,0,2,False,,pending
doi:10.32890/mjli2022.19.2.3,7,7,7.1,7,2,False,,pending
doi:10.5281/zenodo.18418413,-1,,,,0,True,,pending
doi:10.6007/ijarbss/v13-i10/19065,7,7,7.1,7,2,False,,pending
record:4abda7ffff47d0de3b910802,-1,,,,0,True,,pending
record:7526b21e33ea09360a5775d4,-1,,,,0,True,,pending
doi:10.3102/1894546,-1,,,,0,True,,pending
doi:10.4018/979-8-2600-1142-3.ch011,7,7,7.1,7,2,False,,pending
doi:10.1080/03057925.2021.2022455,-1,,,,0,True,,pending
doi:10.20448/jeelr.v12i2.6892,-1,,,,0,True,,pending
doi:10.1080/00131725.2025.2591226,-1,,,,0,True,,pending
doi:10.1080/15700763.2022.2081212,-1,,,,0,True,,pending
doi:10.1177/17411432221090746,10,10,10.1,10,2,False,,pending
doi:10.1177/17411432251349810,7,7,7.1,7,2,False,,pending
doi:10.1177/10526846261425739,16,16,16.0,16,2,False,,pending
doi:10.2991/assehr.k.201112.054,2,2,2.0,2,2,False,,pending
doi:10.58806/ijsshmr.2023.v2i6no19,7,7,7.1,7,2,False,,pending
doi:10.52877/instabright.05.01.0202,7,7,7.1,7,2,False,,pending
doi:10.6007/ijarbss/v13-i12/20161,7,7,7.0,7,2,False,,pending
doi:10.22214/ijraset.2023.49106,7,7,7.1,7,2,False,,pending
doi:10.24036/ijeds.v5i2.407,7,7,7.1,7,2,False,,pending
doi:10.2991/978-2-494069-11-4_15,7,7,7.0,7,2,False,,pending
doi:10.70838/pemj.530505,7,7,7.1,7,2,False,,pending
doi:10.51494/mpf.v4i3.3273,0,0,0.2,0,2,False,,pending
record:87d8ca644e604b4bae4c841b,2,2,2.0,2,2,False,,pending
record:2b52619156a055cfd619d379,-1,,,,0,True,,pending
doi:10.38140/pie.v43i3.7695,9,9,9.0,9,2,False,,pending
doi:10.6007/ijarped/v13-i4/24370,7,7,7.1,7,2,False,,pending
record:bca53dcc12841c18d28a0f06,-1,,,,0,True,,pending
doi:10.5861/ijrse.2026.26130,-1,,,,0,True,,pending
doi:10.1111/ejed.70155,7,7,7.1,7,2,False,,pending
doi:10.35631/ijepc.1057054,7,7,7.1,7,2,False,,pending
doi:10.1787/c4f61ee8-en,-1,,,,0,True,,pending
doi:10.65494/pinagpalapublishing.379,7,7,7.1,7,2,False,,pending
doi:10.5281/zenodo.23072508,-1,,,,0,True,,pending
doi:10.36713/epra16704,-1,,,,0,True,,pending
doi:10.31045/jes.7.1.3,2,2,2.0,2,2,False,,pending
doi:10.4038/ouslj.v16i1.7509,-1,,,,0,True,,pending
doi:10.70838/pemj.450306,7,7,7.1,7,2,False,,pending
doi:10.3102/1576113,2,2,2.0,2,2,False,,pending
doi:10.1108/ijem-03-2021-0091,-1,,,,0,True,,pending
doi:10.56916/jirpe.v4i4.2637,7,7,7.1,7,2,False,,pending
doi:10.2991/978-2-494069-11-4_8,-1,,,,0,True,,pending
record:77c2e3cbc90fb69f9d72d35d,7,7,7.1,7,2,False,,pending
doi:10.70269/10.70269/2744972722,-1,,,,0,True,,pending
doi:10.3102/2187146,-1,,,,0,True,,pending
doi:10.18502/kss.v7i12.11531,7,7,7.1,7,2,False,,pending
record:3b7fe5da8352761359d13ac9,7,7,7.1,7,2,False,,pending
doi:10.11591/ijere.v14i2.31127,-1,,,,0,True,,pending
doi:10.17509/curricula.v4i2.87986,7,7,7.1,7,2,False,,pending
doi:10.35993/ijitl.v12i1.7509,-1,,,,0,True,,pending
doi:10.47772/ijriss.2025.90700014,7,7,7.1,7,2,False,,pending
doi:10.37134/bitara.vol14.2.9.2021,-1,,,,0,True,,pending
doi:10.59075/jssa.v3i1.137,-1,,,,0,True,,pending
doi:10.34257/gjhssgvol20is9pg1,-1,,,,0,True,,pending
doi:10.55057/ijares.2024.6.2.17,-1,,,,0,True,,pending
doi:10.46827/ejmms.v11i1.2146,7,7,7.1,7,2,False,,pending
doi:10.13140/rg.2.2.17768.33281,2,2,2.1,2,2,False,,pending
doi:10.3102/2105324,2,2,2.1,2,2,False,,pending
doi:10.2991/978-2-38476-273-6_37,-1,,,,0,True,,pending
doi:10.6007/ijarped/v13-i4/24344,7,7,,7,1,False,,pending
doi:10.4324/9781138609877-ree65-0,9,9,9.2,9,2,False,,pending
doi:10.1007/978-3-031-37604-7_3,9,9,9.2,9,2,False,,pending
doi:10.4324/9781003334835-8,-1,,,,0,True,,pending
doi:10.1093/oed/2159033663,9,9,9.2,9,2,False,,pending
doi:10.4324/9780429032158-4,9,9,9.2,9,2,False,,pending
doi:10.4324/9781003348344-16,9,9,,9,1,False,,pending
doi:10.26076/3811-6fbb,-1,,,,0,True,,pending
doi:10.4324/9781003352013-10,9,9,9.2,9,2,False,,pending
doi:10.59656/el-ls3125.001,-1,,,,0,True,,pending
doi:10.7275/14756525,26,26,,26,1,False,,pending
doi:10.26493/978-961-293-504-7.5,9,9,9.2,9,2,False,,pending
doi:10.5040/9798881843014.ch-2,19,19,19.1,19,2,False,,pending
doi:10.1080/15700763.2024.2448698,-1,,,,0,True,,pending
doi:10.1108/jea-02-2022-268,9,9,9.1,9,2,False,,pending
doi:10.1177/17411432241269408,9,9,9.2,9,2,False,,pending
record:77db1852df79cfe93f085649,-1,,,,0,True,,pending
record:d2d5c25946d4a0e076a1459e,-1,,,,0,True,,pending
doi:10.47760/cognizance.2025.v05i07.046,-1,,,,0,True,,pending
record:7bb48b1271b3537f2d7c2f2e,22,22,,22,1,False,,pending
doi:10.1108/jea-02-2022-269,-1,,,,0,True,,pending
record:b749ca59368204135d72a7fa,-1,,,,0,True,,pending
doi:10.18357/ijcyfs114.2202019987,22,22,22.1,22,2,False,,pending
doi:10.1080/02188791.2023.2183490,9,9,,9,1,False,,pending
record:99d09703f4ddd5ee280532df,10,10,10.0,10,2,False,,pending
doi:10.3102/2012409,9,9,9.2,9,2,False,,pending
doi:10.1177/08920206261441463,9,9,9.2,9,2,False,,pending
doi:10.7275/11938018,-1,,,,0,True,,pending
record:647a097ebad8e1892192c14e,-1,,,,0,True,,pending
doi:10.1108/jea-06-2025-0246,9,9,9.2,9,2,False,,pending
doi:10.3102/2194042,9,9,,9,1,False,,pending
doi:10.3102/1576220,-1,,,,0,True,,pending
doi:10.1080/15700763.2021.2022710,27,27,,27,1,False,,pending
doi:10.3102/ip.26.2285672,9,9,9.2,9,2,False,,pending
doi:10.26191/g1ds-7230,-1,,,,0,True,,pending
doi:10.1108/jea-05-2026-449,-1,,,,0,True,,pending
doi:10.1177/1741143220968169,-1,,,,0,True,,pending
record:9eedec658d8257e0f7cee090,13,13,13.1,13,2,False,,pending
doi:10.1108/jea-04-2021-0088,-1,,,,0,True,,pending
doi:10.3390/educsci14020187,-1,,,,0,True,,pending
doi:10.3102/0013189x251401543,10,10,10.0,10,2,False,,pending
doi:10.1108/978-1-64802-689-820251016,27,27,,27,1,False,,pending
doi:10.1177/08920206261473364,16,16,16.0,16,2,False,,pending
doi:10.5040/9798216458395,9,9,,9,1,False,,pending
doi:10.5281/zenodo.10160091,-1,,,,0,True,,pending
doi:10.1080/13603124.2020.1770867,9,9,,9,1,False,,pending
doi:10.1080/15700763.2025.2578877,-1,,,,0,True,,pending
doi:10.1080/15700763.2023.2261039,3,3,3.2,3,2,False,,pending
record:9a63be8a28e321040a16c7f9,-1,,,,0,True,,pending
doi:10.30828/real.1955644,9,9,9.2,9,2,False,,pending
doi:10.5040/9781350123472.0007,-1,,,,0,True,,pending
doi:10.1007/s12564-025-10053-2,-1,,,,0,True,,pending
doi:10.1108/ijem-10-2022-0411,22,22,,22,1,False,,pending
doi:10.11114/ijce.v6i1.5928,9,9,9.2,9,2,False,,pending
doi:10.1080/13603124.2020.1725645,9,9,,9,1,False,,pending
doi:10.70617/kpm3dj78,-1,,,,0,True,,pending
doi:10.26192/9xxyx,9,9,,9,1,False,,pending
doi:10.37905/aksara.7.3.781-794.2021,-1,,,,0,True,,pending
record:f1c7fda7ad7d4f79d3a64c80,-1,,,,0,True,,pending
doi:10.1177/15554589241296406,23,23,23.1,23,2,False,,pending
doi:10.15700/saje.v42n2a2018,9,9,,9,1,False,,pending
doi:10.1108/978-1-64802-997-420251010,-1,,,,0,True,,pending
doi:10.5281/zenodo.22049796,9,9,9.0,9,2,False,,pending
doi:10.4324/9781032681412-4,-1,,,,0,True,,pending
doi:10.33200/ijcer.1080663,-1,,,,0,True,,pending
doi:10.3102/00028312261465019,9,9,9.2,9,2,False,,pending
doi:10.1108/978-1-64802-931-820251005,-1,,,,0,True,,pending
doi:10.4324/9781003352013-1,9,9,9.2,9,2,False,,pending
doi:10.1007/978-981-15-3086-9_8,-1,,,,0,True,,pending
doi:10.1108/978-1-80592-871-320261003,27,27,,27,1,False,,pending
record:81237f9b42c1ffccfe9b91ea,10,10,10.1,10,2,False,,pending
doi:10.5040/9798216455769,2,2,2.1,2,2,False,,pending
doi:10.1108/jea-08-2024-0283,9,9,,9,1,False,,pending
doi:10.1108/979-8-88730-100-620251013,-1,,,,0,True,,pending
doi:10.29086/2519-5476/2021/v28n1a7,3,3,3.2,3,2,False,,pending
doi:10.1007/978-3-031-56275-4_92-1,-1,,,,0,True,,pending
doi:10.1108/9798887303079,3,3,3.2,3,2,False,,pending
doi:10.35468/jlb-03-2025-07,-1,,,,0,True,,pending
doi:10.48059/uod.v33i1.2277,-1,,,,0,True,,pending
doi:10.24736/0002000904,-1,,,,0,True,,pending
record:8175db6acc6e0f8cbee46296,-1,,,,0,True,,pending
record:b7e4f3a6de11fb46aa0f20a6,22,22,22.1,22,2,False,,pending
doi:10.4324/9781003275718,-1,,,,0,True,,pending
doi:10.1002/9781394308316.ch2,22,22,,22,1,False,,pending
record:370061a5e79bd77364cc765b,-1,,,,0,True,,pending
doi:10.1177/1757743820933102,-1,,,,0,True,,pending
doi:10.3102/1691542,25,25,,25,1,False,,pending
record:60993ec5537db0c4456f7216,26,26,,26,1,False,,pending
record:c08e2328a56604a586047484,6,6,,6,1,False,,pending
doi:10.12681/elrie.7158,-1,,,,0,True,,pending
doi:10.22553/keas.2026.44.2.389,-1,,,,0,True,,pending
doi:10.1163/9789004692251,9,9,9.1,9,2,False,,pending
doi:10.1080/10714413.2025.2577566,27,27,,27,1,False,,pending
doi:10.5771/9781475866506-85,9,9,9.1,9,2,False,,pending
doi:10.1007/978-3-031-65219-6_10,-1,,,,0,True,,pending
doi:10.4324/9781003352013,9,9,9.2,9,2,False,,pending
doi:10.1080/15700763.2023.2178465,9,9,9.2,9,2,False,,pending
doi:10.17918/00011524,-1,,,,0,True,,pending
doi:10.17632/28jd22kngn,7,7,7.1,7,2,False,,pending
doi:10.1007/978-3-030-44217-0_47,9,9,,9,1,False,,pending
doi:10.4324/9780429327902-14,20,20,20.0,20,2,False,,pending
record:0673ee1bf47596288cdacdfc,-1,,,,0,True,,pending
doi:10.1177/17411432211065341,9,9,9.1,9,2,False,,pending
doi:10.3102/ip.23.2004839,9,9,9.1,9,2,False,,pending
doi:10.1177/00220574211032321,9,9,,9,1,False,,pending
doi:10.3102/1684488,9,9,9.2,9,2,False,,pending
doi:10.70116/2980274132,-1,,,,0,True,,pending
record:c4c7801600e7f9cbd38d37f3,-1,,,,0,True,,pending
doi:10.4236/jss.2024.122012,4,4,4.1,4,2,False,,pending
record:54299e50f4883e5b67b293cb,9,9,9.2,9,2,False,,pending
doi:10.1016/b978-0-12-818630-5.05064-8,9,9,9.1,9,2,False,,pending
doi:10.1177/1052684620980360,-1,,,,0,True,,pending
doi:10.26686/nzaroe.v30.9822,9,9,,9,1,False,,pending
doi:10.1177/17411432261429783,9,9,9.2,9,2,False,,pending
doi:10.52484/as_sibyan.v9i1.1102,-1,,,,0,True,,pending
doi:10.1177/1056787920915903,9,9,,9,1,False,,pending
doi:10.1108/978-1-80117-358-220221005,-1,,,,0,True,,pending
doi:10.30828/real/2020.3.4,-1,,,,0,True,,pending
doi:10.18296/rep.0092,-1,,,,0,True,,pending
doi:10.26188/32239944.v1,-1,,,,0,True,,pending
doi:10.1108/jea-02-2022-267,-1,,,,0,True,,pending
doi:10.1177/0892020620942505,10,10,10.1,10,2,False,,pending
doi:10.24385/lincoln.24327118,9,9,,9,1,False,,pending
doi:10.3102/2195272,9,9,9.1,9,2,False,,pending
doi:10.1007/978-3-031-92064-6_15,-1,,,,0,True,,pending
doi:10.1108/979-8-88730-728-220251012,3,3,3.2,3,2,False,,pending
doi:10.25549/usctheses-ouc11399mdez,9,9,9.2,9,2,False,,pending
doi:10.2139/ssrn.6660540,16,16,16.0,16,2,False,,pending
record:ba94119f93f14937844ba3e9,9,9,,9,1,False,,pending
doi:10.5771/9781475871913-35,-1,,,,0,True,,pending
record:4458a4f07394c44c938afec9,9,9,9.0,9,2,False,,pending
doi:10.3390/educsci14090929,-1,,,,0,True,,pending
record:b156979fd34dab12a3d5a070,27,27,,27,1,False,,pending
doi:10.1007/978-3-031-92064-6_10,12,12,,12,1,False,,pending
doi:10.21125/inted.2024.1389,0,0,,0,1,False,,pending
doi:10.3126/pdmdj.v6i2.79717,10,10,10.1,10,2,False,,pending
doi:10.23865/nse.v40.2603,9,9,9.1,9,2,False,,pending
doi:10.3102/00346543261470795,27,27,,27,1,False,,pending
doi:10.36096/ijbes.v8i3.1220,-1,,,,0,True,,pending
doi:10.1177/08920206241240034,9,9,,9,1,False,,pending
record:6c14446e7fc557951bcfd464,-1,,,,0,True,,pending
doi:10.1080/03323315.2026.2623627,9,9,,9,1,False,,pending
doi:10.1080/15700763.2024.2324019,25,25,,25,1,False,,pending
doi:10.52690/jitim.v6i2.1528,0,0,0.2,0,2,False,,pending
doi:10.1080/2331186x.2023.2255089,-1,,,,0,True,,pending
doi:10.1177/0013161x251408871,22,22,,22,1,False,,pending
record:f65132e9fc1095ae82514b5d,-1,,,,0,True,,pending
doi:10.1177/0013161x211011235,9,9,,9,1,False,,pending
record:59322e3876f88e14193c0e71,9,9,,9,1,False,,pending
doi:10.1080/13603124.2024.2369998,-1,,,,0,True,,pending
doi:10.69502/cctj0002,13,13,,13,1,False,,pending
doi:10.46404/ejssls.v12i1.6478,10,10,10.1,10,2,False,,pending
doi:10.3102/2016026,10,10,10.0,10,2,False,,pending
doi:10.18848/2329-1656/cgp/v28i01/89-104,10,10,10.1,10,2,False,,pending
doi:10.4236/ojl.2024.132012,9,9,9.0,9,2,False,,pending
doi:10.3389/fpsyg.2022.834349,7,7,7.0,7,2,False,,pending
doi:10.1080/00220620.2024.2396901,9,9,,9,1,False,,pending
doi:10.3102/2016981,-1,,,,0,True,,pending
doi:10.3102/ip.25.2197164,9,9,9.1,9,2,False,,pending
doi:10.3389/feduc.2026.1823242,27,27,,27,1,False,,pending
doi:10.23918/ijsses.v12i4p1,-1,,,,0,True,,pending
doi:10.1108/ijem-09-2025-0727,-1,,,,0,True,,pending
record:02c0893de74abad13bcf8a9f,9,9,9.2,9,2,False,,pending
doi:10.3102/2015319,-1,,,,0,True,,pending
doi:10.38140/ijss-2025.vol5.2.06,10,10,10.1,10,2,False,,pending
doi:10.17951/pe.2023.7.63-73,-1,,,,0,True,,pending
doi:10.1080/15700763.2025.2559820,-1,,,,0,True,,pending
doi:10.33140/jepr.08.01.10,-1,,,,0,True,,pending
doi:10.1108/jea-11-2024-0376,-1,,,,0,True,,pending
doi:10.5861/ijrse.2022.352,9,9,,9,1,False,,pending
record:bb8f3c9f370733b2b9a50b0e,-1,,,,0,True,,pending
record:c4322b4647be70fe8e2f2fbe,9,9,,9,1,False,,pending
doi:10.1080/0305764x.2026.2643352,10,10,10.1,10,2,False,,pending
doi:10.1080/15700763.2021.1931348,25,25,,25,1,False,,pending
doi:10.1007/978-3-032-05401-2_1,-1,,,,0,True,,pending
doi:10.1108/jea-04-2021-0081,-1,,,,0,True,,pending
doi:10.1177/00131245211001905,-1,,,,0,True,,pending
doi:10.3390/educsci12060422,11,11,,11,1,False,,pending
doi:10.3126/sss.v25i1.90498,5,5,5.0,5,2,False,,pending
doi:10.26716/redlands/doctor/2023.8,10,10,10.0,10,2,False,,pending
doi:10.4324/9781003668336-11,20,20,20.0,20,2,False,,pending
doi:10.59656/el-ls2384.001,9,9,,9,1,False,,pending
doi:10.17159/2520-9868/i79a07,10,10,10.1,10,2,False,,pending
doi:10.3389/feduc.2021.532253,10,10,10.1,10,2,False,,pending
record:e4910a13e2389849a5de63cc,9,9,,9,1,False,,pending
doi:10.4324/9780429327902-11,-1,,,,0,True,,pending
doi:10.1080/15700763.2021.1917624,-1,,,,0,True,,pending
doi:10.3776/tpre.2025.v15n1p214-244,27,27,,27,1,False,,pending
doi:10.1080/15700763.2026.2624402,25,25,,25,1,False,,pending
record:e11622cf9fa9e2aa1180c98c,22,22,22.1,22,2,False,,pending
doi:10.1177/2332858420929298,10,10,10.0,10,2,False,,pending
doi:10.1177/0013161x261441316,10,10,10.0,10,2,False,,pending
record:1106886572f0b975ce2c06b3,-1,,,,0,True,,pending
doi:10.1177/17411432261460799,-1,,,,0,True,,pending
doi:10.4337/9781035307722.00015,-1,,,,0,True,,pending
doi:10.32674/jsard.v5is1.2803,7,7,7.1,7,2,False,,pending
doi:10.1108/jea-08-2023-0188,7,7,7.1,7,2,False,,pending
doi:10.1177/10526846211067636,-1,,,,0,True,,pending
doi:10.1007/978-3-031-92064-6_6,-1,,,,0,True,,pending
record:80866b074b18926e9dc1c352,9,9,,9,1,False,,pending
doi:10.1177/19427751261426487,27,27,,27,1,False,,pending
doi:10.1177/19427751251341296,-1,,,,0,True,,pending
record:c29d8e7467b53e27da572c77,9,9,,9,1,False,,pending
doi:10.1108/978-1-83909-864-220211009,-1,,,,0,True,,pending
doi:10.4018/978-1-7998-8532-0.ch002,10,10,10.0,10,2,False,,pending
doi:10.4324/9781003217220-26,-1,,,,0,True,,pending
doi:10.1177/10762175241308954,-1,,,,0,True,,pending
record:1ed08a7b648b77c7c04c2e2a,-1,,,,0,True,,pending
doi:10.1177/17411432221113411,3,3,,3,1,False,,pending
doi:10.17605/osf.io/c8kfg,9,9,9.2,9,2,False,,pending
doi:10.4324/9780429464553-5,-1,,,,0,True,,pending
record:495bd4a0df6c417e912f09a9,10,10,10.0,10,2,False,,pending
doi:10.1177/08920206241249855,-1,,,,0,True,,pending
doi:10.62608/2164-1102.1091,-1,,,,0,True,,pending
doi:10.12806/v22/i1/r8,-1,,,,0,True,,pending
doi:10.1108/979-8-88730-828-920251008,-1,,,,0,True,,pending
doi:10.1177/073491492004400103,27,27,,27,1,False,,pending
doi:10.1080/00220620.2024.2311398,10,10,10.0,10,2,False,,pending
doi:10.62608/2164-1102.1104,3,3,3.0,3,2,False,,pending
doi:10.2139/ssrn.4687967,-1,,,,0,True,,pending
doi:10.70135/seejph.vi.1950,24,24,24.0,24,2,False,,pending
doi:10.70062/incoils.v5i1.382,25,25,,25,1,False,,pending
doi:10.1080/2331186x.2022.2139119,-1,,,,0,True,,pending
doi:10.18297/etd/3587,-1,,,,0,True,,pending
doi:10.1108/978-1-80117-358-220221013,-1,,,,0,True,,pending
doi:10.4324/9781003503002-14,-1,,,,0,True,,pending
doi:10.1080/15700763.2022.2131580,-1,,,,0,True,,pending
doi:10.46303/jcve.2025.13,10,10,10.1,10,2,False,,pending
doi:10.33225/pec/21.79.47,10,10,10.1,10,2,False,,pending
doi:10.19044/ejes.v7no2a8,10,10,10.1,10,2,False,,pending
doi:10.21061/jvs.v8i1.175,-1,,,,0,True,,pending
doi:10.1108/978-1-80117-358-220221002,20,20,20.0,20,2,False,,pending
doi:10.1108/jea-11-2024-0378,-1,,,,0,True,,pending
doi:10.20525/ijrbs.v15i4.5051,-1,,,,0,True,,pending
doi:10.1108/ijem-07-2020-0330,-1,,,,0,True,,pending
doi:10.30821/hijri.v12i2.17891,-1,,,,0,True,,pending
doi:10.15700/saje.v45ns2a2560,9,9,,9,1,False,,pending
doi:10.1007/978-3-031-62735-4_5,-1,,,,0,True,,pending
doi:10.1080/13603124.2022.2052760,10,10,10.1,10,2,False,,pending
doi:10.26190/unsworks/32337,9,9,,9,1,False,,pending
record:c0b820d29f8e9fcef177d83c,7,7,7.0,7,2,False,,pending
doi:10.1108/jea-02-2024-0037,-1,,,,0,True,,pending
doi:10.1108/jea-04-2021-0086,-1,,,,0,True,,pending
record:e1bfbf55dfb0ae04e1e8e217,9,9,,9,1,False,,pending
doi:10.1007/978-3-030-47020-3_11,-1,,,,0,True,,pending
doi:10.15700/saje.v45n1a2026,3,3,3.2,3,2,False,,pending
doi:10.4324/9781003145332-12,-1,,,,0,True,,pending
doi:10.9734/bpi/sthss/v4/9827d,10,10,10.1,10,2,False,,pending
doi:10.3389/feduc.2025.1519359,27,27,,27,1,False,,pending
doi:10.4324/9780429327902-8,9,9,,9,1,False,,pending
doi:10.1007/978-3-030-76837-9_2,-1,,,,0,True,,pending
doi:10.36315/2025v2end129,-1,,,,0,True,,pending
doi:10.2139/ssrn.5257931,9,9,9.0,9,2,False,,pending
doi:10.3390/educsci15080998,22,22,22.0,22,2,False,,pending
record:f5e7dea2da2a5144d3f0467d,9,9,,9,1,False,,pending
doi:10.1177/17411432241264693,3,3,3.2,3,2,False,,pending
doi:10.1007/978-3-031-62735-4_11,9,9,9.1,9,2,False,,pending
record:33394043eb7ab318074497a1,7,7,7.1,7,2,False,,pending
record:526e69645e6d365b569b7cb4,10,10,10.0,10,2,False,,pending
doi:10.1093/acrefore/9780190264093.013.714,-1,,,,0,True,,pending
doi:10.1080/13603124.2026.2722648,-1,,,,0,True,,pending
doi:10.1177/17411432241303673,-1,,,,0,True,,pending
doi:10.1080/13603124.2025.2606992,10,10,10.1,10,2,False,,pending
doi:10.58905/jse.v6i2.1.715,25,25,,25,1,False,,pending
record:f60dc1b934569c00e98146a2,-1,,,,0,True,,pending
doi:10.4324/9781351188715-5,10,10,10.1,10,2,False,,pending
doi:10.21428/8c225f6e.8f96ed8d,0,0,,0,1,False,,pending
doi:10.46303/repam.2023.30,-1,,,,0,True,,pending
doi:10.38159/ehass.202451311,7,7,7.1,7,2,False,,pending
doi:10.1108/jea-09-2024-0325,10,10,10.1,10,2,False,,pending
record:9ee95a4716671a10044f3d69,10,10,10.1,10,2,False,,pending
doi:10.1080/13632434.2026.2630642,-1,,,,0,True,,pending
doi:10.35741/issn.0258-2724.58.3.65,5,5,5.1,5,2,False,,pending
doi:10.1108/jpcc-05-2024-0061,-1,,,,0,True,,pending
doi:10.1007/978-3-032-05401-2_6,-1,,,,0,True,,pending
doi:10.34961/18983,4,4,,4,1,False,,pending
doi:10.1007/978-3-030-99097-8_56,-1,,,,0,True,,pending
doi:10.22161/ijels.74.9,9,9,9.0,9,2,False,,pending
doi:10.1108/jea-03-2020-0054,-1,,,,0,True,,pending
doi:10.1108/jea-10-2025-0398,-1,,,,0,True,,pending
doi:10.7176/jep/11-18-01,9,9,,9,1,False,,pending
doi:10.5281/zenodo.17753400,11,11,,11,1,False,,pending
record:f510f0b5015bbc47464ba877,3,3,3.2,3,2,False,,pending
record:37236e1415848a4fb08a0332,17,17,17.0,17,2,False,,pending
doi:10.21474/ijar01/16840,9,9,,9,1,False,,pending
doi:10.15390/eb.2023.12225,7,7,7.1,7,2,False,,pending
doi:10.3389/feduc.2022.897620,-1,,,,0,True,,pending
record:31fdbe1076c7a34af01de717,-1,,,,0,True,,pending
doi:10.17275/per.24.50.11.4,-1,,,,0,True,,pending
doi:10.5771/9781475859867,9,9,,9,1,False,,pending
doi:10.7575/aiac.ijels.v.8n.1p.74,25,25,,25,1,False,,pending
doi:10.1108/ijem-12-2023-0607,-1,,,,0,True,,pending
doi:10.1108/ijmce-09-2021-0089,7,7,7.1,7,2,False,,pending
doi:10.52690/jswse.v7i2.1617,7,7,7.1,7,2,False,,pending
doi:10.1108/jpcc-05-2020-0020,3,3,3.2,3,2,False,,pending
doi:10.3390/educsci13111142,-1,,,,0,True,,pending
record:8081f645f23b1a43fcf5d50d,27,27,,27,1,False,,pending
doi:10.5281/zenodo.20563014,9,9,,9,1,False,,pending
doi:10.1177/0013161x241309854,10,10,10.0,10,2,False,,pending
doi:10.9734/bpi/pller/v3/2472g,-1,,,,0,True,,pending
record:697b4035e1e38e34bfc61d19,10,10,10.0,10,2,False,,pending
doi:10.17918/00010705,9,9,,9,1,False,,pending
record:7b5fcc3d7e0a69561ff98c39,-1,,,,0,True,,pending
doi:10.1108/jea-11-2024-0384,-1,,,,0,True,,pending
doi:10.56293/ijmsssr.2025.5411,-1,,,,0,True,,pending
doi:10.1108/jea-10-2020-0215,0,0,0.2,0,2,False,,pending
doi:10.1108/jea-04-2021-0100,-1,,,,0,True,,pending
doi:10.1108/jea-05-2019-0088,-1,,,,0,True,,pending
doi:10.5642/cguetd.nzxd4902,19,19,,19,1,False,,pending
doi:10.1007/s11256-025-00776-2,27,27,,27,1,False,,pending
record:76022e4c37a2bfc4039674be,22,22,,22,1,False,,pending
record:29cfb9e7f0b6993d5225dc7e,10,10,10.1,10,2,False,,pending
record:ce63d94d6fee31d2fdf66a57,-1,,,,0,True,,pending
record:613e2180f57d28d26282e90d,-1,,,,0,True,,pending
doi:10.5281/zenodo.20371680,9,9,9.1,9,2,False,,pending
doi:10.66053/voice.v4i2.831,10,10,10.1,10,2,False,,pending
doi:10.5281/zenodo.20364688,9,9,9.1,9,2,False,,pending
doi:10.1177/08920206261423401,9,9,,9,1,False,,pending
doi:10.63612/ijesp.1903180,9,9,9.1,9,2,False,,pending
doi:10.12794/metadc1752321,10,10,10.1,10,2,False,,pending
doi:10.34917/2826705,4,4,4.1,4,2,False,,pending
doi:10.34917/4332739,-1,,,,0,True,,pending
doi:10.1108/jea-03-2026-0145,-1,,,,0,True,,pending
doi:10.18999/nueduca.67.2.27,-1,,,,0,True,,pending
doi:10.7302/22505,10,10,10.0,10,2,False,,pending
doi:10.31849/dinamisia.v9i2.23440,9,9,9.0,9,2,False,,pending
doi:10.57709/22748480,-1,,,,0,True,,pending
record:cbfded978f13664e21dc1e85,27,27,,27,1,False,,pending
doi:10.61448/djerd22221,9,9,9.1,9,2,False,,pending
doi:10.1108/jea-05-2026-450,22,22,,22,1,False,,pending
doi:10.32469/10355/105941,27,27,,27,1,False,,pending
record:e74eac99eb7619ac7438e702,-1,,,,0,True,,pending
doi:10.5281/zenodo.19286138,10,10,10.1,10,2,False,,pending
record:f91c7c35be5c6a58c0bd7d9c,-1,,,,0,True,,pending
record:75cc69eb0be702cb81a4655a,-1,,,,0,True,,pending
doi:10.29086/10413/22984,-1,,,,0,True,,pending
doi:10.59656/el-sb1065.001,9,9,9.1,9,2,False,,pending
doi:10.32674/jsard.v6i1.2444,-1,,,,0,True,,pending
doi:10.58689/eibd.1282302,22,22,22.1,22,2,False,,pending
doi:10.3390/educsci13080787,-1,,,,0,True,,pending
doi:10.20429/ger.2023.200204,-1,,,,0,True,,pending
doi:10.7275/13472512,26,26,,26,1,False,,pending
doi:10.3390/encyclopedia6040072,-1,,,,0,True,,pending
doi:10.12681/ppej.29464,-1,,,,0,True,,pending
doi:10.36315/2022v1end006,9,9,,9,1,False,,pending
doi:10.26182/de7g-xn04,-1,,,,0,True,,pending
record:3e86ade5896910b1eb5dc282,22,22,,22,1,False,,pending
doi:10.29228/joh.66777,-1,,,,0,True,,pending
doi:10.26493/978-961-293-504-7.6,-1,,,,0,True,,pending
record:fc8dfce85e085161c23b7f96,-1,,,,0,True,,pending
doi:10.1080/01425692.2023.2167701,-1,,,,0,True,,pending
doi:10.1007/978-3-031-37604-7,-1,,,,0,True,,pending
doi:10.20355/jcie29743,-1,,,,0,True,,pending
doi:10.55254/1835-1492.1523,12,12,12.1,12,2,False,,pending
doi:10.1177/19427751251341300,-1,,,,0,True,,pending
doi:10.22230/ijepl.2021v17n7a1103,9,9,9.0,9,2,False,,pending
doi:10.24191/ajue.v19i2.22298,-1,,,,0,True,,pending
doi:10.18296/rep.0005,10,10,10.1,10,2,False,,pending
doi:10.26466/opus.605482,13,13,13.1,13,2,False,,pending
doi:10.1163/25902539-04040003,-1,,,,0,True,,pending
doi:10.31004/obsesi.v5i1.727,3,3,3.0,3,2,False,,pending
doi:10.29086/2519-5476/2022/sp39a11,-1,,,,0,True,,pending
doi:10.3102/01623737261427479,27,27,,27,1,False,,pending
doi:10.47772/ijriss.2021.5515,-1,,,,0,True,,pending
record:cc30efe120497ff6d4de172a,2,2,2.0,2,2,False,,pending
doi:10.1177/08920206231201536,-1,,,,0,True,,pending
doi:10.1080/15700763.2026.2725031,-1,,,,0,True,,pending
doi:10.7275/avsp-3h29,26,26,,26,1,False,,pending
doi:10.30845/ijbss.v11n3a2,-1,,,,0,True,,pending
doi:10.61838/kman.ijes.8.2.19,9,9,,9,1,False,,pending
doi:10.62608/2164-1102.1002,27,27,,27,1,False,,pending
doi:10.51473/rcmos.v1i2.2024.743,5,5,5.1,5,2,False,,pending
doi:10.30681/reps.v13i3.10551,1,1,1.0,1,2,False,,pending
doi:10.35501/dissol.vi16.1014,-1,,,,0,True,,pending
doi:10.56069/2676-0428.2025.648,-1,,,,0,True,,pending
doi:10.36238/23595787.artcient.08202020,-1,,,,0,True,,pending
doi:10.29327/5900117,4,4,4.1,4,2,False,,pending
doi:10.29327/760477,15,15,15.0,15,2,False,,pending
doi:10.36517/eemd.v46i92.93423,1,1,1.2,1,2,False,,pending
doi:10.51891/rease.v9i5.9384,1,1,1.2,1,2,False,,pending
record:8569b2988637d6be0b60679c,11,11,11.0,11,2,False,,pending
doi:10.56579/rei.v5i6.643,1,1,1.1,1,2,False,,pending
doi:10.36557/pbpc.v4i2.452,1,1,,1,1,False,,pending
doi:10.56069/2676-0428.2026.750,1,1,,1,1,False,,pending
doi:10.29327/118029.1-1,26,26,,26,1,False,,pending
doi:10.22294/eduperppgeufv.v11i00.9238,-1,,,,0,True,,pending
doi:10.21680/1981-1802.2021v59n59id22747,11,11,11.1,11,2,False,,pending
doi:10.36311/2236-5192.2021.v22esp2.p121,5,5,,5,1,False,,pending
doi:10.29327/7436228,-1,,,,0,True,,pending
doi:10.31012/978-65-5861-393-0,-1,,,,0,True,,pending
doi:10.48209/978-65-5417-deb-z,3,3,3.1,3,2,False,,pending
record:6262e5238b79304d80593a95,15,15,15.0,15,2,False,,pending
doi:10.23899/9786589284819,-1,,,,0,True,,pending
doi:10.5281/zenodo.8200002,-1,,,,0,True,,pending
doi:10.12957/teias.2024.84170,10,10,10.1,10,2,False,,pending
doi:10.29327/2334916.18.1-15,-1,,,,0,True,,pending
doi:10.26893/desleituras.v10i10.125,1,1,,1,1,False,,pending
doi:10.55905/cuadv15n5-046,11,11,,11,1,False,,pending
doi:10.51473/rcmos.v1i1.2021.683,0,0,0.0,0,2,False,,pending
record:ae5d2126a4462830236ee343,-1,,,,0,True,,pending
doi:10.36926/editorainovar-978-65-5388-094-8_007,-1,,,,0,True,,pending
doi:10.70678/sala8.v1i10.1541,-1,,,,0,True,,pending
doi:10.48209/978-65-5417-210-1,-1,,,,0,True,,pending
doi:10.5281/zenodo.6983345,-1,,,,0,True,,pending
record:6279b59582a42bbadf7eae1d,-1,,,,0,True,,pending
record:b9262b22944c96154f124864,-1,,,,0,True,,pending
doi:10.5281/zenodo.20059923,-1,,,,0,True,,pending
doi:10.46550/amormundi.v5i1.385,26,26,,26,1,False,,pending
doi:10.29327/5673161.1-14,15,15,15.0,15,2,False,,pending
doi:10.29327/145871.5-10,10,10,10.1,10,2,False,,pending
doi:10.29327/5259084.1-7,-1,,,,0,True,,pending
record:bc499c8bccf0ea27aff1a5fd,3,3,3.1,3,2,False,,pending
doi:10.56579/eduinterpe.v1i3.2299,17,17,,17,1,False,,pending
doi:10.26843/ae.v17i00.1325,17,17,17.1,17,2,False,,pending
doi:10.47538/ac-2024.33-17,-1,,,,0,True,,pending
doi:10.34019/2237-9444.2026.v16.52332,11,11,,11,1,False,,pending
doi:10.56238/arev8n1-030,15,15,,15,1,False,,pending
doi:10.21573/vol37n22021.107131,-1,,,,0,True,,pending
doi:10.38090/recs.2595-9980.v6.n10.16700,-1,,,,0,True,,pending
doi:10.21920/recei.v10i34.6630,15,15,15.0,15,2,False,,pending
doi:10.47247/pp/6063.146.5,-1,,,,0,True,,pending
doi:10.63103/7h9k8257,1,1,,1,1,False,,pending
doi:10.53782/51,1,1,,1,1,False,,pending
doi:10.54751/revistafoco.v17n12-191,0,0,0.0,0,2,False,,pending
doi:10.48209/978-65-5417-347-7,-1,,,,0,True,,pending
doi:10.51473/ed.al.idc3,1,1,,1,1,False,,pending
doi:10.6084/m9.figshare.30581552,-1,,,,0,True,,pending
doi:10.28998/2175-6600.2021v13nesp2p512-533,-1,,,,0,True,,pending
doi:10.31070/rm2023gumr01,26,26,,26,1,False,,pending
doi:10.5281/zenodo.21962620,1,1,1.0,1,2,False,,pending
doi:10.47820/recima21.v3i11.2271,15,15,15.0,15,2,False,,pending
doi:10.37885/210604961,26,26,,26,1,False,,pending
doi:10.54751/revistafoco.v17n5-041,1,1,1.2,1,2,False,,pending
doi:10.58422/repesq.2025.e1823,-1,,,,0,True,,pending
doi:10.37579/eab.v4i1.76,4,4,4.1,4,2,False,,pending
doi:10.36229/978-65-5866-013-2.cap.01,1,1,1.2,1,2,False,,pending
doi:10.34117/bjdv6n1-031,4,4,4.1,4,2,False,,pending
doi:10.5281/zenodo.8165866,11,11,11.1,11,2,False,,pending
doi:10.4025/jphyseduc.v36i1.3630,1,1,1.1,1,2,False,,pending
doi:10.36311/2236-5192.2025.v26.e025022,22,22,22.0,22,2,False,,pending
doi:10.36599/itac-edquars.004,1,1,1.2,1,2,False,,pending
doi:10.22169/cadernointer.v15n55.3895,-1,,,,0,True,,pending
doi:10.24220/2318-0870v31a2026e16383,-1,,,,0,True,,pending
doi:10.51473/rcmos.v1i7.2021.125,10,10,10.1,10,2,False,,pending
doi:10.47328/rpv.v13i2.16905,11,11,,11,1,False,,pending
doi:10.46550/978-65-5397-088-5.77-90,26,26,,26,1,False,,pending
doi:10.29327/5837120,1,1,,1,1,False,,pending
doi:10.47247/czp/88471.99.9,-1,,,,0,True,,pending
doi:10.48209/978-65-5417-172-1,-1,,,,0,True,,pending
doi:10.63391/89aa94,5,5,5.1,5,2,False,,pending
doi:10.37885/978-65-89826-12-5,-1,,,,0,True,,pending
record:1bb1798860c93b1bac3d0391,-1,,,,0,True,,pending
doi:10.7476/9786556309330.0002,1,1,1.2,1,2,False,,pending
doi:10.29327/1346686.6-2,0,0,0.0,0,2,False,,pending
doi:10.29327/218457.19.157-7,-1,,,,0,True,,pending
doi:10.36926/editorainovar-978-65-5388-263-8_001,1,1,1.1,1,2,False,,pending
doi:10.29327/5737923,0,0,0.3,0,2,False,,pending
doi:10.34620/eduser.v18i2.409,-1,,,,0,True,,pending
doi:10.34117/bjdv8n10-017,1,1,1.1,1,2,False,,pending
doi:10.48021/978-65-252-7612-0,11,11,,11,1,False,,pending
doi:10.29327/5881940,5,5,5.1,5,2,False,,pending
doi:10.29327/1336231.8-468,1,1,1.1,1,2,False,,pending
doi:10.30681/reps.v17i1.14875,-1,,,,0,True,,pending
doi:10.22533/at.ed.87011025050813,26,26,,26,1,False,,pending
doi:10.7476/9786556309330,11,11,11.1,11,2,False,,pending
record:9f219c7d620fa9fe836d973d,-1,,,,0,True,,pending
doi:10.5335/9786556070964/cap.16,-1,,,,0,True,,pending
record:10dbf5491671dc7d6396e97b,-1,,,,0,True,,pending
doi:10.51189/v-conbraed/52830,-1,,,,0,True,,pending
doi:10.22633/rpge.v26i00.17710,-1,,,,0,True,,pending
doi:10.56238/edimpacto2025.092-057,1,1,1.2,1,2,False,,pending
doi:10.51189/conlinps2024/37775,1,1,1.2,1,2,False,,pending
doi:10.63391/9sbpqp84,-1,,,,0,True,,pending
doi:10.47538/ac-2022.09-39,1,1,1.2,1,2,False,,pending
doi:10.26843/ae.v18i00.1513,-1,,,,0,True,,pending
doi:10.55905/reiv5n2-002,4,4,4.1,4,2,False,,pending
doi:10.22167/2675-6528-202602200,-1,,,,0,True,,pending
record:198ffc4eb811278fa63b5409,11,11,11.1,11,2,False,,pending
doi:10.36311/2236-5192.2007.v8n1.616,11,11,11.1,11,2,False,,pending
doi:10.47149/pemo.v3i2.4562,-1,,,,0,True,,pending
doi:10.35819/tear.v11.n2.a6274,-1,,,,0,True,,pending
doi:10.18593/r.v45i0.23370,1,1,1.0,1,2,False,,pending
doi:10.54751/revistafoco.v16n11-228,-1,,,,0,True,,pending
doi:10.47149/pemo.v4.e48747,1,1,1.0,1,2,False,,pending
record:221b408d515fea47b41e4dff,10,10,10.1,10,2,False,,pending
doi:10.69849/revistaft/pa10202508312038,4,4,4.1,4,2,False,,pending
doi:10.51891/rease.v7i2.620,26,26,,26,1,False,,pending
doi:10.29327/218457.16.136-8,26,26,,26,1,False,,pending
record:de399906419c1019dabc9e6e,-1,,,,0,True,,pending
doi:10.48021/978-65-270-3513-8-c6,26,26,,26,1,False,,pending
doi:10.26843/ae.v17iesp.2.1285,3,3,3.1,3,2,False,,pending
doi:10.33448/rsd-v11i6.29136,-1,,,,0,True,,pending
doi:10.5281/zenodo.21459954,15,15,15.0,15,2,False,,pending
doi:10.51473/ed.al.v3i1.508,-1,,,,0,True,,pending
doi:10.47538/ac-2020.11-03,5,5,5.1,5,2,False,,pending
doi:10.31070/rm2021psb03,22,22,22.0,22,2,False,,pending
doi:10.35587/brj.ed.0001488,-1,,,,0,True,,pending
record:8e3c781ad7c8fb461ee4344a,15,15,15.0,15,2,False,,pending
doi:10.54033/cadpedv21n13-423,1,1,,1,1,False,,pending
doi:10.48209/978-65-89949-23-1,1,1,1.2,1,2,False,,pending
doi:10.46636/recital.v7i1.569,0,0,0.3,0,2,False,,pending
doi:10.5281/zenodo.21541838,-1,,,,0,True,,pending
doi:10.5281/zenodo.16902897,-1,,,,0,True,,pending
doi:10.36926/editorainovar-978-65-5388-311-6_013,-1,,,,0,True,,pending
record:f5588f37c2bb601ec6ffa2b7,15,15,,15,1,False,,pending
doi:10.31560/pimentacultural/2022.94753,1,1,1.0,1,2,False,,pending
doi:10.56069/2676-0428.2025.551,4,4,4.1,4,2,False,,pending
doi:10.69720/29660599.2026.000303,1,1,1.1,1,2,False,,pending
doi:10.22533/at.ed.2862116071,1,1,1.2,1,2,False,,pending
doi:10.47573/aya.88580.2.33.1,-1,,,,0,True,,pending
record:fc62ee6a4b274125bc8b825f,-1,,,,0,True,,pending
record:03423a3f8724a7f743883918,15,15,,15,1,False,,pending
doi:10.29327/1346015.3-1,1,1,1.1,1,2,False,,pending
doi:10.22420/rde.v16i36.1623,1,1,,1,1,False,,pending
doi:10.54751/revistafoco.v16n10-156,-1,,,,0,True,,pending
doi:10.29327/5924041,4,4,,4,1,False,,pending
record:a9672389575bbad653837977,1,1,1.1,1,2,False,,pending
doi:10.47247/rtssf/6063.084.0.8,-1,,,,0,True,,pending
doi:10.51189/ensipex/119,3,3,3.1,3,2,False,,pending
doi:10.47402/ed.ep.c231045751,26,26,,26,1,False,,pending
doi:10.37885/210303769,1,1,,1,1,False,,pending
doi:10.47573/aya.5379.2.517.15,15,15,15.0,15,2,False,,pending
doi:10.56238/arev6n2-056,-1,,,,0,True,,pending
doi:10.5281/zenodo.17795186,5,5,5.1,5,2,False,,pending
doi:10.15603/1982-8756/roc.v20.p585-611,26,26,,26,1,False,,pending
doi:10.31560/pimentacultural/978-85-7221-532-9.10,4,4,,4,1,False,,pending
doi:10.47573/aya.5379.2.216,-1,,,,0,True,,pending
doi:10.1590/s1413-24782020250066,4,4,,4,1,False,,pending
doi:10.37423/220505812,-1,,,,0,True,,pending
doi:10.22533/at.ed.7412202128,1,1,1.1,1,2,False,,pending
doi:10.22533/at.ed.7412202123,1,1,1.2,1,2,False,,pending
record:9a6263d6cd3c6eb058136efa,10,10,10.1,10,2,False,,pending
doi:10.29327/5673161.1-18,1,1,,1,1,False,,pending
record:7748dab0dcb95fc70943d647,1,1,1.2,1,2,False,,pending
doi:10.47879/ed.ep.2024984p109,1,1,1.2,1,2,False,,pending
doi:10.59974/1984-8153.2023.7,5,5,,5,1,False,,pending
doi:10.22533/at.ed.2902013025,1,1,1.2,1,2,False,,pending
doi:10.36470/famen.2021.r2a22,15,15,15.0,15,2,False,,pending
doi:10.48209/978-65-5417-014-2,4,4,4.1,4,2,False,,pending
doi:10.51891/rease.v11i3.18348,-1,,,,0,True,,pending
record:7f6b255264f0cb6316cbdbd9,1,1,,1,1,False,,pending
record:0b14a389afafbb868d1b4b99,1,1,,1,1,False,,pending
doi:10.5585/2025.28361,-1,,,,0,True,,pending
doi:10.47094/978-65-284-0269-4/277-287,5,5,5.1,5,2,False,,pending
doi:10.22533/at.ed.5652029066,1,1,1.2,1,2,False,,pending
doi:10.47538/ac-2022.09-10,1,1,1.2,1,2,False,,pending
doi:10.29327/5881601.1-80,-1,,,,0,True,,pending
doi:10.29327/1336167.1-3,-1,,,,0,True,,pending
doi:10.29327/5468591,15,15,15.0,15,2,False,,pending
record:8d1a48cf18472015cb99b79f,-1,,,,0,True,,pending
doi:10.51473/rcmos.v1i1.2021.204,5,5,5.1,5,2,False,,pending
doi:10.29327/5834933.1-2,0,0,,0,1,False,,pending
record:3bd778a68ee358f097868039,-1,,,,0,True,,pending
doi:10.29327/5317029.1-12,-1,,,,0,True,,pending
doi:10.51891/rease.v10i3.13168,1,1,,1,1,False,,pending
doi:10.37008/978-65-5368-781-3.20.06.26,26,26,,26,1,False,,pending
record:310b9ae95ebb973b03c41051,15,15,15.0,15,2,False,,pending
doi:10.7769/gesec.v16i10.5325,21,21,21.0,21,2,False,,pending
record:b580d87cab7da63ef4cc2967,-1,,,,0,True,,pending
doi:10.51891/rease.v11i1.17867,0,0,0.3,0,2,False,,pending
doi:10.26843/ae.v17iesp.2.1286,1,1,1.1,1,2,False,,pending
doi:10.51891/rease.v7i4.993,1,1,,1,1,False,,pending
doi:10.5216/racs.v5.66341,14,14,14.1,14,2,False,,pending
doi:10.51473/ed.al.v3i1.546,12,12,,12,1,False,,pending
doi:10.47879/ed.ep.2024984p87,10,10,10.1,10,2,False,,pending
doi:10.55908/rgcv16n1-003,15,15,15.0,15,2,False,,pending
doi:10.51891/rease.v11i4.18586,1,1,1.0,1,2,False,,pending
doi:10.51891/rease.v9i5.9851,3,3,3.1,3,2,False,,pending
doi:10.46898/home.78072793-85b5-45d6-a07a-1287ad24d3b9,-1,,,,0,True,,pending
doi:10.1590/1980-6248-2024-0037br,1,1,,1,1,False,,pending
doi:10.46550/ilustracao.v4i6.227,-1,,,,0,True,,pending
record:b7dc94196c37784d27256084,1,1,1.1,1,2,False,,pending
doi:10.51207/2179-4057.20230041,-1,,,,0,True,,pending
doi:10.54751/revistafoco.v18n3-071,-1,,,,0,True,,pending
doi:10.63330/aurumpub.050-009,1,1,,1,1,False,,pending
doi:10.47573/aya.5379.2.73.17,4,4,,4,1,False,,pending
doi:10.61164/rmnm.v6i1.3613,-1,,,,0,True,,pending
doi:10.55905/revconv.17n.12-079,-1,,,,0,True,,pending
doi:10.56238/revgeov17n8-047,-1,,,,0,True,,pending
record:192628b1a9c66203e4495d01,15,15,15.0,15,2,False,,pending
doi:10.36926/editorainovar-978-65-5388-263-8,15,15,15.0,15,2,False,,pending
doi:10.56579/rei.v8i1.2523,4,4,4.1,4,2,False,,pending
doi:10.37423/200200302,-1,,,,0,True,,pending
doi:10.56083/rcv4n8-044,1,1,1.2,1,2,False,,pending
doi:10.29327/7544881,1,1,1.1,1,2,False,,pending
doi:10.47149/pemo.v5.e11418,5,5,5.1,5,2,False,,pending
doi:10.46898/rfb.9786558892441.8,26,26,,26,1,False,,pending
doi:10.48021/978-65-270-2507-8-c5,-1,,,,0,True,,pending
doi:10.18616/rsp.v5i1.6636,11,11,11.1,11,2,False,,pending
doi:10.47820/recima21.v4i2.2680,26,26,,26,1,False,,pending
doi:10.29327/23593822.1292611,26,26,,26,1,False,,pending
doi:10.29327/5913965,15,15,15.0,15,2,False,,pending
doi:10.31512/30862531.2026.10.5308,4,4,4.1,4,2,False,,pending
doi:10.20396/rho.v22i00.8661138,-1,,,,0,True,,pending
doi:10.36926/editorainovar-978-65-5388-384-0_001,1,1,,1,1,False,,pending
record:61022b9ad445e48035571451,-1,,,,0,True,,pending
doi:10.22533/at.ed.8882301034,26,26,,26,1,False,,pending
doi:10.52641/cadcajv11i4.2548,4,4,4.1,4,2,False,,pending
record:e65560cd2fc9193bc8f2f3ff,-1,,,,0,True,,pending
doi:10.9771/revpre.v11i0.23892,1,1,1.0,1,2,False,,pending
doi:10.22533/at.ed.23420270718,-1,,,,0,True,,pending
doi:10.35170/ss.ed.9786580261208.03,-1,,,,0,True,,pending
doi:10.36311/2236-5192.2009.v10n1.640,1,1,1.2,1,2,False,,pending
doi:10.18316/rcd.v16i43.11823,15,15,15.0,15,2,False,,pending
doi:10.29327/2323543.24.1-14,1,1,1.1,1,2,False,,pending
doi:10.69849/revistaft/ma10202401111359,15,15,15.0,15,2,False,,pending
doi:10.33448/rsd-v14i11.50004,11,11,11.0,11,2,False,,pending
doi:10.47573/aya.5379.2.309.5,-1,,,,0,True,,pending
doi:10.18616/ce.v13i2.8135,-1,,,,0,True,,pending
doi:10.29327/41299611,15,15,15.0,15,2,False,,pending
doi:10.37885/230613472,4,4,4.1,4,2,False,,pending
doi:10.29327/5673161.1-20,4,4,4.1,4,2,False,,pending
doi:10.34024/revbea.2025.v20.19643,18,18,18.1,18,2,False,,pending
record:ea355ba13b64e4829cbff4e9,-1,,,,0,True,,pending
doi:10.22533/at.ed.61522110315,-1,,,,0,True,,pending
doi:10.46898/home.d126dd65-8f96-4d9e-8036-b06a3a153b6d,0,0,0.0,0,2,False,,pending
doi:10.3895/recit.v11.n28.12826,-1,,,,0,True,,pending
doi:10.47820/recima21.v4i7.3544,-1,,,,0,True,,pending
doi:10.47573/aya.5379.2.427,-1,,,,0,True,,pending
doi:10.56238/levv16n47-109,-1,,,,0,True,,pending
doi:10.48209/978-65-5417-471-8,-1,,,,0,True,,pending
doi:10.48021/978-65-270-6074-1-c1,15,15,15.0,15,2,False,,pending
doi:10.51473/nkbgx726,15,15,15.0,15,2,False,,pending
doi:10.46550/ilustracao.v5i8.378,15,15,15.0,15,2,False,,pending
record:d7b46008818df8a189c270a4,-1,,,,0,True,,pending
doi:10.51189/conaiduc/83454,1,1,,1,1,False,,pending
record:3513d438ab1fbe628fa316dd,26,26,,26,1,False,,pending
doi:10.47573/aya.5379.2.309,-1,,,,0,True,,pending
doi:10.47573/aya.88580.2.53.22,-1,,,,0,True,,pending
record:41b5f75d3b944b2e5fb64a9f,-1,,,,0,True,,pending
doi:10.22420/rde.v14i29.1086,1,1,1.0,1,2,False,,pending
doi:10.15202/25254146.2020v5n4p94,3,3,3.1,3,2,False,,pending
record:b3267e6a52dce04af11a208d,3,3,3.1,3,2,False,,pending
doi:10.32749/nucleodoconhecimento.com.br/educacao/influencia-da-gestao,-1,,,,0,True,,pending
record:8a37b7f9814b422aa05710ee,26,26,,26,1,False,,pending
record:ff197c49d4727b6b52bc5c7a,-1,,,,0,True,,pending
doi:10.29327/222866.15.2-4,4,4,4.1,4,2,False,,pending
doi:10.29327/5485491.1-40,-1,,,,0,True,,pending
doi:10.51497/reflex.978-65-6153-015-6_11,-1,,,,0,True,,pending
doi:10.33681/paco.ac-9788546230631-cap7,4,4,,4,1,False,,pending
doi:10.29327/2323543.29.1-18,11,11,,11,1,False,,pending
record:f7e520c6b8b25cbc615ada10,-1,,,,0,True,,pending
record:9a27326dacf75f45a15fd6f6,1,1,1.1,1,2,False,,pending
doi:10.36732/riep.vi.177,-1,,,,0,True,,pending
doi:10.29327/5322997.1-7,4,4,4.1,4,2,False,,pending
doi:10.51891/rease.v9i3.8838,-1,,,,0,True,,pending
record:76559841b5c91ad81d29a20f,0,0,0.0,0,2,False,,pending
doi:10.22633/rpge.v25i3.14744,1,1,1.0,1,2,False,,pending
doi:10.22420/rde.v15i33.1274,-1,,,,0,True,,pending
doi:10.56047/mlsisj.v3i2.2519,1,1,1.0,1,2,False,,pending
doi:10.22560/reanec.v48i161.272,26,26,,26,1,False,,pending
doi:10.51891/rease.v7i9.2324,1,1,1.2,1,2,False,,pending
doi:10.22533/at.ed.5682226049,26,26,,26,1,False,,pending
doi:10.47820/recima21.v4i12.4359,26,26,,26,1,False,,pending
doi:10.47538/ra-2025.v4n3-61,1,1,,1,1,False,,pending
doi:10.5753/seadco.2020.14691,-1,,,,0,True,,pending
doi:10.54751/revistafoco.v17n7-161,15,15,15.0,15,2,False,,pending
doi:10.56069/2676-0428.2023.305,-1,,,,0,True,,pending
doi:10.5281/zenodo.17873244,11,11,,11,1,False,,pending
doi:10.51473/rcmos.v1i12.2021.203,-1,,,,0,True,,pending
doi:10.36926/editorainovar-978-65-5388-263-8_006,-1,,,,0,True,,pending
doi:10.51891/rease.v10i8.14877,-1,,,,0,True,,pending
doi:10.69849/revistaft/cs10202409272353,0,0,0.0,0,2,False,,pending
doi:10.48021/978-65-270-3513-8-c10,0,0,0.0,0,2,False,,pending
doi:10.56797/ao.vi9.49,-1,,,,0,True,,pending
doi:10.51359/2359-1382.2025.265113,11,11,,11,1,False,,pending
doi:10.29327/2421005.1.2-13,-1,,,,0,True,,pending
doi:10.5585/51.2024.25666,-1,,,,0,True,,pending
doi:10.20985/1980-5160.2019.v14n3.1582,5,5,5.1,5,2,False,,pending
doi:10.28998/2175-6600.2022v14nespp560-582,-1,,,,0,True,,pending
record:8f904c35f0c0c1f41c74b99c,15,15,15.0,15,2,False,,pending
doi:10.69849/revistaft/cl10202505311030,1,1,1.2,1,2,False,,pending
doi:10.29378/plurais.v8i00.17093,15,15,15.1,15,2,False,,pending
doi:10.37423/200701931,-1,,,,0,True,,pending
record:9b4e8748955b5fe9fce7ffd6,-1,,,,0,True,,pending
record:3997ae7c627ba94fce1dad8d,3,3,,3,1,False,,pending
doi:10.22456/2595-4377.130484,-1,,,,0,True,,pending
doi:10.47538/ac-2024.22-06,-1,,,,0,True,,pending
doi:10.69849/revistaft/th102490916,26,26,,26,1,False,,pending
doi:10.51473/rcmos.v1i1.2025.1206,22,22,22.1,22,2,False,,pending
doi:10.47247/czp/88471.99.9.31,-1,,,,0,True,,pending
doi:10.12957/teias.2021.51346,1,1,1.0,1,2,False,,pending
doi:10.47820/recima21.v4i12.4368,1,1,,1,1,False,,pending
doi:10.54033/cadpedv21n5-061,-1,,,,0,True,,pending
doi:10.29327/5673161.1-23,4,4,4.1,4,2,False,,pending
doi:10.15536/acaoereflexao.3.2025.4289,5,5,5.1,5,2,False,,pending
doi:10.46943/viii.conedu.2022.gt19.042,4,4,4.1,4,2,False,,pending
doi:10.51473/ed.al.iit13,1,1,1.0,1,2,False,,pending
doi:10.47402/ed.ep.c2522510864,26,26,,26,1,False,,pending
record:90d8f906ac417ec0a28b6d54,-1,,,,0,True,,pending
doi:10.47247/wl/6063.052.9.7,16,16,16.1,16,2,False,,pending
record:63e10acf1a377aa378f75f07,23,23,23.1,23,2,False,,pending
doi:10.22196/rp.v27i1.8258,3,3,3.0,3,2,False,,pending
doi:10.58976/978-65-85598-32-3.cap5,26,26,,26,1,False,,pending
doi:10.36704/irc.v24i1.9793,-1,,,,0,True,,pending
doi:10.30612/eadtde.v13i15.18134,-1,,,,0,True,,pending
doi:10.69849/revistaft/cs10202505310022,4,4,,4,1,False,,pending
record:f64fd24c68e37ae6123ce362,22,22,22.0,22,2,False,,pending
doi:10.54751/revistafoco.v16n6-103,1,1,1.1,1,2,False,,pending
doi:10.34024/revbea.2025.v20.19090,18,18,18.1,18,2,False,,pending
record:57360d718afa64129f615d15,-1,,,,0,True,,pending
doi:10.35819/tear.v11.n1.a5768,3,3,3.1,3,2,False,,pending
doi:10.5281/zenodo.7841963,11,11,11.1,11,2,False,,pending
doi:10.18066/inic0053.23,5,5,,5,1,False,,pending
doi:10.29327/5447139.1-11,-1,,,,0,True,,pending
doi:10.36311/2022.978-65-5954-308-3.p85-114,3,3,3.1,3,2,False,,pending
doi:10.5752/p.2318-7344.2023v11n20p261-276,4,4,4.1,4,2,False,,pending
doi:10.36229/978-85-7042-225-5,-1,,,,0,True,,pending
doi:10.55905/revconv.18n.5-318,-1,,,,0,True,,pending
doi:10.46898/home.ef2927f4dcc0,26,26,,26,1,False,,pending
doi:10.22481/praxisedu.v21i52.18152,-1,,,,0,True,,pending
doi:10.47321/pepe.2675-5149.2021.2.e202110,-1,,,,0,True,,pending
doi:10.47402/ed.ep.c2526210564,-1,,,,0,True,,pending
doi:10.18764/2178-2229v30n1.2023.8,3,3,3.1,3,2,False,,pending
doi:10.55905/revconv.19n.5-043,-1,,,,0,True,,pending
record:e7a85a42f2144bec108a43fd,5,5,5.1,5,2,False,,pending
doi:10.47538/ac-2023.20-08,1,1,1.2,1,2,False,,pending
doi:10.22533/at.ed.22221120116,-1,,,,0,True,,pending
doi:10.22533/at.ed.888230103,-1,,,,0,True,,pending
record:3cee6db787a6718ce8df126b,-1,,,,0,True,,pending
doi:10.63391/kdv7rp66,21,21,21.0,21,2,False,,pending
record:dc7fdee87304bb9777f41866,5,5,5.1,5,2,False,,pending
doi:10.46898/rfb.6597bc29-fdf5-4e00-8f1d-054ce347a5b1,26,26,,26,1,False,,pending
doi:10.22533/at.ed.19624150710,1,1,1.2,1,2,False,,pending
record:1e5bad036928c418bee1a1b6,1,1,1.1,1,2,False,,pending
record:2a9358612d73bb359e725c16,-1,,,,0,True,,pending
doi:10.15536/reducarmais.6.2022.2777,-1,,,,0,True,,pending
doi:10.63391/908tvg37,15,15,15.0,15,2,False,,pending
doi:10.29327/5827188.1-2,1,1,1.2,1,2,False,,pending
doi:10.51249/gei02.04.2021.469,1,1,1.0,1,2,False,,pending
doi:10.54899/rpd.v17n4-3123,4,4,4.1,4,2,False,,pending
doi:10.62758/re.v2i4.119,0,0,0.0,0,2,False,,pending
doi:10.51891/rease.v11i10.21669,1,1,1.0,1,2,False,,pending
doi:10.31510/infa.v22i2.2332,-1,,,,0,True,,pending
doi:10.55892/jrg.v8i18.2063,18,18,18.0,18,2,False,,pending
doi:10.5281/zenodo.8151408,1,1,1.2,1,2,False,,pending
doi:10.22409/rpsuff.v12i12.60996,3,3,,3,1,False,,pending
doi:10.7769/gesec.v15i11.4294,1,1,1.1,1,2,False,,pending
doi:10.24824/978652517714.4,11,11,,11,1,False,,pending
doi:10.30681/geoambes.v3i7.14128,-1,,,,0,True,,pending
doi:10.22533/at.ed.1792406087,4,4,4.1,4,2,False,,pending
doi:10.35417/978-65-86953-00-8_63,-1,,,,0,True,,pending
doi:10.54033/cadpedv22n1-124,-1,,,,0,True,,pending
doi:10.55906/rcdhv10n2-035,-1,,,,0,True,,pending
doi:10.53782/97,1,1,,1,1,False,,pending
doi:10.24824/978652517366.5,-1,,,,0,True,,pending
doi:10.56238/livrosindi202637-001,18,18,18.0,18,2,False,,pending
doi:10.33448/rsd-v10i12.20297,1,1,,1,1,False,,pending
doi:10.33448/rsd-v9i4.2985,1,1,,1,1,False,,pending
doi:10.23899/relacult.v6i0.1688,18,18,18.0,18,2,False,,pending
doi:10.31892/rbpab2525-426x.2021.v6.n17.p328-344,4,4,,4,1,False,,pending
doi:10.17564/2316-3828.2020v8n3p11-26,-1,,,,0,True,,pending
doi:10.51324/86010787.20,-1,,,,0,True,,pending
doi:10.54033/cadpedv21n2-071,0,0,0.0,0,2,False,,pending
doi:10.56069/2676-0428.2025.699,-1,,,,0,True,,pending
doi:10.14393/repod-v13n1a2024-70558,4,4,4.1,4,2,False,,pending
doi:10.33448/rsd-v10i13.21163,1,1,1.0,1,2,False,,pending
doi:10.1590/s0104-40362025003304968,-1,,,,0,True,,pending
doi:10.55905/rcssv14n3-016,-1,,,,0,True,,pending
record:5ad67d231a0f29f1b1fc30cb,5,5,5.1,5,2,False,,pending
record:20e1c0e257c3accd915ea8d3,4,4,,4,1,False,,pending
doi:10.47573/aya.5379.2.309.1,1,1,1.2,1,2,False,,pending
doi:10.46943/x.conedu.2024.gt04.015,-1,,,,0,True,,pending
doi:10.63391/mfz2qh09,-1,,,,0,True,,pending
doi:10.55905/cuadv16n7-096,4,4,,4,1,False,,pending
doi:10.54751/revistafoco.v18n11-093,17,17,,17,1,False,,pending
record:339847eade68bda5c68bcc39,-1,,,,0,True,,pending
doi:10.55905/edobs.978-65-982231-5-1,-1,,,,0,True,,pending
doi:10.23899/9786586746525.6,11,11,,11,1,False,,pending
doi:10.51891/rease.v11i3.18450,-1,,,,0,True,,pending
doi:10.24024/23585188v15n1a2022p033050,-1,,,,0,True,,pending
doi:10.31560/pimentacultural/2021.329.77-88,4,4,,4,1,False,,pending
doi:10.69807/2966-0785.2024.29,1,1,,1,1,False,,pending
doi:10.56238/rcsv14n17-001,26,26,,26,1,False,,pending
doi:10.30905/rde.v7i1.673,4,4,,4,1,False,,pending
doi:10.55905/reiv5n1-002,-1,,,,0,True,,pending
doi:10.51891/rease.v12i7.28644,0,0,0.0,0,2,False,,pending
doi:10.54751/revistafoco.v17n5-121,1,1,1.1,1,2,False,,pending
doi:10.33836/interacao.v23i2.647,3,3,3.1,3,2,False,,pending
record:fc518a0055b9251f4aa5bb78,0,0,0.1,0,2,False,,pending
doi:10.5281/zenodo.21938881,15,15,15.1,15,2,False,,pending
record:20cc90328737bebdb413e486,-1,,,,0,True,,pending
doi:10.22533/at.ed.17120040310,4,4,4.1,4,2,False,,pending
record:5011ad47f6418ae7c3a8c387,3,3,3.1,3,2,False,,pending
doi:10.9790/487x-2701040509,4,4,4.1,4,2,False,,pending
record:ad6c35fa73a0caeae4efd613,3,3,3.1,3,2,False,,pending
doi:10.21723/riaee.v19iesp.2.18795,3,3,,3,1,False,,pending
doi:10.5281/zenodo.19600891,-1,,,,0,True,,pending
record:6fd6a218954ee20a6adb9dcb,-1,,,,0,True,,pending
record:a9ae2a996672874e1db1461b,3,3,,3,1,False,,pending
doi:10.29327/5673161.1-41,0,0,0.0,0,2,False,,pending
doi:10.56238/levv16n44-020,11,11,,11,1,False,,pending
doi:10.56238/rcsv14n9-005,15,15,15.0,15,2,False,,pending
doi:10.29327/9786527226574.1443013,-1,,,,0,True,,pending
doi:10.63391/4282f4,-1,,,,0,True,,pending
doi:10.37811/cli_w965-77,12,12,,12,1,False,,pending
doi:10.31560/pimentacultural/978-85-7221-554-1.1,-1,,,,0,True,,pending
doi:10.21573/vol36n22020.101374,15,15,15.0,15,2,False,,pending
doi:10.32749/nucleodoconhecimento.com.br/educacao/diversidade-e-tecnologia,4,4,,4,1,False,,pending
doi:10.22533/at.ed.641231909,-1,,,,0,True,,pending
doi:10.31514/rliberato.2023v24n42.p125,-1,,,,0,True,,pending
doi:10.56238/arev7n2-034,-1,,,,0,True,,pending
doi:10.51497/reflex.978-65-6153-015-6_4,-1,,,,0,True,,pending
doi:10.29327/112478.6-4,-1,,,,0,True,,pending
doi:10.14393/ufu.di.2020.509,3,3,3.1,3,2,False,,pending
doi:10.56238/revgeov17n1-064,-1,,,,0,True,,pending
doi:10.47247/mr/6063.034.5.32,-1,,,,0,True,,pending
doi:10.47573/aya.5379.2.443.24,-1,,,,0,True,,pending
doi:10.51189/ii-conapec/64376,15,15,15.0,15,2,False,,pending
doi:10.47820/recima21.v4i5.3061,-1,,,,0,True,,pending
doi:10.54033/cadpedv21n2-070,-1,,,,0,True,,pending
doi:10.56238/levv15n40-036,11,11,,11,1,False,,pending
record:c66f54010dadc5797492b695,-1,,,,0,True,,pending
doi:10.29327/222866.5.1-1,-1,,,,0,True,,pending
doi:10.31070/rm2025afc01,-1,,,,0,True,,pending
doi:10.5281/zenodo.21220875,11,11,11.1,11,2,False,,pending
doi:10.48209/978-65-5417-075-a,-1,,,,0,True,,pending
doi:10.29327/vi-semana-academica-de-pesquisa-inovacao-e-extensao-vi-sapiens-382717.733401,3,3,3.1,3,2,False,,pending
doi:10.46550/ilustracao.v5i3.281,15,15,15.0,15,2,False,,pending
doi:10.29327/2334916.19.1-1,15,15,15.0,15,2,False,,pending
doi:10.54018/sssrv5n2-006,-1,,,,0,True,,pending
doi:10.55892/jrg.v9i20.3115,-1,,,,0,True,,pending
doi:10.56069/2676-0428.2026.821,-1,,,,0,True,,pending
doi:10.36229/978-65-5866-047-7.cap.01,26,26,,26,1,False,,pending
doi:10.37423/260611068,1,1,1.2,1,2,False,,pending
doi:10.51891/rease.v12i7.28776,15,15,15.0,15,2,False,,pending
doi:10.5281/zenodo.21264208,-1,,,,0,True,,pending
doi:10.29327/41654414,15,15,15.1,15,2,False,,pending
doi:10.51473/axwp6v31,-1,,,,0,True,,pending
doi:10.37572/edart_30062553614,-1,,,,0,True,,pending
doi:10.46420/9786588319680cap6,-1,,,,0,True,,pending
doi:10.9790/487x-2609043539,1,1,1.1,1,2,False,,pending
doi:10.5281/zenodo.17692781,21,21,21.0,21,2,False,,pending
doi:10.63391/4k2htm10,17,17,17.1,17,2,False,,pending
doi:10.36229/978-65-86127-06-5,11,11,,11,1,False,,pending
doi:10.36229/978-65-5866-273-0.cap.13,10,10,10.1,10,2,False,,pending
doi:10.29327/5363882,1,1,,1,1,False,,pending
doi:10.36229/978-65-5866-496-3.cap.02,26,26,,26,1,False,,pending
doi:10.36557/2009-3578.2025v11n2p6220-6241,21,21,21.0,21,2,False,,pending
doi:10.17564/2316-3828.2023v12n1p6-21,15,15,15.0,15,2,False,,pending
doi:10.36229/978-65-5866-464-2.cap.09,-1,,,,0,True,,pending
doi:10.22633/rpge.v30iesp1.20927,15,15,15.0,15,2,False,,pending
doi:10.47538/ac-2022.09-22,3,3,3.0,3,2,False,,pending
doi:10.48209/978-65-5417-128-1,1,1,,1,1,False,,pending
doi:10.47538/ra-2025.v4n4-53,-1,,,,0,True,,pending
doi:10.22533/at.ed.8142013085,1,1,1.2,1,2,False,,pending
doi:10.36238/2359-5787.2026.v12n63.2044,1,1,1.1,1,2,False,,pending
doi:10.29327/5557534.1-10,-1,,,,0,True,,pending
doi:10.56238/livrosindi202476-001,15,15,15.1,15,2,False,,pending
doi:10.51189/conlinps2024/38048,10,10,10.1,10,2,False,,pending
doi:10.56083/rcv3n11-006,3,3,3.1,3,2,False,,pending
doi:10.51891/rease.v11i12.22922,4,4,4.1,4,2,False,,pending
record:5405c05b2bf6e781441966a7,4,4,4.1,4,2,False,,pending
record:d9f81110c958caf884ddda98,23,23,23.1,23,2,False,,pending
doi:10.31512/missioneira.v26i3.2083,-1,,,,0,True,,pending
doi:10.51891/rease.v10i1.12948,15,15,15.0,15,2,False,,pending
doi:10.47573/aya.5379.2.251.1,-1,,,,0,True,,pending
doi:10.7769/gesec.v15i7.3949,-1,,,,0,True,,pending
doi:10.54751/revistafoco.v16n11-221,1,1,1.1,1,2,False,,pending
doi:10.34117/bjdv8n1-071,1,1,,1,1,False,,pending
doi:10.63391/bc9b28,4,4,4.1,4,2,False,,pending
doi:10.31070/rm2024sra01,1,1,1.2,1,2,False,,pending
doi:10.56069/2676-0428.2024.420,1,1,1.0,1,2,False,,pending
doi:10.69849/kby5fk06,-1,,,,0,True,,pending
doi:10.29327/7435482,0,0,0.0,0,2,False,,pending
doi:10.51891/rease.v12i6.27112,15,15,15.0,15,2,False,,pending
doi:10.47585/9786584591127.cap02,-1,,,,0,True,,pending
doi:10.2307/jj.5076226.95,0,0,,0,1,False,,pending
doi:10.1590/2175-6236136841vs01,3,3,3.0,3,2,False,,pending
doi:10.51359/2359-1382.2020.248276,-1,,,,0,True,,pending
doi:10.63391/5h8tr043,-1,,,,0,True,,pending
doi:10.14295/aimj.v10i20.245,4,4,,4,1,False,,pending
record:a8b4f42f2574567c4cfd9ec8,15,15,15.0,15,2,False,,pending
doi:10.47820/recima21.v4i12.4327,0,0,0.3,0,2,False,,pending
doi:10.46943/x.conedu.2024.gt21.036,-1,,,,0,True,,pending
doi:10.51891/rease.v11i5.19121,0,0,0.0,0,2,False,,pending
doi:10.18764/2358-4319v18e24021,5,5,5.1,5,2,False,,pending
doi:10.51497/reflex.978-65-6153-015-6_29,-1,,,,0,True,,pending
doi:10.47749/t/unicamp.2025.1508335,-1,,,,0,True,,pending
doi:10.22533/at.ed.9552314113,1,1,1.0,1,2,False,,pending
doi:10.46898/worges.9786584936737,-1,,,,0,True,,pending
doi:10.28998/2175-6600.2020v12n28p543-553,-1,,,,0,True,,pending
doi:10.5281/zenodo.7986140,1,1,1.0,1,2,False,,pending
doi:10.47247/alcv/88471.45.6.4,1,1,1.2,1,2,False,,pending
doi:10.47966/avan-inv.2023.10165-89,15,15,15.0,15,2,False,,pending
record:0e4352a8919c3ce0c6bdcfc7,-1,,,,0,True,,pending
doi:10.47538/ac-2024.33-15,-1,,,,0,True,,pending
record:7672f0acfa2ced65d1326740,-1,,,,0,True,,pending
doi:10.37885/210404134,26,26,,26,1,False,,pending
record:b36671037f54a23d2dd770d6,26,26,,26,1,False,,pending
doi:10.29327/27640582.868244,11,11,,11,1,False,,pending
doi:10.63330/aurumpub.020-056,-1,,,,0,True,,pending
doi:10.30827/profesorado.v27i1.26245,11,11,,11,1,False,,pending
doi:10.47573/aya.5379.2.106.16,-1,,,,0,True,,pending
doi:10.18593/r.v45i0.23212,11,11,11.1,11,2,False,,pending
doi:10.54033/cadpedv22n5-121,4,4,4.1,4,2,False,,pending
doi:10.20396/etd.v23i3.8664215,23,23,23.1,23,2,False,,pending
doi:10.1590/0034-761220190470,22,22,22.0,22,2,False,,pending
doi:10.1590/2175-623692062,11,11,,11,1,False,,pending
doi:10.51891/rease.v11i3.18546,0,0,0.0,0,2,False,,pending
doi:10.22533/at.ed.0902322037,-1,,,,0,True,,pending
doi:10.51798/sijis.v2i1.28,18,18,18.0,18,2,False,,pending
doi:10.53660/clm-661-722,-1,,,,0,True,,pending
doi:10.54751/revistafoco.v17n1-118,1,1,,1,1,False,,pending
doi:10.9790/487x-2612053337,4,4,4.1,4,2,False,,pending
doi:10.26694/rles.v29i59.5691,1,1,1.0,1,2,False,,pending
doi:10.26843/ae19828632v13n22020p117a135,-1,,,,0,True,,pending
doi:10.47538/ac-2020.09-23,1,1,1.2,1,2,False,,pending
doi:10.5281/zenodo.22015200,0,0,0.0,0,2,False,,pending
doi:10.54019/sesv3n2-005,-1,,,,0,True,,pending
doi:10.18675/1981-8106.v32.n.65.s14928,-1,,,,0,True,,pending
doi:10.34117/bjdv6n1-247,22,22,22.1,22,2,False,,pending
doi:10.52521/enpe.v6i1.16514,4,4,4.1,4,2,False,,pending
doi:10.31560/pimentacultural/2021.711.366-389,-1,,,,0,True,,pending
record:a02e55beda27baac2072bd1a,15,15,15.0,15,2,False,,pending
doi:10.26843/ae.v19i00.1558,22,22,,22,1,False,,pending
doi:10.36517/eemd.v47i94.94610,-1,,,,0,True,,pending
doi:10.21573/vol42n12026.141877,-1,,,,0,True,,pending
record:b930cc14343843c42a689cd2,-1,,,,0,True,,pending
doi:10.59283/unisv.v2n2.014,1,1,1.0,1,2,False,,pending
record:5f69d673e1528acc97626e8b,-1,,,,0,True,,pending
doi:10.46550/978-65-6135-064-8.179-189,1,1,1.2,1,2,False,,pending
doi:10.15536/reducarmais.10.2026.4454,22,22,,22,1,False,,pending
doi:10.34117/bjdv10n9-057,22,22,22.0,22,2,False,,pending
doi:10.32748/revec.v11i28.24242,0,0,0.0,0,2,False,,pending
doi:10.18593/r.v46i.26705,-1,,,,0,True,,pending
doi:10.29327/9786527209829.880558,-1,,,,0,True,,pending
record:ba259dd1da0998082ea425ea,11,11,11.0,11,2,False,,pending
doi:10.21723/riaee.v21i00.2040201,-1,,,,0,True,,pending
doi:10.22533/at.ed.33220200116,22,22,,22,1,False,,pending
doi:10.51891/rease.v12i8.29507,11,11,11.0,11,2,False,,pending
doi:10.5212/praxeduc.v.18.21069.030,11,11,11.0,11,2,False,,pending
doi:10.20952/revtee.v17i36.22312,22,22,22.0,22,2,False,,pending
doi:10.29327/560567.1-8,14,14,14.1,14,2,False,,pending
doi:10.5380/jpe.v16i1.83899,11,11,11.0,11,2,False,,pending
doi:10.22196/rp.v22i0.5969,1,1,1.0,1,2,False,,pending
doi:10.55905/reiv5n1-025,3,3,3.0,3,2,False,,pending
doi:10.29327/5662846,-1,,,,0,True,,pending
doi:10.58976/978-65-85598-36-1.cap9,1,1,1.2,1,2,False,,pending
doi:10.18554/rt.v0i0.4266,1,1,1.0,1,2,False,,pending
doi:10.70853/coud9970,1,1,1.0,1,2,False,,pending
doi:10.14507/epaa.31.7714,11,11,11.0,11,2,False,,pending
record:fffefcdb401c45a1a285d84c,11,11,11.0,11,2,False,,pending
record:dad5518febf8e3c4d4c564a5,-1,,,,0,True,,pending
doi:10.70773/revistatopicos/788088580,11,11,11.0,11,2,False,,pending
doi:10.24065/re.v15i1.2889,-1,,,,0,True,,pending
doi:10.54033/cadpedv22n13-280,11,11,11.1,11,2,False,,pending
doi:10.34019/ufjf/di/2021/00278,-1,,,,0,True,,pending
record:021ec0d6e7c994148789687f,4,4,,4,1,False,,pending
doi:10.29327/25955187.1190991,-1,,,,0,True,,pending
doi:10.56238/arev6n4-156,15,15,15.0,15,2,False,,pending
record:bd8c3108984414d2e7832ddb,-1,,,,0,True,,pending
doi:10.48021/978-65-252-9964-8,13,13,13.0,13,2,False,,pending
doi:10.51891/978-65-6054-316-4-02,-1,,,,0,True,,pending
doi:10.55905/oelv21n7-004,11,11,11.1,11,2,False,,pending
doi:10.34117/bjdv8n2-079,1,1,1.0,1,2,False,,pending
record:5523317071b950b15e3ff76f,-1,,,,0,True,,pending
record:f9aa892b2bd06ffd4c517213,-1,,,,0,True,,pending
record:a6a887b09e80e47a5df5afcf,-1,,,,0,True,,pending
doi:10.56238/rebeisv1n5-006,11,11,11.1,11,2,False,,pending
record:e15b7d815d172ac5e0399aea,1,1,1.0,1,2,False,,pending
record:455f9e71343e606f80a6442f,11,11,,11,1,False,,pending
record:f64a744d94ce96923660b084,11,11,,11,1,False,,pending
doi:10.26843/ae.v17i00.1393,-1,,,,0,True,,pending
doi:10.22633/rpge.v28i00.19551,22,22,,22,1,False,,pending
doi:10.19141/2763-5163.docentdiscunt.v2.n2.p60-76,17,17,,17,1,False,,pending
doi:10.5902/2318133861846,-1,,,,0,True,,pending
record:ebd9b04499a2c16768c06ba2,-1,,,,0,True,,pending
record:c99f8508f5562b9af97252e4,22,22,,22,1,False,,pending
doi:10.67340/006,1,1,1.0,1,2,False,,pending
doi:10.55028/pdres.v11i26.18914,22,22,22.1,22,2,False,,pending
doi:10.35168/2175-2613.utp.pens_ed.2024.vol19.n51.pp32-49,-1,,,,0,True,,pending
record:4c9ea981e0414a2813b97a02,1,1,1.0,1,2,False,,pending
doi:10.51359/2359-1382.2021.249727,1,1,1.1,1,2,False,,pending
doi:10.37885/230613297,-1,,,,0,True,,pending
doi:10.31792/rc.vi35.10514,-1,,,,0,True,,pending
doi:10.15210/caduc.vi68.26156,11,11,11.0,11,2,False,,pending
record:3cb67d874fb4773bcfa83251,3,3,3.1,3,2,False,,pending
doi:10.5902/2318133868748,4,4,,4,1,False,,pending
doi:10.21723/riaee.v21i00.2040202,-1,,,,0,True,,pending
record:e9b939c4d18b9b6a6c7a7021,-1,,,,0,True,,pending
record:cd8489c421807d0bb84cc659,-1,,,,0,True,,pending
doi:10.5281/zenodo.8135770,3,3,3.1,3,2,False,,pending
doi:10.34019/2237-9444.2024.v14.45105,1,1,1.0,1,2,False,,pending
doi:10.5380/jpe.v19i1.95239,11,11,11.0,11,2,False,,pending
doi:10.26843/ae19828632v13n32020p106a119,22,22,22.1,22,2,False,,pending
doi:10.54033/cadpedv22n5-100,27,27,,27,1,False,,pending
doi:10.30612/hre.v13i21.21244,1,1,,1,1,False,,pending
record:2538c931896fa14380f14746,1,1,1.0,1,2,False,,pending
doi:10.22481/reed.v6i13.16810,11,11,11.1,11,2,False,,pending
doi:10.22633/rpge.v30i00.21049,1,1,1.1,1,2,False,,pending
doi:10.33448/rsd-v11i17.38917,1,1,,1,1,False,,pending
doi:10.63330/aurumpub.035-060,1,1,1.1,1,2,False,,pending
doi:10.22633/rpge.v29i00.19884,11,11,,11,1,False,,pending
doi:10.13037/rea-e.vol4n8.6396,11,11,,11,1,False,,pending
doi:10.48075/educare.v17i41.26596,-1,,,,0,True,,pending
record:bb241c104cf62168a1a86193,-1,,,,0,True,,pending
doi:10.5380/jpe.v20i1.100965,1,1,,1,1,False,,pending
doi:10.26843/ae.v17i00.1401,22,22,,22,1,False,,pending
doi:10.51778/2595-9611.v5i1p1118-1138,1,1,,1,1,False,,pending
doi:10.5585/41.2022.21577,-1,,,,0,True,,pending
doi:10.57077/monumenta.v13i13.353,11,11,11.0,11,2,False,,pending
doi:10.1590/0102-4698-38828,1,1,1.0,1,2,False,,pending
doi:10.15536/reducarmais.10.2026.4384,1,1,1.0,1,2,False,,pending
doi:10.5585/57.2026.30253,11,11,,11,1,False,,pending
doi:10.47749/t/unicamp.2020.1127258,-1,,,,0,True,,pending
doi:10.55723/gc.v1i2.16,-1,,,,0,True,,pending
doi:10.29327/2334916.19.1-6,-1,,,,0,True,,pending
doi:10.20396/etd.v24i4.8661570,11,11,,11,1,False,,pending
record:87a943636ad017361a34a6c0,1,1,1.0,1,2,False,,pending
doi:10.31892/rbpab2525-426x.2024.v9.n24.e1204,-1,,,,0,True,,pending
record:0aa519067ce1974760cba04a,0,0,0.3,0,2,False,,pending
doi:10.5007/1980-4512.2020v22n42p453,-1,,,,0,True,,pending
doi:10.24065/re.v14i1.2460,1,1,1.0,1,2,False,,pending
doi:10.55905/revconv.18n.7-250,-1,,,,0,True,,pending
record:e4e0e769258730f0b4a7f79e,-1,,,,0,True,,pending
doi:10.69843/rir.v20i1.76910,4,4,4.1,4,2,False,,pending
record:4b0ed3e7772ebbbc06f59f8a,-1,,,,0,True,,pending
doi:10.54751/revistafoco.v18n7-003,1,1,1.0,1,2,False,,pending
record:ed4983d3721500e4c2e9db85,22,22,,22,1,False,,pending
record:a996f36ac81f51be962a3332,-1,,,,0,True,,pending
record:b757b42ca5067713ab9412d5,-1,,,,0,True,,pending
doi:10.34117/bjdv7n8-178,1,1,1.0,1,2,False,,pending
doi:10.56238/edimpacto2025.092-068,11,11,11.0,11,2,False,,pending
record:c227a7dc674a2795a8ffba4c,1,1,,1,1,False,,pending
doi:10.18593/r.v47.30057,-1,,,,0,True,,pending
doi:10.28998/2175-6600.2026v18n40.20793,27,27,,27,1,False,,pending
doi:10.33448/rsd-v10i9.18063,11,11,11.1,11,2,False,,pending
doi:10.5281/zenodo.7255471,1,1,1.1,1,2,False,,pending
record:cd84eb485026934b82b997d2,0,0,,0,1,False,,pending
record:bb1421fa7f484d6148b34b25,-1,,,,0,True,,pending
record:820f9ccd49d6d5a6d5d24277,-1,,,,0,True,,pending
doi:10.5281/zenodo.7396267,17,17,17.0,17,2,False,,pending
doi:10.22410/issn.2176-3070.v16i4a2024.3948,15,15,15.0,15,2,False,,pending
record:9e09257a5c9570b11bee3a33,11,11,11.0,11,2,False,,pending
record:fdeb7bdb116add4378bf1e10,11,11,11.0,11,2,False,,pending
record:55c1216980c3edc8e7be501f,1,1,1.0,1,2,False,,pending
doi:10.34019/ufjf/di/2026/00225,-1,,,,0,True,,pending
doi:10.51189/conlinps/8645,15,15,,15,1,False,,pending
record:57ac586136e21d744154bc8f,5,5,5.1,5,2,False,,pending
record:7d7560f7976328abd58d2b07,11,11,11.0,11,2,False,,pending
record:4f33690a2543e90c83eeac33,-1,,,,0,True,,pending
record:629cfb81f05e59932582e81f,-1,,,,0,True,,pending
record:a7bb4d515fafcde42ae57d9c,1,1,,1,1,False,,pending
doi:10.34019/ufjf/di/2025/00405,-1,,,,0,True,,pending
doi:10.36926/editorainovar-978-65-5388-263-8_007,-1,,,,0,True,,pending
record:836d396f023b4e4899520650,11,11,,11,1,False,,pending
doi:10.36926/editorainovar-978-65-5388-263-8_008,21,21,21.0,21,2,False,,pending
doi:10.36926/editorainovar-978-65-5388-263-8_002,15,15,15.0,15,2,False,,pending
doi:10.36926/editorainovar-978-65-5388-263-8_004,-1,,,,0,True,,pending
doi:10.36926/editorainovar-978-65-5388-263-8_003,15,15,15.0,15,2,False,,pending
doi:10.36926/editorainovar-978-65-5388-263-8_005,-1,,,,0,True,,pending
doi:10.14393/ufu.te.2025.5508,-1,,,,0,True,,pending
doi:10.51795/97865265197524967,-1,,,,0,True,,pending
doi:10.51795/9786526519752,-1,,,,0,True,,pending
doi:10.51795/9786526519752259286,-1,,,,0,True,,pending
doi:10.51795/9786526519752103124,-1,,,,0,True,,pending
doi:10.51795/9786526519752175194,-1,,,,0,True,,pending
doi:10.51795/9786526519752153173,-1,,,,0,True,,pending
doi:10.51795/9786526519752195229,-1,,,,0,True,,pending
doi:10.51795/97865265197522348,-1,,,,0,True,,pending
doi:10.51795/9786526519752315328,-1,,,,0,True,,pending
doi:10.51795/9786526519752231258,-1,,,,0,True,,pending
doi:10.51795/978652651975269102,-1,,,,0,True,,pending
doi:10.51795/9786526519752287314,-1,,,,0,True,,pending
doi:10.51795/9786526519752125152,-1,,,,0,True,,pending
doi:10.22633/rpge.v24i1.12736,11,11,11.1,11,2,False,,pending
doi:10.31792/rc.v24i42/11535,-1,,,,0,True,,pending
doi:10.36661/2595-4520.2020v3i2.11409,-1,,,,0,True,,pending
doi:10.63330/armv2n6-032,-1,,,,0,True,,pending
doi:10.51359/2359-1382.2020.248519,-1,,,,0,True,,pending
record:39df212a5b02af6eac557296,11,11,,11,1,False,,pending
doi:10.48212/tv43nq32,11,11,11.1,11,2,False,,pending
doi:10.24065/re.v16i1.3164,-1,,,,0,True,,pending
record:2b29b16e375961a68e01eef4,-1,,,,0,True,,pending
doi:10.51189/editoraime/59/125,-1,,,,0,True,,pending
doi:10.1590/1980531411646,1,1,,1,1,False,,pending
doi:10.56069/2676-0428.2022.215,-1,,,,0,True,,pending
doi:10.21723/riaee.v17i4.16442,11,11,11.0,11,2,False,,pending
doi:10.28998/2175-6600.2026v18n40.20746,11,11,11.0,11,2,False,,pending
doi:10.31512/missioneira.v27i1.2047,11,11,11.0,11,2,False,,pending
record:3a58c0808a748b749b8789a4,9,9,9.0,9,2,False,,pending
doi:10.5747/ch.2023.v20.h540,11,11,11.0,11,2,False,,pending
doi:10.5380/jpe.v18i1.94048,11,11,,11,1,False,,pending
doi:10.1590/198053148984,11,11,11.0,11,2,False,,pending
doi:10.56069/2676-0428.2023.299,1,1,,1,1,False,,pending
doi:10.23900/2359-1552v13n2-117-2024,-1,,,,0,True,,pending
doi:10.51891/rease.v11i9.20943,1,1,,1,1,False,,pending
doi:10.5380/jpe.v18i1.92160,-1,,,,0,True,,pending
doi:10.5902/1984644438789,11,11,,11,1,False,,pending
doi:10.5902/2318133887317,-1,,,,0,True,,pending
record:7dfc51cfba3dc452f9a9235e,1,1,,1,1,False,,pending
doi:10.47149/pemo.v7.e16456,5,5,5.1,5,2,False,,pending
doi:10.30905/rde.v9i1.891,11,11,11.1,11,2,False,,pending
doi:10.54899/rpd.v17n3-3032,0,0,0.3,0,2,False,,pending
doi:10.4025/tpe.v28i1.82518,11,11,,11,1,False,,pending
doi:10.4025/tpe.v27i1.72903,11,11,11.0,11,2,False,,pending
doi:10.24065/re.v14i1.2559,1,1,1.0,1,2,False,,pending
doi:10.12662/2359-618xregea.v9i1.p109-122.2020,-1,,,,0,True,,pending
doi:10.21527/2179-1309.2023.120.12987,1,1,1.0,1,2,False,,pending
doi:10.51359/2359-1382.2022.258227,1,1,1.0,1,2,False,,pending
doi:10.54033/cadpedv22n13-229,5,5,5.1,5,2,False,,pending
doi:10.56579/eduinterpe.v1i1.1958,11,11,11.1,11,2,False,,pending
doi:10.28998/cirev.2024v11e16913,-1,,,,0,True,,pending
doi:10.21814/rpe.38222,1,1,1.0,1,2,False,,pending
doi:10.21573/vol41n12025.141340,-1,,,,0,True,,pending
record:12ffad7942e8b91a98c14840,-1,,,,0,True,,pending
doi:10.55905/revconv.18n.9-266,1,1,1.0,1,2,False,,pending
doi:10.58941/26760460/v2.n4.102,18,18,18.1,18,2,False,,pending
record:06520b29149437537fd06c03,-1,,,,0,True,,pending
doi:10.5902/1984644466180,1,1,1.0,1,2,False,,pending
doi:10.26843/v14.n3.2021.1057.p518-536,15,15,,15,1,False,,pending
doi:10.32930/nuances.v36i00.10962,-1,,,,0,True,,pending
doi:10.22408/reva8020231006e-8028,-1,,,,0,True,,pending
doi:10.69532/2178-4442.v20.73407,-1,,,,0,True,,pending
record:bc54f04832f08f13ad6aef4f,-1,,,,0,True,,pending
doi:10.7476/9786556309330.0006,22,22,,22,1,False,,pending
doi:10.21814/rpe.38269,22,22,22.0,22,2,False,,pending
doi:10.9790/487x-2701044549,16,16,16.1,16,2,False,,pending
doi:10.23900/artefactum.v25i9.4187,11,11,11.1,11,2,False,,pending
doi:10.22420/rde.v19i44.2069,11,11,,11,1,False,,pending
record:6f2ee94578cf17dfcee35d98,-1,,,,0,True,,pending
record:d4c66fa47894e5d3c60b085c,1,1,1.0,1,2,False,,pending
doi:10.5380/jpe.v16i1.85913,11,11,11.0,11,2,False,,pending
doi:10.31070/mgn01,3,3,3.0,3,2,False,,pending
doi:10.20396/etd.v23i3.8657850,0,0,0.3,0,2,False,,pending
doi:10.1590/1678-98732434e005,11,11,11.0,11,2,False,,pending
doi:10.22533/at.ed.5584282417098,11,11,,11,1,False,,pending
doi:10.7476/9786556309330.0008,-1,,,,0,True,,pending
doi:10.17771/pucrio.acad.63888,-1,,,,0,True,,pending
doi:10.21573/vol38n002022.119233,11,11,,11,1,False,,pending
record:469f8e0badb02265914a1421,-1,,,,0,True,,pending
doi:10.32749/nucleodoconhecimento.com.br/educacao/escola-publica-municipal,-1,,,,0,True,,pending
record:dbc8560ad5793d28a6abfeac,1,1,1.0,1,2,False,,pending
doi:10.26512/lc28202241860,-1,,,,0,True,,pending
record:78cb253f1a9fa85bf0dfca30,3,3,3.1,3,2,False,,pending
doi:10.51891/rease.v12i7.28395,4,4,4.1,4,2,False,,pending
doi:10.47820/recima21.v5i9.5699,15,15,15.0,15,2,False,,pending
doi:10.32888/cge.v11i2.59550,17,17,17.0,17,2,False,,pending
doi:10.5902/1984644490921,15,15,15.1,15,2,False,,pending
doi:10.51891/rease.v9i3.9091,1,1,1.0,1,2,False,,pending
doi:10.15600/2238-121x/comunicacoes.v27n3p63-79,1,1,1.0,1,2,False,,pending
doi:10.5902/1984644488966,1,1,1.0,1,2,False,,pending
doi:10.29327/5447139.1-10,1,1,1.0,1,2,False,,pending
doi:10.1590/0034-761220210227,-1,,,,0,True,,pending
doi:10.54033/cadpedv22n9-171,-1,,,,0,True,,pending
doi:10.51359/2359-1382.2020.246511,11,11,11.0,11,2,False,,pending
doi:10.18593/r.v45i0.23382,-1,,,,0,True,,pending
doi:10.29327/xiicicted23.722267,-1,,,,0,True,,pending
doi:10.52832/rensin.v3.626,1,1,1.0,1,2,False,,pending
doi:10.30612/eduf.v11iesp.1.16508,11,11,,11,1,False,,pending
doi:10.13037/rea-e.vol4n8.6392,-1,,,,0,True,,pending
doi:10.20873/uft.2447-4266.2024v10n1a55pt,1,1,1.0,1,2,False,,pending
record:8f989b68f2448de33c6aad17,-1,,,,0,True,,pending
doi:10.51249/hp09.2023.1350,11,11,,11,1,False,,pending
doi:10.70773/revistatopicos/777589720,11,11,11.0,11,2,False,,pending
doi:10.24065/re.v16i1.2948,1,1,,1,1,False,,pending
doi:10.55028/pyx25h13,-1,,,,0,True,,pending
doi:10.61411/rsc202427117,-1,,,,0,True,,pending
doi:10.33448/rsd-v9i9.6856,11,11,,11,1,False,,pending
doi:10.17058/rea.34.20665,11,11,,11,1,False,,pending
doi:10.31792/rc.v23i41.8148,1,1,1.0,1,2,False,,pending
doi:10.23925/1809-3876.2020v18i1p327-349,-1,,,,0,True,,pending
doi:10.61164/rmnm.v12i2.2856,-1,,,,0,True,,pending
doi:10.29327/xiiicicted24.974859,-1,,,,0,True,,pending
doi:10.5281/zenodo.8017663,15,15,15.0,15,2,False,,pending
doi:10.14295/idonline.v14i50.2405,1,1,1.0,1,2,False,,pending
doi:10.21573/vol41n12025.142148,1,1,1.0,1,2,False,,pending
doi:10.5380/jpe.v19i1.99070,11,11,11.1,11,2,False,,pending
doi:10.63391/vk6dbr15,0,0,0.3,0,2,False,,pending
doi:10.17771/pucrio.acad.71507,-1,,,,0,True,,pending
doi:10.22533/at.ed.5582172230063,-1,,,,0,True,,pending
record:a5a497bf5225476c48f4cc09,22,22,,22,1,False,,pending
record:8882951f46114e5519e40e0e,11,11,,11,1,False,,pending
doi:10.59666/rsp.v0i4.3514,-1,,,,0,True,,pending
doi:10.1590/s1678-4634202652299475por,11,11,,11,1,False,,pending
doi:10.46550/ilustracao.v7i8.771,-1,,,,0,True,,pending
doi:10.52641/cadcajv11i7.3341,1,1,,1,1,False,,pending
doi:10.21573/vol39n12023.115967,3,3,3.1,3,2,False,,pending
doi:10.54033/cadpedv22n10-029,0,0,0.1,0,2,False,,pending
doi:10.5380/jpe.v17i2.91868,-1,,,,0,True,,pending
doi:10.1590/scielopreprints.6551,1,1,,1,1,False,,pending
doi:10.56579/rihga.v2i2.1130,1,1,1.0,1,2,False,,pending
record:249bb4d0f2637436d3d768df,-1,,,,0,True,,pending
doi:10.21573/vol36n22020.102387,11,11,,11,1,False,,pending
doi:10.22491/2236-5907137164,11,11,11.0,11,2,False,,pending
doi:10.14507/epaa.31.7223,1,1,1.0,1,2,False,,pending
doi:10.21573/vol39n12023.127409,11,11,,11,1,False,,pending
doi:10.55028/bwhbja45,27,27,,27,1,False,,pending
doi:10.7769/gesec.v14i7.2495,11,11,11.1,11,2,False,,pending
doi:10.51359/2525-7668.2023.259527,11,11,,11,1,False,,pending
record:2def48d5e2bbbc0ed4f478a7,-1,,,,0,True,,pending
record:d78f4b49507ca69e6773c1fe,11,11,,11,1,False,,pending
doi:10.22633/rpge.v25i1.13896,1,1,1.0,1,2,False,,pending
doi:10.12957/periferia.2025.85357,1,1,1.0,1,2,False,,pending
doi:10.5281/zenodo.7506222,-1,,,,0,True,,pending
doi:10.5007/2175-795x.2025.e99442,1,1,1.0,1,2,False,,pending
doi:10.14507/epaa.29.5727,11,11,,11,1,False,,pending
doi:10.56238/levv15n43-061,1,1,1.0,1,2,False,,pending
doi:10.5380/jpe.v14i0.71059,-1,,,,0,True,,pending
doi:10.51891/rease.v9i11.12655,1,1,1.0,1,2,False,,pending
doi:10.30715/doxa.v26i00.20081,15,15,15.1,15,2,False,,pending
doi:10.4025/imagenseduc.v11i1.50486,4,4,4.1,4,2,False,,pending
doi:10.5902/2318133861908,11,11,11.1,11,2,False,,pending
doi:10.5281/zenodo.8422901,-1,,,,0,True,,pending
doi:10.51359/2525-7668.2023.259557,-1,,,,0,True,,pending
doi:10.56069/2676-0428.2022.207,-1,,,,0,True,,pending
doi:10.21723/riaee.v17iesp.3.16591,-1,,,,0,True,,pending
doi:10.47094/978-65-6036-216-1/131-141,1,1,,1,1,False,,pending
doi:10.63756/cegrafufg.per.ebook.978-85-495-1093-8/2025,22,22,22.1,22,2,False,,pending
doi:10.21527/2179-1309.2026.123.17318,5,5,5.1,5,2,False,,pending
doi:10.55232/1082022.36,1,1,1.2,1,2,False,,pending
doi:10.51249/gei.v5i02.1970,5,5,,5,1,False,,pending
doi:10.4025/actascieduc.v44i1.55784,5,5,5.1,5,2,False,,pending
doi:10.33448/rsd-v10i1.11420,1,1,1.0,1,2,False,,pending
doi:10.67340/005,1,1,1.0,1,2,False,,pending
doi:10.36704/eef.v29i58.9395,10,10,10.1,10,2,False,,pending
doi:10.21879/faeeba2358-0194.2026.v35.n82.p271-288,11,11,,11,1,False,,pending
doi:10.18593/r.v49.34550,1,1,1.0,1,2,False,,pending
doi:10.22492/issn.2188-1162.2024.14,-1,,,,0,True,,pending
doi:10.1590/1984-0411.87160,-1,,,,0,True,,pending
doi:10.14295/rds.v21i2.8721,1,1,1.0,1,2,False,,pending
doi:10.55905/cuadv17n10-106,1,1,1.0,1,2,False,,pending
doi:10.46550/xt543981,0,0,,0,1,False,,pending
doi:10.24140/issn.1645-7250.rle56.12,8,8,8.2,8,2,False,,pending
doi:10.21573/vol36n12020.95886,1,1,1.0,1,2,False,,pending
doi:10.1590/0104-4060.78290,11,11,,11,1,False,,pending
doi:10.5935/2238-1279.2025v220057,11,11,,11,1,False,,pending
doi:10.5433/1984-7939.2026.v11.55653,1,1,1.0,1,2,False,,pending
record:33e91f509aab175c214ea8b4,15,15,,15,1,False,,pending
doi:10.30612/hre.v13i21.21267,-1,,,,0,True,,pending
doi:10.54019/sesv6n3-001,18,18,,18,1,False,,pending
doi:10.37572/edart_29092564212,-1,,,,0,True,,pending
record:4d7d994e21a63fa34508d745,26,26,,26,1,False,,pending
doi:10.14295/idonline.v15i57.3241,1,1,,1,1,False,,pending
record:90beb77b4f9f0baa0e2ba2e4,1,1,1.1,1,2,False,,pending
doi:10.34019/ufjf/di/2026/00185,-1,,,,0,True,,pending
record:4c6d665c43fccbc8451273da,1,1,1.2,1,2,False,,pending
doi:10.21573/vol36n12020.99720,1,1,1.0,1,2,False,,pending
doi:10.26694/les.v0i44.10159,1,1,1.0,1,2,False,,pending
doi:10.4025/imagenseduc.v12i3.51230,4,4,4.1,4,2,False,,pending
doi:10.14244/reveduc.v18i1.6917,-1,,,,0,True,,pending
doi:10.5380/jpe.v20i1.101073,11,11,,11,1,False,,pending
doi:10.1590/s0104-40362022003002982,27,27,,27,1,False,,pending
doi:10.15448/2179-8435.2023.1.43714,1,1,1.0,1,2,False,,pending
record:dd544525f9c496987bd1442d,15,15,,15,1,False,,pending
doi:10.51891/rease.v10i8.15192,15,15,,15,1,False,,pending
doi:10.34140/bjbv7n4-097,1,1,,1,1,False,,pending
doi:10.26843/ae.v17iesp.2.1322,-1,,,,0,True,,pending
doi:10.56069/2676-0428.2024.499,1,1,1.0,1,2,False,,pending
doi:10.64746/tecnoeduc.2.1.2025.2991,11,11,11.0,11,2,False,,pending
record:2fdecbe79322fffbe144751a,0,0,0.0,0,2,False,,pending
doi:10.5902/2318133870564,-1,,,,0,True,,pending
doi:10.47820/recima21.v4i11.4324,3,3,3.1,3,2,False,,pending
doi:10.31512/missioneira.v25i2.2076,15,15,,15,1,False,,pending
doi:10.5902/1984644471833,-1,,,,0,True,,pending
doi:10.55905/revconv.17n.6-073,22,22,22.0,22,2,False,,pending
doi:10.5281/zenodo.8225756,22,22,,22,1,False,,pending
doi:10.14244/198271995441,4,4,4.1,4,2,False,,pending
doi:10.55028/pdres.v8i18.12472,11,11,11.0,11,2,False,,pending
doi:10.1590/s1678-4634202248239852por,11,11,,11,1,False,,pending
doi:10.5902/1984644467951,1,1,1.0,1,2,False,,pending
doi:10.29327/1198632,-1,,,,0,True,,pending
doi:10.21573/vol39n12023.127337,15,15,15.0,15,2,False,,pending
doi:10.5380/jpe.v15i0.83220,14,14,14.2,14,2,False,,pending
doi:10.47519/eiae978-65-86839-48-7.p7,-1,,,,0,True,,pending
doi:10.5935/2238-1279.20210159,1,1,1.0,1,2,False,,pending
doi:10.47519/eiae978-65-86839-48-7.p4,4,4,4.1,4,2,False,,pending
doi:10.47519/eiae978-65-86839-48-7.p5,-1,,,,0,True,,pending
doi:10.34019/ufjf/di/2021/00040,21,21,,21,1,False,,pending
doi:10.47519/eiae978-65-86839-48-7.p19,-1,,,,0,True,,pending
doi:10.5747/ch.2020.v17.h502,-1,,,,0,True,,pending
doi:10.51249/hp08.2023.1135,1,1,1.0,1,2,False,,pending
record:218df03d482c6e0533f541ab,-1,,,,0,True,,pending
doi:10.29327/5923968.1-10,17,17,17.1,17,2,False,,pending
doi:10.29280/rappge.v11i1.18651,1,1,1.0,1,2,False,,pending
record:546b3e4232ce05be84908524,4,4,4.1,4,2,False,,pending
doi:10.24109/2176-6673.emaberto.37i119.6176,-1,,,,0,True,,pending
doi:10.17564/2316-3828.2025v13n1p252-265,1,1,1.1,1,2,False,,pending
doi:10.46681/temas/a2020n6a5,1,1,1.2,1,2,False,,pending
doi:10.70773/revistatopicos/784347574,-1,,,,0,True,,pending
doi:10.54033/cadpedv22n12-334,-1,,,,0,True,,pending
doi:10.18593/r.v45i0.23390,1,1,1.0,1,2,False,,pending
doi:10.33947/1980-6469-v17n2-4380,11,11,11.0,11,2,False,,pending
doi:10.5281/zenodo.8225802,11,11,11.1,11,2,False,,pending
doi:10.1590/0034-761220210227x,-1,,,,0,True,,pending
doi:10.18312/connectionline.v0i25.1582,-1,,,,0,True,,pending
doi:10.14507/er.v28.2991,13,13,13.0,13,2,False,,pending
doi:10.23900/ra.v24i121.2192,15,15,,15,1,False,,pending
doi:10.26843/ae.v17iesp.1.1305,-1,,,,0,True,,pending
doi:10.55905/ijsmtv9n7-030,11,11,,11,1,False,,pending
doi:10.22481/poliges.v4i2.13596,3,3,3.0,3,2,False,,pending
doi:10.17771/pucrio.acad.52853,-1,,,,0,True,,pending
doi:10.51359/2525-7668.2024.260287,5,5,5.1,5,2,False,,pending
doi:10.34117/bjdv9n4-015,11,11,,11,1,False,,pending
doi:10.33386/593dp.2022.1-1.1000,-1,,,,0,True,,pending
doi:10.37811/cli_w922,0,0,0.3,0,2,False,,pending
doi:10.37811/cl_rcm.v5i6.1185,8,8,,8,1,False,,pending
doi:10.33262/cienciadigital.v8i2.2995,-1,,,,0,True,,pending
doi:10.37811/cl_rcm.v5i4.725,0,0,,0,1,False,,pending
doi:10.37811/cl_rcm.v4i2.188,-1,,,,0,True,,pending
doi:10.15381/rpiiedu.v2i1.22673,5,5,5.1,5,2,False,,pending
doi:10.15366/jospoe2020.11.001,11,11,11.1,11,2,False,,pending
doi:10.29394/scientific.issn.2542-2987.2024.9.e2.1.20-41,-1,,,,0,True,,pending
doi:10.33386/593dp.2022.1-1.1002,6,6,6.1,6,2,False,,pending
doi:10.17151/rlee.2024.20.2.3,16,16,16.1,16,2,False,,pending
record:7f4e6c51580278d96f561489,7,7,7.1,7,2,False,,pending
record:b730d12cb0784e0544d01336,-1,,,,0,True,,pending
doi:10.61285/r.e.l.-uisil.v10i03.219,13,13,13.1,13,2,False,,pending
doi:10.18041/2382-3240/saber.2025v20n2.13206,-1,,,,0,True,,pending
record:4b1b4ad5c5131b126380c594,6,6,6.1,6,2,False,,pending
record:520358a03340ea430583d4d7,-1,,,,0,True,,pending
record:67016e45062cc495035b23d5,8,8,8.2,8,2,False,,pending
record:1c148484d3a04b2ce46c3891,-1,,,,0,True,,pending
record:415ab74d893cc62987965c78,8,8,8.2,8,2,False,,pending
record:3a9f35ef11ffd660bd5425af,-1,,,,0,True,,pending
record:fab936d9c24cf49ca7a073db,-1,,,,0,True,,pending
record:205435732f2e09e88b962ade,8,8,,8,1,False,,pending
record:d452ff819c95a11275f88c16,8,8,8.2,8,2,False,,pending
record:26c743b9967075b95ae49ff1,8,8,,8,1,False,,pending
record:3033812b25ee3aa31239afab,8,8,8.2,8,2,False,,pending
record:c0ef678cb222dbbe0b33dd1d,8,8,,8,1,False,,pending
doi:10.31948/editorialunimar.166.c174,-1,,,,0,True,,pending
doi:10.56238/arev7n12-258,4,4,4.1,4,2,False,,pending
doi:10.12957/periferia.2021.55960,14,14,,14,1,False,,pending
doi:10.22481/recuesb.v12i21.14675,-1,,,,0,True,,pending
doi:10.35362/rie8313832,-1,,,,0,True,,pending
doi:10.37811/cl_rcm.v4i2.132,-1,,,,0,True,,pending
doi:10.37811/cl_rcm.v5i4.769,-1,,,,0,True,,pending
doi:10.33890/innova.v5.n3.2.2020.1514,3,3,3.1,3,2,False,,pending
doi:10.15359/rep.19-2.3,0,0,,0,1,False,,pending
doi:10.1590/s0104-40362024003204180,-1,,,,0,True,,pending
doi:10.24236/24631388.n.2020.3396,-1,,,,0,True,,pending
doi:10.59282/reincisol.v3(5)1367-1385,0,0,,0,1,False,,pending
doi:10.36852/2695-4427_2022_07.08,3,3,,3,1,False,,pending
doi:10.59427/rcli/2024/v24cs.50-55,-1,,,,0,True,,pending
doi:10.56048/mqr20225.9.1.2025.e110,20,20,20.0,20,2,False,,pending
record:2d0e002bc0f6fceb4f2c2a39,-1,,,,0,True,,pending
doi:10.15517/rge.v9i2.54137,3,3,3.1,3,2,False,,pending
doi:10.36996/delectus.v4.i1.33,-1,,,,0,True,,pending
doi:10.33386/593dp.2022.1-1.989,-1,,,,0,True,,pending
doi:10.46932/sfjdv6n4-040,4,4,,4,1,False,,pending
doi:10.59427/rcli/2024/v24cs.126-135,-1,,,,0,True,,pending
doi:10.31876/rcs.v28i.38821,3,3,3.0,3,2,False,,pending
doi:10.29375/tesis.19170,14,14,14.1,14,2,False,,pending
doi:10.53857/khhh3185,-1,,,,0,True,,pending
doi:10.56636/ceprosimad.v10i2.120,-1,,,,0,True,,pending
doi:10.51252/rcri.v1i1.126,-1,,,,0,True,,pending
doi:10.21723/riaee.v17iesp.3.16622,-1,,,,0,True,,pending
doi:10.15517/rge.v9i1.53342,-1,,,,0,True,,pending
doi:10.56712/latam.v5i4.2421,-1,,,,0,True,,pending
doi:10.32457/41745012024138,-1,,,,0,True,,pending
doi:10.32873/unl.dc.jwel,10,10,10.1,10,2,False,,pending
doi:10.5435/jaaos-d-20-00279,-1,,,,0,True,,pending
doi:10.1177/1741143220937308,25,25,,25,1,False,,pending
doi:10.3390/rel13010042,25,25,,25,1,False,,pending
doi:10.1177/17411432211030758,2,2,2.1,2,2,False,,pending
doi:10.1177/1741143221998697,-1,,,,0,True,,pending
doi:10.1177/0013161x211029483,-1,,,,0,True,,pending
doi:10.4324/9781003130970,-1,,,,0,True,,pending
doi:10.22452/iojel,2,2,2.1,2,2,False,,pending
doi:10.1080/13603124.2024.2316655,10,10,10.1,10,2,False,,pending
doi:10.1108/gm-07-2021-0221,10,10,10.1,10,2,False,,pending
doi:10.1016/j.stueduc.2020.100872,16,16,16.0,16,2,False,,pending
doi:10.1163/22125868-12340117,10,10,10.1,10,2,False,,pending
doi:10.1177/1942775120947460,-1,,,,0,True,,pending
doi:10.1177/17411432241291197,2,2,2.1,2,2,False,,pending
doi:10.1177/1942775120976705,-1,,,,0,True,,pending
doi:10.31004/obsesi.v5i1.513,-1,,,,0,True,,pending
doi:10.1177/17411432211003885,10,10,10.1,10,2,False,,pending
doi:10.1177/0013161x221136728,-1,,,,0,True,,pending
doi:10.1177/11771801231167876,-1,,,,0,True,,pending
doi:10.1177/17411432211006093,-1,,,,0,True,,pending
doi:10.1007/s10758-023-09707-0,0,0,0.2,0,2,False,,pending
doi:10.1177/17411432211051882,2,2,2.1,2,2,False,,pending
doi:10.1016/j.ssaho.2025.101581,0,0,0.2,0,2,False,,pending
doi:10.1007/978-981-16-5831-0_3,-1,,,,0,True,,pending
doi:10.47175/rielsj.v5i2.1005,-1,,,,0,True,,pending
doi:10.1177/1555458919899446,-1,,,,0,True,,pending
doi:10.1080/13632434.2023.2290512,10,10,10.0,10,2,False,,pending
doi:10.1080/15700763.2024.2447315,-1,,,,0,True,,pending
doi:10.1080/09540253.2022.2061921,10,10,10.0,10,2,False,,pending
doi:10.47772/ijriss.2021.5111,0,0,,0,1,False,,pending
doi:10.37275/oaijss.v4i2.61,7,7,7.1,7,2,False,,pending
doi:10.1177/19427751221076416,2,2,2.0,2,2,False,,pending
doi:10.21272/bel.5(1).6-21.2021,-1,,,,0,True,,pending
doi:10.28945/4507,2,2,2.1,2,2,False,,pending
record:784deff3c890c9f8818ce84e,2,2,2.0,2,2,False,,pending
record:7ed07671725c0b129004c149,2,2,2.1,2,2,False,,pending
doi:10.63931/ijchr.v7isi1.227,16,16,16.0,16,2,False,,pending
doi:10.1007/978-3-030-39666-4_114-1,-1,,,,0,True,,pending
doi:10.46328/ijtes.605,0,0,0.2,0,2,False,,pending
doi:10.1080/13603124.2021.1942995,-1,,,,0,True,,pending
doi:10.1177/17411432221077767,2,2,2.1,2,2,False,,pending
doi:10.1177/17411432251327645,-1,,,,0,True,,pending
doi:10.18844/cerj.v10i3.4968,10,10,10.1,10,2,False,,pending
doi:10.1177/19427751221097147,-1,,,,0,True,,pending
doi:10.5195/ie.2025.489,16,16,,16,1,False,,pending
doi:10.12973/eujem.8.1.49,12,12,,12,1,False,,pending
doi:10.1177/1476718x231210641,-1,,,,0,True,,pending
doi:10.1080/13678868.2022.2072700,3,3,3.2,3,2,False,,pending
doi:10.35484/pssr.2021(5-iv)37,10,10,10.1,10,2,False,,pending
doi:10.1080/00220620.2021.1985976,10,10,10.0,10,2,False,,pending
doi:10.1007/978-3-031-99247-6_8,2,2,2.1,2,2,False,,pending
doi:10.1007/978-3-030-74497-7_1,2,2,2.1,2,2,False,,pending
doi:10.4018/979-8-3693-6220-4.ch006,16,16,,16,1,False,,pending
doi:10.1002/yd.20455,-1,,,,0,True,,pending
doi:10.47772/ijriss.2025.90400423,-1,,,,0,True,,pending
doi:10.1108/sbr-01-2022-0010,-1,,,,0,True,,pending
doi:10.1371/journal.pone.0291278,3,3,3.2,3,2,False,,pending
doi:10.1080/00220620.2023.2258343,-1,,,,0,True,,pending
doi:10.1080/00220620.2025.2486235,14,14,14.1,14,2,False,,pending
doi:10.25217/ji.v7i1.1460,3,3,,3,1,False,,pending
doi:10.7176/jep/11-31-04,10,10,10.1,10,2,False,,pending
doi:10.33423/jhetp.v20i1.2775,-1,,,,0,True,,pending
doi:10.37092/el-ghiroh.v22i2.896,25,25,,25,1,False,,pending
doi:10.7176/jep/12-9-14,2,2,2.1,2,2,False,,pending
doi:10.55354/2692-3394.1025,3,3,3.2,3,2,False,,pending
doi:10.1177/00220574211067301,24,24,24.0,24,2,False,,pending
record:b3cf3b4c8e14a427b9e49a58,2,2,2.1,2,2,False,,pending
doi:10.3389/feduc.2022.982952,10,10,10.1,10,2,False,,pending
doi:10.1002/rev3.3446,-1,,,,0,True,,pending
doi:10.1177/1942775120941904,2,2,2.1,2,2,False,,pending
doi:10.1093/acrefore/9780190264093.013.701,5,5,5.1,5,2,False,,pending
doi:10.1080/13540602.2022.2137140,2,2,2.1,2,2,False,,pending
doi:10.31763/ijele.v3i1.111,25,25,,25,1,False,,pending
doi:10.3390/educsci14050493,2,2,2.1,2,2,False,,pending
doi:10.4018/979-8-3693-9015-3.ch019,16,16,,16,1,False,,pending
doi:10.12973/eujem.4.2.141,-1,,,,0,True,,pending
doi:10.1177/17411432241294171,-1,,,,0,True,,pending
doi:10.1080/10494820.2025.2563089,16,16,16.0,16,2,False,,pending
record:01982630de19799040b4aa2b,23,23,23.1,23,2,False,,pending
doi:10.1108/ijmce-04-2020-0012,-1,,,,0,True,,pending
doi:10.1177/17411432251407035,25,25,,25,1,False,,pending
doi:10.1007/978-3-030-39666-4_18-1,2,2,2.1,2,2,False,,pending
doi:10.1080/1360144x.2023.2207309,2,2,2.1,2,2,False,,pending
doi:10.1111/ejed.12636,-1,,,,0,True,,pending
doi:10.4236/ce.2023.149118,2,2,2.1,2,2,False,,pending
doi:10.3102/1686645,10,10,10.1,10,2,False,,pending
doi:10.61707/crnmnc42,20,20,20.1,20,2,False,,pending
doi:10.1080/01608061.2020.1837709,-1,,,,0,True,,pending
doi:10.1177/08920206251407030,2,2,2.1,2,2,False,,pending
doi:10.47772/ijriss.2025.905000400,-1,,,,0,True,,pending
doi:10.28945/4811,-1,,,,0,True,,pending
doi:10.36941/ajis-2025-0044,16,16,16.0,16,2,False,,pending
doi:10.38043/telsinas.v8i2.7044,16,16,16.0,16,2,False,,pending
doi:10.1177/00220574211026902,24,24,24.0,24,2,False,,pending
doi:10.4324/9781003134190,3,3,3.2,3,2,False,,pending
doi:10.4018/979-8-3373-0402-1.ch003,10,10,10.1,10,2,False,,pending
doi:10.1080/00220620.2025.2565840,2,2,2.1,2,2,False,,pending
doi:10.1177/19394225231171596,10,10,10.1,10,2,False,,pending
doi:10.1080/10508422.2024.2447954,-1,,,,0,True,,pending
doi:10.1007/978-3-030-98729-9_17,17,17,17.0,17,2,False,,pending
doi:10.1177/10526846221149673,10,10,10.1,10,2,False,,pending
doi:10.4324/9781003360063-8,10,10,10.1,10,2,False,,pending
doi:10.3389/feduc.2024.1416666,-1,,,,0,True,,pending
doi:10.57709/14423363,10,10,10.0,10,2,False,,pending
doi:10.1111/ejed.12576,-1,,,,0,True,,pending
doi:10.1007/s40841-024-00354-2,13,13,13.1,13,2,False,,pending
doi:10.11591/edulearn.v19i4.23239,17,17,17.0,17,2,False,,pending
doi:10.1080/00220620.2026.2627590,-1,,,,0,True,,pending
doi:10.5040/9781350173187.0010,10,10,10.1,10,2,False,,pending
doi:10.51371/issn.1840-2976.2023.17.1.4,-1,,,,0,True,,pending
doi:10.1007/978-3-031-37604-7_4,2,2,2.1,2,2,False,,pending
doi:10.20935/al229,3,3,3.2,3,2,False,,pending
doi:10.1080/00220620.2023.2294548,-1,,,,0,True,,pending
doi:10.1108/978-1-83909-864-220211008,2,2,2.1,2,2,False,,pending
record:2b440fa4d82f446f9e688361,-1,,,,0,True,,pending
doi:10.1177/17411432261419475,0,0,0.2,0,2,False,,pending
doi:10.1177/17411432251343996,-1,,,,0,True,,pending
record:3908ede192d6155fdf47cfc3,-1,,,,0,True,,pending
doi:10.1108/s2055-364120200000024011,-1,,,,0,True,,pending
doi:10.33087/jmas.v7i2.688,-1,,,,0,True,,pending
doi:10.1177/08920206211054645,3,3,,3,1,False,,pending
doi:10.1007/978-3-030-55027-1_3,-1,,,,0,True,,pending
doi:10.31599/jces.v3i2.1154,-1,,,,0,True,,pending
doi:10.70376/jerp.v2i3.175,25,25,,25,1,False,,pending
doi:10.15575/kp.v5i1.25283,25,25,,25,1,False,,pending
doi:10.4018/979-8-3693-9425-0.ch016,-1,,,,0,True,,pending
doi:10.33193/ejhas.7.2023.244,25,25,,25,1,False,,pending
doi:10.1177/19427751251341295,-1,,,,0,True,,pending
doi:10.53555/kuey.v30i4.1774,-1,,,,0,True,,pending
doi:10.32623/3.00004,2,2,2.1,2,2,False,,pending
doi:10.1007/978-3-030-14625-2_126,-1,,,,0,True,,pending
record:add490bcd52320aced4fde04,5,5,5.1,5,2,False,,pending
doi:10.28945/5245,27,27,,27,1,False,,pending
doi:10.24018/ejedu.2024.5.5.837,10,10,10.1,10,2,False,,pending
doi:10.1007/978-3-030-74497-7_11,-1,,,,0,True,,pending
doi:10.5038/2577-509x.7.2.1261,-1,,,,0,True,,pending
doi:10.29252/johepal.1.3.41,-1,,,,0,True,,pending
doi:10.1080/13603124.2023.2236968,2,2,2.1,2,2,False,,pending
doi:10.1108/978-1-80262-189-120231003,13,13,13.1,13,2,False,,pending
doi:10.47820/recima21.v7i4.7525,-1,,,,0,True,,pending
doi:10.4324/9781138609877-ree66-1,-1,,,,0,True,,pending
doi:10.5212/praxeduc.v.21.27017.056,-1,,,,0,True,,pending
doi:10.1080/03004279.2021.1929382,-1,,,,0,True,,pending
doi:10.52547/mpes.13.2.121,-1,,,,0,True,,pending
doi:10.37811/cl_rcm.v7i1.4452,14,14,14.2,14,2,False,,pending
record:e43107a8240afdd1255df1ec,8,8,8.2,8,2,False,,pending
record:51b4ccbf649de6a645d40a59,-1,,,,0,True,,pending
doi:10.4018/979-8-3693-8734-4.ch012,16,16,,16,1,False,,pending
doi:10.4018/978-1-7998-8479-8.ch007,-1,,,,0,True,,pending
doi:10.1080/13596748.2021.1920261,2,2,2.1,2,2,False,,pending
doi:10.53894/ijirss.v8i1.4431,3,3,3.2,3,2,False,,pending
doi:10.1177/19427751211002223,-1,,,,0,True,,pending
record:9d98bbf0f8f620351216a3cc,2,2,2.1,2,2,False,,pending
doi:10.64093/sijis.v1i2.598,25,25,,25,1,False,,pending
doi:10.1108/s1479-36792022000042b010,-1,,,,0,True,,pending
doi:10.1108/978-1-83909-864-220211012,10,10,10.1,10,2,False,,pending
doi:10.1007/978-3-031-55688-3_6,-1,,,,0,True,,pending
doi:10.52783/jisem.v10i3s.355,2,2,2.1,2,2,False,,pending
doi:10.70177/ijen.v2i1.414,-1,,,,0,True,,pending
doi:10.47460/uct.v26i114.603,-1,,,,0,True,,pending
doi:10.1177/27526461241254494,-1,,,,0,True,,pending
doi:10.4018/978-1-6684-4680-5.ch013,2,2,2.1,2,2,False,,pending
doi:10.12973/ijem.11.1.27,2,2,2.1,2,2,False,,pending
doi:10.31080/aspe.2022.05.0516,10,10,10.1,10,2,False,,pending
record:787cacfcbc3708cfbdc4f74c,10,10,10.1,10,2,False,,pending
doi:10.1177/17577438231218376,-1,,,,0,True,,pending
doi:10.1111/ejed.12773,-1,,,,0,True,,pending
doi:10.30983/it.v9i1.8797,13,13,13.1,13,2,False,,pending
doi:10.30828/real/2021.3.7,-1,,,,0,True,,pending
record:c0f31aff53d8c773ee200691,10,10,10.1,10,2,False,,pending
doi:10.32672/pice.v2i1.1329,-1,,,,0,True,,pending
doi:10.4236/ojl.2024.134027,16,16,16.0,16,2,False,,pending
doi:10.1109/edunine57531.2023.10102854,17,17,17.1,17,2,False,,pending
doi:10.29086/2519-5476/2021/v28n1a17,3,3,3.2,3,2,False,,pending
doi:10.1016/j.acap.2025.102797,-1,,,,0,True,,pending
doi:10.17762/turcomat.v12i10.5615,6,6,6.1,6,2,False,,pending
doi:10.47191/ijcsrr/v6-i3-37,5,5,5.1,5,2,False,,pending
doi:10.1163/9789004461871_001,2,2,2.1,2,2,False,,pending
doi:10.54660/.ijfmr.2024.5.1.168-175,-1,,,,0,True,,pending
doi:10.1177/1942775120902190,20,20,,20,1,False,,pending
doi:10.1007/978-981-99-9852-4_8,-1,,,,0,True,,pending
record:078ff111034a63270dca760a,6,6,6.1,6,2,False,,pending
doi:10.52631/jemds.v4i2.228,10,10,10.1,10,2,False,,pending
doi:10.61424/issej.v2i1.115,3,3,3.2,3,2,False,,pending
doi:10.70619/vol4iss2pp35-47,10,10,10.1,10,2,False,,pending
doi:10.1007/978-3-031-90038-9_18,10,10,10.1,10,2,False,,pending
doi:10.4324/9781003145288-5,2,2,2.1,2,2,False,,pending
doi:10.4236/ojl.2024.131005,10,10,10.1,10,2,False,,pending
doi:10.1108/979-8-88730-386-4,-1,,,,0,True,,pending
doi:10.4018/979-8-3693-8402-2.ch003,3,3,3.2,3,2,False,,pending
doi:10.24252/edu.v3i1.35774,25,25,,25,1,False,,pending
doi:10.1007/978-3-030-14625-2_147,-1,,,,0,True,,pending
record:749eb303238b88db4393f553,2,2,2.1,2,2,False,,pending
doi:10.4337/9781800880429.00038,2,2,2.1,2,2,False,,pending
doi:10.1177/15381927241313053,19,19,,19,1,False,,pending
doi:10.1080/13603124.2019.1708475,2,2,2.1,2,2,False,,pending
doi:10.1177/19427751251411499,2,2,2.1,2,2,False,,pending
doi:10.18800/educacion.202502.a002,18,18,18.1,18,2,False,,pending
doi:10.4324/9781003279334-9,0,0,0.3,0,2,False,,pending
record:2ccd7f5632ddec8fd475b2dc,8,8,8.2,8,2,False,,pending
