document_id,publication_document_id,model,corpus,topic_id,topic_probability,hdbscan_membership_strength,bertopic_topic_distribution_max,bertopic_second_topic_id,bertopic_second_distribution,probability_margin,outlier_score,is_outlier,is_ambiguous,year,language,title,doi,source,corpus_unit,topic_original,topic_after_outlier_reduction,outlier_reassigned,original_topic,suggested_topic,reassignment_method,reassignment_confidence,accepted_reassignment,relevance_status,relevance_score,silhouette,distance_to_centroid,local_consistency,nearest_topic,nearest_centroid_similarity,second_nearest_topic,second_nearest_centroid_similarity,assignment_margin,semantic_distance_to_centroid
doi:10.64893/r469sh77,doi:10.64893/r469sh77,BERTopic-METADATA-MULTILINGUAL,metadata,13,1.0,1.0,1.0,19,1.5557115986421204e-307,1.0,0.0,False,False,2022,es,Liderazgo pedagógico en la gestión educativa,10.64893/r469sh77,OpenAlex,metadata,13,13,False,13,,,,False,included,0.667945,0.643988,0.253391,1.0,13,0.94342,2,0.918501,0.024919,0.056579
doi:10.56219/dialgica.v23i1.4947,doi:10.56219/dialgica.v23i1.4947,BERTopic-METADATA-MULTILINGUAL,metadata,13,0.9449816439269332,0.944982,0.2625810475862403,19,0.10824988686209094,0.15433116072414935,0.055018,False,False,2026,es,Percepción de los directivos sobre el liderazgo gerencial en las organizaciones educativas,10.56219/dialgica.v23i1.4947,OpenAlex,metadata,13,13,False,13,,,,False,included,1.02371,0.407386,0.320519,0.8,13,0.938923,6,0.909635,0.029288,0.061077
doi:10.1080/19415257.2025.2569527,doi:10.1080/19415257.2025.2569527,BERTopic-METADATA-MULTILINGUAL,metadata,13,0.9959889730767922,0.995989,0.2470467247247283,2,0.08294040317662477,0.16410632154810353,0.004011,False,False,2025,es,Simulaciones computacionales: potencialidades para la investigación y aprendizaje de la improvisación organizacional en la toma de decisiones de liderazgo escolar,10.1080/19415257.2025.2569527,OpenAlex,metadata,13,13,False,13,,,,False,included,1.026862,0.449412,0.50438,1.0,13,0.80187,2,0.76614,0.03573,0.19813
record:8b7b920358f8a15133bd6681,record:8b7b920358f8a15133bd6681,BERTopic-METADATA-MULTILINGUAL,metadata,13,1.0,1.0,1.0,19,2.1005292511425363e-307,1.0,0.0,False,False,2024,es,"Liderazgo transformacional y gestión educativa, en la UGEL-Chincha, 2022",,OpenAlex,metadata,13,13,False,13,,,,False,included,1.013963,0.475356,0.40671,0.9,13,0.882217,6,0.84845,0.033767,0.117783
doi:10.17583/ijelm.14765,doi:10.17583/ijelm.14765,BERTopic-METADATA-MULTILINGUAL,metadata,13,1.0,1.0,1.0,19,1.6513868417717046e-307,1.0,0.0,False,False,2024,es,El Liderazgo Intermedio en la Investigación Educativa: Un Estudio Bibliométrico,10.17583/ijelm.14765,OpenAlex,metadata,13,13,False,13,,,,False,included,1.010817,0.574274,0.381311,1.0,13,0.92282,2,0.869534,0.053286,0.07718
doi:10.5040/9781350159662,doi:10.5040/9781350159662,BERTopic-METADATA-MULTILINGUAL,metadata,13,1.0,1.0,1.0,19,1.505829765140179e-307,1.0,0.0,False,False,2021,en,"A New Theory of Organizational Ecology, and Its Implications for Educational Leadership",10.5040/9781350159662,OpenAlex,metadata,13,13,False,13,,,,False,included,1.008831,0.6165,0.303169,0.9,13,0.790541,2,0.768642,0.021898,0.209459
doi:10.35622/j.rep.2023.04.002,doi:10.35622/j.rep.2023.04.002,BERTopic-METADATA-MULTILINGUAL,metadata,13,0.936719353895704,0.936719,0.333549010734172,2,0.0667354717784131,0.2668135389557589,0.063281,False,False,2023,en,Liderazgo directivo y gestión educativa en el ámbito educativo,10.35622/j.rep.2023.04.002,OpenAlex,metadata,13,13,False,13,,,,False,included,0.683044,0.462617,0.457938,0.7,13,0.89294,2,0.888516,0.004424,0.10706
doi:10.56200/mried.v2i2especial.6988,doi:10.56200/mried.v2i2especial.6988,BERTopic-METADATA-MULTILINGUAL,metadata,13,1.0,1.0,1.0,19,1.6386861844181022e-307,1.0,0.0,False,False,2023,es,El liderazgo transformacional y la gestión educativa: su incidencia en los resultados que obtienen las instituciones educativas,10.56200/mried.v2i2especial.6988,OpenAlex,metadata,13,13,False,13,,,,False,included,1.019894,0.60549,0.32205,1.0,13,0.950505,2,0.901787,0.048718,0.049495
record:b022716dbf9b8c668bd9e210,record:b022716dbf9b8c668bd9e210,BERTopic-METADATA-MULTILINGUAL,metadata,13,1.0,1.0,1.0,19,1.9257212958543486e-307,1.0,0.0,False,False,2021,es,Liderazgo transformacional para mejorar la calidad educativa en el centro Santa María del proyecto esperanza,,OpenAlex,metadata,13,13,False,13,,,,False,included,1.014874,0.588489,0.237494,1.0,13,0.865799,2,0.84488,0.020918,0.134201
doi:10.48190/cumbres.v11n2a2,doi:10.48190/cumbres.v11n2a2,BERTopic-METADATA-MULTILINGUAL,metadata,13,1.0,1.0,1.0,19,1.653067978834014e-307,1.0,0.0,False,False,2026,es,Revisión sistemática: liderazgo educativo un eje transformador para la excelencia académica,10.48190/cumbres.v11n2a2,OpenAlex,metadata,13,13,False,13,,,,False,included,1.016946,0.639304,0.20553,1.0,13,0.945643,2,0.916149,0.029494,0.054357
doi:10.48102/rlee.2025.55.2.709,doi:10.48102/rlee.2025.55.2.709,BERTopic-METADATA-MULTILINGUAL,metadata,5,0.9267669993119484,0.926767,0.2929654231144274,26,0.08266865569275814,0.21029676742166928,0.212005,False,False,2025,es,Diseño de un modelo didáctico para la gestión escolar del riesgo,10.48102/rlee.2025.55.2.709,OpenAlex,metadata,5,5,False,5,,,,False,included,1.010609,0.488795,0.369717,1.0,15,0.789149,5,0.774493,0.014655,0.225507
doi:10.19053/uptc.9789586608350,doi:10.19053/uptc.9789586608350,BERTopic-METADATA-MULTILINGUAL,metadata,5,0.8765029293822054,0.876503,0.239452270484267,26,0.08152035504291782,0.15793191544134919,0.254742,False,False,2024,es,"Gestión Educativa, Perspectivas, Actores y Contextos",10.19053/uptc.9789586608350,OpenAlex,metadata,5,5,False,5,,,,False,included,1.010023,0.352856,0.600761,0.8,5,0.809607,22,0.807573,0.002034,0.190393
doi:10.30996/dia.v21i01.7594,doi:10.30996/dia.v21i01.7594,BERTopic-METADATA-MULTILINGUAL,metadata,5,1.0,1.0,1.0,26,1.7166468720856025e-307,1.0,0.0,False,False,2023,en,ANALYSIS OF SCHOOL MANAGEMENT IN REALIZING QUALITY CULTURE IN MADIUN CITY,10.30996/dia.v21i01.7594,OpenAlex,metadata,5,5,False,5,,,,False,included,1.033103,0.53717,0.339529,1.0,5,0.883505,11,0.825224,0.058281,0.116495
doi:10.30954/2230-7311.2.2024.8,doi:10.30954/2230-7311.2.2024.8,BERTopic-METADATA-MULTILINGUAL,metadata,5,0.839311365605774,0.839311,0.1600974711952056,26,0.07995760248391656,0.08013986871128903,0.286365,False,False,2024,en,Functioning of School Management Committee (SMCs) in Tribal Areas School of Odisha,10.30954/2230-7311.2.2024.8,OpenAlex,metadata,5,5,False,5,,,,False,included,1.015084,0.321301,0.724495,1.0,5,0.786756,11,0.727678,0.059078,0.213244
record:71d0dcfba8ee1685bdac5515,record:71d0dcfba8ee1685bdac5515,BERTopic-METADATA-MULTILINGUAL,metadata,5,1.0,1.0,1.0,26,1.6484395142670031e-307,1.0,0.0,False,False,2021,es,Gestión educativa estratégica,,OpenAlex,metadata,5,5,False,5,,,,False,included,1.016204,0.55117,0.347296,1.0,5,0.876369,26,0.80209,0.074278,0.123631
doi:10.56238/sevened2025.019-003,doi:10.56238/sevened2025.019-003,BERTopic-METADATA-MULTILINGUAL,metadata,5,0.8998071192012254,0.899807,0.442616183714425,26,0.058216075312792825,0.3844001084016322,0.234928,False,False,2025,en,RETHINKING SCHOOL MANAGEMENT TODAY: PRINCIPLES AND PRACTICES,10.56238/sevened2025.019-003,OpenAlex,metadata,5,5,False,5,,,,False,included,1.011911,0.557635,0.16181,1.0,5,0.919738,8,0.863783,0.055955,0.080262
doi:10.46652/religacionpress.293.c511,doi:10.46652/religacionpress.293.c511,BERTopic-METADATA-MULTILINGUAL,metadata,5,0.8765029293822054,0.876503,0.1467613912753717,26,0.07621059920137349,0.0705507920739982,0.254742,False,False,2025,es,Habilidades Directivas para una Gestión Escolar con Enfoque Humanista en los Institutos Tecnológicos,10.46652/religacionpress.293.c511,OpenAlex,metadata,5,5,False,5,,,,False,included,1.017684,0.27365,0.811118,0.6,5,0.837875,13,0.834473,0.003402,0.162125
doi:10.48209/978-65-5417-382-d,doi:10.48209/978-65-5417-382-d,BERTopic-METADATA-MULTILINGUAL,metadata,5,1.0,1.0,1.0,26,1.718033680161611e-307,1.0,0.0,False,False,2024,es,La gestión educativa como elemento transformador e innovador: una revisión sistemática y análisis bibliométrico,10.48209/978-65-5417-382-d,OpenAlex,metadata,5,5,False,5,,,,False,included,1.008091,0.488893,0.480638,1.0,5,0.931034,17,0.90538,0.025653,0.068967
doi:10.53819/81018102t5053,doi:10.53819/81018102t5053,BERTopic-METADATA-MULTILINGUAL,metadata,5,0.8597907846199464,0.859791,0.16192422850774277,26,0.08265387640954462,0.07927035209819815,0.268952,False,False,2022,en,School Management Strategies and Students' Academic Performance in Twelve Years Basic Education in Rwanda,10.53819/81018102t5053,OpenAlex,metadata,5,5,False,5,,,,False,included,1.02404,0.379113,0.541017,1.0,5,0.871465,8,0.833123,0.038342,0.128535
doi:10.51244/ijrsi.2025.12030050,doi:10.51244/ijrsi.2025.12030050,BERTopic-METADATA-MULTILINGUAL,metadata,5,0.839311365605774,0.839311,0.15637557828132212,26,0.08663567065076626,0.06973990763055586,0.286365,False,False,2025,en,"School Management for Poor Society: A Community Service Initiative in Kathmandu, Nepal",10.51244/ijrsi.2025.12030050,OpenAlex,metadata,5,5,False,5,,,,False,included,1.024762,0.325447,0.648941,1.0,18,0.716838,5,0.698556,0.018282,0.301444
doi:10.47606/acven/ph0490,doi:10.47606/acven/ph0490,BERTopic-METADATA-MULTILINGUAL,metadata,14,0.9322056556506014,0.932206,0.1835330582798291,8,0.08879425792997782,0.09473880034985128,0.067794,False,False,2026,es,Formación de docentes y su impacto en la gestión de unidades educativas en el Oriente de Ecuador,10.47606/acven/ph0490,OpenAlex,metadata,14,14,False,14,,,,False,included,1.015949,0.264346,0.625338,1.0,14,0.918365,8,0.902418,0.015947,0.081635
doi:10.29394/scientific.issn.2542-2987.2025.10.e3.7.138-152,doi:10.29394/scientific.issn.2542-2987.2025.10.e3.7.138-152,BERTopic-METADATA-MULTILINGUAL,metadata,14,0.9413878356070625,0.941388,0.2858039943428061,8,0.06348200101359873,0.22232199332920738,0.058612,False,False,2025,es,Estrategias de Gestión Educativa en Instituciones Rurales del Ecuador,10.29394/scientific.issn.2542-2987.2025.10.e3.7.138-152,OpenAlex,metadata,14,14,False,14,,,,False,included,1.018664,0.507406,0.41683,0.9,14,0.914226,8,0.864267,0.049959,0.085774
doi:10.6018/cartaphilus.666371,doi:10.6018/cartaphilus.666371,BERTopic-METADATA-MULTILINGUAL,metadata,14,0.8647294197241251,0.864729,0.18643639430131617,23,0.07608253113204248,0.11035386316927369,0.135271,False,True,2025,es,YAWAR WEK'E,10.6018/cartaphilus.666371,OpenAlex,metadata,14,14,False,14,,,,False,included,0.655697,0.215218,0.677042,0.7,14,0.281903,23,0.268513,0.013389,0.718097
doi:10.15517/rge.v9i1.53603,doi:10.15517/rge.v9i1.53603,BERTopic-METADATA-MULTILINGUAL,metadata,14,0.8647294197241251,0.864729,0.15099407679036195,23,0.10411098963236995,0.046883087157992,0.135271,False,False,2023,es,La gestión administrativa en un centro educativo indígena: Caso de Ujarrás,10.15517/rge.v9i1.53603,OpenAlex,metadata,14,14,False,14,,,,False,included,1.016184,-0.0546,0.778703,0.6,14,0.82191,23,0.779666,0.042244,0.17809
doi:10.37811/cl_rcm.v6i6.4135,doi:10.37811/cl_rcm.v6i6.4135,BERTopic-METADATA-MULTILINGUAL,metadata,14,0.9003201487810261,0.90032,0.33040285575623823,15,0.04782984609411639,0.28257300966212184,0.09968,False,False,2022,es,"Gestión escolar en aprendizaje significativo de historia, geografía y economía en estudiantes de la institución educativa San Juan. Ayacucho, 2022",10.37811/cl_rcm.v6i6.4135,OpenAlex,metadata,14,14,False,14,,,,False,included,1.011185,0.605079,0.266434,0.9,14,0.85006,8,0.806154,0.043906,0.14994
doi:10.70577/80ap4f88,doi:10.70577/80ap4f88,BERTopic-METADATA-MULTILINGUAL,metadata,14,0.9213044441949361,0.921304,0.3509456452259448,15,0.04187021586564868,0.3090754293602961,0.078696,False,False,2025,es,Pensamiento Crítico y Participación Estudiantil Frente a Contextos de Opresión y Conflicto en Instituciones de Educación Básica en Ecuador.,10.70577/80ap4f88,OpenAlex,metadata,14,14,False,14,,,,False,included,1.013815,0.699172,0.166277,1.0,14,0.872509,23,0.824728,0.047781,0.127491
doi:10.59282/reincisol.v4(7)4271-4282,doi:10.59282/reincisol.v4(7)4271-4282,BERTopic-METADATA-MULTILINGUAL,metadata,14,0.9322056556506014,0.932206,0.16089005655686967,8,0.09111701904087292,0.06977303751599674,0.067794,False,False,2025,es,Liderazgo Directivo y su Influencia en el Clima Organizacional de Instituciones Educativas de Ecuador,10.59282/reincisol.v4(7)4271-4282,OpenAlex,metadata,14,14,False,14,,,,False,included,1.01965,0.189381,0.704826,0.9,6,0.882573,19,0.880757,0.001815,0.124616
doi:10.52080/rvgluz.30.especial14.44,doi:10.52080/rvgluz.30.especial14.44,BERTopic-METADATA-MULTILINGUAL,metadata,14,1.0,1.0,1.0,8,1.2908966739107626e-307,1.0,0.0,False,False,2025,es,Gestión educativa en Colombia: análisis desde las desigualdades regionales,10.52080/rvgluz.30.especial14.44,OpenAlex,metadata,14,14,False,14,,,,False,included,1.006415,0.646875,0.266588,1.0,14,0.856198,11,0.795387,0.06081,0.143802
doi:10.32719/26312816.2024.8.1.7,doi:10.32719/26312816.2024.8.1.7,BERTopic-METADATA-MULTILINGUAL,metadata,14,1.0,1.0,1.0,15,1.2894975409758519e-307,1.0,0.0,False,False,2024,es,Fenómeno de El Niño y la escuela en el Perú: ¿Qué sabemos sobre los impactos de los últimos tres eventos?,10.32719/26312816.2024.8.1.7,OpenAlex,metadata,14,14,False,14,,,,False,included,1.012022,0.697974,0.134613,1.0,14,0.852732,15,0.775775,0.076957,0.147268
doi:10.37843/rted.v16i2.390,doi:10.37843/rted.v16i2.390,BERTopic-METADATA-MULTILINGUAL,metadata,14,1.0,1.0,1.0,8,1.3915811483257573e-307,1.0,0.0,False,False,2023,es,Monitoreo y Seguimiento de la Efectividad en la Gestión Pedagógica Latinoamericana,10.37843/rted.v16i2.390,OpenAlex,metadata,14,14,False,14,,,,False,included,1.008283,0.61722,0.249193,1.0,14,0.944789,8,0.904992,0.039797,0.055211
record:e43107a8240afdd1255df1ec,record:e43107a8240afdd1255df1ec,BERTopic-METADATA-MULTILINGUAL,metadata,8,1.0,1.0,1.0,6,1.3967369082809794e-307,1.0,0.0,False,False,2025,es,"Gestión educativa y desempeño docente según la percepción de los estudiantes del nivel operativo del Sencico-Lambayeque, 2024",,OpenAlex,metadata,8,8,False,8,,,,False,included,0.658107,0.609268,0.245794,1.0,8,0.9304,6,0.897026,0.033374,0.069601
record:9842d145b1974e47fe1d052d,record:9842d145b1974e47fe1d052d,BERTopic-METADATA-MULTILINGUAL,metadata,8,0.9324247131972164,0.932425,0.3917283431987107,6,0.055388845431947706,0.336339497766763,0.067575,False,False,2024,es,"Habilidades directivas en la gestión escolar desde la percepción de docentes de una RED educativa de San Antonio- Huarochirí, 2023",,OpenAlex,metadata,8,8,False,8,,,,False,included,1.013658,0.49125,0.295939,0.8,8,0.947499,6,0.940671,0.006827,0.052501
doi:10.59659/revistatribunal.v4i8.56,doi:10.59659/revistatribunal.v4i8.56,BERTopic-METADATA-MULTILINGUAL,metadata,8,0.8115167350878114,0.811517,0.1179291016482338,14,0.11241777237477747,0.005511329273456322,0.188483,False,False,2024,es,Desempeño docente en educación básica regular en Perú: una revisión sistemática,10.59659/revistatribunal.v4i8.56,OpenAlex,metadata,8,8,False,8,,,,False,included,0.668441,0.038149,0.668082,0.7,8,0.907616,14,0.902296,0.00532,0.092384
doi:10.35381/r.k.v8i17.3144,doi:10.35381/r.k.v8i17.3144,BERTopic-METADATA-MULTILINGUAL,metadata,8,0.7799228100171646,0.779923,0.22613782861429554,6,0.050111484431688696,0.17602634418260685,0.220077,False,True,2024,es,Meritocracia y desempeño laboral en una unidad de gestión educativa local,10.35381/r.k.v8i17.3144,OpenAlex,metadata,8,8,False,8,,,,False,included,0.658146,0.533541,0.371284,0.8,8,0.757783,6,0.717953,0.03983,0.242217
doi:10.51440/unsch.revistaeducacion.2021.19.196,doi:10.51440/unsch.revistaeducacion.2021.19.196,BERTopic-METADATA-MULTILINGUAL,metadata,8,0.8619354413203729,0.861935,0.3046761329501282,6,0.050949408498910206,0.25372672445121797,0.138065,False,False,2021,es,Gestión educativa y clima organizacional en instituciones educativas públicas de nivel de educación primaria de Huanta - Ayacucho,10.51440/unsch.revistaeducacion.2021.19.196,OpenAlex,metadata,8,8,False,8,,,,False,included,1.01208,0.605585,0.237413,1.0,8,0.930384,11,0.904101,0.026283,0.069616
doi:10.37811/cl_rcm.v8i3.12361,doi:10.37811/cl_rcm.v8i3.12361,BERTopic-METADATA-MULTILINGUAL,metadata,8,0.775875228038179,0.775875,0.19433266447411734,5,0.061739995661486656,0.13259266881263068,0.224125,False,True,2024,es,La Gestión Educativa y su Incidencia en el Rendimiento Académico de los Estudiantes de la Unidad Educativa Arturo Borja - Quito,10.37811/cl_rcm.v8i3.12361,OpenAlex,metadata,8,8,False,8,,,,False,included,1.011452,0.535827,0.505203,0.8,8,0.889331,6,0.839497,0.049834,0.110669
record:ae362bc9784a8a1a51a95bf9,record:ae362bc9784a8a1a51a95bf9,BERTopic-METADATA-MULTILINGUAL,metadata,8,0.7822203945750537,0.78222,0.1233798872920463,6,0.07754459629508181,0.045835290996964484,0.21778,False,True,2025,es,"Acompañamiento pedagógico directivo y liderazgo transformacional en los centros de educación básica alternativa del Callao, 2025",,OpenAlex,metadata,8,8,False,8,,,,False,included,1.016997,0.276774,0.509863,1.0,8,0.91074,14,0.895347,0.015393,0.08926
record:653ba911f81cdd26c071ca1d,record:653ba911f81cdd26c071ca1d,BERTopic-METADATA-MULTILINGUAL,metadata,8,1.0,1.0,1.0,14,1.2934665796096394e-307,1.0,0.0,False,False,2025,es,"Relación entre la autoeficacia en gestión y los compromisos de gestión escolar en Instituciones Educativas Rurales de San Pablo de Occo, Angaraes-Huancavelica 2024.",,OpenAlex,metadata,8,8,False,8,,,,False,included,1.010821,0.689734,0.153773,1.0,8,0.929727,5,0.889468,0.040259,0.070273
record:706c932d514a2ee0bff0b3e7,record:706c932d514a2ee0bff0b3e7,BERTopic-METADATA-MULTILINGUAL,metadata,8,0.7822203945750537,0.78222,0.12109465921021104,6,0.07366603880819621,0.04742862040201483,0.21778,False,True,2025,es,Liderazgo directivo en el desempeño docente de tres instituciones educativas públicas de Puno 2024,,OpenAlex,metadata,8,8,False,8,,,,False,included,1.000981,0.31035,0.508386,1.0,8,0.924964,6,0.888265,0.036699,0.075035
record:ce65702e8c74b6e86566fdc9,record:ce65702e8c74b6e86566fdc9,BERTopic-METADATA-MULTILINGUAL,metadata,8,0.980694426304541,0.980694,0.5240838519254745,14,0.03947049530531805,0.4846133566201564,0.019306,False,False,2024,es,"Desempeño directivo y compromisos de gestión escolar en instituciones educativas del Valle de Mishquiyacu, Picota - 2023",,OpenAlex,metadata,8,8,False,8,,,,False,included,1.014282,0.682117,0.148333,1.0,8,0.949806,6,0.907241,0.042564,0.050194
doi:10.2139/ssrn.6660540,doi:10.2139/ssrn.6660540,BERTopic-METADATA-MULTILINGUAL,metadata,16,1.0,1.0,1.0,0,4.395965890430299e-308,1.0,0.0,False,False,2026,en,The Algorithmic Principalship: A Bibliometric Mapping of Artificial Intelligence in Educational Leadership,10.2139/ssrn.6660540,OpenAlex,metadata,16,16,False,16,,,,False,included,0.966088,0.931975,0.177993,1.0,16,0.898578,2,0.722887,0.175692,0.101422
doi:10.20453/spirat.v3ine1.5525,doi:10.20453/spirat.v3ine1.5525,BERTopic-METADATA-MULTILINGUAL,metadata,16,1.0,1.0,1.0,0,4.939289570786043e-308,1.0,0.0,False,False,2025,es,Repensar la educación en la era de la IA: desafíos y oportunidades para la enseñanza y el aprendizaje,10.20453/spirat.v3ine1.5525,OpenAlex,metadata,16,16,False,16,,,,False,included,0.993718,0.935381,0.10288,1.0,16,0.929272,0,0.710293,0.218979,0.070728
doi:10.4018/979-8-3373-6007-2.ch006,doi:10.4018/979-8-3373-6007-2.ch006,BERTopic-METADATA-MULTILINGUAL,metadata,16,1.0,1.0,1.0,0,4.503393141593324e-308,1.0,0.0,False,False,2025,en,Artificial Intelligence and School Leadership,10.4018/979-8-3373-6007-2.ch006,OpenAlex,metadata,16,16,False,16,,,,False,included,0.969264,0.941499,0.118536,1.0,16,0.945054,0,0.721132,0.223922,0.054946
record:06ac993d62f8c1f546a6bec7,record:06ac993d62f8c1f546a6bec7,BERTopic-METADATA-MULTILINGUAL,metadata,16,1.0,1.0,1.0,0,4.826759890430545e-308,1.0,0.0,False,False,2026,en,INTEGRATION OF ARTIFICIAL INTELLIGENCE (AI) ON THE SCHOOL MANAGEMENT IN THE IMPLEMENTATION OF ICT-BASED MARKETING APPROACH,,OpenAlex,metadata,16,16,False,16,,,,False,included,0.979398,0.940983,0.050951,1.0,16,0.887886,0,0.705799,0.182087,0.112114
doi:10.52080/rvgluz.31.e15.6,doi:10.52080/rvgluz.31.e15.6,BERTopic-METADATA-MULTILINGUAL,metadata,16,1.0,1.0,1.0,0,5.02768971242385e-308,1.0,0.0,False,False,2026,es,Integración de la inteligencia artificial en la gestión educativa superior,10.52080/rvgluz.31.e15.6,OpenAlex,metadata,16,16,False,16,,,,False,included,0.965883,0.928271,0.140614,1.0,16,0.931182,0,0.734831,0.196351,0.068818
doi:10.1177/02704676231224705,doi:10.1177/02704676231224705,BERTopic-METADATA-MULTILINGUAL,metadata,16,1.0,1.0,1.0,0,4.791502288238639e-308,1.0,0.0,False,False,2023,en,Potential Risks of Artificial Intelligence Integration into School Education: A Systematic Review,10.1177/02704676231224705,OpenAlex,metadata,16,16,False,16,,,,False,included,0.981782,0.942524,0.034419,1.0,16,0.894984,0,0.691522,0.203462,0.105016
doi:10.5281/zenodo.22029162,doi:10.5281/zenodo.22029162,BERTopic-METADATA-MULTILINGUAL,metadata,16,1.0,1.0,1.0,0,4.917575743646716e-308,1.0,0.0,False,False,2026,en,AN ANALYSIS OF INTERNATIONAL RESEARCH ON AI-BASED SCHOOL MANAGEMENT,10.5281/zenodo.22029162,OpenAlex,metadata,16,16,False,16,,,,False,included,0.961757,0.936938,0.09042,1.0,16,0.878145,0,0.725727,0.152418,0.121855
doi:10.46932/sfjdv5n3-022,doi:10.46932/sfjdv5n3-022,BERTopic-METADATA-MULTILINGUAL,metadata,16,0.8592158141058398,0.859216,0.7477398014189586,0,0.010867816513208227,0.7368719849057503,0.140784,False,False,2024,es,Integración de la inteligencia artificial en la gestión educativa: Factores pedagógicos y desempeño académico,10.46932/sfjdv5n3-022,OpenAlex,metadata,16,16,False,16,,,,False,included,0.639084,0.902711,0.21792,1.0,16,0.927712,8,0.780879,0.146833,0.072288
doi:10.31207/colloquia.v12i1.190,doi:10.31207/colloquia.v12i1.190,BERTopic-METADATA-MULTILINGUAL,metadata,16,1.0,1.0,1.0,0,4.893174400430007e-308,1.0,0.0,False,False,2025,es,"Liderazgo escolar, Inteligencia Artificial y el imperativo ético en el enfoque STEM",10.31207/colloquia.v12i1.190,OpenAlex,metadata,16,16,False,16,,,,False,included,1.002357,0.938399,0.079132,1.0,16,0.898687,17,0.765353,0.133335,0.101313
doi:10.58830/ozgur.pub1137.c4679,doi:10.58830/ozgur.pub1137.c4679,BERTopic-METADATA-MULTILINGUAL,metadata,16,1.0,1.0,1.0,0,4.428769838311832e-308,1.0,0.0,False,False,2025,en,"AI, Ethical Stress, and Emotional Labor in Educational Leadership: Toward a Human-Centered Framework",10.58830/ozgur.pub1137.c4679,OpenAlex,metadata,16,16,False,16,,,,False,included,0.989846,0.935773,0.159871,1.0,16,0.843826,20,0.82817,0.015656,0.156174
doi:10.37275/oaijss.v4i2.61,doi:10.37275/oaijss.v4i2.61,BERTopic-METADATA-MULTILINGUAL,metadata,7,0.7964715447398242,0.796472,0.22954926786226032,9,0.0719472456719846,0.15760202219027572,0.203528,False,True,2021,en,"School Heads' Educational Leadership Practice and Teachers' Performance : The Case of Omar District, Division of Sulu, Philippines",10.37275/oaijss.v4i2.61,OpenAlex,metadata,7,7,False,7,,,,False,included,1.03574,0.509668,0.348201,1.0,7,0.870468,6,0.85364,0.016828,0.129533
doi:10.62159/jpi.v6i3.2826,doi:10.62159/jpi.v6i3.2826,BERTopic-METADATA-MULTILINGUAL,metadata,7,1.0,1.0,1.0,9,1.4523033629631032e-307,1.0,0.0,False,False,2026,en,The Influence of Headteachers' Instructional Leadership and ICT Literacy on Teachers' Instructional Leadership through Teachers' Work Motivation in Primary Schools in South Solok Regency,10.62159/jpi.v6i3.2826,OpenAlex,metadata,7,7,False,7,,,,False,included,1.037375,0.640282,0.211772,1.0,7,0.850431,0,0.776379,0.074051,0.149569
doi:10.1108/978-1-83797-496-220261044,doi:10.1108/978-1-83797-496-220261044,BERTopic-METADATA-MULTILINGUAL,metadata,7,0.8052183095554991,0.805218,0.42901512989804874,12,0.0426265071872759,0.38638862271077284,0.194782,False,False,2026,en,Instructional Leadership: A Catalyst for Teacher Support and Student Success,10.1108/978-1-83797-496-220261044,OpenAlex,metadata,7,7,False,7,,,,False,included,1.017639,0.42031,0.498205,1.0,7,0.90998,12,0.87202,0.037961,0.09002
doi:10.15869/itobiad.670655,doi:10.15869/itobiad.670655,BERTopic-METADATA-MULTILINGUAL,metadata,7,0.8107624340242858,0.810762,0.1526222140454683,9,0.13008495889051516,0.02253725515495314,0.189238,False,False,2020,en,Examining Instructional Leadership Behaviors of School Principals,10.15869/itobiad.670655,OpenAlex,metadata,7,7,False,7,,,,False,included,0.602208,0.184172,0.41963,0.6,7,0.931869,9,0.918121,0.013749,0.068131
doi:10.1177/21582440231217884,doi:10.1177/21582440231217884,BERTopic-METADATA-MULTILINGUAL,metadata,7,0.8208289496303043,0.820829,0.5127994500650839,9,0.033078130244571485,0.47972131982051236,0.179171,False,False,2023,en,The Moderating Role of Teacher Collegiality in the Relationship Between Instructional Leadership and Teacher Self-Efficacy,10.1177/21582440231217884,OpenAlex,metadata,7,7,False,7,,,,False,included,1.037429,0.649015,0.227023,1.0,7,0.880005,2,0.775012,0.104992,0.119995
doi:10.5281/zenodo.20602817,doi:10.5281/zenodo.20602817,BERTopic-METADATA-MULTILINGUAL,metadata,7,0.7964715447398242,0.796472,0.22020587899040334,9,0.07853719599206811,0.14166868299833524,0.203528,False,True,2026,en,Relationship Between Leadership Skills of School Heads and Their School Performance: Basis in School Management,10.5281/zenodo.20602817,OpenAlex,metadata,7,7,False,7,,,,False,included,1.065193,0.533841,0.249224,1.0,7,0.941565,12,0.903798,0.037766,0.058435
doi:10.1177/17411432251349810,doi:10.1177/17411432251349810,BERTopic-METADATA-MULTILINGUAL,metadata,7,0.9016578922634496,0.901658,0.42914929373075755,9,0.049143893725061824,0.3800054000056957,0.098342,False,False,2025,en,"Cultural context, principal instructional leadership, and teacher efficacy: A meta-analytic review, 1989-2024",10.1177/17411432251349810,OpenAlex,metadata,7,7,False,7,,,,False,included,1.024761,0.612482,0.218968,1.0,7,0.873141,2,0.815163,0.057978,0.126859
doi:10.3389/feduc.2025.1499064,doi:10.3389/feduc.2025.1499064,BERTopic-METADATA-MULTILINGUAL,metadata,7,0.7760975580614818,0.776098,0.43092146152368555,9,0.040834033565231916,0.39008742795845364,0.223902,False,True,2025,en,"Fostering a productive educational environment: the roles of leadership, management practices, and teacher motivation",10.3389/feduc.2025.1499064,OpenAlex,metadata,7,7,False,7,,,,False,included,1.028056,0.591135,0.248317,0.7,7,0.949458,9,0.880674,0.068784,0.050542
doi:10.34149/jmbr.v18i3.228,doi:10.34149/jmbr.v18i3.228,BERTopic-METADATA-MULTILINGUAL,metadata,7,0.7386387896647248,0.738639,0.32622062265500446,9,0.04349046408250178,0.28273015857250267,0.261361,False,True,2021,en,"Pengaruh Kompetensi, Kompensasi, Disiplin Kerja terhadap Kinerja Guru pada Lazuardi Global Islamic School",10.34149/jmbr.v18i3.228,OpenAlex,metadata,7,7,False,7,,,,False,included,1.006419,0.593277,0.345301,1.0,7,0.812568,25,0.805048,0.007519,0.187432
doi:10.5281/zenodo.20019832,doi:10.5281/zenodo.20019832,BERTopic-METADATA-MULTILINGUAL,metadata,7,0.7964715447398242,0.796472,0.18175452985556884,9,0.08239497251705692,0.09935955733851191,0.203528,False,True,2026,en,"INSTRUCTIONAL LEADERSHIP, ADMINISTRATIVE SUPPORT AND SCHOOL PERFORMANCE: THEIR RELATIONSHIP TO LEARNERS'ACHIEVEMENTS",10.5281/zenodo.20019832,OpenAlex,metadata,7,7,False,7,,,,False,included,1.050418,0.452166,0.380357,1.0,7,0.926636,12,0.903482,0.023154,0.073364
doi:10.46848/9786581033842,doi:10.46848/9786581033842,BERTopic-METADATA-MULTILINGUAL,metadata,4,0.885216999651641,0.885217,0.3685454449505709,23,0.07983875009363656,0.28870669485693434,0.114783,False,False,2025,es,Gestión Educativa: retos para la innovación,10.46848/9786581033842,OpenAlex,metadata,4,4,False,4,,,,False,included,1.001551,0.61965,0.307705,1.0,4,0.822826,23,0.749715,0.07311,0.177174
doi:10.33595/2226-1478.11.1.375,doi:10.33595/2226-1478.11.1.375,BERTopic-METADATA-MULTILINGUAL,metadata,4,0.48476663032157263,0.484767,0.11554972725784982,23,0.09734800739184757,0.018201719866002247,0.515233,False,True,2020,es,"Liderazgo, cultura y prácticas inclusivas desde la mirada de equipos directivos de establecimientos educativos",10.33595/2226-1478.11.1.375,OpenAlex,metadata,4,4,False,4,,,,False,included,1.038126,0.341688,0.36706,1.0,4,0.902123,23,0.877541,0.024582,0.097877
doi:10.17159/2520-9868/i86a05,doi:10.17159/2520-9868/i86a05,BERTopic-METADATA-MULTILINGUAL,metadata,4,0.7532326359415764,0.753233,0.30773427020187044,23,0.08725834866558638,0.22047592153628406,0.246767,False,False,2022,en,Conceptualising a framework for school leaders as they foster an inclusive education culture in schools,10.17159/2520-9868/i86a05,OpenAlex,metadata,4,4,False,4,,,,False,included,1.031756,0.554201,0.325801,1.0,4,0.914393,27,0.82627,0.088123,0.085607
doi:10.4067/s0718-73782023000200071,doi:10.4067/s0718-73782023000200071,BERTopic-METADATA-MULTILINGUAL,metadata,4,0.49768937145599074,0.497689,0.16477743628306324,23,0.07733594580422842,0.08744149047883482,0.502311,False,True,2023,es,"""Incluirnos Todos"": Estudio de un Caso Chileno sobre Liderazgo Escolar Inclusivo",10.4067/s0718-73782023000200071,OpenAlex,metadata,4,4,False,4,,,,False,included,1.026811,0.496689,0.288812,1.0,4,0.883144,19,0.866554,0.016591,0.116856
doi:10.25054/01240307.2433,doi:10.25054/01240307.2433,BERTopic-METADATA-MULTILINGUAL,metadata,4,1.0,1.0,1.0,23,1.883556404376297e-307,1.0,0.0,False,False,2021,es,Condiciones de la Gestión Escolar en el proceso de Inclusión en institución educativa de Neiva,10.25054/01240307.2433,OpenAlex,metadata,4,4,False,4,,,,False,included,1.013131,0.658449,0.14702,1.0,4,0.882493,15,0.837777,0.044716,0.117507
doi:10.69569/jip.2025.103,doi:10.69569/jip.2025.103,BERTopic-METADATA-MULTILINGUAL,metadata,4,0.7532326359415764,0.753233,0.29524418868847374,23,0.09106363413810574,0.204180554550368,0.246767,False,False,2025,en,Inclusive Education in School Leadership: An Appreciative Inquiry,10.69569/jip.2025.103,OpenAlex,metadata,4,4,False,4,,,,False,included,1.005744,0.543234,0.330576,1.0,4,0.877253,13,0.796327,0.080927,0.122747
doi:10.4151/07189729-vol.63-iss.1-art.1518,doi:10.4151/07189729-vol.63-iss.1-art.1518,BERTopic-METADATA-MULTILINGUAL,metadata,4,0.4235083666894288,0.423508,0.09557961567218981,23,0.09104792824162587,0.004531687430563938,0.576492,False,True,2024,es,Explorando dimensiones y prácticas organizacionales de liderazgo para la inclusión: un estudio cualitativo con académicos y directores de establecimientos educativos de Chile,10.4151/07189729-vol.63-iss.1-art.1518,OpenAlex,metadata,4,4,False,4,,,,False,included,1.062588,0.301461,0.363973,1.0,19,0.915949,4,0.888004,0.027946,0.111996
doi:10.31892/rbpab2525-426x.2021.v6.n17.p328-344,doi:10.31892/rbpab2525-426x.2021.v6.n17.p328-344,BERTopic-METADATA-MULTILINGUAL,metadata,4,0.5448167434681456,0.544817,0.19695003466931782,23,0.057207977776450376,0.13974205689286745,0.455183,False,True,2021,pt,Gestão escolar e pandemia: caminhos para uma educação inclusiva,10.31892/rbpab2525-426x.2021.v6.n17.p328-344,OpenAlex,metadata,4,4,False,4,,,,False,included,1.019459,0.537686,0.348836,1.0,4,0.894186,15,0.884378,0.009808,0.105814
doi:10.3102/2272587,doi:10.3102/2272587,BERTopic-METADATA-MULTILINGUAL,metadata,4,0.7532326359415764,0.753233,0.22153126234463072,23,0.08984561988795496,0.13168564245667574,0.246767,False,True,2026,en,Democratic and inclusive school leadership,10.3102/2272587,OpenAlex,metadata,4,4,False,4,,,,False,included,1.030006,0.483925,0.486631,1.0,12,0.821632,1,0.811872,0.00976,0.196028
doi:10.14679/5036,doi:10.14679/5036,BERTopic-METADATA-MULTILINGUAL,metadata,4,0.8035088988679903,0.803509,0.523582047896714,23,0.06334814072294428,0.4602339071737698,0.196491,False,False,2026,es,"La inclusión gerenciada. Dirección escolar, políticas educativas y territorio",10.14679/5036,OpenAlex,metadata,4,4,False,4,,,,False,included,1.022975,0.486231,0.253373,1.0,14,0.905661,4,0.8919,0.013762,0.1081
doi:10.31070/rm2021psb03,doi:10.31070/rm2021psb03,BERTopic-METADATA-MULTILINGUAL,metadata,22,1.0,1.0,1.0,13,1.0629917304623011e-307,1.0,0.0,False,False,2021,pt,DIRETOR: O PROTAGONISTA DA GESTÃO ESCOLAR,10.31070/rm2021psb03,OpenAlex,metadata,22,22,False,22,,,,False,included,1.012064,0.782348,0.192716,1.0,22,0.940792,13,0.891471,0.049321,0.059209
record:3e86ade5896910b1eb5dc282,record:3e86ade5896910b1eb5dc282,BERTopic-METADATA-MULTILINGUAL,metadata,22,1.0,1.0,1.0,13,1.226001811786591e-307,1.0,0.0,False,False,2026,en,"Analyzing the Pivotal Periphery of the Research Base on School Middle Leaders: Assistant, Deputy, and Vice Principals",,OpenAlex,metadata,22,22,False,22,,,,False,included,1.021139,0.665864,0.334133,0.9,22,0.764944,13,0.745816,0.019127,0.235056
doi:10.2478/rp-2021-0013,doi:10.2478/rp-2021-0013,BERTopic-METADATA-MULTILINGUAL,metadata,22,1.0,1.0,1.0,13,1.36417640322368e-307,1.0,0.0,False,False,2021,en,Personal Internal Space in Educational Leadership,10.2478/rp-2021-0013,OpenAlex,metadata,22,22,False,22,,,,False,included,0.660307,0.575815,0.432694,1.0,22,0.605261,20,0.601912,0.003349,0.394739
record:7bb48b1271b3537f2d7c2f2e,record:7bb48b1271b3537f2d7c2f2e,BERTopic-METADATA-MULTILINGUAL,metadata,22,0.8456954090952163,0.845695,0.2844882899486894,26,0.04034851025478768,0.24413977969390172,0.154305,False,False,2020,en,Successful principalship of a high performing secondary school undergoing curriculum transition,,OpenAlex,metadata,22,22,False,22,,,,False,included,1.077949,0.644399,0.424195,1.0,9,0.729142,22,0.726483,0.002659,0.273517
doi:10.25074/pfr.v0i26.2169,doi:10.25074/pfr.v0i26.2169,BERTopic-METADATA-MULTILINGUAL,metadata,22,0.8943272621315772,0.894327,0.3296728655225956,13,0.04946819177060279,0.2802046737519928,0.105673,False,False,2021,es,Construcción y validación de un cuestionario sobre la gestión de los directores en la educación en ciudadanía,10.25074/pfr.v0i26.2169,OpenAlex,metadata,22,22,False,22,,,,False,included,1.016661,0.596128,0.384496,0.8,22,0.871892,1,0.864517,0.007376,0.128108
doi:10.46276/rifce.v7i2.1277,doi:10.46276/rifce.v7i2.1277,BERTopic-METADATA-MULTILINGUAL,metadata,22,0.8514643503172483,0.851464,0.22524264988588505,13,0.05520808121646731,0.17003456866941774,0.148536,False,False,2021,es,"El director y su relación con la comisión de calidad, innovación y aprendizajes",10.46276/rifce.v7i2.1277,OpenAlex,metadata,22,22,False,22,,,,False,included,1.010566,0.592218,0.403588,0.8,22,0.862349,5,0.854699,0.007649,0.137651
record:a5a497bf5225476c48f4cc09,record:a5a497bf5225476c48f4cc09,BERTopic-METADATA-MULTILINGUAL,metadata,22,0.8605079441046608,0.860508,0.1854460086600159,26,0.04892943628197554,0.13651657237804035,0.139492,False,True,2023,en,Contradictions in the choice of school principals: a comparative study between two schools in the Municipal Education Network of Duque de Caxias (RJ),,OpenAlex,metadata,22,22,False,22,,,,False,included,1.033724,0.524008,0.578723,0.4,22,0.859353,9,0.84745,0.011903,0.140647
doi:10.36311/2236-5192.2025.v26.e025022,doi:10.36311/2236-5192.2025.v26.e025022,BERTopic-METADATA-MULTILINGUAL,metadata,22,0.8459348844972487,0.845935,0.23321913590025628,13,0.04198011606296606,0.19123901983729022,0.154065,False,False,2025,en,GESTÃO ESCOLAR E CULTURA AVALIATIVA,10.36311/2236-5192.2025.v26.e025022,OpenAlex,metadata,22,22,False,22,,,,False,included,1.02921,0.711792,0.283985,0.9,22,0.907985,26,0.89568,0.012305,0.092015
doi:10.56238/sevened2025.019-013,doi:10.56238/sevened2025.019-013,BERTopic-METADATA-MULTILINGUAL,metadata,22,1.0,1.0,1.0,13,1.105848364188027e-307,1.0,0.0,False,False,2025,en,SUPERVISION FROM THE PERSPECTIVE OF STRENGTHENING SCHOOL MANAGEMENT,10.56238/sevened2025.019-013,OpenAlex,metadata,22,22,False,22,,,,False,included,1.022889,0.751697,0.247061,1.0,22,0.891,5,0.85206,0.03894,0.109
record:5f4ba097c47c559915f81dfe,record:5f4ba097c47c559915f81dfe,BERTopic-METADATA-MULTILINGUAL,metadata,22,1.0,1.0,1.0,26,1.1506694451733603e-307,1.0,0.0,False,False,2021,es,De estudiante a director: realidades que se viven en las escuelas multigrado,,OpenAlex,metadata,22,22,False,22,,,,False,included,1.013293,0.717226,0.291088,1.0,22,0.901088,26,0.870391,0.030697,0.098912
record:a7189a6daa25cd05b2475e17,record:a7189a6daa25cd05b2475e17,BERTopic-METADATA-MULTILINGUAL,metadata,15,1.0,1.0,1.0,26,3.620945901821446e-307,1.0,0.0,False,False,2020,es,A disruptive experience in secondary education: The case of Esmeralda,,OpenAlex,metadata,15,15,False,15,,,,False,included,1.017671,0.412176,0.448346,0.8,15,0.895168,14,0.889166,0.006003,0.104832
doi:10.48165/gmj.2022.16.1.1,doi:10.48165/gmj.2022.16.1.1,BERTopic-METADATA-MULTILINGUAL,metadata,15,0.9494452873338768,0.949445,0.17659425341999274,26,0.09653244679430095,0.08006180662569179,0.050555,False,False,2022,en,"Conflict Management Strategies, A Panacea for Effective Educational Leadership",10.48165/gmj.2022.16.1.1,OpenAlex,metadata,15,15,False,15,,,,False,included,1.013987,0.410953,0.37001,0.7,15,0.709242,13,0.66493,0.044313,0.290758
doi:10.69639/arandu.v13i2.2254,doi:10.69639/arandu.v13i2.2254,BERTopic-METADATA-MULTILINGUAL,metadata,15,0.9968655754150466,0.996866,0.21534141024120712,26,0.09400675143815267,0.12133465880305445,0.003134,False,False,2026,es,Estrategias de gestión escolar para la prevención del consumo de sustancias psicoactivas en estudiantes de la Educación Media,10.69639/arandu.v13i2.2254,OpenAlex,metadata,15,15,False,15,,,,False,included,1.008458,0.508213,0.35396,1.0,15,0.809163,21,0.711816,0.097347,0.190837
doi:10.23900/ra.v24i121.2192,doi:10.23900/ra.v24i121.2192,BERTopic-METADATA-MULTILINGUAL,metadata,15,1.0,1.0,1.0,26,4.2714351029539605e-307,1.0,0.0,False,False,2026,pt,DESAFIOS CONTEMPORÂNEOS DA GESTÃO ESCOLAR E SUAS IMPLICAÇÕES PARA A ATRATIVIDADE DA LIDERANÇA: UMA REVISÃO INTEGRATIVA,10.23900/ra.v24i121.2192,OpenAlex,metadata,15,15,False,15,,,,False,included,1.033536,0.456221,0.144493,1.0,15,0.951923,8,0.904003,0.04792,0.048077
doi:10.5902/1984644490921,doi:10.5902/1984644490921,BERTopic-METADATA-MULTILINGUAL,metadata,15,0.9968655754150466,0.996866,0.16536774581774716,26,0.10052353395696685,0.06484421186078031,0.003134,False,False,2026,pt,Assédio Moral e gestão do trabalho pedagógico sob o olhar das narrativas autobiográficas,10.5902/1984644490921,OpenAlex,metadata,15,15,False,15,,,,False,included,1.035824,0.392467,0.54091,1.0,15,0.791882,22,0.736956,0.054926,0.208118
doi:10.55908/rgcv16n1-003,doi:10.55908/rgcv16n1-003,BERTopic-METADATA-MULTILINGUAL,metadata,15,1.0,1.0,1.0,26,3.786676191140348e-307,1.0,0.0,False,False,2022,pt,GESTÃO ESCOLAR: PERSPECTIVAS E FORMAS DE ATUAÇÃO,10.55908/rgcv16n1-003,OpenAlex,metadata,15,15,False,15,,,,False,included,1.012678,0.441729,0.289184,1.0,15,0.97035,26,0.940679,0.029671,0.02965
doi:10.48021/978-65-270-6074-1-c1,doi:10.48021/978-65-270-6074-1-c1,BERTopic-METADATA-MULTILINGUAL,metadata,15,0.9880702353775053,0.98807,0.31348500269939583,26,0.11766688022518976,0.19581812247420607,0.01193,False,False,2025,pt,OS DESAFIOS ENFRENTADOS PELA GESTÃO ESCOLAR CONTEMPORÂNEA,10.48021/978-65-270-6074-1-c1,OpenAlex,metadata,15,15,False,15,,,,False,included,1.01217,0.421843,0.444971,1.0,15,0.885269,14,0.882636,0.002633,0.114731
doi:10.21920/recei.v10i34.6630,doi:10.21920/recei.v10i34.6630,BERTopic-METADATA-MULTILINGUAL,metadata,15,0.9550293022070968,0.955029,0.34987781153035413,26,0.1034491325482285,0.24642867898212562,0.044971,False,False,2024,pt,GESTÃO ESCOLAR E ENGAJAMENTO DOCENTE,10.21920/recei.v10i34.6630,OpenAlex,metadata,15,15,False,15,,,,False,included,1.016231,0.399421,0.464418,0.6,15,0.946891,14,0.911634,0.035257,0.053109
doi:10.21272/bel.4(4).28-55.2020,doi:10.21272/bel.4(4).28-55.2020,BERTopic-METADATA-MULTILINGUAL,metadata,15,1.0,1.0,1.0,26,4.338871578083292e-307,1.0,0.0,False,False,2020,en,A Hidden Danger to Our Children's Classrooms within Educational Leadership & Peering Practices,10.21272/bel.4(4).28-55.2020,OpenAlex,metadata,15,15,False,15,,,,False,included,1.011081,0.390042,0.290094,0.9,15,0.841926,13,0.805346,0.036581,0.158073
doi:10.29327/41299611,doi:10.29327/41299611,BERTopic-METADATA-MULTILINGUAL,metadata,15,0.9250549775438877,0.925055,0.29828721233090305,26,0.10522157536070834,0.19306563697019472,0.074945,False,False,2021,pt,UNIVESP - Projeto Integrador VI - GESTÃO ESCOLAR - 2021,10.29327/41299611,OpenAlex,metadata,15,15,False,15,,,,False,included,1.012663,0.344074,0.61363,0.7,15,0.891045,8,0.890668,0.000377,0.108955
record:9a527b18307b740a16ce7d17,record:9a527b18307b740a16ce7d17,BERTopic-METADATA-MULTILINGUAL,metadata,21,1.0,1.0,1.0,15,9.66014266270272e-308,1.0,0.0,False,False,2024,es,Gestión Educativa y Familias como favorecedores de los procesos de enseñanza- aprendizaje,,OpenAlex,metadata,21,21,False,21,,,,False,included,1.006739,0.903712,0.097214,1.0,21,0.929931,15,0.850279,0.079651,0.070069
doi:10.19053/01201190.n31.2021.12702,doi:10.19053/01201190.n31.2021.12702,BERTopic-METADATA-MULTILINGUAL,metadata,21,1.0,1.0,1.0,15,1.0464690360533591e-307,1.0,0.0,False,False,2021,es,Padres de familia en la gestión educativa de escuelas rurales,10.19053/01201190.n31.2021.12702,OpenAlex,metadata,21,21,False,21,,,,False,included,1.021415,0.914434,0.020549,1.0,21,0.938124,14,0.86668,0.071445,0.061876
record:48a68b0d4af01995fdcd52bf,record:48a68b0d4af01995fdcd52bf,BERTopic-METADATA-MULTILINGUAL,metadata,21,1.0,1.0,1.0,15,9.488054017908266e-308,1.0,0.0,False,False,2022,es,"Gestión escolar en la participación de los padres de familia en las instituciones educativas de la UGEL 02, Lima 2022.",,OpenAlex,metadata,21,21,False,21,,,,False,included,1.014891,0.892624,0.12084,1.0,21,0.935326,8,0.851795,0.083531,0.064673
doi:10.23913/ride.v15i29.2085,doi:10.23913/ride.v15i29.2085,BERTopic-METADATA-MULTILINGUAL,metadata,21,0.6210254255138236,0.621025,0.4486994937617775,15,0.018658465944576905,0.43004102781720055,0.378975,False,True,2024,es,La gestión escolar: una oportunidad que promueve la reflexión sobre las crianzas y fortalece el vínculo entre la escuela y las familias,10.23913/ride.v15i29.2085,OpenAlex,metadata,21,21,False,21,,,,False,included,1.034577,0.818384,0.15695,1.0,21,0.936621,15,0.900037,0.036584,0.063379
doi:10.5281/zenodo.6909009,doi:10.5281/zenodo.6909009,BERTopic-METADATA-MULTILINGUAL,metadata,21,0.7833014952680039,0.783301,0.5866142747886808,15,0.018274424351002714,0.5683398504376781,0.216699,False,True,2022,pt,"Relatório de revisão por pares para: Competências de gestão, para a participação de pais em escolas primárias em Chiloé, Chile",10.5281/zenodo.6909009,OpenAlex,metadata,21,21,False,21,,,,False,included,1.024661,0.887312,0.110004,1.0,21,0.844278,14,0.81032,0.033958,0.155722
doi:10.47739/2576-0076.behavior.1021,doi:10.47739/2576-0076.behavior.1021,BERTopic-METADATA-MULTILINGUAL,metadata,21,1.0,1.0,1.0,15,9.851279132465484e-308,1.0,0.0,False,False,2023,en,Should Parents be Encouraged to Participate in the Academic Activities of the Children by School Management?,10.47739/2576-0076.behavior.1021,OpenAlex,metadata,21,21,False,21,,,,False,included,1.014169,0.904691,0.078381,1.0,21,0.864239,26,0.783618,0.080621,0.135761
record:bcb2505bdab228e555c0fde1,record:bcb2505bdab228e555c0fde1,BERTopic-METADATA-MULTILINGUAL,metadata,21,1.0,1.0,1.0,15,9.452239412547895e-308,1.0,0.0,False,False,2025,es,"Satisfacción de los padres de familia de 4.° y 5.° de Secundaria de Educación Básica Regular y del Programa del Diploma del Bachillerato Internacional respecto de la gestión escolar de la IE Capitán FAP José Abelardo Quiñones Gonzales, Lima, 2023",,OpenAlex,metadata,21,21,False,21,,,,False,included,1.016142,0.887356,0.129477,1.0,21,0.887391,8,0.846829,0.040562,0.112609
doi:10.5281/zenodo.17692781,doi:10.5281/zenodo.17692781,BERTopic-METADATA-MULTILINGUAL,metadata,21,0.6138228402309651,0.613823,0.4216331792034341,15,0.02072355482060066,0.40090962438283345,0.386177,False,True,2025,pt,O desafio da gestão escolar: relacionamento com a comunidade escolar,10.5281/zenodo.17692781,OpenAlex,metadata,21,21,False,21,,,,False,included,1.030639,0.81445,0.163171,1.0,21,0.931774,15,0.872342,0.059432,0.068226
doi:10.24297/jssr.v17i.8796,doi:10.24297/jssr.v17i.8796,BERTopic-METADATA-MULTILINGUAL,metadata,21,1.0,1.0,1.0,15,9.603215663650876e-308,1.0,0.0,False,False,2021,en,School Management Strategies to Improve Parental Involvement: Insights from School Principals in Southern Tshwane Primary Schools,10.24297/jssr.v17i.8796,OpenAlex,metadata,21,21,False,21,,,,False,included,1.033792,0.896476,0.100401,1.0,21,0.884467,15,0.770248,0.11422,0.115533
record:bf0b2f6bce35c8974578b317,record:bf0b2f6bce35c8974578b317,BERTopic-METADATA-MULTILINGUAL,metadata,21,1.0,1.0,1.0,15,9.738955392990947e-308,1.0,0.0,False,False,2021,es,La gestión del equipo directivo para lograr la participación familiar en las actividades institucionales en la escuela,,OpenAlex,metadata,21,21,False,21,,,,False,included,1.028261,0.913915,0.072149,1.0,21,0.924273,22,0.801116,0.123156,0.075727
record:fd6a1ff17e8779f4f4926ceb,record:fd6a1ff17e8779f4f4926ceb,BERTopic-METADATA-MULTILINGUAL,metadata,6,1.0,1.0,1.0,8,1.2534783986662614e-307,1.0,0.0,False,False,2020,es,"""Liderazgo directivo en la calidad educativa en la Institución Educativa Jose Antonio Encinas UGEL 15 - Huarochirí - 2019 """,,OpenAlex,metadata,6,6,False,6,,,,False,included,1.007345,0.686594,0.267926,1.0,6,0.913506,8,0.882088,0.031418,0.086494
record:3d32422b588525b76c5349ad,record:3d32422b588525b76c5349ad,BERTopic-METADATA-MULTILINGUAL,metadata,6,0.6675337639947587,0.667534,0.16599467349427321,8,0.0690542898462479,0.09694038364802532,0.332466,False,True,2024,es,Liderazgo pedagógico directivo en el logro de competencias en el nivel inicial de la Unidad Ejecutora 307 Ugel Huacaybamba,,OpenAlex,metadata,6,6,False,6,,,,False,included,1.010402,0.511783,0.337727,1.0,6,0.872702,8,0.843688,0.029014,0.127298
record:6d3b83bb5cfe8c31174cd6f9,record:6d3b83bb5cfe8c31174cd6f9,BERTopic-METADATA-MULTILINGUAL,metadata,6,0.5287496912276803,0.52875,0.15503976745314188,19,0.0417924464522075,0.11324732100093438,0.47125,False,True,2024,es,"Liderazgo directivo y gestión del talento humano por competencias en las instituciones educativas integradas del distrito de Velille de la provincia de Chumbivilcas - Cusco, 2022",,OpenAlex,metadata,6,6,False,6,,,,False,included,1.012885,0.592786,0.290703,1.0,6,0.844856,19,0.800367,0.044489,0.155144
record:48681de7ceae0dcb0cb761fd,record:48681de7ceae0dcb0cb761fd,BERTopic-METADATA-MULTILINGUAL,metadata,6,0.847990050370201,0.84799,0.24021793484248952,19,0.060725566330765736,0.1794923685117238,0.15201,False,False,2024,es,"Liderazgo directivo y profesionalización docente en instituciones educativas públicas, Perené, Chanchamayo, Junín 2023",,OpenAlex,metadata,6,6,False,6,,,,False,included,1.01014,0.656767,0.245537,1.0,6,0.938551,13,0.911211,0.02734,0.061449
doi:10.70577/reg.v5i2.643,doi:10.70577/reg.v5i2.643,BERTopic-METADATA-MULTILINGUAL,metadata,6,0.5290535323174473,0.529054,0.10484784732638378,19,0.0562912215599499,0.048556625766433874,0.470946,False,True,2026,es,"Liderazgo directivo, comunicación institucional y su incidencia en el clima institucional en la Escuela de Educación Básica Corina Parral de Velasco Ibarra",10.70577/reg.v5i2.643,OpenAlex,metadata,6,6,False,6,,,,False,included,1.025564,0.448419,0.338652,0.8,6,0.938989,13,0.920276,0.018713,0.061011
record:4436ad19f82ebc80aca35c0f,record:4436ad19f82ebc80aca35c0f,BERTopic-METADATA-MULTILINGUAL,metadata,6,1.0,1.0,1.0,8,1.1968977713397072e-307,1.0,0.0,False,False,2020,es,"Liderazgo directivo y el desempeño docente en la red educativa ""Juan Velasco Alvarado"" Cuyocc - Anco Churcampa, Huancavelica - 2013",,OpenAlex,metadata,6,6,False,6,,,,False,included,1.00783,0.721174,0.224488,1.0,6,0.921687,8,0.877931,0.043756,0.078313
record:d1f31c95425c56d7df72aeca,record:d1f31c95425c56d7df72aeca,BERTopic-METADATA-MULTILINGUAL,metadata,6,0.7035855154692244,0.703586,0.34598664901423276,8,0.03748126093069039,0.3085053880835424,0.296414,False,True,2023,es,"Liderazgo directivo y gestión educativa en una institución educativa de nivel inicial de Lircay - Huancavelica, 2022",,OpenAlex,metadata,6,6,False,6,,,,False,included,1.013165,0.72637,0.107065,1.0,6,0.965419,8,0.929648,0.035771,0.034581
record:afec8285563c794f8931397c,record:afec8285563c794f8931397c,BERTopic-METADATA-MULTILINGUAL,metadata,6,0.7579893908751306,0.757989,0.2507486765423253,19,0.053812745226313276,0.19693593131601203,0.242011,False,True,2024,es,Liderazgo directivo y clima institucional en una institución educativa de la ciudad de Cutervo,,OpenAlex,metadata,6,6,False,6,,,,False,included,1.011711,0.630065,0.286362,1.0,6,0.92712,13,0.902897,0.024223,0.07288
record:054d12676d7eab1c484ea438,record:054d12676d7eab1c484ea438,BERTopic-METADATA-MULTILINGUAL,metadata,6,0.9105072951808822,0.910507,0.4504092132464017,19,0.043460657329508906,0.40694855591689283,0.089493,False,False,2023,es,"Liderazgo del director y su influencia en el entorno laboral en una institución educativa secundaria, Chucuito - Puno 2023",,OpenAlex,metadata,6,6,False,6,,,,False,included,1.019551,0.691309,0.258042,1.0,6,0.942325,13,0.905819,0.036506,0.057675
record:e377730072114816331498e2,record:e377730072114816331498e2,BERTopic-METADATA-MULTILINGUAL,metadata,6,0.4945709160029703,0.494571,0.1285033167261939,19,0.04229418148809798,0.08620913523809591,0.505429,False,True,2022,es,"Liderazgo directivo y su influencia en las capacidades docentes para innovar aprendizajes significativos en estudiantes de Quevedo, 2022",,OpenAlex,metadata,6,6,False,6,,,,False,included,1.008717,0.62824,0.174687,1.0,6,0.902456,13,0.884091,0.018365,0.097544
doi:10.18050/eduser.v9n1a1,doi:10.18050/eduser.v9n1a1,BERTopic-METADATA-MULTILINGUAL,metadata,17,0.3107890901009121,0.310789,0.03783411424989656,5,0.03610120322182185,0.001732911028074706,0.689211,False,True,2022,es,Gestión Educativa y Calidad en la Formación Tecnológica de un Instituto Superior Público,10.18050/eduser.v9n1a1,OpenAlex,metadata,17,17,False,17,,,,False,included,0.658473,0.307741,0.727859,0.8,5,0.883823,0,0.881858,0.001965,0.132146
doi:10.21009/jpmm.004.1.07,doi:10.21009/jpmm.004.1.07,BERTopic-METADATA-MULTILINGUAL,metadata,17,0.673509663006834,0.67351,0.14405342219365744,5,0.0429178880603639,0.10113553413329354,0.32649,False,True,2020,en,The Entrepreneurship-based School Management,10.21009/jpmm.004.1.07,OpenAlex,metadata,17,17,False,17,,,,False,included,0.969466,0.6682,0.42218,1.0,17,0.73444,5,0.696938,0.037502,0.26556
record:5923c3c241e6ce53cc870a2b,record:5923c3c241e6ce53cc870a2b,BERTopic-METADATA-MULTILINGUAL,metadata,17,0.635553941769581,0.635554,0.19504277300368797,5,0.040521100656871936,0.15452167234681602,0.364446,False,True,2022,es,"Diseño y aplicación de estrategias innovadoras de gestión escolar orientadas a la instalación de modelos ﬂexibles del uso del tiempo, el espacio y los recursos",,CONICET Digital,metadata,17,17,False,17,,,,False,included,1.024423,0.678368,0.356156,1.0,17,0.864822,11,0.820362,0.04446,0.135178
doi:10.51896/rilcods.v8i76.1144,doi:10.51896/rilcods.v8i76.1144,BERTopic-METADATA-MULTILINGUAL,metadata,17,1.0,1.0,1.0,0,1.058127349401807e-307,1.0,0.0,False,False,2026,es,El papel de la innovación en la mejora de la calidad de la gestión educativa,10.51896/rilcods.v8i76.1144,OpenAlex,metadata,17,17,False,17,,,,False,included,1.005824,0.753764,0.221709,1.0,17,0.952373,0,0.872772,0.079601,0.047627
record:c841fd0d09fbfb9abbac9e38,record:c841fd0d09fbfb9abbac9e38,BERTopic-METADATA-MULTILINGUAL,metadata,17,0.7722275409994849,0.772228,0.24366167657138987,5,0.0457520293077831,0.19790964726360677,0.227772,False,True,2022,es,Criterios de directores de escuelas primarias del municipio Venezuela sobre la creatividad en su gestión escolar,,OpenAlex,metadata,17,17,False,17,,,,False,included,1.048226,0.704005,0.330146,1.0,17,0.831355,14,0.819823,0.011532,0.168645
doi:10.1108/ijem-04-2023-0208,doi:10.1108/ijem-04-2023-0208,BERTopic-METADATA-MULTILINGUAL,metadata,17,0.9181732252927316,0.918173,0.20672905962318375,5,0.048346123736192834,0.15838293588699093,0.081827,False,False,2023,en,Entrepreneurial leadership behaviour of primary school principals across Europe: a comparative study,10.1108/ijem-04-2023-0208,OpenAlex,metadata,17,17,False,17,,,,False,included,1.026279,0.652626,0.588155,1.0,12,0.834127,17,0.830492,0.003634,0.169508
record:fc93777589f4a27d176a05df,record:fc93777589f4a27d176a05df,BERTopic-METADATA-MULTILINGUAL,metadata,17,0.9181732252927316,0.918173,0.5525684556992106,0,0.026816180937337526,0.5257522747618731,0.081827,False,False,2025,es,Liderazgo en educación facilitar procesos de innovación en la evaluación del enfoque STEM,,OpenAlex,metadata,17,17,False,17,,,,False,included,1.011986,0.749686,0.277534,1.0,17,0.850893,13,0.784942,0.065952,0.149107
doi:10.37843/rted.v10i1.175,doi:10.37843/rted.v10i1.175,BERTopic-METADATA-MULTILINGUAL,metadata,17,0.8589167326749182,0.858917,0.5022987519659772,0,0.0273683388524453,0.4749304131135319,0.141083,False,False,2021,es,Dirección y Profesorado: Factores Clave para el Liderazgo e Innovación en Tiempos de Pandemia,10.37843/rted.v10i1.175,OpenAlex,metadata,17,17,False,17,,,,False,included,1.01368,0.773816,0.157683,1.0,17,0.872895,3,0.836793,0.036102,0.127105
doi:10.6018/rie.465491,doi:10.6018/rie.465491,BERTopic-METADATA-MULTILINGUAL,metadata,17,1.0,1.0,1.0,0,1.0543263937832375e-307,1.0,0.0,False,False,2022,es,Aportaciones y dificultades valoradas por las personas participantes en un proceso de innovación educativa de infantil a secundaria obligatoria,10.6018/rie.465491,OpenAlex,metadata,17,17,False,17,,,,False,included,1.018256,0.7468,0.238314,1.0,17,0.894188,26,0.796182,0.098006,0.105812
doi:10.56712/latam.v6i1.3360,doi:10.56712/latam.v6i1.3360,BERTopic-METADATA-MULTILINGUAL,metadata,17,1.0,1.0,1.0,0,1.0818044124448064e-307,1.0,0.0,False,False,2025,es,Innovación en la gestión educativa: Revisión sistemática,10.56712/latam.v6i1.3360,OpenAlex,metadata,17,17,False,17,,,,False,included,0.657788,0.731641,0.261682,1.0,17,0.949196,0,0.864169,0.085027,0.050804
record:4c9ea981e0414a2813b97a02,record:4c9ea981e0414a2813b97a02,BERTopic-METADATA-MULTILINGUAL,metadata,1,1.0,1.0,1.0,11,1.4753949363542869e-307,1.0,0.0,False,False,2025,pt,Democratization of school management in a municipality in the high Sertão of Paraíba: limits and possibilities from the Municipal Education Plan (2015-2025).,,OpenAlex,metadata,1,1,False,1,,,,False,included,1.021857,0.56319,0.309608,1.0,1,0.891862,11,0.869313,0.022549,0.108138
doi:10.54751/revistafoco.v16n11-221,doi:10.54751/revistafoco.v16n11-221,BERTopic-METADATA-MULTILINGUAL,metadata,1,0.8359168168166242,0.835917,0.34867920807036273,11,0.05484234418699292,0.2938368638833698,0.164083,False,False,2023,pt,GESTÃO ESCOLAR NO DESENVOLVIMENTO DA PROMOÇÃO DE UMA GESTÃO DEMOCRÁTICA,10.54751/revistafoco.v16n11-221,OpenAlex,metadata,1,1,False,1,,,,False,included,1.033151,0.634489,0.229162,1.0,1,0.958515,15,0.869083,0.089432,0.041485
doi:10.36926/editorainovar-978-65-5388-263-8_001,doi:10.36926/editorainovar-978-65-5388-263-8_001,BERTopic-METADATA-MULTILINGUAL,metadata,1,0.5009623017945539,0.500962,0.1079121384482955,11,0.045307615367870396,0.0626045230804251,0.499038,False,True,2024,pt,GESTÃO ESCOLAR E PARTICIPAÇÃO DEMOCRÁTICA,10.36926/editorainovar-978-65-5388-263-8_001,OpenAlex,metadata,1,1,False,1,,,,False,included,1.023046,0.52043,0.235364,1.0,1,0.963885,15,0.92476,0.039126,0.036115
doi:10.1108/9781837535446,doi:10.1108/9781837535446,BERTopic-METADATA-MULTILINGUAL,metadata,1,0.8160270211001002,0.816027,0.24599139924220353,11,0.05522513323434236,0.19076626600786117,0.183973,False,False,2024,en,Transformative Democracy in Educational Leadership and Policy,10.1108/9781837535446,OpenAlex,metadata,1,1,False,1,,,,False,included,1.052141,0.58707,0.596905,1.0,1,0.870007,2,0.819409,0.050598,0.129993
doi:10.14295/rds.v21i2.8721,doi:10.14295/rds.v21i2.8721,BERTopic-METADATA-MULTILINGUAL,metadata,1,1.0,1.0,1.0,11,1.1957188730631723e-307,1.0,0.0,False,False,2020,pt,GESTÃO DEMOCRÁTICA E PARTICIPATIVA: HORIZONTES E POSSIBILIDADES DE CONSTRUIR UMA ESCOLA DE TODOS E PARA TODOS.,10.14295/rds.v21i2.8721,OpenAlex,metadata,1,1,False,1,,,,False,included,1.036178,0.632132,0.289406,1.0,1,0.952369,11,0.849812,0.102557,0.047631
doi:10.5007/2175-795x.2025.e99442,doi:10.5007/2175-795x.2025.e99442,BERTopic-METADATA-MULTILINGUAL,metadata,1,0.8632127388008163,0.863213,0.4574460250085619,11,0.0667713429796279,0.390674682028934,0.136787,False,False,2025,pt,"Eleição de diretores escolares em Florianópolis: passado, presente e futuro de luta por gestão democrática",10.5007/2175-795x.2025.e99442,OpenAlex,metadata,1,1,False,1,,,,False,included,1.016181,0.44799,0.431546,1.0,1,0.901379,11,0.859787,0.041592,0.098621
doi:10.51891/rease.v8i4.4974,doi:10.51891/rease.v8i4.4974,BERTopic-METADATA-MULTILINGUAL,metadata,1,0.5009623017945539,0.500962,0.08620144208147641,11,0.053297034960407705,0.03290440712106871,0.499038,False,True,2022,pt,GESTÃO ESCOLAR: UMA ANÁLISE ACERCA DO PROCESSO DE ELABORAÇÃO E IMPLEMENTAÇÃO DO PROJETO POLÍTICO-PEDAGÓGICO,10.51891/rease.v8i4.4974,OpenAlex,metadata,1,1,False,1,,,,False,included,1.021627,0.393908,0.342407,1.0,1,0.938809,15,0.909017,0.029792,0.061191
doi:10.4324/9781003320579,doi:10.4324/9781003320579,BERTopic-METADATA-MULTILINGUAL,metadata,1,0.3575055458159414,0.357506,0.0467129073476072,26,0.02946536059025717,0.01724754675735003,0.642494,False,True,2022,en,Community Participation in School Management,10.4324/9781003320579,OpenAlex,metadata,1,1,False,1,,,,False,included,1.015931,-0.304213,1.129821,1.0,5,0.821151,15,0.818085,0.003066,0.191697
record:69d03f0947a4d86da0c29505,record:69d03f0947a4d86da0c29505,BERTopic-METADATA-MULTILINGUAL,metadata,1,0.7323774957933097,0.732377,0.4170400456918112,11,0.037201000855612974,0.37983904483619824,0.267623,False,True,2020,pt,"Estado, políticas y gestión educativa: resistencia activa para una agenda democrática con justicia social",,OpenAlex,metadata,1,1,False,1,,,,False,included,1.004032,0.642189,0.235874,1.0,1,0.90504,11,0.845349,0.059691,0.09496
record:866dc88274044e5e121fdf13,record:866dc88274044e5e121fdf13,BERTopic-METADATA-MULTILINGUAL,metadata,1,0.33374630178480563,0.333746,0.036230099869054476,11,0.034830155099541786,0.0013999447695126899,0.666254,False,True,2021,es,Docentes y equipos directivos : el reto de la ciudadanía plena. Proyecto Educativo Nacional - PEN 2036 -,,OpenAlex,metadata,1,1,False,1,,,,False,included,1.026943,0.227914,0.571762,0.8,14,0.841276,1,0.825597,0.015679,0.174403
record:dff306cdf2e61df792b61d3b,record:dff306cdf2e61df792b61d3b,BERTopic-METADATA-MULTILINGUAL,metadata,3,0.7364954225970582,0.736495,0.41662374283888187,26,0.01751967638535724,0.39910406645352464,0.263505,False,False,2020,es,Gestionar escuelas en tiempos de pandemia. Una oportunidad para repensar la escuela / Conducting schools in pandemic times. An opportunity to rethink school,,OpenAlex,metadata,3,3,False,3,,,,False,included,1.020654,0.857259,0.144942,1.0,3,0.94269,15,0.855176,0.087514,0.05731
doi:10.62608/2164-1102.1104,doi:10.62608/2164-1102.1104,BERTopic-METADATA-MULTILINGUAL,metadata,3,1.0,1.0,1.0,26,3.9376024466105304e-308,1.0,0.0,False,False,2022,en,COVID-19 Impact on Principal Self-Efficacy,10.62608/2164-1102.1104,OpenAlex,metadata,3,3,False,3,,,,False,included,1.020367,0.852517,0.321389,1.0,3,0.711559,15,0.50096,0.210599,0.288441
doi:10.29086/2519-5476/2021/v28n1a13,doi:10.29086/2519-5476/2021/v28n1a13,BERTopic-METADATA-MULTILINGUAL,metadata,3,1.0,1.0,1.0,26,4.043605904974198e-308,1.0,0.0,False,False,2021,en,The Perceptions and Experiences of School Management Teams and Teachers regarding Continuing Professional Development of Teachers in Digital Literacy amidst the COVID-19 Pandemic,10.29086/2519-5476/2021/v28n1a13,OpenAlex,metadata,3,3,False,3,,,,False,included,1.0225,0.85157,0.313463,1.0,3,0.774434,0,0.667904,0.10653,0.225566
doi:10.53730/ijhs.v6n2.8317,doi:10.53730/ijhs.v6n2.8317,BERTopic-METADATA-MULTILINGUAL,metadata,3,0.7819978779848822,0.781998,0.28127935913381047,26,0.025739390385901516,0.25553996874790896,0.218002,False,False,2022,en,School principal roles during the COVID-19 pandemic,10.53730/ijhs.v6n2.8317,OpenAlex,metadata,3,3,False,3,,,,False,included,1.022554,0.852382,0.292331,1.0,3,0.900764,9,0.787401,0.113362,0.099236
doi:10.35429/jaf.2023.26.10.14.25,doi:10.35429/jaf.2023.26.10.14.25,BERTopic-METADATA-MULTILINGUAL,metadata,3,0.7364954225970582,0.736495,0.28952078229856576,26,0.024296641909532,0.26522414038903375,0.263505,False,True,2023,en,The new profile of the school principal: post-pandemic,10.35429/jaf.2023.26.10.14.25,OpenAlex,metadata,3,3,False,3,,,,False,included,1.03271,0.858686,0.074061,1.0,3,0.856947,9,0.801078,0.055869,0.143053
record:a9ae2a996672874e1db1461b,record:a9ae2a996672874e1db1461b,BERTopic-METADATA-MULTILINGUAL,metadata,3,1.0,1.0,1.0,26,4.249779241801226e-308,1.0,0.0,False,False,2021,en,"Pandemias reais, currículo, gestão escolar e nós. E agora?",,OpenAlex,metadata,3,3,False,3,,,,False,included,1.01533,0.847633,0.280783,1.0,3,0.906345,15,0.802956,0.103389,0.093655
record:20372ba41fa955922ae602b7,record:20372ba41fa955922ae602b7,BERTopic-METADATA-MULTILINGUAL,metadata,3,0.7364954225970582,0.736495,0.3103700264653578,26,0.023977746006115547,0.28639228045924225,0.263505,False,True,2023,es,Formação da equipe diretiva: processo de autoavaliação da instituição escolar em tempos de pandemia,,OpenAlex,metadata,3,3,False,3,,,,False,included,1.006294,0.815706,0.30841,1.0,3,0.851116,15,0.776439,0.074677,0.148884
doi:10.22201/cuaieed.16076079e.2024.25.2.11,doi:10.22201/cuaieed.16076079e.2024.25.2.11,BERTopic-METADATA-MULTILINGUAL,metadata,3,0.7364954225970582,0.736495,0.5570628562912923,26,0.009779947731027583,0.5472829085602646,0.263505,False,False,2024,es,Liderazgo educativo postpandémico: un enfoque en las Telesecundarias,10.22201/cuaieed.16076079e.2024.25.2.11,OpenAlex,metadata,3,3,False,3,,,,False,included,1.019994,0.851637,0.225577,1.0,3,0.9423,15,0.854491,0.087809,0.0577
doi:10.25115/eea.v39i12.6463,doi:10.25115/eea.v39i12.6463,BERTopic-METADATA-MULTILINGUAL,metadata,3,0.7819978779848822,0.781998,0.28830592718575654,26,0.025361722984383595,0.26294420420137293,0.218002,False,True,2021,en,"Interplay of Shared Leadership Practices of Principals, Teachers' Soft Skills and Learners' Competitiveness in COVID 19 Era: Implications to Economics of Educational Leadership",10.25115/eea.v39i12.6463,OpenAlex,metadata,3,3,False,3,,,,False,included,1.012913,0.852957,0.295592,1.0,3,0.875632,13,0.798478,0.077154,0.124368
doi:10.34096/iice.n51.10677,doi:10.34096/iice.n51.10677,BERTopic-METADATA-MULTILINGUAL,metadata,3,0.5385052832689272,0.538505,0.13287181219312139,26,0.023884837875746797,0.10898697431737459,0.461495,False,True,2022,es,Escuela secundaria y pandemia: testimoniar sobre los procesos de escolarización y habilitar la mirada a la novedad,10.34096/iice.n51.10677,OpenAlex,metadata,3,3,False,3,,,,False,included,1.028189,0.734442,0.485124,1.0,15,0.876505,3,0.856761,0.019745,0.143239
doi:10.5281/zenodo.20325893,doi:10.5281/zenodo.20325893,BERTopic-METADATA-MULTILINGUAL,metadata,18,0.3072841249283635,0.307284,0.06100055133921554,5,0.017789660360720914,0.04321089097849462,0.692716,False,True,2026,en,Entornos escolares saludables. Recomendaciones para equipos directivos,10.5281/zenodo.20325893,OpenAlex,metadata,18,18,False,18,,,,False,included,1.010296,0.699228,0.389638,1.0,18,0.81966,5,0.783641,0.036019,0.18034
doi:10.51594/ijmer.v2i4.157,doi:10.51594/ijmer.v2i4.157,BERTopic-METADATA-MULTILINGUAL,metadata,18,0.8555838310365204,0.855584,0.5253144116782561,14,0.022328468146610738,0.5029859435316454,0.144416,False,False,2020,en,WASTE DISPOSAL MANAGEMENT PRACTICES IN SELECTED SENIOR HIGH SCHOOLS WITHIN THE WA MUNICIPALITY OF GHANA,10.51594/ijmer.v2i4.157,OpenAlex,metadata,18,18,False,18,,,,False,included,1.015795,0.853548,0.158548,1.0,18,0.698723,5,0.648344,0.05038,0.301277
doi:10.3389/978-2-8325-8789-8,doi:10.3389/978-2-8325-8789-8,BERTopic-METADATA-MULTILINGUAL,metadata,18,1.0,1.0,1.0,8,7.184026269296873e-308,1.0,0.0,False,False,2026,en,Educational Leadership and Sustainable Development,10.3389/978-2-8325-8789-8,OpenAlex,metadata,18,18,False,18,,,,False,included,1.055793,0.820429,0.259566,1.0,2,0.845313,18,0.843646,0.001667,0.156354
doi:10.1163/9789004719255_003,doi:10.1163/9789004719255_003,BERTopic-METADATA-MULTILINGUAL,metadata,18,1.0,1.0,1.0,8,7.229076159164745e-308,1.0,0.0,False,False,2024,en,"Education Systems, the SDG s, and Educational Leadership",10.1163/9789004719255_003,OpenAlex,metadata,18,18,False,18,,,,False,included,0.664819,0.812278,0.272482,1.0,13,0.800353,2,0.798544,0.001809,0.222198
doi:10.1080/14767724.2021.1993796,doi:10.1080/14767724.2021.1993796,BERTopic-METADATA-MULTILINGUAL,metadata,18,1.0,1.0,1.0,8,7.25214834006913e-308,1.0,0.0,False,False,2021,en,NGOs schools are promoting education for sustainable development in rural areas,10.1080/14767724.2021.1993796,OpenAlex,metadata,18,18,False,18,,,,False,included,1.059684,0.881714,0.106912,1.0,18,0.838867,5,0.675035,0.163832,0.161133
doi:10.1017/aee.2022.8,doi:10.1017/aee.2022.8,BERTopic-METADATA-MULTILINGUAL,metadata,18,1.0,1.0,1.0,14,6.926177713550675e-308,1.0,0.0,False,False,2022,en,Climate change and the assemblages of school leaderships,10.1017/aee.2022.8,OpenAlex,metadata,18,18,False,18,,,,False,included,1.014536,0.864906,0.158236,1.0,18,0.784961,13,0.738832,0.046129,0.215039
doi:10.37811/cl_rcm.v8i3.11175,doi:10.37811/cl_rcm.v8i3.11175,BERTopic-METADATA-MULTILINGUAL,metadata,18,0.2514880229998953,0.251488,0.04151699689377289,15,0.016296458724308415,0.025220538169464474,0.748512,False,True,2024,es,Impulsando la Educación STEAM desde la Gestión Escolar Efectiva: Un Modelo de Banco de Germoplasma Vegetal para el Desarrollo Sostenible y el Fortalecimiento de las Habilidades STEAM,10.37811/cl_rcm.v8i3.11175,OpenAlex,metadata,18,18,False,18,,,,False,included,1.01051,0.559757,0.528328,1.0,18,0.849867,14,0.835685,0.014182,0.150133
doi:10.58812/wsshs.v2i01.626,doi:10.58812/wsshs.v2i01.626,BERTopic-METADATA-MULTILINGUAL,metadata,18,0.7057041489882658,0.705704,0.34801716228812096,14,0.026851999902266173,0.3211651623858548,0.294296,False,True,2024,en,Role of Ciliwung River School Management in Tourism Sustainability,10.58812/wsshs.v2i01.626,OpenAlex,metadata,18,18,False,18,,,,False,included,1.021814,0.795546,0.234516,1.0,18,0.678698,5,0.603746,0.074952,0.321302
doi:10.1080/13504622.2022.2044017,doi:10.1080/13504622.2022.2044017,BERTopic-METADATA-MULTILINGUAL,metadata,18,1.0,1.0,1.0,8,7.241324097574632e-308,1.0,0.0,False,False,2022,en,Sustainability and the 2030 Agenda within schools: A study of school principals' engagement and perceptions,10.1080/13504622.2022.2044017,OpenAlex,metadata,18,18,False,18,,,,False,included,1.079903,0.893387,0.063588,1.0,18,0.865908,5,0.776591,0.089316,0.134092
doi:10.1007/978-3-032-13203-1_26,doi:10.1007/978-3-032-13203-1_26,BERTopic-METADATA-MULTILINGUAL,metadata,18,0.8780359132999339,0.878036,0.5093425618214344,8,0.023958896194900287,0.4853836656265342,0.121964,False,False,2026,en,Green Digital School Management as Technology-Driven Strategies for Achieving Sustainable and Eco-Friendly School Governance,10.1007/978-3-032-13203-1_26,OpenAlex,metadata,18,18,False,18,,,,False,included,0.986566,0.866831,0.160733,1.0,18,0.821463,0,0.763405,0.058058,0.178537
doi:10.20396/etd.v23i3.8664215,doi:10.20396/etd.v23i3.8664215,BERTopic-METADATA-MULTILINGUAL,metadata,23,1.0,1.0,1.0,4,2.4741749736995665e-307,1.0,0.0,False,False,2021,pt,Educação intercultural crítica e suas potencialidades para outra gestão escolar,10.20396/etd.v23i3.8664215,OpenAlex,metadata,23,23,False,23,,,,False,included,1.032289,0.699081,0.142836,1.0,23,0.949944,4,0.884674,0.06527,0.050056
doi:10.59282/reincisol.v5(9)1524,doi:10.59282/reincisol.v5(9)1524,BERTopic-METADATA-MULTILINGUAL,metadata,23,1.0,1.0,1.0,4,2.374847452701315e-307,1.0,0.0,False,False,2026,es,"Educación artística, diversidad cultural e identidades múltiples: desafíos para la gestión educativa",10.59282/reincisol.v5(9)1524,OpenAlex,metadata,23,23,False,23,,,,False,included,1.009342,0.711392,0.137161,1.0,23,0.834396,4,0.72391,0.110486,0.165604
doi:10.15359/ree.27-1.14452,doi:10.15359/ree.27-1.14452,BERTopic-METADATA-MULTILINGUAL,metadata,23,1.0,1.0,1.0,4,2.6862766810350188e-307,1.0,0.0,False,False,2022,es,Multiculturalidad y liderazgo educacional en escuelas públicas: Una revisión sistemática,10.15359/ree.27-1.14452,OpenAlex,metadata,23,23,False,23,,,,False,included,1.03451,0.533644,0.257393,1.0,23,0.888482,27,0.863209,0.025273,0.111519
doi:10.5027/psicoperspectivas-vol21-issue1-fulltext-2323,doi:10.5027/psicoperspectivas-vol21-issue1-fulltext-2323,BERTopic-METADATA-MULTILINGUAL,metadata,23,1.0,1.0,1.0,4,1.837104205162029e-307,1.0,0.0,False,False,2022,es,La educación primaria en España y la diversidad cultural,10.5027/psicoperspectivas-vol21-issue1-fulltext-2323,OpenAlex,metadata,23,23,False,23,,,,False,included,1.023198,0.750185,0.075066,1.0,23,0.912302,14,0.841342,0.07096,0.087698
record:f76b1c1268aefcaede4babeb,record:f76b1c1268aefcaede4babeb,BERTopic-METADATA-MULTILINGUAL,metadata,23,1.0,1.0,1.0,4,2.3483656716802447e-307,1.0,0.0,False,False,2026,es,Liderazgo transformador y gestión directiva para la resignificación del currículo intercultural en instituciones educativas,,OpenAlex,metadata,23,23,False,23,,,,False,included,1.027165,0.697461,0.148212,1.0,23,0.909229,4,0.835479,0.07375,0.090771
doi:10.5027/psicoperspectivas-vol21-issue1-fulltext-2501,doi:10.5027/psicoperspectivas-vol21-issue1-fulltext-2501,BERTopic-METADATA-MULTILINGUAL,metadata,23,1.0,1.0,1.0,4,1.4996524090246913e-307,1.0,0.0,False,False,2022,es,Inclusión de estudiantes migrantes en una escuela chilena: Desafíos para las prácticas del liderazgo escolar,10.5027/psicoperspectivas-vol21-issue1-fulltext-2501,OpenAlex,metadata,23,23,False,23,,,,False,included,1.034252,0.702145,0.267194,1.0,23,0.912047,14,0.877772,0.034275,0.087953
record:d9f81110c958caf884ddda98,record:d9f81110c958caf884ddda98,BERTopic-METADATA-MULTILINGUAL,metadata,23,1.0,1.0,1.0,4,2.52015551198753e-307,1.0,0.0,False,False,2023,pt,GESTÃO ESCOLAR E MULTICULTURALISMO SOCIAL NO PROCESSO DA EDUCAÇÃO INCLUSIVA,,OpenAlex,metadata,23,23,False,23,,,,False,included,1.016924,0.677233,0.160823,1.0,23,0.944239,4,0.853942,0.090297,0.055761
doi:10.1177/14782103211040909,doi:10.1177/14782103211040909,BERTopic-METADATA-MULTILINGUAL,metadata,23,1.0,1.0,1.0,4,2.5629757430984736e-307,1.0,0.0,False,False,2021,en,Challenges and opportunities for culturally responsive leadership in schools: Evidence from Four European countries,10.1177/14782103211040909,OpenAlex,metadata,23,23,False,23,,,,False,included,1.016938,0.586661,0.225187,1.0,23,0.901718,4,0.840519,0.061199,0.098282
doi:10.14507/epaa.29.6261,doi:10.14507/epaa.29.6261,BERTopic-METADATA-MULTILINGUAL,metadata,23,1.0,1.0,1.0,4,1.4207650559291619e-307,1.0,0.0,False,False,2021,es,Migración de estudiantes internacionales a Chile: Desafíos de la nueva educación públic,10.14507/epaa.29.6261,OpenAlex,metadata,23,23,False,23,,,,False,included,1.014539,0.684485,0.311413,1.0,23,0.857806,14,0.844597,0.013208,0.142194
doi:10.37843/rted.v18i1.589,doi:10.37843/rted.v18i1.589,BERTopic-METADATA-MULTILINGUAL,metadata,23,1.0,1.0,1.0,4,2.3979843515195394e-307,1.0,0.0,False,False,2025,es,Incidencia de la Gestión Educativa y la Diversidad Cultural en la Calidad Educativa,10.37843/rted.v18i1.589,OpenAlex,metadata,23,23,False,23,,,,False,included,1.016736,0.691692,0.140644,1.0,23,0.900706,8,0.863386,0.03732,0.099294
doi:10.46652/atikbook19.cap3,doi:10.46652/atikbook19.cap3,BERTopic-METADATA-MULTILINGUAL,metadata,19,1.0,1.0,1.0,13,1.6013740129660432e-307,1.0,0.0,False,False,2025,es,Gestión educativa y liderazgo académico como motores de educación viva en contextos universitarios iberoamericanos,10.46652/atikbook19.cap3,OpenAlex,metadata,19,19,False,19,,,,False,included,0.65472,0.721409,0.098395,0.9,19,0.87948,13,0.837743,0.041737,0.12052
doi:10.1108/978-1-64802-359-020251012,doi:10.1108/978-1-64802-359-020251012,BERTopic-METADATA-MULTILINGUAL,metadata,19,1.0,1.0,1.0,13,1.2279531369194666e-307,1.0,0.0,False,False,2020,en,Building a Purposefully Inclusive Future for Latinas in School Leadership,10.1108/978-1-64802-359-020251012,OpenAlex,metadata,19,19,False,19,,,,False,included,1.010036,0.675286,0.350781,1.0,19,0.796742,4,0.788312,0.008431,0.203258
doi:10.1007/978-3-032-01094-0_1,doi:10.1007/978-3-032-01094-0_1,BERTopic-METADATA-MULTILINGUAL,metadata,19,1.0,1.0,1.0,13,1.3192877405620697e-307,1.0,0.0,False,False,2026,en,School Leadership in Latin America and the Caribbean: An Overview,10.1007/978-3-032-01094-0_1,OpenAlex,metadata,19,19,False,19,,,,False,included,1.016436,0.690398,0.315396,1.0,19,0.887719,12,0.845811,0.041908,0.112281
doi:10.56712/latam.v6i1.3551,doi:10.56712/latam.v6i1.3551,BERTopic-METADATA-MULTILINGUAL,metadata,19,1.0,1.0,1.0,6,1.3774928654644156e-307,1.0,0.0,False,False,2025,es,El Impacto del Liderazgo Escolar en la Calidad Educativa: Evidencia desde la Nueva Escuela Mexicana,10.56712/latam.v6i1.3551,OpenAlex,metadata,19,19,False,19,,,,False,included,1.045385,0.700129,0.20481,1.0,19,0.949266,6,0.922553,0.026714,0.050734
doi:10.5354/2452-5014.2021.64101,doi:10.5354/2452-5014.2021.64101,BERTopic-METADATA-MULTILINGUAL,metadata,19,1.0,1.0,1.0,13,1.6461436894890683e-307,1.0,0.0,False,False,2021,es,Formación en liderazgo para la Educación Media Técnico Profesional en Chile: aportes y desafíos,10.5354/2452-5014.2021.64101,OpenAlex,metadata,19,19,False,19,,,,False,included,1.017315,0.610829,0.359989,1.0,19,0.892001,13,0.856376,0.035625,0.107999
doi:10.32873/unl.dc.ciel,doi:10.32873/unl.dc.ciel,BERTopic-METADATA-MULTILINGUAL,metadata,19,1.0,1.0,1.0,13,1.2771514712980593e-307,1.0,0.0,False,False,2020,en,Contemporary Issues in Educational Leadership,10.32873/unl.dc.ciel,OpenAlex,metadata,19,19,False,19,,,,False,included,1.002839,0.700041,0.299717,1.0,19,0.808401,23,0.772867,0.035534,0.191599
doi:10.58594/rtest.v4i1.100,doi:10.58594/rtest.v4i1.100,BERTopic-METADATA-MULTILINGUAL,metadata,19,0.8560221569982133,0.856022,0.23336591814453772,6,0.06634563312311088,0.16702028502142685,0.143978,False,False,2024,es,The pedagogical leadership of the director and its influence on educational practices in the context of the New Mexican School,10.58594/rtest.v4i1.100,OpenAlex,metadata,19,19,False,19,,,,False,included,1.02164,0.490084,0.342483,0.7,19,0.908874,6,0.893773,0.0151,0.091126
doi:10.15517/revedu.v46i1.44514,doi:10.15517/revedu.v46i1.44514,BERTopic-METADATA-MULTILINGUAL,metadata,19,1.0,1.0,1.0,13,1.412299003509062e-307,1.0,0.0,False,False,2021,es,Liderazgo educativo: una mirada desde el rol del director y la directora en tres niveles del sistema educacional chileno,10.15517/revedu.v46i1.44514,OpenAlex,metadata,19,19,False,19,,,,False,included,0.663844,0.663121,0.28776,0.9,19,0.933222,6,0.89034,0.042882,0.066778
doi:10.29344/07180772.41.3521,doi:10.29344/07180772.41.3521,BERTopic-METADATA-MULTILINGUAL,metadata,19,0.8565777393850186,0.856578,0.3317679310559003,13,0.06915088986269556,0.2626170411932047,0.143422,False,True,2023,es,"El liderazgo educativo en un Liceo Bicentenario de la región del Maule, Chile: un estudio de caso",10.29344/07180772.41.3521,OpenAlex,metadata,19,19,False,19,,,,False,included,1.007863,0.374847,0.43656,0.4,13,0.953851,6,0.947051,0.0068,0.054271
record:ac5f20cddabaa23f25f048b4,record:ac5f20cddabaa23f25f048b4,BERTopic-METADATA-MULTILINGUAL,metadata,19,0.9823646355107181,0.982365,0.5646157454289947,6,0.03642668285731147,0.5281890625716833,0.017635,False,False,2025,es,Aporte del liderazgo pedagógico del directivo escolar en la resolución de problemas de la educación latinoamericana,,OpenAlex,metadata,19,19,False,19,,,,False,included,1.014572,0.698933,0.203194,1.0,19,0.895726,3,0.877861,0.017864,0.104274
doi:10.55813/gaea/rcym/v4/n1/157,doi:10.55813/gaea/rcym/v4/n1/157,BERTopic-METADATA-MULTILINGUAL,metadata,0,1.0,1.0,1.0,17,7.329944659138532e-308,1.0,0.0,False,False,2026,en,Competencias digitales docentes y gestión del cambio: un enfoque desde la inclusión y gestión educativa,10.55813/gaea/rcym/v4/n1/157,OpenAlex,metadata,0,0,False,0,,,,False,included,1.010782,0.741694,0.316785,1.0,0,0.874999,17,0.743369,0.131629,0.125002
doi:10.5281/zenodo.7800582,doi:10.5281/zenodo.7800582,BERTopic-METADATA-MULTILINGUAL,metadata,0,0.9700351584154866,0.970035,0.28585330141584053,17,0.06495749413909194,0.2208958072767486,0.281228,False,False,2023,en,School Management System,10.5281/zenodo.7800582,OpenAlex,metadata,0,0,False,0,,,,False,included,1.019412,0.54846,0.648176,1.0,5,0.767998,0,0.765451,0.002547,0.234549
record:677b12aa34f75cb81bcdbcdd,record:677b12aa34f75cb81bcdbcdd,BERTopic-METADATA-MULTILINGUAL,metadata,0,1.0,1.0,1.0,17,9.814063103737252e-308,1.0,0.0,False,False,2025,en,"Propuesta de un modelo de gestión escolar mediado por tecnologías de la información y las comunicaciones; Contextos regionales, rurales y rurales dispersos del departamento de Santander, Colombia",,OpenAlex,metadata,0,0,False,0,,,,False,included,1.022061,0.701431,0.241031,1.0,14,0.84109,0,0.840748,0.000342,0.159253
doi:10.21125/iceri.2023.0927,doi:10.21125/iceri.2023.0927,BERTopic-METADATA-MULTILINGUAL,metadata,0,0.2709570521954059,0.270957,0.03843471923430001,17,0.027929011692961418,0.010505707541338592,0.799228,False,True,2023,en,NARRATIVES OF SCHOOL PRINCIPALS IN THEIR FIRST YEAR AT WORK,10.21125/iceri.2023.0927,OpenAlex,metadata,0,0,False,0,,,,False,included,1.031309,0.313254,0.851968,1.0,8,0.696519,26,0.693424,0.003095,0.368297
doi:10.23887/ijerr.v6i2.66039,doi:10.23887/ijerr.v6i2.66039,BERTopic-METADATA-MULTILINGUAL,metadata,0,1.0,1.0,1.0,17,7.36023692457528e-308,1.0,0.0,False,False,2023,en,Strengthening School Management with Digital Education Technology to Improve the Quality of Educational Output,10.23887/ijerr.v6i2.66039,OpenAlex,metadata,0,0,False,0,,,,False,included,1.00118,0.759189,0.249236,1.0,0,0.872095,5,0.714715,0.157379,0.127905
doi:10.35870/jpni.v4i1.123,doi:10.35870/jpni.v4i1.123,BERTopic-METADATA-MULTILINGUAL,metadata,0,0.9700351584154866,0.970035,0.3724439737425108,17,0.058151891189914325,0.3142920825525965,0.281228,False,False,2023,en,School Management System Assistance with Technology Awareness at SMP Negeri 13 Dumai,10.35870/jpni.v4i1.123,OpenAlex,metadata,0,0,False,0,,,,False,included,1.015241,0.614727,0.518063,1.0,0,0.809136,5,0.80125,0.007886,0.190864
record:dd78ede718a1be901a285cd4,record:dd78ede718a1be901a285cd4,BERTopic-METADATA-MULTILINGUAL,metadata,0,0.9338782582862224,0.933878,0.645509954548028,17,0.03395781939416572,0.6115521351538622,0.30802,False,False,2020,en,"TIC y desigualdades educativas en los centros educativos de Logroño (La Rioja, España)",,OpenAlex,metadata,0,0,False,0,,,,False,included,1.01105,0.656359,0.309095,1.0,0,0.816677,14,0.776791,0.039885,0.183324
doi:10.11591/ijere.v12i2.24948,doi:10.11591/ijere.v12i2.24948,BERTopic-METADATA-MULTILINGUAL,metadata,0,1.0,1.0,1.0,17,7.776909774415368e-308,1.0,0.0,False,False,2023,en,Teacher solidity in the digital age and its effect on the effectiveness of primary school management,10.11591/ijere.v12i2.24948,OpenAlex,metadata,0,0,False,0,,,,False,included,1.067458,0.760146,0.212292,1.0,0,0.755176,5,0.70285,0.052326,0.244824
doi:10.24018/ejedu.2024.5.2.817,doi:10.24018/ejedu.2024.5.2.817,BERTopic-METADATA-MULTILINGUAL,metadata,0,1.0,1.0,0.5367882986277213,17,0.041235802882962636,0.4955524957447586,0.057238,False,False,2024,en,Examining the Role of School Leadership in the Digital Advancement of Educational Organizations,10.24018/ejedu.2024.5.2.817,OpenAlex,metadata,0,0,False,0,,,,False,included,1.055276,0.678341,0.540501,1.0,0,0.890243,13,0.819422,0.070821,0.109757
doi:10.54732/jeecs.v6i1.190,doi:10.54732/jeecs.v6i1.190,BERTopic-METADATA-MULTILINGUAL,metadata,0,0.9700351584154866,0.970035,0.3851586845500733,17,0.05711924091381652,0.32803944363625676,0.281228,False,False,2021,en,Smart School Management System of Presence Monitoring Teacher as A Realtime with Rad (Rapid Application Development) Method at Khadijah High School Surabaya,10.54732/jeecs.v6i1.190,OpenAlex,metadata,0,0,False,0,,,,False,included,1.007008,0.623507,0.498852,1.0,0,0.682752,5,0.621684,0.061068,0.317248
doi:10.61384/r.c.a..v6i2.1916,doi:10.61384/r.c.a..v6i2.1916,BERTopic-METADATA-MULTILINGUAL,metadata,10,1.0,1.0,1.0,27,1.0128893521824144e-307,1.0,0.0,False,False,2026,es,Liderazgo Femenino en la Educación: Experiencias desde la Educación Media Superior,10.61384/r.c.a..v6i2.1916,OpenAlex,metadata,10,10,False,10,,,,False,included,1.021564,0.844594,0.081564,1.0,10,0.940417,19,0.820918,0.119498,0.059583
record:c0f31aff53d8c773ee200691,record:c0f31aff53d8c773ee200691,BERTopic-METADATA-MULTILINGUAL,metadata,10,0.8446129108826312,0.844613,0.7174744599854429,27,0.02266669908138385,0.694807760904059,0.155387,False,False,2020,en,Female graduate students (re)define mentoring in educational leadership: Results from a survey,,OpenAlex,metadata,10,10,False,10,,,,False,included,0.655288,0.812663,0.154374,1.0,10,0.859991,2,0.764148,0.095843,0.140009
doi:10.1080/13603124.2022.2052760,doi:10.1080/13603124.2022.2052760,BERTopic-METADATA-MULTILINGUAL,metadata,10,0.9812349486600801,0.981235,0.7290222194918587,27,0.045315226906829674,0.6837069925850291,0.018765,False,False,2022,en,Female college principals and vice principals' perceptions of success: a view from Pakistan,10.1080/13603124.2022.2052760,OpenAlex,metadata,10,10,False,10,,,,False,included,0.666824,0.818364,0.12571,1.0,10,0.841488,9,0.718907,0.12258,0.158512
record:9a6263d6cd3c6eb058136efa,record:9a6263d6cd3c6eb058136efa,BERTopic-METADATA-MULTILINGUAL,metadata,10,0.680951346572688,0.680951,0.42541908417096536,27,0.04328428444832471,0.38213479972264064,0.319049,False,False,2024,pt,Mulheres na gestão escolar: estudos iniciais,,OpenAlex,metadata,10,10,False,10,,,,False,included,1.01502,0.804088,0.19749,1.0,10,0.944074,15,0.801837,0.142237,0.055926
doi:10.1080/00220620.2025.2465119,doi:10.1080/00220620.2025.2465119,BERTopic-METADATA-MULTILINGUAL,metadata,10,1.0,1.0,1.0,27,1.0115651522120786e-307,1.0,0.0,False,False,2025,en,"The implications of the #MeToo movement on educational institutions, educational leadership, and policy",10.1080/00220620.2025.2465119,OpenAlex,metadata,10,10,False,10,,,,False,included,1.040121,0.840482,0.097909,1.0,10,0.781125,27,0.705098,0.076027,0.218875
record:13b9e52cf4347bca6b60f01b,record:13b9e52cf4347bca6b60f01b,BERTopic-METADATA-MULTILINGUAL,metadata,10,0.6204670509135197,0.620467,0.28084061984032366,27,0.05817947451983824,0.22266114532048542,0.379533,False,True,2020,es,"Liderazgo pedagógico en la gestión curricular de la educación sexual integral, en una escuela de gestión privada y de nivel secundario, de la ciudad de Salta",,OpenAlex,metadata,10,10,False,10,,,,False,included,1.013258,0.727095,0.310277,1.0,10,0.802212,6,0.773279,0.028932,0.197788
doi:10.18296/rep.0005,doi:10.18296/rep.0005,BERTopic-METADATA-MULTILINGUAL,metadata,10,0.5981828097773465,0.598183,0.38070541377010914,27,0.03932597630878005,0.3413794374613291,0.401817,False,True,2020,en,"Women becoming secondary school leaders: Barriers, supports,and enablers",10.18296/rep.0005,OpenAlex,metadata,10,10,False,10,,,,False,included,1.050066,0.814198,0.118182,1.0,10,0.752085,13,0.672458,0.079626,0.247915
doi:10.7176/jep/11-31-04,doi:10.7176/jep/11-31-04,BERTopic-METADATA-MULTILINGUAL,metadata,10,0.4954659874640565,0.495466,0.3109758240328389,27,0.03150751585698353,0.2794683081758554,0.504534,False,False,2020,en,"Challenges of Women in Educational Leadership Position in Tano North Municipality of Ahafo Region, Ghana",10.7176/jep/11-31-04,OpenAlex,metadata,10,10,False,10,,,,False,included,0.663876,0.778996,0.23604,1.0,10,0.879846,13,0.725516,0.15433,0.120154
doi:10.38140/ijss-2025.vol5.2.06,doi:10.38140/ijss-2025.vol5.2.06,BERTopic-METADATA-MULTILINGUAL,metadata,10,0.6646334845569792,0.664633,0.4690179450500745,27,0.0339207683900296,0.4350971766600449,0.335367,False,False,2025,en,Voices from the forefront: Socio-cultural factors hindering women's representation in principalship positions in South Africa,10.38140/ijss-2025.vol5.2.06,OpenAlex,metadata,10,10,False,10,,,,False,included,1.037231,0.807159,0.17807,1.0,10,0.909431,27,0.728595,0.180836,0.090569
doi:10.1093/acrefore/9780190264093.013.642,doi:10.1093/acrefore/9780190264093.013.642,BERTopic-METADATA-MULTILINGUAL,metadata,10,1.0,1.0,1.0,27,9.887895880149357e-308,1.0,0.0,False,False,2020,en,Feminist Frameworks for Educational Leadership in the United States,10.1093/acrefore/9780190264093.013.642,OpenAlex,metadata,10,10,False,10,,,,False,included,1.012122,0.843001,0.110394,1.0,10,0.886685,4,0.69311,0.193575,0.113315
doi:10.5902/2318133861908,doi:10.5902/2318133861908,BERTopic-METADATA-MULTILINGUAL,metadata,11,0.7064573660295307,0.706457,0.1521832141442165,1,0.04398822497687549,0.10819498916734102,0.293543,False,True,2021,pt,O papel da superintendência escolar na gestão educacional de Fortaleza/CE,10.5902/2318133861908,OpenAlex,metadata,11,11,False,11,,,,False,included,1.028325,0.640504,0.33373,0.9,11,0.926921,8,0.902546,0.024375,0.07308
doi:10.21680/1981-1802.2021v59n59id22747,doi:10.21680/1981-1802.2021v59n59id22747,BERTopic-METADATA-MULTILINGUAL,metadata,11,0.7702281320550061,0.770228,0.09939903177045716,26,0.06360119506839576,0.035797836702061395,0.229772,False,True,2021,pt,Hibridismo na gestão escolar,10.21680/1981-1802.2021v59n59id22747,OpenAlex,metadata,11,11,False,11,,,,False,included,1.029556,0.548031,0.463811,1.0,11,0.923088,1,0.906759,0.016329,0.076912
doi:10.5380/jpe.v16i1.83899,doi:10.5380/jpe.v16i1.83899,BERTopic-METADATA-MULTILINGUAL,metadata,11,0.7882536713937502,0.788254,0.20026546414845633,1,0.056273287532942966,0.14399217661551336,0.211746,False,True,2022,pt,MATRIZ NACIONAL COMUM DE COMPETÊNCIAS DO DIRETOR: O TRABALHO DO DIRETOR ESCOLAR EM ANÁLISE,10.5380/jpe.v16i1.83899,OpenAlex,metadata,11,11,False,11,,,,False,included,1.046173,0.660978,0.152828,1.0,11,0.922164,22,0.892008,0.030156,0.077836
doi:10.22633/rpge.v24i1.12736,doi:10.22633/rpge.v24i1.12736,BERTopic-METADATA-MULTILINGUAL,metadata,11,0.7882536713937502,0.788254,0.27206283470138215,1,0.05422404508615091,0.21783878961523123,0.211746,False,True,2020,en,Fatores que determinam a rotatividade de diretores nas escolas públicas municipais de Fortaleza,10.22633/rpge.v24i1.12736,OpenAlex,metadata,11,11,False,11,,,,False,included,1.034018,0.657216,0.200588,1.0,11,0.810329,6,0.77664,0.03369,0.189671
doi:10.20396/etd.v24i4.8661570,doi:10.20396/etd.v24i4.8661570,BERTopic-METADATA-MULTILINGUAL,metadata,11,1.0,1.0,1.0,1,1.9824436606930806e-307,1.0,0.0,False,False,2022,pt,Gestão para resultados e controle do trabalho docente na política educacional paulista (2011-2014),10.20396/etd.v24i4.8661570,OpenAlex,metadata,11,11,False,11,,,,False,included,1.025026,0.572474,0.307064,1.0,11,0.92657,8,0.85211,0.07446,0.07343
doi:10.30905/rde.v9i1.891,doi:10.30905/rde.v9i1.891,BERTopic-METADATA-MULTILINGUAL,metadata,11,1.0,1.0,1.0,1,1.9984086682587097e-307,1.0,0.0,False,False,2025,pt,A relação trabalho-educação e as reformas curriculares no Brasil: implicações para a gestão escolar,10.30905/rde.v9i1.891,OpenAlex,metadata,11,11,False,11,,,,False,included,1.022007,0.556863,0.312852,1.0,11,0.925465,14,0.872991,0.052475,0.074535
doi:10.22491/2236-5907137164,doi:10.22491/2236-5907137164,BERTopic-METADATA-MULTILINGUAL,metadata,11,0.7882536713937502,0.788254,0.3033058066126213,1,0.058007294373952335,0.24529851223866897,0.211746,False,True,2025,en,A Meritocracia na Gestão Escolar como Pilar do Financiamento Educacional no Estado do Pará,10.22491/2236-5907137164,OpenAlex,metadata,11,11,False,11,,,,False,included,1.006953,0.62844,0.158438,1.0,11,0.807667,5,0.764307,0.04336,0.192333
doi:10.56579/eduinterpe.v1i1.1958,doi:10.56579/eduinterpe.v1i1.1958,BERTopic-METADATA-MULTILINGUAL,metadata,11,0.8281043373578306,0.828104,0.27173573649953964,1,0.08054487645748805,0.1911908600420516,0.171896,False,False,2025,pt,PRIVATIZAÇÃO DA EDUCAÇÃO,10.56579/eduinterpe.v1i1.1958,OpenAlex,metadata,11,11,False,11,,,,False,included,1.025888,0.453487,0.339421,1.0,11,0.825141,1,0.772267,0.052873,0.17486
doi:10.56238/sevened2026.011-003,doi:10.56238/sevened2026.011-003,BERTopic-METADATA-MULTILINGUAL,metadata,11,0.8504633359601246,0.850463,0.311492017140312,1,0.10561769424748417,0.2058743228928278,0.149537,False,False,2026,en,SCHOOL MANAGEMENT IN DISPUTE: NEOLIBERAL RATIONALITIES AND THE SOCIO-CRITICAL PERSPECTIVE IN POLITICAL-PEDAGOGICAL PROJECTS,10.56238/sevened2026.011-003,OpenAlex,metadata,11,11,False,11,,,,False,included,1.022363,0.328558,0.440096,0.9,11,0.884258,1,0.85463,0.029628,0.115742
doi:10.5281/zenodo.17873244,doi:10.5281/zenodo.17873244,BERTopic-METADATA-MULTILINGUAL,metadata,11,0.7702281320550061,0.770228,0.15763063557704277,1,0.05885816482840594,0.09877247074863682,0.229772,False,True,2025,pt,Reflexões que remodelam: transformando as abordagens da gestão escolar,10.5281/zenodo.17873244,OpenAlex,metadata,11,11,False,11,,,,False,included,1.020253,0.573194,0.26884,0.7,11,0.963143,1,0.933561,0.029582,0.036857
doi:10.52458/9789391842505.2022.ch10.eb.asu,doi:10.52458/9789391842505.2022.ch10.eb.asu,BERTopic-METADATA-MULTILINGUAL,metadata,26,1.0,1.0,1.0,15,2.2271107980129103e-307,1.0,0.0,False,False,2022,en,ATTRIBUTES OF A SCHOOL PRINCIPAL,10.52458/9789391842505.2022.ch10.eb.asu,OpenAlex,metadata,26,26,False,26,,,,False,included,1.141474,0.653262,0.276989,1.0,26,0.859356,9,0.831752,0.027605,0.140644
doi:10.47191/ijsshr/v6-i6-36,doi:10.47191/ijsshr/v6-i6-36,BERTopic-METADATA-MULTILINGUAL,metadata,26,1.0,1.0,1.0,15,2.622520124284476e-307,1.0,0.0,False,False,2023,en,Implementation of Fun School Management at SMKN 3 and SMKN 2 Kuala Kapuas,10.47191/ijsshr/v6-i6-36,OpenAlex,metadata,26,26,False,26,,,,False,included,1.020009,0.67475,0.142674,1.0,26,0.773946,5,0.722423,0.051524,0.226054
doi:10.46550/amormundi.v5i1.385,doi:10.46550/amormundi.v5i1.385,BERTopic-METADATA-MULTILINGUAL,metadata,26,1.0,1.0,1.0,15,2.7678055203664452e-307,1.0,0.0,False,True,2024,pt,A IMPORTÂNCIA DA GESTÃO ESCOLAR,10.46550/amormundi.v5i1.385,OpenAlex,metadata,26,26,False,26,,,,False,included,1.014148,0.483347,0.321485,0.5,26,0.945761,22,0.936078,0.009684,0.054239
doi:10.1007/s43545-021-00192-9,doi:10.1007/s43545-021-00192-9,BERTopic-METADATA-MULTILINGUAL,metadata,26,1.0,1.0,1.0,15,2.0960732861627007e-307,1.0,0.0,False,False,2021,en,Teaching-learning process in low-fee-private schools: perspectives of parents and school management,10.1007/s43545-021-00192-9,OpenAlex,metadata,26,26,False,26,,,,False,included,1.019992,0.652275,0.278854,0.9,26,0.845951,21,0.793025,0.052927,0.154049
record:8a37b7f9814b422aa05710ee,record:8a37b7f9814b422aa05710ee,BERTopic-METADATA-MULTILINGUAL,metadata,26,1.0,1.0,1.0,15,2.7343614681891167e-307,1.0,0.0,False,True,2023,en,SIGNIFICAÇÕES SOBRE A GESTÃO ESCOLAR: UMA REVISÃO BIBLIOGRÁFICA,,OpenAlex,metadata,26,26,False,26,,,,False,included,1.017205,0.600099,0.152227,0.5,26,0.903969,22,0.887473,0.016496,0.096031
doi:10.22533/at.ed.8882301034,doi:10.22533/at.ed.8882301034,BERTopic-METADATA-MULTILINGUAL,metadata,26,1.0,1.0,1.0,15,2.122052769051606e-307,1.0,0.0,False,False,2023,pt,GESTÃO ESCOLAR: UM DIÁLOGO COM AS HABILIDADES SOCIAIS,10.22533/at.ed.8882301034,OpenAlex,metadata,26,26,False,26,,,,False,included,1.0163,0.531938,0.395146,1.0,26,0.841672,15,0.803053,0.038619,0.158328
record:4d7d994e21a63fa34508d745,record:4d7d994e21a63fa34508d745,BERTopic-METADATA-MULTILINGUAL,metadata,26,1.0,1.0,1.0,15,2.789446983200029e-307,1.0,0.0,False,True,2020,pt,GESTÃO ESCOLAR: ATUAÇÃO DESTE PROFISSIONAL FRENTE A ESSE TRABALHO NO CONTEXTO EDUCACIONAL,,OpenAlex,metadata,26,26,False,26,,,,False,included,1.012744,0.418465,0.387065,0.5,26,0.962078,5,0.947598,0.01448,0.037922
doi:10.36229/978-65-5866-047-7.cap.01,doi:10.36229/978-65-5866-047-7.cap.01,BERTopic-METADATA-MULTILINGUAL,metadata,26,1.0,1.0,1.0,15,2.7194619048883145e-307,1.0,0.0,False,False,2021,pt,Família e escola: Desafios e perspectivas para a gestão escolar,10.36229/978-65-5866-047-7.cap.01,OpenAlex,metadata,26,26,False,26,,,,False,included,1.008956,0.639404,0.182368,1.0,26,0.908768,15,0.864506,0.044262,0.091232
doi:10.46898/rfb.6597bc29-fdf5-4e00-8f1d-054ce347a5b1,doi:10.46898/rfb.6597bc29-fdf5-4e00-8f1d-054ce347a5b1,BERTopic-METADATA-MULTILINGUAL,metadata,26,1.0,1.0,1.0,15,2.2472921306386667e-307,1.0,0.0,False,False,2025,pt,GESTÃO ESCOLAR: POSSÍVEIS IMPACTOS NA APRENDIZAGEM DOS ESTUDANTES,10.46898/rfb.6597bc29-fdf5-4e00-8f1d-054ce347a5b1,OpenAlex,metadata,26,26,False,26,,,,False,included,1.012313,0.675234,0.24512,1.0,26,0.927261,15,0.8465,0.080761,0.072739
doi:10.64326/educao.v1i2.24,doi:10.64326/educao.v1i2.24,BERTopic-METADATA-MULTILINGUAL,metadata,26,1.0,1.0,1.0,15,5.367360534705953e-307,1.0,0.0,False,False,2025,es,EL IMPACTO DEL MODELO DE ESCUELA DE TIEMPO COMPLETO EN LA GESTIÓN EDUCATIVA,10.64326/educao.v1i2.24,OpenAlex,metadata,26,26,False,26,,,,False,included,1.016651,0.114179,0.548309,0.7,26,0.931718,15,0.920442,0.011276,0.068282
doi:10.1080/13603124.2022.2042856,doi:10.1080/13603124.2022.2042856,BERTopic-METADATA-MULTILINGUAL,metadata,20,0.9338704882328813,0.93387,0.6495788007089416,9,0.01594785769926341,0.6336309430096781,0.06613,False,False,2022,en,The emotional intensity of educational leadership: a scoping review,10.1080/13603124.2022.2042856,OpenAlex,metadata,20,20,False,20,,,,False,included,0.990611,0.927654,0.145251,1.0,20,0.891595,9,0.826877,0.064718,0.108405
doi:10.4324/9780429344442,doi:10.4324/9780429344442,BERTopic-METADATA-MULTILINGUAL,metadata,20,1.0,1.0,1.0,26,4.1980914348586304e-308,1.0,0.0,False,False,2020,en,A Model of Emotional Leadership in Schools,10.4324/9780429344442,OpenAlex,metadata,20,20,False,20,,,,False,included,1.018693,0.956611,0.029771,1.0,20,0.928281,7,0.738466,0.189815,0.071719
doi:10.15517/h6fvzf06,doi:10.15517/h6fvzf06,BERTopic-METADATA-MULTILINGUAL,metadata,20,1.0,1.0,1.0,26,4.136979974044939e-308,1.0,0.0,False,False,2025,en,"Inteligencia emocional en equipos directivos: Análisis descriptivo según género y función directiva en establecimientos públicos de Valparaíso, Chile",10.15517/h6fvzf06,OpenAlex,metadata,20,20,False,20,,,,False,included,1.004782,0.953805,0.099673,1.0,20,0.872149,16,0.685739,0.186411,0.127851
doi:10.3389/fpsyg.2025.1548185,doi:10.3389/fpsyg.2025.1548185,BERTopic-METADATA-MULTILINGUAL,metadata,20,1.0,1.0,1.0,26,4.135482752321085e-308,1.0,0.0,False,False,2025,en,The relationship between the principals' emotional intelligence and conflict management: based on latent profile analysis,10.3389/fpsyg.2025.1548185,OpenAlex,metadata,20,20,False,20,,,,False,included,1.01485,0.955576,0.087276,1.0,20,0.802453,7,0.674492,0.127961,0.197547
doi:10.29394/scientific.issn.2542-2987.2025.10.e2.5.107-128,doi:10.29394/scientific.issn.2542-2987.2025.10.e2.5.107-128,BERTopic-METADATA-MULTILINGUAL,metadata,20,0.9636019677902959,0.963602,0.781371681678475,26,0.010111339121367762,0.7712603425571073,0.036398,False,False,2025,es,Gestión Educativa Emocional para el Desempeño Docente del Bachillerato de la Unidad Educativa 12 de Febrero,10.29394/scientific.issn.2542-2987.2025.10.e2.5.107-128,OpenAlex,metadata,20,20,False,20,,,,False,included,0.66056,0.948248,0.067596,1.0,20,0.910875,26,0.798951,0.111924,0.089125
doi:10.1007/978-981-19-0324-3_14,doi:10.1007/978-981-19-0324-3_14,BERTopic-METADATA-MULTILINGUAL,metadata,20,1.0,1.0,1.0,9,4.112547191022255e-308,1.0,0.0,False,False,2022,en,School Leadership and Emotional Intelligence,10.1007/978-981-19-0324-3_14,OpenAlex,metadata,20,20,False,20,,,,False,included,1.012054,0.949842,0.102603,1.0,20,0.924852,12,0.843254,0.081598,0.075148
doi:10.1177/1942775120902190,doi:10.1177/1942775120902190,BERTopic-METADATA-MULTILINGUAL,metadata,20,1.0,1.0,1.0,26,4.113578032644711e-308,1.0,0.0,False,False,2020,en,The Experiences of Faculty of Color in Departments of Educational Leadership and Administration: The Role of Emotional and Social Intelligence in Navigating Promotion and Tenure to Achieve the Rank of Associate Professor,10.1177/1942775120902190,OpenAlex,metadata,20,20,False,20,,,,False,included,0.647127,0.9534,0.100511,1.0,20,0.7964,27,0.7805,0.0159,0.2036
doi:10.30827/retosxxi.9.2025.32905,doi:10.30827/retosxxi.9.2025.32905,BERTopic-METADATA-MULTILINGUAL,metadata,20,1.0,1.0,1.0,26,4.215678270226668e-308,1.0,0.0,False,False,2025,es,Inteligencia emocional en equipos directivos: estrategias para su evaluación y regulación.,10.30827/retosxxi.9.2025.32905,OpenAlex,metadata,20,20,False,20,,,,False,included,1.030264,0.954554,0.073059,1.0,20,0.918292,16,0.723811,0.194482,0.081708
record:c3b814246e8109dfad4a51f5,record:c3b814246e8109dfad4a51f5,BERTopic-METADATA-MULTILINGUAL,metadata,20,1.0,1.0,1.0,26,4.188337328385932e-308,1.0,0.0,False,False,2025,es,Importancia e incidencia de la inteligencia emocional en el ejercicio del liderazgo educativo,,OpenAlex,metadata,20,20,False,20,,,,False,included,1.011271,0.949066,0.106074,1.0,20,0.964344,13,0.809449,0.154895,0.035656
doi:10.4324/9780429327902-14,doi:10.4324/9780429327902-14,BERTopic-METADATA-MULTILINGUAL,metadata,20,0.7512166638385007,0.751217,0.32873733224524265,9,0.024478917355973313,0.30425841488926936,0.248783,False,True,2021,en,Emotional workload and time use in principalship,10.4324/9780429327902-14,OpenAlex,metadata,20,20,False,20,,,,False,included,1.048546,0.877367,0.282657,1.0,20,0.788324,9,0.709559,0.078765,0.211676
doi:10.1080/13540602.2022.2137140,doi:10.1080/13540602.2022.2137140,BERTopic-METADATA-MULTILINGUAL,metadata,2,0.7328433193271346,0.732843,0.22529597580100094,7,0.06607277100943466,0.15922320479156626,0.267157,False,True,2022,en,The potential of 'leading identity' as an analytic concept for understanding Educational Leadership development in early childhood education,10.1080/13540602.2022.2137140,OpenAlex,metadata,2,2,False,2,,,,False,included,0.661597,0.528217,0.217392,0.9,2,0.868432,12,0.834217,0.034215,0.131568
doi:10.11591/ijere.v13i6.29169,doi:10.11591/ijere.v13i6.29169,BERTopic-METADATA-MULTILINGUAL,metadata,2,1.0,1.0,1.0,7,1.48762345363383e-307,1.0,0.0,False,False,2024,en,Leadership and its impact on educational institutions: a systematic review,10.11591/ijere.v13i6.29169,OpenAlex,metadata,2,2,False,2,,,,False,included,1.022419,0.61963,0.185728,1.0,2,0.958947,13,0.908785,0.050162,0.041053
doi:10.1108/979-8-88730-386-420251007,doi:10.1108/979-8-88730-386-420251007,BERTopic-METADATA-MULTILINGUAL,metadata,2,1.0,1.0,1.0,12,1.8408227740859775e-307,1.0,0.0,False,False,2023,en,The Educational Leadership Program Coordinator,10.1108/979-8-88730-386-420251007,OpenAlex,metadata,2,2,False,2,,,,False,included,1.017934,0.479721,0.285694,0.9,2,0.866366,12,0.860544,0.005822,0.133634
doi:10.1177/17411432221077767,doi:10.1177/17411432221077767,BERTopic-METADATA-MULTILINGUAL,metadata,2,0.9172595460187687,0.91726,0.33190782986997697,12,0.06253021930207274,0.2693776105679042,0.08274,False,False,2022,en,Reviewing fifty years of EMAL scholarship: Longitudinal perspectives on the journal and the field of educational leadership and management,10.1177/17411432221077767,OpenAlex,metadata,2,2,False,2,,,,False,included,0.727283,0.615707,0.267664,1.0,2,0.817261,13,0.787783,0.029478,0.182739
doi:10.55210/humanistika.v8i2.842,doi:10.55210/humanistika.v8i2.842,BERTopic-METADATA-MULTILINGUAL,metadata,2,0.7087645753434367,0.708765,0.31189064399517047,12,0.045536989240999866,0.2663536547541706,0.291235,False,True,2022,id,The Triangle of Educational Leadership,10.55210/humanistika.v8i2.842,OpenAlex,metadata,2,2,False,2,,,,False,included,0.715376,0.599274,0.203213,1.0,2,0.903248,25,0.863092,0.040156,0.096752
doi:10.1108/979-8-88730-322-220251009,doi:10.1108/979-8-88730-322-220251009,BERTopic-METADATA-MULTILINGUAL,metadata,2,0.8320676789371747,0.832068,0.2600263097914402,7,0.08479527891026725,0.17523103088117295,0.167932,False,False,2023,en,Instructional Leadership in a Vuca Environment,10.1108/979-8-88730-322-220251009,OpenAlex,metadata,2,2,False,2,,,,False,included,1.00883,0.348045,0.416686,0.9,2,0.834164,13,0.826943,0.007221,0.165836
doi:10.1108/978-1-80686-267-220261002,doi:10.1108/978-1-80686-267-220261002,BERTopic-METADATA-MULTILINGUAL,metadata,2,0.9410437711694237,0.941044,0.27070497299238233,12,0.07011447236873315,0.2005905006236492,0.058956,False,False,2026,en,"The Elites, the Oligarchs and the Inculcated Technicians of Educational Leadership",10.1108/978-1-80686-267-220261002,OpenAlex,metadata,2,2,False,2,,,,False,included,1.002752,0.553315,0.407804,1.0,2,0.806995,13,0.791856,0.015139,0.193005
doi:10.35631/ijepc.1057060,doi:10.35631/ijepc.1057060,BERTopic-METADATA-MULTILINGUAL,metadata,2,0.9163910416328994,0.916391,0.2602164258290747,13,0.08948201268549974,0.170734413143575,0.083609,False,False,2025,en,DECISION MAKING AND EDUCATIONAL LEADERSHIP: A COMPREHENSIVE SYSTEMATIC REVIEW,10.35631/ijepc.1057060,OpenAlex,metadata,2,2,False,2,,,,False,included,1.01399,0.410295,0.524863,1.0,2,0.875391,13,0.868329,0.007062,0.124609
doi:10.1016/b978-0-12-818630-5.05028-4,doi:10.1016/b978-0-12-818630-5.05028-4,BERTopic-METADATA-MULTILINGUAL,metadata,2,1.0,1.0,1.0,12,1.7306231085065826e-307,1.0,0.0,False,False,2022,en,Integrated educational leadership,10.1016/b978-0-12-818630-5.05028-4,OpenAlex,metadata,2,2,False,2,,,,False,included,1.013172,0.558642,0.20851,1.0,2,0.939859,12,0.914308,0.025551,0.060141
doi:10.5040/9798216411727.ch6,doi:10.5040/9798216411727.ch6,BERTopic-METADATA-MULTILINGUAL,metadata,2,0.8320676789371747,0.832068,0.2014378251713462,7,0.10513564336418782,0.09630218180715838,0.167932,False,False,2023,en,Low Power Distance as an Inhibitor of Instructional Leadership Application,10.5040/9798216411727.ch6,OpenAlex,metadata,2,2,False,2,,,,False,included,1.013645,0.294641,0.542871,1.0,2,0.832707,7,0.810926,0.021781,0.167293
doi:10.58577/dimar.v7i1.478,doi:10.58577/dimar.v7i1.478,BERTopic-METADATA-MULTILINGUAL,metadata,24,1.0,1.0,1.0,25,1.9087998208531548e-307,1.0,0.0,False,False,2025,en,Transformation of Islamic Boarding School Management,10.58577/dimar.v7i1.478,OpenAlex,metadata,24,24,False,24,,,,False,included,1.018392,0.77767,0.210829,1.0,24,0.904551,25,0.824599,0.079952,0.095449
doi:10.30762/realita.v16i1.674,doi:10.30762/realita.v16i1.674,BERTopic-METADATA-MULTILINGUAL,metadata,24,1.0,1.0,1.0,25,2.080323286481494e-307,1.0,0.0,False,False,2022,en,Urgensi Manajemen Peningkatan Mutu Berbasis Sekolah Di Lembaga Pendidikan Islam,10.30762/realita.v16i1.674,OpenAlex,metadata,24,24,False,24,,,,False,included,1.025271,0.771989,0.145891,1.0,24,0.818414,5,0.770618,0.047796,0.181586
doi:10.56314/ijoleh.v1i2.77,doi:10.56314/ijoleh.v1i2.77,BERTopic-METADATA-MULTILINGUAL,metadata,24,1.0,1.0,1.0,25,3.167939005352035e-307,1.0,0.0,False,False,2022,en,Cultural Management Of Character Strengthening In The Post-Pandemic Elementary School Environment,10.56314/ijoleh.v1i2.77,OpenAlex,metadata,24,24,False,24,,,,False,included,1.022433,0.284459,0.501409,1.0,24,0.72755,15,0.712937,0.014613,0.27245
doi:10.35723/ajie.v6i1.222,doi:10.35723/ajie.v6i1.222,BERTopic-METADATA-MULTILINGUAL,metadata,24,1.0,1.0,1.0,25,1.8975166595743206e-307,1.0,0.0,False,False,2022,en,Strategy Management Semi-Islamic Boarding Schools,10.35723/ajie.v6i1.222,OpenAlex,metadata,24,24,False,24,,,,False,included,1.006749,0.767403,0.22203,1.0,24,0.89864,5,0.806347,0.092292,0.10136
doi:10.2991/assehr.k.210716.286,doi:10.2991/assehr.k.210716.286,BERTopic-METADATA-MULTILINGUAL,metadata,24,1.0,1.0,1.0,25,3.2340120981898832e-307,1.0,0.0,False,False,2021,en,School Leadership and Teacher Professionalism in Character Learning,10.2991/assehr.k.210716.286,OpenAlex,metadata,24,24,False,24,,,,False,included,1.026581,0.228485,0.536471,1.0,7,0.851059,9,0.804479,0.04658,0.28632
doi:10.21070/ups.6929,doi:10.21070/ups.6929,BERTopic-METADATA-MULTILINGUAL,metadata,24,1.0,1.0,1.0,25,1.899412853882665e-307,1.0,0.0,False,False,2025,en,Child-Friendly Islamic Boarding School Management in the Millennial Era,10.21070/ups.6929,OpenAlex,metadata,24,24,False,24,,,,False,included,1.014171,0.775585,0.207581,1.0,24,0.844749,25,0.735327,0.109423,0.155251
doi:10.14689/ejer.2021.96.4,doi:10.14689/ejer.2021.96.4,BERTopic-METADATA-MULTILINGUAL,metadata,24,1.0,1.0,1.0,25,2.0039958767866766e-307,1.0,0.0,False,False,2021,en,Investigating The Role of Religious Leadership at Indonesia's Islamic Boarding Schools in The Sustainability of School Management,10.14689/ejer.2021.96.4,OpenAlex,metadata,24,24,False,24,,,,False,included,1.024636,0.77957,0.175019,1.0,24,0.889811,25,0.831326,0.058485,0.110189
doi:10.21154/muslimheritage.v8i2.5017,doi:10.21154/muslimheritage.v8i2.5017,BERTopic-METADATA-MULTILINGUAL,metadata,24,1.0,1.0,1.0,25,1.9048024014173395e-307,1.0,0.0,False,False,2023,id,Responsive Islamic Boarding School Management to Environmental Sustainability Through Green Pesantren Program,10.21154/muslimheritage.v8i2.5017,OpenAlex,metadata,24,24,False,24,,,,False,included,1.012043,0.764129,0.22034,1.0,24,0.800921,18,0.753543,0.047377,0.199079
doi:10.51214/biis.v4i1.1539,doi:10.51214/biis.v4i1.1539,BERTopic-METADATA-MULTILINGUAL,metadata,24,1.0,1.0,1.0,25,2.1606176088721715e-307,1.0,0.0,False,False,2025,en,Islamic Boarding School Management in the Modern Era: Literature Review of Local Wisdom-Based Management Models,10.51214/biis.v4i1.1539,OpenAlex,metadata,24,24,False,24,,,,False,included,1.003764,0.762592,0.127659,1.0,24,0.856686,25,0.802981,0.053705,0.143314
doi:10.15294/eduman.v15i1.38981,doi:10.15294/eduman.v15i1.38981,BERTopic-METADATA-MULTILINGUAL,metadata,24,1.0,1.0,1.0,25,4.135939529191738e-307,1.0,0.0,False,False,2026,en,School Management and Character Formation for High-Achieving Students at MI Darul Hikmah Menganti,10.15294/eduman.v15i1.38981,OpenAlex,metadata,24,24,False,24,,,,False,included,1.013227,0.008661,0.579134,1.0,24,0.855749,5,0.788366,0.067383,0.144252
doi:10.53656/voc23-41scho,doi:10.53656/voc23-41scho,BERTopic-METADATA-MULTILINGUAL,metadata,12,0.6559469488911615,0.655947,0.19963518056506338,7,0.053142791950203154,0.14649238861486022,0.344053,False,True,2023,en,School Leadership,10.53656/voc23-41scho,OpenAlex,metadata,12,12,False,12,,,,False,included,1.058413,0.649223,0.247321,0.8,12,0.880812,13,0.852806,0.028006,0.119188
doi:10.5281/zenodo.22869962,doi:10.5281/zenodo.22869962,BERTopic-METADATA-MULTILINGUAL,metadata,12,0.9884555467559573,0.988456,0.5681098257263272,7,0.05201700751441911,0.5160928182119081,0.011544,False,False,2026,en,Educational Leadership Interviews for 18 Servant Leaders,10.5281/zenodo.22869962,OpenAlex,metadata,12,12,False,12,,,,False,included,1.062582,0.717342,0.172962,1.0,12,0.812053,2,0.774722,0.037331,0.187947
doi:10.4324/9781003139935-6,doi:10.4324/9781003139935-6,BERTopic-METADATA-MULTILINGUAL,metadata,12,0.8274206025773838,0.827421,0.43481010971768463,2,0.05776645998863359,0.377043649729051,0.172579,False,False,2021,en,Situational factors and their impact on school leadership and change,10.4324/9781003139935-6,OpenAlex,metadata,12,12,False,12,,,,False,included,1.017096,0.698173,0.150768,1.0,12,0.899005,7,0.863157,0.035848,0.100995
doi:10.1007/978-3-031-62735-4_1,doi:10.1007/978-3-031-62735-4_1,BERTopic-METADATA-MULTILINGUAL,metadata,12,1.0,1.0,1.0,2,1.7763519066207495e-307,1.0,0.0,False,False,2024,en,Researching Successful School Leadership: Working with Complexity,10.1007/978-3-031-62735-4_1,OpenAlex,metadata,12,12,False,12,,,,False,included,1.009236,0.728762,0.091113,1.0,12,0.93388,2,0.891596,0.042284,0.06612
doi:10.1007/978-3-030-10576-1_300555,doi:10.1007/978-3-030-10576-1_300555,BERTopic-METADATA-MULTILINGUAL,metadata,12,1.0,1.0,1.0,2,1.6753855675166809e-307,1.0,0.0,False,False,2020,en,School Leadership,10.1007/978-3-030-10576-1_300555,OpenAlex,metadata,12,12,False,12,,,,False,included,1.012418,0.752909,0.127282,1.0,12,0.970539,2,0.89539,0.075149,0.029461
doi:10.3726/b22138.015,doi:10.3726/b22138.015,BERTopic-METADATA-MULTILINGUAL,metadata,12,1.0,1.0,1.0,2,1.6970067469657876e-307,1.0,0.0,False,False,2025,en,"School Leadership as Gap Management: Curriculum Traditions, Changing Evaluation Parameters, and School Leadership Pathways",10.3726/b22138.015,OpenAlex,metadata,12,12,False,12,,,,False,included,1.024749,0.742885,0.142742,1.0,12,0.95232,7,0.887645,0.064675,0.04768
doi:10.4135/9781071801871,doi:10.4135/9781071801871,BERTopic-METADATA-MULTILINGUAL,metadata,12,0.7698564695200925,0.769856,0.26394892587843605,7,0.055408634536703326,0.20854029134173271,0.230144,False,False,2021,en,Stories of Caring School Leadership,10.4135/9781071801871,OpenAlex,metadata,12,12,False,12,,,,False,included,1.088035,0.680286,0.313609,1.0,12,0.91773,7,0.831333,0.086397,0.08227
doi:10.4324/9781003497776,doi:10.4324/9781003497776,BERTopic-METADATA-MULTILINGUAL,metadata,12,1.0,1.0,1.0,2,2.1419319051981307e-307,1.0,0.0,False,False,2024,en,Education Futures for School Leadership,10.4324/9781003497776,OpenAlex,metadata,12,12,False,12,,,,False,included,0.984741,0.644313,0.250529,1.0,12,0.878664,2,0.851969,0.026694,0.121336
doi:10.69670/mje.3.2.7,doi:10.69670/mje.3.2.7,BERTopic-METADATA-MULTILINGUAL,metadata,12,0.6845651164533478,0.684565,0.35306791960585204,2,0.04334599647771826,0.3097219231281338,0.315435,False,True,2026,en,Between the Walls and the World: Competing Influences on School Leadership,10.69670/mje.3.2.7,OpenAlex,metadata,12,12,False,12,,,,False,included,1.018008,0.695624,0.153426,0.9,12,0.903307,2,0.85291,0.050396,0.096693
doi:10.5040/9798881835699.ch2,doi:10.5040/9798881835699.ch2,BERTopic-METADATA-MULTILINGUAL,metadata,12,1.0,1.0,1.0,2,1.9556709690664194e-307,1.0,0.0,False,False,2023,en,Transformational School Leadership,10.5040/9798881835699.ch2,OpenAlex,metadata,12,12,False,12,,,,False,included,1.023863,0.664186,0.25781,1.0,12,0.934739,2,0.869844,0.064895,0.065261
doi:10.1177/08920206261441463,doi:10.1177/08920206261441463,BERTopic-METADATA-MULTILINGUAL,metadata,9,1.0,1.0,1.0,7,1.3806631669812574e-307,1.0,0.0,False,False,2026,en,Who qualifies for vacant principal positions in Sweden? Enabling trajectories to principalship,10.1177/08920206261441463,OpenAlex,metadata,9,9,False,9,,,,False,included,1.000259,0.627156,0.351824,1.0,9,0.813865,22,0.753785,0.06008,0.186135
doi:10.2991/assehr.k.210716.054,doi:10.2991/assehr.k.210716.054,BERTopic-METADATA-MULTILINGUAL,metadata,9,1.0,1.0,1.0,7,1.541227065335163e-307,1.0,0.0,False,False,2021,en,The Strategy of School Principal in Improving the Teachers Performance,10.2991/assehr.k.210716.054,OpenAlex,metadata,9,9,False,9,,,,False,included,1.019486,0.653504,0.183993,1.0,9,0.931224,7,0.884835,0.046389,0.068776
doi:10.55534/1320-010-001-006,doi:10.55534/1320-010-001-006,BERTopic-METADATA-MULTILINGUAL,metadata,9,1.0,1.0,1.0,7,1.4339862571591888e-307,1.0,0.0,False,False,2023,en,School Principals At Red Sea Governorate As Perceived By Teachers,10.55534/1320-010-001-006,OpenAlex,metadata,9,9,False,9,,,,False,included,1.032747,0.689655,0.198935,1.0,9,0.844597,22,0.80144,0.043157,0.155403
doi:10.15700/saje.v42n2a2018,doi:10.15700/saje.v42n2a2018,BERTopic-METADATA-MULTILINGUAL,metadata,9,0.841223216656418,0.841223,0.3638986929085983,7,0.04806157063569266,0.3158371222729056,0.158777,False,False,2022,en,Construction of self as a principal: Meanings gleaned from narratives of novice school principals,10.15700/saje.v42n2a2018,OpenAlex,metadata,9,9,False,9,,,,False,included,1.023168,0.675287,0.234577,0.8,9,0.856833,22,0.844232,0.012602,0.143167
doi:10.62754/joe.v3i8.4971,doi:10.62754/joe.v3i8.4971,BERTopic-METADATA-MULTILINGUAL,metadata,9,0.7037321949196348,0.703732,0.13690312381146394,7,0.09772222635608124,0.039180897455382696,0.296268,False,True,2024,en,The Visionary Leadership of the School Principal for Improving the Quality of Education,10.62754/joe.v3i8.4971,OpenAlex,metadata,9,9,False,9,,,,False,included,1.117821,0.307573,0.417521,0.6,12,0.887484,9,0.880094,0.007391,0.119906
doi:10.5040/9798216402312.ch1,doi:10.5040/9798216402312.ch1,BERTopic-METADATA-MULTILINGUAL,metadata,9,1.0,1.0,1.0,7,1.3388070478013816e-307,1.0,0.0,False,False,2021,en,School Principals Matter,10.5040/9798216402312.ch1,OpenAlex,metadata,9,9,False,9,,,,False,included,1.076819,0.717183,0.1529,1.0,9,0.938316,12,0.88146,0.056856,0.061684
doi:10.1080/13603124.2020.1770867,doi:10.1080/13603124.2020.1770867,BERTopic-METADATA-MULTILINGUAL,metadata,9,0.7129043009827659,0.712904,0.16779518695724682,7,0.07869033014229888,0.08910485681494794,0.287096,False,True,2020,en,Educating school leaders: engaging in diverse orientations to leadership practice,10.1080/13603124.2020.1770867,OpenAlex,metadata,9,9,False,9,,,,False,included,1.020851,0.420431,0.43689,0.4,9,0.913918,12,0.901608,0.01231,0.086082
record:ba94119f93f14937844ba3e9,record:ba94119f93f14937844ba3e9,BERTopic-METADATA-MULTILINGUAL,metadata,9,0.7486467377864089,0.748647,0.3365071419120366,7,0.037330349826247895,0.29917679208578873,0.251353,False,True,2020,en,Principals' understanding of their readiness to implement the policy on the South African Standard for Principalship,,OpenAlex,metadata,9,9,False,9,,,,False,included,1.034795,0.607399,0.439231,0.7,9,0.862842,22,0.811354,0.051488,0.137159
doi:10.17509/ijposs.v5i2.29094,doi:10.17509/ijposs.v5i2.29094,BERTopic-METADATA-MULTILINGUAL,metadata,9,0.9762227592359819,0.976223,0.5722618928942985,7,0.04841871816857361,0.523843174725725,0.023777,False,False,2020,en,Academic Supervision of School Principals and Teacher Performance: A Literature Review,10.17509/ijposs.v5i2.29094,OpenAlex,metadata,9,9,False,9,,,,False,included,1.038992,0.605683,0.248895,1.0,9,0.923528,7,0.877177,0.046351,0.076473
doi:10.1177/08920206241251404,doi:10.1177/08920206241251404,BERTopic-METADATA-MULTILINGUAL,metadata,9,0.7710722313218967,0.771072,0.16841697380850087,7,0.053473670051727054,0.11494330375677382,0.228928,False,True,2024,en,Are principals really tireless? Conceptualizing the role of sleep in school leadership,10.1177/08920206241251404,OpenAlex,metadata,9,9,False,9,,,,False,included,1.008957,0.548758,0.544225,0.8,9,0.673241,7,0.635599,0.037642,0.326759
record:cbfded978f13664e21dc1e85,record:cbfded978f13664e21dc1e85,BERTopic-METADATA-MULTILINGUAL,metadata,27,1.0,1.0,1.0,10,1.1508721339463203e-307,1.0,0.0,False,False,2022,en,Diversifying the Education Workforce,,OpenAlex,metadata,27,27,False,27,,,,False,included,1.014728,0.81982,0.175012,1.0,27,0.78446,4,0.733673,0.050786,0.21554
doi:10.3389/feduc.2026.1823242,doi:10.3389/feduc.2026.1823242,BERTopic-METADATA-MULTILINGUAL,metadata,27,1.0,1.0,1.0,10,9.174890531662716e-308,1.0,0.0,False,False,2026,en,Editorial: Succession planning in educational leadership: advancing diversity in the principalship and equity-oriented leadership practices,10.3389/feduc.2026.1823242,OpenAlex,metadata,27,27,False,27,,,,False,included,1.009988,0.896556,0.109073,1.0,27,0.829242,2,0.800664,0.028578,0.170758
doi:10.1186/s12909-022-03262-5,doi:10.1186/s12909-022-03262-5,BERTopic-METADATA-MULTILINGUAL,metadata,27,1.0,1.0,1.0,10,9.73516014137313e-308,1.0,0.0,False,False,2022,en,"""I have to do twice as well"" - managing everyday racism in a Swedish medical school",10.1186/s12909-022-03262-5,OpenAlex,metadata,27,27,False,27,,,,False,included,1.008563,0.909123,0.055201,1.0,27,0.748119,23,0.598843,0.149277,0.251881
doi:10.1177/1741143220973670,doi:10.1177/1741143220973670,BERTopic-METADATA-MULTILINGUAL,metadata,27,1.0,1.0,1.0,10,1.0307783380316028e-307,1.0,0.0,False,False,2020,en,Colour-blind educational leadership policy: A critical race theory analysis of school principalship standards in South Africa,10.1177/1741143220973670,OpenAlex,metadata,27,27,False,27,,,,False,included,1.016867,0.908822,0.04327,1.0,27,0.902558,4,0.758928,0.14363,0.097442
doi:10.1177/17411432211022770,doi:10.1177/17411432211022770,BERTopic-METADATA-MULTILINGUAL,metadata,27,1.0,1.0,1.0,10,1.0162004681982075e-307,1.0,0.0,False,False,2021,en,"Race and educational leadership: The influence of research methods and critical theorising in understanding representation, roles and ethnic disparities",10.1177/17411432211022770,OpenAlex,metadata,27,27,False,27,,,,False,included,1.015168,0.912096,0.034413,1.0,27,0.913291,23,0.778052,0.135238,0.086709
doi:10.1080/10665684.2023.2200207,doi:10.1080/10665684.2023.2200207,BERTopic-METADATA-MULTILINGUAL,metadata,27,1.0,1.0,1.0,10,8.95079336098933e-308,1.0,0.0,False,False,2023,en,"On Being Ed Emcees: Toward Hip-Hop Educational Leadership Theory, Research, and Praxis",10.1080/10665684.2023.2200207,OpenAlex,metadata,27,27,False,27,,,,False,included,1.022048,0.875898,0.147645,1.0,27,0.723788,2,0.700851,0.022937,0.276212
record:eab76bb60852e78efbe8ce4d,record:eab76bb60852e78efbe8ce4d,BERTopic-METADATA-MULTILINGUAL,metadata,27,1.0,1.0,1.0,10,9.46032122366921e-308,1.0,0.0,False,False,2025,en,Toward a praxis of anti-racist school leadership preparation.,,OpenAlex,metadata,27,27,False,27,,,,False,included,1.013926,0.906683,0.078066,1.0,27,0.896268,12,0.768428,0.127839,0.103732
doi:10.1080/10714413.2025.2577566,doi:10.1080/10714413.2025.2577566,BERTopic-METADATA-MULTILINGUAL,metadata,27,1.0,1.0,1.0,10,1.0346719040888064e-307,1.0,0.0,False,False,2025,en,Beyond the white savior: Reflective lifeguarding and black educational leadership in systemic reform,10.1080/10714413.2025.2577566,OpenAlex,metadata,27,27,False,27,,,,False,included,0.665283,0.899021,0.065014,1.0,27,0.893955,12,0.716103,0.177852,0.106045
doi:10.1108/978-1-80592-871-320261003,doi:10.1108/978-1-80592-871-320261003,BERTopic-METADATA-MULTILINGUAL,metadata,27,1.0,1.0,1.0,10,1.0307325518843997e-307,1.0,0.0,False,False,2026,en,Fighting Ghosts and Making Moves: A Journey of Leadership for Belonging,10.1108/978-1-80592-871-320261003,OpenAlex,metadata,27,27,False,27,,,,False,included,1.012638,0.908596,0.043889,1.0,27,0.765589,12,0.682152,0.083437,0.234411
doi:10.1080/09518398.2023.2233919,doi:10.1080/09518398.2023.2233919,BERTopic-METADATA-MULTILINGUAL,metadata,27,1.0,1.0,1.0,10,8.528202572851014e-308,1.0,0.0,False,False,2023,en,Ignited fire: learning from black youth activists to cultivate justice-driven educational leadership,10.1080/09518398.2023.2233919,OpenAlex,metadata,27,27,False,27,,,,False,included,1.011455,0.82814,0.23063,1.0,27,0.846667,4,0.749484,0.097183,0.153333
doi:10.64093/sijis.v1i2.598,doi:10.64093/sijis.v1i2.598,BERTopic-METADATA-MULTILINGUAL,metadata,25,1.0,1.0,1.0,24,2.8823719191566012e-307,1.0,0.0,False,False,2024,en,Model of Islamic Educational Leadership Based on Prophetic Leadership Values: A Literature Review,10.64093/sijis.v1i2.598,OpenAlex,metadata,25,25,False,25,,,,False,included,0.668556,0.6817,0.227426,1.0,25,0.900297,24,0.801101,0.099196,0.099703
doi:10.31538/nzh.v6i3.4065,doi:10.31538/nzh.v6i3.4065,BERTopic-METADATA-MULTILINGUAL,metadata,25,1.0,1.0,1.0,24,4.324944811000719e-307,1.0,0.0,False,False,2023,en,Islamic Boarding School Leadership and Work Environment on Teacher Performance,10.31538/nzh.v6i3.4065,OpenAlex,metadata,25,25,False,25,,,,False,included,1.030153,0.542787,0.226514,1.0,25,0.899988,24,0.865714,0.034273,0.100012
doi:10.24818/rmci.2021.1.74,doi:10.24818/rmci.2021.1.74,BERTopic-METADATA-MULTILINGUAL,metadata,25,1.0,1.0,1.0,24,1.991472423233282e-307,1.0,0.0,False,False,2021,en,Educational Leadership and ICT Implementation in Israeli Arab Sector - towards a Model of Hybrid Leadership,10.24818/rmci.2021.1.74,OpenAlex,metadata,25,25,False,25,,,,False,included,1.026373,0.676281,0.209372,0.9,25,0.826379,13,0.770473,0.055906,0.173621
doi:10.31436/ijes.v10i2.430,doi:10.31436/ijes.v10i2.430,BERTopic-METADATA-MULTILINGUAL,metadata,25,0.8371521343449086,0.837152,0.5226849430237668,24,0.038036460002016624,0.4846484830217502,0.162848,False,False,2022,en,Leadership Practices among Islamic Private Secondary School Principals in Southern Thailand: Validating a Model of Strategic Educational Leadership,10.31436/ijes.v10i2.430,OpenAlex,metadata,25,25,False,25,,,,False,included,1.048966,0.326547,0.640464,0.8,25,0.864979,7,0.816951,0.048028,0.135021
doi:10.24191/ajue.v16i1.8987,doi:10.24191/ajue.v16i1.8987,BERTopic-METADATA-MULTILINGUAL,metadata,25,1.0,1.0,1.0,24,1.9539194101162013e-307,1.0,0.0,False,False,2020,en,"Unfolding of Filipino School Leadership Experiences in Doha, Qatar",10.24191/ajue.v16i1.8987,OpenAlex,metadata,25,25,False,25,,,,False,included,1.01722,0.647113,0.321816,1.0,25,0.795306,19,0.738096,0.057211,0.204694
doi:10.24815/jr.v8i3.48020,doi:10.24815/jr.v8i3.48020,BERTopic-METADATA-MULTILINGUAL,metadata,25,1.0,1.0,1.0,24,2.8116526140592837e-307,1.0,0.0,False,False,2025,en,Designing Change in Organizations: A Systematic Literature Review of Intuition-Based Transformational Leadership in Islamic School Management,10.24815/jr.v8i3.48020,OpenAlex,metadata,25,25,False,25,,,,False,included,1.021618,0.703522,0.174382,1.0,25,0.852059,13,0.791121,0.060938,0.147941
doi:10.70376/jerp.v2i3.175,doi:10.70376/jerp.v2i3.175,BERTopic-METADATA-MULTILINGUAL,metadata,25,1.0,1.0,1.0,24,3.1776981502434348e-307,1.0,0.0,False,False,2024,en,Educational Leadership as the Primary Force in Attracting Islamic Education Customers,10.70376/jerp.v2i3.175,OpenAlex,metadata,25,25,False,25,,,,False,included,0.67563,0.671241,0.223741,1.0,25,0.910915,24,0.831676,0.079239,0.089085
doi:10.4324/9781003360070-17,doi:10.4324/9781003360070-17,BERTopic-METADATA-MULTILINGUAL,metadata,25,1.0,1.0,1.0,24,3.0282273551349912e-307,1.0,0.0,False,False,2023,en,Islamic humanocracy and educational leadership,10.4324/9781003360070-17,OpenAlex,metadata,25,25,False,25,,,,False,included,1.015386,0.684142,0.21942,1.0,25,0.893699,24,0.79745,0.096249,0.106301
doi:10.21070/ups.2934,doi:10.21070/ups.2934,BERTopic-METADATA-MULTILINGUAL,metadata,25,1.0,1.0,1.0,24,3.756238190817949e-307,1.0,0.0,False,False,2023,en,Job Satisfaction of Integrated Islamic School Principals,10.21070/ups.2934,OpenAlex,metadata,25,25,False,25,,,,False,included,1.051656,0.61614,0.181169,1.0,25,0.808681,24,0.780262,0.028419,0.191319
record:08237b9fc2dedbfcdcc18bfa,record:08237b9fc2dedbfcdcc18bfa,BERTopic-METADATA-MULTILINGUAL,metadata,25,1.0,1.0,1.0,24,2.490611234742243e-307,1.0,0.0,False,False,2023,es,Analyzing Siyasetname in the context of educational leadership,,OpenAlex,metadata,25,25,False,25,,,,False,included,0.652413,0.693313,0.195151,1.0,25,0.775529,2,0.70831,0.067219,0.224471
